pool_rank,code,name,bottom_percentile,range_60d_pct,mean_abs_return_20d_pct,mean_turnover_20d_pct,recent_volume_ratio,event_volume_ratio,outstanding_share,event_open,event_high,event_low,event_close,event_volume,event_amount,previous_close,event_gain_pct,limit_up_rate_pct,limit_up_price,hit_limit_up,is_st,passes_dormant_filter,dormancy_score
1,601568.SH,北元化工,0.013793103448275872,25.51928783382791,1.6419409820252944,0.43941276609704055,0.6430525375510456,0.9109482446041107,3972222224.000001,3.39,3.43,3.37,3.39,15900102.0,53970941.0,3.39,0.0,10.0,3.73,False,False,True,93.24471181835824
2,688425.SH,铁建重工,0.030878859857482153,28.051948051948038,1.3356783136748307,0.33246734553332946,0.8192917943902921,1.038455779035621,5333497000.0,3.97,4.01,3.94,3.99,18414039.0,74508238.0,3.98,0.2512562814070307,20.0,4.78,False,False,True,91.55637492722686
3,600551.SH,时代出版,0.04812834224598946,26.38036809815951,1.0186003804959425,0.585719300076076,0.799313132171037,0.8462393708936804,678055239.0,6.71,6.71,6.55,6.58,3360840.0,22176486.0,6.7,-1.7910447761193993,10.0,7.37,False,False,True,90.75684067533476
4,600528.SH,中铁工业,0.05152671755725199,24.42040185471408,1.3649295627818716,0.551314559434841,0.7782139238914224,0.9222036427814155,2221551588.0,6.74,6.74,6.59,6.62,11294908.0,76072082.0,6.74,-1.7804154302670683,10.0,7.41,False,False,True,90.46962934213079
5,002302.SZ,西部建设,0.02195121951219509,37.88235294117648,1.0259385790758184,0.5205006177093,0.665825179192483,0.7511686272130803,1262354304.0,4.32,4.36,4.26,4.32,4935600.0,21204080.0,4.34,-0.4608294930875445,10.0,4.77,False,False,True,90.11449640985833
6,601186.SH,中国铁建,0.07638888888888912,18.79432624113475,1.1942739713122694,0.40984524541356154,0.8329145941045436,0.6536530081375361,11503245500.0,5.84,5.85,5.79,5.82,30816801.0,187789295.0,5.86,-0.6825938566552892,10.0,6.45,False,False,True,89.92043469823405
7,600210.SH,紫江企业,0.055813953488371745,21.291448516579404,0.9858239299966491,0.9499143225409892,0.76491998617296,0.9238674835820361,1516736158.0,5.84,5.86,5.77,5.81,13310800.0,81694989.0,5.85,-0.6837606837606813,10.0,6.44,False,False,True,89.85639433339801
8,688009.SH,中国通号,0.07006369426751612,16.30434782608696,1.0191208190063281,0.42318410424383296,0.91195335333812,0.7577393133699376,8621018000.0,4.71,4.74,4.65,4.74,27644435.0,133922536.0,4.71,0.6369426751592355,20.0,5.65,False,False,True,89.75160100912089
9,002204.SZ,大连重工,0.009933774834437166,33.984375,1.409731042512868,1.075682106783352,0.7178671837329709,1.032581711530167,1931370032.0,5.13,5.17,5.0,5.12,21452300.0,108907084.0,5.15,-0.5825242718446644,10.0,5.67,False,False,True,89.58858917135649
10,600221.SH,海航控股,0.016949152542372902,23.134328358208943,1.2201277132006465,0.9176214532951794,1.0632396948840004,0.8096308730744051,42845514933.0,1.33,1.34,1.31,1.32,318314180.0,421007898.0,1.35,-2.2222222222222254,10.0,1.49,False,False,True,89.42363671647583
11,600373.SH,中文传媒,0.036259541984732906,29.051987767584087,1.1363793460683709,0.6713295481334934,0.9046901733102704,1.0614697013577519,1347358719.0,6.7,6.77,6.62,6.67,9601224.0,64194027.0,6.73,-0.8915304606240793,10.0,7.4,False,False,True,89.38676499126723
12,600820.SH,隧道股份,0.08914728682170558,20.399999999999995,0.9521685850966766,0.5504343039332006,0.7948765887488263,0.8324996115766935,3144096094.0,5.22,5.24,5.16,5.21,14407391.0,77190402.0,5.23,-0.3824091778202754,10.0,5.75,False,False,True,89.25868426159518
13,000544.SZ,中原环保,0.11206896551724127,19.82633863965266,0.9775427246121449,0.38205497223425244,0.7342926733127384,1.0883013997508562,974684488.0,7.16,7.17,7.04,7.08,4052650.0,28700634.0,7.17,-1.2552301255230103,10.0,7.89,False,False,True,89.22375315350281
14,000898.SZ,鞍钢股份,0.052173913043478105,31.318681318681318,1.185162474575543,0.44967240677487985,0.7939137135394215,0.8128822184512784,7957508008.0,1.87,1.89,1.84,1.86,29087050.0,54088128.0,1.88,-1.0638297872340274,10.0,2.07,False,False,True,89.18494081117795
15,001213.SZ,中铁特货,0.0915492957746478,22.96072507552871,1.150979862009372,0.22581486902257752,0.8035267305585811,0.6869617717688908,4444444444.0,3.45,3.46,3.39,3.4,6894497.0,23608211.0,3.44,-1.1627906976744207,10.0,3.78,False,False,True,89.11701921210945
16,000877.SZ,天山股份,0.01578947368421054,37.98882681564246,1.2844366096740534,0.18997642893029,0.8802084747525918,0.76703465632962,7110490194.0,3.63,3.66,3.56,3.62,10361300.0,37256393.0,3.64,-0.5494505494505475,10.0,4.0,False,False,True,88.9753541626237
17,600628.SH,新世界,0.04086538461538459,30.270270270270274,1.3270017296087893,1.0073719391987206,0.6598545815804179,0.9163666038506817,646875384.0,5.71,5.78,5.61,5.67,5971449.0,34117349.0,5.72,-0.8741258741258751,10.0,6.29,False,False,True,88.91519503202018
18,000885.SZ,城发环境,0.11965811965811965,17.4457429048414,1.2058927461332973,0.5747547314150941,0.680115580251009,0.9856897611073497,642078255.0,12.32,12.44,12.15,12.27,3637565.0,44565901.0,12.4,-1.0483870967741948,10.0,13.64,False,False,True,88.70754900058219
19,600894.SH,广日股份,0.021875000000000082,31.428571428571427,1.6719183873239896,0.631551109845711,0.8092765713308699,0.6089070679250519,843144445.0,7.42,7.48,7.33,7.46,3242362.0,24024177.0,7.42,0.5390835579514919,10.0,8.16,False,False,True,88.60275567630507
20,600569.SH,安阳钢铁,0.03252032520325188,37.65432098765431,1.3713763388836628,0.570117616788969,0.6044926364353665,0.8216022730843948,2872421386.0,1.66,1.68,1.62,1.64,13454707.0,22130354.0,1.66,-1.2048192771084376,10.0,1.83,False,False,True,88.53871531146905
21,601188.SH,龙江交通,0.07017543859649128,27.715355805243448,1.3652801113075446,0.7941702279672924,0.6312329119087702,0.8961429979902684,1305469915.0,2.74,2.77,2.7,2.72,9290900.0,25783027.0,2.75,-1.0909090909090868,10.0,3.03,False,False,True,88.46885309528429
22,000156.SZ,华数传媒,0.06575342465753431,23.491027732463298,1.5388605336516226,0.5937528902294036,0.7923733650039974,0.9880252248322874,1699875877.0,6.35,6.48,6.23,6.29,9972200.0,64787049.0,6.37,-1.2558869701726816,10.0,7.01,False,False,True,88.37958470793713
23,300230.SZ,永利股份,0.014598540145985738,22.41379310344829,1.6106340141599365,1.5599324834535582,0.7308995434781865,0.8521312495160528,629822499.0,4.08,4.09,3.98,4.05,8372024.0,33742716.0,4.08,-0.7352941176470673,20.0,4.9,False,False,True,88.37764409082088
24,000652.SZ,泰达股份,0.030120481927711003,37.423312883435614,1.200943894899935,0.7599123986890642,0.7005248208657677,0.870485631431327,1458222470.0,3.32,3.36,3.26,3.28,9646037.0,31799879.0,3.31,-0.9063444108761365,10.0,3.64,False,False,True,88.22239472152144
25,601228.SH,广州港,0.12371134020618565,23.104693140794218,1.0135972188724793,0.28550793678052006,0.7779307928344402,0.8038343294273501,7544531351.0,2.89,2.91,2.87,2.89,17314781.0,50608745.0,2.89,0.0,10.0,3.18,False,False,True,87.99340190180477
26,600897.SH,厦门空港,0.07221542227662175,23.57664233576642,1.3278166210591063,0.6226612725275403,0.8820264561742426,0.6252603558228828,416934000.0,14.29,14.31,14.03,14.16,1623230.0,23565264.0,14.29,-0.9097270818754333,10.0,15.72,False,False,True,87.98369881622357
27,600020.SH,中原高速,0.10236220472440936,13.920454545454541,1.2064741323394474,0.5412830234316065,0.89006038540419,0.8166216347900476,2247371832.0,3.66,3.67,3.6,3.62,9933910.0,37233451.0,3.65,-0.8219178082191747,10.0,4.02,False,False,True,87.93906462254998
28,600168.SH,武汉控股,0.09608540925266905,29.77099236641221,1.2466761325241478,0.49927906054700044,0.6402804281354251,0.8691917733687455,993397569.0,4.18,4.21,4.12,4.14,4311040.0,17891619.0,4.2,-1.4285714285714457,10.0,4.62,False,False,True,87.8187463613429
29,601992.SH,金隅集团,0.048543689320388404,37.00787401574803,1.18089884809356,0.6184249436758665,0.6344570712945873,0.7107845358285143,8334158264.0,1.33,1.34,1.3,1.32,36634200.0,50062390.0,1.32,0.0,10.0,1.45,False,False,True,87.76537939064622
30,600814.SH,杭州解百,0.06445312500000003,31.756756756756754,1.477763516599682,0.6545257082835055,0.5919605556355974,0.8883709577063759,735078598.0,6.24,6.27,6.1,6.16,4274200.0,26637841.0,6.25,-1.4399999999999968,10.0,6.88,False,False,True,87.7644090820881
31,002282.SZ,博深股份,0.05533596837944684,25.181159420289866,1.4344597930416287,0.9678705127626089,0.8051112590719088,0.8168058708869506,483311104.0,5.63,5.69,5.51,5.61,3943800.0,21994204.0,5.66,-0.8833922261484051,10.0,6.23,False,False,True,87.70036871725208
32,600425.SH,青松建化,0.08839779005524845,28.6624203821656,1.1606994651122684,0.8280203810858354,0.6142012424711109,0.6935585262552448,1604703707.0,3.3,3.3,3.22,3.27,9215502.0,30020773.0,3.3,-0.9090909090909038,10.0,3.63,False,False,True,87.6693188433922
33,600022.SH,山东钢铁,0.09677419354838716,28.099173553719027,0.8583898405404676,0.7251405285065795,0.7055344311608274,0.9268215104279071,10698849554.0,1.27,1.28,1.25,1.26,71904383.0,90881590.0,1.27,-0.7874015748031482,10.0,1.4,False,False,True,87.57422860469629
34,000789.SZ,万年青,0.050314465408805076,35.924932975871315,1.4086107642501122,0.49060626711099353,0.6802153369668226,0.7307064345014321,797420215.0,3.88,3.92,3.8,3.84,2858665.0,11003341.0,3.89,-1.285347043701801,10.0,4.28,False,False,True,87.57422860469627
35,600117.SH,西宁特钢,0.034591194968553424,33.00000000000001,1.4785165463901637,0.515972919170018,0.8986574589228525,0.7374043510429273,3255114857.0,2.1,2.12,2.05,2.11,12385083.0,25791940.0,2.11,0.0,10.0,2.32,False,False,True,87.56258490199883
36,600000.SH,浦发银行,0.0866425992779784,19.72872996300865,1.2465407633306842,0.22214522896425154,0.9803589317743487,0.6626774003466803,33305838300.0,8.57,8.6,8.47,8.57,49029732.0,438686946.0,8.59,-0.2328288707799664,10.0,9.45,False,False,True,87.5567630506501
37,002116.SZ,中国海诚,0.08361204013377926,31.818181818181813,1.3085770761813524,0.5819624689638614,0.5925522219256659,1.492712605084439,552152964.0,6.84,6.88,6.6,6.63,4458994.0,29830453.0,6.85,-3.211678832116782,10.0,7.54,False,False,True,87.51212885697652
38,600307.SH,酒钢宏兴,0.017391304347825914,39.70588235294117,1.3525097265469692,0.868578946836736,0.6633530186747405,0.7959607857026902,6263357424.0,1.38,1.4,1.36,1.38,43302021.0,59682199.0,1.38,0.0,10.0,1.52,False,False,True,87.4791383660004
39,600834.SH,申通地铁,0.07849829351535821,31.43297380585515,1.3422875347902914,0.432957780416913,0.7549215990649598,0.7158131159306661,477381905.0,6.72,6.75,6.59,6.67,1479487.0,9832993.0,6.72,-0.7440476190476164,10.0,7.39,False,False,True,87.38210751018823
40,000507.SZ,珠海港,0.09848484848484838,19.56043956043958,1.437889640555174,0.9417402167089601,0.6017627075627776,0.8471436747628937,902354455.0,4.7,4.7,4.6,4.63,7198887.0,33377280.0,4.68,-1.0683760683760646,10.0,5.15,False,False,True,87.36464195614204
41,600033.SH,福建高速,0.11176470588235293,17.14285714285715,1.4178715870121532,0.7711180494825786,0.7355193063461266,0.9817005276593673,2744400000.0,3.32,3.36,3.29,3.31,20775300.0,70417082.0,3.34,-0.8982035928143617,10.0,3.67,False,False,True,87.25014554628372
42,600050.SH,中国联通,0.08743169398907089,28.498727735368945,0.9475691469210712,0.485078914294672,0.8716769123786863,1.1215186260093788,30990409152.0,4.07,4.15,4.04,4.1,168595585.0,687333017.0,4.09,0.24449877750609694,10.0,4.5,False,False,True,87.20163011837764
43,600649.SH,城投控股,0.08403361344537805,33.33333333333335,1.0718107767413643,0.679598475970596,0.5498735557763953,1.0604627351900848,2504500768.0,3.51,3.55,3.44,3.47,18049658.0,63155720.0,3.53,-1.6997167138810054,10.0,3.88,False,False,True,87.19774888414517
44,301223.SZ,中荣股份,0.0656303972366147,30.86014445173999,1.2105774531379905,0.7043024827735561,0.8285895208144555,0.9073673017144069,193127560.0,15.61,16.05,15.39,16.04,1234203.0,19377391.0,15.61,2.754644458680322,20.0,18.73,False,False,True,87.1414709877741
45,688459.SH,哈铁科技,0.12154696132596696,22.04928664072634,1.282876425239074,0.29400317708333,0.8425691334175774,0.438727543512586,480000000.0,8.18,8.18,8.01,8.09,619139.0,4993146.0,8.15,-0.7361963190184118,20.0,9.78,False,False,True,87.09877741121677
46,601005.SH,重庆钢铁,0.05970149253731316,27.67857142857142,1.1619351891119378,1.0149128599741875,0.8549038376677642,0.480173532510202,8313636567.000001,1.16,1.17,1.15,1.16,40515202.0,46914113.0,1.16,0.0,10.0,1.28,False,False,True,87.04249951484572
47,002945.SZ,华林证券,0.0012345679012345416,25.249424405218733,2.3663437862444314,0.46461379444443957,0.8608642245951561,0.8028110993930287,2700000000.0,13.03,13.26,12.82,13.24,10070922.0,132058149.0,13.04,1.533742331288357,10.0,14.34,False,False,True,87.03085581214826
48,000965.SZ,天保基建,0.040609137055837595,31.141868512110715,1.5529438086891678,1.163703714519494,0.557191111064709,0.7034937788747038,1109830895.0,2.96,3.0,2.92,2.96,9085723.0,26837547.0,2.97,-0.33670033670034627,10.0,3.27,False,False,True,86.97263729866097
49,600905.SH,三峡能源,0.07920792079207926,21.32963988919667,1.0249706304216963,0.5574878468792155,1.028560777528039,0.5702034107004175,28587650142.0,3.68,3.69,3.63,3.64,90874843.0,335174544.0,3.69,-1.3550135501354976,10.0,4.06,False,False,True,86.94740927614981
50,603299.SH,苏盐井神,0.08785529715762268,32.90697674418605,1.2065710002550503,0.6500978216464655,0.6091604443678766,0.7957085672940355,780506184.0000001,8.9,9.0,8.85,8.91,4037468.0,35979767.0,8.94,-0.3355704697986517,10.0,9.83,False,False,True,86.85620027168639
51,001227.SZ,兰州银行,0.09523809523809496,12.060301507537696,0.8952348097592567,1.079001413181091,0.850648145003107,1.1130292710615082,4216829430.000001,2.04,2.05,2.01,2.02,50647893.0,102908083.0,2.05,-1.4634146341463317,10.0,2.26,False,False,True,86.8426159518727
52,000516.SZ,国际医学,0.0337552742616034,25.130890052356026,1.7388852208395122,1.0811549632384283,0.7880147044214786,1.509966768485326,2204748361.0,3.92,4.04,3.86,4.03,35993527.0,142317844.0,3.9,3.3333333333333437,10.0,4.29,False,False,True,86.8426159518727
53,600125.SH,铁龙物流,0.1111111111111113,25.896414342629505,1.4408265027449216,0.7759673584756754,0.571401474706925,0.7726132992109037,1305521874.0,5.25,5.27,5.19,5.23,7826900.0,40855060.0,5.25,-0.3809523809523707,10.0,5.78,False,False,True,86.7164758393169
54,600009.SH,上海机场,0.048440065681444995,24.15679124886052,1.3742775946366599,0.6141913241994165,1.10807747575951,0.9364221260282878,2046279515.0,22.43,22.51,22.09,22.21,11769020.0,264642888.0,22.53,-1.420328450954289,10.0,24.78,False,False,True,86.67766349699204
55,601880.SH,辽港股份,0.07017543859649131,27.819548872180434,1.4269851710851058,0.5757937398196554,0.8968174008087118,0.6291938158683027,18413051214.0,1.38,1.39,1.36,1.36,66707881.0,93543061.0,1.37,-0.7299270072992692,10.0,1.51,False,False,True,86.6621385600621
56,600059.SH,古越龙山,0.09876543209876552,24.687933425797514,1.2717668640448847,0.758480757603536,0.8181320735873179,1.2436443372744235,911542413.0,7.6,7.64,7.4,7.42,8598400.0,64454484.0,7.61,-2.4967148488830526,10.0,8.37,False,False,True,86.65631670871336
57,601528.SH,瑞丰银行,0.1476510067114098,17.633410672853845,1.184557630463464,0.6875957510228176,0.7801044491274487,1.1142110263580705,1855770886.0,4.52,4.56,4.47,4.48,13726916.0,63215965.0,4.53,-1.103752759381893,10.0,4.98,False,False,True,86.59421696099359
58,600639.SH,浦东金桥,0.16129032258064527,27.912341407151086,1.2055552224595998,0.385263414110689,0.4990356738076541,0.8661753170007322,850236703.0,9.09,9.09,8.91,8.92,2837288.0,26569020.0,9.07,-1.6538037486218293,10.0,9.98,False,False,True,86.58451387541238
59,000726.SZ,鲁  泰Ａ,0.11693548387096774,29.588014981273414,1.2046004895487756,0.7425202428316725,0.5646910410436409,0.9239441821432497,589288850.0,5.64,5.68,5.5,5.58,4042800.0,22526228.0,5.63,-0.8880994671403131,10.0,6.19,False,False,True,86.51077042499514
60,601006.SH,大秦铁路,0.1542056074766355,22.779043280182233,1.143260269921358,0.49516626026867344,0.7752437243658675,0.8642119616164364,19862892778.0,4.71,4.72,4.64,4.67,84999000.0,408692872.0,4.72,-1.0593220338983023,10.0,5.19,False,False,True,86.50106733941394
61,600035.SH,楚天高速,0.17894736842105252,13.213213213213205,0.985867908697902,0.50026219199483,0.8126295024682906,0.7609866369015618,1610115901.0,3.51,3.51,3.46,3.47,6129596.0,21299846.0,3.5,-0.8571428571428563,10.0,3.85,False,False,True,86.47001746555404
62,300729.SZ,乐歌股份,0.049689440993788865,36.63157894736842,1.1454202115997363,0.753207417414995,0.7856176184265531,1.3905860521732587,328084465.0,9.82,9.88,9.47,9.63,3441820.0,33066326.0,9.82,-1.9348268839103788,20.0,11.78,False,False,True,86.36134290704445
63,301311.SZ,昆船智能,0.014406779661016944,36.32781717888103,1.7805077124411444,0.8193394374999975,0.7519022633756657,0.8462609856980063,240000000.0,12.82,12.96,12.49,12.71,1664100.0,21078309.0,12.86,-1.1664074650077683,20.0,15.43,False,False,True,86.32253056471959
64,300770.SZ,新媒股份,0.06680369989722512,30.4642166344294,1.3300646128919167,0.8582147525657705,0.8238397018689019,0.9593803526376223,227838591.0,32.29,32.48,31.66,31.71,1875919.0,59964436.0,32.32,-1.8873762376237613,20.0,38.78,False,False,True,86.24490588006987
65,600917.SH,重庆燃气,0.16080402010050263,29.147982062780265,1.274228195656958,0.2390491642570274,0.5309200070056097,1.0374224288033251,1561039760.0,4.8,4.8,4.7,4.75,3871300.0,18352132.0,4.78,-0.6276150627615107,10.0,5.26,False,False,True,86.19444983504754
66,300847.SZ,中船汉光,0.0571705426356589,31.599999999999984,1.5778438973102207,0.880435390696256,0.674314973770513,0.8171164749835852,296010000.0,12.92,13.1,12.76,13.1,2129550.0,27546837.0,13.09,0.07639419404124048,20.0,15.71,False,False,True,86.18668736658256
67,000709.SZ,河钢股份,0.07594936708860765,29.78723404255319,1.2524214699566998,0.838369511668125,0.8309672076741336,0.9364494702405005,10335412398.0,1.93,1.95,1.88,1.9,81142360.0,158390384.0,1.94,-2.0618556701030966,10.0,2.13,False,False,True,86.17310304676887
68,600824.SH,益民集团,0.08796296296296295,29.46708463949843,1.4053319754004145,0.7536863381876291,0.7590535682088827,0.8824205407209984,1054027073.0,3.36,3.42,3.32,3.38,7010000.0,23751203.0,3.38,0.0,10.0,3.72,False,False,True,86.14011255579274
69,601390.SH,中国中铁,0.04347826086956545,29.629629629629626,1.675917971550789,0.6982355031946651,0.8854386321533894,0.6971597266183054,20323920329.0,4.14,4.15,4.09,4.13,99239289.0,416379953.0,4.15,-0.48192771084338837,10.0,4.57,False,False,True,86.06054725402679
70,605259.SH,绿田机械,0.07359999999999985,25.492468134414814,1.4971891919659768,0.9041612940630744,0.839730661124094,0.8614313816746345,172480000.0,18.2,18.22,17.68,17.75,1343400.0,23922158.0,18.18,-2.3652365236523587,10.0,20.0,False,False,True,85.98680380360955
71,002304.SZ,洋河股份,0.03142536475869802,32.138042599083285,1.3390382450076372,0.4756540242633394,1.1612688550446726,0.641083293357677,1506409974.0,38.0,38.17,37.51,37.64,4593553.0,173207837.0,38.21,-1.49175608479456,10.0,42.03,False,False,True,85.98486318649331
72,600827.SH,百联股份,0.10238907849829347,18.646408839778992,1.5278339913035055,0.6161460402578295,0.8909548355529724,1.0567281274778553,1604449920.0,7.58,7.6,7.39,7.47,10446555.0,78422673.0,7.54,-0.9283819628647216,10.0,8.29,False,False,True,85.94216960993596
73,300797.SZ,钢研纳克,0.003337041156840863,27.703235990528796,1.906812819833167,0.9616099814351439,1.018304870481929,1.1148880339970257,381694384.0,12.81,12.83,12.15,12.49,4062850.0,50984040.0,12.7,-1.6535433070866024,20.0,15.24,False,False,True,85.9208228216573
74,000631.SZ,顺发恒能,0.0,29.53736654804271,2.1448039156250918,0.9127188945299486,0.8729107446160408,0.46483265776660937,2300000085.0,2.81,2.85,2.74,2.83,9758016.0,27231230.0,2.81,0.7117437722419906,10.0,3.09,False,False,True,85.92082282165728
75,600874.SH,创业环保,0.18543046357615914,21.626984126984116,1.2025422325795687,0.6491196486273975,0.6562493673228323,0.8095271879787986,1230418085.0,5.32,5.32,5.21,5.28,6465601.0,35306415.0,5.32,-0.7518796992481258,10.0,5.85,False,False,True,85.87036677663498
76,601098.SH,中南传媒,0.15577889447236204,21.420882669537143,1.203486137627543,0.43782199610244554,0.851581365843806,0.8854189726770678,1796000000.0,9.84,9.93,9.78,9.82,6962300.0,71853870.0,9.91,-0.908173562058523,10.0,10.9,False,False,True,85.87036677663497
77,603788.SH,宁波高发,0.04008908685968815,33.482475764354945,1.487154155213436,0.8436508310660226,0.8812823358621336,0.9835961214104775,223065068.0,13.59,13.68,13.15,13.38,1851020.0,24676293.0,13.59,-1.5452538631346546,10.0,14.95,False,False,True,85.85872307393751
78,002480.SZ,新筑股份,0.017857142857142794,38.000000000000014,1.4689576914376747,1.208198719631828,0.7323278544185349,0.6744029889431779,767487470.9999999,5.06,5.15,5.02,5.09,6254400.0,31694227.0,5.05,0.7920792079207928,10.0,5.56,False,False,True,85.84125751989134
79,603053.SH,成都燃气,0.18873239436619713,26.80151706700378,1.179109175406974,0.23834452519433902,0.64273664012135,0.9721891458010664,888890000.0,8.65,8.65,8.48,8.52,2059700.0,17623995.0,8.58,-0.6993006993007089,10.0,9.44,False,False,True,85.80438579468272
80,002936.SZ,郑州银行,0.0937500000000001,12.804878048780498,1.1311271805064878,1.0210912373115606,0.9572382326595388,1.2550664096534585,7029435959.0,1.68,1.69,1.66,1.68,90083679.0,151090387.0,1.7,-1.17647058823529,10.0,1.87,False,False,True,85.7810983892878
81,601928.SH,凤凰传媒,0.18707482993197247,16.301703163017024,1.167679565836505,0.277039535934609,0.852991355427767,1.1572143605922243,2544900000.0,8.77,8.81,8.68,8.7,8158800.0,74334879.0,8.77,-0.7981755986317007,10.0,9.65,False,False,True,85.70735493887057
82,603408.SH,建霖家居,0.12959381044487425,25.534188034188034,1.3664486095703356,0.43541077098037145,0.8415007297568053,0.8147144082707495,447573000.0,10.02,10.02,9.74,9.85,1587700.0,15610699.0,10.03,-1.7946161515453585,10.0,11.03,False,False,True,85.70153308752182
83,600170.SH,上海建工,0.05917159763313615,29.107981220657276,1.2452981399381133,1.3485308650771735,0.7587281164881061,0.7222103556997999,8885939744.0,2.22,2.24,2.2,2.22,86542207.0,191656123.0,2.23,-0.4484304932735328,10.0,2.45,False,False,True,85.67048321366195
84,601279.SH,英利汽车,0.01754385964912282,38.095238095238095,1.3765618459577467,0.732579415500378,0.9920434423820604,0.9212937464643305,1585785985.0,3.0,3.02,2.93,2.97,10702800.0,31772796.0,3.0,-0.9999999999999898,10.0,3.3,False,False,True,85.65010673394139
85,600794.SH,保税科技,0.05803571428571444,32.97872340425532,1.4142455499713944,0.8618409123935726,0.8175638335778895,0.9506349762688819,1200152157.0,2.95,2.99,2.9,2.96,9832800.0,28887677.0,2.95,0.3389830508474523,10.0,3.25,False,False,True,85.63361148845334
86,601158.SH,重庆水务,0.2755102040816327,17.06036745406825,1.1206627835303187,0.131181004624538,0.6741385999857608,0.7718771316380046,4800030119.0,4.04,4.08,4.02,4.04,4860300.0,19637156.0,4.08,-0.9803921568627416,10.0,4.49,False,False,True,85.5559868038036
87,600037.SH,歌华有线,0.0469613259668508,34.918032786885256,1.265047488607431,1.0099952845636635,0.8148442859738978,1.1164927578936197,1391777884.0,6.25,6.34,6.15,6.18,15694417.0,97619052.0,6.27,-1.4354066985645897,10.0,6.9,False,False,True,85.53464001552494
88,601686.SH,友发集团,0.13991769547325097,27.17622080679407,1.2999701486527038,0.42755058554259,0.8140074284890233,0.7598437059927248,1479347326.0,5.05,5.05,4.92,4.96,4788706.0,23781343.0,5.05,-1.7821782178217838,10.0,5.56,False,False,True,85.48806520473512
89,601169.SH,北京银行,0.10407239819004505,13.232104121475041,1.0006106326229314,0.6104548179649659,1.1030192669618204,1.0867321186741465,21142984272.0,4.83,4.85,4.79,4.83,140262739.0,716008599.0,4.84,-0.20661157024792765,10.0,5.32,False,False,True,85.4511934795265
90,600016.SH,民生银行,0.08252427184466035,17.704918032786885,1.177159222907847,0.7290651804661814,1.1069587198648128,0.7449402089894778,35462123213.0,3.2,3.21,3.18,3.2,192598326.0,635803672.0,3.22,-0.6211180124223614,10.0,3.54,False,False,True,85.43178730836406
91,601618.SH,中国中冶,0.0684210526315789,25.416666666666664,1.5749322266759365,0.67818929870781,0.9471883030875609,0.8055113216183242,17852619170.0,2.52,2.53,2.48,2.51,97526923.0,243778212.0,2.53,-0.7905138339920903,10.0,2.78,False,False,True,85.39491558315545
92,600755.SH,厦门国贸,0.1895424836601307,18.8785046728972,1.3836868762045562,0.6532727109605295,0.6692122069742292,2.153520865679436,2132158487.0,5.92,6.08,5.85,6.07,29995982.0,179706397.0,5.93,2.360876897133224,10.0,6.52,False,False,True,85.38327188045798
93,603018.SH,XD华设集,0.08365019011406866,24.901185770751,1.3433523545578547,0.9182582962415521,0.9185484368719372,0.8860784862402088,819147727.0,5.26,5.34,5.21,5.24,6059341.0,32071380.0,5.28,-0.7575757575757569,10.0,5.81,False,False,True,85.25519115078595
94,002609.SZ,捷顺科技,0.033398821218074644,24.011299435028242,1.5665109070740042,1.6599647998771834,0.8223081812246748,0.7305590570268151,459573516.0,7.17,7.3,7.08,7.18,5567071.0,39867691.0,7.25,-0.96551724137931,10.0,7.98,False,False,True,85.24160683097224
95,601366.SH,利群股份,0.08695652173913052,30.491803278688522,1.494411505025094,0.8809517051500888,0.7145844225543765,1.1371295195493403,959741113.0,3.34,3.4,3.3,3.33,9614266.0,32127343.0,3.33,0.0,10.0,3.66,False,False,True,85.1717446147875
96,603888.SH,新华网,0.019330855018587344,27.77777777777779,1.5938383941278371,1.519462324235966,0.9134424141897476,0.6057594996914013,674738168.0,15.14,15.44,15.04,15.37,6210484.0,105355155.0,15.2,1.1184210526315796,10.0,16.72,False,False,True,85.15427906074132
97,600795.SH,国电电力,0.17834394904458611,17.078651685393243,1.185795193835431,0.8301426119232646,0.7713718631843187,0.7289660274050382,17835619082.0,4.57,4.6,4.53,4.59,107931493.0,506801663.0,4.57,0.4376367614879584,10.0,5.03,False,False,True,85.14651659227634
98,601008.SH,连云港,0.0999999999999999,26.030927835051543,1.670703111214475,0.6663420602963486,0.7385877335131625,0.6442505178956082,1240638006.0,4.12,4.16,4.06,4.09,5325950.0,21976261.0,4.14,-1.207729468599028,10.0,4.55,False,False,True,85.11546671841646
99,000713.SZ,国投丰乐,0.13253012048192772,28.62669245647971,1.3825478126863162,0.8352084748811794,0.5962125722449102,0.8634000650292816,614014980.0,5.49,5.53,5.37,5.43,4427779.0,24020936.0,5.5,-1.272727272727281,10.0,6.05,False,False,True,85.09800116437026
100,603195.SH,公牛集团,0.06961429915333978,16.86486486486487,1.074597529289315,0.29709873621064253,1.459442177960115,0.5756215623458135,1800664324.0,37.69,37.79,37.29,37.45,3079432.0,115220524.0,37.74,-0.7684154742978233,10.0,41.51,False,False,True,85.0902386959053
101,600064.SH,南京高科,0.13478260869565234,23.781388478582,1.218846677215182,0.7963756940888713,0.8408147681684348,0.9036218482761219,1730339644.0,7.07,7.12,6.99,7.01,12451913.0,91635280.0,7.08,-0.9887005649717562,10.0,7.79,False,False,True,85.08829807878905
102,603167.SH,渤海轮渡,0.25229357798165175,11.360799001248445,0.7235010466594055,0.7646931546803126,0.6722847056422661,1.7109889324811076,469144503.0,8.57,8.57,8.41,8.45,6138200.0,55083207.0,8.56,-1.2850467289719725,10.0,9.42,False,False,True,85.03978265088298
103,600681.SH,百川能源,0.07630522088353411,31.410256410256387,1.5630305233056347,1.0275635924855653,0.49877012441187757,1.993032352547738,1339808772.0,3.3,3.47,3.25,3.38,27438848.0,92594316.0,3.31,2.114803625377637,10.0,3.64,False,False,True,85.03978265088298
104,600558.SH,大西洋,0.004651162790697575,25.053995680345587,1.7178503176856457,1.7631889505728333,0.936146188030916,0.6861004727447358,897604831.0,4.62,4.65,4.5,4.61,10858548.0,50862179.0,4.64,-0.6465517241379226,10.0,5.1,False,False,True,84.99223753153504
105,600968.SH,海油发展,0.09956709956709955,33.33333333333335,1.5975723031868934,0.38666228727754953,0.6091553113379851,1.177210079127483,10165104199.0,3.53,3.56,3.44,3.48,46269800.0,161942641.0,3.5,-0.5714285714285672,10.0,3.85,False,False,True,84.88065204735106
106,601827.SH,三峰环境,0.26829268292682934,18.24611032531824,1.22074709140382,0.30592714733296544,0.7261218576058667,0.8879160705037346,1671933299.9999998,7.61,7.63,7.42,7.49,4541600.0,34078279.0,7.62,-1.7060367454068248,10.0,8.38,False,False,True,84.83213661944498
107,601669.SH,中国电建,0.0287539936102236,32.67108167770418,1.7656114904959093,1.2227997395575612,0.7165201676863908,0.6131144653367566,13071525850.0,4.61,4.62,4.55,4.6,97999348.0,459223893.0,4.62,-0.43290043290044045,10.0,5.08,False,False,True,84.83213661944498
108,603128.SH,华贸物流,0.1807909604519776,18.105263157894736,1.2110424646307867,0.7085414225172619,0.8257207512318971,0.7944550337164035,1309046494.0,5.09,5.09,4.99,5.01,7368679.0,38498447.0,5.07,-1.183431952662728,10.0,5.58,False,False,True,84.81273044828257
109,688526.SH,科前生物,0.13043478260869562,24.978540772532188,1.6988932336856926,0.30420770252884743,0.7314413573058769,0.7599068672514185,466128056.0,12.6,12.72,12.45,12.66,1077546.0,13533915.0,12.67,-0.07892659826361781,20.0,15.2,False,False,True,84.79526489423638
110,002267.SZ,陕天然气,0.18815331010452968,24.143302180685367,1.295888295761498,0.5799797422916699,0.7447839558474603,0.95872572911928,1112075445.0,6.98,7.02,6.86,6.88,6183601.0,42831769.0,6.96,-1.1494252873563204,10.0,7.66,False,False,True,84.78362119153891
111,601200.SH,上海环境,0.14615384615384613,26.56249999999998,1.1458024254213597,0.6625888397154986,0.8450566514248085,1.0772045748935921,1346230251.0,6.78,6.78,6.61,6.65,9608634.0,65429332.0,6.78,-1.9174041297935096,10.0,7.46,False,False,True,84.77779934019019
112,301048.SZ,金鹰重工,0.04102564102564106,36.585365853658544,1.520791332623166,0.7342407207199046,0.8733448948159329,0.7967413279686084,533333400.0,8.52,8.57,8.29,8.45,3120000.0,26581345.0,8.52,-0.8215962441314617,20.0,10.22,False,False,True,84.75063070056278
113,603511.SH,爱慕股份,0.08975712777191125,27.802294792586068,1.438090787750272,0.4157875852522509,1.0037829939328409,0.7641543220694728,401887312.0,12.12,12.27,11.95,12.02,1276900.0,15448859.0,12.18,-1.3136288998357948,10.0,13.4,False,False,True,84.66330293033185
114,600019.SH,宝钢股份,0.11659192825112136,19.691119691119695,1.4413586725168996,0.49267616614129306,1.0042328787523738,0.6211816300974492,21414095749.0,5.42,5.42,5.31,5.34,65535995.0,358475475.0,5.44,-1.8382352941176516,10.0,5.98,False,False,True,84.65748107898312
115,002697.SZ,红旗连锁,0.09337349397590376,30.864197530864203,1.2663645128556504,1.1881140568652362,0.6344595036078283,0.7046323869521871,1148092375.0,4.37,4.4,4.3,4.35,9596061.0,41587007.0,4.36,-0.2293577981651529,10.0,4.8,False,False,True,84.5934407141471
116,601668.SH,中国建筑,0.16867469879518032,17.866004962779147,1.0704729007440403,0.5050120836413785,0.9616630623324878,0.9155980087257566,41320390444.0,4.3,4.32,4.27,4.3,191060551.0,869689683.0,4.31,-0.23201856148491462,10.0,4.74,False,False,True,84.56821269163594
117,000900.SZ,现代投资,0.23232323232323235,20.29411764705882,1.1384600940500402,0.6659452620174066,0.7291117835949178,0.6482683294079851,1517752584.0,3.63,3.64,3.59,3.6,6552269.0,23635007.0,3.63,-0.8264462809917328,10.0,3.99,False,False,True,84.53522220065982
118,000828.SZ,东莞控股,0.18402777777777762,14.754098360655732,1.1664454541967373,0.5202492255172245,0.9351295523677425,0.7520831194943136,1039516992.0,9.62,9.72,9.61,9.63,4067325.0,39252230.0,9.68,-0.5165289256198191,10.0,10.65,False,False,True,84.50611294391615
119,601860.SH,紫金银行,0.12195121951219519,12.500000000000021,1.2707361859383999,1.00861679067831,0.9356153845661613,1.0250415718221042,3551606401.0,2.48,2.5,2.46,2.46,36719050.0,91035325.0,2.5,-1.6000000000000014,10.0,2.75,False,False,True,84.50417232679992
120,301102.SZ,兆讯传媒,0.05681818181818176,34.08820023837902,1.8463598765661569,0.5186247783251181,0.6746144049672964,0.765016290240113,406000000.0,8.66,8.97,8.53,8.88,1610831.0,14096592.0,8.74,1.6018306636155666,20.0,10.49,False,False,True,84.4983504754512
121,601818.SH,光大银行,0.13138686131386876,12.455516014234869,1.1847655639960695,0.49278395195938207,1.1066011051951927,0.6641725665460312,46406815561.0,2.98,2.99,2.95,2.97,151886529.0,461613587.0,2.99,-0.6688963210702337,10.0,3.29,False,False,True,84.43819134484767
122,600939.SH,重庆建工,0.0669291338582677,37.88546255506606,1.4585703703565367,0.6173211761363355,0.7380521747764517,0.7688528012379572,1902474944.0,2.43,2.49,2.4,2.45,9029700.0,22052572.0,2.44,0.4098360655737876,10.0,2.68,False,False,True,84.3993790025228
123,000088.SZ,盐 田 港,0.32812500000000056,15.07537688442211,0.9447996055172041,0.5418283062266426,0.6809467708346144,0.7954722429241847,3162920741.9999995,4.19,4.22,4.17,4.18,13632378.0,57182609.0,4.19,-0.23866348448688957,10.0,4.61,False,False,True,84.34310110615175
124,601326.SH,秦港股份,0.16504854368932043,22.408026755852827,1.5006013383250167,0.43453574091250907,0.8473124474382145,0.8505369191463039,4757559000.0,3.17,3.17,3.12,3.15,17583400.0,57216333.0,3.16,-0.31645569620254443,10.0,3.48,False,False,True,84.32175431787309
125,600848.SH,上海临港,0.06408345752608044,37.41209563994372,1.5538680591018084,0.382287636569542,0.7990894491967242,0.6446008613776387,2393912273.0,7.54,7.6,7.43,7.52,5899149.0,44241044.0,7.54,-0.2652519893899252,10.0,8.29,False,False,True,84.31981370075684
126,601900.SH,南方传媒,0.12251655629139079,30.738522954091827,1.5293200383955015,0.6338803195292886,0.7038785852891601,0.8494741880700722,881970094.0,10.75,10.82,10.6,10.63,4749100.0,53238017.0,10.76,-1.2081784386617,10.0,11.84,False,False,True,84.27129827285077
127,600017.SH,日照港,0.17647058823529407,21.862348178137637,1.3769596709530831,0.863607044785914,0.7276079415155992,0.8910130560028231,3075653888.0,2.62,2.63,2.57,2.59,23666700.0,61585183.0,2.62,-1.1450381679389388,10.0,2.88,False,False,True,84.24801086745585
128,601166.SH,兴业银行,0.10476190476190474,13.564476885644773,1.3579327308922713,0.4896754278661185,1.1815000979962862,0.8351614693857372,21162859513.0,17.1,17.33,16.99,17.19,86547217.0,1486964735.0,17.21,-0.11621150493899002,10.0,18.93,False,False,True,84.24412963322337
129,600548.SH,深高速,0.27857142857142847,18.86304909560723,1.5022629531280556,0.142662638938779,0.6049571408006815,0.9103600928815879,1714425983.0000002,8.53,8.53,8.39,8.46,2226600.0,19345314.0,8.52,-0.704225352112664,10.0,9.37,False,False,True,84.23054531340966
130,603689.SH,皖天然气,0.15199999999999997,23.167155425219942,1.4437737389820988,0.7455913502309585,0.8208173107661556,0.8248688708076308,523447965.0,7.21,7.26,7.09,7.2,3219284.0,23072478.0,7.2,0.0,10.0,7.92,False,False,True,84.14321754317874
131,300915.SZ,海融科技,0.06900452488687776,31.73527879103699,1.4580241733936465,1.316750142018698,0.6367541032225489,1.2894478787933163,57600188.0,19.69,20.07,19.32,19.6,977271.0,19154951.0,19.8,-1.0101010101010055,20.0,23.76,False,False,True,84.13933630894624
132,002060.SZ,广东建工,0.1328671328671328,32.5503355704698,1.0373426684433813,0.9577696500982887,0.5083258800170053,1.1308670239844825,1562823660.0,3.15,3.17,3.09,3.1,16927040.0,52882290.0,3.17,-2.208201892744477,10.0,3.49,False,False,True,84.08888026392393
133,600704.SH,物产中大,0.16867469879518085,14.601769911504437,1.4126061894025477,0.876074805241395,0.8305833934139484,0.83595722464048,5171179890.0,4.79,4.8,4.69,4.75,37871708.0,183899217.0,4.8,-1.041666666666663,10.0,5.28,False,False,True,84.08693964680768
134,603111.SH,康尼机电,0.14754098360655749,26.022304832713772,1.501290391253393,0.6426461716365869,0.8021626079406194,0.7368951803235175,837595196.0,5.71,5.78,5.61,5.71,4033600.0,23448391.0,5.74,-0.5226480836237002,10.0,6.31,False,False,True,84.08693964680768
135,603199.SH,九华旅游,0.12602179836512273,26.266666666666683,1.3632753224166632,1.2373263462233415,0.6170742125895553,0.9808153911490611,110680000.0,31.43,31.55,30.83,31.05,1343200.0,41792709.0,31.85,-2.5117739403453743,10.0,35.04,False,False,True,84.04618668736657
136,600757.SH,长江传媒,0.11764705882352937,22.237569060773478,1.3514013645611942,0.697075846253582,1.0099423321287802,0.9257507321909818,1213497103.0,7.51,7.56,7.35,7.38,7830921.0,58397990.0,7.5,-1.6000000000000014,10.0,8.25,False,False,True,83.98990879099554
137,600805.SH,悦达投资,0.05622489959839363,37.15012722646309,1.5579734570001942,0.9617591497722837,0.6231452722833022,0.7452169515506389,850275368.0,4.05,4.1,3.97,4.05,6094087.0,24819958.0,4.07,-0.49140049140050657,10.0,4.48,False,False,True,83.98214632253057
138,600271.SH,航天信息,0.020997375328084007,39.560439560439576,1.6916903754990877,0.8051447669242271,0.8175640817286578,0.8858786949169367,1852884638.0,6.52,6.57,6.37,6.54,13215896.0,85293823.0,6.53,0.15313935681469104,10.0,7.18,False,False,True,83.95109644867068
139,601766.SH,中国中车,0.09556313993174068,23.505976095617555,1.2453318754116793,0.796232030197749,1.0722199682927294,0.7532481889229989,24327798048.0,5.29,5.31,5.2,5.29,145908483.0,782038477.0,5.3,-0.18867924528301883,10.0,5.83,False,False,True,83.92974966039202
140,601033.SH,永兴股份,0.16307692307692342,16.403310759969926,1.0999556831506638,1.324227749999998,0.6990745278495102,1.7788911940059655,240000000.0,13.82,13.84,13.37,13.38,5653577.0,76325719.0,13.82,-3.183791606367581,10.0,15.2,False,False,True,83.92392780904328
141,600372.SH,中航机载,0.09662576687116553,32.46628131021194,1.4005004566093897,0.7497928189881525,0.8417558303912217,1.0389410245776125,4838896630.0,11.0,11.26,10.88,11.26,37694546.0,417230474.0,11.01,2.270663033605813,10.0,12.11,False,False,True,83.83174849602173
142,600495.SH,晋西车轴,0.03960396039603964,38.0239520958084,1.5775346693830723,0.8722568529622183,0.8041187466264643,1.1219290990530955,1208190886.0,3.56,3.56,3.48,3.56,11823481.0,41803700.0,3.46,2.8901734104046284,10.0,3.81,False,False,True,83.8249563361149
143,601065.SH,江盐集团,0.15750915750915775,31.924882629107977,1.297039693364422,0.553868869161817,0.7310298562903835,1.0662793107433013,642776079.0,6.78,6.85,6.68,6.74,3796100.0,25597608.0,6.82,-1.1730205278592365,10.0,7.5,False,False,True,83.81913448476615
144,000421.SZ,南京公用,0.09006211180124225,31.622176591375762,1.4916016250631456,1.0746193237852475,0.6928409397103402,0.9352899752586001,574208022.0,5.15,5.21,5.03,5.1,5771800.0,29484545.0,5.16,-1.1627906976744318,10.0,5.68,False,False,True,83.77450029109258
145,600406.SH,国电南瑞,0.18273645546372835,26.28959276018099,1.2764893950191625,0.7919812641104541,0.7519432835751529,1.7501617088248207,8008176162.0,22.4,22.45,21.26,21.68,111000952.0,2407189160.0,22.51,-3.6872501110617573,10.0,24.76,False,False,True,83.73180671453524
146,600261.SH,阳光照明,0.026086956521739337,39.38356164383563,1.734314567218244,0.9331764407315611,0.6892496901988995,0.8247608205058599,1335052966.0,2.95,2.96,2.86,2.9,10275200.0,29860737.0,2.95,-1.6949152542372947,10.0,3.25,False,False,True,83.6677663496992
147,600718.SH,东软集团,0.07473309608540923,33.90070921985815,1.5698693314694752,0.9177976527295131,0.7352609965529894,1.3551965384365054,1196438852.0,7.46,7.46,7.27,7.33,14881261.0,109217970.0,7.47,-1.8741633199464536,10.0,8.22,False,False,True,83.658063264118
148,600519.SH,贵州茅台,0.1268319588170404,25.389874979365956,1.2080249674267622,0.35287027634605844,1.0775085356537204,0.772955198425523,1250081601.0,1191.0,1191.99,1178.0,1182.19,3409634.0,4035216946.0,1199.3,-1.426665554907025,10.0,1319.23,False,False,True,83.65806326411798
149,000498.SZ,山东路桥,0.24855491329479798,29.268292682926834,1.206224846845075,0.48428628883315256,0.5801495686872895,1.1719063491021195,1449347778.9999998,4.93,4.94,4.82,4.85,8225600.0,40042998.0,4.94,-1.8218623481781493,10.0,5.43,False,False,True,83.59790413351446
150,002507.SZ,涪陵榨菜,0.21403508771929855,18.096135721017916,1.2232160063850712,0.8058758541107814,0.8178976592687813,0.9414102020413425,1153718438.0,11.22,11.22,10.96,10.99,8737975.0,96619667.0,11.22,-2.049910873440286,10.0,12.34,False,False,True,83.58237919658453
151,600467.SH,好当家,0.08695652173913052,29.166666666666675,1.3948469545301339,1.4917936223521329,0.6110216443602151,0.9461012259642424,1460994304.0000002,2.03,2.06,1.99,2.04,20620295.0,41877309.0,2.04,0.0,10.0,2.24,False,False,True,83.58043857946828
152,002675.SZ,东诚药业,0.0782208588957055,20.912863070539412,1.4144940829459092,1.2531476498268495,0.9863643691148497,0.9417114006060554,743383994.0,12.5,12.73,12.32,12.37,8772700.0,109204193.0,12.56,-1.5127388535031927,10.0,13.82,False,False,True,83.50863574616727
153,601139.SH,深圳燃气,0.18695652173913033,30.05464480874316,1.16774011266318,0.6100460511725845,0.7604113461075209,0.7366543484566773,2876744454.9999995,5.95,5.95,5.84,5.89,12927890.0,76218666.0,5.92,-0.5067567567567655,10.0,6.51,False,False,True,83.46788278672618
154,003816.SZ,中国广核,0.22388059701492527,30.188679245283012,1.2768211538633474,0.266500356733671,0.6965774198262217,0.9091412472137094,39335180705.0,3.78,3.83,3.76,3.83,95303800.0,370358417.0,3.79,1.055408970976246,10.0,4.17,False,False,True,83.43877352998254
155,002758.SZ,浙农股份,0.08259587020648976,31.506849315068486,1.601578435837985,1.101983311541953,0.6609371565855768,0.9340200660544874,518247801.00000006,7.58,7.61,7.36,7.4,5333875.0,41329576.0,7.58,-2.37467018469657,10.0,8.34,False,False,True,83.3650300795653
156,600662.SH,外服控股,0.07291666666666664,34.48275862068966,1.2980631527728952,0.637342695830444,0.9959716935195148,0.9143964032279078,2276762040.0,3.97,3.98,3.89,3.93,13267047.0,53897726.0,3.98,-1.2562814070351758,10.0,4.38,False,False,True,83.33009897147294
157,601952.SH,苏垦农发,0.09890109890109898,38.367346938775526,1.4152012204190216,0.6203251415094294,0.5997614833895593,0.8300272840787315,1378000000.0,7.66,7.72,7.59,7.64,7095140.0,54211967.0,7.71,-0.907911802853445,10.0,8.48,False,False,True,83.27188045798565
158,601727.SH,上海电气,0.024175824175824055,39.99999999999999,1.576278483650036,0.9506010171516239,0.8604540373068195,0.8041033021247911,12615639635.999998,6.73,6.76,6.54,6.72,96431605.0,641059809.0,6.76,-0.591715976331364,10.0,7.44,False,False,True,83.20201824180089
159,600305.SH,恒顺醋业,0.14529914529914525,20.192307692307686,1.1981650734148142,0.6989128662450439,1.0498766398228077,0.9307618845659148,1102959908.0,6.56,6.58,6.44,6.46,7175005.0,46628208.0,6.58,-1.823708206686936,10.0,7.24,False,False,True,83.20007762468464
160,600368.SH,五洲交通,0.2240000000000002,22.39263803680982,1.2712324376143136,0.6548934913930984,0.8294967108386109,0.6547054011436597,1609653858.0,3.53,3.55,3.51,3.55,6901589.0,24348341.0,3.54,0.28248587570620654,10.0,3.89,False,False,True,83.16708713370852
161,600861.SH,北京人力,0.10054644808743168,29.948805460750847,1.4985308769030437,0.5458861768726976,0.9726220701496255,0.47765974485717716,536815544.0,12.64,12.65,12.43,12.6,1399735.0,17538726.0,12.64,-0.31645569620254443,10.0,13.9,False,False,True,83.16708713370852
162,601163.SH,三角轮胎,0.2114537444933923,22.428330522765606,1.337010585835297,0.48331811874999997,0.8890550694979363,0.7072544184440426,800000000.0,12.81,12.83,12.59,12.7,2734631.0,36057918.0,12.82,-0.9360374414976724,10.0,14.1,False,False,True,83.1573840481273
163,002573.SZ,清新环境,0.15827338129496388,32.40418118466897,1.279332415896759,0.6013386086623435,0.7794931744299005,0.7921469752675173,1412690868.0,3.07,3.11,3.03,3.07,6730325.0,20656944.0,3.09,-0.6472491909385147,10.0,3.4,False,False,True,83.12051232291869
164,002401.SZ,中远海科,0.022033898305084728,39.46666666666667,1.483274424292723,1.0262929697732255,0.9402689156815549,0.7141938534157385,371398485.0,11.43,11.57,11.24,11.45,2721990.0,30985671.0,11.51,-0.5212858384013974,10.0,12.66,False,False,True,83.10110615175627
165,000409.SZ,云鼎科技,0.020472440944882007,39.85056039850563,1.7786965255900136,0.953916243784916,0.7393972103773877,1.0264034614370277,590473934.0,8.16,8.17,7.92,8.11,5781412.0,46460766.0,8.16,-0.6127450980392246,10.0,8.98,False,False,True,83.08752183194255
166,002010.SZ,传化智联,0.07986111111111124,38.62068965517243,1.2671115523439758,0.7308442288984668,0.7864527216209111,0.9997972674476349,2757765331.0,4.58,4.59,4.46,4.53,20148820.0,90704692.0,4.58,-1.091703056768556,10.0,5.04,False,False,True,83.0487094896177
167,300989.SZ,蕾奥规划,0.029069767441860617,30.881164106709804,1.2018559831441342,2.0632552268112967,0.8766779780799805,0.6411462482208932,162894292.0,12.5,12.69,12.25,12.6,2155360.0,26884102.0,12.57,0.23866348448686736,20.0,15.08,False,False,True,83.01571899864156
168,600015.SH,华夏银行,0.21698113207547168,15.70247933884299,1.248924157139015,0.43680159705386445,0.9835042457673382,0.8208665480847268,15387223983.0,6.47,6.48,6.38,6.43,55171787.0,371460132.0,6.49,-0.924499229583986,10.0,7.14,False,False,True,83.00213467882787
169,001914.SZ,招商积余,0.07100591715976338,33.62944162436548,1.6088897246791714,0.7223071115450547,0.8923511626918584,0.7982183857076695,1053719483.0,8.22,8.28,8.07,8.1,6075300.0,51023492.0,8.24,-1.6990291262136026,10.0,9.06,False,False,True,82.94391616534058
170,600526.SH,菲达环保,0.08212560386473405,37.783375314861445,1.1415191076338764,0.9148929755603096,0.7877854546709868,0.8645336137194553,873007140.0000001,4.17,4.18,4.05,4.12,6905100.0,28675068.0,4.14,-0.48309178743960457,10.0,4.55,False,False,True,82.87405394915582
171,601222.SH,林洋能源,0.07182320441988946,34.47619047619046,1.2116423208435583,1.3122584999596638,0.7876581308146153,0.8211278355907554,2041220156.0,5.33,5.49,5.27,5.45,21994800.0,117750227.0,5.38,1.3011152416356975,10.0,5.92,False,False,True,82.86629148069086
172,601018.SH,宁波港,0.18421052631578944,24.836601307189543,1.2599078517049995,0.28433382440767146,0.9898671747237651,0.7351514439877149,19454388399.0,3.25,3.26,3.22,3.23,40665201.0,132905241.0,3.27,-1.2232415902140636,10.0,3.6,False,False,True,82.84882592664468
173,000045.SZ,深纺织Ａ,0.010233918128655012,35.10074231177096,1.9944292224791245,1.3798906143762901,0.7299419353468424,0.8089224764880182,457021849.0,9.48,9.6,9.26,9.58,5101390.0,48230488.0,9.5,0.8421052631578885,10.0,10.45,False,False,True,82.827479138366
174,603357.SH,设计总院,0.11803278688524602,38.16013628620101,1.2552523500884356,0.5200194604786315,0.7291429137460684,0.6500922490869433,560543253.0,6.22,6.25,6.13,6.16,1894976.0,11693773.0,6.23,-1.1235955056179803,10.0,6.85,False,False,True,82.79836988162235
175,002332.SZ,仙琚制药,0.10787172011661786,15.45338441890165,1.2311399586116356,1.0999186208343634,1.0786480176059696,0.9764421310437893,985714191.0,8.17,8.27,8.07,8.09,10578575.0,87209961.0,8.2,-1.3414634146341364,10.0,9.02,False,False,True,82.79642926450612
176,600987.SH,航民股份,0.19215686274509813,26.298157453936355,1.5464505674103277,0.638646563306629,0.7490817796605544,0.7281463096593961,1020818873.0,6.43,6.44,6.34,6.4,4747095.0,30278715.0,6.46,-0.9287925696594312,10.0,7.11,False,False,True,82.76149815641375
177,002026.SZ,山东威达,0.046783625730994184,29.75047984644914,1.6814999329531037,1.4677853642263903,0.81171449141147,0.7073634400603375,440493914.0,10.64,10.77,10.31,10.56,4573462.0,48201738.0,10.74,-1.6759776536312776,10.0,11.81,False,False,True,82.75179507083251
178,000778.SZ,新兴铸管,0.0666666666666666,35.11235955056178,1.3622615127321192,1.2611725532605378,0.7930364712187028,0.8913674199470457,3893451290.0,3.63,3.66,3.59,3.61,43769430.0,158102736.0,3.67,-1.6348773841961872,10.0,4.04,False,False,True,82.74015136813506
179,600760.SH,中航沈飞,0.035143769968051145,34.352331606217604,1.8040902424790002,0.6382506380864605,1.0005259985883215,0.7026470356380927,2829552651.0,39.75,39.95,39.06,39.75,12689551.0,501131589.0,39.81,-0.15071590052750938,10.0,43.79,False,False,True,82.72656704832137
180,000548.SZ,湖南投资,0.058823529411764754,34.5,1.5488365256984684,1.2910336087091545,0.7644784228769292,0.8291723195244644,499215811.00000006,4.12,4.15,4.02,4.08,5344052.0,21728713.0,4.12,-0.9708737864077666,10.0,4.53,False,False,True,82.64409082088103
181,000027.SZ,深圳能源,0.017316017316016955,38.12709030100334,1.6497375418279296,0.9082737249405594,1.0279440014998757,0.7308349317203742,4757389916.0,6.02,6.03,5.89,5.98,31579467.0,187864166.0,6.02,-0.6644518272425071,10.0,6.62,False,False,True,82.61207063846302
182,601598.SH,中国外运,0.2111111111111112,28.278688524590166,1.500954762594472,0.26324494088058153,0.7860647481345857,0.7667870011691175,5157470227.0,5.4,5.42,5.31,5.32,10410498.0,55697727.0,5.41,-1.6635859519408491,10.0,5.95,False,False,True,82.61013002134679
183,600655.SH,豫园股份,0.13807531380753138,29.601990049751258,1.2443762385069994,0.37633815895530753,1.0304603171463487,0.8961760805145396,3889846273.0,4.32,4.37,4.28,4.31,13119100.0,56619354.0,4.35,-0.919540229885063,10.0,4.79,False,False,True,82.60236755288182
184,600690.SH,海尔智家,0.1150747986191024,13.47402597402596,1.4758928239901503,0.8210563174426573,1.1205083764087247,0.7583472538829328,6253028411.0,19.42,19.44,19.1,19.21,38934219.0,779835881.0,19.48,-1.386036960985626,10.0,21.43,False,False,True,82.59460508441684
185,600283.SH,钱江水利,0.3416370106761566,20.397350993377493,1.106086614556175,0.625780764693179,0.776169150299838,3.4052755083428226,560824898.0,8.36,8.68,8.3,8.66,11931310.0,104880927.0,8.51,1.7626321974148151,10.0,9.36,False,False,True,82.57713953037066
186,600027.SH,华电国际,0.07692307692307697,35.944700460829516,1.2153281044521136,1.042307031720574,0.8621388943934332,0.5026428075037767,9215677327.0,4.47,4.47,4.4,4.43,48281683.0,213711839.0,4.46,-0.6726457399103158,10.0,4.91,False,False,True,82.56937706190568
187,000897.SZ,津滨发展,0.03921568627450963,37.267080745341595,1.3268772872560193,1.5701289722464282,0.7665688751444141,0.9196186049853725,1617241634.0,1.65,1.67,1.62,1.63,23351664.0,38338170.0,1.65,-1.2121212121212088,10.0,1.82,False,False,True,82.54803027362702
188,000915.SZ,华特达因,0.08000000000000017,22.480298631273342,1.3741390883095081,1.253859244275694,1.0536647565421093,0.6732964064813839,234122860.0,24.76,25.03,24.39,24.41,1976800.0,48588146.0,24.87,-1.849618013671095,10.0,27.36,False,False,True,82.51115854841841
189,300160.SZ,秀强股份,0.08171206225680966,35.323383084577145,1.5305966063232948,1.0381387611989752,0.7371108751365048,0.7430873835700209,762964451.0,4.25,4.27,4.13,4.18,5885720.0,24648652.0,4.23,-1.1820330969267268,20.0,5.08,False,False,True,82.46846497186104
190,002732.SZ,燕塘乳业,0.06177606177606182,35.57929334428924,1.4740921664834015,1.0322675348668902,0.892178060220477,0.5707526712773354,157062585.0,12.64,12.77,12.34,12.5,923400.0,11533202.0,12.65,-1.1857707509881465,10.0,13.92,False,False,True,82.45488065204736
191,601298.SH,青岛港,0.08955223880597002,21.733505821474775,1.3823617283195688,0.3473559436765945,1.4795669482234715,0.5950760111230867,5392075000.0,7.88,7.93,7.82,7.88,11145591.0,89722811.0,7.91,-0.37926675094817064,10.0,8.7,False,False,True,82.44517756646613
192,600028.SH,中国石化,0.1142857142857144,29.34537246049662,1.4454927891677987,0.2854182924822569,1.0688902047916722,0.8029561104403272,94752475375.0,4.83,4.87,4.77,4.81,217152171.0,1046749022.0,4.83,-0.41407867494824835,10.0,5.31,False,False,True,82.43353386376867
193,301058.SZ,中粮科工,0.07966457023060794,34.35013262599471,1.5098000773161153,1.011064327467795,0.8260170412931002,1.007481114471428,512274245.0,7.89,7.92,7.68,7.76,5218170.0,40499266.0,7.92,-2.020202020202022,20.0,9.5,False,False,True,82.42577139530371
194,603107.SH,上海汽配,0.11267605633802799,32.11009174311927,1.379270723980781,0.847777057282504,0.8868530278558858,0.9775689623395306,218173998.0,11.59,11.59,11.25,11.38,1808140.0,20507829.0,11.54,-1.3864818024263315,10.0,12.69,False,False,True,82.41024645837376
195,600935.SH,华塑股份,0.06250000000000007,30.555555555555536,2.057384329943175,0.7322176079778973,0.7397219225075032,0.8789721905018184,3507401812.0,2.24,2.26,2.18,2.2,22573600.0,49863780.0,2.24,-1.7857142857142905,10.0,2.46,False,False,True,82.40830584125752
196,002356.SZ,鹏飞绿能,0.0,38.11320754716982,1.7477182684954484,1.9116202056942506,0.6977612140246311,0.8209067375279476,1311247021.0,2.64,2.69,2.59,2.67,20576900.0,54235898.0,2.65,0.7547169811320753,10.0,2.92,False,False,True,82.39084028721135
197,603321.SH,梅轮电梯,0.02793296089385489,38.721136767317944,1.5418481763680532,1.2286517853354124,0.8767452075651755,0.7926543006107833,344564469.0,5.73,5.81,5.6,5.71,3355700.0,19091249.0,5.73,-0.3490401396160636,10.0,6.3,False,False,True,82.35396856200272
198,600512.SH,腾达建设,0.07142857142857122,37.09677419354838,1.3444099410948673,1.2735847136714846,0.6876302702423983,0.9772690978923403,1587405163.0,1.91,1.93,1.87,1.9,19757400.0,37513564.0,1.92,-1.041666666666663,10.0,2.11,False,False,True,82.29380943139918
199,688739.SH,成大生物,0.07561436672967872,32.152300370174494,1.5107493109067944,0.50133352143114,1.1090506896628658,0.7868058652743389,416450000.0,19.7,19.96,19.38,19.49,1642696.0,32106430.0,19.71,-1.1161846778285245,20.0,23.65,False,False,True,82.18901610712207
200,002959.SZ,小熊电器,0.09299467431380593,39.23714759535655,1.4329651663375385,0.6576605836615265,0.7301505539255343,0.6606948953601245,139794390.0,32.38,32.52,31.81,32.02,637446.0,20455535.0,32.42,-1.2338062924120874,10.0,35.66,False,False,True,82.15602561614594
201,600559.SH,老白干酒,0.01568627450980405,31.24432334241598,1.6541810539417718,1.322581826202944,1.1709443283120116,0.8256972190546585,914747444.0,11.06,11.17,10.9,10.91,9989519.0,109936519.0,11.13,-1.9766397124887702,10.0,12.24,False,False,True,82.14826314768096
202,600626.SH,申达股份,0.029090909090909115,39.158576051779924,1.584732055360869,1.0758094214644205,0.8941496690748724,0.9051791891741324,1107978710.0,3.18,3.19,3.08,3.13,10789500.0,33823234.0,3.17,-1.2618296529968487,10.0,3.49,False,False,True,82.13273821075101
203,002061.SZ,浙江交科,0.2612612612612612,17.48466257668713,1.511514073604865,0.650332964249411,0.8191056834827225,0.729769337405194,2599137900.0,3.53,3.57,3.5,3.51,12335328.0,43526885.0,3.55,-1.1267605633802802,10.0,3.91,False,False,True,82.11527265670483
204,600054.SH,黄山旅游,0.1291866028708132,20.038167938931295,1.4404167183858134,1.4292871420222055,0.8156879258849493,1.0804283534061037,513300000.0,10.87,10.89,10.59,10.78,7926596.0,85262296.0,11.02,-2.177858439201452,10.0,12.12,False,False,True,82.08616339996118
205,600765.SH,中航重机,0.02728226652675758,36.31999999999999,1.8407120071122858,1.1962715166502749,0.8119738015360224,0.777289185329283,1552494153.0,12.8,13.0,12.63,12.96,14435850.0,184485546.0,12.76,1.5673981191222763,10.0,14.04,False,False,True,82.03764797205511
206,601288.SH,农业银行,0.14285714285714285,23.48877374784111,1.5045949058924768,0.1188224237885885,1.113352943675901,0.8954125797326105,319244210777.0,6.11,6.17,6.06,6.11,339660175.0,2074004818.0,6.16,-0.8116883116883078,10.0,6.78,False,False,True,82.0007762468465
207,603987.SH,康德莱,0.14024390243902438,30.35714285714286,1.5681380737251,0.859136298816489,0.7738713312232789,0.7412909722757033,436790880.00000006,7.14,7.23,7.01,7.09,2781790.0,19708257.0,7.18,-1.253481894150421,10.0,7.9,False,False,True,81.99301377838154
208,603508.SH,思维列控,0.11830985915492956,30.70904645476773,1.2065666856057315,0.9236752224763275,0.9494130089272248,0.9426223613890299,381274377.0,22.13,22.13,21.73,21.81,3319668.0,72585047.0,22.13,-1.4460009037505661,10.0,24.34,False,False,True,81.94837958470794
209,601866.SH,中远海发,0.09433962264150951,38.24884792626728,1.4995248343266272,0.7016192543586599,0.7550215722789232,0.7284293375779246,9710427720.0,2.27,2.3,2.26,2.27,49790100.0,113731205.0,2.27,0.0,10.0,2.5,False,False,True,81.9425577333592
210,002543.SZ,万和电气,0.053735255570117976,38.18181818181819,1.5222325126450693,0.719104724511953,0.9632567109788697,1.0353300855120195,661176201.0,6.41,6.5,6.3,6.35,4924379.0,31378925.0,6.46,-1.7027863777089869,10.0,7.11,False,False,True,81.90374539103435
211,603235.SH,天新药业,0.2667478684531061,26.388229710488844,1.577378370028264,0.0993222737447995,0.7446965512575797,1.111298292450054,437780000.0,23.24,23.3,22.72,22.85,483207.0,11108533.0,23.26,-1.7626827171109194,10.0,25.59,False,False,True,81.89598292256937
212,002867.SZ,周大生,0.2716417910447762,26.045627376425863,1.276791613266052,0.5733816308386586,0.8397707180473948,0.7470568467996682,1079141804.0,11.34,11.43,11.28,11.36,4622364.0,55416396.0,11.43,-0.6124234470691214,10.0,12.57,False,False,True,81.80089268387347
213,002561.SZ,徐家汇,0.06367924528301896,36.3036303630363,1.5264261773351695,0.9947683156420198,0.8928627737194661,0.9389689581873686,414439567.0,6.32,6.4,6.23,6.31,3871100.0,24362530.0,6.33,-0.3159557661927437,10.0,6.96,False,False,True,81.79118959829226
214,603102.SH,百合股份,0.06903257170636858,36.824769433465086,1.533162407557243,0.843931484375,0.8887143562320033,0.9925642845524986,64000000.0,31.88,31.88,30.65,31.04,536100.0,16952698.0,31.78,-2.328508495909387,10.0,34.96,False,False,True,81.76596157578109
215,000563.SZ,陕国投Ａ,0.13157894736842096,24.90842490842491,1.6011696164070925,0.8978879888924016,0.9100642633913513,0.7773619562725032,5113970358.0,2.88,2.89,2.84,2.85,35694693.0,102180654.0,2.88,-1.041666666666663,10.0,3.17,False,False,True,81.75043663885116
216,002352.SZ,顺丰控股,0.13399778516057598,25.37917087967645,1.3313804424437916,0.5451043106687796,1.1609450934398295,0.7836818712176871,4799115259.0,31.93,31.95,31.16,31.42,20418804.0,653573417.0,32.09,-2.087877843564978,10.0,35.3,False,False,True,81.75043663885116
217,600648.SH,外高桥,0.12000000000000029,36.052631578947384,1.4837774823806023,0.22288753964747202,0.8921406669518572,0.733808497970247,1137770691.0,7.97,8.08,7.9,7.99,1860901.0,15461042.0,8.05,-0.7453416149068359,10.0,8.86,False,False,True,81.67475257131767
218,600098.SH,广州发展,0.06465517241379325,35.384615384615394,1.6429979155184207,0.8226680407347906,0.9170489992052426,0.6807151845947546,3505864981.0000005,6.02,6.05,5.91,5.96,19632936.0,117069259.0,6.0,-0.666666666666671,10.0,6.6,False,False,True,81.67281195420144
219,301332.SZ,德尔玛,0.10138248847926257,35.06139154160983,1.4498771114640912,0.881553007201619,0.8451119434185393,0.7562833042311817,264840240.0,7.75,7.78,7.56,7.68,1765700.0,13512062.0,7.77,-1.158301158301156,20.0,9.32,False,False,True,81.66504948573646
220,002958.SZ,青农商行,0.16964285714285707,15.708812260536398,1.094106797800759,0.9642079240738652,1.0691561128339029,1.068768974821847,5439560632.0,2.78,2.81,2.75,2.77,56055030.0,155933514.0,2.8,-1.0714285714285676,10.0,3.08,False,False,True,81.61071220648165
221,600675.SH,中华企业,0.07142857142857133,37.000000000000014,1.6944936904342491,0.4487212692857885,0.8924694327610878,0.9934007647657295,6046135331.0,2.08,2.11,2.05,2.08,26951256.0,56246630.0,2.09,-0.4784688995215225,10.0,2.3,False,False,True,81.60683097224917
222,600609.SH,金杯汽车,0.025531914893617044,37.254901960784316,1.5089700086135918,1.2577214682608315,1.0317572778738586,1.086381809925668,1304558558.0,3.11,3.12,3.03,3.08,17825041.0,54693432.0,3.12,-1.2820512820512886,10.0,3.43,False,False,True,81.56995924704056
223,002206.SZ,海 利 得,0.07623318385650223,22.24409448818898,1.821327815959752,1.3576428002092165,0.8286827118796967,0.6756736847168642,1056970986.0,5.23,5.26,5.15,5.22,9695004.0,50352226.0,5.25,-0.5714285714285783,10.0,5.78,False,False,True,81.55055307587814
224,600131.SH,国网信通,0.02892960462873681,39.32253313696614,2.0636502779299364,0.8403647194264184,0.600615124665126,0.9472459901464633,1195905149.0,13.85,14.3,13.69,14.27,9519789.0,134348130.0,13.88,2.80979827089336,10.0,15.27,False,False,True,81.52823597904134
225,601577.SH,长沙银行,0.20111731843575398,15.933412604042797,1.3297253070800887,0.48489795314347356,1.1129817492621497,0.8668108697173316,4020683625.0,8.74,8.81,8.65,8.7,16899529.0,151229487.0,8.77,-0.7981755986317007,10.0,9.65,False,False,True,81.50009703085581
226,002372.SZ,伟星新材,0.06407322654462248,36.226415094339615,1.588108333451911,0.7119485692699999,0.9856522627741899,1.7452586719653964,1470108109.0,8.16,8.29,7.9,7.96,18272737.0,147033633.0,8.23,-3.280680437424066,10.0,9.05,False,False,True,81.46128468853095
227,000581.SZ,威孚高科,0.1399354144241118,30.759412890874273,1.5095097348816384,1.119042276492531,0.7194565682249433,0.9486525766737608,793891049.0,16.93,17.05,16.55,16.83,8427906.0,147177013.0,16.97,-0.8249852681202152,10.0,18.67,False,False,True,81.43799728313604
228,600029.SH,南方航空,0.0229885057471262,19.076305220883526,2.1543499639535826,0.9528154091612114,1.179464732352054,0.6608544769946547,13476972212.0,5.01,5.06,4.99,5.05,84860762.0,425636610.0,5.06,-0.19762845849802257,10.0,5.57,False,False,True,81.39724432369493
229,000755.SZ,山西高速,0.16256157635467983,25.238095238095237,1.9007523651209737,0.4093655769839629,0.7827644094172351,0.5805737873235219,1467310196.0,4.51,4.56,4.45,4.48,3487311.0,15660175.0,4.53,-1.103752759381893,10.0,4.98,False,False,True,81.39530370657869
230,002818.SZ,富森美,0.09900990099009868,18.446601941747566,1.4024645173984112,1.2701141213345355,1.0886885950042808,0.7744556979379459,298357191.0,10.45,10.45,10.2,10.37,2934620.0,30252247.0,10.42,-0.4798464491362786,10.0,11.46,False,False,True,81.39336308946245
231,002287.SZ,奇正藏药,0.0948787061994608,26.214128035320083,1.8570788703197896,0.39613996552978853,1.021241041983478,0.9514478858984434,570989795.0,19.77,20.14,19.56,19.75,2152004.0,43014631.0,19.88,-0.6539235412474809,10.0,21.87,False,False,True,81.37007568406752
232,301289.SZ,国缆检测,0.023997000374953156,29.760830324909747,1.6331344874158638,1.3054461948183775,1.2453679330228529,0.8298013145865476,77500900.0,44.95,45.33,42.94,44.52,839537.0,37015979.0,44.96,-0.9786476868327343,20.0,53.95,False,False,True,81.3681350669513
233,600612.SH,老凤祥,0.10659694288012866,34.12462908011871,1.572328638590428,0.4200634651177215,0.9549479713672256,1.1730087277488723,317109630.0,32.98,33.2,32.34,32.53,1562520.0,52829496.0,32.98,-1.364463311097619,10.0,36.28,False,False,True,81.36037259848632
234,600320.SH,振华重工,0.024691358024691377,38.22784810126583,1.8277450844757523,1.1872783914098095,0.8204391621355498,1.2065196671117178,3310205899.0,3.98,4.01,3.87,3.95,47417863.0,188486514.0,3.99,-1.0025062656641603,10.0,4.39,False,False,True,81.36037259848631
235,601658.SH,邮储银行,0.19333333333333336,10.706638115631684,1.1599581443694986,0.2450173349634775,1.2845912601114773,0.7851469617720722,72527800605.0,4.93,4.96,4.88,4.91,139525078.0,698573517.0,4.96,-1.0080645161290258,10.0,5.46,False,False,True,81.35843198137007
236,603368.SH,柳药集团,0.16347826086956513,15.969316596931659,1.5589733187780594,0.9178859828918995,0.9656743244121943,0.593870890647941,397211355.0,15.22,15.35,15.02,15.14,2165222.0,32742497.0,15.28,-0.9162303664921434,10.0,16.81,False,False,True,81.3506695129051
237,000869.SZ,张  裕Ａ,0.1489071038251368,26.04712041884818,1.6429177117145657,0.25284292500999606,1.0088568407971652,0.791894987385087,454935920.0,16.38,16.43,16.12,16.27,910968.0,14792152.0,16.37,-0.6108735491753281,10.0,18.01,False,False,True,81.29827285076655
238,002376.SZ,新北洋,0.10191082802547756,32.48175182481749,1.240241178026094,1.3126252259635496,0.8504774170493226,0.7624041873741642,787464555.0,5.81,5.9,5.74,5.87,7878400.0,45838001.0,5.8,1.206896551724146,10.0,6.38,False,False,True,81.28468853095283
239,600269.SH,赣粤高速,0.2222222222222224,16.266666666666673,1.5184844373156519,0.6568922229844725,0.9562671526613351,0.9175478636660709,2335407014.0,4.13,4.13,4.05,4.06,14076200.0,57451437.0,4.11,-1.2165450121654708,10.0,4.52,False,False,True,81.26334174267416
240,600479.SH,千金药业,0.2981651376146791,20.561797752808996,1.0444720598653225,1.111069874589488,0.7435820780002901,0.6720393195002953,418507117.0,9.56,9.6,9.36,9.45,3124920.0,29506718.0,9.55,-1.0471204188481797,10.0,10.51,False,False,True,81.25557927420921
241,600332.SH,白云山,0.2566489361702127,17.517096265123612,1.5519854519216933,0.6080463890944309,0.8982125731195849,0.778674272925229,1405890949.0,20.88,21.16,20.68,20.9,6656473.0,141395741.0,20.94,-0.19102196752628364,10.0,23.03,False,False,True,81.20124199495439
242,000895.SZ,双汇发展,0.14542728635682192,30.14008133755084,0.883634570971274,0.37639169989677146,1.1556478441017934,0.6266016229295854,3464212167.0,23.03,23.2,22.92,23.06,8170259.0,188419054.0,23.1,-0.17316017316018062,10.0,25.41,False,False,True,81.1876576751407
243,600653.SH,申华控股,0.1111111111111112,28.767123287671236,1.6565684604741677,0.976970321982551,0.8856011968189151,0.9587261626539537,1946380317.0,1.57,1.6,1.53,1.56,18230713.0,28439420.0,1.58,-1.2658227848101222,10.0,1.74,False,False,True,81.174073355327
244,603899.SH,晨光股份,0.14072119613016695,26.14609571788411,1.4452586279588222,0.5438147919416799,1.1205132455749582,0.6113194177928086,915795377.0,21.4,21.53,21.14,21.38,3045339.0,64926614.0,21.45,-0.32634032634032417,10.0,23.6,False,False,True,81.16242965262953
245,600511.SH,国药股份,0.3552123552123552,13.739545997610513,1.185294610297248,0.7584436562654956,0.8915089757458633,0.6264027210024942,553346424.0,26.92,27.09,26.61,26.8,2628900.0,70475582.0,26.95,-0.5565862708719838,10.0,29.65,False,False,True,81.13914224723462
246,600073.SH,光明肉业,0.11627906976744196,32.15859030837005,1.5730206159399374,0.8601957591026795,0.8759091539151536,0.7014026979117208,937729472.0,4.95,4.98,4.87,4.89,5657731.0,27762972.0,4.94,-1.0121457489878694,10.0,5.43,False,False,True,81.12555792742093
247,000089.SZ,深圳机场,0.2949640287769784,18.88701517706577,1.2566588751058332,0.5518541357443161,0.9698538302188364,0.9742732389374568,2050769509.0,6.31,6.34,6.24,6.26,11026100.0,69300741.0,6.34,-1.2618296529968487,10.0,6.97,False,False,True,81.06928003104989
248,603515.SH,欧普照明,0.23251028806584373,30.527638190954786,1.34766174447916,0.2126799338407345,0.8935666673513825,0.6665295677030857,736328069.0,16.93,17.32,16.81,17.18,1043800.0,17859859.0,17.05,0.7624633431084993,10.0,18.76,False,False,True,81.04599262565495
249,600787.SH,中储股份,0.13656387665198258,33.58024691358026,1.2310776322434833,0.9124820704386444,0.890261019345395,0.8564919526071725,2170079582.0,4.37,4.41,4.31,4.33,16959900.0,73735863.0,4.36,-0.6880733944954143,10.0,4.8,False,False,True,81.03434892295749
250,603043.SH,广州酒家,0.20853858784893262,26.530612244897966,1.715488647511539,0.489327156669472,0.7916215839495564,0.9451589625529011,562452370.0,13.6,13.6,13.12,13.16,2603413.0,34577811.0,13.52,-2.6627218934911157,10.0,14.87,False,False,True,80.99165534640017
251,300425.SZ,中建环能,0.05022831050228306,38.524590163934434,1.3523379765882197,1.1767151630605595,0.945964337293396,0.8491545954895177,680738380.9999999,3.77,3.81,3.68,3.76,6802027.0,25372403.0,3.77,-0.2652519893899252,20.0,4.52,False,False,True,80.93925868426159
252,000538.SZ,云南白药,0.2058047493403691,17.08930540242557,1.081143502815428,0.536230069882993,1.1985196364341113,0.7154382367126506,1784132392.9999998,47.59,48.03,47.14,47.38,6815708.0,330617655.0,47.69,-0.6500314531348139,10.0,52.46,False,False,True,80.92373374733164
253,601229.SH,上海银行,0.30396475770925097,13.008130081300816,1.2306437741003509,0.35199144865500354,1.0584675121912857,0.7774106021179911,14209038737.000002,9.04,9.07,8.93,8.95,38881870.0,349550131.0,9.07,-1.3230429988974723,10.0,9.98,False,False,True,80.91014942751795
254,688569.SH,铁科轨道,0.10313447927199186,37.516087516087524,1.7981569736015584,0.35503425553254897,0.6767474833660801,0.8450876906464091,210666700.0,16.59,16.66,16.24,16.39,632074.0,10470889.0,16.56,-1.0265700483091722,20.0,19.87,False,False,True,80.90626819328546
255,600004.SH,白云机场,0.09935897435897455,25.43352601156068,1.573532162020984,0.57546654994087,1.2510640087132001,0.6353382055186857,2366718283.0,7.27,7.27,7.12,7.14,8653098.0,64293998.0,7.23,-1.2448132780083054,10.0,7.95,False,False,True,80.90238695905298
256,600167.SH,联美控股,0.06743737957610782,39.138943248532286,1.8443795090239106,0.4103475080028165,0.7688337328675816,0.7267727243549357,2262840463.0,5.4,5.47,5.36,5.4,6748455.0,37432534.0,5.46,-1.098901098901095,10.0,6.01,False,False,True,80.88104017077431
257,601816.SH,京沪高铁,0.18032786885245944,18.39080459770117,1.0354584252838683,0.42243690013373403,1.3242009352628035,0.7779842465383316,48925679370.0,4.55,4.58,4.51,4.53,160793880.0,743869968.0,4.57,-0.8752735229759279,10.0,5.03,False,False,True,80.8810401707743
258,603569.SH,长久物流,0.06140350877192987,28.823529411764714,1.7072194383765225,0.9052983524136607,1.1315745440209417,0.7104915764156771,603507251.0,5.4,5.41,5.27,5.36,3881800.0,20676683.0,5.38,-0.3717472118959009,10.0,5.92,False,False,True,80.86357461672812
259,688075.SH,安旭生物,0.07770700636942666,36.108146567057986,1.2262923325506638,0.526571317024356,1.1837720415499136,0.9518671762642608,127082805.0,29.3,29.98,28.45,28.83,636972.0,18564912.0,29.33,-1.7047391749062446,20.0,35.2,False,False,True,80.85387153114692
260,000797.SZ,中国武夷,0.04347826086956525,38.38862559241707,1.3370875123716899,1.5446570252582026,0.8580817096964507,0.7515578337693346,1570574028.9999998,2.22,2.26,2.18,2.22,18232324.0,40419578.0,2.23,-0.4484304932735328,10.0,2.45,False,False,True,80.83834659421696
261,000011.SZ,深物业A,0.018587360594795477,38.52327447833066,2.0439506251564947,0.9260626186390529,0.8585539733248291,0.7620152151991515,526475543.00000006,6.31,6.42,6.19,6.27,3715200.0,23364312.0,6.33,-0.9478672985782088,10.0,6.96,False,False,True,80.82864350863575
262,601921.SH,浙版传媒,0.2212765957446811,23.348694316436248,1.402557433300832,0.44343283034479347,1.0347920510751782,0.4949937959092995,2222222223.0,6.97,7.04,6.91,6.93,4877700.0,34468780.0,7.03,-1.422475106685639,10.0,7.73,False,False,True,80.79565301765962
263,000958.SZ,电投产融,0.013953488372093136,24.11214953271028,2.2275394206504515,0.939356260564333,1.242916342892471,0.4440002445823107,5383418520.0,5.4,5.4,5.23,5.32,22452861.0,119004461.0,5.38,-1.1152416356877248,10.0,5.92,False,False,True,80.7451969726373
264,301370.SZ,国科恒泰,0.08695652173913052,34.72750316856783,1.4945764283429555,0.9721744832712891,0.9390531301513422,0.6473277681276637,323748561.0,8.26,8.43,8.13,8.21,2037400.0,16780323.0,8.33,-1.4405762304921854,20.0,10.0,False,False,True,80.72190956724239
265,301185.SZ,鸥玛软件,0.0423991726990693,36.148890479599125,1.5130942521194712,1.7450383077772285,0.8069072372363542,1.0689620312378716,140470363.0,14.29,14.82,14.15,14.79,2595900.0,37709670.0,14.38,2.8511821974965157,20.0,17.26,False,False,True,80.66175043663884
266,600587.SH,新华医疗,0.11337209302325574,27.69911504424778,1.6226024311334661,0.997461670095706,0.9536947584153532,1.012499184335352,606644549.0,12.06,12.24,11.83,11.91,6126680.0,73515634.0,12.08,-1.407284768211925,10.0,13.29,False,False,True,80.65592858529013
267,601985.SH,中国核电,0.37241379310344863,8.844339622641506,0.8752804335482377,0.6896264231419589,0.9629110700433888,0.7380403685885477,18883284867.0,8.7,8.76,8.64,8.75,96110659.0,853286365.0,8.74,0.11441647597254523,10.0,9.61,False,False,True,80.62099747719776
268,603209.SH,兴通股份,0.20357142857142863,27.10204081632652,1.557527897389482,1.0546952025001088,0.7151653899207377,0.9785014196463446,321491597.0,13.39,13.51,13.1,13.2,3317860.0,43908909.0,13.39,-1.4189693801344383,10.0,14.73,False,False,True,80.60935377450028
269,601022.SH,宁波远洋,0.08607594936708855,27.27272727272727,2.1108881376449915,0.668780052640775,0.8656184579473916,0.44389326374004706,1308633334.0,7.65,7.65,7.48,7.51,3884900.0,29500571.0,7.6,-1.1842105263157876,10.0,8.36,False,False,True,80.57054143217543
270,600886.SH,国投电力,0.2588652482269505,15.105008077544424,1.0547160045055892,0.4809893714185611,1.1540951180980499,1.2544452542467484,7454179797.0,12.87,13.31,12.84,13.26,44976645.0,611956738.0,13.0,2.0000000000000018,10.0,14.3,False,False,True,80.56860081505918
271,600008.SH,首创环保,0.18644067796610153,19.77611940298507,1.1312940414144885,1.1178334436641635,1.0044129294569488,0.7042922824446076,7340590677.0,2.79,2.81,2.76,2.79,57791110.0,160984409.0,2.79,0.0,10.0,3.07,False,False,True,80.5647195808267
272,600398.SH,海澜之家,0.2978723404255322,25.933202357563868,1.387831730117211,0.5601116052209325,0.8830523258309314,1.0194798951103217,4802770296.0,5.61,5.66,5.56,5.59,27424900.0,153882459.0,5.65,-1.0619469026548756,10.0,6.22,False,False,True,80.55889772947796
273,600908.SH,无锡银行,0.23913043478260876,16.869918699186993,1.4367454347953605,0.7497952927737745,0.9997573592604514,0.9125283222528076,1999312665.0,5.19,5.25,5.16,5.18,13679486.0,71138968.0,5.25,-1.333333333333342,10.0,5.78,False,False,True,80.54725402678052
274,300898.SZ,熊猫乳品,0.03714935557240348,36.53095370886783,1.583290660537449,1.9062532823196254,0.6799688289709332,1.2791384859338053,114743548.0,18.3,18.44,17.75,18.37,2797863.0,50685953.0,18.42,-0.2714440825190012,20.0,22.1,False,False,True,80.51038230157191
275,688370.SH,丛麟科技,0.12571898110106802,30.707070707070706,1.722107126363817,0.65987819708012,0.9092740942635267,0.5041497880618295,137107879.0,21.46,21.46,20.93,21.43,456127.0,9686319.0,21.33,0.46882325363337696,20.0,25.6,False,False,True,80.46186687366581
276,002003.SZ,伟星股份,0.2138728323699422,22.26368159203982,1.3864347053784687,0.7771779782911904,1.0062823506771978,1.4686089818626324,1035340341.0,8.78,8.78,8.47,8.55,11726646.0,100517515.0,8.78,-2.6195899772209374,10.0,9.66,False,False,True,80.44052008538716
277,600941.SH,中国移动,0.19397283531409198,18.400093698758504,1.1035258347900458,1.0919120917271157,1.0298406162349978,0.7764088444337656,902767867.0,89.19,90.03,88.59,88.71,7653397.0,684407121.0,89.95,-1.37854363535298,10.0,98.95,False,False,True,80.38618280613235
278,600018.SH,上港集团,0.3559322033898303,11.97339246119733,1.1554837840076675,0.23936348740594945,1.0774514473880772,0.9370251250509808,23246718350.0,4.92,4.96,4.87,4.93,52139972.0,264022316.0,4.93,0.0,10.0,5.42,False,False,True,80.38424218901612
279,300625.SZ,三雄极光,0.02168674698795178,39.77272727272727,1.4644181740964441,1.539372364401602,0.9478687812882713,0.7949550733673024,161971756.0,8.88,9.04,8.67,8.91,1982100.0,17516633.0,8.89,0.22497187851517886,20.0,10.67,False,False,True,80.37259848631865
280,301206.SZ,三元生物,0.18586088939566695,27.328029948525966,1.396349483523942,0.8922414686052562,0.9407781385066795,1.1658493700384807,130283123.0,22.98,23.01,22.2,22.55,1355230.0,31147228.0,23.0,-1.9565217391304346,20.0,27.6,False,False,True,80.34154861245875
281,002069.SZ,獐子岛,0.07234042553191485,36.45833333333335,1.6367281554169497,1.272418754506739,0.7554140348614345,0.7895999745621409,710216194.0,3.06,3.08,2.99,3.05,7135555.0,21620384.0,3.05,0.0,10.0,3.36,False,False,True,80.24645837376286
282,002807.SZ,江阴银行,0.2647058823529412,16.712328767123275,1.1933072803789595,1.1055237544268637,0.9111619067158991,0.9415213112068013,2703506366.0000005,3.89,3.94,3.87,3.88,28140263.0,109954161.0,3.92,-1.0204081632653073,10.0,4.31,False,False,True,80.2251115854842
283,600282.SH,南钢股份,0.31764705882352956,25.850340136054406,1.3769061832267815,0.588128451555794,0.8856924845592861,1.284657467279474,6165091011.0,4.61,4.61,4.41,4.45,46579951.0,213135660.0,4.61,-3.470715835141003,10.0,5.07,False,False,True,80.22511158548419
284,301339.SZ,通行宝,0.03965303593556385,35.099999999999994,1.9235848207777635,0.7778438925938874,1.0228786105583147,0.8120066662838581,569800000.0,10.22,10.32,10.05,10.2,3598939.0,36539913.0,10.32,-1.1627906976744318,20.0,12.38,False,False,True,80.14748690083447
285,603566.SH,普莱柯,0.1346863468634684,29.81171548117154,1.8797003515178248,0.7873988910660549,0.7707437396122198,0.8333545880100504,346062273.0,10.21,10.3,9.99,10.12,2270800.0,22919197.0,10.29,-1.6520894071914483,10.0,11.32,False,False,True,80.13390258102076
286,601997.SH,贵阳银行,0.10465116279069799,18.627450980392158,1.3012614131531968,1.223473347727888,1.2707875926434071,1.0651500564163383,3656198076.0,5.25,5.27,5.21,5.26,47646941.0,249730021.0,5.28,-0.37878787878788955,10.0,5.81,False,False,True,80.10479332427713
287,002186.SZ,全 聚 德,0.06685236768802234,38.47102342786683,1.5064806430407252,1.172804424988825,0.8582221463743087,1.1123398795825425,306801588.0,8.59,8.66,8.39,8.48,4002402.0,33912936.0,8.59,-1.280558789289865,10.0,9.45,False,False,True,80.08732777023093
288,601916.SH,浙商银行,0.14423076923076913,14.230769230769225,1.474970532532821,0.7553324084671891,1.323341501531913,0.8146563416601443,21544435963.0,2.74,2.75,2.69,2.71,132570743.0,360163246.0,2.75,-1.4545454545454528,10.0,3.03,False,False,True,80.07762468464972
289,001965.SZ,招商公路,0.3024054982817872,18.899521531100483,1.6623480616464046,0.183573399852182,0.9062585157076983,0.8331315467390782,6795094992.0,9.24,9.39,9.11,9.35,10392472.0,99970497.0,9.24,1.1904761904761862,10.0,10.16,False,False,True,80.06015913060354
290,603587.SH,地素时尚,0.32153392330383473,28.444881889763796,1.5513374951918508,0.35382162395857697,0.7925044259936,0.7892107513196972,472702787.0,11.21,11.3,11.06,11.15,1321282.0,15242457.0,11.25,-0.8888888888888835,10.0,12.38,False,False,True,80.0582185134873
291,603970.SH,中农立华,0.12774451097804404,37.61854583772393,1.3635785722921008,0.8004905235649865,0.863505631576962,0.6162512996581896,268800134.0,10.14,10.19,9.87,10.01,1326000.0,13261152.0,10.13,-1.184600197433372,10.0,11.14,False,False,True,80.02328740539491
292,601216.SH,君正集团,0.13953488372093054,30.29556650246308,1.7313380630167,0.8889348869900772,0.8370692945156242,0.6952885427974146,8438017389.999999,4.37,4.44,4.33,4.42,52152537.0,228834729.0,4.36,1.3761467889908063,10.0,4.8,False,False,True,79.97477197748883
293,002239.SZ,奥特佳,0.046153846153846184,32.05128205128205,1.5776139705939942,1.9936173213945536,0.8423141871336036,0.7362606504569256,3266152096.0,2.39,2.41,2.36,2.38,41572440.0,98984100.0,2.4,-0.8333333333333304,10.0,2.64,False,False,True,79.96118765767514
294,600738.SH,丽尚国潮,0.0869565217391305,35.977337110481585,1.5619591952885332,1.1628885241010456,0.8481666355920572,0.922007426455876,760666196.0,3.71,3.76,3.63,3.69,8155801.0,30136571.0,3.73,-1.072386058981234,10.0,4.1,False,False,True,79.94760333786144
295,002839.SZ,张家港行,0.2999999999999997,20.155038759689937,1.381310565286244,0.9064044352375814,0.8916930907335963,1.2217056380405944,2442082870.0,4.13,4.16,4.08,4.09,27042200.0,111360298.0,4.14,-1.207729468599028,10.0,4.55,False,False,True,79.93595963516398
296,601998.SH,中信银行,0.25625,22.335766423357683,1.3770204005627873,0.17002347708035603,1.1106430704912615,0.6896326841563858,40762999287.0,7.18,7.19,7.08,7.13,47796144.0,340974639.0,7.2,-0.9722222222222299,10.0,7.92,False,False,True,79.88356297302542
297,002441.SZ,众业达,0.005571030640668404,35.278154681139775,1.950504262548113,1.952399756132183,0.8262171524322032,0.78139688024029,398964279.0,7.37,7.45,7.16,7.33,6082168.0,45342553.0,7.39,-0.8119079837618393,10.0,8.13,False,False,True,79.87774112167669
298,002091.SZ,江苏国泰,0.13387978142076487,36.402266288951864,1.6371918639629464,0.907204144408669,0.6432350638074698,0.866866567393347,1602372071.0,7.31,7.39,7.2,7.35,12579638.0,91712028.0,7.35,0.0,10.0,8.09,False,False,True,79.85639433339801
299,002004.SZ,华邦健康,0.1467391304347824,34.30079155672823,1.5633818578582406,1.067386955843205,0.7175030527478871,0.8568182233971321,1885347429.0,4.04,4.07,3.97,3.99,17230278.0,70588554.0,4.06,-1.724137931034464,10.0,4.47,False,False,True,79.82146322530564
300,600597.SH,光明乳业,0.142857142857143,25.0,1.656645898162114,0.608286998263862,1.1093352374906877,0.9505702453907156,1378455363.0,6.44,6.44,6.26,6.29,7970498.0,50494617.0,6.44,-2.329192546583858,10.0,7.08,False,False,True,79.8195226081894
301,000550.SZ,江铃汽车,0.15088757396449703,28.237650200267026,1.7916332602533938,0.7158689153535949,0.8881173587462419,0.8621543010207741,518463160.0,15.99,16.03,15.59,15.67,3199900.0,52087929.0,16.0,-2.0625000000000004,10.0,17.6,False,False,True,79.79817581991072
302,002059.SZ,云南旅游,0.07371007371007388,33.33333333333335,1.8475699031662898,1.0289850273482684,0.8723463229052095,0.8614559933273789,990393246.0,4.26,4.33,4.16,4.24,8731500.0,37143165.0,4.32,-1.851851851851849,10.0,4.75,False,False,True,79.79623520279449
303,002481.SZ,双塔食品,0.10580204778156985,28.37837837837838,1.5112908214906544,1.0328077330897436,1.098047106861961,0.7973212673846394,1118152600.0,3.98,4.0,3.89,3.95,9206798.0,36175005.0,4.01,-1.4962593516209433,10.0,4.41,False,False,True,79.79235396856201
304,600036.SH,招商银行,0.2650972364380755,13.803145020384378,1.2649146873166284,0.45864307539164506,1.1978184893610702,0.8092373648463457,20628944429.0,36.69,36.8,36.37,36.55,76564557.0,2875450172.0,36.93,-1.0289737340915317,10.0,40.62,False,False,True,79.78653211721328
305,300610.SZ,晨化股份,0.016826923076923146,35.81296493092454,1.4908573206243585,2.4512825488718755,0.8732011282322357,0.8315685358798485,165577628.0,9.47,9.52,9.13,9.38,3375150.0,31396660.0,9.48,-1.0548523206751037,20.0,11.38,False,False,True,79.76324471181836
306,603025.SH,大豪科技,0.019417475728155362,34.05238828967641,2.296367899197196,0.8726034693181702,0.9760114472910122,1.0297760570067611,1109174773.0,13.15,13.79,12.94,13.64,9966891.0,132011718.0,13.14,3.8051750380517557,10.0,14.45,False,False,True,79.72249175237725
307,601607.SH,上海医药,0.2533936651583712,15.126625598904875,1.3146876685419449,0.42826160579974104,1.2120422519598104,0.7352314701532319,2789207505.0,15.68,15.84,15.51,15.64,8782417.0,141104154.0,15.73,-0.5721551176096629,10.0,17.3,False,False,True,79.71861051814479
308,603811.SH,诚意药业,0.09034907597535943,22.93447293447295,1.7051816196854925,1.3926899349903334,0.977403955252838,0.7962195125415714,458226048.0,7.3,7.43,7.14,7.23,4386250.0,31743070.0,7.36,-1.7663043478260865,10.0,8.1,False,False,True,79.69338249563361
309,601825.SH,沪农商行,0.18777292576419208,24.195804195804204,1.3885609516989221,0.2757540635085395,1.2550223158665192,0.7568527238942746,9374441403.0,7.53,7.64,7.44,7.53,19564948.0,151798144.0,7.58,-0.659630606860151,10.0,8.34,False,False,True,79.63904521637882
310,002381.SZ,双箭股份,0.10434782608695624,33.59840954274353,1.3433835223336266,1.5266121214604043,0.8304576306739809,1.0510478468490807,322026500.0,5.28,5.28,5.12,5.18,5149350.0,26710493.0,5.27,-1.7077798861480087,10.0,5.8,False,False,True,79.61769842810014
311,002644.SZ,佛慈制药,0.10982658959537576,32.42835595776772,1.9212537977528377,0.8433232091207945,0.7628517780434879,0.5676266675707288,510657000.0,7.19,7.33,7.08,7.15,2444478.0,17499423.0,7.2,-0.694444444444442,10.0,7.92,False,False,True,79.59247040558897
312,300298.SZ,三诺生物,0.09631728045325791,29.3193717277487,1.5668094540675548,1.15461394778005,1.044070109826097,1.0219756590381064,448001059.0,14.35,14.62,14.12,14.24,5282700.0,75767690.0,14.39,-1.0423905489923557,20.0,17.27,False,False,True,79.58664855424024
313,600739.SH,辽宁成大,0.04607046070460701,24.020618556701034,2.0106439438391446,0.9839418759599239,1.2009865699561646,0.967958783136103,1522315928.0000002,9.88,9.97,9.74,9.92,14498768.0,144938924.0,9.87,0.5065856129685908,10.0,10.86,False,False,True,79.55365806326412
314,002228.SZ,合兴包装,0.019830028328611853,39.17525773195876,1.5937327781827078,1.7321543882083679,0.9094915176673537,0.9657071605065375,1209321709.0,2.95,3.0,2.9,2.99,20228976.0,59720953.0,2.98,0.3355704697986628,10.0,3.28,False,False,True,79.45662720745197
315,600039.SH,四川路桥,0.35335689045936414,33.789329685362524,1.18509611510211,0.20199339029487498,0.8040442704770149,0.8729428666627798,8695590645.0,8.28,8.32,8.04,8.09,15332821.0,131156419.0,8.31,-2.6474127557160165,10.0,9.14,False,False,True,79.45662720745196
316,601518.SH,吉林高速,0.24999999999999978,17.557251908396942,1.3818045525846085,0.94425516524576,1.0076239308317814,0.6003704101021564,1890553169.0,2.69,2.69,2.64,2.67,10717600.0,28544927.0,2.69,-0.743494423791824,10.0,2.96,False,False,True,79.44692412187075
317,000598.SZ,兴蓉环境,0.35971223021582743,15.85976627712855,1.136395265011733,0.8402426781320358,0.9878359837753793,0.7037787975687324,2979228446.0,6.48,6.52,6.43,6.48,17617515.0,117963147.0,6.49,-0.15408320493065508,10.0,7.14,False,False,True,79.43333980205705
318,001238.SZ,浙江正特,0.05238726790450923,33.42105263157895,1.6820325976391992,0.468090433340982,1.480257266796164,0.5120103378894564,145422996.0,27.31,27.4,26.81,27.16,348040.0,9434926.0,27.39,-0.8397225264695107,10.0,30.13,False,False,True,79.42751795070832
319,600585.SH,海螺水泥,0.07874762808349131,37.430512662137104,1.3174536995398212,0.8618080674543015,1.1038671631509598,0.9853346090215686,3999702579.000001,16.93,16.97,16.58,16.74,33964247.0,568182950.0,17.02,-1.6451233842538215,10.0,18.72,False,False,True,79.37900252280224
320,601919.SH,中远海控,0.27083333333333326,13.990825688073393,1.3557047519814702,0.7562399224705736,1.097265139912491,0.5812269215415196,12556536965.0,13.93,13.99,13.8,13.92,55191779.0,767801009.0,13.99,-0.5003573981415266,10.0,15.39,False,False,True,79.37706190568602
321,600023.SH,浙能电力,0.2596685082872927,31.827515400410668,1.6303988020653022,0.4322841705851894,0.770409796179396,0.5272654075511504,13408732749.0,5.05,5.09,4.99,5.04,30562322.0,162092032.0,5.08,-0.7874015748031482,10.0,5.59,False,False,True,79.35959635163982
322,600354.SH,敦煌种业,0.059620596205962,37.419354838709666,1.333023944981927,2.164231969301821,0.49332164039318077,0.7677060704234145,527802080.0,4.86,4.89,4.75,4.84,8769400.0,42174348.0,4.87,-0.6160164271047264,10.0,5.36,False,False,True,79.35765573452358
323,600694.SH,大商股份,0.2456140350877191,23.592906707787197,1.4851482521093318,0.9220708186654134,0.9256666617636945,0.6705484555294018,378793611.0,14.09,14.17,13.89,13.96,2342055.0,32792292.0,14.09,-0.9226401703335663,10.0,15.5,False,False,True,79.29749660392005
324,000001.SZ,平安银行,0.2304687499999999,12.576687116564433,1.2641039057804826,0.6013261293546515,1.3114898086288602,0.6403153755018455,19405684991.0,10.32,10.36,10.21,10.26,74719101.0,785387063.0,10.37,-1.060752169720347,10.0,11.41,False,False,True,79.29749660392004
325,300888.SZ,稳健医疗,0.12402636309167167,31.761496492595498,1.5972959960831274,0.6328188691502901,1.078237309249455,0.9446768966972112,580360952.0,27.53,27.98,27.02,27.16,3466920.0,96275959.0,27.73,-2.0555355210962856,20.0,33.28,False,False,True,79.27809043275761
326,002390.SZ,信邦制药,0.1176470588235295,33.07086614173227,1.6243338513071914,1.1677991870246298,0.8376060688476906,0.7536065486206589,1927818234.0,2.71,2.77,2.67,2.71,16965818.0,46065607.0,2.72,-0.3676470588235392,10.0,2.99,False,False,True,79.23733747331652
327,601800.SH,中国交建,0.06471816283924835,36.70886075949367,1.4930621233608676,0.44897783455602736,1.3778515691084323,0.6335758014764797,11722873078.999998,5.83,5.84,5.71,5.78,33440374.0,195167335.0,5.84,-1.0273972602739656,10.0,6.42,False,False,True,79.20337667378226
328,603170.SH,宝立食品,0.2202486678507993,28.92018779342722,1.6653893428896716,0.6640408364790835,0.8672270560579842,0.8790278777654681,400010000.0,11.82,11.82,11.37,11.48,2334900.0,27280698.0,11.89,-3.4482758620689613,10.0,13.08,False,False,True,79.18494081117795
329,605337.SH,李子园,0.08396946564885506,35.49190535491908,1.7845259973862344,0.8565381260366055,0.9056694162548338,0.7589827507225949,390102653.0,8.58,8.62,8.3,8.37,2536048.0,21290340.0,8.58,-2.447552447552459,10.0,9.44,False,False,True,79.17911895982922
330,600741.SH,华域汽车,0.11694915254237279,35.95271210013908,1.2656336548502902,0.5908791268928231,1.1329517466168273,0.8063736642619307,3152723984.0,15.06,15.07,14.77,14.87,15021764.0,236989780.0,15.07,-1.3271400132714106,10.0,16.58,False,False,True,79.177178342713
331,000998.SZ,隆平高科,0.1280000000000001,37.142857142857146,1.5181985497789228,1.1420712537401405,0.7128861545959267,0.8049936581797552,1315050546.0,7.77,7.84,7.7,7.74,12086100.0,93866078.0,7.83,-1.1494252873563204,10.0,8.61,False,False,True,79.17426741703862
332,002275.SZ,桂林三金,0.2386831275720165,20.82283795130142,1.7715807561957106,0.3771008969578715,0.9563840349730891,0.7878807125788727,564751305.0,13.11,13.3,12.93,13.17,1664700.0,21865593.0,13.07,0.7651109410864443,10.0,14.38,False,False,True,79.17135649136426
333,000428.SZ,华天酒店,0.08955223880597021,37.91946308724834,1.6905337895170942,1.1387346480509832,0.7132884660610272,1.0561268005620061,1018926000.0,3.07,3.11,3.01,3.04,12254095.0,37362077.0,3.1,-1.9354838709677469,10.0,3.41,False,False,True,79.14806908596934
334,600300.SH,维维股份,0.1862745098039216,34.30656934306568,1.3195077424112027,1.292587878698454,0.6387539597474379,0.7662638096672112,1617142180.0,2.92,2.95,2.88,2.91,16017200.0,46528888.0,2.93,-0.6825938566552892,10.0,3.22,False,False,True,79.1461284688531
335,301267.SZ,华厦眼科,0.06400966183574873,29.65034965034963,1.954268055102484,0.7329945751106864,1.1249780681848978,0.9620324447051465,648444383.0,14.71,15.08,14.59,14.68,4572600.0,67449657.0,14.83,-1.011463250168576,20.0,17.8,False,False,True,79.13060353192316
336,300306.SZ,远方信息,0.019543973941367955,38.06941431670281,1.540654419610883,1.942460313130882,0.9509986491102761,1.1402304615885244,157651136.0,9.36,9.36,9.03,9.27,3491740.0,32100556.0,9.34,-0.7494646680942241,20.0,11.21,False,False,True,79.06268193285466
337,000423.SZ,东阿阿胶,0.2975391498881434,26.540397986094465,1.5280466897007017,0.8056545557462933,0.8500701379080141,0.6034301607977155,638700293.0,45.35,45.96,44.89,45.52,3119600.0,146314850.0,45.7,-0.3938730853391692,10.0,50.27,False,False,True,79.06074131573841
338,600858.SH,银座股份,0.061538461538461375,36.915887850467286,1.5543619696462903,1.519211785076661,0.8804480451264509,0.7599091281004581,517548029.0,4.53,4.56,4.42,4.47,5974900.0,26700574.0,4.52,-1.106194690265483,10.0,4.97,False,False,True,78.9792353968562
339,002063.SZ,远光软件,0.10256410256410264,37.090163934426236,1.5631342425566432,1.4580625647398284,0.5497880194051551,0.9801399164585409,1769109143.0,5.15,5.16,5.07,5.12,25282968.0,129217589.0,5.16,-0.7751937984496138,10.0,5.68,False,False,True,78.95400737434504
340,002626.SZ,金达威,0.09753363228699542,39.30232558139532,1.8256465101778154,0.6696114225739314,0.7095956439704113,0.9919432224482686,609861032.0,13.73,13.95,13.49,13.64,4050797.0,55392067.0,13.77,-0.9440813362381895,10.0,15.15,False,False,True,78.9384824374151
341,000717.SZ,中南股份,0.10769230769230777,30.72916666666665,1.9553177411644243,0.8889873997031614,0.8459689096902414,0.7271452509704133,2423697090.0,2.06,2.1,2.04,2.06,15666839.0,32319211.0,2.06,0.0,10.0,2.27,False,False,True,78.90161071220648
342,002554.SZ,惠博普,0.08368200836820074,29.31034482758621,1.6227757386676416,2.0843323210114737,0.703447947974638,0.9005734300259555,1333469849.9999998,2.99,3.02,2.92,2.96,25030500.0,74375685.0,2.94,0.6802721088435382,10.0,3.23,False,False,True,78.86959052978848
343,603855.SH,华荣股份,0.223723723723724,24.59123610202747,1.6053614376931513,0.763475624566915,0.9760843025748007,0.7314023996130551,335532500.0,16.77,16.78,16.43,16.65,1873640.0,31019240.0,16.78,-0.7747318235995393,10.0,18.46,False,False,True,78.82980787890548
344,600377.SH,宁沪高速,0.30612244897959207,13.974591651542667,1.2854476570507656,0.296239582551324,1.2662277925326364,1.34620014671102,3802183001.0,12.08,12.29,11.92,12.19,15163021.0,191759480.0,12.07,0.9942004971002394,10.0,13.28,False,False,True,78.75800504560449
345,601128.SH,常熟银行,0.2661290322580645,17.013888888888907,1.096930277274562,1.1209724226217994,1.0444471000031004,0.8919297723473438,3648179244.0,6.05,6.08,5.99,6.02,36475541.0,219929643.0,6.09,-1.1494252873563315,10.0,6.7,False,False,True,78.73471764020958
346,002690.SZ,美亚光电,0.10357142857142866,31.804733727810653,1.449516327653918,1.3139831885684083,1.0081795367855793,1.8372404326535188,427032322.0,14.39,14.81,14.31,14.52,10419644.0,152443859.0,14.39,0.9034051424600342,10.0,15.83,False,False,True,78.70366776634971
347,002646.SZ,天佑德酒,0.04190476190476186,33.66013071895424,1.7307318851824298,1.3285115433740466,1.0976509786568858,0.7001160142537672,475887499.0,6.34,6.4,6.19,6.25,4426000.0,27722589.0,6.34,-1.4195583596214534,10.0,6.97,False,False,True,78.67649912672229
348,600780.SH,通宝能源,0.06159420289855072,38.558558558558566,1.7956755049418454,1.3304756198953378,0.6812033014695078,0.5231081153277775,1146502523.0,5.58,5.64,5.51,5.58,7979458.0,45800064.0,5.61,-0.5347593582887722,10.0,6.17,False,False,True,78.6667960411411
349,603656.SH,泰禾智能,0.059716599190283395,29.486404833836843,1.4159837285101502,1.734953094573731,1.1541858022414144,0.6323534302117524,182945358.0,17.3,17.3,16.58,17.05,2007100.0,33886302.0,17.14,-0.5250875145857647,10.0,18.85,False,False,True,78.54841839705027
350,001380.SZ,华纬科技,0.0461538461538462,34.12698412698414,2.1409588813734084,0.7901434145259215,1.0057374000972155,0.6548310246457586,232732365.0,15.71,15.94,15.49,15.69,1326451.0,20788753.0,15.84,-0.9469696969697017,10.0,17.42,False,False,True,78.44556568988938
351,603755.SH,日辰股份,0.03931987247608936,33.95285584768813,2.005038719719874,1.3879179198269616,0.9046711282966488,0.7108309963136298,98613681.0,22.79,22.94,22.18,22.55,972898.0,21876690.0,22.8,-1.0964912280701733,10.0,25.08,False,False,True,78.43780322142442
352,603719.SH,良品铺子,0.06125827814569525,32.1933962264151,1.7826202314988304,1.182251034912712,1.0710287097472713,0.8860564433420065,401000000.0,8.81,8.9,8.62,8.71,4200640.0,36628568.0,8.85,-1.5819209039547921,10.0,9.74,False,False,True,78.42033766737823
353,000738.SZ,航发控制,0.013157894736841964,36.60818713450291,2.343128020809254,1.455052379397059,0.772347527116553,0.7881649985129816,1315184001.0,17.27,17.49,16.81,17.45,15082811.0,258143448.0,17.27,1.0422698320787571,10.0,19.0,False,False,True,78.41839705026197
354,600829.SH,人民同泰,0.05783582089552232,39.38992042440317,1.9193862165207545,1.0113950386922284,0.7751126794664338,0.9136457688703827,579888597.0,7.95,8.15,7.81,7.97,5358500.0,42518479.0,8.03,-0.747198007471972,10.0,8.83,False,False,True,78.41645643314574
355,000157.SZ,中联重科,0.0928792569659442,30.480480480480466,1.7922169773035037,1.1318007390325435,0.9781888507628186,0.8021264529791822,7070417363.0,6.95,6.95,6.8,6.91,64184285.0,452212922.0,6.96,-0.7183908045977017,10.0,7.66,False,False,True,78.38540655928585
356,600887.SH,伊利股份,0.3080168776371303,15.488215488215484,1.087708797067053,0.9064454582269361,1.1165365401791805,0.900860473532366,6293929721.0,25.01,25.12,24.82,24.85,51395027.0,1281074284.0,25.22,-1.4670896114195031,10.0,27.74,False,False,True,78.3698816223559
357,002344.SZ,海宁皮城,0.12755102040816327,36.82634730538923,1.5604438425724916,0.881593439750512,0.9055153389522838,0.7457509190159969,1281450092.0,3.59,3.62,3.5,3.53,8424100.0,29834502.0,3.59,-1.671309192200554,10.0,3.95,False,False,True,78.28643508635746
358,300439.SZ,美康生物,0.14814814814814828,35.37675606641124,1.5952175102643744,1.0225455230702662,0.8271228822851087,1.0965371898827534,292332051.0,8.4,8.55,8.2,8.31,3277800.0,27338372.0,8.47,-1.8890200708382543,20.0,10.16,False,False,True,78.27479138366
359,600085.SH,同仁堂,0.13020833333333334,30.04672897196261,1.576806492068751,0.6378284416640114,1.2449284615960996,0.9175282202806214,1371470262.0,23.31,23.65,22.93,23.12,8026195.0,186083338.0,23.4,-1.1965811965811812,10.0,25.74,False,False,True,78.22433533863769
360,002299.SZ,圣农发展,0.2085020242914978,29.41970310391362,1.6395690920295096,0.8841216831836337,0.8924129289676022,0.907378604517661,1218599736.0,15.7,15.85,15.38,15.55,9777202.0,152242602.0,15.85,-1.8927444794952564,10.0,17.44,False,False,True,78.2068697845915
361,000529.SZ,广弘控股,0.15668202764976952,34.988179669030714,1.6296350575476264,0.854424528293388,0.8688384750246708,0.8696238106876774,569884377.0,4.54,4.59,4.46,4.51,4234400.0,19064976.0,4.57,-1.3129102844639085,10.0,5.03,False,False,True,78.19522608189403
362,300070.SZ,碧水源,0.08571428571428569,35.03184713375796,1.5092846335926866,1.0910946645828214,1.0890107128039284,0.9081843121197162,3477748047.0,3.28,3.29,3.2,3.23,34166444.0,110697642.0,3.29,-1.823708206686936,20.0,3.95,False,False,True,78.18940423054532
363,601328.SH,交通银行,0.2280701754385963,12.560386473429963,1.2647324016034305,0.8272469642865534,1.353104431428008,0.8721183894686492,26072439569.0,6.58,6.59,6.49,6.51,188101516.0,1259118039.0,6.6,-1.3636363636363669,10.0,7.26,False,False,True,78.17970114496408
364,600798.SH,宁波海运,0.017441860465116168,28.666666666666664,2.0066235815027555,2.2370558644445695,0.9264506995359311,0.27970755460737884,1206534201.0,3.04,3.04,3.0,3.03,7549543.0,22786372.0,3.03,0.0,10.0,3.33,False,False,True,78.16223559091792
365,600116.SH,三峡水利,0.15846994535519127,30.426716141001876,1.6608428146812628,1.116761875136498,0.8869368773289322,0.6575261523932593,1912142904.0,5.66,5.69,5.6,5.64,14040868.0,80147030.0,5.68,-0.7042253521126751,10.0,6.25,False,False,True,78.15447312245294
366,000881.SZ,中广核技,0.01971830985915501,34.52768729641693,2.0980701556821986,1.4451484865424862,0.9758095831125946,0.834839826776451,903730851.0,6.18,6.28,6.0,6.15,10903232.0,66633577.0,6.21,-0.9661835748792202,10.0,6.83,False,False,True,78.1486512711042
367,000650.SZ,仁和药业,0.19905213270142175,22.457627118644076,1.5293056840764334,1.1890559404885421,0.9974458462723075,1.0423176638220324,1331385834.0,5.11,5.2,5.04,5.08,16500850.0,86359719.0,5.14,-1.1673151750972721,10.0,5.65,False,False,True,78.13312633417428
368,000090.SZ,天健集团,0.047872340425531845,34.576271186440664,1.669425931772127,1.3147435744255092,1.1206405603117882,0.5558616008567544,1868459934.0,3.03,3.07,2.99,3.02,13654836.0,41678675.0,3.04,-0.6578947368421018,10.0,3.34,False,False,True,78.11177954589559
369,000651.SZ,格力电器,0.2517482517482514,12.684622067767148,0.9299808007947397,0.9077406558893225,1.3023841030246754,0.5832225728866298,5512892990.999999,36.55,36.56,36.22,36.4,29216322.0,1115583386.0,36.69,-0.7904061052057765,10.0,40.36,False,False,True,78.08267028915195
370,002673.SZ,西部证券,0.10693641618497116,18.993506493506484,1.78473209220842,0.8700894874904134,1.3151483622667348,0.6535088168221372,4469581705.0,6.53,6.59,6.46,6.57,25414540.0,166054471.0,6.53,0.6125574272588086,10.0,7.18,False,False,True,78.06714535222201
371,601059.SH,信达证券,0.2842998585572845,20.316804407713484,1.67081557143268,0.36258155565833605,1.0615214537380189,0.7324443135587342,3243000000.0,16.59,16.76,16.33,16.75,8612461.0,143114527.0,16.53,1.330913490623109,10.0,18.18,False,False,True,78.06520473510575
372,600616.SH,金枫酒业,0.07599999999999997,38.35616438356164,1.6025824967799696,1.1199292920029909,0.9380290064279627,0.9071612522073086,669004950.0,3.84,3.88,3.75,3.78,6796799.0,25786778.0,3.84,-1.5625,10.0,4.22,False,False,True,78.05744226664079
373,600674.SH,川投能源,0.323943661971831,15.482423335826478,1.2049906305230296,0.7094854543210299,1.2075619368385386,1.0533350159306623,4874606828.0,14.01,14.28,13.92,14.23,36429198.0,532326030.0,14.03,1.425516749821809,10.0,15.43,False,False,True,78.03803609547835
374,688475.SH,萤石网络,0.18481012658227858,26.011787819253442,1.682257669429757,0.633233060317455,1.0923232943422603,1.0624112146397275,787500000.0,27.17,28.0,26.98,27.97,5297937.0,145836564.0,27.34,2.3043160204827995,20.0,32.81,False,False,True,78.02445177566467
375,603323.SH,苏农银行,0.20454545454545459,17.58530183727036,1.3499615988456042,1.261352224170397,1.0986676276431826,1.1182610962275163,2220395581.0,4.07,4.08,4.02,4.03,30322334.0,122898679.0,4.08,-1.225490196078427,10.0,4.49,False,False,True,78.0128080729672
376,600335.SH,国机汽车,0.13565891472868238,32.30769230769231,1.6088641114481987,0.8415967761706349,1.0487914348961052,0.8941885234955448,1487456892.0,4.87,4.91,4.77,4.82,11193800.0,54984459.0,4.9,-1.6326530612244872,10.0,5.39,False,False,True,77.9759363477586
377,002065.SZ,东华软件,0.05395683453237407,33.880597014925385,1.8409801077024557,1.362506068043583,0.9787452652456847,1.0667730662821013,2945739379.0,6.93,7.01,6.78,6.97,42444086.0,294833736.0,7.0,-0.4285714285714337,10.0,7.7,False,False,True,77.88472734329517
378,000708.SZ,中信特钢,0.17235494880546073,33.577832110839445,1.4903713282479547,0.340134819701739,1.1333529993003963,0.8932856278432074,5047136128.0,12.67,12.71,12.36,12.49,15335094.0,194353522.0,12.67,-1.420678768745065,10.0,13.94,False,False,True,77.87114302348147
379,002041.SZ,登海种业,0.07422680412371123,36.25806451612903,1.6795429530770014,1.4344965340909042,0.8721583587940314,0.7030341140831838,880000000.0,8.07,8.12,7.94,8.03,8874800.0,71112291.0,8.11,-0.9864364981504337,10.0,8.92,False,False,True,77.86532117213274
380,002511.SZ,中顺洁柔,0.2058823529411764,38.73456790123455,1.392514066181086,0.9007810721911458,0.6811310898680675,1.0359677532606058,1264988608.0,6.99,7.05,6.85,6.94,11806202.0,81768721.0,7.04,-1.4204545454545414,10.0,7.74,False,False,True,77.86143993790024
381,000501.SZ,武商集团,0.07923930269413629,33.124999999999986,1.8855510676898604,0.9716882041486599,1.0042226901424982,0.7248749606881711,768293891.0,6.93,6.97,6.78,6.9,5411186.0,37065459.0,6.9,0.0,10.0,7.59,False,False,True,77.79351833883175
382,000768.SZ,中航西飞,0.03679476696647582,31.333333333333325,2.4072066288579625,1.077928383626733,0.9263217673502513,0.6226829315442814,2776414009.0,19.92,20.14,19.63,20.09,18635502.0,370620267.0,19.95,0.7017543859649145,10.0,21.95,False,False,True,77.71783427129827
383,600278.SH,东方创业,0.09090909090909102,34.79020979020979,1.7525371437038426,0.8519983721863645,1.0485320368324589,0.6379912763848521,860518657.0,6.03,6.07,5.87,6.0,4677500.0,28142943.0,6.03,-0.4975124378109541,10.0,6.63,False,False,True,77.71783427129827
384,600997.SH,开滦股份,0.20689655172413784,30.151843817787416,2.021451522067756,0.6750563078368715,0.67809938524023,0.9919631754429534,1587799851.0,5.16,5.26,5.01,5.01,10632400.0,54365887.0,5.21,-3.8387715930902178,10.0,5.73,False,False,True,77.6964874830196
385,603797.SH,联泰环保,0.14285714285714282,37.46556473829201,1.6000644609296852,0.9370472888043154,0.8395625096145329,0.8754766948593773,576605190.0,3.87,3.9,3.77,3.84,4730256.0,18060386.0,3.86,-0.5181347150259086,10.0,4.25,False,False,True,77.60527847855617
386,300760.SZ,迈瑞医疗,0.06088699574041586,33.76533209905115,1.793501395357143,0.8517516482840369,1.2567080093706366,0.87589854485876,1211304108.0,135.72,139.66,134.95,138.4,9037273.0,1255901563.0,136.92,1.0809231668127417,20.0,164.3,False,False,True,77.57616922181253
387,000513.SZ,丽珠集团,0.16721527320605659,20.02168413444163,1.6626400906078351,1.077921733155025,1.1138795358635203,0.8796383088049359,567651788.0,30.06,30.58,29.71,29.86,5385181.0,161322776.0,30.21,-1.1585567692817045,10.0,33.23,False,False,True,77.54511934795265
388,600859.SH,王府井,0.05639097744360893,38.77777777777778,1.526309511325815,1.3971481495233367,1.0022592341532295,0.8586964351210579,1123828064.0,9.48,9.49,9.23,9.28,13482859.0,125821407.0,9.45,-1.7989417989418,10.0,10.4,False,False,True,77.54123811372017
389,300406.SZ,九强生物,0.1746724890829692,20.981713185755524,1.744750363665334,1.072522834529233,1.0284392493923311,0.9207738222402673,424322411.0,11.19,11.29,10.86,11.03,4190400.0,46816004.0,11.19,-1.429848078641649,20.0,13.43,False,False,True,77.48884145158162
390,600315.SH,上海家化,0.13924050632911386,35.696361355081564,1.7663273158661972,0.8037215253120634,0.8833851900897092,1.0739365253165987,672225980.0,17.61,17.78,17.21,17.4,5802291.0,102403235.0,17.81,-2.3020774845592396,10.0,19.59,False,False,True,77.4888414515816
391,601579.SH,会稽山,0.0642479213907785,39.79665940450254,1.8200105301724676,1.1947907582661805,0.7976632438968557,0.8137079936588174,479463409.0,14.5,14.62,14.25,14.42,4661395.0,67222521.0,14.62,-1.3679890560875485,10.0,16.08,False,False,True,77.48301960023288
392,002095.SZ,生 意 宝,0.026802218114602507,35.65705128205128,2.1615752527444743,1.3175308024564811,0.9448856123255764,0.6266648079888409,251708415.0,12.83,12.96,12.52,12.78,2078231.0,26459009.0,12.77,0.0783085356303781,10.0,14.05,False,False,True,77.46749466330292
393,600380.SH,健康元,0.17047817047817052,22.797356828193838,1.7548122950912912,0.8173003266670784,1.1199355922726457,0.9008865861472499,1829453386.0,9.86,10.07,9.72,9.88,13470172.0,133134219.0,9.9,-0.20202020202019222,10.0,10.89,False,False,True,77.43838540655929
394,002996.SZ,顺博合金,0.06748466257668732,31.076388888888886,1.7200749688999255,2.2327568606067807,0.7534866089479701,1.0019410086618963,458377491.0,5.99,6.03,5.74,5.91,9627650.0,56665121.0,5.98,-1.170568561872909,10.0,6.58,False,False,True,77.41509800116438
395,000028.SZ,国药一致,0.3554757630161581,26.7379679144385,1.8327213135716647,0.5370171637503579,0.781683922541961,0.8844870919866525,525859082.0,20.64,20.7,20.13,20.18,2410391.0,49069957.0,20.68,-2.4177949709864643,10.0,22.75,False,False,True,77.37822627595575
396,600717.SH,天津港,0.11046511627906973,22.27979274611398,1.6792873648129454,1.0122241169009516,1.397911799033017,0.6882072386402744,2894001038.0,4.04,4.06,3.99,4.0,20160189.0,80933817.0,4.05,-1.2345679012345623,10.0,4.46,False,False,True,77.3665825732583
397,600327.SH,大东方,0.07803468208092486,33.66336633663367,2.0576666311569562,1.168263012390389,0.8314716995368429,0.8934720334228285,884779518.0,3.3,3.35,3.22,3.27,9235420.0,30135567.0,3.3,-0.9090909090909038,10.0,3.63,False,False,True,77.3529982534446
398,600697.SH,欧亚集团,0.03856382978723393,35.56975505857294,1.6320023208487189,2.2437866294871776,0.8695006297464802,0.8373905763442325,155376015.0,9.68,9.84,9.51,9.58,2919400.0,28108510.0,9.68,-1.0330578512396604,10.0,10.65,False,False,True,77.32777023093344
399,601111.SH,中国国航,0.03921568627450972,25.510204081632647,2.4045344405876836,0.9700337451903864,1.1418696612444215,1.0459711648533538,11638109474.0,5.95,5.96,5.82,5.93,118083439.0,695833013.0,6.02,-1.4950166112956742,10.0,6.62,False,False,True,77.2676111003299
400,000999.SZ,华润三九,0.2144329896907215,26.851851851851837,1.7918169147589047,0.6781417520261339,0.9868213334565648,0.8908731815617817,1662560811.0,23.51,24.06,23.35,23.66,10044670.0,238630537.0,23.68,-0.08445945945946276,10.0,26.05,False,False,True,77.16669901028527
401,002389.SZ,航天彩虹,0.06172839506172845,37.44047619047619,1.7487402446840208,1.7883536839338183,0.7420155095590948,0.7952071613856481,984767026.0,17.58,17.78,17.17,17.76,14004433.0,244777224.0,17.6,0.9090909090909038,10.0,19.36,False,False,True,77.1181835823792
402,002736.SZ,国信证券,0.12479474548440092,26.243386243386247,1.839819846543244,0.4763104960703365,1.3497714653304191,0.6133366787368435,9612429377.0,10.17,10.27,10.05,10.26,28081626.0,285325584.0,10.21,0.48971596474043366,10.0,11.23,False,False,True,77.06578692024064
403,600660.SH,福耀玻璃,0.173913043478261,25.937834941050376,1.7933566956177702,0.7558503299861725,1.0880505938916405,0.7635818111399506,2002986332.0,50.47,50.74,49.51,49.74,11560307.0,587236146.0,50.85,-2.1828908554572313,10.0,55.94,False,False,True,76.99786532117213
404,600529.SH,山东药玻,0.16449511400651443,18.02600472813236,1.345120006224429,1.422855612174114,1.2446919732719222,0.8444896673238231,663614113.0000001,17.91,18.27,17.72,17.96,7973900.0,146216753.0,17.93,0.1673173452314547,10.0,19.72,False,False,True,76.96681544731224
405,603836.SH,海程邦达,0.09203980099502514,32.03125000000002,1.5137123277006306,1.301147777624444,1.2043067943241874,0.8392199987980227,278929332.0,8.12,8.12,7.89,7.95,2792100.0,22244692.0,8.05,-1.2422360248447228,10.0,8.86,False,False,True,76.88725014554629
406,603312.SH,西典新能,0.0030266343825666293,34.478330658105946,2.237784062576246,2.4346386944097995,0.7675959567815238,1.3247497380124487,50919500.0,31.0,33.15,30.69,33.15,1642300.0,52071666.0,31.25,6.0799999999999965,10.0,34.38,False,False,True,76.85231903745391
407,000883.SZ,湖北能源,0.2184873949579837,29.02439024390244,1.697908720033118,0.6563427108491449,1.0368462389293691,0.6629040873055381,6479510729.0,4.34,4.4,4.28,4.31,28192101.0,125934306.0,4.36,-1.146788990825709,10.0,4.8,False,False,True,76.84261595187269
408,603609.SH,禾丰股份,0.21369863013698628,28.776978417266207,1.7933605907492876,0.4600519423985113,1.034823607318833,0.6650535309460488,908291133.0,6.4,6.4,6.18,6.25,2779000.0,17338552.0,6.34,-1.4195583596214534,10.0,6.97,False,False,True,76.80574422666407
409,600926.SH,杭州银行,0.3624161073825503,20.641562064156215,1.1970406368080806,0.628838779517003,1.2814553890536908,0.7082412941318504,7249002548.0,15.33,15.34,15.13,15.22,32284853.0,491737988.0,15.4,-1.1688311688311637,10.0,16.94,False,False,True,76.77469435280419
410,300146.SZ,汤臣倍健,0.0868421052631579,22.66065388951524,1.9253099260642823,1.3832908392600105,1.0887499347745462,0.5917780682287261,1120818659.0,9.15,9.22,9.02,9.1,9174211.0,83390791.0,9.2,-1.0869565217391242,20.0,11.04,False,False,True,76.75334756452551
411,600642.SH,申能股份,0.33850931677018603,29.80049875311721,1.6751027234892875,0.4973119451886105,0.9111426915448471,1.1216568457389167,4893813156.0,8.31,8.48,8.23,8.42,27298343.0,241106691.0,8.28,1.6908212560386549,10.0,9.11,False,False,True,76.75334756452551
412,300172.SZ,中电环保,0.06513409961685822,36.842105263157876,1.4535782695035637,2.4730336645630673,0.7063205802822515,0.8038421540623485,523512387.0,4.15,4.17,4.04,4.11,10398840.0,42514014.0,4.16,-1.2019230769230727,20.0,4.99,False,False,True,76.69706966815448
413,300441.SZ,鲍斯股份,0.05630026809651473,23.760683760683765,1.8788639169517183,1.319801646045926,1.4354961395104866,0.9050892448439587,629019147.0,6.03,6.26,5.96,6.18,7490282.0,45658781.0,6.06,1.980198019801982,20.0,7.27,False,False,True,76.68542596545701
414,002351.SZ,漫步者,0.0444444444444447,30.32694475760993,1.8754518448729862,1.6481509824429978,1.1148226901539324,0.6977858270804101,527441600.00000006,9.12,9.25,9.04,9.21,6012632.0,54900579.0,9.13,0.8762322015334112,10.0,10.04,False,False,True,76.6349699204347
415,300627.SZ,华测导航,0.02513291445142579,32.83245679939895,1.9692434296254624,1.8188205003098872,1.0530006619253258,0.6086111486750269,655681456.0,27.14,27.52,26.74,27.35,7258503.0,196627040.0,27.14,0.773765659543102,20.0,32.57,False,False,True,76.59033572676111
416,000503.SZ,国新健康,0.03720930232558143,36.94581280788179,1.913814055780747,1.3668360912889754,1.0270686392990802,0.7146713483254045,979235472.0,6.29,6.38,6.22,6.3,9565550.0,60207864.0,6.33,-0.4739336492891044,10.0,6.96,False,False,True,76.58257325829614
417,601077.SH,渝农商行,0.34374999999999994,22.84768211920529,1.5923861665328451,0.6564719286372706,1.0697738720338859,0.9262079184578443,8838242409.0,6.34,6.41,6.26,6.37,53739121.0,340482448.0,6.37,0.0,10.0,7.01,False,False,True,76.5398796817388
418,603100.SH,川仪股份,0.12850241545893737,31.750924784217037,1.8465834839847752,1.064159073598673,0.9580497767535597,1.0505125344247748,511539166.0,17.63,17.68,16.98,17.22,5718560.0,98355049.0,17.55,-1.8803418803418959,10.0,19.31,False,False,True,76.45255191150787
419,600600.SH,青岛啤酒,0.143308746048472,26.474849927551226,1.5308906917940184,1.048124571293531,1.3794303680297573,0.5326464333629901,709125943.0,50.88,51.02,50.4,50.62,3958907.0,209347582.0,51.03,-0.8034489515971077,10.0,56.13,False,False,True,76.43896759169417
420,001202.SZ,炬申股份,0.10660792951541859,36.40661938534278,1.543878270447851,1.5215961486665943,0.8972260821065967,1.7190702371662108,116823955.0,13.86,13.87,13.34,13.55,3055800.0,41940506.0,13.9,-2.517985611510787,10.0,15.29,False,False,True,76.43508635746167
421,603739.SH,蔚蓝生物,0.09449929478138222,38.81932021466905,1.935354641032367,1.1614208080116786,0.6527316855174423,0.6867728810327209,253028866.00000003,11.81,11.96,11.51,11.71,2018240.0,23542309.0,11.85,-1.181434599156106,10.0,13.04,False,False,True,76.43314574034542
422,603231.SH,索宝蛋白,0.16579634464751972,26.63847780126849,1.3411658883398414,1.9853544947243749,0.9119916977561334,1.1309362272597863,106265982.0,15.46,15.46,14.75,15.02,2386000.0,35904697.0,15.46,-2.8460543337645583,10.0,17.01,False,False,True,76.40403648360179
423,002939.SZ,长城证券,0.051324503311258214,28.756476683937816,2.0515405623492633,0.951973307577772,1.4294963612119864,0.5832887261917304,3602659631.0,8.01,8.07,7.88,8.04,20004679.0,162215082.0,8.03,0.12453300124533051,10.0,8.83,False,False,True,76.36522414127693
424,600916.SH,中国黄金,0.033810143042912966,34.88023952095809,1.924763291441489,1.792439133928566,0.9759993357637775,0.7583042904978498,1680000000.0,6.85,6.97,6.79,6.93,22834800.0,158724622.0,6.94,-0.14409221902018654,10.0,7.63,False,False,True,76.3186493304871
425,601990.SH,南京证券,0.11742424242424225,19.040000000000013,1.8689144345221684,0.7551733096910371,1.5520117307926147,0.7307316484086955,4231724800.0,6.55,6.61,6.5,6.58,21619610.0,143346811.0,6.56,0.3048780487804992,10.0,7.22,False,False,True,76.31282747913836
426,000860.SZ,顺鑫农业,0.05505761843790009,38.04004214963119,1.5248335590922637,1.2093925562923586,1.3022198578744575,0.7619245826612394,741766989.0,9.86,9.95,9.74,9.78,6835130.0,67069814.0,9.92,-1.4112903225806495,10.0,10.91,False,False,True,76.29730254220843
427,688533.SH,上声电子,0.08292682926829278,39.699248120300766,2.0999189289201494,0.722026712018176,0.7940998995418388,0.8941467988224477,164987108.99999997,21.05,21.33,20.75,21.11,1065153.0,22377150.0,21.14,-0.141911069063394,20.0,25.37,False,False,True,76.2468464971861
428,600958.SH,东方证券,0.1301775147928993,15.75262543757292,1.8322412653148976,1.050164472269678,1.3211449194833933,0.6134371352636786,7469482864.0,9.01,9.08,8.95,9.07,48119147.0,443573204.0,9.01,0.6659267480577213,10.0,9.91,False,False,True,76.24490588006987
429,601857.SH,中国石油,0.26119402985074613,39.9284862932062,1.4247771618584832,0.103666449264977,0.8762119225679947,1.2926856218269882,161922077818.0,9.13,9.32,9.06,9.18,216988746.0,2039569971.0,9.04,1.5486725663716783,10.0,9.94,False,False,True,76.23520279448866
430,001201.SZ,东瑞股份,0.14663461538461545,34.53658536585365,1.5758339237486818,1.4307149812976392,0.8715418413809298,0.8232473261606718,212507395.0,11.59,11.73,11.35,11.5,2424392.0,28028942.0,11.47,0.2615518744550904,10.0,12.62,False,False,True,76.21773724044247
431,300999.SZ,金龙鱼,0.14969538729329845,28.425720620842565,1.5022899921197634,1.7848099812095688,0.943699634766802,0.7176754191390529,542647097.0,24.1,24.4,23.95,24.12,6950844.0,167705067.0,24.27,-0.61804697156983,20.0,29.12,False,False,True,76.19056860081506
432,600729.SH,重百集团,0.09732540861812769,22.797043774872105,1.6891795568658623,1.8405268107946233,1.0656483388923925,0.7460697295890292,192482844.0,18.67,18.96,18.49,18.49,2643100.0,51495780.0,18.9,-2.1693121693121653,10.0,20.79,False,False,True,76.18474674946631
433,603307.SH,扬州金泉,0.10194174757281556,38.58719646799118,1.3181578668628753,0.9021488419969075,1.226222462245329,0.5647920627777722,97150000.0,23.45,23.7,22.84,23.27,495005.0,11487362.0,23.7,-1.8143459915611837,10.0,26.07,False,False,True,76.17504366388512
434,688128.SH,中国电研,0.03516921035169195,28.07256235827664,2.322354681268746,0.9649488133498104,1.3308277402252018,0.7121859541561085,404500000.0,22.72,22.81,21.85,22.6,2779817.0,62622273.0,22.58,0.08857395925598865,20.0,27.1,False,False,True,76.16339996118765
435,002286.SZ,保龄宝,0.04964539007092198,32.69720101781171,1.9948081966810598,2.0849623081601205,0.7832463481676059,0.7911653466325922,369689568.0,8.01,8.11,7.83,7.9,6098214.0,49029222.0,8.07,-2.106567534076831,10.0,8.88,False,False,True,76.14981564137395
436,600679.SH,上海凤凰,0.07142857142857148,39.78622327790973,1.6045879383682344,1.0718809304980565,1.0814280101232887,0.7555931427886458,343694257.0,8.84,8.91,8.67,8.78,2783600.0,24515255.0,8.9,-1.3483146067415852,10.0,9.79,False,False,True,76.00620997477198
437,002311.SZ,海大集团,0.19737856592135683,23.015873015873023,1.8370428592515249,0.6710072903076465,1.164493307189581,0.8152829268962052,1651980384.0,45.22,45.61,44.19,44.44,8995289.0,403731169.0,45.44,-2.2007042253521125,10.0,49.98,False,False,True,75.98680380360956
438,002641.SZ,公元股份,0.13736263736263735,19.41489361702129,1.6816651842706214,1.4106780840332036,1.1981055851717677,0.8939508782674013,1133957528.0,4.0,4.07,3.89,4.02,14300442.0,56754597.0,4.01,0.24937655860348684,10.0,4.41,False,False,True,75.92470405588976
439,600883.SH,博闻科技,0.04109589041095893,37.885462555066084,1.663565415074561,1.9360625275321015,0.9701788335638425,0.7967075779304212,236088000.0,6.9,7.01,6.72,6.85,3641600.0,24991333.0,6.93,-1.1544011544011523,10.0,7.62,False,False,True,75.92276343877353
440,000812.SZ,陕西金叶,0.058608058608058664,38.59060402684564,1.633134256411181,1.7101462349695056,0.9343635014584223,1.0130402012987354,756129681.0,3.12,3.19,3.07,3.13,13094500.0,40870050.0,3.14,-0.31847133757962887,10.0,3.45,False,False,True,75.91888220454105
441,600361.SH,创新新材,0.025157232704402534,34.01162790697676,2.174323422029123,1.75326639520743,0.9635552854094638,0.6612879475951818,3732662913.0,3.47,3.48,3.37,3.43,43277014.0,147948088.0,3.48,-1.4367816091953922,10.0,3.83,False,False,True,75.84125751989133
442,688232.SH,新点软件,0.07500000000000001,39.514218009478675,1.872159387173194,0.8369538698555979,0.9965076166158523,0.9237529670586082,321981975.0,18.25,18.34,17.82,17.96,2489367.0,44934224.0,18.29,-1.8042646254783912,20.0,21.95,False,False,True,75.82961381719387
443,600062.SH,华润双鹤,0.19148936170212785,22.876254180602018,1.7890444184907164,0.779547378974319,1.2005856472804264,0.8759856787063647,1038225388.0,16.11,16.41,15.95,16.06,7089754.0,117018090.0,16.21,-0.9253547193090794,10.0,17.83,False,False,True,75.82573258296138
444,600761.SH,安徽合力,0.06826801517066992,30.759493670886062,2.2628348708902526,1.4632173427981812,0.8283584469719083,0.9091113505681615,890692761.0,16.33,16.45,15.9,16.1,11848240.0,190603678.0,16.34,-1.4687882496939975,10.0,17.97,False,False,True,75.79856394333397
445,600419.SH,天润乳业,0.08277404921700227,32.88043478260869,1.6232207457177072,1.6156213312008287,1.0813867704572366,0.871759474329424,315514808.0,7.75,7.75,7.5,7.59,4443791.0,33697041.0,7.73,-1.8111254851228997,10.0,8.5,False,False,True,75.77721715505533
446,601801.SH,皖新传媒,0.1715481171548118,38.96103896103895,1.2484957200562654,0.6572677199694674,1.1096140090811097,0.7165128197158255,1957931237.0,5.05,5.06,4.93,4.98,9220696.0,45998736.0,5.03,-0.994035785288272,10.0,5.53,False,False,True,75.73258296138172
447,300138.SZ,晨光生物,0.15765765765765755,36.05051664753156,1.7676360557668176,1.32093206671094,0.7168036847193355,0.6985529458810579,398313292.0,9.71,9.74,9.5,9.62,3675400.0,35249269.0,9.76,-1.434426229508201,20.0,11.71,False,False,True,75.7228798758005
448,002011.SZ,盾安环境,0.08499095840868003,32.72543059777102,1.8592127551849504,1.4283474785152535,0.9888030531598166,0.5892152685687789,1059677983.0,10.31,10.34,10.11,10.19,8917613.0,91671153.0,10.34,-1.4506769825918808,10.0,11.37,False,False,True,75.71899864156802
449,301215.SZ,中汽股份,0.06666666666666658,31.124497991967857,1.991097192908707,1.096859626436776,1.2017087115166054,0.6454978846865637,1322400000.0,5.12,5.16,5.03,5.09,9362864.0,47567377.0,5.16,-1.3565891472868241,20.0,6.19,False,False,True,75.7131767902193
450,603565.SH,中谷物流,0.19933554817275795,33.04061470911086,1.771785706129015,0.6953760903250286,0.9890612604107506,0.6690465474236447,2100063103.0,9.71,9.92,9.61,9.82,9770312.0,95304696.0,9.71,1.1328527291452062,10.0,10.68,False,False,True,75.69183000194062
451,601136.SH,首创证券,0.07557117750439363,28.83156297420335,2.0820915148396644,0.570853378756734,1.5185179380219673,0.5982082021622008,2733333800.0,14.01,14.26,13.96,14.23,9334039.0,132304493.0,14.04,1.3532763532763559,10.0,15.44,False,False,True,75.63167087133708
452,601456.SH,国联民生,0.07371007371007345,13.898704358068304,1.9252673258636654,1.2094085212604122,1.8416426110900233,0.3631312787904551,4376981617.0,8.74,8.85,8.72,8.84,19222568.0,169857781.0,8.79,0.5688282138794243,10.0,9.67,False,False,True,75.56957112361731
453,002349.SZ,精华制药,0.21702127659574463,29.883138564273782,2.0133693153732883,1.0742280571875027,0.7139633946567926,0.9701090813027969,814180908.0,6.48,6.59,6.38,6.5,8484729.0,54949920.0,6.5,0.0,10.0,7.15,False,False,True,75.55986803803609
454,002688.SZ,金河生物,0.09580838323353302,35.15283842794761,2.049569402671914,1.1942247818772682,0.8481908928006946,0.8600606041584264,747041116.9999999,4.88,4.97,4.8,4.88,7675500.0,37287627.0,4.9,-0.40816326530612734,10.0,5.39,False,False,True,75.55404618668737
455,601500.SH,通用股份,0.18343195266272194,36.07954545454546,1.5640190685596715,0.9339246327008129,0.9846927254858929,0.8844620606860355,1583000735.0,3.83,3.83,3.74,3.78,13075917.0,49394691.0,3.83,-1.3054830287206332,10.0,4.21,False,False,True,75.5288181641762
456,601236.SH,红塔证券,0.15116279069767433,21.011058451816744,1.865780557782975,0.5211437970360109,1.628344044134193,0.5314991295242348,4693233706.0,6.82,6.92,6.82,6.91,13047980.0,90241099.0,6.85,0.8759124087591275,10.0,7.54,False,False,True,75.46283718222395
457,300783.SZ,三只松鼠,0.06208425720620855,34.99344692005244,1.8765874547150077,1.9944466366778595,0.8141113403809476,0.8297195377907544,280282400.0,16.06,16.19,15.75,15.9,4638201.0,73804530.0,16.1,-1.2422360248447228,20.0,19.32,False,False,True,75.45701533087522
458,688468.SH,科美诊断,0.12813370473537608,39.24050632911391,1.5359108771619334,0.8948828245759197,1.046139565167275,0.6507069919914674,401108000.0,5.93,6.05,5.81,5.91,2335678.0,13797600.0,5.99,-1.3355592654424098,20.0,7.19,False,False,True,75.42984669124782
459,002127.SZ,南极电商,0.1438356164383564,34.26294820717133,1.4805437043114131,1.5629076390752092,0.9579417033222625,0.8105125391919815,1994732997.0,2.73,2.78,2.71,2.77,25268400.0,69489657.0,2.72,1.8382352941176405,10.0,2.99,False,False,True,75.42596545701532
460,300908.SZ,仲景食品,0.15831134564643767,32.190860215053775,1.74070833023142,1.0646415015504413,1.0261969063612133,0.642344356446404,122992524.0,16.1,16.1,15.59,15.72,843408.0,19293867.0,16.08,-2.238805970149238,20.0,19.3,False,False,True,75.40461866873666
461,002391.SZ,长青股份,0.16037735849056597,36.82008368200835,1.4700849086862922,1.5325786230510248,0.8460565035913657,0.6645014647426187,464098311.00000006,5.1,5.16,5.02,5.07,4658350.0,23629960.0,5.12,-0.9765625,10.0,5.63,False,False,True,75.33087521831942
462,603602.SH,纵横通信,0.009695290858725801,36.847103513770186,1.8513088833020261,2.4040503312997887,1.0229934732521573,0.5987988507361675,231057494.0,10.6,10.73,10.27,10.6,3326171.0,34867744.0,10.6,0.0,10.0,11.66,False,False,True,75.32893460120317
463,000597.SZ,东北制药,0.15537848605577714,33.740831295843506,1.9920480107261818,0.8254033929737234,0.9209073257989072,1.0079894206143483,1409203737.0,4.46,4.55,4.38,4.45,11724379.0,52150898.0,4.48,-0.6696428571428603,10.0,4.93,False,False,True,75.22802251115856
464,600535.SH,天士力,0.26185101580135456,18.914728682170544,1.7700920349111275,0.7507857901844533,1.1974166223272513,0.7455433631665148,1493950005.0,13.95,14.22,13.78,14.04,8362286.0,117278683.0,14.06,-0.14224751066856944,10.0,15.47,False,False,True,75.19115078594993
465,601333.SH,广深铁路,0.35211267605633806,16.117216117216103,1.2853961373649736,1.1646191207127314,1.212658798821964,0.9633154838453272,5652237000.0,2.99,2.99,2.93,2.94,63412200.0,187219347.0,2.98,-1.342281879194629,10.0,3.28,False,False,True,75.16398214632252
466,002327.SZ,富安娜,0.24050632911392397,26.779661016949152,1.715519582377724,1.1383862474575954,0.9952361725991673,0.4365948527085426,490983369.0,6.29,6.29,6.15,6.21,2440254.0,15111400.0,6.28,-1.1146496815286677,10.0,6.91,False,False,True,75.13875412381137
467,603309.SH,维力医疗,0.20643939393939387,37.76744186046513,1.641067524973114,1.214425679050212,0.7115835747395723,0.902619419956734,291871418.0,11.9,11.95,11.5,11.73,3199390.0,37358023.0,11.84,-0.929054054054046,10.0,13.02,False,False,True,75.12711042111391
468,002901.SZ,大博医疗,0.24688026981450256,19.19140225179119,1.6678960810635188,0.8166774871081429,1.3371943310208352,1.4193613078946894,288412223.0,43.19,45.47,42.75,44.97,3343425.0,148306172.0,43.33,3.784906531271637,10.0,47.66,False,False,True,75.07471375897535
469,002223.SZ,鱼跃医疗,0.08444022770398471,37.82405439864003,1.5433827097410187,1.2289397897036411,1.19705923564512,0.6385292709910271,942293319.0,25.12,25.44,24.88,25.16,7394314.0,188561833.0,25.31,-0.5926511260371359,10.0,27.84,False,False,True,75.0630700562779
470,002007.SZ,华兰生物,0.18864468864468856,24.232081911262803,1.9066597409736779,0.7594385116837039,1.1730832139562648,0.8204948582006518,1573543054.0000002,12.62,12.87,12.55,12.63,9804989.0,124214936.0,12.75,-0.9411764705882342,10.0,14.03,False,False,True,75.04560450223173
471,600582.SH,天地科技,0.2512820512820514,30.094786729857837,1.939090863445907,0.669739220862912,0.9241525647512708,0.7116702425337292,4138588892.0,4.71,4.72,4.6,4.65,19725900.0,91884295.0,4.71,-1.27388535031846,10.0,5.18,False,False,True,75.02037647972055
472,300299.SZ,富春股份,0.0430327868852459,38.19742489270386,1.5349882688531475,2.391159053812044,0.9415969880300165,0.9420285026459152,689454835.0,4.83,5.0,4.79,4.95,15529683.0,76136243.0,4.87,1.642710472279263,20.0,5.84,False,False,True,74.9815641373957
473,600928.SH,西安银行,0.2047244094488188,19.936708860759488,1.9620147997722843,0.6698168529563914,1.1962325767099566,0.8037008852089775,4423354066.0,3.41,3.42,3.36,3.38,23812348.0,83048917.0,3.42,-1.1695906432748537,10.0,3.76,False,False,True,74.94081117795459
474,000589.SZ,贵州轮胎,0.2499999999999998,26.49999999999999,1.5313045254679696,1.6184794383758063,0.9296834888784922,0.7741976530718313,1544110704.0,4.3,4.31,4.22,4.27,19348062.0,82353617.0,4.3,-0.6976744186046546,10.0,4.73,False,False,True,74.83601785367748
475,002117.SZ,东港股份,0.0679012345679013,38.49206349206351,1.7355984419934576,1.5592552190948774,0.9726638829994761,0.6594142976150569,523554680.0,8.0,8.0,7.79,7.88,5383100.0,42409505.0,8.0,-1.5000000000000013,10.0,8.8,False,False,True,74.83407723656121
476,603658.SH,安图生物,0.20852713178294585,19.58836053938966,2.0402881248199383,0.4784841160402715,1.2063615131137007,0.6743920267773471,571424768.0,30.8,30.99,30.26,30.59,1843907.0,56318086.0,30.87,-0.9070294784580546,10.0,33.96,False,False,True,74.80884921405008
477,600390.SH,五矿资本,0.10330578512396695,22.522522522522515,2.2745204348601726,0.8835891576561379,1.1710820533610187,0.6748628078437588,4498065459.0,4.68,4.72,4.59,4.7,26822030.0,124784897.0,4.69,0.2132196162046851,10.0,5.16,False,False,True,74.79138366000389
478,600572.SH,康恩贝,0.33057851239669406,32.095490716180386,1.2167052163834107,1.3429165383600223,0.9079877638238844,1.07242391531992,2531790178.0,4.12,4.17,4.04,4.07,36457242.0,149284771.0,4.17,-2.3980815347721784,10.0,4.59,False,False,True,74.77779934019017
479,002078.SZ,太阳纸业,0.1903114186851214,30.6368330464716,1.6580602383230676,0.9247457658530516,1.1648609537728192,1.0329436406320094,2776577688.0,12.65,13.01,12.53,12.89,26527070.0,341157717.0,12.72,1.3364779874213806,10.0,13.99,False,False,True,74.7156995924704
480,600132.SH,重庆啤酒,0.08731924360400448,36.38166047087981,1.9653471221153533,0.8844461132581647,1.0918323856933443,0.6821063541364069,483971198.0,41.71,41.88,41.02,41.24,2919732.0,120736624.0,41.92,-1.6221374045801484,10.0,46.11,False,False,True,74.70599650688919
481,002269.SZ,美邦服饰,0.025510204081632678,37.00787401574803,1.9129443785041116,2.257897357440936,0.9279160045802606,1.154069136516521,2343729075.0,1.32,1.36,1.3,1.34,61072181.0,81219395.0,1.32,1.5151515151515138,10.0,1.45,False,False,True,74.67785755870368
482,002603.SZ,以岭药业,0.20115774240231563,21.097046413502095,1.9447849882459665,1.1043628364108569,1.0341372093580168,1.0067810103553627,1376272762.0,15.3,15.57,15.01,15.19,15303872.0,232939932.0,15.38,-1.2353706111833618,10.0,16.92,False,False,True,74.6749466330293
483,600779.SH,水井坊,0.010335917312661584,39.74065598779559,2.1983162830571428,1.1072641927571476,1.2454959592521875,0.4707043927161697,487503198.0,26.37,26.55,26.03,26.38,2540838.0,67344069.0,26.46,-0.3023431594860182,10.0,29.11,False,False,True,74.6477779934019
484,300532.SZ,今天国际,0.08771929824561417,39.933444259567395,1.5976237995086144,1.290676219739346,1.0279452039277486,1.1574939658344716,604581510.0,6.31,6.34,6.07,6.25,9033490.0,56001925.0,6.36,-1.7295597484276781,20.0,7.63,False,False,True,74.64195614205317
485,600925.SH,苏能股份,0.3285714285714287,25.063938618925818,1.810382084656153,0.762009285191072,1.0353191790311276,0.774122790791798,1606048586.0,4.37,4.37,4.23,4.26,9473900.0,40546382.0,4.37,-2.517162471395884,10.0,4.81,False,False,True,74.58179701144965
486,301491.SZ,汉桑科技,0.0043133435369416325,38.479936221100175,2.052953136055702,2.482782869107818,0.9023644844780441,0.8382504421100097,28583450.0,37.93,38.35,37.15,37.93,594877.0,22497025.0,37.94,-0.026357406431198882,20.0,45.53,False,False,True,74.54686590335726
487,600071.SH,凤凰光学,0.0029732408325073697,38.72832369942196,2.08615387012529,1.7327764897973157,1.1720639553144936,0.6611919421996039,281573889.0,15.58,16.0,15.36,15.91,3225986.0,50728552.0,15.6,1.9871794871794801,10.0,17.16,False,False,True,74.52551911507861
488,301166.SZ,优宁维,0.12340036563071281,29.50222581950628,1.8328373874972255,1.8773149843422023,0.8767039688780366,1.1133876937459468,56420468.0,26.1,26.48,25.5,25.93,1179289.0,30472777.0,26.06,-0.49884881043744667,20.0,31.27,False,False,True,74.51581602949739
489,688297.SH,中无人机,0.07892720306513391,29.062019477191182,2.4636808828985624,1.191291770370365,0.9364157682009756,0.7395719065968284,675000000.0,41.3,42.07,40.36,41.81,5947060.0,244657477.0,41.08,1.77702044790653,20.0,49.3,False,False,True,74.49252862410246
490,688334.SH,西高院,0.08955223880597013,28.801843317972352,2.3013003400481247,1.4112412177013176,0.8944568694250123,0.6743936440247339,312171069.0,17.62,17.7,17.21,17.6,2041201.0,36116070.0,17.69,-0.5087620124364034,20.0,21.23,False,False,True,74.480884921405
491,688016.SH,心脉医疗,0.16967320261437896,27.457098283931348,1.669790340273482,1.614060303702227,1.0195314569816405,0.7140644482509367,123262117.0,89.6,90.88,88.4,89.63,1420649.0,127059233.0,89.82,-0.21153417947005204,20.0,107.78,False,False,True,74.45953813312633
492,002847.SZ,盐津铺子,0.08213670304422742,39.718439879990775,1.775063139293176,1.1832244780517152,1.0003405988173435,1.077441833660013,243838762.0,46.0,46.2,44.08,44.33,3108600.0,139478327.0,46.19,-4.026845637583887,10.0,50.81,False,False,True,74.42460702503396
493,605507.SH,国邦医药,0.14220877458396364,26.77824267782427,2.1135323686643934,0.6126068491597539,1.2364423900480879,1.0712133392298815,782352899.9999999,15.11,15.45,14.75,14.75,5134055.0,77137772.0,15.15,-2.640264026402639,10.0,16.67,False,False,True,74.40131961963905
494,603288.SH,海天味业,0.2527805864509606,29.303797468354432,1.6286263554801124,0.4231475020335454,1.3894824877216196,0.6631479610208992,5560600544.0,33.85,33.87,33.18,33.33,15603568.0,521533197.0,34.1,-2.2580645161290436,10.0,37.51,False,False,True,74.36444789443044
495,600933.SH,爱柯迪,0.041869522882181084,30.87693441414887,2.3379765421981156,1.4470403026628003,1.0801182673099143,1.0491411556402281,981013046.0,14.0,14.02,13.35,13.51,14893245.0,202475584.0,14.0,-3.500000000000003,10.0,15.4,False,False,True,74.35086357461674
496,603099.SH,长白山,0.08164766458256709,21.684914841849135,1.7832366758916973,2.2225850583864735,1.0963330872020232,0.9105357386421,272355860.0,34.57,34.62,33.76,33.96,5511783.0,188925067.0,35.1,-3.2478632478632474,10.0,38.61,False,False,True,74.345041723268
497,600153.SH,建发股份,0.26182965299684546,31.510416666666675,1.6855255303821894,0.7857951221977004,1.0727497841911258,0.5166629890825677,2899538551.0,8.48,8.57,8.42,8.57,11771873.0,100125763.0,8.51,0.7050528789659394,10.0,9.36,False,False,True,74.28488259266446
498,603071.SH,物产环能,0.18465227817745836,37.200736648250476,1.9412814260963263,0.5408585670870906,0.9074285542458503,0.901832507749828,557954442.0,11.54,11.58,11.21,11.34,2721500.0,30802412.0,11.63,-2.493551160791063,10.0,12.79,False,False,True,74.26159518726955
499,002423.SZ,中粮资本,0.08534850640113793,29.71285892634208,2.259164729093144,0.8018652009901885,1.215638809388802,0.7851992156148213,2304105575.0,8.54,8.73,8.5,8.66,14507200.0,126982645.0,8.61,0.5807200929152323,10.0,9.47,False,False,True,74.2499514845721
500,000931.SZ,中 关 村,0.10416666666666677,38.874680306905354,1.7802969961239898,1.2653984424143747,0.9270568401896095,0.6861267977030817,751029532.0,4.1,4.18,4.02,4.1,6520617.0,26574940.0,4.11,-0.24330900243311193,10.0,4.52,False,False,True,74.22084222782844
501,600056.SH,中国医药,0.19753086419753066,33.85542168674698,1.6806588669776334,0.9292040804068356,1.0620607071916834,1.0158670860824617,1495351478.0,9.01,9.18,8.93,9.0,14115338.0,127283478.0,9.1,-1.098901098901095,10.0,10.01,False,False,True,74.20337667378227
502,600211.SH,西藏药业,0.12676056338028185,25.185185185185176,1.8585496264600674,1.2339891633385631,1.2954565685310007,0.8042761373339378,322319196.0,36.37,36.95,35.71,35.99,3198915.0,119150937.0,36.45,-1.2620027434842251,10.0,40.1,False,False,True,74.17038618280614
503,603049.SH,中策橡胶,0.3676048248133257,17.2599531615925,1.8566176274607913,0.5869443071420425,1.1455043168691523,1.618514923094763,504980262.0,49.0,49.13,47.3,47.59,4797202.0,230753986.0,49.1,-3.075356415478614,10.0,54.01,False,False,True,74.15486124587619
504,603882.SH,金域医学,0.08079690094078588,34.7906976744186,2.2199684417492045,1.1077486358952704,0.9576208980920607,0.7368043750856487,460134577.0,22.8,23.16,22.35,22.89,3755591.0,85082047.0,22.96,-0.3048780487804881,10.0,25.26,False,False,True,74.13933630894624
505,600763.SH,通策医疗,0.06653123412899961,36.79680295112205,1.8021789428363537,1.791245236132131,0.9595868529913892,0.7502970839529733,447289117.0,33.61,34.6,33.42,33.87,6011414.0,203775093.0,33.84,0.08865248226948008,10.0,37.22,False,False,True,74.11216766931885
506,688363.SH,华熙生物,0.07123002084781088,33.995113011606584,2.3850862551392584,0.7276189568886475,1.0963630704453138,0.6662140089618122,481678242.0,34.65,35.18,34.28,34.76,2334935.0,81281578.0,34.79,-0.08623167576889967,20.0,41.75,False,False,True,74.02483989908792
507,605319.SH,无锡振华,0.22854387656702033,36.810933940774504,1.8562100437252176,1.0780726270019154,0.6788344239011321,1.7906011300158755,348151697.0,22.19,24.23,21.84,24.23,6720713.0,157845692.0,22.03,9.986382206082611,10.0,24.23,True,False,True,74.00737434504171
508,688439.SH,振华风光,0.11495798319327734,33.52657004830919,1.8377648600010148,1.4714801,0.9893783103691141,1.1835644260496625,200000000.0,45.28,46.86,44.65,46.78,3483183.0,160123957.0,44.82,4.373047746541725,20.0,53.78,False,False,True,73.99961187657674
509,000800.SZ,一汽解放,0.2897196261682244,28.31541218637994,1.7304986548311707,0.39273190632045496,1.26694883044458,0.6353840130308859,4920635033.0,6.18,6.2,6.08,6.1,12279095.0,75194131.0,6.2,-1.6129032258064613,10.0,6.82,False,False,True,73.98214632253057
510,002661.SZ,克明食品,0.147783251231527,36.036036036036045,1.7818627921405708,1.1057496169267225,1.0065792785682595,0.5641229663389123,317708801.0,7.27,7.32,7.08,7.16,1981800.0,14194988.0,7.26,-1.377410468319551,10.0,7.99,False,False,True,73.78808461090627
511,000532.SZ,华金资本,0.01754385964912264,35.43689320388348,2.1521497660851603,2.1251397897991717,1.0284588807314274,0.6474611354565845,343549746.0,10.46,10.46,10.11,10.37,4727057.0,48562821.0,10.45,-0.7655502392344471,10.0,11.5,False,False,True,73.76285658839512
512,002088.SZ,鲁阳节能,0.04194630872483222,39.59731543624161,2.0495271143507465,0.926762745871106,1.2298143891678572,0.5518833132716685,505964633.00000006,7.74,7.74,7.37,7.52,2587300.0,19439076.0,7.7,-2.3376623376623495,10.0,8.47,False,False,True,73.74733165146516
513,600927.SH,永安期货,0.15566835871404403,35.94276094276092,2.0716293321223653,0.4780025175611465,1.0130819427175057,0.6507562933521289,1450444656.0,12.66,12.79,12.49,12.75,4523280.0,57166986.0,12.8,-0.390625,10.0,14.08,False,False,True,73.71822239472152
514,002933.SZ,新兴装备,0.062111801242235934,34.06725380304243,2.2208210082545836,1.6945033603424149,0.8871210070202395,0.7960498344880772,116894276.0,25.9,26.0,25.18,25.6,1575500.0,40260902.0,25.88,-1.081916537867067,10.0,28.47,False,False,True,73.68523190374539
515,002500.SZ,山西证券,0.2525773195876286,18.049792531120335,1.6802907609181557,1.039047276731892,1.3816746474119241,0.5892404744539819,3589771547.0,5.32,5.36,5.25,5.35,21978330.0,116522145.0,5.31,0.7532956685499137,10.0,5.84,False,False,True,73.67552881816417
516,002966.SZ,苏州银行,0.24615384615384647,26.011560693641634,1.3884307753367051,1.1014759477995704,1.5134121089822248,0.6791889162309234,4395762518.0,7.36,7.41,7.28,7.3,32883728.0,241288750.0,7.4,-1.3513513513513598,10.0,8.14,False,False,True,73.61536968756064
517,300341.SZ,麦克奥迪,0.02589395807644871,34.558823529411754,2.20336744834775,1.5992797281549576,1.1857466714407627,0.9282446000952659,515808861.00000006,12.32,12.65,12.0,12.61,7657300.0,94040363.0,12.45,1.2851405622489986,20.0,14.94,False,False,True,73.60566660197944
518,601555.SH,东吴证券,0.24375000000000008,20.396600566572243,2.0220412312302405,1.039106671172409,1.0372662926864804,0.6157065172108399,4968702837.0,7.84,7.92,7.81,7.91,31789003.0,256604020.0,7.84,0.8928571428571397,10.0,8.62,False,False,True,73.60372598486319
519,002926.SZ,,0.20797720797720812,16.081081081081084,1.925236290820866,0.888999499047614,1.3348743216798242,0.6737118799854827,2625000000.0,8.08,8.19,8.02,8.15,15721900.0,131177510.0,8.13,0.24600246002459691,10.0,8.94,False,False,True,73.60372598486317
520,001289.SZ,龙源电力,0.14232209737827717,34.78260869565217,2.2907305742601194,0.19574259062062052,0.995862104978497,0.5557540657081096,5041934164.0,15.47,15.74,15.36,15.6,5484855.0,85439382.0,15.57,0.19267822736031004,10.0,17.13,False,False,True,73.58529012225887
521,600993.SH,马应龙,0.22873563218390788,24.636275460717737,1.819226572379819,1.0872712914353173,1.1350688771366677,2.0816462874246064,430307016.0,22.55,23.55,22.33,23.12,9739200.0,231778798.0,22.61,2.2556390977443774,10.0,24.87,False,False,True,73.58431981370077
522,601107.SH,四川成渝,0.2721088435374151,27.216494845360838,2.23520648918676,0.5368590676641625,0.9245138055011796,0.6940480700414261,2162740000.0,5.25,5.28,5.16,5.18,8058499.0,41997188.0,5.25,-1.333333333333342,10.0,5.78,False,False,True,73.58043857946826
523,000543.SZ,皖能电力,0.22448979591836743,34.26573426573425,1.4163994549058498,1.742068915666794,0.8761606471510812,0.7563430203478376,2266863331.0,7.29,7.38,7.17,7.2,29868229.0,227487505.0,7.32,-1.6393442622950838,10.0,8.05,False,False,True,73.57267611100332
524,600333.SH,长春燃气,0.17455621301775145,27.935222672064764,1.543816017757044,2.23485153664277,0.9095081972252143,0.7384872906127895,609030684.0,5.45,5.55,5.43,5.49,10051500.0,55096445.0,5.46,0.5494505494505475,10.0,6.01,False,False,True,73.5552105569571
525,300370.SZ,安控科技,0.06250000000000006,38.65979381443299,1.9745079752132546,1.5416321253785708,0.9387221226086571,0.9488556329408984,1561476109.0,2.02,2.06,1.96,2.01,22841003.0,45626240.0,2.04,-1.4705882352941346,20.0,2.45,False,False,True,73.53968562002717
526,600157.SH,永泰能源,0.23611111111111124,26.490066225165563,1.6051577338767777,2.4033714346947295,0.6568278616043862,0.7761816625990074,21817764145.0,1.54,1.56,1.51,1.53,407000100.0,623175983.0,1.55,-1.2903225806451646,10.0,1.71,False,False,True,73.52610130021347
527,000166.SZ,申万宏源,0.2214765100671141,13.942307692307686,1.9654498675341983,0.6365987724986486,1.4728535414383075,0.6978426779654876,22535507316.0,4.46,4.51,4.43,4.51,100113043.0,455397729.0,4.49,0.44543429844097204,10.0,4.94,False,False,True,73.51251698039977
528,603605.SH,珀莱雅,0.09852900360810429,25.141030462579916,1.9687719777274844,1.3517531334325674,1.3438109306836137,0.6107879551628435,395976049.0,56.61,57.04,55.4,55.84,3269315.0,187082752.0,56.73,-1.5688348316587275,10.0,62.4,False,False,True,73.47952648942363
529,600061.SH,国投资本,0.18431372549019592,14.833333333333321,1.9953350975306716,0.8528769164514622,1.4284277267209653,0.675805174023407,6393997000.0,6.46,6.57,6.42,6.55,36853608.0,239337760.0,6.47,1.2364760432766575,10.0,7.12,False,False,True,73.46788278672618
530,002152.SZ,广电运通,0.1730418943533697,33.40635268346111,2.179470294566528,0.8572438350074939,0.8866499847904625,4.756876601866301,2482126213.0,10.32,11.0,10.01,10.6,101216416.0,1071540604.0,10.08,5.158730158730163,10.0,11.09,False,False,True,73.45235784979624
531,300452.SZ,山河药辅,0.1464285714285715,32.464028776978424,1.855037121287026,1.933597827394861,0.7542408858761642,0.9115247269685426,198629687.0,11.85,12.14,11.65,11.81,3500920.0,41312363.0,11.94,-1.0887772194304812,20.0,14.33,False,False,True,73.44653599844752
532,300119.SZ,瑞普生物,0.19708029197080298,34.507548526240114,2.0256606538006716,1.0517336436288665,0.8177359161454715,1.21195435585684,338529850.0,15.67,15.81,15.3,15.33,4278400.0,66185460.0,15.8,-2.974683544303802,20.0,18.96,False,False,True,73.40772365612266
533,000605.SZ,渤海股份,0.08771929824561404,39.388145315487556,1.8771273623866431,1.3745888941883135,0.9183907058429023,0.8702031566736566,352658600.0,5.46,5.48,5.31,5.39,4218402.0,22682419.0,5.48,-1.642335766423375,10.0,6.03,False,False,True,73.3960799534252
534,600356.SH,恒丰纸业,0.1770186335403725,36.26373626373627,1.694427625793253,1.5870559134902755,0.8132642952774917,1.1132162308897173,298731378.0,7.92,7.98,7.68,7.9,5277796.0,41356855.0,7.85,0.6369426751592355,10.0,8.64,False,False,True,73.38831748496023
535,001872.SZ,招商港口,0.39915074309978815,25.473228772309355,1.912316243949607,0.1352335756371875,1.1035124225831636,0.8457940159236212,2302252855.0,20.34,20.34,19.87,20.07,2633125.0,54782354.0,20.37,-1.4727540500736436,10.0,22.41,False,False,True,73.38637686784398
536,300009.SZ,安科生物,0.15254237288135603,32.51700680272109,1.6951435504512915,1.4466022885387282,1.0674508309928088,0.8015036865114015,1230879578.0,8.09,8.22,8.01,8.1,14267352.0,115936123.0,8.16,-0.7352941176470673,20.0,9.79,False,False,True,73.34756452551912
537,603369.SH,今世缘,0.06532180595581169,32.37347294938917,1.9365890800478034,1.233016357377598,1.509300525173706,0.589380966484611,1246800037.0,24.08,24.25,23.71,23.8,9060700.0,216446813.0,24.28,-1.976935749588138,10.0,26.71,False,False,True,73.32039588589171
538,002086.SZ,东方海洋,0.09356725146198827,33.757961783439484,1.92004600245401,2.1240170698660306,0.8030117137690856,0.9159009164972722,1580971270.0,1.74,1.77,1.7,1.73,30759602.0,53115385.0,1.73,0.0,10.0,1.9,False,False,True,73.26605860663692
539,600496.SH,精工钢构,0.08843537414966011,37.04918032786886,1.7575953342008055,1.5289691619333055,1.0616579504154273,0.6781361440847015,1990125599.0,3.18,3.21,3.14,3.18,20634601.0,65395321.0,3.18,0.0,10.0,3.5,False,False,True,73.26605860663692
540,601318.SH,中国平安,0.1035444046196735,26.085069444444443,2.2408536702875006,1.0000912927822094,1.2521896526447065,0.621298491971364,10660065083.000002,48.4,48.75,48.06,48.63,66236870.0,3259894112.0,48.68,-0.10271158586687701,10.0,53.55,False,False,True,73.24859305259073
541,603611.SH,诺力股份,0.12792511700468023,32.19354838709676,1.9810845651177398,1.378433519639304,0.983304099777716,0.7539027952319042,257600791.0,17.15,17.27,16.65,16.85,2677000.0,45120045.0,17.14,-1.6919486581096765,10.0,18.85,False,False,True,73.242771201242
542,603858.SH,步长制药,0.2833607907742998,21.949458483754512,2.1451878614635898,0.5451336177950931,1.0847818994415515,1.5415942552673232,1054568442.0,15.43,15.92,15.14,15.43,8862328.0,138801865.0,15.57,-0.8991650610147728,10.0,17.13,False,False,True,73.17873083640598
543,003000.SZ,劲仔食品,0.19613259668508307,17.4331550802139,1.6884047942640272,1.6230185230459473,1.1909002596227134,0.7535987420007135,308060295.0,9.96,10.11,9.84,9.93,3767900.0,37840942.0,10.06,-1.2922465208747624,10.0,11.07,False,False,True,73.15738404812731
544,002262.SZ,恩华药业,0.15427509293680303,25.612472160356337,1.912805687882182,1.246126004743637,1.2176122941438705,0.8003963739781692,883776305.0,19.46,19.92,19.33,19.53,8815600.0,172568244.0,19.62,-0.4587155963302725,10.0,21.58,False,False,True,73.1573840481273
545,002476.SZ,新叶股份,0.005714285714285593,39.19821826280623,2.3371331441813106,1.9965597549019565,0.9551032042100079,0.7480432620303731,612000000.0,4.5,4.55,4.39,4.52,9140300.0,40805385.0,4.51,0.22172949002217113,10.0,4.96,False,False,True,73.13797787696487
546,688563.SH,航材股份,0.06327930174563594,35.49289711579855,1.8275818174760876,2.4953409078407853,0.8480353079554741,0.6252232147291953,116988993.0,48.8,49.59,47.98,49.49,1825198.0,89234957.0,48.49,2.062280882656209,20.0,58.19,False,False,True,73.11857170580245
547,601888.SH,中国中免,0.016844700082169272,38.42786069651743,1.8680263156247758,2.122848400194861,1.1876830733159782,0.6623916355375828,1952475544.0,50.81,51.12,49.86,50.54,27454872.0,1395078319.0,51.07,-1.037791266888588,10.0,56.18,False,False,True,73.08169998059383
548,002233.SZ,塔牌集团,0.27368421052631553,35.25073746312684,1.7493421483387546,0.7940293762259734,0.9930905679937047,0.7745415063629828,1173623408.0,7.56,7.64,7.37,7.4,7216557.0,55046460.0,7.56,-2.116402116402105,10.0,8.32,False,False,True,73.07393751212885
549,600351.SH,亚宝药业,0.20392156862745084,25.36764705882353,1.935852412047368,1.5842947140497683,0.9112706289171316,1.0297792863414648,692000046.0,5.92,6.01,5.83,5.92,11289800.0,68455150.0,5.96,-0.6711409395973145,10.0,6.56,False,False,True,73.05453134096643
550,300026.SZ,红日药业,0.19161676646706574,31.316725978647675,1.7437242522351148,1.2460514857365004,1.0867864339350684,1.0302487601893673,3001325425.0,3.09,3.16,3.05,3.08,38529305.0,119399164.0,3.13,-1.5974440894568676,20.0,3.76,False,False,True,73.01183776440908
551,300144.SZ,宋城演艺,0.11528822055137843,37.567084078711986,1.694327942996587,1.2933411845537146,1.11284170871273,1.727501192848656,2581597994.0,5.88,5.94,5.75,5.78,57943078.0,337460288.0,6.05,-4.46280991735537,20.0,7.26,False,False,True,72.89346012031825
552,600713.SH,南京医药,0.27999999999999964,38.29321663019694,1.730083281366479,0.9175280712070509,0.833988674718213,1.1306031287312202,1289813712.0,5.03,5.06,4.89,4.96,13380000.0,67768147.0,5.06,-1.9762845849802257,10.0,5.57,False,False,True,72.88957888608577
553,002236.SZ,大华股份,0.2713310580204778,20.348837209302317,1.7014820415621799,1.6648385292593315,1.0180804850637009,1.2836718462154004,2391139515.0,16.54,16.97,16.43,16.92,51101022.0,871447576.0,16.64,1.6826923076923128,10.0,18.3,False,False,True,72.87793518338833
554,603883.SH,老百姓,0.12072892938496589,36.702649656526006,1.8781556469704697,1.1072176451088191,1.069055215866651,0.7820358127241741,758890236.0,11.18,11.34,10.99,11.01,6571108.0,74760945.0,11.25,-2.1333333333333315,10.0,12.38,False,False,True,72.87211333203959
555,605008.SH,长鸿高科,0.22307692307692317,25.294117647058822,2.0662974197280524,0.47438724507583746,1.2720248928672313,0.7998921015664168,645962414.0,12.2,12.2,11.71,12.02,2451160.0,29239645.0,12.23,-1.7170891251022113,10.0,13.45,False,False,True,72.86046962934213
556,603310.SH,巍华新材,0.10291858678955453,22.638888888888896,1.9204202854615449,1.6563946446059443,1.3027672904216803,0.7103950161366424,194010000.0,15.06,15.11,14.69,14.88,2282905.0,33919373.0,15.07,-1.2607830126078245,10.0,16.58,False,False,True,72.81001358431982
557,002811.SZ,郑中设计,0.11139240506329104,34.03643336529243,1.980847564012274,1.7959588780574551,0.8566430285572093,0.9112284065128948,283063289.0,10.66,11.02,10.51,10.83,4627050.0,50458555.0,10.61,2.0735155513666337,10.0,11.67,False,False,True,72.78478556180865
558,301109.SZ,军信股份,0.17304189435336964,34.68724614134848,1.5259857418792777,2.3301497396075797,0.749533240493948,0.6668435241042661,230338122.0,13.11,13.33,12.98,13.11,3579098.0,47076372.0,13.26,-1.1312217194570207,20.0,15.91,False,False,True,72.69163594022899
559,002399.SZ,海普瑞,0.15508021390374319,33.76470588235294,2.0104336827744773,0.449223235666774,1.2924621100274052,0.8354594063809919,1247201704.0,9.3,9.56,9.21,9.31,4680845.0,43686747.0,9.37,-0.640341515474907,10.0,10.31,False,False,True,72.6237143411605
560,600155.SH,华创云信,0.0859106529209622,24.90347490347491,2.0960965489994923,1.4780925051116551,1.3268714602865197,0.810271395859824,2213542477.0,5.44,5.48,5.39,5.44,26510626.0,143995938.0,5.43,0.18416206261511192,10.0,5.97,False,False,True,72.61207063846302
561,600803.SH,新奥股份,0.1313012895662369,39.21971252566736,2.0424912784355937,0.34355920974189247,1.0789953703663469,1.173660501080241,3071726707.0,15.73,15.92,15.14,15.42,12385874.0,193373674.0,15.73,-1.9707565162110696,10.0,17.3,False,False,True,72.61013002134679
562,601368.SH,绿城水务,0.25625000000000014,25.742574257425744,2.0127242109324905,0.866761699688828,1.1069799449653985,1.8513779683878888,882973077.0,4.44,4.44,4.26,4.28,14169100.0,61365375.0,4.45,-3.8202247191011174,10.0,4.9,False,False,True,72.57325829613818
563,688271.SH,联影医疗,0.13243480808672733,36.34842622607968,1.743597750986503,0.941424667717951,1.2978058662169603,0.9749845421213564,824157988.0,104.54,108.41,103.16,107.83,7564736.0,803872704.0,104.67,3.019012133371546,20.0,125.6,False,False,True,72.56355521055697
564,300194.SZ,福安药业,0.1495327102803738,31.79012345679011,1.9451909683107722,1.4032983571985496,1.0009165010102896,0.9856914647738468,968378683.0,3.52,3.63,3.49,3.55,13394800.0,47551721.0,3.56,-0.2808988764045006,20.0,4.27,False,False,True,72.5383271880458
565,600685.SH,中船防务,0.13013221990257487,39.074228523769804,2.1248654017199766,1.3075154435100784,0.6633969421728595,0.8809788443612512,821435181.0,25.71,26.06,25.12,25.86,9462058.0,243523586.0,25.85,0.03868471953578645,10.0,28.44,False,False,True,72.49175237725596
566,002111.SZ,威海广泰,0.14838709677419376,37.39445114595901,1.455413823027309,1.7446008058772606,1.0119996904693154,0.9480759307490181,488751597.0,8.75,8.87,8.58,8.75,8084020.0,72120624.0,8.75,0.0,10.0,9.63,False,False,True,72.41800892683874
567,603967.SH,中创物流,0.285714285714286,36.86770428015564,1.8898198973370814,0.8675923627047959,0.8414277101608213,0.6623601206242513,346666710.0,11.36,11.43,11.04,11.17,1992150.0,22228190.0,11.38,-1.8453427065026395,10.0,12.52,False,False,True,72.30545313409665
568,600369.SH,西南证券,0.22222222222222174,14.516129032258052,2.0559885990577045,0.8614849016285269,1.368213991582082,0.7023183684732937,6645109124.0,4.01,4.06,3.99,4.06,40205347.0,164626546.0,4.02,0.995024875621886,10.0,4.42,False,False,True,72.24723462060936
569,600189.SH,泉阳泉,0.17796610169491528,30.354609929078013,1.814054278323971,1.6065416178873828,1.0121921224685508,0.7560548672511688,715197812.0,7.21,7.27,7.04,7.16,8687033.0,61901558.0,7.25,-1.2413793103448256,10.0,7.98,False,False,True,72.20454104405201
570,301589.SZ,诺瓦星云,0.007517854905400254,38.04450242806408,1.9784500475434375,2.433309076813083,1.1770561910823825,1.382351643555809,34464960.0,137.84,145.54,134.15,145.02,1159294.0,162965958.0,138.57,4.654687161723325,20.0,166.28,False,False,True,72.14826314768096
571,605266.SH,健之佳,0.1854103343465047,32.82442748091603,1.8286208743826566,1.165750431491756,1.1073350500367096,0.5904223717245402,154542928.0,15.63,15.79,15.3,15.45,1063696.0,16481800.0,15.63,-1.151631477927073,10.0,17.19,False,False,True,72.07063846303124
572,301116.SZ,益客食品,0.09291338582677164,36.54761904761905,2.0290702324402727,1.065035246110398,1.185433713374833,0.6427331219059097,448977343.0,8.98,9.1,8.75,8.87,3073400.0,27377571.0,8.99,-1.3348164627363879,20.0,10.79,False,False,True,72.03376673782263
573,600272.SH,开开实业,0.10477299185098954,31.18609406952966,1.9342532049446575,1.8196631562500003,1.0452258942338586,0.760559719663775,160000000.0,10.68,10.85,10.41,10.53,2214340.0,23363887.0,10.68,-1.4044943820224698,10.0,11.75,False,False,True,72.01241994954397
574,603866.SH,桃李面包,0.11848341232227487,36.49025069637886,1.7830666643454702,1.0570217933034576,1.3176699748460752,0.6688504802136418,1599719155.0,3.81,3.85,3.75,3.79,11309847.0,42878284.0,3.84,-1.302083333333326,10.0,4.22,False,False,True,71.99495439549777
575,601878.SH,浙商证券,0.18852459016393427,13.522727272727275,1.9399762365181974,1.03708946404689,1.698820250460001,0.6344069586911002,4573796639.0,9.47,9.55,9.33,9.53,30092690.0,287221376.0,9.49,0.42149631190726566,10.0,10.44,False,False,True,71.9736076072191
576,600133.SH,东湖高新,0.12910798122065725,37.75933609958506,1.8985927857056282,1.8037705070821843,0.7739876050639521,0.7393792755316667,1066239875.0,7.68,7.78,7.6,7.63,14220127.0,111436305.0,7.78,-1.9280205655527016,10.0,8.56,False,False,True,71.89016107122066
577,601021.SH,春秋航空,0.21662763466042173,14.382442213401836,1.8693423525220119,1.1274092901965536,1.5388388192381397,0.8062117485324037,978333423.0,45.45,45.62,44.41,45.02,8892372.0,407243331.0,45.99,-2.109154163948679,10.0,50.59,False,False,True,71.88239860275567
578,603329.SH,上海雅仕,0.13994910941475847,35.55811277330265,1.455314471786074,1.7373327402032333,1.1820346774884782,1.4994922620672106,206383053.0,10.16,10.16,10.16,10.16,5376520.0,54625443.0,9.24,9.956709956709965,10.0,10.16,True,False,True,71.84358626043083
579,603676.SH,卫信康,0.17112299465240627,35.29411764705881,2.0208454338362585,0.539914686846142,1.2047795554188139,0.952654688335184,435161500.0,8.69,8.94,8.58,8.66,2238263.0,19461511.0,8.78,-1.3667425968109215,10.0,9.66,False,False,True,71.7659615757811
580,600980.SH,北矿科技,0.0008012820512821765,36.37393767705384,2.392482639517465,2.275731722339353,1.1247334257308619,0.8611534627198747,189263526.0,17.6,17.6,16.57,17.12,3709100.0,63352965.0,17.66,-3.05775764439411,10.0,19.43,False,False,True,71.65340578303899
581,002516.SZ,旷达科技,0.11637931034482778,30.59273422562141,1.7152410685183472,1.6771001018196174,1.391171353416539,0.6167516986418355,1456568682.0,5.22,5.28,5.12,5.23,15072742.0,78254136.0,5.24,-0.1908396946564861,10.0,5.76,False,False,True,71.55249369299437
582,300218.SZ,安利股份,0.10234113712374589,39.36170212765959,1.902659724889632,1.7532858440389882,0.8470209524660471,0.8227707196262476,216276394.0,12.83,12.88,12.32,12.8,3119900.0,39402103.0,12.81,-0.07806401249024209,20.0,15.37,False,False,True,71.52144381913449
583,301103.SZ,何氏眼科,0.09761163032191084,38.22314049586777,1.8872962615759235,1.56937667626357,1.0136336567077198,0.8557619047219912,121633616.0,15.33,15.59,14.96,15.23,1633555.0,24849275.0,15.46,-1.487710219922378,20.0,18.55,False,False,True,71.34872889578887
584,002797.SZ,第一创业,0.1547619047619046,33.278145695364245,2.035952950528284,2.08201662859318,0.668760520172543,0.5477177724391311,4202400000.0,6.43,6.5,6.37,6.48,47922384.0,312883063.0,6.43,0.7776049766718529,10.0,7.07,False,False,True,71.26722297690665
585,002533.SZ,金杯电工,0.13671274961597524,38.21782178217823,2.1774550021037777,1.5873358174989256,0.5788709063716084,0.7657364487190151,646143983.0,10.44,10.51,10.17,10.47,7783096.0,80460734.0,10.45,0.1913875598086312,10.0,11.5,False,False,True,71.21676693188434
586,300993.SZ,玉马科技,0.026033690658499222,36.56147986942331,2.1162976715704813,1.8498321176097474,1.3100027206904117,0.583262288392674,242507317.0,9.48,9.66,9.25,9.45,2611800.0,24579087.0,9.53,-0.8394543546694666,20.0,11.44,False,False,True,71.18571705802445
587,002753.SZ,永东股份,0.11890243902439014,35.74007220216606,1.8972776559382205,2.195180594366188,0.8010528423306417,0.6933891441599392,295788903.0,5.93,5.96,5.75,5.93,4089225.0,23940972.0,5.93,0.0,10.0,6.52,False,False,True,71.17795458955948
588,603038.SH,华立股份,0.1630769230769231,27.1948608137045,1.9352365975250911,1.8438152486278403,1.0290566219986166,0.7115107846793607,268677106.0,15.0,15.24,14.62,15.21,3524760.0,52616696.0,15.15,0.3960396039603964,10.0,16.67,False,False,True,71.10421113914224
589,002230.SZ,科大讯飞,0.06593794076163625,30.502821959979485,2.1989022309922865,2.268382182971875,0.9752075038325813,1.322874174386497,2189226475.0,40.68,42.38,40.41,42.27,65695327.0,2754346302.0,40.85,3.4761321909424714,10.0,44.94,False,False,True,71.09450805356103
590,603848.SH,好太太,0.06043165467625907,38.91891891891892,2.216175162061914,0.79954595963284,1.4120338369375596,0.5947924194037157,402406511.0,14.21,14.53,13.93,14.4,1913700.0,27218618.0,14.21,1.3370865587614356,10.0,15.63,False,False,True,71.0343489229575
591,001308.SZ,康冠科技,0.16834532374100747,22.096774193548384,1.849945517241305,1.1722056390484938,2.338756179857654,0.6668223467682015,527325325.0,18.86,19.14,18.51,19.01,3903501.0,75036193.0,18.85,0.8488063660477385,10.0,20.74,False,False,True,71.03240830584124
592,603370.SH,华新精科,0.0047236655644781024,39.9070577984316,2.338336781236668,2.498396827665043,0.9371957854607401,0.9448139392732041,34990000.0,34.62,34.91,33.32,33.47,825946.0,27928371.0,34.63,-3.3496967946866962,10.0,38.09,False,False,True,70.95478362119152
593,603197.SH,保隆科技,0.0953815261044176,37.93638479441428,1.9194933736031667,1.49292157023831,1.091801158876174,0.788125465002434,211152127.0,27.65,27.7,26.96,27.36,2484436.0,68589136.0,27.68,-1.1560693641618491,10.0,30.45,False,False,True,70.87327770230934
594,300529.SZ,健帆生物,0.1642259414225942,33.401221995926676,1.7588606175880117,1.32469892525165,1.289683417287341,0.7401095098935542,512402075.0,16.13,16.42,15.92,16.0,5024234.0,80946954.0,16.3,-1.8404907975460127,20.0,19.56,False,False,True,70.77624684649719
595,002746.SZ,仙坛股份,0.27672955974842794,28.333333333333343,1.5161486157376323,2.064245883214568,1.0272546841552737,0.5809590021607823,709676227.0000001,5.22,5.24,5.12,5.15,8510737.0,44914821.0,5.24,-1.717557251908397,10.0,5.76,False,False,True,70.67727537356879
596,603198.SH,迎驾贡酒,0.20533010296789847,36.23693379790942,2.01687411945995,0.7432666937500001,1.1030322409861695,0.6991600449337368,800000000.0,31.88,31.99,30.87,31.11,4157299.0,129942810.0,32.09,-3.0539108756622135,10.0,35.3,False,False,True,70.65786920240636
597,001395.SZ,亚联机械,0.03776099511328305,34.67777290661991,2.138782253058792,1.9133058162686303,1.2860843776112614,0.6647684490066659,53001000.0,26.03,26.03,26.03,26.03,628726.0,16365738.0,23.66,10.016906170752327,10.0,26.03,True,False,True,70.58024451775665
598,688278.SH,特宝生物,0.10826076723935048,29.19999999999998,2.2360978964501945,1.037480669516516,1.5530448467881277,0.49139540785144215,408189480.0,54.83,55.79,53.51,54.88,2081004.0,113445147.0,54.6,0.512820512820511,20.0,65.52,False,False,True,70.52008538715312
599,600812.SH,华北制药,0.1428571428571428,38.19951338199512,2.0139069125001594,1.0217032353399391,1.0927983400625636,1.0557427007750122,1715730370.0,4.51,4.63,4.46,4.51,18506824.0,83561661.0,4.58,-1.5283842794759916,10.0,5.04,False,False,True,70.4288763826897
600,000948.SZ,南天信息,0.12162162162162161,36.9109947643979,2.0529770458811303,1.283213664645999,1.0760574394921505,5.479103362312224,389093561.0,12.85,13.99,12.47,13.56,27359192.0,364050470.0,12.72,6.60377358490567,10.0,13.99,True,False,True,70.37065786920242
601,000906.SZ,浙商中拓,0.20212765957446804,38.21138211382114,1.6479520548225957,1.2434184581114436,1.1179410553747997,0.7604423073818983,703701505.0,5.26,5.29,5.14,5.22,6640385.0,34556082.0,5.3,-1.5094339622641506,10.0,5.83,False,False,True,70.27944886473898
602,002967.SZ,广电计量,0.1418067226890754,34.236888626988815,2.025264004649158,1.6475798924792875,0.992155153492754,0.8078409946862236,547226691.0,17.98,18.05,17.46,17.94,7283440.0,130487581.0,18.02,-0.4439511653718031,10.0,19.82,False,False,True,70.26004269357657
603,603648.SH,畅联股份,0.16931216931216903,24.686716791979933,2.103155642316585,1.2017061897372232,1.43717295031927,1.1762890446811542,362412800.0,8.55,9.0,8.44,8.99,5122900.0,46418519.0,8.62,4.29234338747102,10.0,9.48,False,False,True,70.18629924315933
604,688289.SH,圣湘生物,0.12861736334405138,39.92537313432835,1.6761086699867793,1.0666352834373265,1.3997900526782272,0.7267092752701884,579388006.0,14.54,14.81,14.4,14.67,4491032.0,65752954.0,14.6,0.4794520547945158,20.0,17.52,False,False,True,70.16980399767127
605,603877.SH,太平鸟,0.2218597063621533,30.6086956521739,2.155915993963208,0.56307941369915,1.3125707651426728,0.4854191944580476,469323560.0,12.99,12.99,12.51,12.66,1282800.0,16202524.0,12.86,-1.5552099533436947,10.0,14.15,False,False,True,70.14554628371822
606,000989.SZ,九芝堂,0.14781021897810226,32.16216216216215,2.032131836827813,1.6507971450683037,1.0412531578511675,0.9792526006344412,734250252.9999999,8.16,8.32,7.98,8.08,11485930.0,93126463.0,8.21,-1.5834348355663885,10.0,9.03,False,False,True,70.11643702697458
607,300034.SZ,钢研高纳,0.07722772277227732,31.883157240522063,2.4723607286651164,2.074606488267352,0.8702503359604515,0.9047618368347391,767055977.0,16.11,16.26,15.55,16.15,14397840.0,228718074.0,16.12,0.18610421836227076,20.0,19.34,False,False,True,69.98835629730254
608,600570.SH,恒生电子,0.026944585663446752,37.84051510648834,2.4525414102257335,1.7263166967284103,1.1454466466455735,0.8911565814908753,1893647942.0,20.52,21.23,20.36,21.15,29132230.0,605316717.0,20.72,2.075289575289574,10.0,22.79,False,False,True,69.92043469823405
609,301585.SZ,蓝宇股份,0.07439310884886476,32.49691484985604,1.8697791696512787,2.1810758154615355,1.269093745381417,0.7830592042375751,68111886.0,25.05,25.38,24.5,24.91,1163257.0,28917900.0,25.26,-1.38558986539985,20.0,30.31,False,False,True,69.89714729283912
610,603057.SH,紫燕食品,0.2841210833775888,36.113699906803355,2.435422403436774,0.7016158131067899,0.770175858584163,0.6742148580297737,412000000.0,22.37,22.37,21.85,22.06,1948924.0,42992906.0,22.22,-0.7200720072007227,10.0,24.44,False,False,True,69.87968173879294
611,600621.SH,华鑫股份,0.19532324621733146,26.825127334465204,2.133218515044745,1.3898026147424314,1.1149086991372361,1.5832542756672987,1060899292.0,13.07,13.67,13.07,13.6,23344144.0,317265700.0,13.2,3.0303030303030276,10.0,14.52,False,False,True,69.87191927032795
612,300021.SZ,大禹节水,0.21865889212827974,29.213483146067396,1.6758892218672023,2.0716643854566827,1.0623922901768572,1.958708394704533,873233219.0,4.2,4.26,3.98,4.03,35433939.0,146017095.0,4.31,-6.496519721577709,20.0,5.17,False,False,True,69.83892877935185
613,688029.SH,南微医学,0.2151265450264862,29.634703196347022,2.333273173320464,0.9430819870394551,1.0782911124860273,0.9226311435285788,187847422.0,72.5,75.44,72.18,73.61,1634492.0,119933221.0,73.01,0.8218052321599778,20.0,87.61,False,False,True,69.79817581991074
614,002991.SZ,甘源食品,0.13206013815522147,39.49044585987262,1.7452179619032424,1.6278642526553062,1.043286175882638,1.175919949604661,49933706.0,40.67,41.15,39.63,39.88,955850.0,38939193.0,40.93,-2.565355484974341,10.0,45.02,False,False,True,69.78653211721327
615,002157.SZ,正邦科技,0.195121951219512,36.29629629629629,1.820972108668332,1.8437230762159271,0.8776402990226494,0.7309448365731316,7787671445.000001,2.91,2.95,2.88,2.93,104950218.0,306092516.0,2.94,-0.340136054421758,10.0,3.23,False,False,True,69.71861051814476
616,603080.SH,新疆火炬,0.22115384615384623,35.94009983361064,2.0291939745971073,1.5309793992932819,0.8419003361638459,0.6679943001451044,141500000.0,19.5,19.75,19.32,19.42,1447100.0,28182947.0,19.46,-0.20554984583761593,10.0,21.41,False,False,True,69.55171744614788
617,002120.SZ,韵达股份,0.2564102564102565,33.719008264462815,1.6615014518985867,1.3406061146848347,1.2573674569887472,0.7426609365980076,2815129913.0,6.71,6.75,6.58,6.66,28027878.0,186678246.0,6.75,-1.3333333333333308,10.0,7.43,False,False,True,69.32660586066369
618,603173.SH,福斯达,0.13137697516930008,33.59497645211928,2.247299955495688,1.2482121875,1.1542490969513075,1.2445800606317186,160000000.0,34.46,34.75,32.34,33.6,2485600.0,82871289.0,34.76,-3.3371691599539566,10.0,38.24,False,False,True,69.28779351833883
619,600918.SH,中泰证券,0.16129032258064527,25.562372188139058,2.0645219254835845,1.213298484351396,1.821754434413272,0.6455105518655234,4562824063.0,5.3,5.32,5.21,5.32,35735900.0,190053388.0,5.29,0.5671077504725952,10.0,5.82,False,False,True,69.25286241024645
620,603055.SH,台华新材,0.2740524781341109,27.03412073490814,2.363920795345715,0.9096640077746462,1.083860059367158,0.6734024868427977,887050942.0000001,8.58,8.6,8.3,8.4,5433808.0,45615565.0,8.56,-1.869158878504673,10.0,9.42,False,False,True,69.19658451387541
621,603998.SH,方盛制药,0.1772727272727271,29.127358490566024,2.150882533152231,1.610224697308941,1.0649570338683074,1.183482948458363,439081360.0,9.2,9.27,8.88,9.01,8367457.0,76870037.0,9.26,-2.699784017278617,10.0,10.19,False,False,True,69.16165340578304
622,603210.SH,泰鸿万立,0.0631067961165049,33.149171270718234,2.085008174983727,1.7858509524986257,1.5161205738257453,0.550453798665255,232677500.0,13.33,13.34,12.9,13.1,2287286.0,29957807.0,13.32,-1.6516516516516533,10.0,14.65,False,False,True,69.15971278866681
623,601377.SH,兴业证券,0.1814159292035399,13.357400722021673,1.979838314995869,1.6828112918944222,1.6047825544600016,0.537038957968312,8635987294.0,5.96,6.03,5.9,6.03,78046459.0,473071676.0,5.94,1.5151515151515138,10.0,6.53,False,False,True,68.95788860857753
624,603776.SH,永安行,0.39062500000000006,27.829414980863866,1.9684491887937785,1.452250300302133,0.9863483872746946,0.44770590675246186,280760572.0,20.09,20.23,19.59,20.15,1825452.0,36349615.0,20.01,0.6996501749125361,10.0,22.01,False,False,True,68.94042305453134
625,000685.SZ,中山公用,0.3536804308797126,29.80671414038656,1.7766867160442597,1.529033883645061,1.085929437085872,1.4831166722044689,1246581940.0,10.86,11.17,10.8,11.13,28269183.0,321493615.0,10.68,4.2134831460674205,10.0,11.75,False,False,True,68.90355132932272
626,688389.SH,普门科技,0.23597678916827866,37.60683760683763,2.0709592542370294,0.659408074103187,1.1200753120526636,0.7257746013538635,428485730.0,10.65,10.7,10.39,10.49,2050654.0,21501358.0,10.58,-0.8506616257088817,20.0,12.7,False,False,True,68.88996700950904
627,300193.SZ,佳士科技,0.18773946360153262,21.178120617110817,2.0977572830394964,1.9976369003367807,1.0823468844459436,0.5783063135175415,418156172.0,7.62,7.65,7.45,7.6,4843500.0,36445231.0,7.62,-0.2624671916010568,20.0,9.14,False,False,True,68.81816417620803
628,000728.SZ,国元证券,0.21856287425149687,22.070015220700135,1.8703130216522599,1.3732831550293885,1.9126338317667795,0.6341804039478568,4363777891.0,7.31,7.47,7.31,7.44,38004546.0,281457118.0,7.3,1.9178082191780854,10.0,8.03,False,False,True,68.7987580050456
629,300869.SZ,康泰医学,0.03633217993079584,35.77154308617234,2.2259741115515146,1.8556817572588855,1.47931261092448,0.7290876613221969,263734916.0,10.35,10.57,10.11,10.27,3572086.0,36726351.0,10.4,-1.2500000000000067,20.0,12.48,False,False,True,68.78517368523191
630,603700.SH,宁水集团,0.12528473804100207,30.49853372434017,1.6195133937757287,2.4298467727362496,1.3592310844853124,1.2973040123787745,199961934.0,10.78,11.56,10.69,11.43,6303300.0,70561051.0,10.78,6.029684601113172,10.0,11.86,False,False,True,68.77935183388317
631,002461.SZ,珠江啤酒,0.11051212938005392,39.622641509433954,2.4169534724465938,0.5436414435872585,1.182760384774039,0.4876916204167141,2213328480.0,7.81,7.82,7.66,7.69,5868184.0,45253622.0,7.83,-1.7879948914431676,10.0,8.61,False,False,True,68.74636134290705
632,600862.SH,中航高科,0.21514629948364886,32.990936555891246,2.0699131443691714,1.5607414871986949,0.9862669916346312,1.5269300337240377,1393049107.0,18.95,19.8,18.66,19.69,33198353.0,640615139.0,19.05,3.3595800524934383,10.0,20.96,False,False,True,68.58334950514264
633,000750.SZ,国海证券,0.2108843537414966,17.10914454277286,2.218993202924498,1.2788264809887608,1.452697436939265,0.6082147103486517,5796203977.0,3.67,3.75,3.67,3.74,45082937.0,168765775.0,3.7,1.0810810810810922,10.0,4.07,False,False,True,68.58140888802639
634,688088.SH,虹软科技,0.04515727187791974,39.00390039003901,2.472390880675191,1.8336604719590428,0.990488301468315,0.8665847877158274,401170400.0,34.7,35.24,33.9,35.05,6374687.0,220660947.0,34.78,0.7763082231167173,20.0,41.74,False,False,True,68.56588395109645
635,000541.SZ,佛山照明,0.1418181818181817,25.053995680345587,2.2071877279858816,1.3545650962694633,1.6681521785318036,0.6678966821222821,1221592075.0,5.0,5.04,4.86,4.91,11051705.0,54423585.0,5.02,-2.191235059760943,10.0,5.52,False,False,True,68.45817970114497
636,688505.SH,复旦张江,0.1761252446183954,25.37993920972643,2.172391047986208,1.124769470965714,1.7846025823522516,0.6741019874753045,710572100.0000001,7.45,7.68,7.36,7.54,5387624.0,40374274.0,7.48,0.8021390374331583,20.0,8.98,False,False,True,68.45720939258683
637,300832.SZ,新产业,0.11731843575418999,33.73333333333333,2.0905988692053157,1.210603313494026,1.673645514798887,0.8827630570518686,683122288.0,41.36,42.8,40.88,42.01,7300363.0,306982522.0,41.28,1.7684108527131759,20.0,49.54,False,False,True,68.41645643314575
638,601881.SH,中国银河,0.17355371900826463,17.677642980935882,2.4288426218238612,1.007500225698359,1.738617601312114,0.7337170154217325,7243417622.999999,12.81,13.0,12.62,12.96,53544796.0,698383434.0,12.8,1.2499999999999956,10.0,14.08,False,False,True,68.38152532505337
639,600298.SH,安琪酵母,0.32703368940016464,23.376623376623385,1.9266871977475766,1.2693844276030226,1.423452078464987,0.7020500628709917,857150471.0,36.8,36.99,36.37,36.5,7638680.0,279500854.0,37.09,-1.5907252628741042,10.0,40.8,False,False,True,68.27091014942751
640,002701.SZ,奥瑞金,0.25104602510460267,31.8840579710145,2.009662587877497,1.2475984890380711,1.1882767623447164,1.2241524529508627,2557357434.0,4.71,4.71,4.55,4.6,39057440.0,179851552.0,4.74,-2.9535864978903037,10.0,5.21,False,False,True,68.27091014942751
641,002551.SZ,尚荣医疗,0.06574394463667818,39.99999999999999,1.832263834845104,2.352750580617426,1.085096439272422,0.7632113877005676,611186723.0,2.77,2.86,2.74,2.78,10974700.0,30580883.0,2.79,-0.35842293906810374,10.0,3.07,False,False,True,68.26896953231127
642,002727.SZ,一心堂,0.12951807228915652,37.22943722943721,2.007927524578295,1.806627505988693,1.0349195397812037,0.8277519706157658,397458083.0,10.06,10.19,9.83,9.87,5903393.0,59804478.0,10.1,-2.2772277227722793,10.0,11.11,False,False,True,68.18552299631283
643,600196.SH,复星医药,0.17178423236514523,29.965836993655447,1.9877342257773392,1.3629701327312829,1.572929933417172,0.9234115600157018,2118488825.0,22.35,22.98,22.12,22.56,26662927.0,609150725.0,22.56,0.0,10.0,24.82,False,False,True,68.16805744226664
644,601788.SH,光大证券,0.19573400250941028,18.886380737396546,2.1414511286983586,1.2916810555306755,1.8864752928041928,0.77144569172095,3906698839.0,14.85,14.96,14.63,14.96,38928761.0,583140172.0,14.85,0.7407407407407529,10.0,16.34,False,False,True,68.08655152338444
645,002252.SZ,上海莱士,0.11960132890365456,37.55980861244019,1.8844639833723698,1.0886232632526374,2.353585933615963,0.7437106451544659,6588259885.0,4.5,4.6,4.43,4.48,53338281.0,240144874.0,4.54,-1.3215859030836885,10.0,4.99,False,False,True,67.89637104599262
646,300699.SZ,光威复材,0.04114400401404919,38.609746883264066,2.3493363698166396,2.4903768311846908,0.9368864785610146,1.0008634417748472,823380299.0,27.31,27.49,25.96,27.0,20494568.0,545648676.0,27.29,-1.0626603151337455,20.0,32.75,False,False,True,67.86338055501649
647,300864.SZ,南大环境,0.2187028657616892,33.06666666666666,1.8894771215855002,1.5475612565110564,1.2242162432677899,0.6208515464388744,157910683.0,19.79,19.97,19.17,19.91,1517215.0,29726373.0,19.77,0.7081436519979833,20.0,23.72,False,False,True,67.56452551911508
648,603048.SH,浙江黎明,0.13934426229508212,38.9541715628672,2.1017949212662237,1.4782439746731972,1.0484485820739848,0.5164318762313646,146880000.0,18.4,18.48,17.7,18.15,1121300.0,20118269.0,18.17,-0.11007154650524154,10.0,19.99,False,False,True,67.53929749660392
649,688722.SH,同益中,0.06834910620399566,34.68531468531468,2.3490473979178557,2.158466425589406,1.0758586906055998,0.7683262475023183,224105200.0,14.93,15.32,14.74,15.26,3716575.0,55679626.0,14.95,2.0735785953177377,20.0,17.94,False,False,True,67.51212885697652
650,601901.SH,方正证券,0.2879999999999998,22.063492063492074,1.9113516259901995,1.4035360177922045,1.7208192213261733,0.5290425150899956,8232101395.000001,7.04,7.14,7.02,7.14,61125841.0,437261618.0,7.02,1.7094017094017033,10.0,7.72,False,False,True,67.4345041723268
651,300636.SZ,同和药业,0.15709969788519626,34.53355155482816,2.325468738395544,1.6938191876400948,0.9557454862996932,0.8960720931628863,367310277.0,6.53,6.76,6.46,6.52,5574977.0,36493174.0,6.63,-1.6591251885369585,20.0,7.96,False,False,True,67.43256355521055
652,300109.SZ,新开源,0.2688679245283019,27.96101949025487,2.0141042725693312,2.1431098534965547,0.9688026405598235,0.9593376839150431,520877968.0,14.37,14.44,13.71,14.2,10104334.0,142107597.0,14.41,-1.4573213046495503,20.0,17.29,False,False,True,67.172520861634
653,301296.SZ,新巨丰,0.14945054945054942,39.44153577661431,2.081013435408923,0.9444831400148415,1.3692692295159425,1.0994431182995452,427111764.0,6.37,6.43,6.16,6.3,4435152.0,27792953.0,6.41,-1.7160686427457161,20.0,7.69,False,False,True,66.96681544731224
654,002594.SZ,比亚迪,0.2615186615186615,36.567067649721885,1.9126030354757872,1.384176452967354,1.1119987035270942,0.7819443742897507,3487068722.0,86.18,87.44,85.48,86.55,37739280.0,3270884062.0,87.47,-1.0517891848633831,10.0,96.22,False,False,True,66.85037842033768
655,000528.SZ,柳    工,0.14149139579349906,38.60845839017735,2.0086145641358817,1.8125993235732607,1.050964891709335,0.820035960231723,2034493708.0,8.02,8.05,7.79,7.9,30237605.0,238852304.0,8.07,-2.106567534076831,10.0,8.88,False,False,True,66.79604114108287
656,002014.SZ,永新股份,0.31578947368421045,20.499479708636837,2.3761003815619417,0.7804679631366934,1.6472882261082349,0.38158036684773394,610527693.0,10.45,10.45,10.24,10.34,1799660.0,19007302.0,10.45,-1.0526315789473606,10.0,11.5,False,False,True,66.757228798758
657,600420.SH,国药现代,0.2746666666666668,34.38320209973753,2.2382546433946757,0.8213331523752744,1.2385997953338317,0.7222300326840936,1341172692.0,8.6,8.73,8.5,8.51,7955722.0,68667639.0,8.65,-1.6184971098266,10.0,9.52,False,False,True,66.67960411410829
658,605228.SH,XD神通科,0.26260257913247365,31.308016877637137,1.8772146945446413,1.9916636374596224,1.0903491804766523,1.2045479885723462,477135319.0,13.89,14.71,13.89,14.67,11446736.0,165790683.0,13.96,5.085959885386804,10.0,15.36,False,False,True,66.58451387541237
659,002737.SZ,葵花药业,0.24337748344370838,30.422794117647033,2.3040797027916433,0.948343495151356,1.4381153252612973,1.075979069412996,583990700.0,12.24,12.54,12.13,12.23,5959081.0,74541671.0,12.35,-0.9716599190283337,10.0,13.59,False,False,True,66.4001552493693
660,603665.SH,康隆达,0.15613825983313476,35.518905872888176,2.455506926415528,1.807362298069231,0.8857914505592019,0.5662021256484556,160167707.0,26.26,26.47,25.81,26.29,1639048.0,42888049.0,26.39,-0.37893141341417413,10.0,29.03,False,False,True,66.37880846109063
661,301301.SZ,川宁生物,0.12151394422310763,39.53185955786736,2.1222814631149873,2.1066994325026114,0.9048434154981975,0.9310467448330974,619153732.0,8.24,8.44,8.13,8.21,12129261.0,99869052.0,8.3,-1.0843373493975905,20.0,9.96,False,False,True,66.37686784397438
662,000623.SZ,吉林敖东,0.2859680284191829,17.40211311373525,2.3512751996923025,1.33363165628835,1.3574279344669375,0.7781755660208617,1191023318.0,17.72,17.93,17.5,17.83,12360059.0,218822535.0,17.7,0.7344632768361503,10.0,19.47,False,False,True,66.21579662332621
663,600975.SH,新五丰,0.2097902097902097,38.663484486873486,2.0427027861081375,1.26950684670877,1.1305232207738383,1.1710937990652972,1249661740.0,4.75,5.0,4.72,4.94,18578866.0,90899363.0,4.79,3.131524008350728,10.0,5.27,False,False,True,66.16922181253639
664,601038.SH,一拖股份,0.37196261682243,36.059113300492605,2.3947921696108048,1.0516013705108196,0.9240343697596456,1.3673350091616578,731705275.0,12.07,12.07,11.45,11.58,10521127.0,123524796.0,12.14,-4.612850082372322,10.0,13.35,False,False,True,65.63943333980207
665,600182.SH,S佳通,0.3652849740932639,22.093981863149214,2.150559420033829,1.498930411764701,1.3199632011383613,0.9168109950715052,170000000.0,13.53,13.56,13.1,13.34,2336201.0,31748461.0,13.54,-1.477104874446078,10.0,14.89,False,False,True,65.50747137589754
666,688153.SH,唯捷创芯,0.18588362068965514,29.83284883720929,2.1790333725508075,1.8163425232046455,1.3336715109316652,0.8573159100688271,409273667.0,31.17,31.89,30.27,31.82,6373125.0,199475779.0,30.97,2.744591540200192,20.0,37.16,False,False,True,65.03202018241802
667,603066.SH,音飞储存,0.25460122699386506,30.338266384778013,1.6862297638645107,2.102957387929675,1.6034631693535846,0.6961953948105172,294180074.0,10.11,10.19,9.8,10.06,4307000.0,43018503.0,10.09,-0.29732408325073845,10.0,11.1,False,False,True,64.98932660586067
668,300701.SZ,森霸传感,0.028443113772455016,38.67403314917126,2.4503903584118913,2.4611561331046943,1.295532007808103,0.7224261922299889,250841723.0,9.19,9.54,8.96,9.42,4459975.0,41176561.0,9.24,1.9480519480519431,20.0,11.09,False,False,True,64.83601785367748
669,600872.SH,中炬高新,0.34664246823956435,34.09653465346536,1.4037746312283175,2.149998278183202,1.4036246695163854,1.074968043166323,770987950.0,18.05,18.14,17.44,17.55,17818915.0,322698917.0,18.07,-2.877697841726612,10.0,19.88,False,False,True,64.82437415098
670,600109.SH,国金证券,0.3166666666666668,22.6790450928382,2.202929550241703,1.409842437084013,1.6230082952061677,0.5556083127906735,3705364910.0,8.51,8.66,8.45,8.64,29024871.0,250600641.0,8.49,1.7667844522968323,10.0,9.34,False,False,True,64.65748107898312
671,601375.SH,中原证券,0.2796610169491522,15.44715447154472,2.143826913705728,1.8637143074193268,1.5464767101181158,0.6495275372939491,3447519699.9999995,4.01,4.07,3.99,4.06,41733390.0,169052184.0,4.02,0.995024875621886,10.0,4.42,False,False,True,64.60896565107704
672,605009.SH,豪悦护理,0.15556590591523053,36.54404646660214,2.334836486237401,1.1031564845574198,1.657885386571172,0.5434167330886889,215037960.0,23.88,23.88,23.15,23.54,1289096.0,30143677.0,24.0,-1.9166666666666665,10.0,26.4,False,False,True,64.49446924121871
673,600567.SH,山鹰国际,0.08433734939759042,25.984251968503933,2.4422516540155694,2.3677762625358345,1.6247455619179396,0.36470787719044856,6307453306.0,1.34,1.35,1.32,1.33,54467802.0,72700313.0,1.34,-0.7462686567164201,10.0,1.47,False,False,True,64.39161653405783
674,002090.SZ,金智科技,0.11553784860557771,37.250293772032904,2.3342097521418657,2.44782764493651,0.9514080033523702,1.0913133677961646,398188681.0,9.05,9.1,8.61,8.97,10584870.0,93814907.0,9.09,-1.320132013201314,10.0,10.0,False,False,True,64.38773529982535
675,300833.SZ,浩洋股份,0.27154046997389025,32.49999999999999,2.2080947276889087,1.6821299797960831,1.1262060970299257,1.416293725758414,81253477.0,34.62,34.98,33.46,34.69,1935829.0,66137057.0,34.4,0.8430232558139572,20.0,41.28,False,False,True,64.3586260430817
676,688557.SH,兰剑智能,0.21858864027538724,32.45243128964057,2.341033417054653,1.681560190510987,1.1356222550713866,1.0632849458272506,102679640.0,21.5,21.5,20.73,21.38,1835889.0,38840814.0,21.46,-0.37278657968313755,20.0,25.75,False,False,True,64.33727925480304
677,603889.SH,新澳股份,0.3473684210526316,39.04382470119523,1.872198348623962,1.3758871164004631,1.1540368911758787,0.7787946790442904,942137356.0,5.25,5.27,5.13,5.17,10095318.0,52310029.0,5.25,-1.5238095238095273,10.0,5.78,False,False,True,64.21696099359596
678,300206.SZ,理邦仪器,0.16697936210131342,31.91126279863481,2.391071429618271,2.4679081906142843,0.9572784985157758,0.8126671901234083,338379565.0,11.99,12.39,11.88,12.16,6786500.0,82165724.0,12.01,1.248959200666122,20.0,14.41,False,False,True,64.18979235396856
679,001322.SZ,箭牌家居,0.170316301703163,38.39285714285716,2.318641252025826,0.9201765095293971,1.664387362289477,0.5107900668401403,785611975.0,6.25,6.35,6.21,6.35,3692510.0,23226274.0,6.3,0.7936507936507908,10.0,6.93,False,False,True,63.991849408111776
680,600789.SH,鲁抗医药,0.07112970711297067,36.801242236024834,2.262419425554868,2.2428144298573907,1.4155905903290462,0.8007741800977567,1010298197.0,6.71,6.86,6.65,6.71,17191208.0,116384631.0,6.78,-1.03244837758113,10.0,7.46,False,False,True,63.964680768484385
681,603768.SH,常青股份,0.21111111111111094,38.089887640449426,1.9336872001114547,1.6072578537119135,1.3458955888304331,0.941675916958068,237955857.0,9.85,10.14,9.74,9.9,3601500.0,35665937.0,9.85,0.5076142131979822,10.0,10.84,False,False,True,63.954977682903156
682,002748.SZ,世龙实业,0.2913669064748201,30.40473840078972,2.178256638446136,2.4734467499999964,0.9338349739455314,2.6890276358958065,240000000.0,11.61,12.2,11.31,11.85,15962800.0,187144012.0,11.27,5.1464063886424105,10.0,12.4,False,False,True,63.795847079371235
683,600521.SH,华海药业,0.1864768683274022,27.82228696285507,2.400714831848165,1.843099958291857,1.3350423765466324,1.4387059424497763,1497252196.0,16.02,16.56,15.82,16.26,39702320.0,641133764.0,16.35,-0.5504587155963248,10.0,17.99,False,False,True,63.753153502813895
684,601099.SH,太平洋,0.12857142857142861,25.96153846153846,2.266784750197988,2.473342088286897,1.5282157724097782,0.5645366282014321,6816316370.0,3.39,3.44,3.37,3.43,95175694.0,324412272.0,3.39,1.179941002949847,10.0,3.73,False,False,True,63.58820104793323
685,688030.SH,山石网科,0.18571428571428567,30.164158686730524,2.2982525572953323,2.06414424680441,1.2582187663340516,0.6616437586973172,180235868.0,15.74,15.77,15.05,15.55,2461532.0,37963791.0,15.77,-1.3950538998097617,20.0,18.92,False,False,True,63.421307975936344
686,002567.SZ,唐人神,0.17703349282296657,39.29712460063899,2.1461281547832973,1.6968682294742414,1.1682377935319466,0.640724543986062,1431666421.0,3.47,3.54,3.45,3.51,15565437.0,54409165.0,3.5,0.28571428571428914,10.0,3.85,False,False,True,63.41354550747138
687,301665.SZ,泰禾股份,0.25881410256410253,36.70886075949367,2.019751540081726,2.4782231928578238,0.9085051569520536,2.0904624872717714,104170000.0,23.19,23.6,22.49,23.54,5396665.0,125687525.0,23.77,-0.9676062263357155,20.0,28.52,False,False,True,63.387347176402095
688,603939.SH,益丰药房,0.3073229291716684,37.89592760180995,2.279222959755136,1.0289410618531443,1.2306121284331413,0.6978506575704648,1212392486.0,20.11,20.44,19.75,20.14,8705550.0,174413455.0,20.24,-0.49407114624504533,10.0,22.26,False,False,True,63.27188045798564
689,688538.SH,和辉光电-U,0.1555555555555557,23.50230414746546,2.2197740922486426,2.497797868845155,1.6790009538443489,0.7888881073755903,5752235725.0,2.31,2.39,2.3,2.38,113346829.0,265732653.0,2.31,3.0303030303030276,20.0,2.77,False,False,True,62.89346012031826
690,603160.SH,汇顶科技,0.14094913327649905,38.19725921636747,2.3501571199919935,1.7218410095977774,1.2771698092331332,1.4864492673499083,465982755.00000006,56.59,60.68,56.1,60.49,11924932.0,701896556.0,56.77,6.552756737713583,10.0,62.45,False,False,True,62.6741703861828
691,002154.SZ,报 喜 鸟,0.2808219178082192,31.104651162790688,2.1827364098210134,2.2343291091323945,1.12146659411448,0.9898750084678101,1180127141.0,3.76,3.79,3.65,3.7,26096148.0,96610397.0,3.77,-1.8567639257294433,10.0,4.15,False,False,True,62.33844362507277
692,600276.SH,恒瑞医药,0.30723314606741575,29.540433053468853,2.2279723171912424,1.6343178489671082,1.652479096537839,1.063106033864087,6379002274.0,53.2,55.77,52.85,55.61,110832177.0,6049882802.0,54.01,2.962414367709676,10.0,59.41,False,False,True,61.90568600815058
693,000680.SZ,山推股份,0.2863436123348019,35.6762513312034,2.318468686639272,1.7975895086691989,1.0947175772411737,0.8428742314225995,1314570547.0,10.35,10.44,9.98,10.13,19918671.0,201982936.0,10.39,-2.5024061597690106,10.0,11.43,False,False,True,61.85911119736075
694,000686.SZ,东北证券,0.3132183908045976,22.070844686648506,2.3628029007402263,1.8022198237643192,1.6119653231898243,0.6549096092370218,2340452915.0,8.39,8.53,8.36,8.52,27624157.0,233212346.0,8.43,1.067615658362997,10.0,9.27,False,False,True,61.771783427129826
695,300702.SZ,天宇股份,0.20928462709284626,32.035595105672954,2.2989880427214224,2.164000121010592,1.2625095611216683,1.0099843838228975,211146066.0,20.4,21.05,20.13,20.26,4604412.0,94059830.0,20.73,-2.2672455378678236,20.0,24.88,False,False,True,61.72714923345624
696,600605.SH,汇通能源,0.11037673496364826,35.287356321839084,2.476556613836496,2.210527514197533,1.3422347581158618,0.8166305453142004,206282429.0,27.1,27.2,25.25,26.15,3723778.0,96845803.0,27.29,-4.177354342249906,10.0,30.02,False,False,True,61.573840481273045
697,600688.SH,上海石化,0.19531249999999997,37.77777777777778,2.0459773281611935,1.744391556013803,1.694914170505511,0.6124607929246605,7328813500.0,2.87,2.92,2.83,2.88,78298950.0,224606749.0,2.86,0.6993006993007089,10.0,3.15,False,False,True,61.55637492722686
698,002960.SZ,青鸟智控,0.10160427807486626,31.242158092848204,2.4807399955593548,2.4863787763838014,1.5894223420356874,0.4487657130724948,968448955.0,8.32,8.37,8.14,8.28,10803939.0,88900117.0,8.35,-0.8383233532934131,10.0,9.19,False,False,True,61.34290704444013
699,688410.SH,山外山,0.22482435597189676,37.381203801478335,2.159658194062811,2.007122204536882,1.2148431291820287,0.6465821432039148,319600622.0,10.5,10.51,10.1,10.21,4147679.0,60427806.0,10.43,-2.1093000958772645,20.0,12.52,False,False,True,61.16631088686202
700,002191.SZ,劲嘉股份,0.21088435374149667,23.410404624277437,2.3041359221801296,2.3096818576906335,1.9206313672485187,0.3641826975849364,1402715536.0000002,3.73,3.79,3.69,3.78,11798888.0,43955139.0,3.77,0.2652519893899141,10.0,4.15,False,False,True,60.84416844556569
701,688188.SH,柏楚电子,0.3428721449199265,31.342664593053392,2.3350335319444806,1.3998756165011992,1.8516482463316208,1.1359011896032865,405557343.0,102.3,102.98,97.02,102.27,5223207.0,521094986.0,101.65,0.6099360550909871,20.0,121.98,False,False,True,60.73355326993985
702,000567.SZ,海德股份,0.26190476190476186,37.42690058479532,2.4621443069923035,1.3052214744636863,1.350875913364416,0.7237113275798752,1948764564.0,5.93,5.95,5.72,5.89,18406670.0,107296386.0,5.91,-0.33840947546531774,10.0,6.5,False,False,True,60.61517562584902
703,000963.SZ,华东医药,0.1617720258835241,39.42269671807037,2.459022259141381,1.2700198090590609,1.9284170664061215,0.8404716025075102,1753013098.0,28.32,29.09,27.86,28.42,18711935.0,538123572.0,28.54,-0.42046250875962254,10.0,31.39,False,False,True,60.39588589171356
704,300357.SZ,我武生物,0.17009966777408628,35.86105675146769,2.3757346389620713,2.223981943387854,1.3144086113313411,0.7985543855572556,485414205.0,22.8,23.67,22.56,22.99,8605365.0,198673150.0,23.0,-0.04347826086956719,20.0,27.6,False,False,True,60.069862216184745
705,000682.SZ,东方电子,0.3574144486692017,30.017301038062282,2.2808619062629742,2.4877526470977287,1.128315444605429,0.7575615747799508,1340600019.0,11.92,11.95,11.46,11.67,25265284.0,295295414.0,11.98,-2.5876460767946585,10.0,13.18,False,False,True,59.819522608189416
706,605128.SH,上海沿浦,0.34270650263620406,27.417094815506783,2.2591447463927823,1.9638860039387036,1.8541894888075976,0.4740256285181212,313986743.0,23.85,23.95,23.33,23.6,2923004.0,69041669.0,23.85,-1.0482180293501009,10.0,26.24,False,False,True,59.738016689307194
707,600267.SH,海正药业,0.35555555555555574,30.434782608695656,2.3405103037627812,1.8722373483330241,1.4944802105572177,0.9791925750302797,1180272096.0,10.48,10.63,10.2,10.43,21698901.0,225454028.0,10.48,-0.4770992366412319,10.0,11.53,False,False,True,59.52648942363672
708,001324.SZ,长青科技,0.391549295774648,28.058823529411757,2.4918584956253556,2.464228333333329,1.0597353493629922,0.7293637591401676,138000000.0,19.81,19.9,19.11,19.76,2480300.0,48515746.0,19.78,-0.10111223458038054,10.0,21.76,False,False,True,59.334368329128665
709,300012.SZ,华测检测,0.2890365448504984,34.46969696969697,2.301742325767897,2.2258809449758474,1.2288991389234363,1.1286242037032008,1431945938.0,13.71,13.9,13.24,13.44,35963100.0,487515500.0,13.47,-0.22271714922049712,20.0,16.16,False,False,True,59.15389093731807
710,002386.SZ,天原股份,0.3897637795275588,37.01657458563537,2.3821151859485545,2.4744458308536457,0.8818869767383904,0.9834490575669627,1301385155.0,5.86,5.91,5.51,5.62,31669401.0,178952465.0,5.89,-4.58404074702885,10.0,6.48,False,False,True,58.878323306811566
711,001390.SZ,古麒绒材,0.23100303951367787,37.423312883435564,1.9629003276910673,2.4387414468436153,1.7472906975937585,1.7671701512759888,118779250.0,19.64,20.23,19.31,19.74,5118995.0,100842555.0,20.1,-1.7910447761194215,10.0,22.11,False,False,True,58.39510964486707
712,600309.SH,万华化学,0.3919768003866602,39.058426621683815,2.3686243547137398,1.500390118852969,1.269525417598306,0.8809145228039277,3130471626.0,69.29,69.29,66.7,68.16,41375927.0,2834034341.0,69.28,-1.616628175519641,10.0,76.21,False,False,True,58.135066951290504
713,002541.SZ,鸿路钢构,0.38153846153846144,37.95103092783505,2.4878577588817175,2.249731635490949,1.2115767828738608,0.8938027013091984,496180069.0,18.78,19.42,18.37,18.87,9977164.0,187835502.0,18.83,0.21242697822625445,10.0,20.71,False,False,True,54.9233456239084
