pool_rank,code,name,bottom_percentile,range_60d_pct,mean_abs_return_20d_pct,mean_turnover_20d_pct,recent_volume_ratio,event_volume_ratio,outstanding_share,event_open,event_high,event_low,event_close,event_volume,event_amount,previous_close,event_gain_pct,limit_up_rate_pct,limit_up_price,hit_limit_up,is_st,passes_dormant_filter,dormancy_score
1,600029.SH,南方航空,0.06552706552706539,14.747474747474731,1.0059515991395147,0.5897659941825076,0.7363158395936158,1.0303069780319567,13476972536.0,5.15,5.17,5.09,5.15,81891477.0,419511811.0,5.18,-0.5791505791505669,10.0,5.7,False,False,True,97.35037768739106
2,600897.SH,厦门空港,0.12362301101591204,16.131386861313878,0.8151316840157218,0.35963484628261944,0.6518815219293336,0.9999413447667578,416934000.0,14.72,14.72,14.5,14.63,1499352.0,21856670.0,14.71,-0.5438477226376581,10.0,16.18,False,False,True,96.04106139841178
3,600221.SH,海航控股,0.06349206349206356,23.076923076923084,0.970054426682081,0.5932513699449664,0.7798963333530193,0.6490893448184912,42845514933.0,1.34,1.35,1.33,1.33,164986571.0,220053838.0,1.34,-0.7462686567164201,10.0,1.47,False,False,True,95.56846794499322
4,688459.SH,哈铁科技,0.12430939226519341,16.990920881971448,0.726121731446749,0.22598063541666202,0.7362753952100666,0.9034328669662467,480000000.0,8.15,8.19,8.05,8.16,979960.0,7959195.0,8.16,0.0,20.0,9.79,False,False,True,95.56459422816194
5,601456.SH,国联民生,0.11793611793611804,13.54534746760896,0.7653915196915451,0.44852477044341543,0.8322963146392915,0.7919169906926866,4376981617.0,8.96,8.98,8.89,8.96,15546793.0,138705943.0,8.97,-0.11148272017836858,10.0,9.87,False,False,True,95.16753825295369
6,605259.SH,绿田机械,0.128012048192771,20.570388349514566,1.1720957363138405,0.47949089749535656,0.4989134644503618,0.6548621995997949,172480000.0,18.18,18.2,17.96,18.15,541588.0,9786850.0,18.18,-0.16501650165017256,10.0,20.0,False,False,True,94.35599457679643
7,605183.SH,确成股份,0.10327198364008179,24.01779095626391,1.444061136846161,0.37459009504037244,0.6520635611355021,0.6170546646805011,412429445.0,14.5,14.5,14.29,14.34,953300.0,13684106.0,14.5,-1.1034482758620734,10.0,15.95,False,False,True,93.85822196397444
8,600567.SH,山鹰国际,0.08433734939759042,14.173228346456689,1.0101470528421548,1.060291867501932,0.832407748420074,0.9073735953917399,6307453306.0,1.34,1.35,1.32,1.32,60682800.0,80548501.0,1.34,-1.4925373134328401,10.0,1.47,False,False,True,93.73329459616502
9,600935.SH,华塑股份,0.11718749999999994,30.555555555555536,1.0480648163276143,0.4020547289949275,0.4945710474863159,0.7069798521130984,3507401812.0,2.31,2.31,2.26,2.29,9969600.0,22750802.0,2.31,-0.8658008658008698,10.0,2.54,False,False,True,92.93627735812512
10,002736.SZ,国信证券,0.11330049261083765,12.063492063492065,1.1287658178345894,0.31987738108715097,0.9907637168051485,0.7417152134349372,9612429377.0,10.14,10.17,10.06,10.1,22806250.0,230289839.0,10.14,-0.39447731755425375,10.0,11.15,False,False,True,92.90528762347473
11,000541.SZ,佛山照明,0.12363636363636359,19.65442764578833,1.0754949572590113,0.6311255907582685,0.8612708094712999,0.9001030924331669,1221592075.0,4.99,4.99,4.89,4.94,6939597.0,34185787.0,4.97,-0.6036217303822755,10.0,5.47,False,False,True,92.45012589579702
12,601111.SH,中国国航,0.10752688172043,24.4328097731239,1.1456216363748013,0.6553957893281744,0.8433808168259802,0.8212101609800868,11638109474.0,6.1,6.12,6.03,6.07,62638363.0,379670432.0,6.13,-0.9787928221859588,10.0,6.74,False,False,True,92.34747239976757
13,603230.SH,内蒙新华,0.0884955752212389,24.235294117647065,1.311726404805525,0.5745524477898141,0.8984319930997877,0.7494208832468674,353523000.0,9.11,9.12,8.9,9.03,1522205.0,13668317.0,9.1,-0.7692307692307776,10.0,10.01,False,False,True,92.18090257602171
14,688334.SH,西高院,0.11385701676963807,28.930065750149424,1.262782680390779,0.5681281919177416,0.6960964155701432,0.5681798158854604,312171069.0,17.97,18.05,17.81,18.02,1007685.0,18313691.0,18.02,0.0,20.0,21.62,False,False,True,91.87875266318032
15,600817.SH,宇通重工,0.1612903225806451,23.22053675612603,0.9729294328016103,0.408986711775993,0.5956784879082181,1.0627160915326066,529491846.0,9.17,9.25,9.08,9.23,2300900.0,21320344.0,9.17,0.654307524536546,10.0,10.09,False,False,True,91.64632965330235
16,600894.SH,广日股份,0.15838509316770177,17.32605729877217,1.104887267392024,0.542228093550442,0.746713858065494,0.7223466738854671,843144445.0,7.82,7.87,7.74,7.84,3302400.0,25750423.0,7.84,0.0,10.0,8.62,False,False,True,91.61921363548325
17,601618.SH,中国中冶,0.12105263157894737,23.33333333333334,1.1012413351514252,0.5802919681616616,0.9092091441691361,0.5914381073610284,17852619170.0,2.62,2.63,2.6,2.62,61271400.0,160121542.0,2.63,-0.3802281368821214,10.0,2.89,False,False,True,91.28220027116016
18,603111.SH,康尼机电,0.11065573770491821,20.446096654275102,1.1078796094344177,0.7206692957202635,0.9757434390644825,0.7626040054991381,837595196.0,5.62,5.66,5.59,5.63,4603300.0,26534785.0,5.65,-0.3539823008849585,10.0,6.22,False,False,True,91.17373619988379
19,600261.SH,阳光照明,0.15702479338842965,22.377622377622373,1.1595396356678849,0.6543492110409597,0.5585467498485496,1.0234486715179727,1335052966.0,3.06,3.06,2.99,3.02,8940754.0,26987908.0,3.05,-0.983606557377048,10.0,3.36,False,False,True,91.07883013751695
20,601881.SH,中国银河,0.12396694214876035,17.677642980935882,1.153885386462099,0.546875209489763,1.0128486707517572,0.637025521616682,7243417622.999999,12.42,12.46,12.35,12.41,25234145.0,312502569.0,12.44,-0.2411575562700885,10.0,13.68,False,False,True,90.76699593259733
21,000958.SZ,电投产融,0.14347826086956525,27.692307692307683,1.1927036736102758,0.4144523413349575,0.7173423560028731,0.7877881008649625,5383418520.0,5.51,5.51,5.45,5.47,17576895.0,96011154.0,5.53,-1.0849909584086936,10.0,6.08,False,False,True,90.73987991477823
22,600755.SH,厦门国贸,0.12091503267973858,16.074766355140202,1.0474931758551829,0.8288316632064656,0.9854082802154247,0.7009232537747211,2132158487.0,5.73,5.74,5.67,5.73,12386719.0,70634465.0,5.72,0.17482517482518833,10.0,6.29,False,False,True,90.70114274646524
23,600168.SH,武汉控股,0.13167259786476856,27.98982188295165,0.9423016443570387,0.5692925950778076,0.8440910635365476,0.8796815143948582,993397569.0,4.29,4.3,4.23,4.24,4974897.0,21140474.0,4.3,-1.3953488372092981,10.0,4.73,False,False,True,90.52488863064109
24,002641.SZ,公元股份,0.11111111111111109,21.68021680216803,1.4039392367796406,0.888098782479262,0.8675892659997438,0.7471305513847499,1133957528.0,3.9,3.9,3.81,3.86,7524100.0,28886261.0,3.9,-1.025641025641022,10.0,4.29,False,False,True,90.36606624055781
25,603299.SH,苏盐井神,0.13953488372093042,24.418604651162788,1.1599522608415909,0.6993976360346116,0.81481976049665,0.7144006261548008,780506184.0000001,9.11,9.17,9.03,9.08,3899800.0,35402551.0,9.14,-0.6564551422319487,10.0,10.05,False,False,True,90.35444509006392
26,603310.SH,巍华新材,0.1314623338257017,26.052819414703787,0.8062306199102449,0.8967683624555386,0.8012684837536398,1.0029593286157197,194010000.0,14.95,14.95,14.69,14.79,1744969.0,25783660.0,14.9,-0.7382550335570559,10.0,16.39,False,False,True,90.32926593066047
27,002939.SZ,长城证券,0.07947019867549661,26.29533678756477,1.0174502276840358,0.663596739594406,1.0614785403873663,0.9213045353242572,3602659631.0,8.19,8.2,8.1,8.13,22025749.0,179076768.0,8.2,-0.8536585365853444,10.0,9.02,False,False,True,90.31570792175093
28,002059.SZ,云南旅游,0.11793611793611804,21.144278606965194,1.2323911405148007,0.8791562932366732,0.9038125911509018,0.9335365107106701,990393246.0,4.49,4.49,4.37,4.44,8128400.0,35966517.0,4.5,-1.3333333333333197,10.0,4.95,False,False,True,90.27309703660663
29,688526.SH,科前生物,0.15217391304347822,21.459227467811147,1.0872140730340951,0.3268331267320185,0.8957806677515092,1.0491946330883846,466128056.0,12.8,12.98,12.66,12.95,1598407.0,20515877.0,12.84,0.8566978193146335,20.0,15.41,False,False,True,90.23435986829364
30,601669.SH,中国电建,0.11199999999999974,31.78807947019866,1.1195729093020996,0.972337171333363,0.6576591552982187,0.6895262032066805,13071525850.0,4.81,4.82,4.77,4.81,87638301.0,420214084.0,4.81,0.0,10.0,5.29,False,False,True,89.84892504357931
31,601788.SH,光大证券,0.14930991217064002,15.876598946576381,1.0270141527567538,0.6498882201142151,0.9795284653791706,0.7854676872325616,3906698839.0,14.49,14.49,14.35,14.47,19942377.0,290906129.0,14.48,-0.06906077348066697,10.0,15.93,False,False,True,89.48479566143715
32,000631.SZ,顺发恒能,0.10555555555555557,33.823529411764696,1.6429866936115443,0.5147846744536045,0.5486754835154154,1.1366244509170254,2300000085.0,2.91,2.96,2.86,2.95,13457688.0,39204487.0,2.91,1.3745704467353903,10.0,3.2,False,False,True,89.47511136935891
33,300470.SZ,中密控股,0.157772621809745,21.97080291970803,1.1409685992819785,0.9338630712588555,0.6631362519206756,0.6843952316423209,197334685.0,29.35,29.55,29.22,29.53,1261228.0,37059157.0,29.44,0.30570652173913526,20.0,35.33,False,False,True,89.4479953515398
34,605005.SH,合兴股份,0.14623955431754881,33.21702721563153,1.2232344345794002,0.29391610972568044,0.5301145144604867,1.6690938327356202,401000000.0,15.34,15.59,15.23,15.38,1967200.0,30325535.0,15.38,0.0,10.0,16.92,False,False,True,89.38601588223901
35,600278.SH,东方创业,0.1436950146627566,30.594405594405604,1.133786189019076,0.520000962628747,0.7601902010720831,0.8673646061116025,860518657.0,6.21,6.26,6.1,6.21,3881201.0,24236759.0,6.21,0.0,10.0,6.83,False,False,True,89.34534185551038
36,600054.SH,黄山旅游,0.16028708133971292,9.446564885496178,0.9112034272668291,1.2077116793298222,0.7471129233260615,0.8551606077899881,513300000.0,11.17,11.25,11.09,11.24,5301298.0,59224290.0,11.15,0.8071748878923701,10.0,12.27,False,False,True,89.28529924462522
37,600307.SH,酒钢宏兴,0.0956521739130434,29.411764705882337,1.573242827432083,0.8467273246579415,0.7930239917398254,0.8057600697973148,6263357424.0,1.47,1.47,1.43,1.45,42732324.0,61868264.0,1.47,-1.3605442176870763,10.0,1.62,False,False,True,89.25430950997483
38,002978.SZ,安宁股份,0.12432138979370264,29.17858602370249,1.2856439901375556,0.8266852263725845,0.7925000535423974,0.9536836683801817,369279558.00000006,26.8,26.98,26.55,26.86,2911386.0,78042686.0,26.76,0.37369207772794955,10.0,29.44,False,False,True,89.16327716443928
39,601512.SH,中新集团,0.13636363636363633,28.76526458616011,1.4068928793636566,0.22530457204997795,0.8391585473430493,0.757254585094637,1498890000.0,7.88,7.91,7.77,7.85,2557300.0,20011286.0,7.88,-0.3807106598984755,10.0,8.67,False,False,True,89.15746658919232
40,002206.SZ,海 利 得,0.1562499999999999,16.765285996055223,1.3980473368599078,1.0011234357571994,0.693502682349234,1.0002330227631084,1056970986.0,5.41,5.41,5.32,5.38,10584050.0,56712606.0,5.42,-0.7380073800738018,10.0,5.96,False,False,True,89.05093937633158
41,002116.SZ,中国海诚,0.17377049180327878,20.48929663608563,1.2048650634642215,0.5676247533464238,0.7903261508201682,1.1730883670820693,552152964.0,7.05,7.06,6.93,6.99,3676643.0,25666259.0,7.07,-1.1315417256011373,10.0,7.78,False,False,True,89.04222351346117
42,605268.SH,王力安防,0.07836990595611286,38.72491145218417,1.4617924500162243,0.6462356486210359,0.6433951005096102,0.9770894440609694,440550000.0,9.23,9.23,8.98,9.05,2781765.0,25172795.0,9.22,-1.8438177874186557,10.0,10.14,False,False,True,88.96184388921169
43,688739.SH,成大生物,0.10207939508506601,26.22950819672132,1.3028024791514092,0.46299391283466956,1.0942441941962677,1.758595461637435,416450000.0,19.96,20.61,19.89,20.56,3390815.0,68902967.0,19.99,2.851425712856437,20.0,23.99,False,False,True,88.810768932791
44,601992.SH,金隅集团,0.14563106796116498,30.708661417322823,1.2407726151755483,0.5983699339549715,0.7234220093547107,1.0804867727172596,8334158264.0,1.42,1.42,1.38,1.4,53882900.0,75137187.0,1.42,-1.4084507042253502,10.0,1.56,False,False,True,88.794305636258
45,002191.SZ,劲嘉股份,0.1904761904761907,20.281690140845065,0.6739817089622686,0.7303052712463814,0.7326842283297764,1.18000541872592,1402715536.0000002,3.73,3.76,3.71,3.75,12088100.0,45240444.0,3.74,0.2673796791443861,10.0,4.11,False,False,True,88.65969397637032
46,000401.SZ,金隅冀东,0.17010309278350516,26.363636363636367,1.2433859576874202,0.329648182343401,0.7452899223921691,1.2224165030581622,2631354687.9999995,3.63,3.63,3.53,3.58,10603501.0,37794286.0,3.63,-1.377410468319551,10.0,3.99,False,False,True,88.61708309122604
47,600798.SH,宁波海运,0.13953488372093037,28.666666666666664,1.0103298327614536,1.139677622781283,0.5852544575289805,0.7845112042126626,1206534201.0,3.24,3.24,3.18,3.21,10787500.0,34613885.0,3.24,-0.92592592592593,10.0,3.56,False,False,True,88.61320937439473
48,688819.SH,天能股份,0.09754562617998723,29.221093372036755,1.7844333885292454,0.31160993210574545,0.8853483759582608,0.8463345855120932,972100000.0,22.15,22.26,22.02,22.17,2563683.0,56716091.0,22.22,-0.22502250225021614,20.0,26.66,False,False,True,88.45826070114275
49,600115.SH,中国东航,0.09271523178807954,31.213872832369937,1.417381048797575,1.0118465440761542,0.8088305235885938,0.8174366957617787,17024964893.0,3.71,3.72,3.66,3.69,140816974.0,518523151.0,3.74,-1.3368983957219305,10.0,4.11,False,False,True,88.45245012589581
50,002758.SZ,浙农股份,0.16519174041297952,17.260273972602747,1.419907891259252,0.9392003575525011,0.7012367413786547,1.8489598891823888,518247801.00000006,7.88,7.89,7.67,7.78,8999600.0,69703086.0,7.86,-1.0178117048346036,10.0,8.65,False,False,True,88.39434437342629
51,603855.SH,华荣股份,0.19219219219219236,24.59123610202747,0.913727881353339,0.5100050218682195,0.7066974746536167,1.0234131818199348,335532500.0,16.54,16.65,16.37,16.49,1751298.0,28813357.0,16.57,-0.48280024140012756,10.0,18.23,False,False,True,88.38466008134804
52,600905.SH,三峡能源,0.18811881188118804,21.32963988919667,0.8895734705439408,0.4268147780384946,0.846616922916525,0.6752211674511677,28587650142.0,3.8,3.81,3.76,3.77,82387999.0,310876472.0,3.8,-0.7894736842105177,10.0,4.18,False,False,True,88.34592291303505
53,000825.SZ,太钢不锈,0.1174089068825911,30.792682926829286,1.1936262559069382,0.600090889199086,0.9649923392411499,0.7006300025348668,5696247796.0,3.57,3.57,3.5,3.54,23949400.0,84378541.0,3.57,-0.8403361344537785,10.0,3.93,False,False,True,88.20840596552392
54,600628.SH,新世界,0.11538461538461546,25.40540540540541,1.4100265063066029,1.126143045505032,0.8458483631064693,0.9176538938993194,646875384.0,6.02,6.04,5.91,6.02,6684872.0,40238709.0,6.03,-0.16583747927032544,10.0,6.63,False,False,True,88.13867906256053
55,000877.SZ,天山股份,0.07812499999999996,34.180790960451965,1.3587839905839032,0.2003818908578555,1.0243454959311624,0.9356689335622298,7110490194.0,3.83,3.84,3.74,3.79,13331537.0,50337394.0,3.84,-1.302083333333326,10.0,4.22,False,False,True,88.10962618632578
56,603566.SH,普莱柯,0.10516605166051667,16.422594142259417,1.445024257480504,1.0043153129263476,1.0650903197563464,1.032055184027513,346062273.0,10.13,10.25,10.03,10.24,3586966.0,36440550.0,10.13,1.0858835143139123,10.0,11.14,False,False,True,88.09994189424754
57,002140.SZ,东华科技,0.10248901903367512,32.30769230769233,1.3717631040888367,0.9121626319941123,0.8407814615898606,0.8252684727698851,706908875.0,9.13,9.13,8.98,9.12,5321462.0,48187925.0,9.15,-0.3278688524590234,10.0,10.07,False,False,True,87.98954096455549
58,688569.SH,铁科轨道,0.11425682507583443,32.432432432432435,1.2781888454704942,0.468815835630401,0.9552205741543497,1.4404141756878033,210666700.0,16.67,17.18,16.57,17.1,1422609.0,24182423.0,16.67,2.5794841031793636,20.0,20.0,False,False,True,87.98760410613986
59,300160.SZ,秀强股份,0.1245136186770429,27.611940298507463,1.5932609719510993,0.87997591384503,0.7832337730969211,0.9153721216781283,762964451.0,4.33,4.35,4.25,4.29,6145720.0,26339676.0,4.34,-1.1520737327188946,20.0,5.21,False,False,True,87.9353089289173
60,688425.SH,铁建重工,0.1300813008130081,21.038961038961034,1.319773836077496,0.42897214154240093,1.1343265823220352,0.717481393801063,5333497000.0,4.19,4.2,4.14,4.16,16415412.0,68299258.0,4.17,-0.23980815347721673,20.0,5.0,False,False,True,87.90625605268255
61,002282.SZ,博深股份,0.15503875968992256,23.03473491773311,1.2715467328705559,0.878738614703951,0.8389561251152516,0.8556544999927361,483311104.0,5.84,5.88,5.75,5.84,3634000.0,21115891.0,5.87,-0.5110732538330498,10.0,6.46,False,False,True,87.83071857447221
62,601022.SH,宁波远洋,0.19746835443037952,27.27272727272727,0.9871248950446532,0.40735824248841446,0.6478195468894319,0.7929540747040925,1308633334.0,8.03,8.05,7.91,7.98,4227100.0,33960572.0,8.04,-0.7462686567163979,10.0,8.84,False,False,True,87.67189618438891
63,600469.SH,风神股份,0.12779552715654935,33.33333333333333,1.2905658829228497,0.9297726440030488,0.7111705754179635,0.9455809671816647,729450871.0,5.33,5.41,5.31,5.37,6413152.0,34374325.0,5.35,0.37383177570093906,10.0,5.89,False,False,True,87.60216928142553
64,600814.SH,杭州解百,0.14062499999999997,25.844594594594604,1.4644114051478312,0.8079531448962081,0.8561960894103611,0.6683504654033189,735078598.0,6.64,6.64,6.49,6.55,3969394.0,25967181.0,6.64,-1.3554216867469826,10.0,7.3,False,False,True,87.56536897152817
65,000768.SZ,中航西飞,0.1300877893056663,30.937500000000018,1.2292129781832046,0.8462161253271464,0.8534828846070399,0.7082166961887644,2776414009.0,20.73,20.83,20.59,20.74,16639171.0,344340563.0,20.83,-0.4320691310609637,10.0,22.91,False,False,True,87.54987410420297
66,603210.SH,泰鸿万立,0.08640776699029133,28.57142857142856,1.3456101856616813,1.1072384953422614,0.95364641016909,0.9058928173535726,232677500.0,13.56,13.66,13.41,13.62,2333847.0,31584320.0,13.56,0.4424778761061843,10.0,14.92,False,False,True,87.52856866163083
67,603611.SH,诺力股份,0.13182527301092054,27.2258064516129,1.5945543096795782,0.9175350513578151,0.7742493000947183,0.8156508340502727,257600791.0,17.2,17.26,16.99,17.11,1927854.0,32955656.0,17.19,-0.46538685282141445,10.0,18.91,False,False,True,87.45109432500485
68,600760.SH,中航沈飞,0.13274336283185836,28.421052631578945,1.1163284636558404,0.6052396761002999,1.0192992426637844,0.7369368198684688,2829552651.0,42.5,43.0,42.03,42.56,12620467.0,535689275.0,42.65,-0.21101992966001681,10.0,46.92,False,False,True,87.4375363160953
69,002673.SZ,西部证券,0.16184971098265888,16.55844155844155,1.0348368991545536,0.6494730651757885,1.0528294461323418,0.70383111809169,4469581705.0,6.72,6.74,6.65,6.74,20431323.0,136579008.0,6.72,0.29761904761904656,10.0,7.39,False,False,True,87.41816773193881
70,002543.SZ,万和电气,0.07734806629834262,31.07438016528925,1.398628032736832,0.71465795242681,1.0578826801271388,0.9142637914666086,661176201.0,6.62,6.63,6.47,6.55,4320032.0,28232359.0,6.61,-0.9077155824508409,10.0,7.27,False,False,True,87.34844082897541
71,600649.SH,城投控股,0.15546218487394964,29.429429429429412,1.3423961239659004,0.7261001119910319,0.7464587103593721,1.1797611500830625,2491800768.0,3.68,3.7,3.58,3.63,21441076.0,77677305.0,3.7,-1.8918918918918948,10.0,4.07,False,False,True,87.34069339531281
72,601878.SH,浙商证券,0.17486338797814174,12.045454545454536,0.9129368408719006,0.5802068837892584,1.0562999140590255,0.7898719347081107,4573796639.0,9.42,9.54,9.39,9.45,20961213.0,197653506.0,9.44,0.10593220338983578,10.0,10.38,False,False,True,87.29614565175285
73,600958.SH,东方证券,0.1568047337278105,15.75262543757292,1.1249011170031715,0.8092456191489249,1.0394160579987863,0.9713785427892907,7469482864.0,9.11,9.12,9.0,9.08,58716397.0,531479799.0,9.1,-0.219780219780219,10.0,10.01,False,False,True,87.25740848343986
74,603609.SH,禾丰股份,0.17808219178082196,24.100719424460436,1.251238505085928,0.369240926086121,0.8839033525946767,0.49536494895485833,904016733.0,6.2,6.22,6.12,6.19,1656200.0,10209333.0,6.21,-0.32206119162639935,10.0,6.83,False,False,True,87.14119697850086
75,600117.SH,西宁特钢,0.14691943127962084,27.0,1.4610309335749971,0.4637170042568434,0.923206653170317,1.2187171012666311,3255114857.0,2.29,2.32,2.23,2.27,18395951.0,41585816.0,2.31,-1.7316017316017285,10.0,2.54,False,False,True,87.08502808444702
76,600917.SH,重庆燃气,0.19095477386934667,29.147982062780265,0.7935754354809861,0.284891020328651,0.7818798293221938,0.8611590488449062,1561039760.0,4.83,4.88,4.78,4.82,3829800.0,18419495.0,4.84,-0.4132231404958553,10.0,5.32,False,False,True,87.03273290722449
77,600864.SH,哈投股份,0.12634408602150532,22.82828282828282,1.3466545320086916,1.3487723261598406,0.8511795634106366,0.8570785539761421,2080570520.0,5.42,5.42,5.3,5.39,24051475.0,128637911.0,5.42,-0.5535055350553542,10.0,5.96,False,False,True,86.9901220220802
78,002312.SZ,川发龙蟒,0.1024390243902439,37.913486005089055,1.3027118063796013,1.0960709519191976,0.6323661468432273,0.7198728046532851,1884636265.0,8.46,8.49,8.35,8.45,14870377.0,125248974.0,8.49,-0.4711425206124997,10.0,9.34,False,False,True,86.92233197753242
79,002011.SZ,盾安环境,0.09107142857142854,33.673469387755084,1.3402713410228064,1.1236052266588212,0.8587677767788772,0.8486308144792307,1061515502.0,10.31,10.31,10.15,10.25,10118043.0,104280473.0,10.31,-0.5819592628516057,10.0,11.34,False,False,True,86.90683711020725
80,300193.SZ,佳士科技,0.18773946360153262,20.476858345021043,1.3369551547933043,0.9684178713975745,0.5759174575489221,0.8139278262835026,418156172.0,7.62,7.66,7.51,7.58,3296000.0,24911231.0,7.62,-0.5249343832021025,20.0,9.14,False,False,True,86.88940538446639
81,600765.SH,中航重机,0.10178384050367267,32.00000000000001,1.3052055859032925,1.1282986229707188,0.8835191158781519,0.6378242623683682,1552494153.0,13.47,13.47,13.28,13.44,11172621.0,149291233.0,13.47,-0.22271714922049712,10.0,14.82,False,False,True,86.80224675576216
82,688297.SH,中无人机,0.09918879056047188,27.473684210526315,1.6261838717714778,1.0931326444444391,0.9010682733375871,1.0686429047575787,675000000.0,40.48,40.99,39.91,40.88,7885137.0,318898939.0,40.69,0.4669451953797088,20.0,48.83,False,False,True,86.74220414487701
83,603035.SH,常熟汽饰,0.10273972602739731,30.83003952569172,1.2961717166801923,1.005522699948907,0.9612125849674481,0.9836571924547501,366347080.0,11.08,11.08,10.85,10.99,3623501.0,39584610.0,11.02,-0.27223230490017736,10.0,12.12,False,False,True,86.69571954290143
84,603639.SH,海利尔,0.195167286245353,22.80334728033473,1.1520821752388037,0.616075468252257,0.8146823045405186,0.5914302642994588,339878336.0,10.56,10.61,10.44,10.54,1238400.0,13011357.0,10.61,-0.6597549481621168,10.0,11.67,False,False,True,86.68797210923881
85,600061.SH,国投资本,0.1647058823529411,11.5,1.135044562292593,0.6428719986520649,1.1147297702942347,0.6921461151650719,6394097773.0,6.4,6.42,6.35,6.4,28451022.0,181410167.0,6.42,-0.31152647975076775,10.0,7.06,False,False,True,86.61049777261282
86,688708.SH,佳驰科技,0.09603193237849252,31.600094540297796,1.6045082329052345,1.0005122108502613,0.8669258736436553,0.9044962519009896,142743950.0,46.3,46.58,45.25,46.42,1291775.0,59215396.0,46.4,0.04310344827587187,20.0,55.68,False,False,True,86.59306604687197
87,603173.SH,福斯达,0.12284913965586222,36.05653223026542,1.7234902974506483,0.6010338125000001,0.6301176817481898,1.1029953493673037,160000000.0,32.18,32.2,31.41,31.63,1060700.0,33615251.0,32.08,-1.4027431421446357,10.0,35.29,False,False,True,86.55820259539027
88,300218.SZ,安利股份,0.0886243386243386,33.93339333933394,1.7130948124362952,1.1389715744936963,0.6463558159061688,1.1085419791971154,216276394.0,12.44,12.52,12.19,12.35,2730701.0,33677478.0,12.45,-0.8032128514056214,20.0,14.94,False,False,True,86.50784427658338
89,601800.SH,中国交建,0.15206185567010305,23.32730560578662,0.9683505219775945,0.37801922320035597,1.1749442351929291,0.7710578746545553,11722873078.999998,6.13,6.13,6.03,6.06,34169209.0,207035665.0,6.12,-0.9803921568627527,10.0,6.73,False,False,True,86.49815998450514
90,603199.SH,九华旅游,0.16212534059945521,18.533333333333335,1.1125030817091992,1.3346563516443744,0.8208705787558,0.9966838222359751,110680000.0,32.3,32.44,31.95,32.41,1472299.0,47406870.0,32.38,0.09264978381715583,10.0,35.62,False,False,True,86.42649622312608
91,601005.SH,重庆钢铁,0.14285714285714263,25.892857142857117,1.0013579556173373,0.9654675712985086,0.9937571273633553,0.4131091744045156,8313636567.000001,1.2,1.21,1.19,1.2,33158400.0,39682838.0,1.2,0.0,10.0,1.32,False,False,True,86.27735812512105
92,600824.SH,益民集团,0.14351851851851857,26.332288401253923,1.3395158863950918,0.8245186601577871,0.9546625654764138,1.0076708992730221,1054027073.0,3.49,3.5,3.41,3.47,8757315.0,30456679.0,3.5,-0.8571428571428563,10.0,3.85,False,False,True,86.26961069145844
93,603529.SH,爱玛科技,0.1403018446059252,21.80616740088106,1.6460545669936402,0.7980567087865761,0.9500926492979667,0.7079798006319798,847560564.0,20.67,20.67,20.28,20.54,4788785.0,99533829.0,20.67,-0.6289308176100739,10.0,22.74,False,False,True,86.2638001162115
94,300712.SZ,永福股份,0.08486842105263152,37.83646521076689,1.7010301054520653,0.9651896773487313,0.6506466413492361,0.7240365085284011,186740010.0,20.98,20.98,20.5,20.83,1305000.0,27030969.0,20.98,-0.7149666348903794,20.0,25.18,False,False,True,86.19407321324812
95,600830.SH,香溢融通,0.13333333333333333,36.184210526315795,1.4229159303658743,0.8940548270632769,0.6246479459128786,1.2987535902120746,454322747.0,8.1,8.1,7.89,7.96,5275400.0,41991732.0,8.1,-1.7283950617283939,10.0,8.91,False,False,True,86.18438892116986
96,601008.SH,连云港,0.16538461538461524,25.773195876288657,1.026312918761541,0.7399638093950125,0.956361144386561,0.7568693836939313,1240638006.0,4.29,4.3,4.24,4.26,6948267.0,29821974.0,4.31,-1.1600928074245953,10.0,4.74,False,False,True,86.1359674607786
97,000987.SZ,越秀资本,0.15354330708661423,24.822695035460995,1.653899134985704,0.731818331748289,0.8592719954640015,0.6668854780079267,5012547583.0,7.75,7.77,7.65,7.75,24463188.0,188462731.0,7.74,0.12919896640826156,10.0,8.51,False,False,True,86.08560914197172
98,002675.SZ,东诚药业,0.12269938650306733,13.443983402489623,1.3035657374848675,1.3495384661187593,1.0715877727569136,1.0956977515205097,743383994.0,12.78,13.19,12.78,13.16,10992317.0,143132187.0,12.85,2.412451361867718,10.0,14.14,False,False,True,86.07011427464653
99,300729.SZ,乐歌股份,0.1169230769230769,36.652542372881356,1.350884998199681,0.7944612982513475,0.8731890024924289,0.9200062259637343,328084465.0,10.2,10.2,10.01,10.16,2398000.0,24221492.0,10.2,-0.39215686274508554,20.0,12.24,False,False,True,85.95002905287623
100,600038.SH,中直股份,0.12917181705809638,27.485620377978638,1.2928485252103306,1.050138067105898,0.9651411795513943,0.6714947054151472,668935221.0,26.32,26.41,26.14,26.34,4717078.0,123927554.0,26.43,-0.34052213393870323,10.0,29.07,False,False,True,85.91903931822583
101,601390.SH,中国中铁,0.19130434782608713,24.197530864197535,1.1157074096146324,0.6230782105522539,0.8840626412055337,0.6521513397590173,20323920329.0,4.5,4.51,4.45,4.48,82584480.0,369322488.0,4.49,-0.22271714922048602,10.0,4.94,False,False,True,85.9093550261476
102,601377.SH,兴业证券,0.16814159292035394,13.357400722021673,0.860785419459263,1.015305381596819,1.0424234029177737,0.732579867949841,8635987294.0,5.9,5.91,5.85,5.89,64233807.0,377281970.0,5.91,-0.33840947546531774,10.0,6.5,False,False,True,85.90741816773193
103,000166.SZ,申万宏源,0.20134228187919448,12.98076923076923,1.0443900327315403,0.40639859784729704,1.03794824616112,0.7262110777920582,22535507316.0,4.45,4.47,4.42,4.46,66509305.0,300743104.0,4.46,0.0,10.0,4.91,False,False,True,85.8318806895216
104,600372.SH,中航机载,0.15644171779141103,29.865125240847767,1.2579340467977311,0.6963800392239377,0.9009055826661382,0.712941104497232,4838896630.0,11.36,11.39,11.21,11.31,24024055.0,270804165.0,11.4,-0.7894736842105288,10.0,12.54,False,False,True,85.82122796823552
105,000157.SZ,中联重科,0.18885448916408648,16.36636636636637,1.6192345339729346,0.7968216048294918,0.779525394328975,0.9505125180300187,7070417363.0,7.27,7.3,7.18,7.22,53550557.0,386658760.0,7.27,-0.687757909215958,10.0,8.0,False,False,True,85.8163858221964
106,001213.SZ,中铁特货,0.2346938775510204,19.03323262839878,0.851943743967769,0.218297877771823,0.871575618519022,0.7661927441711008,4444444444.0,3.55,3.55,3.49,3.51,7433700.0,26154179.0,3.54,-0.8474576271186529,10.0,3.89,False,False,True,85.79895409645555
107,000881.SZ,中广核技,0.12466124661246614,37.66666666666667,1.0115693008987452,1.0074351439840308,0.8041066350505798,0.7485550390662765,903730851.0,6.48,6.48,6.36,6.43,6815221.0,43654441.0,6.46,-0.4643962848297267,10.0,7.11,False,False,True,85.78345922913036
108,000544.SZ,中原环保,0.19827586206896547,19.247467438494926,0.9531074495378146,0.49656834694592356,0.9872762374623931,0.6494253022585562,974684488.0,7.37,7.37,7.29,7.36,3143202.0,23007811.0,7.37,-0.13568521031207537,10.0,8.11,False,False,True,85.76796436180516
109,605008.SH,长鸿高科,0.13626373626373628,24.01960784313726,1.3182883286687224,0.43170077539526497,1.246577373967658,1.2595097278685488,645962414.0,11.44,11.74,11.35,11.57,3512300.0,40537013.0,11.44,1.1363636363636465,10.0,12.58,False,False,True,85.76409064497385
110,603277.SH,银都股份,0.10615711252653925,31.649484536082472,1.3267110530593889,0.3114250970311735,1.2089816558299442,0.809388730219722,609746025.0,10.71,10.72,10.42,10.49,1536950.0,16138508.0,10.7,-1.9626168224298968,10.0,11.77,False,False,True,85.76215378655822
111,001390.SZ,古麒绒材,0.10030395136778107,25.889570552147223,1.550109310482985,1.2359139327786572,0.9792081671313652,1.0650477486757066,118779250.0,17.92,17.93,17.41,17.62,1563500.0,27522423.0,17.95,-1.8384401114206028,10.0,19.75,False,False,True,85.7350377687391
112,000927.SZ,中国铁物,0.1964285714285716,22.666666666666657,1.2675317440041478,0.811802792952895,0.7863566650366726,0.9172641441344596,6050350581.0,2.47,2.48,2.41,2.44,45053185.0,109697088.0,2.47,-1.2145748987854366,10.0,2.72,False,False,True,85.69436374201047
113,000965.SZ,天保基建,0.14720812182741116,27.68166089965398,1.3721078343660378,1.2100018895220908,0.763690419033892,1.4624191565241451,1109830895.0,3.17,3.17,3.05,3.12,19638790.0,60769301.0,3.18,-1.8867924528301883,10.0,3.5,False,False,True,85.67886887468525
114,688789.SH,宏华数科,0.0675381263616558,38.820524727188285,1.7350103487301518,0.814178406726598,0.8040612148964357,1.452196682448147,180256107.0,46.19,46.25,44.6,45.09,2131253.0,96257873.0,46.17,-2.3391812865497075,20.0,55.4,False,False,True,85.65562657369746
115,000915.SZ,华特达因,0.14876033057851254,12.244045131633928,1.1941767880866485,1.1966291758096537,1.0507536586829491,1.0127062296524594,234122860.0,25.36,25.83,25.24,25.82,2837180.0,72692375.0,25.37,1.7737485218762394,10.0,27.91,False,False,True,85.62269998063141
116,600167.SH,联美控股,0.14643545279383424,34.44227005870842,1.4207782692023685,0.444308755495323,0.8838415642961003,0.8519419582555529,2262840463.0,5.85,5.86,5.71,5.78,8565423.0,49302280.0,5.87,-1.5332197614991494,10.0,6.46,False,False,True,85.46775130737943
117,301215.SZ,中汽股份,0.12087912087912092,27.67676767676768,1.4045819430244504,0.8973942906836017,1.071446737785308,1.0475491820393725,1322400000.0,5.29,5.31,5.14,5.24,12431415.0,64750267.0,5.28,-0.7575757575757569,20.0,6.34,False,False,True,85.33217121828395
118,600551.SH,时代出版,0.17006802721088432,27.357032457496146,0.9321018335702963,0.6640666189145056,0.9868794180514301,1.137610589644502,678055239.0,6.97,6.97,6.8,6.86,5122363.0,35109606.0,6.97,-1.5781922525107572,10.0,7.67,False,False,True,85.326360643037
119,601366.SH,利群股份,0.14906832298136646,25.573770491803295,1.4246895408395202,0.9981764999161766,0.9081215311186209,1.0706154580101626,959741113.0,3.54,3.54,3.41,3.48,10256400.0,35514735.0,3.53,-1.4164305949008416,10.0,3.88,False,False,True,85.3224869262057
120,600283.SH,钱江水利,0.20000000000000007,21.094793057409888,1.315363128182977,0.6535275293715589,0.8694647298337241,0.7498257026713622,560824898.0,7.94,7.94,7.82,7.88,2748220.0,21639414.0,7.94,-0.7556675062972307,10.0,8.73,False,False,True,85.2914971915553
121,601921.SH,浙版传媒,0.251063829787234,16.897081413210447,1.0307013451361022,0.2925646873975975,0.8375725531734534,0.997933149399652,2222222223.0,7.09,7.09,7.01,7.06,6488000.0,46352011.0,7.1,-0.5633802816901401,10.0,7.81,False,False,True,85.2450125895797
122,603759.SH,海天股份,0.07165109034267908,36.83409436834093,1.5197719551251208,0.9444399363305576,0.9430733010667688,0.8090834449722651,461760000.0,7.25,7.26,7.09,7.22,3528450.0,25275445.0,7.26,-0.5509641873278293,10.0,7.99,False,False,True,85.2024017044354
123,600794.SH,保税科技,0.15763546798029573,25.886524822695044,1.2187098473306375,0.9010008345133469,0.9652818266098729,1.1072855062967148,1200152157.0,3.15,3.15,3.06,3.1,11973500.0,37046133.0,3.14,-1.273885350318471,10.0,3.45,False,False,True,85.18884369552586
124,601136.SH,首创证券,0.13268892794376097,27.84522003034904,1.299503970877036,0.44501127890050707,1.2176650188899272,0.7911116304730301,2733333800.0,14.65,14.68,14.5,14.61,9622800.0,140195852.0,14.69,-0.5445881552076259,10.0,16.16,False,False,True,85.18496997869455
125,603811.SH,诚意药业,0.07661290322580644,20.35139092240117,1.6073692018523165,1.2902877249789118,1.1476328221385241,1.2913185024825096,458226048.0,7.19,7.43,7.16,7.43,7634836.0,55880958.0,7.21,3.051317614424409,10.0,7.93,False,False,True,85.17334882820066
126,000755.SZ,山西高速,0.24137931034482765,25.238095238095237,0.9593094231405426,0.3328834600424125,0.7379658062336115,0.9443491285922965,1467310196.0,4.69,4.7,4.58,4.6,4612610.0,21229796.0,4.69,-1.9189765458422325,10.0,5.16,False,False,True,85.1365485183033
127,603055.SH,台华新材,0.21282798833819225,19.422572178477694,1.4320671886883696,0.6459724947792169,0.7969989298434044,0.9906101024220307,887050942.0000001,8.34,8.4,8.17,8.2,5676300.0,46686573.0,8.35,-1.7964071856287456,10.0,9.19,False,False,True,85.12299050939376
128,600273.SH,嘉化能源,0.10126582278481007,25.750394944707743,1.4804653845222584,1.3767983572373816,0.9941944710176068,0.9775057829095049,1311309122.0,6.86,6.9,6.74,6.85,17647970.0,120293189.0,6.89,-0.5805515239477477,10.0,7.58,False,False,True,85.09781134999032
129,600820.SH,隧道股份,0.18627450980392152,15.799999999999992,1.0745682286726135,0.704718386065965,1.082913452496209,0.6010262231412336,3144096094.0,5.37,5.39,5.32,5.36,13316952.0,71876451.0,5.38,-0.3717472118959009,10.0,5.92,False,False,True,85.03002130544257
130,002393.SZ,力生制药,0.11403508771929823,21.39117427075543,1.5145495420759825,1.2293400786842312,1.0736165820200971,1.4408051538608593,300217443.0,14.27,14.78,14.01,14.78,5317570.0,77353811.0,14.28,3.5014005602240994,10.0,15.71,False,False,True,85.03002130544257
131,301048.SZ,金鹰重工,0.11410256410256417,34.63414634146342,1.529373993352188,0.7395851731768486,0.9598869367002726,1.0609831434877026,533333400.0,9.06,9.12,8.87,9.06,4185000.0,37647956.0,9.09,-0.3300330033003229,20.0,10.91,False,False,True,84.98353670346698
132,002091.SZ,江苏国泰,0.2100840336134454,26.487252124645888,1.2500185978693064,0.7507120860196226,0.662050668953636,0.949527835631441,1602372071.0,7.7,7.72,7.59,7.62,11422061.0,87213349.0,7.7,-1.0389610389610393,10.0,8.47,False,False,True,84.96804183614178
133,601633.SH,长城汽车,0.11661073825503361,33.286810886252624,1.5069585661693512,0.29989104653267856,1.1009891790475252,0.9635289813158092,6220163678.0,15.67,15.72,15.47,15.58,17973394.0,280136067.0,15.72,-0.8905852417302795,10.0,17.29,False,False,True,84.85957776486539
134,300791.SZ,仙乐健康,0.13917050691244237,22.337662337662323,1.797999157200504,0.6638539491659284,1.0146135370031786,0.900098776528637,257416184.0,16.99,16.99,16.5,16.95,1538186.0,25759458.0,16.91,0.23654642223536193,20.0,20.29,False,False,True,84.84989347278713
135,600009.SH,上海机场,0.1410992616899097,20.291837665298672,1.2892970932548469,0.6503635951456879,1.3447138950318356,0.6933711584400827,2480218840.0,23.65,23.69,23.38,23.58,9852729.0,234249841.0,23.65,-0.29598308668076223,10.0,26.02,False,False,True,84.8324617470463
136,600170.SH,上海建工,0.1183431952662723,24.882629107981224,1.323100745018392,1.4733335389585502,0.972979539650307,0.9359738881740032,8885939744.0,2.32,2.33,2.28,2.31,122537262.0,281874514.0,2.33,-0.8583690987124526,10.0,2.56,False,False,True,84.78016656982375
137,603136.SH,天目湖,0.15145985401459855,25.40073982737363,1.4923889457809703,1.1736293127029114,0.8464006325272295,0.7187899830811808,270126710.0,8.93,8.93,8.76,8.91,2278770.0,20152613.0,8.94,-0.3355704697986517,10.0,9.83,False,False,True,84.7743559945768
138,002352.SZ,顺丰控股,0.19545957918050952,20.424671385237602,1.0770761417955284,0.47146989453040256,1.0526125770090209,0.9716945641907738,4799115259.0,33.16,33.16,32.67,32.79,21985934.0,732688379.0,33.2,-1.2349397590361577,10.0,36.52,False,False,True,84.7433662599264
139,600125.SH,铁龙物流,0.2367149758454107,18.525896414342636,0.8781989198429013,0.870196415414479,0.7942773509463353,1.2738858162262148,1305521874.0,5.51,5.51,5.38,5.44,14472113.0,78852646.0,5.51,-1.270417422867498,10.0,6.06,False,False,True,84.7046290916134
140,601188.SH,龙江交通,0.1578947368421054,27.715355805243448,1.144928643538891,1.0246417551491365,0.93246561232436,0.965488831054068,1305469915.0,2.84,2.85,2.8,2.83,12914755.0,36436099.0,2.85,-0.7017543859649145,10.0,3.14,False,False,True,84.66395506488476
141,600742.SH,富维股份,0.16513761467889904,30.94555873925502,1.2718772816626405,0.8362470363681441,0.8518100794289865,0.8581543385814107,743057880.0,7.69,7.69,7.5,7.54,5332399.0,40301448.0,7.7,-2.0779220779220786,10.0,8.47,False,False,True,84.6581444896378
142,000655.SZ,金岭矿业,0.14210526315789465,31.096563011456624,1.4936759256838983,1.0088013286117041,0.8406742176822376,0.8744616651954361,595340230.0,6.95,6.95,6.84,6.93,5251842.0,36240974.0,6.92,0.14450867052022698,10.0,7.61,False,False,True,84.62521789657175
143,601236.SH,红塔证券,0.18313953488372092,15.165876777251185,1.1413386980712872,0.37275189018681604,1.2276885454914714,0.5326447635839141,4693233706.0,6.98,6.98,6.89,6.96,9318150.0,65018270.0,6.96,0.0,10.0,7.66,False,False,True,84.59229130350572
144,600987.SH,航民股份,0.2745098039215687,13.735343383584597,0.9405933828996382,0.6182290136792906,0.7928331247293519,1.304534308671871,1020818873.0,6.67,6.71,6.57,6.67,8232914.0,54661795.0,6.67,0.0,10.0,7.34,False,False,True,84.57292271934922
145,600668.SH,尖峰集团,0.1027397260273972,33.43239227340267,1.319800885566722,1.3141643361258957,0.9235202797081398,1.3626300954849122,412900594.0,7.31,7.42,7.2,7.42,7393893.0,54053656.0,7.33,1.2278308321964415,10.0,8.06,False,False,True,84.53805926786752
146,002099.SZ,海翔药业,0.09478672985781979,30.39014373716631,1.8639561887484644,1.2823804510133254,0.796579868207929,0.7308095504860986,1616843253.0,5.29,5.39,5.26,5.36,15152665.0,80712386.0,5.27,1.707779886148031,10.0,5.8,False,False,True,84.51675382529537
147,000156.SZ,华数传媒,0.1698630136986302,23.491027732463298,1.6659818490068337,0.621381398660786,0.918661818665067,1.1883077381875158,1699875877.0,6.73,6.77,6.54,6.65,12551753.0,85052077.0,6.75,-1.4814814814814725,10.0,7.43,False,False,True,84.50706953321712
148,000581.SZ,威孚高科,0.20021528525296028,25.079770261646473,0.9942093557915571,1.063836619727395,0.7706556323206755,0.9181394796031029,793891049.0,17.55,17.57,17.2,17.36,7754334.0,134473779.0,17.53,-0.9697661152310411,10.0,19.28,False,False,True,84.48576409064498
149,600308.SH,华泰股份,0.17543859649122823,38.01369863013699,1.0693175862903352,0.5945108218674551,0.7100152262690185,0.7781445096322174,1516870176.0,3.2,3.21,3.16,3.18,7017274.0,22344064.0,3.22,-1.2422360248447228,10.0,3.54,False,False,True,84.40441603718767
150,300011.SZ,鼎汉技术,0.1305309734513276,35.32710280373834,1.7129979662479577,0.9774179099507075,0.6814629964022381,0.6813123187359693,509665579.0,5.94,5.95,5.83,5.92,3394000.0,19992069.0,5.94,-0.33670033670034627,20.0,7.13,False,False,True,84.39860546194073
151,300230.SZ,永利股份,0.17241379310344862,24.874371859296485,1.1953245036909352,1.3877257741470383,0.7526438803874267,0.8284263998419306,629822499.0,4.21,4.24,4.17,4.23,7240620.0,30427553.0,4.23,0.0,20.0,5.08,False,False,True,84.3656788688747
152,601568.SH,北元化工,0.26351351351351354,16.766467065868262,1.0052020308174747,0.47252233866963456,0.8479461484611175,0.9201642886296894,3972222224.000001,3.73,3.75,3.69,3.72,17271150.0,64206450.0,3.73,-0.2680965147452974,10.0,4.1,False,False,True,84.35405771838079
153,601021.SH,春秋航空,0.22014051522248235,14.382442213401836,1.1779182680331386,0.7272260134160766,0.9371956692196409,0.7670996275926172,978333423.0,45.66,45.97,45.19,45.32,5457680.0,249538294.0,46.05,-1.5852334419109604,10.0,50.66,False,False,True,84.3501840015495
154,000789.SZ,万年青,0.16115702479338845,27.88203753351206,1.3915432237833456,0.6189572771239505,1.0062100980616908,0.7707796991199073,797420215.0,4.12,4.12,4.02,4.06,3804330.0,15426273.0,4.12,-1.456310679611661,10.0,4.53,False,False,True,84.34049970947125
155,600517.SH,国网英大,0.16393442622950816,30.309734513274343,1.2938541961859562,0.48220534573518653,0.9976011047103532,0.8050695460877689,5718435744.0,5.02,5.04,4.93,4.97,22199473.0,111091667.0,5.02,-0.9960159362549792,10.0,5.52,False,False,True,84.29788882432695
156,603656.SH,泰禾智能,0.16061185468451225,29.618033813400114,1.2587847947830864,1.1339617318959199,0.8212918936370307,0.7168369457694365,182945358.0,17.6,17.86,17.36,17.6,1487100.0,26105067.0,17.65,-0.28328611898015277,10.0,19.42,False,False,True,84.29595196591129
157,000501.SZ,武商集团,0.12044374009508713,25.937499999999993,1.2518870409864327,1.0770380575627885,1.1845672465734294,0.6033909436263586,768293891.0,7.12,7.14,7.02,7.1,4992950.0,35334310.0,7.16,-0.8379888268156499,10.0,7.88,False,False,True,84.2727096649235
158,600315.SH,上海家化,0.10052122114668649,21.894604767879542,1.7232799580630889,1.0442945614806447,1.1738223538467698,1.197089150473638,672225980.0,17.29,17.31,16.92,17.26,8403589.0,143634949.0,17.29,-0.1735106998264735,10.0,19.02,False,False,True,84.26883594809217
159,603987.SH,康德莱,0.18292682926829285,19.047619047619047,1.1596929817416812,0.9931590833581463,0.984579291990427,1.2276994596831008,436790880.00000006,7.27,7.42,7.25,7.42,5325795.0,39127877.0,7.32,1.3661202185792254,10.0,8.05,False,False,True,84.21847762928529
160,301223.SZ,中荣股份,0.21070811744386858,25.082074852265258,1.463324719382031,0.6128444070851361,0.7739709374618882,0.6583463972538371,193127560.0,16.4,16.48,16.14,16.32,779200.0,12680439.0,16.45,-0.7902735562309915,20.0,19.74,False,False,True,84.18555103621924
161,000557.SZ,西部创业,0.1360000000000001,37.20238095238098,1.353712989220696,0.5871374954021815,0.9505880477496561,0.8605374457592455,1457916197.9999998,3.69,3.69,3.61,3.66,7366177.0,26830038.0,3.7,-1.0810810810810811,10.0,4.07,False,False,True,84.16424559364711
162,000099.SZ,中信海直,0.0930047694753577,34.49583017437452,1.7014285005303336,1.1149997193047358,0.889000180475621,1.0596352599726224,775770137.0,14.36,14.36,14.01,14.2,9165670.0,129751281.0,14.36,-1.1142061281337101,10.0,15.8,False,False,True,84.1642455936471
163,601117.SH,中国化学,0.201219512195122,19.57446808510639,1.2345597383714453,1.2445366221472058,0.7543040416171699,0.7405665072214717,6049451162.0,7.68,7.69,7.6,7.66,55755501.0,432230232.0,7.71,-0.6485084306095956,10.0,8.48,False,False,True,84.12550842533409
164,600528.SH,中铁工业,0.21594684385382068,21.483771251931994,1.0412319833807815,0.605813098048115,0.9544357295075864,0.92814956669789,2221551588.0,7.12,7.13,7.0,7.05,12491455.0,89141076.0,7.12,-0.98314606741573,10.0,7.83,False,False,True,84.10032926593065
165,603868.SH,飞科电器,0.16677275620623816,38.81932021466905,1.3873584377208714,0.23741798668502648,0.7433296976383555,0.8102019667030155,435600000.0,30.52,30.62,30.09,30.47,837905.0,25834069.0,30.57,-0.3271180896303627,10.0,33.63,False,False,True,84.07127638969591
166,000928.SZ,中钢国际,0.14227642276422786,34.243697478991585,1.3632496169494057,1.1787293814421498,0.7698026384941771,0.8661226399600889,1434627071.0,5.11,5.12,5.02,5.07,14646455.0,74017901.0,5.11,-0.7827788649706457,10.0,5.62,False,False,True,84.0170443540577
167,688009.SH,中国通号,0.21656050955414055,13.260869565217392,1.3348983662614167,0.4542794099258304,1.0102960527728677,0.595532938152374,8621018000.0,4.94,4.95,4.9,4.94,23323160.0,114902923.0,4.94,0.0,20.0,5.93,False,False,True,84.01510749564207
168,605009.SH,豪悦护理,0.15889212827988336,30.880929332042584,1.2081521395418586,0.6104589668120075,1.0288048835454697,0.7428954460871833,214957453.0,23.8,24.07,23.58,24.06,975020.0,23247616.0,23.93,0.54325114918512,10.0,26.32,False,False,True,84.01123377881076
169,603511.SH,爱慕股份,0.13661202185792354,31.19266055045873,1.3057723799575875,0.47115540686688245,1.184255119278357,0.9639222064291266,401887312.0,11.96,12.08,11.77,11.9,1825200.0,21721973.0,11.9,0.0,10.0,13.09,False,False,True,83.9618438892117
170,000652.SZ,泰达股份,0.16071428571428548,36.41975308641974,1.2343368222113993,0.7857034187657201,0.8145864194120814,0.9524579421556404,1458222470.0,3.5,3.5,3.42,3.45,10912600.0,37633803.0,3.51,-1.7094017094017033,10.0,3.86,False,False,True,83.94925430950998
171,003039.SZ,顺控发展,0.1567852437417656,32.28200371057515,1.4381505457388104,0.6384278255009336,0.9357870454491778,0.7650901171805662,617518730.0,11.94,11.99,11.72,11.8,3016300.0,35593222.0,11.97,-1.4202172096908883,10.0,13.17,False,False,True,83.93957001743172
172,002481.SZ,双塔食品,0.15358361774744034,19.999999999999996,1.3643870128227573,1.0084360533615842,1.1043156963723209,0.6886751136041454,1118152600.0,4.14,4.14,4.04,4.11,7765400.0,31718234.0,4.15,-0.9638554216867434,10.0,4.57,False,False,True,83.91729614565175
173,600569.SH,安阳钢铁,0.1451612903225806,27.329192546583837,1.8287349493743457,0.7385368039450964,0.9151307396239705,0.6824380919385498,2872421386.0,1.79,1.8,1.75,1.78,14477166.0,25616922.0,1.79,-0.5586592178770999,10.0,1.97,False,False,True,83.86209568080574
174,600822.SH,上海物贸,0.12866449511400652,32.885906040268466,1.472633385637058,0.826975615380501,1.0136046017489382,0.7858557323329893,396147908.0,8.2,8.21,8.05,8.16,2574500.0,20900774.0,8.24,-0.9708737864077666,10.0,9.06,False,False,True,83.84079023823358
175,603569.SH,长久物流,0.1557017543859649,22.745098039215694,1.6056201088045028,0.7514538296740316,1.0608623527391763,0.7501524201891684,603507251.0,5.81,5.82,5.68,5.73,3402000.0,19498933.0,5.81,-1.376936316695343,10.0,6.39,False,False,True,83.8175479372458
176,600983.SH,惠而浦,0.21679687499999992,26.112759643916906,1.3845564276476794,0.39370408473472196,0.8379621355179117,0.7295107858516001,766439000.0,7.86,7.86,7.7,7.72,2201300.0,17035512.0,7.85,-1.6560509554140124,10.0,8.64,False,False,True,83.78074762734843
177,603708.SH,家家悦,0.2081128747795414,23.39393939393939,1.3529809494907887,0.6163757741922765,0.9007278846281518,1.2216372231954131,638338675.0,9.4,9.4,9.19,9.32,4806611.0,44601294.0,9.43,-1.166489925768821,10.0,10.37,False,False,True,83.75363160952935
178,000726.SZ,鲁  泰Ａ,0.24596774193548396,18.352059925093634,0.9398154631278544,0.8953898839253402,0.805725242129133,0.6073800523658717,589288850.0,5.92,5.93,5.85,5.9,3204800.0,18868611.0,5.95,-0.8403361344537785,10.0,6.55,False,False,True,83.74588417586675
179,601990.SH,南京证券,0.19696969696969677,15.999999999999993,0.9432997913838367,0.5384563629941106,1.2146112387029677,0.5854917495810787,4231724800.0,6.75,6.76,6.71,6.74,13341010.0,89748698.0,6.77,-0.4431314623338123,10.0,7.45,False,False,True,83.6974627154755
180,600681.SH,百川能源,0.12048192771084329,30.12820512820511,1.3418376698568812,1.50440281637445,0.9050617596771899,0.9104053845995735,1339808772.0,3.41,3.45,3.37,3.42,18350241.0,62477331.0,3.42,0.0,10.0,3.76,False,False,True,83.68777842339725
181,301585.SZ,蓝宇股份,0.1320182094081944,23.472803347280347,1.6348779230131298,1.424383256690318,0.9129801989468737,0.7554003440412718,68111886.0,25.6,25.77,25.21,25.71,732870.0,18723049.0,25.64,0.2730109204368114,20.0,30.77,False,False,True,83.66840983924075
182,603848.SH,好太太,0.05642923219241447,36.206896551724135,1.8130814002651512,0.5511722696753234,1.0846929857808316,0.46954329196591216,402406511.0,13.34,13.4,13.12,13.27,1041425.0,13775839.0,13.4,-0.970149253731345,10.0,14.74,False,False,True,83.6587255471625
183,002959.SZ,小熊电器,0.1679639492011471,29.253731343283597,1.220788518329778,0.782529899804987,0.9825429844013979,0.836068647354879,139794390.0,34.27,34.37,33.81,34.13,914603.0,31161786.0,34.25,-0.35036496350364654,10.0,37.68,False,False,True,83.64129382142167
184,002304.SZ,洋河股份,0.10634118967452298,25.047182528983548,1.6914119957672127,0.6061398993365884,1.4558577336810659,0.8168779204717965,1506409974.0,40.86,40.96,40.22,40.84,7458873.0,302709815.0,40.88,-0.09784735812132794,10.0,44.97,False,False,True,83.54638775905482
185,601099.SH,太平洋,0.1571428571428572,20.833333333333325,1.1691447985558,1.4470582202451339,0.9750016794342218,0.8641881530183305,6816316370.0,3.45,3.45,3.38,3.42,85240120.0,290377265.0,3.45,-0.8695652173913104,10.0,3.8,False,False,True,83.51927174123571
186,600425.SH,青松建化,0.21546961325966832,26.433121019108285,1.0933823038802954,0.8915844861321749,0.7995382308823794,1.0197529171371407,1604703707.0,3.54,3.54,3.45,3.5,14589900.0,50839124.0,3.53,-0.8498583569405027,10.0,3.88,False,False,True,83.50184001549486
187,000795.SZ,英洛华,0.15227272727272748,27.728983688833118,1.4435968173457323,1.3348692845041954,0.8514452889489339,1.4194757299325698,1116249027.0,8.58,8.87,8.57,8.72,21150849.0,184843286.0,8.64,0.92592592592593,10.0,9.5,False,False,True,83.41274452837497
188,603418.SH,友升股份,0.02516638935108155,32.28235294117647,1.1084816336021885,2.0304545585970875,0.9158972119261123,0.851163006949782,41364612.0,43.73,43.79,43.11,43.61,714883.0,30998577.0,43.71,-0.22878059940517614,10.0,48.08,False,False,True,83.40693395312803
189,601658.SH,邮储银行,0.19999999999999987,11.777301927194861,1.1387972782361155,0.24514189354549248,1.2806053840094382,0.7516134735830953,72527800605.0,4.96,4.98,4.93,4.96,133633887.0,661907718.0,4.97,-0.2012072434607548,10.0,5.47,False,False,True,83.40306023629671
190,600269.SH,赣粤高速,0.1234567901234569,14.133333333333331,1.41119043849109,1.111252503072249,1.534310987283891,1.3792501202081797,2335407014.0,3.95,3.95,3.87,3.9,35794670.0,139760746.0,3.95,-1.2658227848101333,10.0,4.35,False,False,True,83.39918651946543
191,000030.SZ,富奥股份,0.1919642857142858,25.72178477690288,1.4235990111836903,0.6898608068909006,0.9172746116500778,1.0811917731467657,1670808645.0,4.23,4.27,4.17,4.26,12462091.0,52572311.0,4.24,0.4716981132075304,10.0,4.66,False,False,True,83.39918651946542
192,600028.SH,中国石化,0.1857142857142858,20.316027088036126,1.3940816309606976,0.3153100152450715,1.1521942502170328,0.6241925238389601,94752475375.0,5.08,5.14,5.06,5.1,186486283.0,950996640.0,5.08,0.3937007874015741,10.0,5.59,False,False,True,83.39143908580283
193,603325.SH,博隆技术,0.11045012889153283,28.113286130778835,1.4762234780319115,1.594368724987709,0.9468143969730083,1.0383367163220605,34183200.0,53.76,54.96,52.88,54.9,565900.0,30589897.0,53.59,2.4444859115506423,10.0,58.95,False,False,True,83.35657563432113
194,603357.SH,设计总院,0.1442622950819671,30.265486725663713,1.619990280475077,0.7186410733588784,1.0036184306003544,0.8581664985454576,560543253.0,6.06,6.09,5.95,6.0,3456947.0,20711722.0,6.09,-1.4778325123152691,10.0,6.7,False,False,True,83.35657563432113
195,002204.SZ,大连重工,0.11671924290220821,30.98591549295775,1.5134403638807195,1.2436610386424334,0.9766141303700379,0.9817616097615487,1931370032.0,5.34,5.39,5.26,5.35,23581616.0,125402184.0,5.34,0.1872659176029856,10.0,5.87,False,False,True,83.35270191748982
196,603153.SH,上海建科,0.1612529002320186,28.3682008368201,1.3263598813501953,0.46112882527422444,1.1439127296184801,0.6809002459388273,403780169.0,13.31,13.32,13.11,13.25,1267800.0,16730664.0,13.34,-0.6746626686656709,10.0,14.67,False,False,True,83.28684873135775
197,000728.SZ,国元证券,0.2035928143712574,22.070015220700135,1.1556810167284322,0.684459267773483,1.022110500332359,0.6563508362727335,4363777891.0,7.25,7.25,7.17,7.21,19604072.0,141176078.0,7.25,-0.5517241379310311,10.0,7.98,False,False,True,83.25198527987604
198,002852.SZ,道道全,0.13868613138686145,26.6857962697274,1.6621897051031476,1.378845441439305,0.8585219715034226,1.6932002325552629,285818746.0,7.73,7.75,7.4,7.56,6672900.0,50476962.0,7.73,-2.199223803363526,10.0,8.5,False,False,True,83.23455355413519
199,601811.SH,新华文轩,0.24214417744916797,23.342670401493937,1.219729259433704,0.32935716694916495,0.8915608771040764,0.8287448902587606,791903900.0,12.05,12.05,11.8,11.87,2161526.0,25700400.0,12.02,-1.2479201331114798,10.0,13.22,False,False,True,83.1532055006779
200,601065.SH,江盐集团,0.1794871794871796,25.97809076682318,1.1245628791271118,0.7443196015388684,1.0699399897172512,0.6051031388894489,642776079.0,6.89,6.9,6.8,6.84,2895000.0,19782666.0,6.88,-0.5813953488372103,10.0,7.57,False,False,True,83.13771063335271
201,000930.SZ,中粮科技,0.13659793814432997,36.10451306413302,1.4606824605696969,0.992273302227604,0.8855743644579438,0.7260158150839198,1856302967.0,4.75,4.76,4.64,4.71,13372920.0,62644820.0,4.74,-0.6329113924050667,10.0,5.21,False,False,True,83.0950997482084
202,600035.SH,楚天高速,0.1647058823529414,13.213213213213205,0.850898470008919,0.9389285635034498,1.483279407141059,0.7811439652869414,1610115901.0,3.46,3.46,3.43,3.44,11809208.0,40629595.0,3.47,-0.8645533141210415,10.0,3.82,False,False,True,83.03699399573891
203,300627.SZ,华测导航,0.08782816229116944,25.00000000000002,1.7927698489691017,1.5507787927978518,0.9833875963914415,0.736170050033368,657131856.0,28.11,28.28,27.82,28.16,7493149.0,210041599.0,28.2,-0.14184397163120588,20.0,33.84,False,False,True,82.95564594228163
204,603515.SH,欧普照明,0.24485596707818913,20.79145728643217,1.235524002231306,0.19900996115818104,0.942572591055934,0.785321590265761,737750549.0,17.08,17.08,16.77,16.89,1152534.0,19441816.0,17.11,-1.2857977790765585,10.0,18.82,False,False,True,82.95177222545031
205,600679.SH,上海凤凰,0.1622023809523809,35.39192399049882,1.3405894878883022,0.7951776162497772,0.8834845041556082,0.8684659871982955,343694257.0,9.51,9.51,9.3,9.39,2373500.0,22249642.0,9.51,-1.2618296529968376,10.0,10.46,False,False,True,82.90335076505907
206,688566.SH,吉贝尔,0.08202939781887154,22.524101665205954,1.7937323752318206,1.1689116137176867,1.2597131121185814,1.0322928242339702,201101625.0,24.57,25.15,24.41,25.14,2426611.0,60333715.0,24.55,2.4032586558044855,20.0,29.46,False,False,True,82.88010846407128
207,002321.SZ,华英农业,0.14222222222222214,31.677018633540378,1.4220367728102148,1.212203610911731,0.9033654929723036,0.9463042014670291,2125250009.0,1.92,1.92,1.86,1.9,24379027.0,46044516.0,1.93,-1.5544041450777257,10.0,2.12,False,False,True,82.87429788882433
208,601818.SH,光大银行,0.22123893805309736,14.234875444839856,0.9849276866629676,0.511772940631568,1.157889416615153,0.8840290538160773,46406815561.0,3.06,3.07,3.03,3.05,209954712.0,639347580.0,3.06,-0.326797385620925,10.0,3.37,False,False,True,82.82006585318614
209,603970.SH,中农立华,0.16297786720321938,31.6122233930453,1.219932692019076,0.8539558056916681,0.9861608525691397,1.6839131121306083,268800134.0,10.24,10.69,10.09,10.46,3865312.0,39645044.0,10.3,1.553398058252431,10.0,11.33,False,False,True,82.81231841952352
210,002614.SZ,奥佳华,0.11809045226130671,28.770301624129946,1.5052633132847393,1.6772266917058445,0.8909671805298081,0.7690178304229647,441275311.0,4.79,4.79,4.67,4.77,5691645.0,26901670.0,4.78,-0.20920502092051096,10.0,5.26,False,False,True,82.76196010071664
211,601880.SH,辽港股份,0.2456140350877192,22.5563909774436,1.2031261513943026,0.5497456981656295,0.8904204729115966,0.6480845532234133,18413051214.0,1.46,1.47,1.45,1.46,65602331.0,95975711.0,1.47,-0.6802721088435382,10.0,1.62,False,False,True,82.72515979081929
212,601686.SH,友发集团,0.21399176954732532,27.17622080679407,0.8686370674563892,0.4343514593948656,1.0235950425730194,0.9140516742282047,1479347326.0,5.22,5.24,5.15,5.17,5873300.0,30336462.0,5.23,-1.147227533460815,10.0,5.75,False,False,True,82.71741235715669
213,600643.SH,爱建集团,0.1413427561837457,35.967302452316076,1.5593923467866286,0.9131445329920924,0.8806084654648898,1.9377042808516107,1590351716.0,4.06,4.07,3.9,3.92,28139748.0,110694822.0,4.07,-3.6855036855036993,10.0,4.48,False,False,True,82.6864226225063
214,301296.SZ,新巨丰,0.12087912087912087,33.33333333333333,1.643505195756974,0.7572647074174189,1.08302615911514,0.909297033470216,427111764.0,6.26,6.29,6.15,6.24,2941000.0,18295762.0,6.28,-0.6369426751592355,20.0,7.54,False,False,True,82.68448576409064
215,600805.SH,悦达投资,0.17670682730923695,31.806615776081415,1.6044492009045794,0.9024970425816171,0.7317244624330062,0.7601929134656319,850275368.0,4.35,4.36,4.25,4.31,5833500.0,25216567.0,4.37,-1.3729977116704872,10.0,4.81,False,False,True,82.63606430369938
216,601186.SH,中国铁建,0.23931623931623947,14.361702127659592,0.8437336695393567,0.5289190746211528,1.101571570375161,0.594702290591629,11503245500.0,6.2,6.2,6.13,6.16,36183388.0,222718298.0,6.2,-0.6451612903225823,10.0,6.82,False,False,True,82.6166957195429
217,600495.SH,晋西车轴,0.16831683168316838,31.437125748502993,1.1842242381469537,0.973660680304117,0.942716481395207,0.7448970303475454,1208190886.0,3.86,3.86,3.77,3.8,8762730.0,33266250.0,3.85,-1.2987012987013102,10.0,4.24,False,False,True,82.61475886112726
218,300360.SZ,炬华科技,0.12982832618025744,32.46636771300449,1.5232261957783642,1.212983060602715,0.9318232600275617,1.005921890147104,500308887.00000006,12.39,12.4,12.11,12.31,6104600.0,74616233.0,12.36,-0.404530744336562,20.0,14.83,False,False,True,82.59151656013944
219,603885.SH,吉祥航空,0.22547332185886385,21.356275303643724,1.2246690604969739,0.8451551487886884,0.9055191542186015,0.7292269802169655,2169005268.0,11.18,11.18,10.93,11.06,13367795.0,147365246.0,11.19,-1.1617515638963294,10.0,12.31,False,False,True,82.52953709083866
220,002157.SZ,正邦科技,0.17073170731707316,30.740740740740733,1.1947718473418103,1.3957830510401,0.7606513254919371,0.7537796799619261,7787671445.000001,2.92,2.93,2.88,2.9,81935096.0,237773830.0,2.91,-0.3436426116838587,10.0,3.2,False,False,True,82.51404222351347
221,601999.SH,出版传媒,0.18918918918918914,30.95684803001877,1.603252913580933,0.878080699244361,0.6933822121877785,0.8406243863987201,550914700.0,5.94,5.96,5.77,5.88,4066500.0,24027072.0,5.96,-1.342281879194629,10.0,6.56,False,False,True,82.50242107301958
222,605116.SH,奥锐特,0.11162790697674427,25.18268690275436,2.169189029583678,0.934812107483486,0.9658279098965913,1.2564227326948192,406183234.0,19.72,20.59,19.62,20.55,4770700.0,96359118.0,19.71,4.26179604261796,10.0,21.68,False,False,True,82.45593647104397
223,600548.SH,深高速,0.24285714285714285,14.72868217054264,0.8756928613522097,0.2291465708613165,1.1395435152476066,0.8624559756277405,1714425983.0000002,8.42,8.44,8.33,8.35,3388200.0,28314289.0,8.42,-0.8313539192399078,10.0,9.26,False,False,True,82.42494673639357
224,603689.SH,皖天然气,0.2559999999999999,23.167155425219942,0.9127880335472099,0.7393843626844504,0.8693174127744067,0.6512944603358651,523447965.0,7.46,7.46,7.38,7.41,2520700.0,18670962.0,7.46,-0.6702412868632712,10.0,8.21,False,False,True,82.40364129382142
225,605577.SH,龙版传媒,0.13907284768211906,34.3859649122807,1.6425445256373439,0.7153936528557541,0.9889053057058055,1.0416749520962605,444444445.0,9.59,9.59,9.34,9.5,3312034.0,31339624.0,9.6,-1.041666666666663,10.0,10.56,False,False,True,82.39976757699012
226,002423.SZ,中粮资本,0.17069701280227612,24.46941323345819,1.1968847718653952,0.778393631116485,1.2061610040687314,0.8303200906028992,2304105575.0,9.15,9.17,9.0,9.11,14891800.0,135132659.0,9.21,-1.085776330076016,10.0,10.13,False,False,True,82.39395700174317
227,000550.SZ,江铃汽车,0.21005917159763293,23.16421895861147,1.3046546774379897,0.7518266871651935,0.9703337990902431,1.197588657242007,518463160.0,16.46,16.47,16.07,16.17,4668134.0,75579935.0,16.4,-1.402439024390223,10.0,18.04,False,False,True,82.39008328491188
228,002561.SZ,徐家汇,0.14150943396226423,29.537953795379536,1.483613359808368,1.057271252288511,1.0392791138063597,0.939190876778376,414439567.0,6.66,6.68,6.49,6.6,4115300.0,26972690.0,6.66,-0.9009009009009028,10.0,7.33,False,False,True,82.34359868293629
229,300741.SZ,华宝股份,0.13333333333333325,36.45484949832776,1.3835435119665762,0.4733311505387025,1.1543525340102045,0.7364734381050313,615877150.0,13.16,13.26,12.85,13.23,2146922.0,28297026.0,13.16,0.5319148936170137,20.0,15.79,False,False,True,82.29711408096068
230,603668.SH,天马科技,0.0437956204379562,31.14427860696516,1.7957545801688166,1.5610990147718031,0.9461436945973806,1.0794806445876222,505796732.0,10.6,10.77,10.41,10.58,8523566.0,90153350.0,10.47,1.0506208213944657,10.0,11.52,False,False,True,82.26031377106332
231,600874.SH,创业环保,0.32450331125827836,19.444444444444443,0.7931992845501113,0.6679405155199691,0.7582759848927196,0.9917737760363379,1230418085.0,5.53,5.53,5.46,5.52,8150854.0,44796337.0,5.53,-0.1808318264014619,10.0,6.08,False,False,True,82.25644005423203
232,601311.SH,骆驼股份,0.1816037735849058,29.873772791023832,1.3234387650803616,1.198064621648429,0.7977896846349133,0.7892869897297972,1173146118.0,7.89,7.9,7.8,7.87,11093467.0,87061082.0,7.9,-0.37974683544304,10.0,8.69,False,False,True,82.24481890373814
233,600585.SH,海螺水泥,0.16445352400408575,26.9302038295244,1.358396459078371,0.8589966270065776,1.100149656916877,0.6358805377650238,3977460044.0,17.75,17.79,17.58,17.76,21735257.0,384722928.0,17.8,-0.22471910112359383,10.0,19.58,False,False,True,82.22932403641295
234,603899.SH,晨光股份,0.2448979591836733,20.151133501259455,1.1103251215261571,0.459785395924744,1.0102039952146769,0.7758817110740003,915795377.0,22.62,22.64,22.22,22.48,3267000.0,73185478.0,22.61,-0.5749668288367982,10.0,24.87,False,False,True,82.21963974433469
235,600939.SH,重庆建工,0.16141732283464574,37.44493392070485,1.6735415649749765,0.5548072279894325,0.8104049407124108,0.8375691735207592,1902474944.0,2.68,2.68,2.59,2.61,8840600.0,23116064.0,2.68,-2.6119402985074758,10.0,2.95,False,False,True,82.1925237265156
236,600618.SH,氯碱化工,0.1386255924170616,37.084673097534825,1.7796388788952033,1.0270194570154476,0.7053757427578562,0.7576286383339613,749839976.0,10.49,10.49,10.26,10.39,5834500.0,60469082.0,10.5,-1.0476190476190417,10.0,11.55,False,False,True,82.1576602750339
237,001322.SZ,箭牌家居,0.1362530413625305,38.39285714285716,1.5926574360997363,0.5017088875204535,0.9912435255508036,0.8936479298120396,785611975.0,6.15,6.15,5.97,6.05,3522300.0,21218498.0,6.16,-1.7857142857142905,10.0,6.78,False,False,True,82.14991284137129
238,603113.SH,金能科技,0.1154684095860567,37.56218905472639,1.8147872183753215,1.16564398161829,0.7617379033695942,0.7541400988463557,848490616.0,4.56,4.58,4.44,4.5,7458732.0,33460669.0,4.55,-1.098901098901095,10.0,5.01,False,False,True,82.10342823939571
239,600606.SH,绿地控股,0.1075268817204302,34.16666666666668,1.7718957064351044,0.807858408154221,1.083528379354219,0.7677974374794554,14054218314.0,1.29,1.3,1.26,1.28,87174327.0,111129748.0,1.3,-1.538461538461544,10.0,1.43,False,False,True,82.0918070889018
240,002926.SZ,,0.22507122507122485,16.216216216216207,1.0068561369661393,0.7175615676190442,1.1099496282630454,0.5658836275254887,2625000000.0,8.19,8.21,8.13,8.18,10658979.0,87879159.0,8.19,-0.12210012210012167,10.0,9.01,False,False,True,82.07824907999225
241,600073.SH,光明肉业,0.17507418397626107,26.211453744493408,1.231781693023325,0.950319646133502,1.0615770828996425,0.7627889107866154,937729472.0,5.12,5.14,5.05,5.09,6797538.0,34612108.0,5.13,-0.7797270955165692,10.0,5.64,False,False,True,82.0724385047453
242,601866.SH,中远海发,0.22641509433962284,26.26728110599079,1.0045083037318603,0.7688719287434191,0.9252595019387995,0.5150067539701974,9710427720.0,2.41,2.41,2.38,2.39,38450792.0,92109102.0,2.41,-0.8298755186721962,10.0,2.65,False,False,True,82.03757505326361
243,002554.SZ,惠博普,0.07723577235772355,31.086142322097388,1.989749959251392,1.6990217814073516,0.732727219099183,0.7386921326674231,1333469849.9999998,2.86,2.88,2.79,2.82,16735767.0,47211761.0,2.86,-1.3986013986013957,10.0,3.15,False,False,True,82.02789076118536
244,002556.SZ,辉隆股份,0.216606498194946,30.593607305936075,1.2510513887433024,0.9898628626753885,0.6593089613689476,1.3620327253783038,934041003.0,4.96,4.98,4.85,4.89,12641969.0,61850602.0,4.98,-1.807228915662662,10.0,5.48,False,False,True,81.99690102653496
245,002239.SZ,奥特佳,0.13846153846153855,23.50427350427351,1.5432939476203773,1.6963796272027574,0.9294280820584732,0.8072448208825204,3266152096.0,2.52,2.52,2.48,2.51,44726480.0,111521502.0,2.52,-0.3968253968254065,10.0,2.77,False,False,True,81.97365872554715
246,600653.SH,申华控股,0.18518518518518512,23.28767123287672,1.5611495890340688,0.9988517110553954,0.9432854232878309,0.8497019186287057,1946380317.0,1.66,1.67,1.63,1.66,16519440.0,27253386.0,1.66,0.0,10.0,1.83,False,False,True,81.95622699980632
247,000885.SZ,城发环境,0.24786324786324765,15.85976627712855,1.011596720470589,0.8026810376875279,0.9930082463276199,0.7491110900523811,642078255.0,12.86,12.88,12.75,12.86,3860799.0,49486807.0,12.85,0.07782101167315147,10.0,14.14,False,False,True,81.91942668990896
248,600271.SH,航天信息,0.09031413612565449,36.535433070866155,1.7044164536409494,0.9889049336486494,1.0567113222516464,1.0540475324390284,1852884638.0,7.05,7.05,6.79,6.94,19313595.0,132999593.0,7.04,-1.4204545454545414,10.0,7.74,False,False,True,81.88456323842728
249,603053.SH,成都燃气,0.284507042253521,26.80151706700378,0.9596039105181358,0.26336754829055953,0.8356855801667052,0.6898295711860305,888890000.0,8.95,8.95,8.81,8.86,1614924.0,14289220.0,8.92,-0.6726457399103158,10.0,9.81,False,False,True,81.84969978694558
250,000761.SZ,本钢板材,0.13586956521739127,34.92822966507176,1.9752851627638974,0.4217597453289675,0.9312427191292942,0.8649861511910493,3708390102.0,2.32,2.33,2.25,2.29,13528813.0,30841657.0,2.34,-2.136752136752129,10.0,2.57,False,False,True,81.79159403447608
251,002419.SZ,天虹股份,0.21327014218009452,27.98053527980533,1.5187862730879986,0.9664582978487072,0.7036254689116885,0.8677494206898556,1141239697.0,4.56,4.6,4.46,4.51,9570934.0,43185856.0,4.56,-1.0964912280701733,10.0,5.02,False,False,True,81.77609916715087
252,601688.SH,华泰证券,0.23661270236612691,22.805017103762836,1.2344393064862036,0.9669589922784244,0.8451461922247993,1.1989279283272192,7306758106.0,19.05,19.05,18.75,18.87,84708280.0,1631993385.0,19.07,-1.0487676979548999,10.0,20.98,False,False,True,81.77416230873523
253,600970.SH,中材国际,0.20698254364089758,24.78510028653296,1.356198247497941,0.8198965495678463,0.965732323430859,0.8031489372910466,2621812924.0,7.78,7.85,7.71,7.83,17264613.0,134668934.0,7.81,0.256081946222797,10.0,8.59,False,False,True,81.72574084834399
254,002609.SZ,捷顺科技,0.17341040462427737,25.50143266475644,1.5601154732772662,1.4148229333563207,0.8088043303235658,0.9465251617099355,459573516.0,7.86,7.89,7.69,7.85,6154450.0,47887634.0,7.88,-0.3807106598984755,10.0,8.67,False,False,True,81.7063722641875
255,002483.SZ,润邦股份,0.13056379821958444,32.27848101265822,1.5288950251407112,1.1719101255507538,1.0120580319079404,1.3293974377897397,885250799.0,5.21,5.21,5.1,5.16,13791626.0,71094231.0,5.18,-0.3861003861003742,10.0,5.7,False,False,True,81.70056168894054
256,600218.SH,全柴动力,0.10830324909747285,39.13669064748202,1.4931574709498086,1.3765687821443278,0.8701370672855384,0.7300962713458602,435599919.0,7.57,7.58,7.41,7.53,4377900.0,32763815.0,7.55,-0.26490066225165476,10.0,8.31,False,False,True,81.69281425527795
257,002626.SZ,金达威,0.10986547085201799,32.63565891472868,1.914824450235225,0.823817425016257,1.0457772675779147,2.22071434712492,609861032.0,13.91,14.99,13.73,14.96,11157183.0,160865491.0,13.88,7.78097982708934,10.0,15.27,False,False,True,81.66569823745886
258,001289.SZ,龙源电力,0.23220973782771548,31.613324624428472,1.3968847420347625,0.16538141770150555,0.8118517143900733,0.6051241924401477,5041934164.0,15.97,16.08,15.89,15.97,5045781.0,80455862.0,16.05,-0.4984423676012484,10.0,17.66,False,False,True,81.66182452062755
259,002783.SZ,凯龙股份,0.1881838074398248,32.282282282282296,1.220061361634873,1.3579906015351995,0.6087446677654736,1.1403084220224535,461116586.0,7.62,7.64,7.38,7.46,7140520.0,53331350.0,7.52,-0.7978723404255317,10.0,8.27,False,False,True,81.64826651171799
260,600000.SH,浦发银行,0.21454545454545448,19.85203452527746,1.3097686948899718,0.26818043595076896,1.176864771292728,0.6330708140471926,33305838300.0,9.26,9.29,9.14,9.21,56545722.0,520694700.0,9.29,-0.8611410118406715,10.0,10.22,False,False,True,81.63858221963974
261,600526.SH,菲达环保,0.1835748792270529,31.73803526448362,1.4032646641383477,0.9257105445895858,0.8764848663964319,0.8749226313471026,873007140.0000001,4.34,4.36,4.28,4.33,7070704.0,30830729.0,4.35,-0.45977011494251485,10.0,4.79,False,False,True,81.63858221963974
262,002061.SZ,浙江交科,0.2612612612612612,15.337423312883436,1.0579553566261897,0.7240845724268745,0.9947383163565855,0.9547499725763181,2599137900.0,3.54,3.54,3.48,3.51,17968353.0,62956799.0,3.55,-1.1267605633802802,10.0,3.91,False,False,True,81.59209761766415
263,603194.SH,中力股份,0.21480987324883244,19.060773480662995,1.4713248344067846,0.9629857162368244,0.9357005564607864,0.9590106721315073,158026913.0,34.25,34.6,33.79,34.11,1459400.0,49759587.0,34.26,-0.4378283712784592,10.0,37.69,False,False,True,81.5862870424172
264,603579.SH,荣泰健康,0.07720057720057716,39.63567839195981,1.7673832090872785,1.3660538704235234,0.8405187223488271,1.0349244393813237,201052364.00000003,18.07,18.4,17.84,18.35,2842403.0,51646353.0,18.06,1.605758582502781,10.0,19.87,False,False,True,81.5746658919233
265,000516.SZ,国际医学,0.14345991561181445,21.727748691099478,1.465136075478704,1.4200143677984076,1.1175723956928347,0.7791602738792082,2204748361.0,4.15,4.25,4.11,4.25,24393750.0,102345734.0,4.16,2.163461538461542,10.0,4.58,False,False,True,81.4816966879721
266,001201.SZ,东瑞股份,0.15487804878048778,30.14634146341464,1.239182450639603,1.4469701866139721,0.9342889311026481,0.7737882756670652,212507395.0,11.58,11.6,11.36,11.46,2379336.0,27253590.0,11.52,-0.5208333333333259,10.0,12.67,False,False,True,81.44102266124345
267,000421.SZ,南京公用,0.16459627329192555,28.336755646817235,1.404601029987183,1.302939790694874,0.9356366796936063,0.9993365309446202,574208022.0,5.38,5.39,5.26,5.33,7476621.0,39759916.0,5.4,-1.2962962962963065,10.0,5.94,False,False,True,81.37323261669573
268,601018.SH,宁波港,0.2543859649122807,20.58823529411764,0.8597009010335839,0.3150440273061955,1.093599350683797,0.8471819593955308,19454388399.0,3.35,3.36,3.31,3.32,51923688.0,174235141.0,3.35,-0.8955223880597107,10.0,3.69,False,False,True,81.33449544838273
269,002462.SZ,嘉事堂,0.14269911504424768,34.86150907354344,1.5430156179377932,1.2988985856571564,0.855107997922031,0.7245849780467956,291470419.0,11.74,11.84,11.65,11.78,2743210.0,32540276.0,11.76,0.1700680272108901,10.0,12.94,False,False,True,81.32481115630446
270,601279.SH,英利汽车,0.08882521489971348,37.28222996515677,1.8305513863154004,0.768871311471448,1.0937481764552195,1.0137005861767499,1585785985.0,3.19,3.21,3.11,3.16,12359700.0,38910787.0,3.18,-0.6289308176100628,10.0,3.5,False,False,True,81.31125314739494
271,000801.SZ,四川九洲,0.1056422569027612,33.8679245283019,1.8185867139648042,1.4119884521956834,0.8866892628393486,0.8293268202700753,1015939973.0,11.48,11.5,11.25,11.38,11896656.0,135055096.0,11.48,-0.8710801393728151,10.0,12.63,False,False,True,81.30931628897928
272,600810.SH,神马股份,0.12499999999999992,35.29411764705881,1.8200201468559711,1.2713575995894852,0.8132403138094982,0.6271070099198809,1080753008.0,6.43,6.43,6.28,6.38,8616598.0,54615718.0,6.43,-0.7776049766718529,10.0,7.07,False,False,True,81.27057912066628
273,600515.SH,海南机场,0.08307692307692309,32.95454545454544,1.7476409130021078,1.1422457495412066,1.15349762940741,0.8203348973186103,9176012508.0,2.91,2.91,2.84,2.89,85981444.0,246990416.0,2.91,-0.6872852233676952,10.0,3.2,False,False,True,81.23184195235328
274,603368.SH,柳药集团,0.2034782608695652,12.761506276150648,1.051717525311793,1.0719078134108166,1.1773164281219977,1.0180735456211736,397211355.0,15.47,15.63,15.37,15.63,4334692.0,67275994.0,15.51,0.7736943907156846,10.0,17.06,False,False,True,81.22022080185938
275,601228.SH,广州港,0.29896907216494845,15.523465703971118,0.8694221718921785,0.36125005957311207,1.0175630140329868,0.832432324144336,7544531351.0,3.05,3.06,3.01,3.03,22687630.0,68696391.0,3.06,-0.9803921568627527,10.0,3.37,False,False,True,81.21053650978114
276,002267.SZ,陕天然气,0.25783972125435556,19.626168224299057,0.901189465961501,0.7222644413302325,1.0106439961487415,0.8009586005597149,1112075445.0,7.15,7.16,7.06,7.08,6433400.0,45620754.0,7.16,-1.1173184357541888,10.0,7.88,False,False,True,81.18148363354639
277,002753.SZ,永东股份,0.201219512195122,35.379061371841146,1.12478728902746,1.1789886181091744,0.5665848385985426,0.84838848197791,295788903.0,6.17,6.22,6.05,6.13,2958600.0,18084750.0,6.2,-1.1290322580645218,10.0,6.82,False,False,True,81.13306217315515
278,688276.SH,百克生物,0.12307692307692306,37.44360902255639,1.5122554843099865,0.536887745018521,1.224137936736508,1.6926417287549405,413657598.0,14.9,15.64,14.82,15.61,3759149.0,57623002.0,14.9,4.765100671140932,20.0,17.88,False,False,True,81.12531473949255
279,001380.SZ,华纬科技,0.09773013871374532,36.47375504710635,2.1624838990037496,0.7166893397057126,0.9288275332474282,0.9590951097654419,232732365.0,16.41,16.44,16.09,16.34,1599740.0,26035173.0,16.41,-0.4265691651432091,10.0,18.05,False,False,True,81.1233778810769
280,600704.SH,物产中大,0.3012048192771084,12.831858407079654,0.8243454743331136,0.8324912102409907,0.9216334355991576,0.8996492594897716,5171179890.0,5.01,5.02,4.95,4.97,38729557.0,192562776.0,5.02,-0.9960159362549792,10.0,5.52,False,False,True,81.07495642068565
281,300770.SZ,新媒股份,0.1685508735868447,24.88716956802064,1.5021473647689898,1.0480652946102476,1.0752435894058732,1.0021176791027686,227838591.0,34.3,34.5,33.51,34.02,2392954.0,81075282.0,34.3,-0.8163265306122325,20.0,41.16,False,False,True,81.07108270385434
282,600662.SH,外服控股,0.18402777777777768,27.3209549071618,1.4831879824616252,0.6729640419514326,1.0884113607779384,1.030845622778203,2276762040.0,4.3,4.3,4.18,4.25,15794400.0,69209509.0,4.3,-1.1627906976744096,10.0,4.73,False,False,True,81.06720898702305
283,002797.SZ,第一创业,0.22222222222222202,29.966887417218537,1.15173939059568,1.303598728107743,0.4340664167396087,0.9670414975609439,4202400000.0,6.57,6.59,6.49,6.55,52976886.0,346471992.0,6.6,-0.7575757575757569,10.0,7.26,False,False,True,81.02847181871005
284,000898.SZ,鞍钢股份,0.22549019607843118,22.527472527472515,1.4937756730068774,0.5354707982343461,1.006891041989117,0.7860921499875253,7957508008.0,2.05,2.05,2.0,2.02,33495490.0,67576130.0,2.05,-1.4634146341463317,10.0,2.26,False,False,True,81.00329265930661
285,002573.SZ,清新环境,0.26618705035971235,25.78397212543553,1.0902638316251467,0.6219029158472574,0.8958418382694081,0.7463036785440009,1412690868.0,3.23,3.23,3.17,3.2,6556700.0,20944204.0,3.24,-1.2345679012345734,10.0,3.56,False,False,True,80.97036606624056
286,601319.SH,中国人保,0.2099447513812154,18.23899371069182,1.3379218768138128,0.25695419367341304,1.3116257393031627,0.683719498755255,35497756583.0,7.13,7.14,7.03,7.09,62364089.0,441095523.0,7.12,-0.4213483146067398,10.0,7.83,False,False,True,80.96649234940926
287,300993.SZ,玉马科技,0.07148231753197888,37.5,1.9569234254767682,1.126276697044976,0.9352976397059087,1.0273117223081112,242507317.0,9.97,9.99,9.76,9.98,2805900.0,27750766.0,9.91,0.7063572149344166,20.0,11.89,False,False,True,80.96552392020143
288,002101.SZ,广东鸿图,0.16265060240963872,23.687580025608202,1.6362740997852723,1.042005139805642,1.0887394283233955,0.7800503722661374,662212199.0,8.86,8.89,8.64,8.74,5382570.0,47004109.0,8.89,-1.687289088863897,10.0,9.78,False,False,True,80.96455549099362
289,003012.SZ,东鹏控股,0.1404011461318052,25.707547169811317,1.7637109421668413,0.8945745073930021,1.2017827968575165,1.0482617706955308,1134585953.0,4.72,4.72,4.59,4.64,10639560.0,49332582.0,4.73,-1.9027484143763318,10.0,5.2,False,False,True,80.94518690683712
290,600210.SH,紫江企业,0.19534883720930235,15.183246073298417,1.2902633176969653,1.2560378414872553,1.0730737889112025,0.8488827184562379,1516736158.0,6.17,6.24,6.11,6.12,16171878.0,99456101.0,6.15,-0.4878048780487809,10.0,6.77,False,False,True,80.93356575634321
291,002500.SZ,山西证券,0.2783505154639176,16.597510373443967,1.0944562004724416,0.674061154956272,0.9811629827420821,0.6124138735229417,3589771547.0,5.36,5.36,5.3,5.34,14818735.0,78964736.0,5.36,-0.3731343283582156,10.0,5.9,False,False,True,80.92388146426495
292,002697.SZ,红旗连锁,0.16867469879518085,24.444444444444446,1.2123069643177036,1.5496915655414865,0.981145192954593,0.6754537897425371,1148092375.0,4.62,4.62,4.53,4.57,12017600.0,54947900.0,4.61,-0.8676789587852451,10.0,5.07,False,False,True,80.91226031377106
293,000778.SZ,新兴铸管,0.15476190476190488,28.045325779036823,1.1931455133939042,1.474185891253305,1.0259068868742962,0.9483211560266862,3893451290.0,3.78,3.79,3.73,3.75,54430514.0,204371199.0,3.79,-1.055408970976257,10.0,4.17,False,False,True,80.90838659693976
294,300962.SZ,中金辐照,0.19106699751861053,22.412318220701465,1.4686795085309179,1.07305458111916,1.008079895992372,0.7818250405518657,264001897.0,13.3,13.35,12.96,13.16,2214820.0,28997029.0,13.23,-0.5291005291005346,20.0,15.88,False,False,True,80.90063916327718
295,601952.SH,苏垦农发,0.2609890109890112,25.034013605442173,1.1723122054697195,0.8200699600870779,0.8543968735474089,1.1214926922165447,1378000000.0,8.22,8.29,8.12,8.24,12673500.0,104041728.0,8.3,-0.7228915662650715,10.0,9.13,False,False,True,80.89676544644585
296,688278.SH,特宝生物,0.11801082195310482,23.2,1.8812771186005772,0.961524510626776,1.3275718004273094,1.4544438082970934,408189480.0,54.12,56.09,54.0,55.96,5708462.0,314862918.0,54.58,2.5283986808354753,20.0,65.5,False,False,True,80.85996513654852
297,601956.SH,东贝集团,0.11930585683297178,33.25635103926097,1.6835500533201297,1.1821376179808794,1.0434503654309557,0.7573114697081094,621616590.0,4.9,4.91,4.79,4.86,5565000.0,26908772.0,4.88,-0.4098360655737654,10.0,5.37,False,False,True,80.83091226031377
298,605050.SH,福然德,0.12987012987012983,38.60830527497194,1.9187760090885218,0.7692596433326809,0.866778757800386,0.7706924784550067,492829181.0,10.56,10.68,10.44,10.57,2921800.0,30773752.0,10.61,-0.37700282752120007,10.0,11.67,False,False,True,80.83091226031377
299,603235.SH,天新药业,0.32034104750304493,19.17418130042714,1.013595647209596,0.1131464776828495,0.9550376215288657,1.0556542154045367,437780000.0,23.7,23.75,23.37,23.68,522900.0,12330715.0,23.7,-0.08438818565400519,10.0,26.07,False,False,True,80.82510168506683
300,601059.SH,信达证券,0.2998585572843,20.316804407713484,1.2922650698683928,0.267083319457288,0.9103657581029693,0.5031575289443833,3243000000.0,16.67,16.67,16.53,16.62,4358105.0,72254077.0,16.64,-0.12019230769230171,10.0,18.3,False,False,True,80.81929110981987
301,301116.SZ,益客食品,0.10666666666666676,36.00000000000001,1.8662976409713021,0.8763841118815603,1.04685091983359,0.8853639356097939,448977343.0,8.7,8.72,8.48,8.67,3483700.0,29966058.0,8.72,-0.5733944954128489,20.0,10.46,False,False,True,80.77668022467557
302,601599.SH,浙文影业,0.10380622837370237,30.545454545454543,1.7193463597208294,1.6708355260830734,0.9654178592854992,1.1029817734384728,1160542453.0,3.05,3.05,2.97,3.02,21387650.0,64326380.0,3.05,-0.983606557377048,10.0,3.36,False,False,True,80.76118535735039
303,001914.SZ,招商积余,0.1683569979716026,30.329949238578678,1.4903269116315643,0.80632966240788,1.0785448481155668,1.1813340573217452,1053719483.0,8.71,8.79,8.57,8.71,10037149.0,86930042.0,8.71,0.0,10.0,9.58,False,False,True,80.74569049002518
304,600195.SH,中牧股份,0.2553846153846153,26.970227670753054,1.3477920057350221,0.770807943206988,0.8019452574574893,0.788607613639983,1021148260.0,6.52,6.58,6.42,6.56,6207203.0,40390046.0,6.54,0.3058103975535076,10.0,7.19,False,False,True,80.74181677319388
305,600682.SH,南京新百,0.10643015521064292,27.61341222879683,1.9886249748232003,1.4108085425387389,0.9783422449619148,0.8795874978074504,1164060275.0,5.57,5.64,5.48,5.64,14445168.0,80309099.0,5.55,1.6216216216216273,10.0,6.11,False,False,True,80.69339531280262
306,601890.SH,亚星锚链,0.10518053375196217,37.017994858611814,1.6621721775957092,1.8451637221179855,0.7108115628688759,0.73881228334364,959400000.0,8.43,8.47,8.34,8.44,13078825.0,110426669.0,8.45,-0.11834319526626835,10.0,9.3,False,False,True,80.68952159597134
307,600182.SH,S佳通,0.25265957446808496,22.093981863149214,0.974495953128599,0.9933023529411722,0.9147324825116961,1.0448805943809538,170000000.0,13.09,13.13,12.96,13.07,1764400.0,22994492.0,13.08,-0.0764525993883769,10.0,14.39,False,False,True,80.64691071082703
308,600023.SH,浙能电力,0.1933701657458562,37.17948717948718,1.4632674327319661,0.4513887988744744,0.8761209350371908,0.5072199489836003,13408732749.0,4.95,4.96,4.92,4.93,30699750.0,151299170.0,4.96,-0.6048387096774244,10.0,5.46,False,False,True,80.62754212667053
309,600827.SH,百联股份,0.17064846416382254,18.646408839778992,1.353152958523442,0.9373472248981095,1.4201928884056894,1.2296323514920289,1604449920.0,7.73,7.73,7.58,7.67,18492769.0,141255004.0,7.74,-0.9043927648578864,10.0,8.51,False,False,True,80.60817354251404
310,600516.SH,方大炭素,0.1785714285714286,38.08553971486761,1.3407233249197457,1.150678762273488,0.6750186221762146,0.807112211275978,4025970368.0,5.18,5.21,5.13,5.19,37390269.0,193591554.0,5.21,-0.38387715930900956,10.0,5.73,False,False,True,80.60817354251404
311,002332.SZ,仙琚制药,0.15451895043731761,12.132822477650063,1.2332538685693901,1.4327579412925335,1.4061217413693095,0.8753606160452185,985714191.0,8.39,8.45,8.29,8.44,12362629.0,104772370.0,8.36,0.9569377990430672,10.0,9.2,False,False,True,80.59848925043579
312,600007.SH,中国国贸,0.2757009345794391,24.840394660475916,1.0855668545168877,0.245850773383901,0.9765558707233001,0.9179813745847369,1007282534.0,18.4,18.47,18.3,18.3,2273300.0,41762542.0,18.41,-0.5975013579576305,10.0,20.25,False,False,True,80.58105752469494
313,002984.SZ,森麒麟,0.15926640926640914,27.373417721519,1.3480914460280236,1.5022294109685081,0.9807962426792161,0.8029023380337408,713920189.0,14.31,14.36,14.03,14.17,8610902.0,121873735.0,14.29,-0.8397480755773179,10.0,15.72,False,False,True,80.53263606430369
314,603551.SH,奥普科技,0.21395348837209296,33.37250293772034,1.307124784474087,0.64635958931109,0.8895462087454262,0.7533555232061847,379883650.0,9.45,9.45,9.24,9.32,1849800.0,17238692.0,9.43,-1.166489925768821,10.0,10.37,False,False,True,80.49583575440636
315,600981.SH,苏豪汇鸿,0.14358974358974372,35.2112676056338,1.8420538304305318,0.9075466516729962,0.906632186109917,0.7718687878978852,2242433192.0,2.4,2.41,2.34,2.39,15708400.0,37213665.0,2.41,-0.8298755186721962,10.0,2.65,False,False,True,80.43966686035252
316,000521.SZ,长虹美菱,0.0670926517571885,33.89473684210527,1.522512871899808,1.4008258992313602,1.2382183262228168,0.5363951154468617,875288864.0,4.93,4.96,4.87,4.91,6576887.0,32255290.0,4.96,-1.0080645161290258,10.0,5.46,False,False,True,80.4241719930273
317,605368.SH,蓝天燃气,0.19801980198019814,29.342327150084312,1.0416278694725256,0.7321258196210262,1.1274432599878659,0.7351251852040221,714635915.0,6.71,6.71,6.62,6.62,3846200.0,25560191.0,6.73,-1.634472511144136,10.0,7.4,False,False,True,80.41448770094905
318,600004.SH,白云机场,0.2371794871794873,18.930635838150287,0.8687661540650522,0.5502061184693972,1.258835447829928,0.7485876330980483,2366718283.0,7.65,7.66,7.54,7.58,9747980.0,73883125.0,7.66,-1.0443864229765065,10.0,8.43,False,False,True,80.40867712570211
319,000513.SZ,丽珠集团,0.18923076923076904,14.745211420310799,1.1188879137902041,1.2070638188494476,1.2535123914780644,1.023462279952259,567651788.0,30.14,30.69,29.91,30.68,7012681.0,213592295.0,30.13,1.8254231662794496,10.0,33.14,False,False,True,80.4009296920395
320,002060.SZ,广东建工,0.27272727272727276,25.16778523489933,1.0901145437576505,1.1669221401472714,0.6597129281764439,0.9767155888303228,1562823660.0,3.35,3.37,3.28,3.31,17812299.0,58991071.0,3.37,-1.7804154302670683,10.0,3.71,False,False,True,80.39318225837692
321,603856.SH,东宏股份,0.1499999999999999,29.60222016651248,1.8637959456173028,1.403000080905897,0.7991463278567523,0.9367371392749264,282056060.0,11.4,11.4,11.18,11.24,3706900.0,41648393.0,11.35,-0.9691629955947079,10.0,12.49,False,False,True,80.39318225837691
322,002010.SZ,传化智联,0.1770833333333335,26.89655172413794,1.7787118686979064,0.8490137915944335,0.9837379398785565,0.8094802861627635,2757765331.0,4.86,4.88,4.76,4.82,18953016.0,91190511.0,4.86,-0.8230452674897082,10.0,5.35,False,False,True,80.37768739105171
323,601200.SH,上海环境,0.24615384615384606,26.56249999999998,0.9882993209389923,0.703737317072066,0.9836532178481632,0.9479886458670536,1346230251.0,7.03,7.04,6.94,6.98,8981173.0,62665827.0,7.04,-0.8522727272727182,10.0,7.74,False,False,True,80.3583188068952
324,001285.SZ,瑞立科密,0.07983088783884591,36.40826873385012,1.4730193914548995,2.498962087892618,0.6950744682990261,0.836983204877238,41496770.0,41.98,41.98,41.17,41.69,867942.0,35985108.0,41.91,-0.5249343832021025,10.0,46.1,False,False,True,80.33895022273872
325,000686.SZ,东北证券,0.21264367816091959,22.070844686648506,1.2830602588736422,0.998930164335303,1.038328025812918,0.7716780769917688,2340452915.0,8.07,8.08,7.97,8.06,18041440.0,144700310.0,8.08,-0.24752475247524774,10.0,8.89,False,False,True,80.3389502227387
326,603568.SH,伟明环保,0.1320754716981132,22.778561354019743,2.000058591949518,0.537671205816586,1.4406305649417521,0.6822547123058501,2048457418.0,15.36,15.69,15.15,15.41,7514330.0,115884913.0,15.44,-0.19430051813471572,10.0,16.98,False,False,True,80.33507650590742
327,600477.SH,杭萧钢构,0.08467741935483869,36.03603603603602,1.771671386828745,1.5163493416916525,0.947320068667472,0.8145934628742741,2358968436.0,2.42,2.43,2.36,2.4,29138173.0,69495103.0,2.43,-1.2345679012345734,10.0,2.67,False,False,True,80.32732907224481
328,600019.SH,宝钢股份,0.24215246636771298,18.53281853281854,1.373927052978854,0.511028693355447,1.105623201771989,0.9023549716805086,21414095749.0,5.7,5.71,5.62,5.63,98746666.0,570518285.0,5.72,-1.5734265734265729,10.0,6.29,False,False,True,80.26341274452838
329,603209.SH,兴通股份,0.2607142857142858,18.85714285714286,1.0294924514055388,1.110602122518302,0.9118913900722262,0.7954868971157341,321491597.0,13.64,13.87,13.61,13.68,2840280.0,38963831.0,13.71,-0.2188183807439903,10.0,15.08,False,False,True,80.23629672670927
330,600626.SH,申达股份,0.14492753623188404,39.6103896103896,1.6502917945965536,0.928342757203569,0.8887808320483541,0.8075177230677317,1320744667.0,3.47,3.5,3.38,3.44,8846501.0,30268046.0,3.48,-1.1494252873563204,10.0,3.83,False,False,True,80.23242300987798
331,000713.SZ,国投丰乐,0.2851405622489959,21.663442940038678,1.16059822100726,0.9432170693946205,0.8377439055569534,1.6742463745236313,614014980.0,5.85,5.85,5.71,5.76,9696388.0,55832178.0,5.88,-2.0408163265306145,10.0,6.47,False,False,True,80.22661243463104
332,600179.SH,安通控股,0.3293768545994065,20.14563106796117,1.2085665416174156,0.8540914991682854,0.7614470049447531,0.8673918125986576,3862278495.0,4.31,4.31,4.22,4.24,28612994.0,121546001.0,4.29,-1.1655011655011593,10.0,4.72,False,False,True,80.18400154948674
333,603018.SH,XD华设集,0.18090452261306503,28.513238289205688,1.4338933689829516,0.9176670766737011,1.069153832909996,1.126471039366645,819147727.0,5.26,5.35,5.13,5.21,8467738.0,44447708.0,5.27,-1.1385199240986688,10.0,5.8,False,False,True,80.18400154948674
334,002688.SZ,金河生物,0.18380062305295947,29.694323144104807,1.310835439737543,1.1919565800820526,0.9575060201630567,1.5522877537335942,747041116.9999999,5.12,5.19,5.06,5.17,13822200.0,70815633.0,5.17,0.0,10.0,5.69,False,False,True,80.11621150493899
335,601368.SH,绿城水务,0.2500000000000003,23.762376237623762,1.2876767631101758,0.741098927074077,0.9671737266842059,0.7862213816517373,882973077.0,4.43,4.44,4.37,4.41,5144800.0,22613037.0,4.44,-0.6756756756756799,10.0,4.88,False,False,True,80.11427464652333
336,688370.SH,丛麟科技,0.17946645109134998,32.040816326530596,2.1687272981939643,0.44711135820283043,0.7149428652066719,1.0345974527298973,137107879.0,21.81,22.45,21.48,22.26,634234.0,13971516.0,21.82,2.016498625114571,20.0,26.18,False,False,True,80.10652721286074
337,002110.SZ,三钢闽光,0.18468468468468469,24.63768115942029,1.6691109012545506,0.9875085406284321,1.0143968889613344,1.2011619781758835,2429076227.0,3.17,3.17,3.05,3.13,28812675.0,89532461.0,3.17,-1.2618296529968487,10.0,3.49,False,False,True,80.09877977919814
338,002773.SZ,康弘药业,0.07764091078760739,27.200843437005794,1.756792629447261,1.496447002899125,1.273051408016411,1.966560633223674,686839429.0,21.05,22.76,20.93,22.75,20212680.0,445141790.0,21.05,8.076009501187652,10.0,23.16,False,False,True,80.0929692039512
339,601006.SH,大秦铁路,0.23684210526315794,22.779043280182233,1.1478530290258635,0.6625310103156564,1.1095500080201304,0.7539425108519385,19862892778.0,4.82,4.84,4.78,4.8,99217194.0,476339435.0,4.84,-0.8264462809917328,10.0,5.32,False,False,True,80.0619794693008
340,000900.SZ,现代投资,0.31313131313131326,16.470588235294127,0.7942774338577524,0.810527211726356,0.9595033478458456,0.8815103503124588,1517752584.0,3.69,3.7,3.65,3.66,10844162.0,39797908.0,3.71,-1.3477088948786964,10.0,4.08,False,False,True,80.02130544257214
341,600862.SH,中航高科,0.14802065404475032,26.34441087613293,1.6629666162300136,1.412629931788896,1.0239516349986602,0.746367405027484,1393049107.0,18.27,18.29,17.96,18.21,14687487.0,265579429.0,18.27,-0.3284072249589376,10.0,20.1,False,False,True,80.0038737168313
342,601158.SH,重庆水务,0.3265306122448978,14.173228346456689,0.7532548993433608,0.19003600548031796,1.0891937782431949,0.7929807163301527,4800030119.0,4.12,4.15,4.09,4.12,7233400.0,29753789.0,4.13,-0.2421307506053183,10.0,4.54,False,False,True,79.93705210149139
343,603025.SH,大豪科技,0.15938864628820953,39.80099502487562,1.6208568740217448,0.7603367526282485,0.8951363375980437,1.0272364434092616,1109174773.0,13.52,13.58,13.25,13.42,8663161.0,115788949.0,13.52,-0.7396449704141994,10.0,14.87,False,False,True,79.92639938020531
344,601555.SH,东吴证券,0.2937500000000001,19.405099150141638,1.095095625999836,0.8181877380001537,0.9370101627343206,0.8351809695549974,4968702837.0,8.06,8.08,7.92,8.03,33952877.0,272566302.0,8.0,0.374999999999992,10.0,8.8,False,False,True,79.91090451288011
345,000738.SZ,航发控制,0.1450549450549451,39.64569334147829,1.7875795391416958,1.129430413440676,0.7309022702268524,0.6985564465583047,1315184001.0,18.3,18.51,18.1,18.43,10376419.0,190186455.0,18.35,0.4359673024523003,10.0,20.19,False,False,True,79.90896765446445
346,002996.SZ,顺博合金,0.15853658536585355,27.52613240418118,1.725281069364214,1.765166213189988,0.7482663234059714,0.6554540020308178,458377491.0,6.25,6.27,6.18,6.27,5303360.0,33076830.0,6.26,0.15974440894568342,10.0,6.89,False,False,True,79.85860933565756
347,600059.SH,古越龙山,0.20493827160493808,22.607489597780848,1.1996809672921394,1.0097087111622916,1.1287548089599648,1.6749943202209374,911542413.0,8.02,8.04,7.83,7.9,15416519.0,121736310.0,8.04,-1.741293532338295,10.0,8.84,False,False,True,79.84698818516367
348,600655.SH,豫园股份,0.24686192468619272,20.64676616915424,1.1830099125313853,0.41067493106043895,1.1839379742695866,0.7558113028454161,3889846273.0,4.63,4.65,4.53,4.6,12073801.0,55211015.0,4.61,-0.21691973969633072,10.0,5.07,False,False,True,79.83730389308542
349,002705.SZ,新宝股份,0.20092915214866436,31.00189035916823,1.384523498730935,1.0163243342374215,0.9073912942842683,2.089406956804749,808103400.0,12.18,12.18,11.86,12.06,17160198.0,205984418.0,12.31,-2.0308692120227456,10.0,13.54,False,False,True,79.76176641487507
350,600925.SH,苏能股份,0.35135135135135126,25.063938618925818,0.827666267578979,0.602637107891325,0.8325546896424296,1.5132236359847797,1606048586.0,4.3,4.3,4.22,4.28,14645954.0,62304480.0,4.3,-0.46511627906975495,10.0,4.73,False,False,True,79.75208212279682
351,000828.SZ,东莞控股,0.2812500000000003,14.754098360655732,0.775362288540804,0.619677715667388,1.1481748220942265,0.7410603158413408,1039516992.0,9.94,9.97,9.87,9.94,4773655.0,47341132.0,9.96,-0.20080321285141922,10.0,10.96,False,False,True,79.74239783071857
352,600380.SH,健康元,0.19334719334719327,17.84140969162995,1.2579041621829343,0.9834247944046769,1.3292669270925688,1.1661093472398785,1829453386.0,10.03,10.28,9.95,10.26,20979821.0,212882020.0,10.01,2.4975024975024906,10.0,11.01,False,False,True,79.73658725547163
353,601216.SH,君正集团,0.26511627906976754,30.29556650246308,1.2903565603388947,0.7396614887753811,0.7940989629057512,1.0395372476771882,8438017389.999999,4.63,4.65,4.53,4.55,64880394.0,296588968.0,4.63,-1.7278617710583144,10.0,5.09,False,False,True,79.73658725547163
354,600512.SH,腾达建设,0.19047619047619035,28.494623655913976,1.4803047639742168,1.4360447339681437,0.8255610052304287,1.1296998347056464,1587405163.0,2.01,2.02,1.96,1.99,25752466.0,51022606.0,2.02,-1.4851485148514865,10.0,2.22,False,False,True,79.695913228743
355,601222.SH,林洋能源,0.2209944751381218,34.47619047619046,1.1947168416730691,1.1006868775991008,0.7199638022389674,0.7578054367238525,2041220156.0,5.64,5.65,5.56,5.6,17025950.0,95237689.0,5.65,-0.8849557522124019,10.0,6.22,False,False,True,79.69397637032733
356,000972.SZ,中基健康,0.17924528301886808,28.524590163934427,1.161300896077282,1.1523731856866046,1.1076416745629798,1.281848164670575,771283579.0,3.43,3.46,3.34,3.44,11393150.0,38743323.0,3.43,0.2915451895043608,10.0,3.77,False,False,True,79.67654464458647
357,603167.SH,渤海轮渡,0.32568807339449585,10.611735330836458,0.6357321704319634,0.9633190458590913,0.936163700691658,0.510868982097868,469144503.0,8.69,8.75,8.67,8.7,2308800.0,20075293.0,8.72,-0.2293577981651529,10.0,9.59,False,False,True,79.66298663567693
358,600033.SH,福建高速,0.25882352941176473,17.460317460317466,1.0819813445799897,0.9437331894038722,1.0376725170516563,0.906893938211791,2744400000.0,3.59,3.6,3.52,3.54,23488384.0,83349994.0,3.59,-1.392757660167121,10.0,3.95,False,False,True,79.62812318419523
359,300653.SZ,正海生物,0.11394891944990176,31.787584143605095,2.0178963422329343,1.10008844444444,1.0355238218006781,2.7313889711493906,180000000.0,14.59,15.53,14.45,15.42,5408585.0,81887461.0,14.53,6.125258086717134,20.0,17.44,False,False,True,79.5835754406353
360,002724.SZ,海洋王,0.18372703412073493,26.18025751072961,1.8167098227827754,1.235307890149339,0.853094996263767,0.7144581166148952,566478289.0,5.36,5.36,5.23,5.33,4999600.0,26495075.0,5.36,-0.5597014925373234,10.0,5.9,False,False,True,79.56420685647879
361,000529.SZ,广弘控股,0.24884792626728072,27.186761229314406,1.4284141540227913,0.8061099822008224,0.8816850684732219,0.9225156731656582,569884377.0,4.76,4.77,4.65,4.72,4237940.0,19890559.0,4.77,-1.0482180293501009,10.0,5.25,False,False,True,79.52546968816578
362,600639.SH,浦东金桥,0.3629032258064517,14.763552479815445,1.2551181375946237,0.631318735248714,0.8884699431301492,0.7711491372213622,850236703.0,9.55,9.57,9.38,9.45,4139300.0,39051472.0,9.57,-1.2539184952978122,10.0,10.53,False,False,True,79.50803796242495
363,000800.SZ,一汽解放,0.3084112149532711,17.38351254480286,0.9719221971843244,0.34029015742285246,1.0929039915671575,0.8578203768419395,4920635033.0,6.23,6.25,6.15,6.17,14363719.0,88740672.0,6.24,-1.121794871794879,10.0,6.86,False,False,True,79.47123765252759
364,600020.SH,中原高速,0.2586206896551723,13.920454545454541,1.2146675312397355,0.68138778514333,1.169569263656718,0.9271550285889559,2247371832.0,3.82,3.83,3.78,3.79,14197819.0,53921359.0,3.82,-0.7853403141361182,10.0,4.2,False,False,True,79.424753050552
365,600369.SH,西南证券,0.3037037037037035,14.247311827956977,0.9629160027754011,0.6497934479969525,1.076276237600367,0.5638834444887074,6645109124.0,4.13,4.14,4.1,4.11,24348196.0,100104471.0,4.13,-0.4842615012106477,10.0,4.54,False,False,True,79.40538446639552
366,000912.SZ,泸天化,0.13314447592067993,38.80126182965302,1.8371761574007313,1.3766830165816275,0.7343192228330987,0.5863254659948995,1568000000.0,3.62,3.65,3.57,3.62,12656650.0,45653906.0,3.64,-0.5494505494505475,10.0,4.0,False,False,True,79.37245787332947
367,600161.SH,天坛生物,0.12379935965848456,28.57142857142858,1.755254816220626,0.8378140982824691,1.6787786016107025,0.9710136089742815,1977371446.0,12.19,12.4,12.02,12.39,16086488.0,198383371.0,12.15,1.975308641975304,10.0,13.37,False,False,True,79.35502614758862
368,600016.SH,民生银行,0.23376623376623396,16.393442622950815,0.9595796399353207,0.842406855775871,1.2998073369203538,1.003893345136967,35462123213.0,3.4,3.44,3.37,3.42,299898437.0,1055131942.0,3.41,0.2932551319648091,10.0,3.75,False,False,True,79.29692039511912
369,600558.SH,大西洋,0.19008264462809915,31.192660550458704,1.4492833630510167,1.3671719420592066,0.8315463515990993,0.6789984394630115,897604831.0,4.82,4.83,4.69,4.76,8332534.0,39506102.0,4.82,-1.2448132780083054,10.0,5.3,False,False,True,79.28917296145652
370,601901.SH,方正证券,0.26399999999999996,22.063492063492074,0.8556215815570584,0.7647291697383126,1.0873792490055512,0.5662785740777753,8232101395.000001,6.94,6.96,6.91,6.96,35649094.0,250067408.0,6.96,0.0,10.0,7.66,False,False,True,79.28529924462522
371,300185.SZ,通裕重工,0.14754098360655737,35.43307086614173,1.4902149180666886,1.960507755829881,0.626741394438346,0.7770718014444045,3846458721.0,2.8,2.81,2.77,2.8,58599079.0,163238572.0,2.81,-0.3558718861210064,20.0,3.37,False,False,True,79.22041448770094
372,002287.SZ,奇正藏药,0.1858168761220826,20.860927152317863,1.527890681823362,0.6009713536123671,1.5938426731340314,0.9413279981894719,570989795.0,20.25,20.74,20.03,20.74,3230153.0,66840694.0,20.19,2.724120851906875,10.0,22.21,False,False,True,79.18264574859577
373,600582.SH,天地科技,0.3160621761658032,30.094786729857837,0.9319434551530303,0.5542205978549211,0.8392042401983921,0.6625059176993576,4138588892.0,4.84,4.85,4.77,4.8,15195840.0,72894442.0,4.83,-0.6211180124223614,10.0,5.31,False,False,True,79.17877203176447
374,002223.SZ,鱼跃医疗,0.14468690702087275,21.5894602634934,1.5026372629847107,1.4095842379627406,1.3681691589748202,0.8072295209559771,942293319.0,26.48,26.93,26.31,26.92,10721960.0,289949976.0,26.58,1.2791572610985735,10.0,29.24,False,False,True,79.14584543869843
375,000797.SZ,中国武夷,0.10507246376811595,37.44075829383886,1.7921005072615355,1.4930824505566769,0.9191098167168843,1.0367547581691081,1570574028.9999998,2.4,2.4,2.31,2.36,24311863.0,57014732.0,2.4,-1.6666666666666718,10.0,2.64,False,False,True,79.13422428820454
376,603043.SH,广州酒家,0.23152709359605914,21.061224489795926,1.4356280023037464,0.6711267835887985,1.1419832398009349,0.8461552013057224,562452370.0,13.66,13.66,13.38,13.54,3194040.0,43107882.0,13.66,-0.8784773060029338,10.0,15.03,False,False,True,79.12647685454193
377,688330.SH,宏力达,0.20411295273173735,39.921849560403764,1.693020350713665,0.718336678571424,0.47940065345643557,1.091192465610162,140000000.0,33.02,33.3,32.48,33.23,1097381.0,36094378.0,33.09,0.4230885463886169,20.0,39.71,False,False,True,79.05674995157854
378,600741.SH,华域汽车,0.2745762711864405,18.28929068150209,1.1014610641399623,0.6166246505770816,1.1458199410783512,0.664911231006169,3152723984.0,16.0,16.08,15.86,16.0,12926189.0,206425929.0,16.0,0.0,10.0,17.6,False,False,True,79.03931822583769
379,300910.SZ,瑞丰新材,0.12142237640936675,37.49528479818935,1.2279527652060582,1.5964871974623411,1.0416553929944377,0.812530020619339,268276110.0,29.26,29.42,28.96,29.15,3480061.0,101419603.0,29.31,-0.5458887751620622,20.0,35.17,False,False,True,79.03931822583769
380,002662.SZ,峰璟股份,0.1554054054054054,37.91946308724834,2.0459904840767553,0.9433216425193579,0.6704126225126774,0.735396471587433,1499981099.9999998,3.2,3.21,3.15,3.18,10405600.0,33020325.0,3.21,-0.9345794392523255,10.0,3.53,False,False,True,79.02188650009684
381,688098.SH,申联生物,0.10894941634241245,38.820301783264746,2.017053590211529,0.7808891156330006,1.0297344094353418,1.4793420086349276,410644000.0,8.35,8.62,8.2,8.61,4743768.0,39894827.0,8.41,2.378121284185486,20.0,10.09,False,False,True,79.00639163277164
382,002441.SZ,众业达,0.16052631578947352,39.24581005586594,1.632523740751091,1.3518609394100614,0.679655286892014,0.8411694776188621,398964279.0,7.72,7.78,7.6,7.72,4536799.0,35651642.0,7.77,-0.6435006435006385,10.0,8.55,False,False,True,78.9812124733682
383,601163.SH,三角轮胎,0.2907488986784142,22.00674536256324,1.255294253293504,0.52804128125,1.0182627563355626,0.661459411228561,800000000.0,13.26,13.27,12.95,13.1,2794223.0,36874318.0,13.18,-0.6069802731411222,10.0,14.5,False,False,True,78.97733875653691
384,600675.SH,中华企业,0.20634920634920623,30.499999999999993,1.5594581418304674,0.525887248784767,1.0597007858039174,1.1098052333378456,6046135331.0,2.26,2.26,2.17,2.21,35287206.0,77505880.0,2.26,-2.212389380530966,10.0,2.49,False,False,True,78.9424753050552
385,688075.SH,安旭生物,0.09096278795038408,37.23958333333335,1.7715787149414743,0.6675283882819505,1.5875130645352957,1.2026728788332808,127082805.0,28.33,28.99,28.02,28.94,1020244.0,29133621.0,28.42,1.8296973961998475,20.0,34.1,False,False,True,78.90180127832656
386,000498.SZ,山东路桥,0.2947976878612715,17.960088691796017,1.1465003531707203,0.7774982280495095,1.0373311995080603,0.8784368226148194,1449347778.9999998,5.0,5.02,4.92,4.95,9898800.0,48999051.0,5.02,-1.3944223107569598,10.0,5.52,False,False,True,78.79721092388147
387,002322.SZ,理工能科,0.23665480427046268,29.880043620501628,1.5524195040004796,1.0674245072645876,0.7427915932270521,0.8499959401194886,351380929.00000006,10.52,10.52,10.25,10.41,3188102.0,33875390.0,10.5,-0.8571428571428563,10.0,11.55,False,False,True,78.79333720705017
388,002344.SZ,海宁皮城,0.22448979591836732,32.335329341317376,1.6012242891421387,0.7428916669819051,0.857079843509187,1.0102012850404478,1281450092.0,3.77,3.77,3.7,3.75,9616900.0,35935270.0,3.78,-0.7936507936507908,10.0,4.16,False,False,True,78.7875266318032
389,600861.SH,北京人力,0.21502890173410397,24.573378839590433,1.5119304192446106,0.6176000134734805,1.1777717991169978,1.0847740113325266,566112718.0,13.61,13.62,13.16,13.24,3704065.0,49132250.0,13.58,-2.5036818851251863,10.0,14.94,False,False,True,78.77203176447802
390,688198.SH,佰仁医疗,0.08249603384452683,35.24,1.9784253223366446,0.604039511736971,1.5467123772770492,0.973346474320781,137748133.0,79.68,81.44,79.03,81.4,809876.0,65058982.0,79.68,2.158634538152615,20.0,95.62,False,False,True,78.71779972883982
391,600027.SH,华电国际,0.22435897435897462,35.944700460829516,1.3621105588239217,0.9376784964771543,0.7731079652632495,0.645923469164304,9215677327.0,4.69,4.7,4.64,4.67,55816459.0,259871291.0,4.69,-0.4264392324093924,10.0,5.16,False,False,True,78.69262056943637
392,002901.SZ,大博医疗,0.1580135440180588,24.71852610030707,1.6265689133850532,0.9165845755434524,1.5130850734107923,1.0429533754892748,288412223.0,43.22,44.58,42.88,44.55,2757091.0,120599580.0,43.28,2.9343807763400953,10.0,47.61,False,False,True,78.66937826844857
393,002228.SZ,合兴包装,0.08287292817679565,34.39716312056738,1.777059920653397,1.7995986211143036,0.9978941726098737,0.7556195264969937,1209321709.0,3.12,3.12,3.03,3.08,16444500.0,50377056.0,3.12,-1.2820512820512886,10.0,3.43,False,False,True,78.63064110013558
394,000858.SZ,五 粮 液,0.1124911284599007,29.439389492221892,1.664889738985353,1.120388946765836,1.8050412304832566,0.8291351644280553,3881513391.0,75.0,75.2,74.01,75.11,36057469.0,2691877634.0,74.48,0.8458646616541277,10.0,81.93,False,False,True,78.62870424171992
395,000589.SZ,贵州轮胎,0.2333333333333335,20.75,1.054878180741357,1.5456171884681094,0.930817711013689,1.217446482623388,1544110704.0,4.39,4.43,4.3,4.31,29055627.0,125928900.0,4.28,0.7009345794392274,10.0,4.71,False,False,True,78.61901994964168
396,600098.SH,广州发展,0.18534482758620713,35.384615384615394,1.5912561971093584,0.8539198118651059,0.9543576800316209,0.5204375034706941,3505864981.0000005,6.27,6.29,6.22,6.27,15580481.0,97438353.0,6.28,-0.15923566878981443,10.0,6.91,False,False,True,78.5570404803409
397,002145.SZ,钛能化学,0.2048780487804878,22.73838630806846,1.7482006649930208,1.3166260718739855,0.8883053245057876,0.8617164833133326,3806474258.000001,4.52,4.53,4.43,4.47,43186673.0,193810476.0,4.51,-0.8869179600886956,10.0,4.96,False,False,True,78.545419329847
398,000750.SZ,国海证券,0.28571428571428564,17.10914454277286,0.9340070758021385,0.89726185200469,1.0854225171662395,0.6069675971325019,5796203977.0,3.8,3.81,3.77,3.79,31566641.0,119474887.0,3.81,-0.5249343832021025,10.0,4.19,False,False,True,78.52798760410614
399,688016.SH,心脉医疗,0.216732026143791,27.061082443297725,1.4922693195312593,1.3433064759061333,0.8535750868505284,1.5175789412654277,123262117.0,91.5,94.66,90.5,94.2,2512789.0,233977350.0,91.62,2.8159790438768706,20.0,109.94,False,False,True,78.49699786945575
400,600928.SH,西安银行,0.3228346456692912,18.670886075949355,1.1867229191576656,0.585064383584432,1.035709237557292,0.9141758595265161,4423354066.0,3.56,3.57,3.51,3.53,23658386.0,83606296.0,3.57,-1.1204481792717047,10.0,3.93,False,False,True,78.44663955064885
401,600968.SH,海油发展,0.2683982683982684,25.688073394495415,1.7528775057907224,0.51916531170621,0.8702081924208409,0.4904353020769823,10165104199.0,3.89,3.91,3.85,3.87,25882083.0,100348568.0,3.89,-0.5141388174807249,10.0,4.28,False,False,True,78.41564981599845
402,600373.SH,中文传媒,0.14694656488549612,24.31192660550461,1.7014492242575119,1.0907444092474046,1.4823217059654707,1.1358415563153674,1347358719.0,7.38,7.39,7.07,7.2,16692600.0,119581575.0,7.31,-1.5047879616962967,10.0,8.04,False,False,True,78.40402866550454
403,601169.SH,北京银行,0.2658227848101265,14.099783080260298,0.928622413067927,0.7144960330886595,1.33970694567025,0.8557802876499024,21142984272.0,5.03,5.04,4.98,5.01,129279120.0,647289710.0,5.03,-0.3976143141153132,10.0,5.53,False,False,True,78.40015494867325
404,600050.SH,中国联通,0.2459016393442622,28.498727735368945,0.8777226198337946,0.6056630900850335,1.1426569563826496,1.0938521778058898,30990409152.0,4.37,4.38,4.28,4.3,205313286.0,883600233.0,4.38,-1.82648401826484,10.0,4.82,False,False,True,78.38466008134806
405,601089.SH,福元医药,0.10790536641661855,32.19895287958114,1.9674836486966114,0.8825151562499963,1.34127724066394,1.3208370890230816,480000000.0,17.15,17.76,17.04,17.74,5595162.0,97568907.0,17.15,3.440233236151613,10.0,18.87,False,False,True,78.37303893085414
406,000717.SZ,中南股份,0.3211009174311928,27.083333333333325,1.273842122841539,0.7058554066259115,0.8463686578861884,1.1135977972897324,2423697090.0,2.28,2.28,2.2,2.23,19051205.0,42398999.0,2.27,-1.7621145374449365,10.0,2.5,False,False,True,78.3284911872942
407,600858.SH,银座股份,0.1384615384615385,31.542056074766343,1.7633319703683874,1.5066410580417795,0.9866122301794165,0.9708639377101987,517548029.0,4.79,4.84,4.68,4.77,7570400.0,35887631.0,4.82,-1.0373443983402675,10.0,5.3,False,False,True,78.32461747046291
408,605338.SH,巴比食品,0.154911838790932,35.57984213721919,1.752307948214843,0.9467707572767315,1.0297613042797247,0.6315242957566553,239566662.0,19.0,19.03,18.62,18.89,1432390.0,26930100.0,18.93,-0.21130480718435374,10.0,20.82,False,False,True,78.28781716056557
409,001219.SZ,青岛食品,0.2456896551724136,29.38557435440783,1.2886145327308558,1.278931687100108,0.7723392104315967,0.8086662737797131,190197500.0,12.32,12.35,12.11,12.32,1966880.0,24069220.0,12.37,-0.4042037186742009,10.0,13.61,False,False,True,78.27232229324036
410,600248.SH,陕建股份,0.20138888888888887,32.04633204633205,1.4234494009017449,0.548437293653685,1.1572572772095437,0.9055534483368365,3705739286.0,2.88,2.89,2.82,2.84,18404157.0,52251821.0,2.88,-1.388888888888895,10.0,3.17,False,False,True,78.25295370908387
411,603128.SH,华贸物流,0.3716216216216214,16.84210526315788,0.9175640220796877,0.7648824160098886,0.9763959365246411,0.8097139798360107,1309046494.0,5.29,5.29,5.23,5.25,8107396.0,42623181.0,5.3,-0.9433962264150941,10.0,5.83,False,False,True,78.25101685066821
412,000028.SZ,国药一致,0.30520646319569106,18.07486631016042,1.1975780855715445,0.6796746167065305,1.0617446077733856,0.8712070882018947,525859082.0,20.4,20.43,20.16,20.32,3113808.0,63175551.0,20.4,-0.39215686274508554,10.0,22.44,False,False,True,78.23164826651171
413,600717.SH,天津港,0.25581395348837205,22.27979274611398,1.1483489904383792,0.856145940331893,1.1101661240855067,1.0159569211810608,2894001038.0,4.3,4.31,4.19,4.23,25172235.0,106444704.0,4.3,-1.6279069767441756,10.0,4.73,False,False,True,78.21615339918652
414,000419.SZ,通程控股,0.17968749999999994,28.306264501160115,1.505866988079823,1.3585550664783388,1.0194038984018061,0.8406512575299737,543582655.0,4.76,4.76,4.67,4.72,6208100.0,30000779.0,4.77,-1.0482180293501009,10.0,5.25,False,False,True,78.20840596552392
415,600576.SH,祥源文旅,0.09176470588235289,27.499999999999993,2.0169080811739937,1.9391342374231215,0.9892566521451422,0.6037163389588924,660390083.0,5.6,5.6,5.45,5.54,7731101.0,42620505.0,5.59,-0.8944543828264706,10.0,6.15,False,False,True,78.15998450513267
416,002224.SZ,三 力 士,0.1818181818181817,33.75394321766563,1.7473952977412268,1.3480738145300708,0.7576509425174495,0.881953683046053,806380369.0000001,3.53,3.54,3.44,3.51,9587368.0,33400453.0,3.53,-0.5665722379603388,10.0,3.88,False,False,True,78.13674220414487
417,000422.SZ,湖北宜化,0.1364238410596028,27.524429967426723,1.8736582496372676,2.432531020148771,0.6333419108664764,0.9567505468940484,1067285912.0,13.31,13.41,13.12,13.2,24666488.0,326423755.0,13.31,-0.8264462809917439,10.0,14.64,False,False,True,78.10768932791012
418,002401.SZ,中远海科,0.15273477812177505,36.609558160504974,1.540792047247644,1.1035005568210605,1.0722916186997655,1.1286606147615217,371398485.0,12.58,12.6,12.12,12.32,4625685.0,56815242.0,12.57,-1.9888623707239428,10.0,13.83,False,False,True,78.03021499128413
419,600010.SH,包钢股份,0.15328467153284667,37.254901960784295,1.9024358863305604,1.428168849210898,0.628086290366238,1.743499076916319,31318211887.0,2.24,2.32,2.23,2.28,779826943.0,1777557935.0,2.25,1.3333333333333197,10.0,2.48,False,False,True,78.02634127445285
420,300289.SZ,利德曼,0.08424336973478941,29.865125240847767,2.2757872374714463,1.2971942282998037,1.0835724792864145,1.1359683973756487,543156487.0,5.73,5.87,5.67,5.87,8003800.0,46261918.0,5.73,2.44328097731239,20.0,6.88,False,False,True,78.02149912841372
421,300021.SZ,大禹节水,0.19801980198019797,25.2808988764045,1.5872544876104044,1.4764291851796751,0.9181338823429712,0.981829202315508,873233219.0,3.94,3.94,3.85,3.9,12658400.0,49117065.0,3.96,-1.5151515151515138,20.0,4.75,False,False,True,78.01278326554329
422,000715.SZ,中兴商业,0.16279069767441856,31.447963800904976,1.6657637392883173,1.5518045530843305,0.8997488692108824,0.5543985193063762,486231055.0,4.86,4.86,4.76,4.8,4183134.0,20091268.0,4.84,-0.8264462809917328,10.0,5.32,False,False,True,78.00309897346504
423,600138.SH,中青旅,0.1666666666666668,38.11023622047245,1.3137449374244956,1.241004331067633,0.9695159028857145,0.8683140604343098,723840000.0,7.05,7.06,6.93,7.03,7799966.0,54540315.0,7.07,-0.5657708628005631,10.0,7.78,False,False,True,78.00116211504938
424,000563.SZ,陕国投Ａ,0.2456140350877191,17.216117216117222,1.1951078015744059,0.9925963272468336,1.1888497022359161,0.7992462422286883,5113970358.0,3.0,3.01,2.96,2.99,40570604.0,120723192.0,3.01,-0.6644518272425071,10.0,3.31,False,False,True,77.99922525663375
425,600390.SH,五矿资本,0.21917808219178067,18.918918918918905,1.3756852967758397,0.9194620637911839,1.2868323107563646,0.649440287926844,4498065459.0,4.91,4.91,4.83,4.89,26859555.0,130623693.0,4.92,-0.6097560975609762,10.0,5.41,False,False,True,77.98663567693201
426,000409.SZ,云鼎科技,0.17173252279635254,38.46153846153848,1.3331168081290483,1.1279203985996735,0.9681993674212188,1.0591042884428368,590473934.0,8.93,8.93,8.63,8.75,7053715.0,61523903.0,8.93,-2.015677491601342,10.0,9.82,False,False,True,77.97985667247724
427,603408.SH,建霖家居,0.22823984526112182,19.337606837606835,1.5878453417398266,0.602578249805055,1.2660974813980235,1.0148768201648546,447573000.0,10.5,10.51,10.25,10.34,2737100.0,28295096.0,10.54,-1.8975332068311146,10.0,11.59,False,False,True,77.97210923881464
428,002098.SZ,浔兴股份,0.12199312714776629,39.76897689768979,1.8398599752415812,1.0062991061452449,1.0439301641576957,1.2767342517418492,358000000.0,6.76,6.76,6.57,6.71,4599500.0,30574499.0,6.77,-0.8862629246676468,10.0,7.45,False,False,True,77.96242494673639
429,000897.SZ,津滨发展,0.13725490196078424,33.54037267080745,1.5883315843656927,1.750323031814794,0.9659384494817649,0.9381023873399753,1617241634.0,1.75,1.75,1.7,1.73,26554820.0,45701918.0,1.75,-1.1428571428571455,10.0,1.93,False,False,True,77.95661437148944
430,000998.SZ,隆平高科,0.2400000000000001,24.489795918367353,1.0828360785102569,1.3933142916622117,0.9557559706491928,1.2260753647785638,1315050546.0,8.22,8.22,8.07,8.21,22465118.0,182850836.0,8.25,-0.48484848484847687,10.0,9.08,False,False,True,77.9043191942669
431,000850.SZ,华茂股份,0.23322683706070274,30.56379821958457,1.363297953484044,1.0177505997329992,0.9183114608803432,0.8712349908319778,943374379.0,4.08,4.08,3.98,4.04,8364900.0,33603144.0,4.1,-1.4634146341463317,10.0,4.51,False,False,True,77.82490799922527
432,002661.SZ,克明食品,0.21428571428571427,27.02702702702704,1.4814137289354528,1.1178980107335634,1.0112420153542043,0.5549251451539123,308417401.0,7.57,7.57,7.38,7.49,1947600.0,14495076.0,7.53,-0.5312084993359889,10.0,8.28,False,False,True,77.81716056556266
433,600612.SH,老凤祥,0.18785197103781182,22.3211341905704,1.504742644669724,0.7703598121570719,1.786102946660057,0.9974021906023703,317109630.0,35.0,35.06,34.0,34.87,2436539.0,84233209.0,35.0,-0.3714285714285781,10.0,38.5,False,False,True,77.77261282200271
434,600361.SH,创新新材,0.2202380952380953,36.417910447761194,1.1002866866215089,1.2751259947485067,0.7954042824700418,0.7335271709794055,3732662913.0,3.71,3.74,3.68,3.73,34913073.0,129713478.0,3.72,0.26881720430107503,10.0,4.09,False,False,True,77.76680224675576
435,002073.SZ,软控股份,0.16551724137931031,31.975560081466405,1.534357117621266,1.6602556175993857,0.9042329917379945,0.8414812675378553,1014010853.0,5.63,5.64,5.53,5.6,14166482.0,79338524.0,5.63,-0.5328596802841923,10.0,6.19,False,False,True,77.7532442378462
436,600017.SH,日照港,0.30120481927710857,18.21862348178136,0.9014833578130348,1.1474956264649732,0.9831298435546626,0.8467249938333016,3075653888.0,2.71,2.72,2.66,2.68,29883460.0,80134645.0,2.72,-1.4705882352941235,10.0,2.99,False,False,True,77.7454968041836
437,603227.SH,雪峰科技,0.23280423280423276,35.84070796460177,1.6552397304115403,0.8205481935502823,0.7263380067694044,1.4640443132654934,1071692689.0,7.88,7.99,7.67,7.71,12874447.0,100466848.0,7.66,0.6527415143602999,10.0,8.43,False,False,True,77.73581251210537
438,600583.SH,海油工程,0.2301369863013698,29.201680672268914,1.5272030164858057,1.0340819662335137,0.9055995241884096,0.576396557787167,4421354800.0,5.65,5.68,5.55,5.56,26353100.0,147227513.0,5.6,-0.7142857142857117,10.0,6.16,False,False,True,77.73000193685841
439,300320.SZ,海达股份,0.18764302059496576,32.133333333333326,1.8504267242630263,1.4181934695786422,0.6348990392633393,0.7250058349139177,486538621.0,8.31,8.33,8.19,8.26,5002583.0,41453159.0,8.32,-0.7211538461538547,20.0,9.98,False,False,True,77.72612822002712
440,603888.SH,新华网,0.15985130111524165,26.639892904953165,1.762877307606202,1.4625924878200691,1.0520437804368972,1.1627658607177862,742211985.0,17.0,17.05,16.48,16.86,12108457.0,202335109.0,17.09,-1.345816266822708,10.0,18.8,False,False,True,77.69126476854542
441,600609.SH,金杯汽车,0.1148936170212766,35.643564356435654,1.689095800671879,1.3862205409716781,1.1644527733641243,1.5552677895255893,1304558558.0,3.3,3.31,3.19,3.25,28125554.0,90732606.0,3.3,-1.5151515151515138,10.0,3.63,False,False,True,77.67383304280457
442,600217.SH,中再资环,0.20833333333333326,32.851985559566785,1.4723030441312095,0.8990323457027647,0.9942268587053158,0.6262915195367391,1657653673.0000002,3.16,3.16,3.1,3.13,9333524.0,29174308.0,3.17,-1.2618296529968487,10.0,3.49,False,False,True,77.65833817547936
443,300611.SZ,美力科技,0.13941018766756047,34.27927927927927,1.805225642923432,2.112018888629206,0.6027781081441008,0.6749996196746813,148302980.0,23.96,24.27,23.81,24.16,2114225.0,50872478.0,24.28,-0.49423393739703725,20.0,29.14,False,False,True,77.62928529924463
444,300158.SZ,振东制药,0.09310344827586207,31.319910514541395,1.9888452795071434,1.876709651589225,0.972622240360087,1.4001460041004183,991685242.0,5.01,5.14,4.95,5.14,26058191.0,132192265.0,5.01,2.594810379241519,20.0,6.01,False,False,True,77.61960100716638
445,600780.SH,通宝能源,0.20652173913043465,39.56442831215972,1.5152566038577104,1.1457312728477915,0.584408207317276,0.6484145154972775,1146502523.0,6.01,6.01,5.88,5.99,8517468.0,50695138.0,6.01,-0.33277870216305017,10.0,6.61,False,False,True,77.61185357350378
446,000019.SZ,深粮控股,0.2587412587412588,29.009009009009024,1.213230703996415,1.531929216978525,0.5774844342038585,2.562606454928347,416208907.00000006,6.21,6.22,6.05,6.11,16339245.0,99743678.0,6.29,-2.861685214626386,10.0,6.92,False,False,True,77.56730582994382
447,600787.SH,中储股份,0.25991189427312766,24.938271604938265,1.2554478657318886,0.9715820481831469,1.0190777015135408,0.7822622329026542,2170079582.0,4.64,4.67,4.55,4.59,16493298.0,75648620.0,4.64,-1.0775862068965525,10.0,5.1,False,False,True,77.55955839628123
448,688581.SH,安杰思,0.11386785061373723,36.20408163265305,1.8133109083395582,1.160589093420098,1.19624412793322,2.5453727119227634,41178278.0,53.31,53.31,51.9,52.93,1217591.0,63992144.0,53.36,-0.8058470764617631,20.0,64.03,False,False,True,77.53437923687778
449,002311.SZ,海大集团,0.2733230531996914,24.181547619047628,1.1223451022406414,0.64822089675004,1.16840490352753,1.6263868606748277,1654037596.0,47.09,47.19,45.42,45.75,17429836.0,805389667.0,47.41,-3.5013710187724034,10.0,52.15,False,False,True,77.51307379430563
450,000868.SZ,安凯客车,0.14236111111111113,38.87147335423198,1.5713523608782327,1.19005840557019,1.05211847153645,0.7543422017052205,939513985.0,3.59,3.6,3.5,3.58,8434123.0,29922207.0,3.6,-0.5555555555555536,10.0,3.96,False,False,True,77.50532636064302
451,600131.SH,国网信通,0.20732883317261336,39.32253313696614,1.7667708373007245,0.8194751488606506,0.6771768598006283,1.073427736353506,1195905149.0,15.73,15.78,15.29,15.39,10519748.0,163235898.0,15.73,-2.1614748887476165,10.0,17.3,False,False,True,77.50532636064302
452,300406.SZ,九强生物,0.2161572052401747,18.960538979788243,1.3936172071198398,1.1865567680090379,1.189402680174955,1.2473519475381887,424283173.0,11.38,11.6,11.24,11.6,6279884.0,72593435.0,11.38,1.9332161687170446,20.0,13.66,False,False,True,77.48983149331784
453,002588.SZ,史丹利,0.2040302267002518,28.1725888324873,1.3919019229231477,1.5530892482252363,0.9073066552200388,0.8157763788313014,858636570.0000001,8.68,8.74,8.54,8.65,10878698.0,93884273.0,8.69,-0.460299194476399,10.0,9.56,False,False,True,77.48595777648654
454,002269.SZ,美邦服饰,0.08673469387755099,29.921259842519675,1.6948329274954415,2.4293079011276033,1.028974414071854,0.7771066210590963,2343729075.0,1.44,1.44,1.39,1.42,44245650.0,62544287.0,1.44,-1.388888888888895,10.0,1.58,False,False,True,77.46852605074568
455,300384.SZ,三联虹普,0.174585635359116,33.734939759036145,1.589153470877644,1.4669470364078303,0.8894579794553479,0.6856114797034686,220381842.0,12.26,12.41,12.07,12.23,2216503.0,26996770.0,12.37,-1.1317704122877803,20.0,14.84,False,False,True,77.4414100329266
456,003816.SZ,中国广核,0.35074626865671626,30.188679245283012,1.2285707579777427,0.30239849171458344,0.875867396717893,1.0803720963504584,39335192867.0,3.96,3.96,3.89,3.89,128509184.0,502018101.0,3.96,-1.7676767676767624,10.0,4.36,False,False,True,77.42010459035444
457,002159.SZ,三特索道,0.12595837897042703,36.43153526970955,1.6861602135750657,2.283475539291956,0.7239146359609464,0.8166175860228867,138486813.0,13.18,13.2,12.88,13.13,2582400.0,33619952.0,13.2,-0.5303030303030143,10.0,14.52,False,False,True,77.41623087352313
458,300144.SZ,宋城演艺,0.14285714285714293,26.833631484794275,1.4848723946810778,1.5562162386774732,1.3359813767836033,0.7897589488883094,2581597994.0,6.16,6.17,6.04,6.14,31728761.0,193468671.0,6.16,-0.32467532467532756,20.0,7.39,False,False,True,77.40073600619795
459,002275.SZ,桂林三金,0.3602305475504322,18.80772460117548,1.0940746844006424,0.42422959075764705,1.1013059793684588,0.9191686522419685,564751305.0,13.09,13.37,13.06,13.36,2202183.0,29175253.0,13.16,1.5197568389057725,10.0,14.48,False,False,True,77.38330428045708
460,000869.SZ,张  裕Ａ,0.2814207650273224,25.78534031413613,1.1363007203931308,0.2946493541332105,1.181829903837761,2.1798356280270497,454935920.0,17.44,17.68,17.15,17.54,2921995.0,50993804.0,17.34,1.1534025374855705,10.0,19.07,False,False,True,77.3794305636258
461,603676.SH,卫信康,0.20300751879699247,28.77237851662404,1.5308751932296691,0.588110609509339,1.2886034843030136,1.6880852429515982,435161500.0,8.82,9.09,8.75,9.08,4320200.0,38604675.0,8.9,2.0224719101123556,10.0,9.79,False,False,True,77.3135773774937
462,301370.SZ,国科恒泰,0.15612648221343875,30.544993662864407,1.7114574970121055,0.9418923083061044,1.3318005170232794,1.4442087801241001,470600000.0,8.67,8.81,8.56,8.78,6276617.0,54679659.0,8.68,1.1520737327188835,20.0,10.42,False,False,True,77.2980825101685
463,688563.SH,航材股份,0.16957605985037397,32.7808867843306,1.7938542843224017,1.7068738445657945,0.7204918558309495,0.8031502808137235,135542674.0,51.95,51.95,50.95,51.71,1764499.0,90667594.0,51.9,-0.36608863198458463,20.0,62.28,False,False,True,77.22254503195816
464,600062.SH,华润双鹤,0.20270270270270285,16.78929765886288,1.3468800713637727,1.0937300687545846,1.6096401147618367,1.1396942503019438,1038225388.0,15.99,16.36,15.89,16.36,12941665.0,209379041.0,16.0,2.2499999999999964,10.0,17.6,False,False,True,77.19736587255471
465,000402.SZ,金 融 街,0.14035087719298217,37.02127659574468,1.6215941088617662,1.3786419272784745,1.04641477642745,1.0142408570661352,2988667172.0,2.5,2.51,2.43,2.46,41789785.0,102603798.0,2.51,-1.9920318725099584,10.0,2.76,False,False,True,77.1702498547356
466,600097.SH,开创国际,0.10767326732673266,35.60910307898262,2.010023283552581,1.4662502090436138,0.9857402295723509,0.932903841467999,240936559.00000003,8.33,8.33,8.12,8.3,3295700.0,27076837.0,8.34,-0.47961630695442237,10.0,9.17,False,False,True,77.1353864032539
467,600523.SH,贵航股份,0.17076700434153422,34.70588235294119,1.166919830726038,1.2165078698486265,1.1723103261419163,0.7035259313970488,404044620.0,11.3,11.37,11.1,11.28,3457995.0,38765563.0,11.38,-0.8787346221441283,10.0,12.52,False,False,True,77.12376525276002
468,600757.SH,长江传媒,0.2623762376237621,14.226519337016574,1.2486474599134127,0.8774260172255176,1.2968197614749553,0.8880367316418357,1213497103.0,7.75,7.82,7.67,7.75,9455406.0,73230837.0,7.77,-0.2574002574002532,10.0,8.55,False,False,True,77.10827038543484
469,601808.SH,中海油服,0.15711645101663593,33.52326685660021,1.7258738035495895,0.9218749822663136,1.2130162460037905,0.5764805185346814,2960468000.0,12.32,12.37,12.02,12.08,15733199.0,190738116.0,12.23,-1.22649223221587,10.0,13.45,False,False,True,77.06372264187488
470,600834.SH,申通地铁,0.2969283276450513,31.43297380585515,1.337988445230794,0.4817434062566699,0.9236972578140031,0.9463556751035115,477381905.0,7.32,7.4,7.23,7.29,2176387.0,15878651.0,7.36,-0.9510869565217406,10.0,8.1,False,False,True,77.05016463296533
471,603508.SH,思维列控,0.18873239436619718,30.70904645476773,1.1798885452719508,1.1384327696376988,1.236132993829235,1.3332480292917552,381274377.0,23.05,23.08,22.4,22.78,5787033.0,131148800.0,23.13,-1.5131863380890564,10.0,25.44,False,False,True,77.04048034088709
472,601318.SH,中国平安,0.258462763839108,20.724826388888907,1.2372945785678997,0.8919753163762121,1.1998170144700468,0.5244121757530922,10660065083.000002,52.56,52.74,52.24,52.45,49863810.0,2659698799.0,52.57,-0.22826707247478595,10.0,57.83,False,False,True,76.98624830524889
473,300888.SZ,稳健医疗,0.2031156381066507,20.888542478565864,1.6349820190789288,0.8140283790147156,1.4380699592623696,0.7257007242878175,580360952.0,29.05,29.16,28.63,29.1,3428430.0,100872556.0,29.05,0.1721170395869276,20.0,34.86,False,False,True,76.98624830524889
474,600710.SH,苏美达,0.27541589648798526,30.645161290322577,1.5456994282002745,0.879021620452443,0.8128950069093468,0.8866650783535565,1306749434.0,10.66,10.7,10.46,10.56,10184776.0,107445253.0,10.72,-1.4925373134328401,10.0,11.79,False,False,True,76.9823745884176
475,600740.SH,山西焦化,0.20704845814977982,33.015873015873034,1.762990359085551,1.2772201052597016,0.7478811443608226,1.2881769857293868,2562121154.0,3.58,3.58,3.46,3.54,42154209.0,148193816.0,3.62,-2.209944751381221,10.0,3.98,False,False,True,76.96106914584543
476,600621.SH,华鑫股份,0.20495185694635487,24.702886247877753,1.4756805352247175,1.2439790185098885,1.1351954054972924,0.6144408558660265,1060899292.0,13.26,13.28,13.09,13.21,8109000.0,106732791.0,13.27,-0.45214770158250595,10.0,14.6,False,False,True,76.95138485376718
477,601928.SH,凤凰传媒,0.27898550724637666,17.51824817518248,1.1061724740295376,0.46945264057526254,1.4998910588813092,1.007918051076871,2544900000.0,8.97,8.99,8.76,8.81,12041698.0,111127837.0,8.99,-2.0022246941045596,10.0,9.89,False,False,True,76.94170056168893
478,600211.SH,西藏药业,0.1417840375586856,21.80740740740741,1.6959736246622157,1.5021433908019497,1.5199148957543622,1.2572564182823107,322319196.0,36.74,38.5,36.45,38.37,6087254.0,236425125.0,36.77,4.351373402230063,10.0,40.45,False,False,True,76.94170056168893
479,603071.SH,物产环能,0.26858513189448463,37.200736648250476,0.9471934365018942,0.5639406577212924,0.9370535006998422,0.7600113515453101,557954442.0,11.91,11.96,11.8,11.9,2391400.0,28398945.0,11.98,-0.6677796327211993,10.0,13.18,False,False,True,76.92814255277939
480,600022.SH,山东钢铁,0.2580645161290324,19.00826446280992,1.4599422063580347,0.9967516648566137,1.095996591978745,1.0305599829363128,10698849554.0,1.37,1.37,1.33,1.35,109899907.0,148029892.0,1.37,-1.4598540145985384,10.0,1.51,False,False,True,76.92523726515591
481,000629.SZ,钒钛股份,0.2582417582417583,30.952380952380953,1.4825009393481758,1.0761579809589317,0.8091503950970889,0.9202305317909469,9290444430.0,3.12,3.15,3.09,3.13,92004519.0,287442489.0,3.14,-0.31847133757962887,10.0,3.45,False,False,True,76.9242688359481
482,601966.SH,玲珑轮胎,0.2175324675324675,32.93051359516617,1.208175307874172,0.8327578686099293,1.12141224916402,0.723644549042164,1463502683.0,11.27,11.29,11.09,11.19,8819370.0,98490705.0,11.27,-0.7098491570541321,10.0,12.4,False,False,True,76.89908967654465
483,603809.SH,豪能股份,0.11425576519916142,38.341346153846146,1.9804941089740673,1.3218075355772467,0.9891514304804714,0.8362886670686906,920288807.0,9.37,9.43,9.2,9.38,10172989.0,94750766.0,9.41,-0.31880977683315104,10.0,10.35,False,False,True,76.8390470656595
484,000735.SZ,罗 牛 山,0.06105834464043421,37.15498938428874,1.6899261023601664,2.050682671687434,1.0552907113067846,0.9931421043717803,1150897517.0,5.16,5.17,5.02,5.12,23439401.0,119283839.0,5.16,-0.7751937984496138,10.0,5.68,False,False,True,76.819678481503
485,600496.SH,精工钢构,0.16326530612244916,37.04918032786886,1.5030739944000584,1.3742486335406359,0.9960688053796866,0.6781182601672622,1990125599.0,3.29,3.3,3.25,3.28,18546042.0,60614808.0,3.29,-0.3039513677811634,10.0,3.62,False,False,True,76.65310865775712
486,002399.SZ,海普瑞,0.24335378323108373,23.17647058823531,1.6232179041408255,0.43771398663835953,1.2593487999778543,1.2144213038146432,1247201704.0,9.66,9.96,9.61,9.96,6629740.0,64982921.0,9.69,2.786377708978338,10.0,10.66,False,False,True,76.63761379043191
487,601900.SH,南方传媒,0.29304635761589404,22.455089820359287,1.180651217370334,0.8964160524018809,1.093171983480719,0.9599770253973456,881970094.0,11.76,11.96,11.6,11.73,7589695.0,89247233.0,11.79,-0.5089058524172962,10.0,12.97,False,False,True,76.54077086964942
488,000625.SZ,长安汽车,0.11840228245363765,36.793893129771014,1.7429722735816298,1.1772861291845687,1.3064665111969676,0.7058744879647765,8267021316.0,7.38,7.4,7.26,7.35,68700290.0,502706077.0,7.38,-0.40650406504065817,10.0,8.12,False,False,True,76.53689715281814
489,002004.SZ,华邦健康,0.2608695652173911,19.525065963060694,1.4934369603304838,1.3260400160441679,0.9569832246233212,0.9753667205825383,1885347429.0,4.26,4.34,4.23,4.33,24384618.0,107223188.0,4.27,1.4051522248243575,10.0,4.7,False,False,True,76.53689715281813
490,600335.SH,国机汽车,0.2248062015503876,32.08791208791209,1.5545061733837076,0.7737506351881503,1.0351785875782515,0.8279486046091368,1487456892.0,5.14,5.15,5.05,5.1,9529032.0,48454182.0,5.13,-0.5847953216374324,10.0,5.64,False,False,True,76.53302343598683
491,600216.SH,浙江医药,0.17024128686327097,32.08606173994386,1.4591659402154908,1.9989904712788584,0.8747254499327002,1.2976860864948103,951389475.0,11.99,12.3,11.83,12.27,24679634.0,299628490.0,11.96,2.59197324414715,10.0,13.16,False,False,True,76.52140228549294
492,601007.SH,金陵饭店,0.2410423452768727,25.42955326460481,1.3950427881462475,1.5685185512820468,0.8694634623286702,0.7990407607138884,390000000.0,6.57,6.57,6.42,6.53,4887910.0,31705570.0,6.56,-0.45731707317072656,10.0,7.22,False,False,True,76.51365485183032
493,002120.SZ,韵达股份,0.24175824175824184,24.462809917355386,1.0146414630513478,1.2779965760677807,1.1173390543704431,0.9299440917184367,2815129913.0,6.68,6.72,6.61,6.71,33456844.0,222926934.0,6.71,0.0,10.0,7.38,False,False,True,76.50203370133643
494,300760.SZ,迈瑞医疗,0.15818925916645782,26.135925325927634,1.8643573573511638,0.998816842945929,1.412828903116776,0.8690068179131288,1211304108.0,147.84,150.22,147.2,150.22,10513861.0,1575644697.0,148.57,1.1105876018038696,20.0,178.28,False,False,True,76.46717024985473
495,600729.SH,重百集团,0.15304606240713214,16.941444002274018,1.0750793914987475,2.3275455136147047,1.3775429597616549,1.0144373624508491,192482844.0,19.71,19.73,19.16,19.37,4544807.0,91596465.0,19.65,-1.4249363867684384,10.0,21.62,False,False,True,76.46523339143909
496,603648.SH,畅联股份,0.24376731301939034,23.934837092731833,1.5938578376944865,0.866174883999676,1.1071983105248306,0.6796790567981341,362412800.0,8.87,8.9,8.78,8.85,2133600.0,19518456.0,8.86,-0.11286681715575453,10.0,9.75,False,False,True,76.46329653302344
497,300022.SZ,吉峰科技,0.2874251497005989,27.399165507649514,1.3725787102313771,1.4990151266430742,0.5771697614901897,1.0898799763332017,494225980.0,8.07,8.18,7.92,8.17,8074400.0,65379252.0,8.15,0.24539877300613355,20.0,9.78,False,False,True,76.43424365678868
498,300294.SZ,博雅生物,0.12874908558888076,26.832844574780058,1.9126690659665386,1.4252799478498601,1.3157178532303844,1.060770073016238,504248738.0,15.6,15.72,15.1,15.6,7623708.0,117329052.0,15.4,1.298701298701288,20.0,18.48,False,False,True,76.43230679837305
499,600223.SH,福瑞达,0.17105263157894743,35.9504132231405,1.4188875759646593,0.899488330241104,1.2726713151229554,0.7809019493012704,1016568775.0,5.52,5.54,5.4,5.54,7140503.0,39137963.0,5.49,0.9107468123861429,10.0,6.04,False,False,True,76.43230679837305
500,688177.SH,百奥泰,0.0963855421686747,35.32434168272318,2.2865157640952924,0.8206223314335351,1.2558731550846016,1.2099111634570818,414080000.0,17.51,18.59,17.4,18.55,4111318.0,74576100.0,17.57,5.5776892430278835,20.0,21.08,False,False,True,76.43036993995737
501,603877.SH,太平鸟,0.23817292006525304,26.347826086956516,1.6451608442060022,0.4772778187398,1.1944952672976936,1.4383400545697507,469323560.0,12.97,12.97,12.5,12.64,3221849.0,40721525.0,12.96,-2.4691358024691357,10.0,14.26,False,False,True,76.42455936471043
502,300664.SZ,鹏鹞环保,0.19491525423728817,38.82063882063882,1.5912036754573573,1.3782822294108645,0.7151523071974512,0.5838204214686595,725179886.0,4.51,4.52,4.45,4.51,5835300.0,26440846.0,4.53,-0.44150110375277274,20.0,5.44,False,False,True,76.4110013558009
503,002651.SZ,利君股份,0.09270833333333338,38.67243867243868,1.725573450803457,1.5342954119308214,1.1708580740500818,0.6653107469975361,565463641.0,7.8,7.84,7.64,7.73,5772158.0,44516592.0,7.82,-1.1508951406649648,10.0,8.6,False,False,True,76.4071276389696
504,603858.SH,步长制药,0.26029654036243816,19.277978339350188,1.255672459899635,0.7188566240065757,1.422100477401692,1.257370312671753,1054568442.0,15.42,15.98,15.34,15.95,9531917.0,149721801.0,15.43,3.3700583279326013,10.0,16.97,False,False,True,76.39744334689134
505,600420.SH,国药现代,0.2439678284182304,20.866141732283474,1.414080978221283,0.8502797937970504,1.2923166187617265,0.860976300330899,1341172692.0,8.53,8.66,8.46,8.65,9818333.0,84703557.0,8.53,1.406799531066838,10.0,9.38,False,False,True,76.39550648847569
506,002933.SZ,新兴装备,0.21912602913236226,34.767641996557664,1.7754638140729078,1.1551898828647478,0.7065484735062149,1.0006443880862517,116894276.0,26.42,27.0,26.12,26.83,1351221.0,35961540.0,26.7,0.4868913857677848,10.0,29.37,False,False,True,76.36645361224095
507,600132.SH,重庆啤酒,0.20133481646273627,30.161090458488225,1.693351203259724,0.9464334073863575,1.0884467054483462,0.9631166057787451,483971198.0,43.95,44.11,43.3,44.06,4411522.0,192934088.0,43.97,0.2046850125085431,10.0,48.37,False,False,True,76.35095874491576
508,300869.SZ,康泰医学,0.12105263157894741,29.45891783567134,1.7725971339705962,1.6131452234409447,1.3018755805486761,1.1394363499744453,263734916.0,11.06,11.41,11.01,11.41,4847649.0,54495083.0,11.13,2.515723270440251,20.0,13.36,False,False,True,76.3102847181871
509,301058.SZ,中粮科工,0.23689727463312366,31.167108753315652,1.6575225993395322,0.9575392376011346,0.9142834003916606,2.554221294024136,512274245.0,8.52,8.57,8.34,8.5,12529035.0,105729322.0,8.67,-1.9607843137254943,20.0,10.4,False,False,True,76.2599263993802
510,688366.SH,昊海生科,0.11705006765899867,37.93859649122808,1.9909142794285017,0.4757842433405186,1.543184756492489,1.4026802505859213,194051855.0,30.53,32.07,30.39,31.97,1295050.0,40903794.0,30.82,3.731343283582089,20.0,36.98,False,False,True,76.25411582413325
511,002019.SZ,亿帆医药,0.1305518169582771,21.83020948180816,1.9419443244817889,1.889418272045728,1.157719469281737,1.0775619619266774,842518305.0,10.05,10.35,10.02,10.34,17153380.0,174838219.0,10.04,2.9880478087649376,10.0,11.04,False,False,True,76.22893666472982
512,002511.SZ,中顺洁柔,0.2794117647058824,25.15432098765431,1.2964649020058352,1.1914854114144064,0.9492859676102513,0.7142516663161378,1265003933.0,7.22,7.29,7.13,7.27,10765360.0,77509138.0,7.24,0.4143646408839796,10.0,7.96,False,False,True,76.17470462909162
513,600377.SH,宁沪高速,0.3210332103321036,13.871260199456037,1.0633915863877985,0.3760739618855555,1.568528667017434,0.5635424566938424,3802183001.0,11.88,11.96,11.77,11.86,8058105.0,95715728.0,11.89,-0.2523128679562725,10.0,13.08,False,False,True,76.16308347859771
514,000882.SZ,华联股份,0.13675213675213668,26.77165354330708,1.5990729360896627,2.323488573548564,1.0677158469080672,0.8269538446534864,2735636141.0,1.44,1.44,1.39,1.41,52563000.0,73979351.0,1.43,-1.3986013986013957,10.0,1.57,False,False,True,76.13112531473948
515,000830.SZ,鲁西化工,0.14920948616600788,35.09700176366843,1.925559375560089,1.6326645980990782,0.8533317558872062,0.7830044846328661,1904178218.0,12.82,12.95,12.66,12.77,24342704.0,311234639.0,12.85,-0.6225680933852118,10.0,14.14,False,False,True,76.11466201820646
516,688468.SH,科美诊断,0.18508287292817682,35.45454545454545,1.8134633562819111,0.8355256938280906,1.026571402753464,0.9570546336944246,401108000.0,6.15,6.25,6.05,6.22,3207435.0,19728871.0,6.17,0.8103727714748654,20.0,7.4,False,False,True,76.10691458454387
517,002722.SZ,物产金轮,0.15226781857451402,36.5572315882875,1.5055695087730658,1.5626894335375299,1.0369910170705503,0.7283114941091436,222357010.0,12.72,12.72,12.52,12.7,2530700.0,31956330.0,12.68,0.1577287066246047,10.0,13.95,False,False,True,76.10110400929692
518,002601.SZ,龙佰集团,0.2882527147087856,32.21083455344069,1.4905504845016415,1.017392835462161,0.7475855394831226,0.9781883156407413,1979780012.0,16.5,16.66,16.15,16.21,19702806.0,321236127.0,16.58,-2.231604342581406,10.0,18.24,False,False,True,76.05268254890566
519,600008.SH,首创环保,0.30508474576271144,19.77611940298507,1.0883171444319812,1.1682481406938627,1.0482748838635145,0.6470147718254137,7340590677.0,2.86,2.87,2.83,2.84,55485602.0,157741015.0,2.86,-0.6993006993006978,10.0,3.15,False,False,True,76.03525082316483
520,603187.SH,海容冷链,0.16357504215851584,28.142076502732237,1.45657624379701,1.6477327757540505,1.2111066609881944,1.4957565051403408,382361891.00000006,11.9,12.22,11.89,12.15,9423718.0,114176931.0,11.95,1.673640167364021,10.0,13.15,False,False,True,76.01588223900833
521,600327.SH,大东方,0.1676300578034682,28.712871287128717,1.7167178857446665,1.461453027216206,1.1048874505837158,0.737426003307393,884779518.0,3.57,3.6,3.5,3.58,9535388.0,33875467.0,3.61,-0.8310249307479145,10.0,3.97,False,False,True,76.00619794693009
522,000708.SZ,中信特钢,0.37948717948717964,20.863895680521605,1.5532259099910883,0.292907556385999,1.0044616177795316,1.0480798617204405,5047136128.0,13.91,13.95,13.62,13.69,15494229.0,216197133.0,13.89,-1.439884809215275,10.0,15.28,False,False,True,75.99845051326747
523,600305.SH,恒顺醋业,0.27350427350427337,17.307692307692314,1.162123618272794,0.8925319160376903,1.3666036413632567,1.116781629661245,1102959908.0,6.88,6.9,6.74,6.81,10993899.0,74679788.0,6.88,-1.017441860465118,10.0,7.57,False,False,True,75.98295564594228
524,601336.SH,新华保险,0.2406972846128059,21.188193269411528,1.4172667834062285,1.1857884032244215,1.1514613722785823,0.688556768816933,2085439340.0,60.3,60.76,59.89,60.66,17027250.0,1027013980.0,60.37,0.4803710452211396,10.0,66.41,False,False,True,75.9597133449545
525,600690.SH,海尔智家,0.3164556962025316,22.023809523809533,1.2092335313631872,0.8185752332414854,1.111844503202776,0.5978738387691515,6253028411.0,21.23,21.28,20.95,21.05,30602616.0,671527433.0,21.23,-0.8478568064060332,10.0,23.35,False,False,True,75.95777648653883
526,002069.SZ,獐子岛,0.1617021276595744,31.597222222222232,1.7211532942798105,1.6046736467403016,1.0085576119508124,0.9450231441214214,710216194.0,3.26,3.26,3.16,3.22,10770100.0,34518516.0,3.26,-1.2269938650306678,10.0,3.59,False,False,True,75.95002905287623
527,601019.SH,山东出版,0.28865979381443313,21.077654516640255,1.1983259138533457,0.5573633930710581,1.3842231383641006,1.1390258464200675,2086900000.0,7.12,7.15,6.91,6.98,13248712.0,92543898.0,7.15,-2.3776223776223793,10.0,7.87,False,False,True,75.8899864419911
528,300979.SZ,华利集团,0.1614791987673344,31.190053285968045,1.8851900445803556,0.3147846743787435,1.7994299536052036,0.7725690211136153,1167000000.0,33.42,33.43,32.84,33.21,2838061.0,96895065.0,33.39,-0.5390835579514808,20.0,40.07,False,False,True,75.87836529149719
529,688219.SH,会通股份,0.17343173431734307,37.512742099898055,1.8981005225236207,1.1499987536390048,0.8687655465167865,0.881466527125769,549600000.0,10.68,10.7,10.5,10.7,5571215.0,59185190.0,10.7,0.0,20.0,12.84,False,False,True,75.86480728258765
530,002480.SZ,新筑股份,0.2110726643598614,35.43788187372709,1.5701365128970257,1.33664400887659,0.8347295133323027,0.774668973770656,767487470.9999999,5.53,5.57,5.43,5.54,7947000.0,43723058.0,5.52,0.36231884057971175,10.0,6.07,False,False,True,75.82413325585901
531,600332.SH,白云山,0.2739361702127658,17.99053129931614,1.060471484336141,0.9328908269399446,1.3940289252366225,0.6283368860323175,1405890949.0,21.02,21.2,20.84,21.18,8240907.0,176059636.0,21.07,0.5220692928334048,10.0,23.18,False,False,True,75.7931435212086
532,600467.SH,好当家,0.23913043478260876,25.0,1.431377632899344,1.785571899806662,0.8400145085227065,1.6899775621891333,1460994304.0000002,2.28,2.32,2.24,2.28,44086620.0,100269964.0,2.25,1.3333333333333197,10.0,2.48,False,False,True,75.78345922913036
533,600916.SH,中国黄金,0.12483745123537061,29.041916167664674,1.8406850189149637,1.976834916666662,1.0898955398374062,1.4224333699661664,1680000000.0,7.56,7.7,7.45,7.68,47240188.0,362169331.0,7.64,0.5235602094240788,10.0,8.4,False,False,True,75.77183807863645
534,000061.SZ,农 产 品,0.12410071942446049,39.76833976833978,1.6802836680945983,1.1432443041413454,1.2888404779131193,1.111096635469031,1794313488.0,5.86,5.86,5.7,5.79,22792355.0,131319549.0,5.87,-1.3628620102214661,10.0,6.46,False,False,True,75.7699012202208
535,688606.SH,奥泰生物,0.14569907537125254,37.336683417085425,1.9248503176023302,0.6432706231535921,1.2733287559220259,1.1037226285315735,79280855.0,45.23,46.45,44.73,46.39,562888.0,25763935.0,45.0,3.0888888888888966,20.0,54.0,False,False,True,75.75634321131125
536,600249.SH,两面针,0.21752265861027184,34.63302752293578,1.4603603240563963,1.4640604545454492,0.8192339583481703,1.0214994226828065,550000000.0,5.08,5.12,5.02,5.1,8225453.0,42037259.0,5.08,0.3937007874015741,10.0,5.59,False,False,True,75.69049002517916
537,002327.SZ,富安娜,0.3734177215189872,26.779661016949152,0.8966092140044408,1.0098412824243694,0.9098738364277816,1.0440783616438603,490983369.0,6.49,6.52,6.42,6.51,5176700.0,33474921.0,6.49,0.30816640986131016,10.0,7.14,False,False,True,75.6614371489444
538,000597.SZ,东北制药,0.25654450261780115,22.98288508557458,1.4899932801760007,0.9886556985478618,1.132696581533771,1.5224591256422844,1409203737.0,4.57,4.75,4.53,4.74,21211164.0,98975413.0,4.58,3.493449781659397,10.0,5.04,False,False,True,75.63819484795661
539,002095.SZ,生 意 宝,0.18999073215940676,32.42375601926162,1.6645075850959405,1.2811074274175485,1.0157258097539004,1.0673699315201204,251708415.0,14.48,14.5,13.9,14.14,3441900.0,48571529.0,14.51,-2.549965541006194,10.0,15.96,False,False,True,75.63238427270966
540,002391.SZ,长青股份,0.23584905660377356,29.28870292887027,1.1282791329849935,1.6354640321024523,0.9211031730178559,0.7475467302178882,464098311.00000006,5.28,5.28,5.18,5.24,5674000.0,29660020.0,5.28,-0.7575757575757569,10.0,5.81,False,False,True,75.61495254696882
541,601579.SH,会稽山,0.1201814058956916,37.69063180827887,1.9551984349071145,1.4623308720520054,1.025702230219511,1.0784141742233935,479463409.0,15.3,15.36,14.8,15.05,7561130.0,113525722.0,15.36,-2.018229166666663,10.0,16.9,False,False,True,75.58008909548712
542,603967.SH,中创物流,0.29090909090909106,34.241245136186784,1.3163116183736503,0.827641584044796,0.8866714103604126,0.7172941007759471,346666710.0,11.41,11.48,11.26,11.4,2058030.0,23393767.0,11.4,0.0,10.0,12.54,False,False,True,75.56846794499322
543,600109.SH,国金证券,0.38666666666666655,21.883289124668437,1.3257879298402442,0.79795378506998,0.9777718147798143,0.5909801524647689,3705364910.0,8.68,8.74,8.62,8.73,17473569.0,151588065.0,8.7,0.34482758620690834,10.0,9.57,False,False,True,75.56072051133062
544,301267.SZ,华厦眼科,0.19927536231884047,25.104895104895107,1.8110018097217506,0.8409388211170561,1.322785507002392,1.3335003844795708,648444383.0,15.91,16.19,15.65,16.15,7271605.0,115587054.0,15.95,1.2539184952978122,20.0,19.14,False,False,True,75.54716250242106
545,301207.SZ,华兰疫苗,0.1787310098302055,30.52495139338951,1.932206617712589,0.9818327791148584,1.110827328233649,1.1584349760765618,600637988.0,17.4,18.1,17.31,18.09,6831593.0,121357200.0,17.43,3.7865748709122293,20.0,20.92,False,False,True,75.50261475886113
546,603605.SH,珀莱雅,0.13100194282542324,25.141030462579916,2.0915651418860532,1.3662257006862504,1.3547221786432035,0.753298027678398,395976049.0,57.9,57.93,57.03,57.72,4075287.0,234219002.0,57.9,-0.31088082901554737,10.0,63.69,False,False,True,75.47937245787332
547,002646.SZ,天佑德酒,0.15625000000000006,33.16993464052287,1.6338972822215236,1.3953425786458775,1.1981525538321964,0.7765735530060272,475887499.0,6.8,6.82,6.66,6.8,5156651.0,34775302.0,6.82,-0.2932551319648202,10.0,7.5,False,False,True,75.46775130737943
548,603231.SH,索宝蛋白,0.1938650306748466,27.226277372262775,1.6789598829852417,1.840069760047946,0.8980324392742417,0.9327721500226914,106265982.0,15.23,15.39,14.98,15.37,1823913.0,27717576.0,15.28,0.5890052356021025,10.0,16.81,False,False,True,75.46581444896378
549,603049.SH,中策橡胶,0.3687535898908671,21.030444964871187,1.042619316402429,0.5711593832552555,1.1991431876694858,0.6565329474850092,504980262.0,49.1,49.1,48.58,48.76,1893600.0,92253424.0,49.12,-0.7328990228013033,10.0,54.03,False,False,True,75.45419329846987
550,600153.SH,建发股份,0.32492113564668806,28.64583333333335,0.9430987954253833,0.7426159808281806,1.0795798543113166,0.8932242231860926,2899538551.0,8.7,8.71,8.56,8.63,19233294.0,165822896.0,8.71,-0.9184845005740572,10.0,9.58,False,False,True,75.36122409451869
551,002583.SZ,海能达,0.1359649122807017,33.94736842105264,1.8606546485717228,1.8409388912253966,0.9728080214617724,1.2738823230465333,1283137692.0,8.53,8.59,8.16,8.33,30091369.0,249843283.0,8.53,-2.3446658851113633,10.0,9.38,False,False,True,75.36122409451869
552,000558.SZ,天府文旅,0.09030837004405287,36.63366336633662,1.8594922787807995,2.226172987446249,0.9726678500217083,0.7704516673710813,1288679883.0,3.43,3.46,3.37,3.43,22102905.0,75361790.0,3.44,-0.29069767441859407,10.0,3.78,False,False,True,75.36025566531086
553,002035.SZ,华帝股份,0.20481927710843398,32.946635730858496,1.479723235056889,1.2642347251542254,1.0400516418029617,0.8023937593304724,782037666.9999999,4.83,4.83,4.74,4.79,7933100.0,37905430.0,4.82,-0.6224066390041583,10.0,5.3,False,False,True,75.31667635095874
554,603182.SH,嘉华股份,0.20895522388059704,36.8867924528302,1.807915181530473,1.1313551200243033,0.8153761672899952,0.9784895330599711,164550000.0,11.98,12.16,11.9,12.1,1821600.0,22257543.0,12.0,0.8333333333333304,10.0,13.2,False,False,True,75.20046484601976
555,002186.SZ,全 聚 德,0.1601671309192201,35.01849568434032,1.6562695196913348,1.4058522897867087,1.1102912148759012,0.789858584871711,306801588.0,9.26,9.27,9.01,9.16,3406800.0,31049152.0,9.26,-1.0799136069114423,10.0,10.19,False,False,True,75.19659112918846
556,002302.SZ,西部建设,0.20437956204379562,37.02830188679245,2.024688066138741,0.6113678842417871,0.8970636548303121,4.477397902319428,1262354304.0,5.09,5.17,4.76,4.86,34554895.0,168225221.0,5.08,-4.330708661417315,10.0,5.59,False,False,True,75.18884369552585
557,301206.SZ,三元生物,0.23717217787913322,26.95367337388861,1.3466580051518973,1.108960751577926,1.18924885276263,0.687435470667787,130283123.0,23.41,23.47,23.12,23.44,993199.0,23128512.0,23.45,-0.04264392324092592,20.0,28.14,False,False,True,75.11717993414682
558,603100.SH,川仪股份,0.21159420289855083,31.750924784217037,1.8970245659656944,0.9884738229408565,0.9460831406386396,0.8760918954541205,511539166.0,18.41,18.66,18.2,18.34,4429898.0,81207783.0,18.41,-0.38022813688213253,10.0,20.25,False,False,True,75.10362192523726
559,300908.SZ,仲景食品,0.20580474934036946,27.419354838709676,1.4143033931628086,1.2575058627140572,1.2659555903335964,0.8885096721392243,122992524.0,16.37,16.45,16.12,16.43,1374203.0,32404314.0,16.44,-0.06082725060828631,20.0,19.73,False,False,True,75.08812705791208
560,600616.SH,金枫酒业,0.20400000000000004,33.97260273972602,1.6628830942294386,1.1471861306855746,1.0000607875763485,0.9458598684618564,669004950.0,4.15,4.19,4.04,4.14,7259221.0,29791348.0,4.16,-0.48076923076924016,10.0,4.58,False,False,True,75.06294789850861
561,600859.SH,王府井,0.14035087719298234,34.111111111111114,1.5902793281160126,1.6192678028727308,1.2335865826392576,0.9252651393966277,1123828064.0,10.17,10.2,9.9,10.08,16837777.0,168497929.0,10.12,-0.39525691699603405,10.0,11.13,False,False,True,75.05907418167732
562,002540.SZ,亚太科技,0.1836734693877553,28.31858407079646,1.8720976964879177,1.4225752075773295,1.0213526579990362,0.7702972498455438,858201358.0,5.13,5.18,5.07,5.09,9404220.0,48128181.0,5.15,-1.1650485436893288,10.0,5.67,False,False,True,75.03583188068951
563,002146.SZ,荣盛发展,0.12389380530973441,38.38383838383839,1.638014444068115,2.2986703423691903,0.9031778031053761,0.6635695083695345,3910681351.0,1.12,1.13,1.1,1.11,59650700.0,66111181.0,1.13,-1.7699115044247593,10.0,1.24,False,False,True,75.0232423009878
564,600866.SH,星湖科技,0.12342569269521404,39.59390862944163,1.4188699507461044,1.901168441931997,1.1024686716853074,0.7743812755866153,1661472616.0,4.42,4.46,4.38,4.43,19262237.0,85198932.0,4.43,0.0,10.0,4.87,False,False,True,75.02227387177997
565,605507.SH,国邦医药,0.15895061728395052,17.782426778242687,2.119417989769271,1.006656171402951,1.9146986896442069,2.011085943728441,782352899.9999999,15.4,16.29,15.35,16.2,15838516.0,253103866.0,15.37,5.4001301236174415,10.0,16.91,False,False,True,75.01646329653303
566,002749.SZ,国光股份,0.16572504708097907,32.042723631508686,1.6578647221766911,0.8868897744322594,1.8081431580145935,0.6273298205492215,544316897.0,8.38,8.41,8.25,8.36,3028429.0,25910870.0,8.37,-0.11947431302269385,10.0,9.21,False,False,True,75.01258957970173
567,301318.SZ,维海德,0.13743815283122596,37.98365122615803,1.7929409915048784,1.4559555815481986,1.0735728885825546,0.6869801234610899,93180195.0,20.86,20.87,20.22,20.66,932000.0,19067274.0,20.85,-0.9112709832134303,20.0,25.02,False,False,True,74.98547356188263
568,002508.SZ,老板电器,0.17820512820512804,28.04270462633449,1.709887332053862,1.023313568880133,1.515087339021558,1.2834065687292275,933596787.0,15.4,15.44,15.0,15.25,12261182.0,186161859.0,15.44,-1.2305699481865218,10.0,16.98,False,False,True,74.97772612822003
569,601166.SH,兴业银行,0.3688969258589512,16.180048661800495,1.231878263179245,0.5414966797355735,1.3001716226999058,0.5519612618576115,21162859513.0,18.44,18.47,18.23,18.34,63252653.0,1159989869.0,18.48,-0.7575757575757569,10.0,20.33,False,False,True,74.96223126089482
570,000888.SZ,峨眉山Ａ,0.17593984962406012,30.399061032863848,1.5329097111568912,1.7667753401204997,1.0487677582268071,0.9106075187734896,526913102.0,9.66,9.7,9.49,9.64,8477183.0,81211830.0,9.69,-0.5159958720330149,10.0,10.66,False,False,True,74.93898895990702
571,000548.SZ,湖南投资,0.20289855072463744,35.51637279596977,1.496624479096046,1.4565158674431435,0.9117905914052149,0.6368452340634899,499215811.00000006,4.39,4.39,4.26,4.34,4630602.0,19988752.0,4.39,-1.1389521640091105,10.0,4.83,False,False,True,74.93898895990702
572,688065.SH,凯赛生物,0.2210994341147938,31.475326003579653,1.8851307395481431,0.8863746754786527,0.9697368502483081,2.3031008127922887,583378039.0,44.58,49.6,44.33,48.95,11909139.0,560980761.0,44.58,9.802602063705713,20.0,53.5,False,False,True,74.8905674995158
573,600196.SH,复星医药,0.18838174273858946,20.790629575402654,1.6036697341281347,1.3838575216463498,1.5184111987231552,1.592805741474363,2118488825.0,22.76,23.76,22.64,23.75,46696074.0,1089684493.0,22.76,4.349736379613356,10.0,25.04,False,False,True,74.86538834011233
574,002386.SZ,天原股份,0.39682539682539675,22.40740740740741,1.4964787627148055,1.4031120210526715,0.5514398615171059,1.0339898760242088,1301385155.0,5.99,6.06,5.9,5.92,18880543.0,112644375.0,5.92,0.0,10.0,6.51,False,False,True,74.85957776486538
575,002032.SZ,苏 泊 尔,0.2376760563380278,23.582707740098364,1.7724458595049932,0.31617026118689756,1.4593674979354665,0.7875394188524999,799557283.0,41.08,41.41,40.85,41.11,1990870.0,81621942.0,41.33,-0.5323009920154775,10.0,45.46,False,False,True,74.84408289754019
576,000963.SZ,华东医药,0.10751617720258834,27.481217872676964,1.9978647349904564,1.4633600957840598,1.9298507419457755,1.6268500838919964,1753013098.0,27.38,28.7,27.26,28.6,41733413.0,1191543807.0,27.45,4.189435336976333,10.0,30.2,False,False,True,74.83246174704628
577,603599.SH,广信股份,0.18523676880222842,34.98349834983499,1.759037008808977,1.4967337607090305,0.8994055502310979,0.7810184217348101,910269345.0,10.39,10.49,10.26,10.47,10640836.0,110410312.0,10.42,0.4798464491362786,10.0,11.46,False,False,True,74.7975982955646
578,000931.SZ,中 关 村,0.17010309278350516,22.606382978723417,2.2376392623418724,1.346811259613685,1.0572994630690227,0.7992877631835719,751029532.0,4.07,4.14,4.05,4.14,8084756.0,33191151.0,4.09,1.2224938875305513,10.0,4.5,False,False,True,74.7743559945768
579,300425.SZ,中建环能,0.15151515151515146,33.606557377049164,1.6181797319999913,1.5262346137641924,1.2176407736006964,1.0665214146273516,680738380.9999999,3.96,4.0,3.88,3.95,11080800.0,43600563.0,3.96,-0.2525252525252486,20.0,4.75,False,False,True,74.7743559945768
580,002381.SZ,双箭股份,0.19262295081967237,33.12883435582823,1.725737873123465,1.554953598539245,0.8979641970105894,0.8338521277263591,322026500.0,5.32,5.37,5.22,5.33,4175400.0,22076908.0,5.36,-0.5597014925373234,10.0,5.9,False,False,True,74.75111369358899
581,688236.SH,春立医疗,0.09045539613225209,34.858886346300544,2.381767642337207,0.9374531598873849,1.358450432146494,0.9298261822078175,288428000.0,14.72,15.15,14.45,15.12,2514136.0,37159035.0,14.56,3.8461538461538325,20.0,17.47,False,False,True,74.74917683517336
582,603237.SH,五芳斋,0.30539772727272735,33.750000000000014,1.6797794207784864,0.6966708896597334,0.8197199513001907,0.6661833781834725,189806926.0,14.16,14.16,13.9,14.06,880914.0,12338206.0,14.15,-0.636042402826853,10.0,15.57,False,False,True,74.7433662599264
583,000709.SZ,河钢股份,0.3375000000000001,24.064171122994637,1.4191106555049653,0.938443987186891,1.0060595489986357,0.7282304939937957,10335412398.0,2.13,2.14,2.1,2.13,70632573.0,149793038.0,2.14,-0.4672897196261738,10.0,2.35,False,False,True,74.71818710052295
584,000008.SZ,神州高铁,0.1888111888111888,32.258064516129046,1.9598596287063714,1.36622423305653,0.8961751966663788,0.7274488695273368,2716296952.0,2.44,2.44,2.38,2.42,26996142.0,64874517.0,2.44,-0.8196721311475419,10.0,2.68,False,False,True,74.6813867906256
585,600871.SH,石化油服,0.09836065573770501,33.33333333333335,2.2407901548103224,1.423030709688317,1.1896529559253963,0.4850550642809896,13547012351.0,2.24,2.26,2.19,2.21,93508016.0,207013251.0,2.22,-0.45045045045045695,10.0,2.44,False,False,True,74.6658919233004
586,000528.SZ,柳    工,0.20270270270270285,29.604365620736694,1.5287010149109381,1.630292080450247,1.0052364450904618,0.7428605836413374,2035002777.0,8.38,8.41,8.3,8.36,24643903.0,205529456.0,8.38,-0.23866348448688957,10.0,9.22,False,False,True,74.64458648072826
587,601766.SH,中国中车,0.26962457337883955,23.904382470119522,1.5459071299336218,0.8703269584129311,1.186851958047824,0.6811693086324158,24327798048.0,5.79,5.81,5.71,5.76,144224921.0,847165116.0,5.81,-0.8605851979345935,10.0,6.39,False,False,True,74.62521789657177
588,002007.SZ,华兰生物,0.2564102564102562,19.11262798634812,1.4407992294316527,0.9233721926492598,1.452178093384339,1.0759222910874922,1573543054.0000002,13.16,13.47,13.05,13.43,15632784.0,207858676.0,13.12,2.3628048780487854,10.0,14.43,False,False,True,74.62328103815611
589,000731.SZ,四川美丰,0.20718232044198895,33.00395256916997,1.2964899144171818,1.8260378473391978,0.9000529832882833,0.5181557448943904,548825900.0,5.8,5.8,5.63,5.72,5192837.0,29604613.0,5.81,-1.5490533562822706,10.0,6.39,False,False,True,74.62328103815611
590,300859.SZ,西域旅游,0.0983275663206459,33.02364864864864,2.259008010807264,2.1618372903225755,0.8900651362836353,0.9894567577793298,155000000.0,27.09,27.63,26.58,27.49,3315519.0,89907461.0,27.09,1.4765596160944972,20.0,32.51,False,False,True,74.62134417974048
591,603587.SH,地素时尚,0.3893805309734513,26.476377952755904,1.221499008606425,0.4518318505280951,1.087212429056141,0.8848959422760818,472702787.0,11.5,11.55,11.27,11.38,1889980.0,21491662.0,11.48,-0.8710801393728151,10.0,12.63,False,False,True,74.60197559558397
592,601668.SH,中国建筑,0.36986301369863017,18.114143920595517,0.9494666197582126,0.7002404657626187,1.3334243129766337,0.6519058394387893,41320390444.0,4.57,4.57,4.51,4.52,188623801.0,854371536.0,4.57,-1.0940919037199293,10.0,5.03,False,False,True,74.59422816192136
593,603027.SH,千禾味业,0.1949541284403669,24.96263079222718,1.7019439287204208,1.3781452465540616,1.224941680607894,1.179083194274005,1330738612.0000002,7.52,7.53,7.32,7.47,21563000.0,159727500.0,7.54,-0.9283819628647216,10.0,8.29,False,False,True,74.55355413519271
594,601288.SH,农业银行,0.274131274131274,22.79792746113991,1.668935381570386,0.1543396939605475,1.3882274311933587,0.8053030845662259,319244210777.0,6.46,6.51,6.41,6.47,396789369.0,2560126247.0,6.5,-0.4615384615384688,10.0,7.15,False,False,True,74.48576409064498
595,600057.SH,厦门象屿,0.2671957671957672,26.02996254681649,1.418426672110169,1.002230159298757,1.150085388149339,0.8960274615283449,2092510164.0,6.29,6.34,6.22,6.24,18791280.0,117749639.0,6.35,-1.7322834645669194,10.0,6.99,False,False,True,74.47801665698238
596,000919.SZ,金陵药业,0.1687657430730478,22.751322751322746,1.4389453893624848,2.174652765148118,1.2184263066824836,1.1908545306909202,621717978.0,6.31,6.45,6.28,6.45,16100600.0,102824115.0,6.34,1.7350157728706739,10.0,6.97,False,False,True,74.47801665698236
597,002911.SZ,佛燃能源,0.2300123001230011,31.939978563772776,1.7623265930521348,0.668520110944954,1.1138911715774826,0.7032499400840256,1267038001.0,11.22,11.24,10.91,10.95,5956811.0,65705457.0,11.2,-2.2321428571428603,10.0,12.32,False,False,True,74.43927948866938
598,300439.SZ,美康生物,0.19907407407407393,30.77905491698596,1.6366353810795182,1.3165452733747571,1.1048482969469922,2.8628155942558857,292332051.0,8.71,9.27,8.64,9.25,11018072.0,99726280.0,8.69,6.444188722669741,20.0,10.43,False,False,True,74.43153205500677
599,600761.SH,安徽合力,0.20227560050568874,27.341772151898724,1.9363195687948296,1.4650021894586784,0.9372991321915194,0.8550180459217661,890692761.0,17.45,17.58,17.18,17.23,11156847.0,192801377.0,17.4,-0.9770114942528663,10.0,19.14,False,False,True,74.41410032926593
600,600713.SH,南京医药,0.24571428571428555,18.599562363238498,1.3124542964733703,1.278541842637811,1.3565714956504435,1.115463899646397,1289813712.0,4.98,5.09,4.96,5.09,18394901.0,94231183.0,5.0,1.8000000000000016,10.0,5.5,False,False,True,74.35793143521208
601,002818.SZ,富森美,0.3100000000000005,14.215686274509821,0.96569290407935,1.3957370982219706,1.170123904189527,0.7189954955019857,298357191.0,10.83,10.85,10.69,10.73,2994100.0,32103805.0,10.82,-0.8317929759704246,10.0,11.9,False,False,True,74.35599457679643
602,000002.SZ,万  科Ａ,0.08755760368663593,39.93055555555558,1.9363510966053443,1.539350415475351,1.1828132481022888,1.070582661877943,9715113154.0,3.25,3.27,3.15,3.22,160105246.0,511497880.0,3.26,-1.2269938650306678,10.0,3.59,False,False,True,74.35018400154948
603,301311.SZ,昆船智能,0.14119601328903647,39.50617283950617,1.8805023303084991,1.145537812499996,1.1464353758630195,1.3057549478897421,240000000.0,13.65,13.78,13.31,13.56,3589900.0,48348148.0,13.85,-2.093862815884473,20.0,16.62,False,False,True,74.30176254115824
604,301339.SZ,通行宝,0.17892156862745087,30.57517658930373,1.6817553771278466,1.0847943576693535,1.4332681875012754,1.6947632751515462,569800000.0,11.38,11.81,11.09,11.7,10475600.0,119685957.0,11.37,2.902374670184704,20.0,13.64,False,False,True,74.28239395700174
605,603195.SH,公牛集团,0.38288288288288286,17.711470024637286,1.2737496771589123,0.2914537664277645,1.370641387192633,0.7491114462713964,1800163354.9999998,40.8,40.9,40.06,40.69,3930321.0,159271271.0,40.78,-0.2206964198136374,10.0,44.86,False,False,True,74.26689908967654
606,600587.SH,新华医疗,0.2063953488372093,20.973451327433622,1.4683971833136626,1.4330082688998116,1.4384841112610924,0.8033677513316325,606644549.0,12.73,12.81,12.55,12.79,6983890.0,88559836.0,12.72,0.5503144654087855,10.0,13.99,False,False,True,74.26302537284526
607,301332.SZ,德尔玛,0.20967741935483875,28.376534788540255,1.6265132592773661,1.1702141638294803,1.2162190639871266,2.2846781651253,264840240.0,8.21,8.22,7.85,7.97,7080670.0,56495758.0,8.24,-3.2766990291262177,20.0,9.89,False,False,True,74.2107301956227
608,600738.SH,丽尚国潮,0.2028301886792453,28.611898016997173,1.7126491551906249,1.409115411775176,1.0807616144294812,0.9182953630249798,760666196.0,3.94,3.95,3.83,3.9,9842900.0,38313145.0,3.96,-1.5151515151515138,10.0,4.36,False,False,True,74.1991090451288
609,301109.SZ,军信股份,0.23497267759562826,31.762794476035737,1.338150286631729,1.6997995528441758,0.8841881311593143,0.6555092316996849,624288808.0,13.62,13.73,13.42,13.55,3584899.0,48509056.0,13.6,-0.367647058823517,20.0,16.32,False,False,True,74.18748789463491
610,300070.SZ,碧水源,0.22155688622754477,23.566878980891715,1.458093470604358,1.320660019912013,1.3126805659191645,0.7215844987405575,3477748047.0,3.5,3.52,3.45,3.5,33141819.0,115143874.0,3.51,-0.2849002849002802,20.0,4.21,False,False,True,74.17392988572536
611,600486.SH,扬农化工,0.16102538576406172,36.74312874560859,1.8264713238994166,1.4437058278639563,1.0230235317655776,0.8493443028811758,404111938.0,54.86,55.99,54.16,55.13,4955234.0,273504941.0,54.86,0.4921618665694627,10.0,60.35,False,False,True,74.10420298276196
612,600648.SH,外高桥,0.3945945945945947,27.763157894736867,1.2129825673818537,0.264716442761659,1.114076849937127,0.8379014591651335,1137770691.0,9.06,9.06,8.87,9.04,2523647.0,22582580.0,9.06,-0.22075055187639192,10.0,9.97,False,False,True,74.09645554909936
613,601949.SH,中国出版,0.2695652173913045,27.516778523489947,1.7266224332193736,0.6669446172335778,1.1163727565190362,1.1240070407383878,1903968054.0,5.37,5.39,5.18,5.28,14273105.0,74945977.0,5.4,-2.2222222222222254,10.0,5.94,False,False,True,74.07902382335853
614,601139.SH,深圳燃气,0.4,21.311475409836067,1.1604387013484518,0.9675451099461619,1.06157274003219,0.7151283254698065,2876744454.9999995,6.44,6.47,6.31,6.34,19904739.0,126803388.0,6.41,-1.092043681747279,10.0,7.05,False,False,True,74.05384466395508
615,002373.SZ,千方科技,0.16400580551523947,31.39534883720929,1.7387210522534606,1.733517728428521,1.082007581897407,1.0003654226813077,1377594126.0,7.99,8.04,7.74,7.83,23889565.0,186952408.0,8.01,-2.2471910112359494,10.0,8.81,False,False,True,74.05190780553941
616,300595.SZ,欧普康视,0.10294117647058827,36.31010794896958,1.818564404787735,1.772265709307873,1.2613480327847124,1.2005500669449058,668494760.0,11.13,11.39,10.98,11.38,14223521.0,158765978.0,11.17,1.8800358102059267,20.0,13.4,False,False,True,74.04222351346115
617,000090.SZ,天健集团,0.2499999999999999,34.576271186440664,1.5832762354343572,1.0410885722529986,0.9468219663528461,0.6427870900775224,1868459934.0,3.4,3.4,3.32,3.37,12503702.0,41961294.0,3.42,-1.4619883040935644,10.0,3.76,False,False,True,73.94344373426303
618,600250.SH,南京商旅,0.11382113821138207,38.55421686746987,1.8313525875898928,2.4429763421503696,0.8856177600584121,0.7608140895278627,312791404.0,8.45,8.47,8.19,8.35,5813700.0,48270885.0,8.45,-1.1834319526627168,10.0,9.3,False,False,True,73.90470656595002
619,603697.SH,有友食品,0.13986013986013998,32.987312572087646,2.195258945971797,1.582212164228476,0.9889076130801552,0.7771987288185936,427692098.0,9.45,9.56,9.26,9.5,5259301.0,50890884.0,9.47,0.31678986272438703,10.0,10.42,False,False,True,73.81561107883013
620,600320.SH,振华重工,0.19411764705882356,37.98449612403101,1.6430333450994112,1.2783967248920614,0.9833392090381511,0.8762115459964168,3310205899.0,4.2,4.22,4.13,4.17,37079138.0,154374964.0,4.2,-0.7142857142857229,10.0,4.62,False,False,True,73.81173736199884
621,603102.SH,百合股份,0.17039504997620175,35.22727272727273,1.882128244125063,1.1040994531250001,1.1508697195887236,3.034407353900481,64000000.0,33.41,36.85,32.77,36.85,2144184.0,77628320.0,33.5,10.000000000000009,10.0,36.85,True,False,True,73.76525276002324
622,002299.SZ,圣农发展,0.36639676113360287,28.744939271255056,1.2766447231307096,0.8872685206293144,0.9877085448867085,0.5188373409929403,1218599736.0,16.53,16.64,16.41,16.51,5609800.0,92548341.0,16.63,-0.7215874924834442,10.0,18.29,False,False,True,73.73619988378849
623,300206.SZ,理邦仪器,0.22058823529411786,36.421435059037236,1.601864889559216,1.6779057712897012,0.7389891058889373,0.8915311996810675,338379565.0,12.2,12.41,12.04,12.37,5061838.0,61786255.0,12.21,1.310401310401299,20.0,14.65,False,False,True,73.6819678481503
624,002991.SZ,甘源食品,0.16741162129215756,26.963906581740993,1.6123649189783245,1.9136544761968945,1.2264470192619308,0.9431069952172478,49933706.0,41.79,41.79,40.89,41.75,901194.0,37853987.0,41.8,-0.11961722488037507,10.0,45.98,False,False,True,73.66453612240946
625,000913.SZ,钱江摩托,0.21580928481806783,23.42342342342343,1.8434094891670914,1.2187213899640046,1.1870297862219878,0.7404193531585286,520102675.0,11.65,11.7,11.38,11.48,4693224.0,53981320.0,11.71,-1.964133219470543,10.0,12.88,False,False,True,73.64129382142166
626,688349.SH,三一重能,0.16896831844029248,38.906009244992305,1.9742934389903681,0.6209119569383469,1.192706816077851,0.6728352765302592,1566188095.0,15.05,15.07,14.79,14.96,6543087.0,97602167.0,15.06,-0.6640106241699861,20.0,18.07,False,False,True,73.63160952934341
627,002644.SZ,佛慈制药,0.26605504587155965,23.22775263951735,1.5112690485282982,1.1227259295378262,1.205724135392898,1.3498733634701912,510657000.0,7.78,8.06,7.74,8.04,7739200.0,61415678.0,7.79,3.2092426187419587,10.0,8.57,False,False,True,73.57737749370521
628,601828.SH,美凯龙,0.15966386554621845,36.63366336633662,1.7639789919167324,1.0192948643004045,1.402817053640497,0.9036354645207445,3612402239.0,2.21,2.23,2.17,2.22,33272789.0,73073789.0,2.21,0.452488687782826,10.0,2.43,False,False,True,73.56091419717218
629,600157.SH,永泰能源,0.2898550724637683,25.16556291390728,1.337231126864052,2.1393445693974376,0.6860395647542142,0.7253713526597477,21817764145.0,1.6,1.61,1.58,1.6,338572267.0,538417588.0,1.61,-0.6211180124223614,10.0,1.77,False,False,True,73.52120859965136
630,600660.SH,福耀玻璃,0.3461697722567288,26.216505894962495,1.4480867767221295,0.7264481997473706,1.1074344879382245,0.8681238243508593,2002986332.0,55.16,55.35,54.15,54.37,12631773.0,701956008.0,55.01,-1.1634248318487583,10.0,60.51,False,False,True,73.47859771450707
631,603309.SH,维力医疗,0.15530303030303033,31.62790697674418,1.6044241748376753,1.8766410008670278,1.213749163070673,1.1352629315186842,291871418.0,11.49,11.61,11.4,11.59,6218265.0,71690566.0,11.57,0.17286084701815252,10.0,12.73,False,False,True,73.45148169668798
632,300009.SZ,安科生物,0.1600753295668549,21.36054421768707,1.6468011276119197,1.9850047467437908,1.5102186026368571,1.478186031954411,1230879578.0,8.19,8.57,8.13,8.55,36116546.0,302489411.0,8.2,4.268292682926855,20.0,9.84,False,False,True,73.42436567886888
633,002507.SZ,涪陵榨菜,0.3228070175438595,16.116870876531575,1.1556906103764866,1.1934307190122189,1.278619160644752,1.0287365551623384,1153718438.0,11.54,11.56,11.36,11.46,14164499.0,162029209.0,11.53,-0.607111882046818,10.0,12.68,False,False,True,73.41080766995933
634,688029.SH,南微医学,0.15008828722778086,29.482496194824947,2.2166589324108097,1.128278486568739,1.2986104886113432,1.3636928643555035,187847422.0,70.8,74.6,70.08,74.22,2890268.0,208123393.0,70.8,4.830508474576267,20.0,84.96,False,False,True,73.37400736006198
635,301102.SZ,兆讯传媒,0.24025974025974003,33.37306317044097,2.193944438419467,0.595812820197039,0.8805276358816277,1.512727542109807,406000000.0,9.87,9.97,9.54,9.95,3659288.0,35740320.0,9.87,0.8105369807497542,20.0,11.84,False,False,True,73.37207050164632
636,601333.SH,广深铁路,0.3661971830985919,14.28571428571428,0.8458092044980603,1.234316924431862,1.2351947675550883,0.7782424956026076,5652237000.0,2.99,3.0,2.96,2.96,54295269.0,161208427.0,2.99,-1.0033444816053616,10.0,3.29,False,False,True,73.35270191748982
637,000906.SZ,浙商中拓,0.27659574468085135,35.97560975609757,1.3548890085839165,1.043236755618416,0.9472030678381735,0.7642135350440425,703701505.0,5.43,5.44,5.36,5.42,5610300.0,30270804.0,5.44,-0.3676470588235392,10.0,5.98,False,False,True,73.30234359868294
638,000538.SZ,云南白药,0.37994722955145127,15.303197353913989,1.0973985202624903,0.7373548118746539,1.549858266646026,0.7200968458086412,1784132392.9999998,49.57,49.82,49.14,49.73,9473152.0,479324191.0,49.67,0.12079726192872897,10.0,54.64,False,False,True,73.29653302343598
639,603787.SH,新日股份,0.1558282208588957,32.386363636363626,1.9377912578568828,1.6965741287218692,1.0589211618257262,1.017707500973221,230143790.0,10.0,10.07,9.88,10.02,3973700.0,39615916.0,10.07,-0.49652432969216065,10.0,11.08,False,False,True,73.28684873135774
640,600657.SH,信达地产,0.17272727272727267,39.73214285714284,2.0028953907088867,0.8391596241844889,1.0668853994914422,0.8788742576581231,2851878595.0,2.61,2.62,2.52,2.57,21033055.0,53768244.0,2.62,-1.9083969465648942,10.0,2.88,False,False,True,73.28491187294209
641,600642.SH,申能股份,0.36024844720496874,29.80049875311721,1.4496406569145217,0.605208129241455,1.0500589763421544,0.6009166450986635,4893813156.0,8.34,8.36,8.25,8.34,17797802.0,147779564.0,8.35,-0.11976047904190823,10.0,9.19,False,False,True,73.2500484214604
642,600782.SH,新钢股份,0.22905027932960875,25.311203319502074,1.7108266610111749,1.5770839415849165,1.026534008477493,0.9244266674818856,3145652149.0,2.82,2.82,2.75,2.78,45860414.0,127346955.0,2.82,-1.4184397163120588,10.0,3.1,False,False,True,73.21905868681
643,300636.SZ,同和药业,0.22054380664652556,23.731587561374788,1.6265154600457308,1.8173925746161417,1.0419043485169086,1.2832460313616583,367310277.0,6.85,6.96,6.75,6.94,8566270.0,58924886.0,6.84,1.4619883040935644,20.0,8.21,False,False,True,73.11640519078055
644,600848.SH,上海临港,0.23695976154992532,32.48945147679325,1.8812990095472077,0.4923235463942105,1.1456216773376788,0.6060805170373844,2393912273.0,8.64,8.73,8.59,8.66,7143140.0,61711159.0,8.7,-0.45977011494251485,10.0,9.57,False,False,True,73.11640519078055
645,002567.SZ,唐人神,0.2436548223350254,34.18530351437701,1.4304171923472038,1.3359800627746883,0.9820272070954458,0.6310389565640354,1431666421.0,3.59,3.63,3.56,3.61,12069742.0,43408768.0,3.61,0.0,10.0,3.97,False,False,True,73.102847181871
646,688289.SH,圣湘生物,0.2102957283680175,32.46268656716418,1.61006763967093,0.9691348874764212,1.3186811852569267,1.2473645610325947,579388006.0,15.23,15.77,15.18,15.71,7004016.0,108449343.0,15.32,2.5456919060052208,20.0,18.38,False,False,True,73.10091032345537
647,600479.SH,千金药业,0.3715596330275232,15.168539325842701,1.16976886288039,1.5283383221413602,1.0228384473885912,0.8909067660929204,418507117.0,9.73,9.85,9.66,9.85,5698422.0,55678100.0,9.71,1.441812564366618,10.0,10.68,False,False,True,73.07379430563626
648,600056.SH,中国医药,0.22222222222222193,25.421686746987948,1.326133669955517,1.3819521533251147,1.4713254069650046,1.0757721205593778,1495351478.0,9.16,9.42,9.11,9.4,22230876.0,206865131.0,9.2,2.1739130434782705,10.0,10.12,False,False,True,73.01956226999805
649,600796.SH,钱江生化,0.19927536231884052,34.59821428571428,1.5634105516095993,2.108512395883095,0.8296897565013295,0.8751284858909103,311477889.0,5.02,5.08,4.94,5.04,5747450.0,28823893.0,5.03,0.1988071570576455,10.0,5.53,False,False,True,73.01568855316675
650,601888.SH,中国中免,0.11616058691664972,24.608904933814692,2.1506535523614265,2.1205986076105203,1.2552982638517387,0.8033915338168408,1952475544.0,55.26,55.95,54.9,55.82,33263759.0,1843455845.0,55.56,0.4679625629949502,10.0,61.12,False,False,True,72.94208793337206
651,000425.SZ,徐工机械,0.16096579476861164,35.43307086614173,2.000035958973465,1.3328677520032242,1.0950042277231267,0.830200957622506,8998084894.0,8.37,8.43,8.26,8.3,99568136.0,827113525.0,8.42,-1.4251781472684022,10.0,9.26,False,False,True,72.9391826457486
652,000096.SZ,广聚能源,0.14976599063962556,36.255572065378885,1.6135064757461746,1.7082708653063092,1.2172711721643683,0.8782252739764332,510848000.0,7.69,7.74,7.52,7.7,7663980.0,59144945.0,7.69,0.13003901170349774,10.0,8.46,False,False,True,72.93627735812511
653,600739.SH,辽宁成大,0.23577235772357744,20.927835051546406,1.666777242696615,1.1532944855320426,1.438938312501516,0.9048298655967245,1522315928.0000002,10.59,10.75,10.49,10.74,15885904.0,170858795.0,10.57,1.6083254493850507,10.0,11.63,False,False,True,72.91497191555297
654,601500.SH,通用股份,0.2958579881656802,32.38636363636365,1.2557273241909006,0.957297793042396,1.0834859921256883,1.0546225551826933,1583000735.0,4.01,4.08,3.98,4.03,15981783.0,64384019.0,4.02,0.24875621890549926,10.0,4.42,False,False,True,72.90916134030601
655,001205.SZ,盛航股份,0.22342064714946058,25.432098765432087,1.4254261099488708,2.1313017094840148,0.9850117911597532,0.612025530599184,166484329.0,13.6,13.7,13.37,13.6,2171640.0,29373988.0,13.6,0.0,10.0,14.96,False,False,True,72.87623474723996
656,600429.SH,三元股份,0.1519756838905774,36.89567430025444,2.0758929333806124,1.1859702467262794,1.1397176186000404,0.7005400244265596,1497557426.0,4.44,4.45,4.3,4.38,12442001.0,54798281.0,4.43,-1.1286681715575564,10.0,4.87,False,False,True,72.84911872942088
657,300284.SZ,苏交科,0.12079207920792084,39.25619834710745,1.9431902160733934,1.289898679977935,1.3589618470237503,1.0710103467931205,1198281717.0,5.4,5.47,5.26,5.37,16554200.0,88844266.0,5.45,-1.4678899082568808,20.0,6.54,False,False,True,72.84330815417393
658,000798.SZ,中水渔业,0.13775510204081637,37.5,1.9201182672615396,2.082879195676775,0.9283931880623564,0.8403236075897244,365836212.0,8.1,8.13,7.92,8.07,6403204.0,51305418.0,8.15,-0.9815950920245453,10.0,8.97,False,False,True,72.80553941506875
659,688687.SH,凯因科技,0.07202881152460987,34.42847364818618,2.1231059643967916,2.0192695143922217,1.2067250645255905,1.96466446798662,170944422.0,16.45,17.6,16.32,17.56,6781685.0,116061864.0,16.41,7.007921998781219,20.0,19.69,False,False,True,72.77939182645748
660,600803.SH,新奥股份,0.3235638921453694,38.53524982888432,1.5045495670569375,0.3028769121549275,0.9512269697311903,0.637036331611446,3071726707.0,17.47,17.49,17.2,17.3,5926700.0,102792493.0,17.37,-0.4029936672423684,10.0,19.11,False,False,True,72.76777067596359
661,601098.SH,中南传媒,0.3843843843843847,20.775026910656646,1.0563018138340012,0.7400416675946495,1.439410764378582,1.0226129181682033,1796000000.0,10.55,10.56,10.29,10.43,13591700.0,141330603.0,10.57,-1.324503311258285,10.0,11.63,False,False,True,72.76777067596358
662,600997.SH,开滦股份,0.32758620689655155,29.067245119305852,1.813281385513477,0.8341861974390581,0.9218556800263585,1.2569376793139182,1587799851.0,5.5,5.51,5.3,5.41,16648400.0,90035941.0,5.56,-2.6978417266186994,10.0,6.12,False,False,True,72.73871779972885
663,002516.SZ,旷达科技,0.18534482758620713,37.42454728370221,1.7272493594263838,1.2020188943118655,1.129562647409559,0.7017599600714783,1460498682.0,5.39,5.4,5.32,5.38,12317969.0,66024831.0,5.4,-0.37037037037037646,10.0,5.94,False,False,True,72.67867518884368
664,601717.SH,中创智领,0.19768403639371387,36.89604685212298,1.587581577229137,1.3269597814237468,1.1000781572499787,0.6663928351162844,1542165730.0,16.02,16.09,15.78,15.82,13637009.0,216404433.0,16.05,-1.433021806853585,10.0,17.66,False,False,True,72.65736974627154
665,600597.SH,光明乳业,0.2852233676975945,21.83333333333333,1.3965688530963483,0.8953866756438399,1.6525823755199673,1.1321671138955485,1378455363.0,6.85,6.86,6.65,6.72,13973779.0,93774794.0,6.83,-1.6105417276720435,10.0,7.51,False,False,True,72.6515591710246
666,002701.SZ,奥瑞金,0.2928870292887029,25.845410628019327,1.1341806529607255,1.2622549558709775,1.213267588240806,0.7032703879135566,2557357434.0,4.84,4.87,4.79,4.84,22701829.0,109601262.0,4.84,0.0,10.0,5.32,False,False,True,72.61669571954292
667,002597.SZ,金禾实业,0.19070208728652735,34.14766558089033,2.1214204911594385,1.3803577168905203,0.89528127311617,1.0029699273693842,565976294.0,20.44,20.7,20.16,20.25,7835700.0,159413170.0,20.43,-0.8810572687224627,10.0,22.47,False,False,True,72.59151656013947
668,601128.SH,常熟银行,0.3629032258064517,13.715277777777768,0.8054195576871616,1.3607813879114286,1.2678850934775092,1.1440159273321049,3648179244.0,6.19,6.19,6.08,6.12,56793234.0,347984645.0,6.21,-1.449275362318836,10.0,6.83,False,False,True,72.54115824133257
669,601601.SH,中国太保,0.23199588477366262,26.76730486008836,1.7407969016161733,0.9204465029788439,1.4366347401934259,0.6234499401123988,6845041455.0,31.68,31.71,31.28,31.47,39280429.0,1235020324.0,31.67,-0.6315124723713428,10.0,34.84,False,False,True,72.50823164826652
670,600461.SH,洪城环境,0.35260115606936376,17.819460726846437,1.2550206053305135,1.0020197206258286,1.3463440115701317,0.6881702664257859,1284156812.0,8.91,8.96,8.88,8.9,8855034.0,78902766.0,8.93,-0.33594624860021627,10.0,9.82,False,False,True,72.50242107301956
671,600763.SH,通策医疗,0.1706449974606399,26.037503842606814,1.8182194629954254,2.028750578789509,1.1368928108138854,1.2220687614869754,447289117.0,35.78,36.65,35.55,36.62,11089517.0,401692656.0,35.89,2.033992755642222,10.0,39.48,False,False,True,72.49661049777261
672,002707.SZ,众信旅游,0.12026726057906459,33.04347826086958,1.910141063089381,2.2000833369129102,1.1489811796220775,0.7072970911166769,865278032.0,5.13,5.13,5.0,5.1,13464700.0,68193180.0,5.14,-0.7782101167315147,10.0,5.65,False,False,True,72.49661049777261
673,600927.SH,永安期货,0.26829268292682895,35.94276094276092,1.779708809491746,0.4613561174029336,1.0460118086192103,1.0141722783881497,1450444656.0,13.16,13.18,12.89,13.03,6786552.0,88065393.0,13.2,-1.2878787878787823,10.0,14.52,False,False,True,72.49467363935696
674,601696.SH,中银证券,0.18946047678795483,30.791505791505802,1.7866297488689842,1.5507569762418965,1.1188865455255488,0.6486125654586378,2778000000.0,11.84,11.97,11.73,11.97,27942248.0,332340879.0,11.87,0.8424599831508228,10.0,13.06,False,False,True,72.48111563044742
675,000886.SZ,海南高速,0.14549653579676675,39.24050632911391,1.5393591261518078,1.7938610350946227,1.1848900777019786,0.8518297759976547,977836898.0,4.57,4.58,4.45,4.53,14941976.0,67428472.0,4.58,-1.091703056768556,10.0,5.04,False,False,True,72.42688359480921
676,600694.SH,大商股份,0.3634361233480172,21.2798766383963,1.1302021714700827,1.1052016529391733,1.2320674164842742,1.1195059660870026,378793611.0,14.56,14.6,14.32,14.43,4686737.0,67497964.0,14.62,-1.2995896032831689,10.0,16.08,False,False,True,72.40364129382142
677,688505.SH,复旦张江,0.19266055045871558,25.22796352583587,1.8828780161654612,1.09451309022687,1.7834005665291046,1.712858580125185,710572100.0000001,7.41,7.92,7.39,7.9,13321423.0,102672301.0,7.42,6.4690026954177915,20.0,8.9,False,False,True,72.3126089482859
678,600502.SH,安徽建工,0.2259887005649715,26.190476190476186,1.557988178698897,1.7811764202939946,1.075571142495712,0.8527144816303647,1716533938.0,4.59,4.61,4.52,4.55,26071317.0,118548511.0,4.6,-1.0869565217391242,10.0,5.06,False,False,True,72.29711408096068
679,000407.SZ,胜利股份,0.22629969418960255,36.79775280898876,1.4928700393201777,1.79553500111509,0.8257724443387174,0.8008571764988018,875782212.0,4.06,4.07,4.0,4.04,12593460.0,50712880.0,4.07,-0.7371007371007376,10.0,4.48,False,False,True,72.25256633740074
680,601968.SH,宝钢包装,0.2857142857142858,33.33333333333333,1.5702847702906437,0.8928614746627077,1.054394796034545,0.582532967221424,1275779460.0,4.48,4.5,4.41,4.43,6635600.0,29898754.0,4.49,-1.3363028953229494,10.0,4.94,False,False,True,72.23513461165989
681,688389.SH,普门科技,0.2882011605415861,34.935897435897445,1.5533513759820619,0.6185702730403589,1.1125136546537895,1.1685225877592569,428485730.0,10.81,11.1,10.77,11.07,3097152.0,33890734.0,10.85,2.027649769585249,20.0,13.02,False,False,True,72.1615339918652
682,601375.SH,中原证券,0.3728813559322033,15.44715447154472,1.1139041872702293,1.3654729790231463,1.1966118918208828,0.7530803120906983,3447519699.9999995,4.13,4.14,4.07,4.1,35451218.0,145872263.0,4.13,-0.7263922518159882,10.0,4.54,False,False,True,72.14991284137129
683,600812.SH,华北制药,0.22033898305084734,25.790754257907533,1.4843774397874054,1.4214812814673157,1.4599954533753974,1.4677717425792087,1715730370.0,4.77,4.97,4.72,4.96,35797171.0,174244234.0,4.76,4.201680672268915,10.0,5.24,False,False,True,72.08212279682355
684,601801.SH,皖新传媒,0.38912133891213385,24.675324675324674,1.5225374547181663,0.6537398892318665,1.182165549739395,0.9705715587634238,1957931237.0,5.5,5.54,5.38,5.48,12423100.0,67838622.0,5.55,-1.2612612612612484,10.0,6.11,False,False,True,72.05888049583577
685,600406.SH,国电南瑞,0.33516988062442626,31.2793979303857,1.5967195915114856,0.9550668386008414,0.9656547924637741,0.6856349230204356,8008176162.0,24.14,24.19,23.91,24.12,52439714.0,1260410301.0,24.17,-0.20686801820438694,10.0,26.59,False,False,True,72.0182064691071
686,603658.SH,安图生物,0.2989851678376267,23.13697657913414,1.6491811678090422,0.6085521042728005,1.5390837863466418,1.0404402266975452,571424768.0,31.99,32.49,31.61,32.43,3618045.0,116199519.0,32.01,1.3120899718837897,10.0,35.21,False,False,True,72.00077474336626
687,002086.SZ,东方海洋,0.17543859649122812,30.573248407643305,1.8773715931026764,2.285698654726339,0.9128774102999229,1.0334395881189524,1580971270.0,1.87,1.89,1.82,1.88,37344620.0,69361216.0,1.87,0.53475935828875,10.0,2.06,False,False,True,71.94073213248112
688,300498.SZ,温氏股份,0.25062344139650894,30.84922010398614,1.7062779832926733,0.9815529342045439,1.1753767659941485,0.5746512009236127,5945879969.0,13.5,13.67,13.32,13.56,33537770.0,453931937.0,13.55,0.07380073800737907,20.0,16.26,False,False,True,71.90974239783073
689,600559.SH,老白干酒,0.16096324461343467,28.505106778087285,1.769776347020229,1.7458184447247234,1.4914776227404853,1.0788368086281899,914747444.0,12.0,12.08,11.75,12.04,17228840.0,205440255.0,12.04,0.0,10.0,13.24,False,False,True,71.89812124733682
690,002670.SZ,国盛证券,0.037721893491124245,21.719038817005544,2.488954571906144,2.0237900772581896,1.7000621587578246,0.765039237468341,1623350634.0000002,11.32,11.35,11.05,11.18,25133994.0,280193742.0,11.33,-1.3239187996469615,10.0,12.46,False,False,True,71.88650009684292
691,600918.SH,中泰证券,0.278225806451613,22.290388548057273,1.2670912640187577,1.1467463379597724,1.7011933969698356,0.5039388426857973,4562824063.0,5.57,5.58,5.5,5.56,26368105.0,145920479.0,5.58,-0.35842293906810374,10.0,6.14,False,False,True,71.88262638001162
692,002236.SZ,大华股份,0.2246777163904234,15.95607235142118,1.5648217337420876,1.9510548927547582,1.2574171630228164,0.728138650912494,2391139515.0,16.63,16.68,16.36,16.52,33969448.0,570503053.0,16.7,-1.0778443113772407,10.0,18.37,False,False,True,71.84776292852992
693,002408.SZ,齐翔腾达,0.20152091254752855,33.40707964601772,2.056861827001777,1.339643382763255,0.965802296264472,0.8019788562941044,2751089120.0,5.06,5.16,5.01,5.15,29556757.0,150560102.0,5.05,1.980198019801982,10.0,5.56,False,False,True,71.84582607011427
694,003006.SZ,百亚股份,0.09692548202188637,38.92885691446841,2.119090817420782,1.6245370260347565,1.2639273056219709,0.9417541679494634,428572965.0,14.37,14.4,13.9,14.18,6556800.0,92421721.0,14.37,-1.3221990257480831,10.0,15.81,False,False,True,71.78772031764477
695,603365.SH,水星家纺,0.28857479387514723,29.806451612903228,1.339594168912711,0.8874385420188926,1.3338711831237229,0.6994909081556921,261133700.0,17.9,17.93,17.45,17.68,1621001.0,28591643.0,17.95,-1.5041782729804942,10.0,19.75,False,False,True,71.78578345922914
696,002936.SZ,郑州银行,0.30000000000000016,14.634146341463406,1.1504625557303165,1.5194932327855584,1.3836837923068572,0.9533071390311144,7029435959.0,1.79,1.79,1.75,1.76,101824455.0,179695817.0,1.79,-1.6759776536312887,10.0,1.97,False,False,True,71.74317257408482
697,002368.SZ,太极股份,0.10526315789473682,37.51950078003119,2.2292129309381195,1.7864209755664335,1.0984700509143803,1.0443053736298087,621573946.0,14.77,14.8,14.1,14.46,11595891.0,166276482.0,14.76,-2.0325203252032464,10.0,16.24,False,False,True,71.69281425527794
698,002999.SZ,天禾股份,0.20792079207920786,37.18199608610566,1.8255954251456814,1.7968751298641557,0.771467668631654,0.8296376976146084,344711157.0,5.74,5.78,5.58,5.68,5138800.0,29072978.0,5.74,-1.0452961672474004,10.0,6.31,False,False,True,71.68506682161535
699,300387.SZ,富邦科技,0.17173913043478262,39.87538940809969,1.7841542054642225,2.0575945744386632,0.8307864205328274,0.8678918814366612,288956645.0,7.18,7.21,7.04,7.16,5160100.0,36779438.0,7.21,-0.6934812760055475,20.0,8.65,False,False,True,71.6792562463684
700,301335.SZ,天元宠物,0.12108337758895385,30.679405520169855,2.0371365414681804,2.1165205782928056,1.2457765801844625,0.7855882129696248,88390447.0,21.12,21.49,20.71,21.42,1469680.0,31052636.0,21.12,1.4204545454545414,20.0,25.34,False,False,True,71.67925624636838
701,002139.SZ,拓邦股份,0.16791979949874683,32.61851015801356,1.6193773864064567,2.047256974885689,1.1577620138082687,0.8375630318506212,1071089847.0,10.21,10.32,10.11,10.24,18366050.0,187154847.0,10.2,0.39215686274509665,10.0,11.22,False,False,True,71.64826651171799
702,000523.SZ,红棉股份,0.20418848167539272,39.99999999999999,1.6925635998260837,1.3265885250561404,1.006931689849219,0.9880591290654626,1794818054.0000002,2.89,2.92,2.82,2.88,23525540.0,67454421.0,2.89,-0.34602076124568004,10.0,3.18,False,False,True,71.5630447414294
703,605300.SH,佳禾食品,0.23025210084033604,35.66265060240963,1.5268419462640401,0.8940157775179005,1.337544603119284,0.6032155685298118,454398597.0,9.68,9.73,9.48,9.71,2450500.0,23534203.0,9.67,0.4136504653567741,10.0,10.64,False,False,True,71.51074956420686
704,600600.SH,青岛啤酒,0.2774841437632135,25.212171393086315,1.3718996548095361,1.167309260324152,1.4261578917716526,0.6326903071348577,709125943.0,53.6,53.75,53.03,53.6,5237216.0,279577269.0,53.56,0.07468259895444529,10.0,58.92,False,False,True,71.45264381173736
705,600731.SH,湖南海利,0.2199413489736071,29.4234592445328,1.8881349133216738,1.623753974109541,0.9803057444657565,0.6016214618733302,541682665.0,5.78,5.78,5.67,5.73,5291618.0,30245055.0,5.78,-0.865051903114189,10.0,6.36,False,False,True,71.41778036025566
706,301613.SZ,新铝时代,0.11897106109324752,37.228571428571435,2.463766028897352,1.6882410579666294,0.9860657172801549,3.03883645322235,83901247.0,38.9,41.16,38.69,40.39,4304376.0,173281355.0,38.33,5.374380380902699,20.0,46.0,False,False,True,71.32093743947318
707,002027.SZ,分众传媒,0.18085106382978716,30.83900226757368,1.90432950384874,1.345222201852268,1.3494594314784927,0.8058612681300721,14442199726.0,5.05,5.1,5.0,5.09,156562467.0,798955322.0,5.09,0.0,10.0,5.6,False,False,True,71.31900058105752
708,688232.SH,新点软件,0.14853556485355646,39.13043478260869,1.977361274321583,1.139436361305624,1.3589099694939915,1.050072589531609,321981975.0,19.14,19.46,18.74,19.25,3852485.0,73393624.0,19.4,-0.773195876288657,20.0,23.28,False,False,True,71.29769513848538
709,002398.SZ,垒知集团,0.13753581661891118,37.22222222222222,1.9268951958130671,2.200156113839295,1.0105620013667433,2.661838426381464,599740551.0,4.07,4.32,3.93,4.09,35123566.0,144171721.0,4.08,0.2450980392156854,10.0,4.49,False,False,True,71.29575828006972
710,000932.SZ,华菱钢铁,0.15680473372781062,36.95652173913042,1.7209220629180932,1.623157589364102,1.3023579933464422,0.6459000429265768,6852609160.0,3.75,3.76,3.69,3.73,71842587.0,267195729.0,3.75,-0.5333333333333301,10.0,4.13,False,False,True,71.28220027116018
711,600507.SH,方大特钢,0.14641744548286598,35.1421188630491,1.9203088869569076,1.61195819895114,1.3047491137926288,0.6199093922639102,2313187890.0,4.33,4.4,4.29,4.37,23114947.0,100708838.0,4.34,0.691244239631339,10.0,4.77,False,False,True,71.22409451869069
712,002349.SZ,精华制药,0.2851063829787234,22.036727879799646,1.4863542523731303,1.6040629633629226,1.1355512042431093,1.3824988814679453,814180908.0,6.66,6.87,6.63,6.87,18055400.0,122511623.0,6.66,3.153153153153143,10.0,7.33,False,False,True,71.19116792562464
713,300239.SZ,东宝生物,0.16666666666666655,28.923766816143505,2.049063399498399,1.9291960877790344,1.0843529576134305,0.7654607461054228,589777015.0,4.84,4.96,4.77,4.95,8709378.0,42493961.0,4.85,2.0618556701031077,20.0,5.82,False,False,True,71.18148363354639
714,600688.SH,上海石化,0.19531249999999997,38.80597014925373,1.6948290723975443,1.236132450361844,1.1646851144288024,0.7348761638068911,7328813500.0,2.85,2.88,2.83,2.87,66575255.0,190159668.0,2.86,0.34965034965035446,10.0,3.15,False,False,True,71.17373619988378
715,002761.SZ,浙江建投,0.23118279569892483,36.150234741784026,1.602960607019717,1.1524548034620627,1.1533014074995722,0.930154292801562,1081789109.0,7.22,7.27,7.07,7.13,11596355.0,82663529.0,7.25,-1.6551724137931045,10.0,7.98,False,False,True,71.0768932791013
716,300314.SZ,戴维医疗,0.1334922526817639,30.708661417322823,2.0117821773129663,2.475779254707377,1.0933250024385917,1.4471772505793128,143741448.0,10.02,10.25,9.91,10.16,5150100.0,52104662.0,10.01,1.4985014985015033,20.0,12.01,False,False,True,71.01007166376138
717,300452.SZ,山河药辅,0.20892857142857144,22.751798561151084,1.6368164205211104,2.466766334883261,1.058311817641539,1.112798811730503,198629687.0,12.23,12.6,12.21,12.59,5452414.0,67721895.0,12.29,2.4410089503661636,20.0,14.75,False,False,True,70.9645554909936
718,603205.SH,健尔康,0.130327868852459,36.17782319877363,1.5787796198019886,2.3264339622641454,1.3339266841426374,1.5414852001740995,41340000.0,21.27,22.08,20.88,21.76,1482520.0,31855135.0,21.16,2.835538752362954,10.0,23.28,False,False,True,70.93937633159015
719,000507.SZ,珠海港,0.32575757575757613,19.56043956043958,1.3672089600161903,1.6859151928274074,1.0947325265488057,0.5106033858032031,902354455.0,4.99,5.01,4.95,4.98,7767774.0,38609262.0,4.98,0.0,10.0,5.48,False,False,True,70.93550261475887
720,688271.SH,联影医疗,0.22326399062408456,36.34842622607968,1.7236742916478303,0.8856188930125322,1.2805751825511624,0.8569547446187722,824157988.0,110.87,112.44,109.9,112.41,6254826.0,695636883.0,110.87,1.3890141607287632,20.0,133.04,False,False,True,70.91613403060236
721,301103.SZ,何氏眼科,0.16476683937823836,33.03448275862068,1.9658489030682365,1.7584948309026633,1.1511630729387552,1.0867162288871044,121633616.0,16.03,16.47,15.87,16.44,2324400.0,37629525.0,16.09,2.1752641392169147,20.0,19.31,False,False,True,70.68177416230874
722,600975.SH,新五丰,0.27272727272727254,36.038186157517885,1.2811037405495374,1.1794125184627913,1.1363375681155856,0.6668717055619752,1249661740.0,4.96,4.96,4.85,4.93,9828800.0,48195857.0,4.97,-0.8048289738430636,10.0,5.47,False,False,True,70.65465814448964
723,300841.SZ,康华生物,0.06392156862745094,35.05081541006854,2.2816417777751394,2.0700301756933643,1.2793335448063547,1.6069104829638143,121575334.0,45.46,48.31,45.3,48.29,4044025.0,190464609.0,45.57,5.968839148562655,20.0,54.68,False,False,True,70.6101104009297
724,603589.SH,口子窖,0.13823019086176985,32.95389869095049,2.140619640934581,1.3959673511515396,1.7316276232842358,1.1405403993774492,598119472.0,19.96,20.17,19.51,20.12,9523002.0,189008084.0,19.96,0.8016032064128265,10.0,21.96,False,False,True,70.60042610885144
725,600329.SH,达仁堂,0.3270882123341137,27.478580171358622,1.6540223821440392,0.8383758661130591,1.2496435984531182,0.6508574912065087,567089356.0,36.88,37.3,36.54,37.18,3094398.0,114464446.0,36.87,0.840791971792787,10.0,40.56,False,False,True,70.55006779004455
726,301508.SZ,中机认检,0.1915194346289753,34.460694698354665,1.596933958008981,2.4074182818799184,0.9458818788109883,2.0770118287895714,58836400.0,24.1,24.42,23.47,23.74,2941959.0,69752102.0,24.59,-3.4566897112647488,20.0,29.51,False,False,True,70.55006779004455
727,002330.SZ,得利斯,0.16877637130801687,36.15160349854227,1.9543580027160967,1.8868626187170012,0.9933393531433024,0.647739062404634,635054340.0,3.85,3.85,3.73,3.82,7761600.0,29379788.0,3.83,-0.26109660574412663,10.0,4.21,False,False,True,70.54038349796629
728,600318.SH,新力金融,0.14901256732495516,35.92400690846287,1.8313602657129109,2.48707366331292,1.0041616370969044,0.8476421723644166,512727632.0,6.62,6.62,6.4,6.51,10809060.0,70088981.0,6.62,-1.6616314199395799,10.0,7.28,False,False,True,70.52682548905675
729,300194.SZ,福安药业,0.2102803738317756,24.691358024691358,1.3188706758593771,2.038323075106347,1.4802265354791697,1.666323520727341,968378683.0,3.69,3.82,3.67,3.82,32891037.0,123550835.0,3.69,3.5230352303523116,20.0,4.43,False,False,True,70.50939376331591
730,002187.SZ,广百股份,0.146067415730337,34.65783664459159,1.885265283230431,1.9682498481907988,1.2162092511585096,0.8553638394098745,700894633.0,5.3,5.33,5.18,5.25,11800050.0,61785724.0,5.31,-1.1299435028248483,10.0,5.84,False,False,True,70.5093937633159
731,002945.SZ,华林证券,0.2570093457943925,26.571201272871914,2.111436985887135,0.6301130814814759,1.297802892101182,0.7488358997196342,2700000000.0,14.75,14.8,14.54,14.66,12739985.0,186603118.0,14.77,-0.7447528774542911,10.0,16.25,False,False,True,70.47065659500291
732,603788.SH,宁波高发,0.2965779467680607,38.370253164556935,1.7419177342139462,0.8262332899205841,0.9592910084580352,0.6623846601956656,223065068.0,14.14,14.19,13.95,14.08,1220800.0,17136660.0,14.2,-0.8450704225352101,10.0,15.62,False,False,True,70.45903544450901
733,600258.SH,首旅酒店,0.20684736091298137,30.587121212121193,1.712861782657912,1.7643316628149892,1.1668195530194532,0.6421380180002292,1116603126.0,12.0,12.03,11.8,11.93,12650493.0,150621835.0,12.01,-0.6661115736885881,10.0,13.21,False,False,True,70.27890761185357
734,000623.SZ,吉林敖东,0.353463587921847,16.780609073958974,1.3709048264063486,1.3305132284572063,1.3683347872198732,0.8079485052896868,1191023318.0,18.07,18.16,17.91,18.13,12803336.0,230784757.0,18.08,0.27654867256636795,10.0,19.89,False,False,True,70.25953902769706
735,002390.SZ,信邦制药,0.25490196078431376,26.77165354330708,1.7007965264023555,1.5211059285996928,1.1577602745540077,1.3657273552799043,1927818234.0,2.93,3.04,2.91,3.04,40048804.0,119460864.0,2.93,3.754266211604085,10.0,3.22,False,False,True,70.248886306411
736,001228.SZ,永泰运,0.39344262295081955,32.19149814279818,1.4879062088545205,1.5152769357450886,0.7790208889890244,0.6773428526570647,79864609.0,27.38,27.58,26.93,27.41,819700.0,22338006.0,27.4,0.03649635036497845,10.0,30.14,False,False,True,70.21692814255277
737,603797.SH,联泰环保,0.2981366459627326,35.082872928176776,1.6860437802587598,1.072219060324443,0.9962760531650546,2.3216806969931882,576605190.0,4.07,4.31,4.07,4.17,14353723.0,60426655.0,4.1,1.7073170731707332,10.0,4.51,False,False,True,70.21111756730583
738,002078.SZ,太阳纸业,0.3944636678200694,29.690189328743564,1.543116942141706,0.8494604887857135,1.111343138195663,0.7603846740767115,2776577688.0,13.9,13.95,13.68,13.75,17934380.0,247339700.0,13.9,-1.0791366906474864,10.0,15.29,False,False,True,70.13170637226419
739,603107.SH,上海汽配,0.20950704225352113,31.19266055045873,1.6127753178441,1.4078033946098338,1.5693582921444993,0.9392868888663553,218173998.0,12.07,12.13,11.86,12.0,2884983.0,34461126.0,12.09,-0.7444168734491274,10.0,13.3,False,False,True,70.06488475692427
740,002690.SZ,美亚光电,0.20595238095238094,29.142011834319547,1.6565012415599227,1.716036567367839,1.3240310903886823,0.7368672631670707,427032322.0,15.25,15.39,15.12,15.34,5399786.0,82407168.0,15.25,0.5901639344262355,10.0,16.78,False,False,True,70.05616889405385
741,300318.SZ,博晖创新,0.16192560175054704,37.93103448275863,1.9759104293881098,1.2802048120140241,1.3488065770104665,0.8465763506468085,798539483.9999999,4.83,4.95,4.75,4.95,8654500.0,42081484.0,4.8,3.125,20.0,5.76,False,False,True,70.04067402672865
742,600623.SH,华谊集团,0.29166666666666663,38.274932614555254,1.8114075196471462,1.0219156640742155,0.8921983815469209,1.325209479775096,1876034733.0,8.52,8.59,8.21,8.31,25406244.0,212166780.0,8.53,-2.579132473622492,10.0,9.38,False,False,True,69.9845051326748
743,002233.SZ,塔牌集团,0.2456140350877193,28.318584070796437,1.773528941832534,1.108698770943392,1.431472419128693,1.374435986653897,1173623408.0,7.38,7.38,7.17,7.28,17884090.0,131908627.0,7.48,-2.67379679144385,10.0,8.23,False,False,True,69.9728839821809
744,600685.SH,中船防务,0.14892136395267921,35.23769808173478,2.4688435077444586,1.6926449976337157,0.9754424460654992,0.6860913904409324,821435181.0,26.01,26.18,25.81,26.12,9539402.0,248134448.0,26.12,0.0,10.0,28.73,False,False,True,69.9496416811931
745,600754.SH,锦江酒店,0.17611683848797255,30.356100408639808,1.9405056284347342,1.7595102656723605,1.2624041607076333,0.7494005292944835,906044063.0,19.09,19.25,18.81,19.06,11946897.0,227239973.0,19.18,-0.6256517205422418,10.0,21.1,False,False,True,69.8799147782297
746,603998.SH,方盛制药,0.17045454545454544,25.47169811320755,1.576503597326171,2.439031538482976,1.5491024988247206,1.2935726430428391,439081360.0,9.24,9.54,9.18,9.54,13853300.0,132569397.0,9.23,3.358613217768136,10.0,10.15,False,False,True,69.87797791981407
747,002215.SZ,诺 普 信,0.1992337164750956,25.99009900990099,1.9298619395262029,2.1951703669698936,1.0556450286360144,0.6605921400636373,808061974.0,9.12,9.19,9.01,9.14,11717806.0,106564027.0,9.12,0.21929824561404132,10.0,10.03,False,False,True,69.84311446833236
748,002022.SZ,科华生物,0.21246458923512745,36.91275167785235,1.801943983486287,1.5217782090602063,1.0316129278446615,0.8096820025826083,514324049.0,5.21,5.29,5.13,5.29,6336950.0,33074923.0,5.22,1.3409961685823868,10.0,5.74,False,False,True,69.82568274259151
749,002230.SZ,科大讯飞,0.17818687044112544,31.958495460440982,1.729355866804146,2.2880465316036402,1.1164976274937608,1.043188572921326,2189966940.0,43.43,43.86,42.45,43.53,52262053.0,2256276198.0,43.68,-0.3434065934065922,10.0,48.05,False,False,True,69.76564013170636
750,002521.SZ,齐峰新材,0.19034852546916886,35.79638752052545,1.9594685858861092,1.4344892410802843,1.1384234378532132,0.6509120185355728,419173590.0,6.86,6.86,6.67,6.75,3913934.0,26710841.0,6.8,-0.7352941176470562,10.0,7.48,False,False,True,69.75014526438117
751,600276.SH,恒瑞医药,0.24051966292134838,28.14847547503314,1.7273987621108862,1.4081390637861322,1.3041004023428309,1.5800854305478154,6379002274.0,52.0,54.62,51.82,54.62,141931526.0,7600965867.0,52.11,4.816733832277875,10.0,57.32,False,False,True,69.73658725547163
752,002594.SZ,比亚迪,0.31248391248391255,28.8707799767171,1.6456527114475932,1.3995502638677224,1.0467933217915681,0.8339926418264576,3487068722.0,89.77,90.28,88.55,90.04,40701576.0,3634152434.0,89.45,0.6595863610955988,10.0,98.4,False,False,True,69.69203951191167
753,002732.SZ,燕塘乳业,0.1866330390920555,32.22314737718568,1.9877158245737383,1.4318930253185327,1.2925847462497846,0.678444452882882,157062585.0,13.52,13.55,13.1,13.34,1525800.0,20264781.0,13.49,-1.1119347664937052,10.0,14.84,False,False,True,69.68041836141778
754,000650.SZ,仁和药业,0.2890995260663508,18.644067796610166,1.4103266736759381,1.6403042523284002,1.4151184346722372,1.0232012770842502,1331385834.0,5.32,5.45,5.29,5.43,22345466.0,120034748.0,5.33,1.8761726078799112,10.0,5.86,False,False,True,69.67073406933952
755,301275.SZ,汉朔科技,0.14956331877729262,27.961963505525578,2.421779540845474,2.117837347541195,1.0526551845138303,0.902300594634796,300859233.0,44.28,45.27,44.06,44.68,5749197.0,256173064.0,44.54,0.31432420296362285,20.0,53.45,False,False,True,69.66298663567693
756,603707.SH,健友股份,0.24158415841584172,33.630952380952394,1.8876067372377012,0.8628887443774791,1.281960179362433,0.8511812997707497,1615651020.0000002,7.91,8.11,7.87,8.1,11866549.0,94968329.0,7.94,2.015113350125941,10.0,8.73,False,False,True,69.65330234359868
757,301009.SZ,可靠股份,0.10153256704980838,37.786259541984734,2.0087095268107236,2.3792665500085146,1.2129418801324354,0.8190841201394987,151035028.0,8.9,8.98,8.7,8.93,2943400.0,26016902.0,8.92,0.11210762331839152,20.0,10.7,False,False,True,69.60972302924655
758,600085.SH,同仁堂,0.22330729166666666,27.570093457943944,1.8260332316673769,1.1320883966786235,2.2001465086959335,0.6753185186818739,1371470262.0,24.72,25.07,24.59,25.04,10485168.0,260658073.0,24.83,0.845751107531223,10.0,27.31,False,False,True,69.5332171218284
759,301301.SZ,川宁生物,0.2148594377510039,31.209362808842634,1.516645808742828,2.269960209171439,1.062212240151053,1.4988642089178943,619153732.0,8.75,9.07,8.65,9.05,21065852.0,187310618.0,8.76,3.3105022831050324,20.0,10.51,False,False,True,69.5177222545032
760,000999.SZ,华润三九,0.36670293797606074,22.4537037037037,1.448980148798762,1.0566058596938694,1.49162482840347,0.6271546519288173,1662560811.0,24.89,25.23,24.74,25.13,11017047.0,275612938.0,24.97,0.6407689227072577,10.0,27.47,False,False,True,69.4944799535154
761,300059.SZ,东方财富,0.23269391159299435,27.526132404181205,1.4864556157610782,2.2698985405424486,1.0967356313441696,0.830020222785392,13392365708.000002,19.95,19.99,19.73,19.98,252320432.0,5007277869.0,20.01,-0.14992503748126884,20.0,24.01,False,False,True,69.49254309509975
762,600096.SH,XD云天化,0.3134254689042447,31.096625766871156,2.0026452035799833,1.5872488547502068,0.6477479964441623,0.8701882965189404,1822990731.0,29.81,30.1,29.53,29.89,25179246.0,757057437.0,29.81,0.2683663200268471,10.0,32.79,False,False,True,69.4751113693589
763,300110.SZ,华仁药业,0.20454545454545459,27.385892116182564,1.7244042155962442,2.243133474392968,1.1459147321863294,1.2323675489868104,1181425107.0,2.67,2.76,2.66,2.75,32658901.0,88555697.0,2.68,2.6119402985074647,20.0,3.22,False,False,True,69.41506875847375
764,600155.SH,华创云信,0.25773195876288657,22.586872586872598,1.6077672541237704,1.596212592129077,1.418394723578804,0.7844001517709709,2213542477.0,5.93,5.94,5.84,5.91,27715088.0,163149699.0,5.93,-0.3372681281618828,10.0,6.52,False,False,True,69.3705210149138
765,600333.SH,长春燃气,0.3564954682779456,27.935222672064764,1.3287020577743716,1.941057069958723,0.9088510749561706,0.8618481787349322,609030684.0,6.15,6.15,5.98,6.04,10188453.0,61503645.0,6.12,-1.3071895424836666,10.0,6.73,False,False,True,69.34340499709471
766,601860.SH,紫金银行,0.37254901960784287,13.333333333333353,1.1380591975372853,1.627037249038513,1.4033800618551442,1.0630495644779097,3551687961.0,2.58,2.59,2.53,2.54,61430201.0,156457695.0,2.59,-1.9305019305019266,10.0,2.85,False,False,True,69.31047840402867
767,603866.SH,桃李面包,0.34123222748815146,32.869080779944284,1.5917692833792674,0.8967160520122617,1.1624257218323975,0.946075861343274,1599719155.0,4.3,4.31,4.18,4.28,13571400.0,57587442.0,4.31,-0.6960556844547439,10.0,4.74,False,False,True,69.24849893472786
768,301185.SZ,鸥玛软件,0.2998965873836609,30.4939155332856,1.1786202405428226,1.948175288761795,1.0173267286245353,0.9143484112764524,140470363.0,16.85,16.85,16.18,16.45,2502214.0,41062907.0,16.87,-2.489626556016611,20.0,20.24,False,False,True,69.23881464264961
769,002333.SZ,罗普斯金,0.3924050632911391,21.145374449339215,1.716416192860078,1.2785246156979961,1.1077366123704993,1.043302590639069,666502712.9999999,5.47,5.48,5.29,5.46,8890400.0,47712836.0,5.47,-0.1828153564899404,10.0,6.02,False,False,True,69.21169862483053
770,600867.SH,通化东宝,0.30448717948717935,21.648044692737443,1.8314802154825032,1.6990991954457746,1.0182835224829707,1.2617966247307766,1958542829.0,8.11,8.44,8.06,8.42,41989545.0,347652344.0,8.11,3.8224414303329235,10.0,8.92,False,False,True,69.18264574859579
771,002807.SZ,江阴银行,0.3725490196078435,15.890410958904134,1.134196576108402,1.692987130550734,1.319938852273599,0.8305599227918974,2703506366.0000005,4.03,4.03,3.95,3.98,38014740.0,151381274.0,4.03,-1.2406947890818976,10.0,4.43,False,False,True,69.16908773968625
772,600718.SH,东软集团,0.24555160142348753,30.78014184397164,1.7124453280644492,1.4345964376957505,1.2224874064148137,0.8528881975519191,1196438852.0,8.4,8.47,8.18,8.28,14639032.0,121222628.0,8.43,-1.7793594306049876,10.0,9.27,False,False,True,69.16327716443928
773,300463.SZ,迈克生物,0.18799368088467622,36.59466327827192,1.3892029286389314,1.8766761351302959,1.3552586469037142,1.0767995401811434,491598938.0,9.04,9.35,9.0,9.35,9934251.0,91097973.0,9.06,3.2008830022074886,20.0,10.87,False,False,True,69.15746658919232
774,601033.SH,永兴股份,0.386430678466077,17.11026615969582,0.9488804115125955,2.030691437499996,1.1234556189038651,1.0450108490858958,240000000.0,14.29,14.41,14.14,14.17,5093027.0,72491036.0,14.46,-2.0055325034578186,10.0,15.91,False,False,True,69.12260313771063
775,605266.SH,健之佳,0.297709923664122,29.424011103400403,1.6297684502919079,1.259577274218587,1.2052673975754566,0.7676510422649357,154542928.0,16.39,16.5,16.2,16.5,1494300.0,24466680.0,16.36,0.8557457212714059,10.0,18.0,False,False,True,69.09742397830719
776,000902.SZ,新洋丰,0.2776349614395887,34.60854092526691,1.7177411564566907,1.3053232603903666,1.0411328199866021,0.786348030817263,1142783267.0,13.37,13.56,13.24,13.3,11729966.0,157895015.0,13.4,-0.7462686567164201,10.0,14.74,False,False,True,69.07999225256634
777,605108.SH,同庆楼,0.1290790427846265,37.317518248175176,1.956567884505779,1.7490788269230728,1.7317842964395946,0.6279129412945159,260000000.0,12.73,12.75,12.35,12.65,2855500.0,35833051.0,12.74,-0.7064364207221341,10.0,14.01,False,False,True,69.0586868099942
778,002627.SZ,三峡旅游,0.20208333333333325,39.37153419593344,1.865246148731337,1.989379586754483,0.8624502980895993,0.7720861801033617,698158144.0,6.43,6.52,6.29,6.49,10723517.0,68652000.0,6.38,1.7241379310344973,10.0,7.02,False,False,True,69.05287623474725
779,603883.SH,老百姓,0.23910336239103364,26.987242394504406,1.4856909397523226,1.6483894977929288,1.5891480761659933,0.823363300863911,758890236.0,12.08,12.14,11.91,12.11,10299836.0,126798650.0,12.11,0.0,10.0,13.32,False,False,True,69.04706565950029
780,600977.SH,中国电影,0.07332155477031803,32.540356839422266,2.395058999956613,2.4666839742902993,1.2463774969014103,0.802557839578094,1867000000.0,12.61,12.66,12.35,12.61,36960188.0,462695205.0,12.6,0.07936507936507908,10.0,13.86,False,False,True,69.04125508425335
781,000959.SZ,首钢股份,0.2583025830258303,38.11074918566777,1.8281014070130877,0.639083866984676,1.2371916543662855,0.5631096618259317,7451607404.0,3.78,3.79,3.7,3.72,26816420.0,99864265.0,3.77,-1.3262599469495928,10.0,4.15,False,False,True,68.98508619019948
782,600570.SH,恒生电子,0.15792129162462173,37.225548902195605,1.7239028129340004,1.9304879375513764,1.363360261237235,1.1066302963342771,1893647942.0,23.03,23.08,22.34,22.77,40454691.0,915776239.0,23.17,-1.7263703064307356,10.0,25.49,False,False,True,68.9463490218865
783,002237.SZ,恒邦股份,0.1807124239791486,37.5,2.149806604432583,2.093538929020932,0.8224520942483544,1.4666547463562574,1192356008.0,13.9,14.28,13.75,14.25,36611277.0,513115685.0,13.9,2.517985611510798,10.0,15.29,False,False,True,68.89502227387179
784,300999.SZ,金龙鱼,0.30809399477806787,25.23281596452327,1.2122008846012133,2.0404436624121427,1.1041013179025443,0.8521546301720105,542647097.0,26.09,26.1,25.66,26.02,9435404.0,244205117.0,26.09,-0.268302031429668,20.0,31.31,False,False,True,68.8572535347666
785,600133.SH,东湖高新,0.28306264501160106,38.718662952646255,1.520944287876089,1.7376229340513034,0.8362700945298085,1.026057399647997,1066239875.0,8.41,8.5,8.33,8.49,19010000.0,160461384.0,8.4,1.0714285714285676,10.0,9.24,False,False,True,68.76137904319194
786,002666.SZ,德联集团,0.17557251908396931,38.85869565217392,1.8085835407183992,2.233254359250023,0.9859476844731134,0.8755495389643667,500793826.0,4.14,4.16,4.03,4.11,9792146.0,40018078.0,4.14,-0.7246376811594013,10.0,4.55,False,False,True,68.71005229517723
787,002016.SZ,世荣兆业,0.19879518072289148,37.402597402597394,2.185133930445232,1.3911699995433866,1.0036241456944783,1.131148985326863,809095632.0,4.5,4.5,4.32,4.41,12732095.0,55817664.0,4.51,-2.2172949002217224,10.0,4.96,False,False,True,68.69262056943639
788,603927.SH,中科软,0.1826530612244899,37.243642329778524,1.562310631632425,1.6710598587312238,1.5482256195597273,1.0113670447976648,831040000.0,14.09,14.11,13.45,13.73,14045032.0,192652945.0,13.98,-1.788268955650929,10.0,15.38,False,False,True,68.63064110013558
789,600120.SH,浙江东方,0.2603550295857988,28.53773584905661,1.3045262866381122,1.7521979357262332,1.3557401993804883,0.5762498060799297,3415381492.0,5.12,5.14,5.04,5.12,34485234.0,175395132.0,5.12,0.0,10.0,5.63,False,False,True,68.5957776486539
790,600011.SH,华能国际,0.23809523809523814,39.72809667673716,1.7612168951749978,1.3134988148799482,1.0575083548534394,0.803642686005798,10997709919.0,7.02,7.04,6.92,6.99,116090035.0,807077500.0,7.01,-0.28530670470755526,10.0,7.71,False,False,True,68.57447220608174
791,000957.SZ,中通客车,0.3399503722084366,35.560588901472265,1.7469223738605322,1.6569200006120328,0.6992591256007958,0.9897503588146508,592903936.0,10.15,10.2,10.02,10.2,9723252.0,98155757.0,10.2,0.0,10.0,11.22,False,False,True,68.56672477241914
792,300685.SZ,艾德生物,0.18592964824120597,37.772087067861726,1.838995058972228,2.1217155492227118,0.9896125121869443,1.3359980804568268,389586863.0,17.39,18.03,17.3,18.02,11043260.0,195479007.0,17.47,3.1482541499713745,20.0,20.96,False,False,True,68.55122990509395
793,603099.SH,长白山,0.21588819418904,20.444978953698147,1.7899200783315585,2.3737369190440725,1.2365944460463716,0.7808188619491417,272355860.0,38.51,39.03,38.41,38.91,5048003.0,195439070.0,38.75,0.4129032258064491,10.0,42.63,False,False,True,68.42727096649234
794,601798.SH,蓝科高新,0.18738049713193125,39.84732824427481,1.7468629458010327,2.0253902906758303,1.0319000517345442,0.7184099634741189,354528198.0,7.53,7.6,7.4,7.57,5158600.0,38787499.0,7.53,0.5312084993359889,10.0,8.28,False,False,True,68.36141778036026
795,688363.SH,华熙生物,0.1855455177206392,25.778863775198534,2.4296319588143858,1.180815595154073,1.7546542099264493,0.7231172538761409,481678242.0,38.08,38.83,37.71,38.76,4112897.0,157658025.0,38.08,1.7857142857142794,20.0,45.7,False,False,True,68.23939570017431
796,002551.SZ,尚荣医疗,0.15224913494809686,36.53846153846152,2.0172479049801884,2.3526825205592647,1.0736098691019165,0.9956074861923577,611186723.0,3.04,3.09,2.97,3.08,14316122.0,43476835.0,3.04,1.3157894736842035,10.0,3.34,False,False,True,68.15611078830138
797,600557.SH,康缘药业,0.16824395373291268,28.811973807296543,1.9137780338512649,1.92469836811122,1.893095733821882,1.2476172355618425,566158806.0,12.25,12.77,12.23,12.75,13595097.0,170522231.0,12.29,3.7428803905614316,10.0,13.52,False,False,True,68.12899477048228
798,000816.SZ,智慧农业,0.21621621621621623,38.18181818181816,1.8463881959226645,1.9075682317061446,0.9324676617937535,1.151804962762091,1439509071.9999998,2.67,2.68,2.6,2.65,31628124.0,83262868.0,2.68,-1.1194029850746356,10.0,2.95,False,False,True,68.06701530118148
799,002065.SZ,东华软件,0.16925734024179628,34.31221020092736,1.9857998199232483,1.7929358950257566,1.3204867006550678,1.0235591999924825,2945739379.0,7.45,7.47,7.16,7.35,54059503.0,393595799.0,7.45,-1.34228187919464,10.0,8.2,False,False,True,68.04183614177803
800,300482.SZ,万孚生物,0.1571428571428572,39.10795087265675,1.8030836241635408,1.9237006809508788,1.324137365886762,0.9088392308727719,430066407.00000006,17.16,17.55,17.01,17.52,7519000.0,129923465.0,17.12,2.3364485981308247,20.0,20.54,False,False,True,68.03408870811543
801,603896.SH,寿仙谷,0.1903381642512078,34.627575277337556,1.953670825758324,1.4095312210757174,1.4605399791501532,0.6605565838753334,198243938.00000003,14.58,14.72,14.4,14.71,1845800.0,26887403.0,14.59,0.8224811514736086,10.0,16.05,False,False,True,68.00890954871198
802,002041.SZ,登海种业,0.28659793814433004,29.935483870967737,1.639377127663126,1.7708214545454504,1.0729285907414157,1.815859560503918,880000000.0,9.0,9.0,8.73,8.91,28296955.0,249902826.0,9.14,-2.516411378555805,10.0,10.05,False,False,True,67.8229711408096
803,300003.SZ,乐普医疗,0.15922330097087387,28.973660308810167,2.1073060213456176,2.2493244009396824,1.3304161368845933,1.2738590695773124,1578912054.0,12.61,13.15,12.57,13.14,45240919.0,583978573.0,12.65,3.8735177865612647,20.0,15.18,False,False,True,67.66221189231067
804,003000.SZ,劲仔食品,0.3287292817679556,17.21925133689841,1.4230154677436557,1.8458282979960092,1.38121738479874,0.5567627433977258,308060295.0,10.53,10.54,10.34,10.51,3165900.0,33477513.0,10.54,-0.2846299810246644,10.0,11.59,False,False,True,67.64671702498546
805,603096.SH,新经典,0.2658227848101265,39.90683229813663,2.00113111564412,1.105882911219723,0.9591002817154843,0.7171734413833611,154234624.0,14.77,14.83,14.35,14.67,1223250.0,17840409.0,14.77,-0.677048070413,10.0,16.25,False,False,True,67.56730582994383
806,601003.SH,柳钢股份,0.1880341880341881,31.28834355828223,2.407606454824968,1.0723664613282062,1.5245921689900037,1.9718052753485558,2562793200.0,3.89,3.89,3.66,3.75,54190207.0,202956609.0,3.92,-4.336734693877553,10.0,4.31,False,False,True,67.54987410420298
807,000568.SZ,泸州老窖,0.19239940387481366,31.105028093934607,2.3385746367025453,1.108187435032095,1.5349997010432415,0.7896087103752671,1471060137.0,82.33,84.1,81.51,83.86,12872283.0,1127568631.0,82.32,1.8707482993197466,10.0,90.55,False,False,True,67.52469494479953
808,601628.SH,中国人寿,0.3300467047223663,32.117017930166725,1.8473944107048237,0.21780439387557646,1.6277744566584234,0.7493264520088545,20823530000.0,38.09,38.85,37.85,38.57,33985374.0,1301002479.0,38.15,1.1009174311926717,10.0,41.97,False,False,True,67.49370521014913
809,600833.SH,第一医药,0.16643159379407613,34.65458663646659,1.8587030570090128,2.0433592469018222,1.4243838077680218,2.010827132128415,223086347.0,9.9,10.06,9.71,10.01,9166266.0,90974265.0,10.01,0.0,10.0,11.01,False,False,True,67.3910517141197
810,600189.SH,泉阳泉,0.2161016949152542,33.96501457725947,1.622476811495639,1.9393949152629628,1.2565950127333148,0.9209394607696473,715197812.0,7.35,7.6,7.3,7.39,12773900.0,94818434.0,7.34,0.6811989100817373,10.0,8.07,False,False,True,67.35231454580669
811,688538.SH,和辉光电-U,0.25555555555555554,23.98190045248869,1.7919193723935662,1.835928844866657,1.3034730238751095,0.5288865970322566,5752235725.0,2.39,2.41,2.38,2.4,55854103.0,133571434.0,2.4,0.0,20.0,2.88,False,False,True,67.3019562269998
812,300676.SZ,华大基因,0.16979969183359028,30.046082949308772,2.1147723916028482,1.9621277199722724,1.403156827396631,1.3822804602048127,416035950.0,37.82,39.97,37.48,39.96,11283772.0,436731156.0,38.06,4.992117708880706,20.0,45.67,False,False,True,67.27871392601202
813,000978.SZ,桂林旅游,0.2694444444444444,33.26771653543305,1.7110849374109118,2.331185713827068,0.860677087851853,0.62969271908,468121563.0,6.05,6.05,5.92,6.01,6871700.0,41122306.0,6.05,-0.6611570247933907,10.0,6.66,False,False,True,67.22254503195816
814,002533.SZ,金杯电工,0.240464344941957,39.04382470119523,2.0313043182862467,1.747574859023327,0.8175065876689379,0.7013022791004534,646143983.0,11.52,11.53,11.37,11.51,7919000.0,90645825.0,11.49,0.17406440382941035,10.0,12.64,False,False,True,67.18187100522951
815,300702.SZ,天宇股份,0.23059360730593614,25.639599555061167,2.161418768928777,1.8632381244555092,1.089498191348715,1.6154934453506395,211146066.0,21.05,21.87,20.73,21.84,6355600.0,135803919.0,21.01,3.9504997620180893,20.0,25.21,False,False,True,67.17799728839822
816,600295.SH,鄂尔多斯,0.38376383763837657,39.65183752417796,1.7152116652304372,0.605836493315125,1.0961426532253649,0.7948989276827372,1975576254.0,12.18,12.27,12.02,12.04,9513956.0,115259875.0,12.14,-0.8237232289950658,10.0,13.35,False,False,True,66.98043773000194
817,605337.SH,李子园,0.21679389312977096,28.89165628891657,2.02539352916009,1.445497641873248,1.6191583680939705,1.0031559829408254,390102653.0,9.45,9.57,9.28,9.47,5656721.0,53311881.0,9.45,0.2116402116402183,10.0,10.4,False,False,True,66.85066821615341
818,600371.SH,万向德农,0.23821339950372206,39.967373572593814,1.837088095829844,1.727274914723591,0.9571716233885719,1.8031447674881544,292578000.0,7.1,7.12,6.85,7.05,9112420.0,63367484.0,7.09,-0.5641748942172065,10.0,7.8,False,False,True,66.83129963199691
819,000682.SZ,东方电子,0.37773359840954285,32.773851590106,1.9304940784491442,1.5701429547719505,0.8106383577697792,0.7044744058265874,1340600019.0,12.25,12.26,12.02,12.15,14828719.0,180463241.0,12.23,-0.6541291905151292,10.0,13.45,False,False,True,66.64536122409453
820,000860.SZ,顺鑫农业,0.17541613316261193,35.721812434141206,1.8746893601753556,1.7500486126378385,1.7454106186983442,0.8279445939815393,741766989.0,10.84,10.87,10.55,10.78,10747783.0,114992459.0,10.86,-0.7366482504604033,10.0,11.95,False,False,True,66.61243463102848
821,600529.SH,山东药玻,0.34957983193277287,18.02600472813236,1.1796898793011663,1.9599652411249981,1.664779290066021,0.8698012412684802,663614113.0000001,18.99,19.05,18.77,19.01,11313162.0,217395160.0,19.0,0.052631578947370805,10.0,20.9,False,False,True,66.56207631222156
822,002468.SZ,申通快递,0.2007978723404255,35.48387096774193,2.0355283817554617,1.8407921558350817,1.1150738398941642,1.2354644924568068,1476289631.0,13.86,14.66,13.8,14.58,33332721.0,477728351.0,13.92,4.741379310344818,10.0,15.31,False,False,True,66.50978113499903
823,002152.SZ,广电运通,0.22768670309653924,32.092004381161,1.7268414490176813,1.635459441481668,1.6665166175681796,0.7706140789806811,2482126213.0,10.33,10.36,10.07,10.21,31282437.0,317923323.0,10.38,-1.6377649325626242,10.0,11.42,False,False,True,66.38194847956615
824,002389.SZ,航天彩虹,0.18043972706595895,35.42546771273387,1.9468235851535816,2.3746640202796496,1.111144816734985,1.3563812036765208,984767026.0,18.67,18.8,18.2,18.47,31718850.0,582869079.0,18.95,-2.5329815303430148,10.0,20.85,False,False,True,66.33546387759054
825,000543.SZ,皖能电力,0.3911564625850339,35.593220338983045,1.7215104652514583,1.649426813195027,0.8375316859635707,0.6522782799354043,2266863331.0,7.83,7.89,7.74,7.85,24388849.0,190767631.0,7.81,0.512163892445594,10.0,8.59,False,False,True,66.26186325779587
826,600825.SH,新华传媒,0.23708206686930097,36.65893271461718,2.0026819478486297,1.2820833881837124,1.213348470828169,0.7855843511749526,1044887850.0,5.08,5.09,4.94,5.02,10523950.0,52564797.0,5.09,-1.3752455795677854,10.0,5.6,False,False,True,66.26186325779585
827,000705.SZ,浙江震元,0.17391304347826084,36.97916666666667,1.8702983921511618,2.417286072146399,1.1587226303089826,0.9334075147032518,281965270.0,6.58,6.74,6.53,6.71,6362019.0,42226952.0,6.6,1.6666666666666607,10.0,7.26,False,False,True,66.19019949641681
828,600037.SH,歌华有线,0.26795580110497247,32.62295081967215,1.8203476127845022,1.507716363453864,1.222997227108051,0.8235917459054128,1391777884.0,7.07,7.08,6.86,6.96,17282301.0,119901208.0,7.07,-1.5558698727015652,10.0,7.78,False,False,True,66.16502033701337
829,002351.SZ,漫步者,0.23589743589743598,30.32694475760993,1.610053828047834,2.0367904522510116,1.4304132919272687,0.7898812870959935,527441600.00000006,10.3,10.36,10.07,10.16,8485600.0,86276796.0,10.25,-0.8780487804878057,10.0,11.28,False,False,True,65.99651365485182
830,300832.SZ,新产业,0.29298572315332083,33.73333333333333,1.8185975457377643,1.098392137367939,1.4180474938923708,1.0616351084777136,683122288.0,46.5,48.34,46.25,48.29,7965832.0,376516194.0,46.94,2.8760119301235676,20.0,56.33,False,False,True,65.86480728258765
831,002557.SZ,洽洽食品,0.2855209742895809,24.827586206896555,1.9461136105085077,1.6851666821954152,1.2386683314849254,1.1032241602893325,504268856.0,19.52,19.52,19.05,19.36,9374946.0,180290726.0,19.51,-0.7688364941055958,10.0,21.46,False,False,True,65.84543869843114
832,600993.SH,马应龙,0.3218390804597702,22.987390882638216,1.4552489392168453,1.7775864158669485,1.8166197659420706,0.6955515982109928,430317966.0,23.33,23.58,23.14,23.46,5320400.0,124641881.0,23.42,0.1707941929974366,10.0,25.76,False,False,True,65.7350377687391
833,000049.SZ,德赛电池,0.268756998880179,28.026905829596416,1.9496387072878403,2.281630163353037,0.9795833663399943,0.8290075272320112,384534862.0,24.58,24.77,24.28,24.66,7273433.0,178751793.0,24.7,-0.16194331983805377,10.0,27.17,False,False,True,65.6963006004261
834,601933.SH,永辉超市,0.13230769230769235,37.99283154121864,2.164182914021135,2.1793047838809705,1.4665802949264584,0.6572502801551212,8925037165.0,3.18,3.24,3.15,3.23,127837652.0,408350533.0,3.22,0.31055900621117516,10.0,3.54,False,False,True,65.58008909548712
835,600771.SH,广誉远,0.15779645191409908,31.96787148594378,2.02595691011889,2.303489788796807,1.7922577461482057,0.7767809336812106,489491141.0,14.15,14.34,13.94,14.29,8758499.0,123931226.0,14.14,1.0608203677510586,10.0,15.55,False,False,True,65.50261475886113
836,600728.SH,佳都科技,0.1748878923766815,39.066339066339054,2.071688449020676,1.908837309214461,1.2191666943446995,1.0463269279459755,2132599261.0,4.83,4.85,4.66,4.75,42593720.0,201739212.0,4.85,-2.0618556701030855,10.0,5.34,False,False,True,65.3844663955065
837,300171.SZ,东富龙,0.18423746161719554,24.68659594985536,2.0902794520381143,2.3777410343978067,1.6532340201240043,1.4934287129867065,560697223.0,12.13,12.82,11.94,12.8,19910284.0,250350441.0,12.17,5.17666392769105,20.0,14.6,False,False,True,65.32055006779005
838,600613.SH,神奇制药,0.21682847896440127,30.254041570438783,1.9375443526978189,2.166274446420002,1.2486109464342618,1.0213045913673133,479319978.0,4.98,5.09,4.93,5.09,10604600.0,53289839.0,5.0,1.8000000000000016,10.0,5.5,False,False,True,65.30118148363354
839,300428.SZ,立中集团,0.23921568627450995,36.21424223980523,2.314045682880141,1.453668218964535,1.0092070021058337,0.6580905989757562,603229584.0,18.81,19.07,18.68,19.03,5770768.0,109352246.0,18.87,0.8479067302596732,20.0,22.64,False,False,True,65.20627542126671
840,002063.SZ,远光软件,0.304029304029304,37.090163934426236,1.700788144985339,2.1024726143761683,0.8859106494874078,1.155794038399251,1769109143.0,5.7,5.71,5.5,5.57,42989800.0,239228882.0,5.71,-2.4518388791593626,10.0,6.28,False,False,True,65.1830331202789
841,603101.SH,汇嘉时代,0.1668696711327649,39.33333333333333,1.8998284581810185,2.3512175595238043,1.2269486515701213,0.8649377763948722,470400000.0,7.34,7.34,7.08,7.22,9566322.0,68792873.0,7.37,-2.0352781546811416,10.0,8.11,False,False,True,65.16172767770676
842,002252.SZ,上海莱士,0.23920265780730912,33.4928229665072,2.005180322763736,1.1440562442232767,2.3790239393600663,0.9555829289618898,6588259885.0,4.9,5.05,4.83,5.04,72025533.0,355640887.0,4.9,2.857142857142847,10.0,5.39,False,False,True,65.05713732326166
843,603170.SH,宝立食品,0.39076376554174047,28.450704225352098,1.891889619214325,0.9886049223769365,1.4030578499201702,0.693176670014609,400010000.0,12.84,12.84,12.57,12.83,2741180.0,35311771.0,12.85,-0.15564202334630295,10.0,14.14,False,False,True,65.05326360643036
844,002444.SZ,巨星科技,0.3235772357723578,34.29438543247345,1.7951970089274945,1.3523689313657277,1.199244317870635,0.47568126030587504,1147158478.0,30.34,30.61,30.01,30.04,7379631.0,223214262.0,30.34,-0.9887936717205004,10.0,33.37,False,False,True,64.99128413712957
845,603351.SH,威尔药业,0.28504233301975546,29.132420091324217,2.1945328968619786,1.0752571863794826,1.3929695316400728,1.2877068829013423,135439132.0,25.06,25.82,24.66,25.76,1875312.0,47581648.0,24.93,3.329322101885279,10.0,27.42,False,False,True,64.95254696881658
846,603369.SH,今世缘,0.19980787704130626,32.37347294938917,2.4190499107997114,1.36707858471133,1.4752882623271892,0.8783135002211797,1246800037.0,26.91,27.37,26.51,27.26,14970622.0,403669301.0,27.08,0.6646971935007517,10.0,29.79,False,False,True,64.85570404803408
847,600572.SH,康恩贝,0.38842975206611574,18.56763925729443,1.2961389197593765,2.2364654579997305,1.3829364048963997,1.118242056820098,2531790178.0,4.24,4.35,4.2,4.34,63317787.0,271798550.0,4.24,2.3584905660377187,10.0,4.66,False,False,True,64.80921944605849
848,002262.SZ,恩华药业,0.32249070631970256,25.05567928730512,1.7359385476428577,1.644371767808368,1.5501515050665957,0.9193842378051,883776305.0,21.51,21.9,21.24,21.84,13361014.0,288856249.0,21.43,1.9132057862809138,10.0,23.57,False,False,True,64.80147201239589
849,000812.SZ,陕西金叶,0.2014652014652014,35.570469798657726,1.8924570876632487,2.1686916294984004,1.250075935567973,1.0059702510673616,756129681.0,3.51,3.52,3.38,3.45,16496022.0,56676399.0,3.53,-2.2662889518413443,10.0,3.88,False,False,True,64.751113693589
850,000685.SZ,中山公用,0.36750483558994207,29.80671414038656,1.5566104117838582,1.6912066847366605,1.241769430443979,0.6500255610434036,1246581940.0,11.01,11.13,10.94,11.04,13704019.0,150991542.0,11.01,0.27247956403269047,10.0,12.11,False,False,True,64.71431338369165
851,002835.SZ,同为股份,0.16816143497757843,39.11439114391144,1.9769218735506793,2.385673210007439,1.1925919556008786,0.9284910446838124,127453854.0,12.21,12.38,12.04,12.26,2823200.0,34378619.0,12.34,-0.648298217179899,10.0,13.57,False,False,True,64.69494479953515
852,600579.SH,中化装备,0.24999999999999994,32.339089481946615,2.1240117335410362,1.6511403095310013,1.1663827433470007,0.7500943768246764,493600759.00000006,7.23,7.31,7.09,7.28,6113300.0,44046668.0,7.26,0.27548209366392573,10.0,7.99,False,False,True,64.49351152430756
853,000153.SZ,丰原药业,0.25523012552301233,27.070707070707066,1.8661600880654425,2.1636403318258717,1.29496934448251,0.8981529785098673,460855922.0,5.54,5.62,5.48,5.61,8955721.0,49755877.0,5.56,0.899280575539585,10.0,6.12,False,False,True,64.42959519659114
854,603917.SH,合力科技,0.24804992199687984,35.121951219512184,2.254242948629501,2.0854007800235426,0.8742354107751555,0.709783227403722,203840000.0,11.85,11.89,11.52,11.77,3017204.0,35278285.0,11.84,-0.5912162162162171,10.0,13.02,False,False,True,64.27658338175479
855,600150.SH,中国船舶,0.3948756593820647,30.13224181360201,1.9503244094801448,1.4172125691478137,1.0962596015177288,0.8958430953472983,7525621287.999999,34.9,35.35,34.58,34.85,95545295.0,3340342414.0,34.9,-0.14326647564468775,10.0,38.39,False,False,True,64.1836141778036
856,300957.SZ,贝泰妮,0.15294667913938245,39.454855195911406,2.1430913168021344,2.175621966477804,1.444288691786592,1.0103564482198233,423600000.0,32.53,33.18,32.24,33.14,9311379.0,306091857.0,32.62,1.5941140404659881,20.0,39.14,False,False,True,63.80592678675189
857,600422.SH,昆药集团,0.1962110960757781,30.136986301369873,2.159631683738477,1.9483409096812017,1.851764173744907,0.5380730942138815,756975757.0,8.74,8.84,8.61,8.82,7935754.0,69341954.0,8.75,0.8000000000000007,10.0,9.63,False,False,True,63.70521014913809
858,603014.SH,威高血净,0.22591006423982862,29.22033898305083,1.758751291931808,2.2819777728075734,1.9042893458303578,1.0490700775428177,101484882.0,33.57,34.05,33.45,33.96,2429502.0,82626053.0,33.72,0.7117437722419906,10.0,37.09,False,False,True,63.69939957389115
859,601058.SH,赛轮轮胎,0.39242424242424234,29.54545454545454,1.9444275476809492,1.3894457042466934,1.1988119928096,0.7717786661079238,3288100259.0,13.56,13.65,13.38,13.47,35259764.0,480925483.0,13.59,-0.8830022075055122,10.0,14.95,False,False,True,63.517334882820066
860,001286.SZ,陕西能源,0.3983050847457626,37.370600414078666,1.305106157474837,1.9166121999999948,1.057252069642509,0.6929175073330683,1350000000.0,10.47,10.48,10.37,10.47,17928731.0,186999100.0,10.43,0.3835091083413289,10.0,11.47,False,False,True,63.30621731551423
861,000607.SZ,华媒控股,0.24814814814814815,38.38383838383839,2.076169380468378,1.7214854561493298,1.084713141199117,0.9002132517610261,885062168.0,3.66,3.68,3.48,3.59,13715844.0,48856400.0,3.64,-1.3736263736263798,10.0,4.0,False,False,True,63.245206275421275
862,600356.SH,恒丰纸业,0.3229813664596274,32.55494505494505,1.8985116364229597,2.011038090548353,1.0287015805691282,0.6918068371309164,298731378.0,8.31,8.35,8.2,8.24,4156100.0,34327206.0,8.32,-0.9615384615384581,10.0,9.15,False,False,True,63.1144683323649
863,002714.SZ,牧原股份,0.2502861503243036,35.49198365293933,1.7190629451686283,2.009297505067403,1.3838805696713798,0.714271625792967,3280499319.9999995,38.2,38.9,37.92,38.47,47081207.0,1813133948.0,38.37,0.26062027625750606,10.0,42.21,False,False,True,63.04086771257021
864,000025.SZ,特  力Ａ,0.2996389891696752,27.804107424960513,1.7757924522391004,1.9663174255646245,1.4594924703068428,0.906092408245988,392778320.0,15.25,15.25,14.88,14.95,6997995.0,104828168.0,15.15,-1.320132013201325,10.0,16.67,False,False,True,62.99438311059462
865,000059.SZ,华锦股份,0.2772585669781932,39.566395663956655,1.6364599386775698,1.9818266206187758,1.1416014733900217,0.5308889020399052,1599412987.0000002,4.57,4.61,4.53,4.59,16827900.0,76898286.0,4.58,0.21834061135370675,10.0,5.04,False,False,True,62.92465620763122
866,001318.SZ,阳光乳业,0.1796482412060301,35.89473684210527,2.16010602310461,1.9295143104790167,2.2653590371954895,0.6144978759169372,282660000.0,10.97,10.97,10.68,10.89,3351450.0,36298541.0,10.93,-0.36596523330282293,10.0,12.02,False,False,True,62.59539027697076
867,603077.SH,和邦生物,0.32941176470588224,35.26570048309179,2.0633509902376397,2.0130798896104816,0.902330668770175,0.7197615623810634,8831705728.0,2.39,2.42,2.36,2.41,127965864.0,306002149.0,2.4,0.4166666666666874,10.0,2.64,False,False,True,62.48692620569436
868,301166.SZ,优宁维,0.2227891156462586,31.017161992465468,2.3129975584829996,2.3233405295397365,1.1019389689851549,1.6738722266248287,56420468.0,26.45,28.18,26.25,27.99,2194178.0,59972671.0,26.51,5.582798943794787,20.0,31.81,False,False,True,62.4772419136161
869,001308.SZ,康冠科技,0.3293556085918857,39.75384615384616,2.1067185153844465,0.705676073873367,1.400559420793321,0.8844725758659086,527325325.0,19.0,19.19,18.69,18.77,3291307.0,63298220.0,19.01,-1.2624934245134223,10.0,20.91,False,False,True,62.29905093937633
870,300012.SZ,华测检测,0.34142114384748684,24.277907884465264,1.6818544525985974,2.370309552147347,1.3520230363201162,0.9205696486233237,1431945938.0,14.06,14.1,13.75,13.99,31245562.0,435589567.0,13.95,0.28673835125447855,20.0,16.74,False,False,True,62.24481890373813
871,600166.SH,福田汽车,0.3333333333333335,31.20567375886527,2.268660520480399,1.8440984140268073,0.968172057256931,0.6353856269456221,7917400367.000001,3.02,3.05,2.99,3.04,92769259.0,280071703.0,3.04,0.0,10.0,3.34,False,False,True,62.07437536316095
872,300441.SZ,鲍斯股份,0.26541554959785524,24.102564102564106,2.3988773134184154,1.6702818109923079,1.7882247094626336,0.4394893912395657,629019147.0,6.85,6.85,6.69,6.81,4617448.0,31212134.0,6.84,-0.43859649122807154,20.0,8.21,False,False,True,61.42746465233391
873,002372.SZ,伟星新材,0.23819301848049265,39.86577181208053,2.2718547074979187,1.2027513923467479,1.6732785161604717,1.006215633430879,1470108109.0,8.72,8.86,8.58,8.64,17791649.0,154469788.0,8.61,0.34843205574914826,10.0,9.47,False,False,True,61.13693588998645
874,002268.SZ,电科网安,0.2343347639484979,34.105960264900645,2.1683986660231733,1.9577328037191561,1.428666106252461,1.1161793849381698,845109308.0,14.89,14.9,14.12,14.37,18467168.0,264783512.0,14.81,-2.9709655638082477,10.0,16.29,False,False,True,60.90160759248499
875,002523.SZ,天桥起重,0.20187793427230052,34.61538461538463,2.3533768887588136,2.1029397486522856,1.3963986599999882,0.59214323752352,1411542683.0,3.29,3.3,3.23,3.28,17577116.0,57321100.0,3.29,-0.3039513677811634,10.0,3.62,False,False,True,60.892891729614554
876,600906.SH,财达证券,0.32870370370370366,31.219512195121958,1.688785574148913,2.1682720830857196,1.420012529070726,0.545849658756725,2124234950.0,6.6,6.62,6.53,6.59,25141395.0,165024953.0,6.62,-0.45317220543806824,10.0,7.28,False,False,True,60.87933372070502
877,002162.SZ,悦心健康,0.2334384858044163,34.14634146341464,1.8831033484037545,2.4337426277367324,1.4726490549502684,0.544280984907337,918321621.0,4.03,4.04,3.91,4.0,12164454.0,48211911.0,4.02,-0.4975124378109319,10.0,4.42,False,False,True,60.86383885337982
878,603836.SH,海程邦达,0.2822384428223845,32.411067193675905,2.0316190145292046,1.6798163055866722,1.6852499370571523,0.48061270040655635,278929332.0,8.72,8.75,8.59,8.75,2251911.0,19544951.0,8.75,0.0,10.0,9.63,False,False,True,60.823164826651166
879,301153.SZ,中科江南,0.22832140015910907,38.366817887232685,2.4559064279752953,1.709198558558502,1.163168992451605,1.1404886439689454,331752348.0,18.21,18.31,17.48,17.82,6466920.0,114807335.0,18.3,-2.622950819672132,20.0,21.96,False,False,True,60.703079604880884
880,300357.SZ,我武生物,0.19999999999999984,30.088062622309188,2.4705979492586656,2.4752187876331257,1.3219329296700746,1.5533723017496137,485414205.0,23.22,24.97,23.1,24.88,18663867.0,450896863.0,23.45,6.098081023454149,20.0,28.14,False,False,True,60.6875847375557
881,002908.SZ,德生科技,0.17605633802816903,39.99999999999999,2.289843654605246,2.296890845018757,1.3277952265381516,2.3686236363902617,325248116.0,7.23,7.29,6.98,7.16,17695026.0,125515488.0,7.35,-2.585034013605436,10.0,8.09,False,False,True,60.65078442765833
882,601360.SH,三六零,0.25641025641025644,39.585870889159544,2.0934494223483235,1.7669953793948714,1.2777902461236108,1.0827261600389704,6999557879.0,9.75,9.75,9.41,9.59,133913590.0,1286562164.0,9.81,-2.2426095820591296,10.0,10.79,False,False,True,60.18400154948673
883,603197.SH,保隆科技,0.20783132530120482,37.93638479441428,2.234229577391951,2.0297221538289247,1.514395818717082,0.5939239136483573,211152127.0,29.67,29.91,29.38,29.51,2545440.0,76171042.0,29.92,-1.3703208556149704,10.0,32.91,False,False,True,59.903157079217515
884,300298.SZ,三诺生物,0.32978723404255333,28.64622288706058,1.8581163544548112,2.039477768288039,1.8454924925034104,0.7535482016731747,448001059.0,16.14,16.41,15.91,16.35,6885081.0,111297235.0,16.16,1.1757425742574323,20.0,19.39,False,False,True,59.877977919814064
885,300529.SZ,健帆生物,0.33405405405405403,31.704005431092995,1.9414456852777424,1.7417784754286898,1.6751667558690324,3.1635906698679466,512402075.0,16.8,16.95,15.94,16.38,28234759.0,460133684.0,17.82,-8.080808080808088,20.0,21.38,False,False,True,59.81406159209761
886,601199.SH,江南水务,0.27152317880794713,19.924098671726775,2.3776287857006584,2.2238654052365745,1.8094066172330738,0.36822035584535584,935210292.0,5.49,5.55,5.45,5.51,7658180.0,42139229.0,5.5,0.1818181818181719,10.0,6.05,False,False,True,59.44024791787721
887,002907.SZ,华森制药,0.2030848329048843,32.48463564530289,2.1735525982248305,2.496901457084309,2.612155190169284,0.9487222448194617,339045651.0,13.01,13.52,12.87,13.47,8031537.0,106920819.0,12.97,3.855050115651504,10.0,14.27,False,False,True,59.36471043966686
888,300026.SZ,红日药业,0.3333333333333334,28.11387900355873,1.740479453717097,2.497357276743819,2.017098550898196,0.8305031006232024,3001325425.0,3.33,3.41,3.31,3.41,62249379.0,210071024.0,3.35,1.7910447761193993,20.0,4.02,False,False,True,58.750726321905866
889,600272.SH,开开实业,0.23399301513387652,28.425357873210654,2.3955575115899626,2.47632034375,1.4890961383068684,3.9682047901440862,160000000.0,11.9,12.97,11.6,12.97,15722474.0,195787168.0,11.79,10.008481764206966,10.0,12.97,True,False,True,58.73523145458066
890,001328.SZ,登康口腔,0.26692644909887975,36.04938271604938,2.4601398537980965,1.4516055217481856,1.5307988060051876,1.4578127643446794,161716900.0,29.78,30.86,29.31,30.66,3422203.0,103194353.0,29.78,2.9550033579583523,10.0,32.76,False,False,True,58.68874685260508
891,300146.SZ,汤臣倍健,0.32368421052631585,27.733934611048493,2.0452662022126615,2.3050355061942223,1.8143925556108884,0.572446741074165,1120818659.0,10.15,10.15,9.95,10.09,14789315.0,148614900.0,10.1,-0.0990099009900991,20.0,12.12,False,False,True,57.73968622893666
892,603345.SH,安井食品,0.3708897485493231,33.97256625382872,2.0102534373935983,2.124777994270268,1.2518745018095563,0.875679270460128,293294232.0,81.76,83.71,81.72,83.35,5457103.0,461991441.0,82.2,1.3990267639902632,10.0,90.42,False,False,True,57.64478016656982
893,301015.SZ,百洋医药,0.30646387832699623,33.58695652173913,2.2737123507172274,1.8065974465009842,1.5451780214357895,1.192818614637061,525556577.00000006,22.32,23.99,22.26,23.87,11325445.0,263017336.0,22.43,6.419973250111455,20.0,26.92,False,False,True,57.3484408289754
894,605305.SH,中际联合,0.3518518518518517,38.206459054209915,2.443916400626647,2.273147374364761,0.8652100988431789,0.7372951848569275,212520000.0,39.72,40.11,39.23,39.47,3561794.0,143024979.0,39.62,-0.37859666834931804,10.0,43.58,False,False,True,57.33875653689714
895,600976.SH,健民集团,0.29747899159663854,28.849270664505667,2.1782137294676263,2.3708126493001185,1.6961684770560852,1.7516895255934188,153298600.0,29.99,30.44,29.44,30.15,6366380.0,191470496.0,29.99,0.533511170390133,10.0,32.99,False,False,True,57.057912066627935
896,002698.SZ,博实股份,0.27735368956742995,38.268156424580994,2.327653966959569,2.1140889735103494,1.3920529819663277,3.557247901859903,844138325.0,12.98,14.21,12.98,13.68,63482060.0,875277274.0,12.92,5.882352941176472,10.0,14.21,True,False,True,55.49486732519853
897,600252.SH,中恒集团,0.35251798561151093,38.01169590643274,2.123091672798956,2.1008221070788267,1.5035467531392885,0.7171715796549791,3184163069.9999995,2.19,2.24,2.17,2.23,47974190.0,105855937.0,2.2,1.3636363636363447,10.0,2.42,False,False,True,54.35986829362774
898,603882.SH,金域医学,0.3613724405091312,36.23255813953487,2.273044020660516,2.164589904314011,1.9074658608091788,1.175059110785909,460134577.0,27.81,29.36,27.51,28.97,11703620.0,333912520.0,28.03,3.3535497681056015,10.0,30.83,False,False,True,52.59926399380205
