pool_rank,code,name,bottom_percentile,range_60d_pct,mean_abs_return_20d_pct,mean_turnover_20d_pct,recent_volume_ratio,event_volume_ratio,outstanding_share,event_open,event_high,event_low,event_close,event_volume,event_amount,previous_close,event_gain_pct,limit_up_rate_pct,limit_up_price,hit_limit_up,is_st,passes_dormant_filter,dormancy_score
1,603230.SH,内蒙新华,0.0,26.19883040935671,1.5224955934722861,0.5257754516679201,0.7750749800313868,1.0289787342981767,353523000.0,8.55,8.67,8.5,8.64,1912601.0,16489272.0,8.55,1.0526315789473717,10.0,9.41,False,False,True,94.61389212262321
2,002641.SZ,公元股份,0.0,20.6989247311828,1.3183607784412794,0.9281189572101498,0.8515274369536838,1.1382565404289733,1133957528.0,3.72,3.78,3.69,3.73,11979571.0,44702723.0,3.72,0.26881720430107503,10.0,4.09,False,False,True,93.96003104384944
3,600029.SH,南方航空,0.025641025641025595,16.56565656565656,1.2833374191803866,0.7030494662604111,0.8702861721104418,0.8876770289185967,13476972212.0,5.13,5.19,5.1,5.15,84107204.0,432655277.0,5.04,2.182539682539697,10.0,5.54,False,False,True,92.70663562281722
4,002206.SZ,海 利 得,0.017857142857142877,19.132149901380657,1.572382793792862,1.0450572507627565,0.6717349604347875,0.6580827785565425,1056970986.0,5.1,5.19,5.1,5.14,7269101.0,37387789.0,5.11,0.5870841487279677,10.0,5.62,False,False,True,92.02173069460612
5,688459.SH,哈铁科技,0.05524861878453043,19.325551232166017,0.899838721540862,0.25969772916666245,0.8188824288153804,0.6762148398326226,480000000.0,7.87,8.0,7.87,7.98,842935.0,6713876.0,7.91,0.8849557522123908,20.0,9.49,False,False,True,91.25727590221189
6,300193.SZ,佳士科技,0.015325670498084303,21.178120617110817,1.5167265938710672,1.269282061940876,0.7199408093435662,0.4477470954717122,418156172.0,7.15,7.33,7.15,7.31,2376900.0,17298332.0,7.17,1.9525801952580135,20.0,8.6,False,False,True,91.04967015909972
7,000958.SZ,电投产融,0.043478260869565064,27.692307692307683,1.403140842978064,0.403333272702709,0.667393709876929,0.7148812035430323,5383418520.0,5.26,5.4,5.25,5.39,15522300.0,82902767.0,5.3,1.6981132075471583,10.0,5.83,False,False,True,90.95847885137756
8,301223.SZ,中荣股份,0.02072538860103614,30.86014445173999,1.5050023562292631,0.658289681700524,0.8091666690534223,0.6864645364398537,193127560.0,15.27,15.58,15.27,15.51,872729.0,13517226.0,15.35,1.042345276872969,20.0,18.42,False,False,True,90.68102444703143
9,605259.SH,绿田机械,0.03840361445783117,29.126213592233018,1.3842850871674273,0.6482841488868225,0.6591372907333176,0.5408347012794675,172480000.0,16.92,17.35,16.76,17.25,604740.0,10352613.0,16.99,1.5303119482048322,10.0,18.69,False,False,True,90.62281722933645
10,688569.SH,铁科轨道,0.012133468149646207,33.14028314028317,1.6731101688132604,0.42361901525015055,0.8284315877856997,0.8824458144456415,210666700.0,15.57,15.95,15.57,15.94,787516.0,12580892.0,15.66,1.7879948914431676,20.0,18.79,False,False,True,90.47535894450913
11,603111.SH,康尼机电,0.028688524590164046,26.022304832713772,1.3006771198794187,0.6881009479212006,0.907989890638653,0.7706648428208632,837595196.0,5.43,5.58,5.43,5.53,4464600.0,25350879.0,5.45,1.4678899082568808,10.0,6.0,False,False,True,90.39774932091579
12,600221.SH,海航控股,0.04761904761904767,26.923076923076916,1.1868963885787323,0.5908220694647934,0.7257340440366238,0.6757557153241992,42845514933.0,1.33,1.34,1.32,1.34,171061314.0,228143560.0,1.33,0.7518796992481258,10.0,1.46,False,False,True,90.39580908032596
13,688334.SH,西高院,0.04413062665489851,28.98983861326956,1.3710189605125067,0.6134186957600439,0.6423841586124697,0.7410905869119983,312171069.0,17.23,17.63,17.22,17.57,1419126.0,25195212.0,17.23,1.9733023795705185,20.0,20.68,False,False,True,90.26581296080714
14,600935.SH,华塑股份,0.03906249999999987,30.555555555555536,1.5164752873422285,0.54601145453248,0.6253347978279112,0.47546799919198224,3507401812.0,2.2,2.24,2.2,2.24,9105600.0,20271336.0,2.21,1.3574660633484337,10.0,2.43,False,False,True,90.19596429957315
15,002059.SZ,云南旅游,0.039312039312039346,24.37810945273633,1.4003597226636755,0.8180497165041721,0.8069682427542432,1.1633402353109388,990393246.0,4.15,4.31,4.15,4.29,9421901.0,40254423.0,4.18,2.6315789473684292,10.0,4.6,False,False,True,89.87194412107101
16,000877.SZ,天山股份,0.0026109660574413136,37.46478873239436,1.401988728364475,0.19810985270588252,0.9743476632703322,0.7922793675071623,7110490194.0,3.55,3.62,3.54,3.61,11160508.0,40162181.0,3.56,1.4044943820224587,10.0,3.92,False,False,True,89.59837019790454
17,300791.SZ,仙乐健康,0.02119815668202769,26.623376623376615,1.6513787598593566,0.6506905965935346,0.9146730090182188,0.6332672162509211,257407184.00000003,15.63,16.07,15.52,16.03,1060680.0,16868395.0,15.63,2.559181062060145,20.0,18.76,False,False,True,89.59060923554522
18,600897.SH,厦门空港,0.09179926560587513,16.131386861313878,0.8404002055136999,0.3856951819712419,0.6467831464958316,0.6017059882089629,416934000.0,14.48,14.6,14.45,14.53,967600.0,14046520.0,14.45,0.5536332179930881,10.0,15.9,False,False,True,89.45479239425688
19,603018.SH,XD华设集,0.0,27.935222672064764,1.3937380119893024,0.972237367875888,1.0790975349637013,0.8918998265244175,819147727.0,4.92,5.06,4.91,5.05,7103144.0,35910683.0,4.94,2.2267206477732726,10.0,5.43,False,False,True,89.29666278618548
20,002302.SZ,西部建设,0.021897810218978072,38.20754716981132,1.4257183630157724,0.5566840052537211,0.7645306472388168,0.9858066181517589,1262354304.0,4.34,4.45,4.31,4.44,6927583.0,30522855.0,4.33,2.5404157043879882,10.0,4.76,False,False,True,89.20256111757858
21,605183.SH,确成股份,0.008179959100204507,28.317272053372868,2.0010252360587417,0.5461996172460429,0.8901961330578994,0.5423103300965263,412429445.0,13.57,13.98,13.57,13.9,1221656.0,16912918.0,13.57,2.431834929992638,10.0,14.93,False,False,True,89.0279394644936
22,603408.SH,建霖家居,0.056092843326886056,23.397435897435905,1.362889583345138,0.4171118454419675,0.8665831128440793,0.7430043709290367,447573000.0,9.68,9.78,9.56,9.72,1387100.0,13489133.0,9.65,0.7253886010362809,10.0,10.62,False,False,True,88.82615444315095
23,300230.SZ,永利股份,0.027586206896551446,24.874371859296485,1.4603331769427066,1.3890173602705749,0.7132633933827282,0.8193093599081614,629822499.0,4.0,4.1,4.0,4.08,7167600.0,29151376.0,4.02,1.4925373134328401,20.0,4.82,False,False,True,88.7815289095848
24,300160.SZ,秀强股份,0.019455252918288212,29.850746268656714,1.6325849901470613,0.9935595937745687,0.832839650626236,0.6637551197931167,762964451.0,4.05,4.17,4.05,4.16,5031600.0,20820015.0,4.07,2.211302211302213,20.0,4.88,False,False,True,88.72138145129996
25,002469.SZ,三维化学,0.0019685039370080067,38.691588785046726,1.55904682771395,1.1079373412822562,0.6043122453951681,0.8814482269274153,628984911.0,5.35,5.49,5.3,5.48,6142600.0,33446675.0,5.36,2.238805970149249,10.0,5.9,False,False,True,88.69033760186262
26,603511.SH,爱慕股份,0.009562841530054685,32.84403669724772,1.298986747331606,0.4536864055066209,1.1229921976625015,1.5154323068054159,401887312.0,11.17,11.37,10.91,11.29,2763100.0,31106745.0,10.97,2.917046490428432,10.0,12.07,False,False,True,88.64183158711681
27,600894.SH,广日股份,0.04658385093167712,31.78717598908596,1.402503367600123,0.5632011546965665,0.7561843070153996,0.5711503239613239,843144445.0,7.51,7.63,7.49,7.54,2712164.0,20500710.0,7.48,0.8021390374331583,10.0,8.23,False,False,True,88.63213038416764
28,002116.SZ,中国海诚,0.06885245901639343,23.39449541284404,1.4008624257755709,0.5536743527920736,0.7121247168440697,1.0114006433413516,552152964.0,6.82,6.92,6.72,6.88,3091939.0,21252955.0,6.75,1.925925925925931,10.0,7.43,False,False,True,88.52735739231665
29,000789.SZ,万年青,0.041322314049586806,30.563002680965145,1.5641567731712782,0.5543913067215069,0.8171365322547179,0.711981726230108,797420215.0,3.82,3.91,3.81,3.88,3147549.0,12201497.0,3.83,1.305483028720622,10.0,4.21,False,False,True,88.38183934807915
30,002282.SZ,博深股份,0.04651162790697677,25.41133455210238,1.4802320226686376,0.8971797735041521,0.7946382257504958,0.6085621507166888,483311104.0,5.56,5.67,5.55,5.62,2644962.0,14902316.0,5.59,0.5366726296959001,10.0,6.15,False,False,True,88.17811408614669
31,600567.SH,山鹰国际,0.03614457831325304,17.322834645669282,1.2151177346244577,1.2468723878651218,0.9415222742729589,0.6051199343196731,6307453306.0,1.3,1.32,1.29,1.31,47590198.0,62257013.0,1.3,0.7692307692307665,10.0,1.43,False,False,True,88.04035700426854
32,603199.SH,九华旅游,0.0531335149863761,22.433333333333326,1.161522576728668,1.2415179797614695,0.6833658742788941,1.172530974729063,110680000.0,30.88,31.53,30.88,31.45,1611189.0,50484928.0,30.78,2.176738141650425,10.0,33.86,False,False,True,87.97050834303455
33,002945.SZ,华林证券,0.0373831775700935,29.832935560859198,1.8615229866730574,0.40256363333332795,0.813328144719669,0.6183875360822872,2700000000.0,12.88,13.13,12.79,13.11,6721389.0,87385494.0,12.89,1.706749418153608,10.0,14.18,False,False,True,87.79976717112922
34,600261.SH,阳光照明,0.04958677685950416,34.96503496503496,1.282317825745446,0.7484738362058312,0.6022584808715175,0.5941752153133831,1335052966.0,2.92,2.97,2.92,2.95,5937309.0,17503314.0,2.92,1.0273972602739878,10.0,3.21,False,False,True,87.79394644935974
35,603227.SH,雪峰科技,0.04761904761904754,35.84070796460177,1.2473761297480535,0.7700816133868345,0.5759932617880759,1.0328134808379401,1071692689.0,6.93,7.26,6.9,7.19,8523715.0,60331081.0,6.96,3.3045977011494365,10.0,7.66,False,False,True,87.74350019402407
36,301215.SZ,中汽股份,0.018315018315018253,31.919191919191924,1.56564257057074,0.8292546619782164,0.9791446043806868,0.8689258337470984,1322400000.0,5.02,5.08,4.98,5.07,9528696.0,48160745.0,5.0,1.4000000000000012,20.0,6.0,False,False,True,87.56499805975943
37,600551.SH,时代出版,0.0580474934036941,27.357032457496146,1.0442441642999278,0.6212512060540196,0.9125287898389415,0.7709381079149313,678055239.0,6.73,6.79,6.66,6.71,3247520.0,21901954.0,6.69,0.2989536621823552,10.0,7.36,False,False,True,87.43888242142026
38,301332.SZ,德尔玛,0.03686635944700464,35.06139154160983,1.5368205212493768,0.7661059172880935,0.7827581025292228,0.9756245420214108,264840240.0,7.49,7.67,7.4,7.64,1979500.0,15017282.0,7.49,2.002670226969294,20.0,8.99,False,False,True,87.28560341482343
39,000156.SZ,华数传媒,0.054794520547945265,23.491027732463298,1.6861599283572155,0.592309058339553,0.8523715181543535,0.7696091305902909,1699875877.0,6.34,6.49,6.3,6.47,7748824.0,51096046.0,6.33,2.211690363349117,10.0,6.96,False,False,True,87.25261932479627
40,603107.SH,上海汽配,0.03521126760563369,32.11009174311927,1.3087146570080948,0.8448329621754427,0.9318709783426127,0.7339386428271155,218173998.0,11.08,11.33,11.04,11.25,1352800.0,15227963.0,11.1,1.3513513513513598,10.0,12.21,False,False,True,87.1245634458673
41,603888.SH,新华网,0.030483271375464693,27.77777777777779,1.49871514727786,1.2618305957853104,0.8553805168300256,0.8840499241971446,742211985.0,15.3,15.74,15.21,15.7,7588927.0,118362840.0,15.35,2.28013029315961,10.0,16.89,False,False,True,87.0430733410943
42,600054.SH,黄山旅游,0.08133971291866025,14.217557251908408,1.1099937427128421,1.15414537307617,0.6885155634668003,0.9284524184939398,513300000.0,10.71,10.96,10.71,10.93,5500364.0,59851708.0,10.82,1.0166358595194103,10.0,11.9,False,False,True,86.92083818393479
43,600168.SH,武汉控股,0.07829181494661928,29.77099236641221,1.1076063687866218,0.549513057042719,0.7597327139510691,0.6861555906465894,993397569.0,4.18,4.2,4.11,4.19,3745620.0,15640658.0,4.15,0.9638554216867545,10.0,4.57,False,False,True,86.87233216918898
44,300729.SZ,乐歌股份,0.021538461538461624,37.28813559322035,1.438567810450362,0.843534177835725,0.9070741792228962,0.49785889963428326,328084465.0,9.53,9.78,9.5,9.74,1378000.0,13382876.0,9.58,1.6701461377870652,20.0,11.5,False,False,True,86.8626309662398
45,600558.SH,大西洋,0.020661157024793316,32.79816513761467,1.4639824258884164,1.3905602854314354,0.8055545261639403,0.7865143730043391,897604831.0,4.42,4.51,4.41,4.5,9817065.0,45018260.0,4.41,2.0408163265306145,10.0,4.85,False,False,True,86.84710904152115
46,002010.SZ,传化智联,0.0347222222222224,32.873563218390814,1.5488039961713258,0.798044485482653,0.8994530706933225,0.9643297752173738,2757765331.0,4.48,4.58,4.45,4.57,21223006.0,96540437.0,4.45,2.696629213483148,10.0,4.9,False,False,True,86.67248738843615
47,601921.SH,浙版传媒,0.1319148936170215,16.897081413210447,1.0853123403415927,0.266600963156685,0.743852941892879,0.7288083194875704,2222222223.0,6.84,6.96,6.8,6.93,4317800.0,30248557.0,6.82,1.6129032258064502,10.0,7.5,False,False,True,86.63174233604967
48,601456.SH,国联民生,0.0835380835380835,13.898704358068304,0.96976324256703,0.5736991366943579,0.9835094559563473,0.4643057871840181,4376981617.0,8.86,8.87,8.78,8.85,11659046.0,103808343.0,8.83,0.22650056625141968,10.0,9.71,False,False,True,86.58517656189368
49,600469.SH,风神股份,0.0287539936102236,33.53535353535353,1.7637498795368827,1.0558404967618393,0.7465710346726159,0.5461392675153359,729450871.0,5.04,5.16,5.04,5.13,4206276.0,21567624.0,5.04,1.7857142857142794,10.0,5.54,False,False,True,86.33876600698486
50,600307.SH,酒钢宏兴,0.04347826086956508,34.558823529411754,1.4878543278216116,0.8860451159524904,0.7827979548775847,0.5821518586870547,6263357424.0,1.41,1.44,1.41,1.43,32307200.0,46083014.0,1.41,1.4184397163120588,10.0,1.55,False,False,True,86.2999611951882
51,002540.SZ,亚太科技,0.002915451895043928,34.7345132743363,1.613716933570808,1.3444847963936417,0.9280055831281724,1.5836417650296022,858201358.0,4.53,4.8,4.53,4.75,18272671.0,85926326.0,4.53,4.856512141280356,10.0,4.98,False,False,True,85.99340318199458
52,600117.SH,西宁特钢,0.04716981132075469,33.00000000000001,1.5854297741021823,0.47968190174371583,0.9082708788637345,0.5279170026603065,3255114857.0,2.17,2.19,2.14,2.18,8243000.0,17840242.0,2.15,1.3953488372093092,10.0,2.37,False,False,True,85.85855646100117
53,600805.SH,悦达投资,0.052208835341365244,35.368956743002556,1.5446939689811487,0.8615296203664649,0.6187132620811953,0.7789644437479005,850275368.0,4.02,4.14,4.02,4.11,5706206.0,23572661.0,4.06,1.2315270935960854,10.0,4.47,False,False,True,85.84012417539776
54,603970.SH,中农立华,0.03420523138832996,37.61854583772393,1.5086755082371375,0.7802298751830177,0.8619305724000098,0.9871112959131727,268800134.0,9.73,9.81,9.61,9.76,2070228.0,20182441.0,9.66,1.0351966873705987,10.0,10.63,False,False,True,85.84012417539775
55,600628.SH,新世界,0.033653846153846284,30.270270270270274,1.6270531321017572,1.1959839006642385,0.8528420884260897,0.7657313400293926,646875384.0,5.7,5.84,5.69,5.81,5924100.0,34565553.0,5.69,2.1089630931458547,10.0,6.26,False,False,True,85.78191695770275
56,000544.SZ,中原环保,0.10344827586206905,19.82633863965266,1.0275757775496985,0.46958967813181646,0.9062671984918441,0.941709041875575,974684488.0,7.14,7.24,7.12,7.23,4310219.0,31012552.0,7.15,1.118881118881121,10.0,7.87,False,False,True,85.73729142413659
57,600814.SH,杭州解百,0.060546875000000104,30.574324324324344,1.6585094514797682,0.744697541853879,0.7336181953416065,0.8742422116024383,735078598.0,6.22,6.35,6.18,6.31,4785700.0,30149209.0,6.23,1.284109149277679,10.0,6.85,False,False,True,85.71788901823825
58,600742.SH,富维股份,0.03899082568807338,38.96848137535815,1.4620956770179345,0.788552938837007,0.791221030738954,0.7137827438870817,743057880.0,7.14,7.27,7.14,7.2,4182342.0,30206787.0,7.15,0.6993006993006867,10.0,7.87,False,False,True,85.70430733410943
59,003039.SZ,顺控发展,0.05533596837944662,34.23005565862711,1.431924489949153,0.6070057664485705,0.8576252673090358,0.7783374248404169,617518730.0,11.2,11.43,11.15,11.37,2917500.0,33143140.0,11.2,1.5178571428571486,10.0,12.32,False,False,True,85.64804035700428
60,688533.SH,上声电子,0.0,39.97990959316926,2.15648520552386,0.655694423661071,0.79709316012321,0.6166158837782469,164987108.99999997,19.68,20.47,19.68,20.34,667062.0,13504944.0,19.91,2.159718734304361,20.0,23.89,False,False,True,85.55296856810244
61,600569.SH,安阳钢铁,0.05645161290322568,36.645962732919266,1.5731004474242647,0.5771674076374476,0.6876771549999426,1.0654407918319166,2872421386.0,1.69,1.73,1.66,1.71,17663602.0,30072497.0,1.68,1.7857142857142794,10.0,1.85,False,False,True,85.47923942568879
62,601568.SH,北元化工,0.15540540540540534,17.664670658682645,1.1984356280739106,0.4415853522499146,0.6775418090375377,0.93490726437804,3972222224.000001,3.57,3.61,3.55,3.59,16398976.0,58735773.0,3.57,0.5602240896358524,10.0,3.93,False,False,True,85.42879317035312
63,688425.SH,铁建重工,0.07473309608540908,23.376623376623385,1.2862908559139532,0.3968388910690255,1.0207055132030995,0.676067899687945,5333497000.0,4.06,4.11,4.05,4.1,14309241.0,59645338.0,4.06,0.9852216748768461,20.0,4.87,False,False,True,85.38028715560729
64,601111.SH,中国国航,0.06182795698924721,28.795811518324598,1.4743971018178421,0.7419055302142912,0.9058259152935504,0.8698864806909109,11638109474.0,6.03,6.16,6.02,6.1,75109285.0,457034937.0,5.96,2.348993288590595,10.0,6.56,False,False,True,85.26581296080714
65,301058.SZ,中粮科工,0.058700209643605915,34.35013262599471,1.4573433549097448,0.8328845031043813,0.757083180881127,0.7095733217382957,512274245.0,7.82,8.02,7.8,7.98,3027503.0,24107571.0,7.82,2.0460358056265893,20.0,9.38,False,False,True,85.23088863019014
66,000631.SZ,顺发恒能,0.05555555555555538,33.823529411764696,1.9047052409253307,0.5513708274493335,0.5413574647189454,0.9801707278290052,2300000085.0,2.8,2.91,2.8,2.9,12430064.0,35772245.0,2.82,2.8368794326241176,10.0,3.1,False,False,True,85.19208381839348
67,600643.SH,爱建集团,0.021201413427561856,38.964577656675736,1.7278333259607692,0.9059078161801996,0.8587451452351681,0.9460713540918881,1590351716.0,3.73,3.85,3.71,3.84,13630164.0,51796362.0,3.73,2.9490616621983934,10.0,4.1,False,False,True,85.13581684128832
68,688526.SH,科前生物,0.08567774936061381,23.347639484978533,1.571751747300262,0.3512241065360755,0.8933319619040968,0.48571359287436655,466128056.0,12.22,12.6,12.2,12.43,795188.0,9905485.0,12.32,0.8928571428571397,20.0,14.78,False,False,True,85.07566938300349
69,600824.SH,益民集团,0.06018518518518515,29.46708463949843,1.4279312741671073,0.8307475134464529,0.905161115623034,0.7409854914008979,1054027073.0,3.32,3.4,3.28,3.38,6488294.0,22092712.0,3.32,1.8072289156626509,10.0,3.65,False,False,True,85.06014745828483
70,000655.SZ,金岭矿业,0.047368421052631504,36.006546644844526,1.5387217765669443,0.9818032959069433,0.7318018429542005,0.8096224681654797,595340230.0,6.38,6.54,6.38,6.51,4732300.0,30717061.0,6.38,2.0376175548589393,10.0,7.02,False,False,True,84.918509895227
71,600798.SH,宁波海运,0.08720930232558136,28.666666666666664,1.018601279245167,1.156322115729228,0.4928275222231964,0.930522866135407,1206534201.0,3.15,3.19,3.12,3.18,12982117.0,41084597.0,3.15,0.9523809523809712,10.0,3.47,False,False,True,84.90492821109818
72,000428.SZ,华天酒店,0.04477611940298511,32.5503355704698,1.6337344182274474,1.121283738956504,0.7762638639760837,3.125420908932354,1018926000.0,3.25,3.34,3.16,3.34,35708095.0,117270153.0,3.04,9.868421052631572,10.0,3.34,True,False,True,84.86418315871168
73,601065.SH,江盐集团,0.07692307692307693,29.107981220657276,1.1407464435985677,0.6831017353400859,0.9223545780737541,0.747264536599479,642776079.0,6.56,6.69,6.56,6.67,3281100.0,21807004.0,6.6,1.060606060606073,10.0,7.26,False,False,True,84.78560341482344
74,600649.SH,城投控股,0.07983193277310922,33.33333333333335,1.3801755826087092,0.7373627066102719,0.688313960241779,0.8967198056155034,2504500768.0,3.53,3.62,3.49,3.59,16559953.0,59398735.0,3.52,1.9886363636363535,10.0,3.87,False,False,True,84.76329064804037
75,301048.SZ,金鹰重工,0.033333333333333534,36.585365853658544,1.6888737826802067,0.733293030213366,0.9294494856640927,0.6823473588850782,533333400.0,8.38,8.59,8.35,8.57,2668590.0,22788114.0,8.46,1.3002364066193817,20.0,10.15,False,False,True,84.76329064804035
76,601992.SH,金隅集团,0.10679611650485427,30.708661417322823,1.1890976907227648,0.6255877906136145,0.6819128593252408,0.6374742737716945,8334158264.0,1.38,1.4,1.37,1.39,33236300.0,46177340.0,1.38,0.7246376811594235,10.0,1.52,False,False,True,84.70896391152503
77,601669.SH,中国电建,0.08270676691729313,32.67108167770418,1.1663128260246025,0.9460260857763543,0.5980688908469627,0.7036120475077284,13071525850.0,4.74,4.8,4.73,4.79,87008697.0,415446570.0,4.75,0.8421052631578885,10.0,5.23,False,False,True,84.6662786185487
78,600278.SH,东方创业,0.07038123167155429,34.79020979020979,1.299000184747705,0.611570772718292,0.8328210268500988,0.633498449440386,860518657.0,5.95,6.06,5.94,6.03,3333900.0,20305472.0,5.96,1.1744966442952975,10.0,6.56,False,False,True,84.65851765618936
79,603210.SH,泰鸿万立,0.024271844660194178,32.280978689818475,1.5644522733374608,1.1700780909198312,1.0191126354601434,0.5878501497396638,232677500.0,12.9,13.15,12.85,13.08,1600427.0,20889533.0,12.92,1.238390092879249,10.0,14.21,False,False,True,84.60419091967404
80,002322.SZ,理工能科,0.0729537366548043,31.1886586695747,1.4691722147624824,0.9737024610157666,0.6598596333487526,0.7405709820392685,351380929.00000006,9.58,9.75,9.51,9.7,2533800.0,25177438.0,9.58,1.2526096033402823,10.0,10.54,False,False,True,84.58478851377569
81,001213.SZ,中铁特货,0.14999999999999997,20.241691842900302,1.0984255760543906,0.22725298014771947,0.8480830991304197,0.6027544717990307,4444444444.0,3.47,3.5,3.45,3.49,6087900.0,21278511.0,3.46,0.8670520231213841,10.0,3.81,False,False,True,84.56344586728754
82,002852.SZ,道道全,0.02372262773722626,33.85939741750359,1.7663196376919639,1.380856249153247,0.8227791857669425,0.9134387268806171,285818746.0,7.13,7.41,7.04,7.29,3605100.0,26421877.0,7.1,2.6760563380281654,10.0,7.81,False,False,True,84.55374466433837
83,000965.SZ,天保基建,0.06091370558375617,31.141868512110715,1.4719151703179807,1.182019860782479,0.702151094227008,0.7601387044917051,1109830895.0,3.0,3.08,3.0,3.06,9971820.0,30523715.0,3.01,1.661129568106312,10.0,3.31,False,False,True,84.51882033372138
84,000913.SZ,钱江摩托,0.07151819322459226,30.630630630630627,1.2550232398741967,0.900581476532489,0.8649415687118155,1.0942712466075764,520102675.0,10.65,10.99,10.52,10.97,5125510.0,55722054.0,10.56,3.882575757575757,10.0,11.62,False,False,True,84.40628637951104
85,600917.SH,重庆燃气,0.1457286432160804,29.147982062780265,1.1242799985367395,0.264743596280975,0.6507345213583356,0.7790207050370882,1561039760.0,4.75,4.8,4.71,4.78,3219500.0,15353811.0,4.75,0.6315789473684275,10.0,5.23,False,False,True,84.38300349243306
86,688739.SH,成大生物,0.03308128544423455,32.152300370174494,1.684695344468436,0.5035574258614439,1.1435590633794042,0.8287316238996705,416450000.0,19.0,19.66,18.97,19.63,1737904.0,33742105.0,19.26,1.9210799584631122,20.0,23.11,False,False,True,84.33643771827705
87,688370.SH,丛麟科技,0.049312853678253804,32.040816326530596,2.0239593456738825,0.5325386515533455,0.804084834161845,0.7151424336109535,137107879.0,20.2,20.92,20.01,20.88,522163.0,10771149.0,20.21,3.315190499752596,20.0,24.25,False,False,True,84.3150950717889
88,600425.SH,青松建化,0.1049723756906077,28.6624203821656,1.1387454344693662,0.8776292525882422,0.7153898677795919,0.6792018644229948,1604703707.0,3.34,3.36,3.31,3.35,9565437.0,31970855.0,3.33,0.6006006006006093,10.0,3.66,False,False,True,84.25009701202949
89,603299.SH,苏盐井神,0.131782945736434,25.465116279069754,1.248778733171496,0.6620127560706105,0.7132490689857779,0.8964040510151778,780506184.0000001,9.01,9.18,9.0,9.12,4631765.0,42185630.0,9.11,0.1097694840834329,10.0,10.02,False,False,True,84.2336049670159
90,600820.SH,隧道股份,0.1470588235294117,17.39999999999999,0.86830178148203,0.5866898815593204,0.8857214844541806,0.852272697856546,3144096094.0,5.29,5.38,5.29,5.36,15721102.0,86715273.0,5.3,1.132075471698113,10.0,5.83,False,False,True,84.20062087698875
91,603855.SH,华荣股份,0.09159159159159178,24.59123610202747,1.4703510954372445,0.6743174357178466,0.8898350236189009,0.44931521307456884,335532500.0,15.98,16.15,15.81,16.01,1016600.0,16260097.0,15.9,0.6918238993710801,10.0,17.49,False,False,True,84.08614668218858
92,601022.SH,宁波远洋,0.17215189873417733,27.27272727272727,1.1234722734990106,0.38558649844081794,0.5362117520164076,0.9033250461321329,1308633334.0,7.96,8.06,7.89,8.01,4558100.0,36680556.0,7.94,0.881612090680095,10.0,8.73,False,False,True,84.03084982537835
93,603788.SH,宁波高发,0.04182509505703402,38.370253164556935,1.5083728745000515,0.8025676167278627,0.9090234226439371,1.0996800443290538,223065068.0,12.85,13.35,12.78,13.28,1968700.0,26013911.0,12.86,3.265940902021769,10.0,14.15,False,False,True,84.01629802095461
94,601686.SH,友发集团,0.11934156378600826,27.17622080679407,1.0099358959035407,0.40837207515064045,0.8949991848893302,0.8887151861217285,1479347326.0,5.0,5.07,4.98,5.05,5366997.0,27030965.0,5.0,1.0000000000000009,10.0,5.5,False,False,True,84.00853705859525
95,300962.SZ,中金辐照,0.03722084367245666,38.57998289136013,1.5609029123124296,0.9935836938323159,0.8497318712645167,0.7999375390714382,264001897.0,11.9,12.4,11.9,12.33,2098300.0,25798004.0,11.99,2.8356964136780682,20.0,14.39,False,False,True,83.99689561505626
96,600958.SH,东方证券,0.08579881656804711,15.75262543757292,1.3466162125117251,0.8121259912431825,1.025666386878758,0.933966628408946,7469482864.0,8.95,9.09,8.91,9.08,56655921.0,511086098.0,8.86,2.483069977426644,10.0,9.75,False,False,True,83.98525417151727
97,002597.SZ,金禾实业,0.003824091778202595,33.56756756756758,2.1592705397170597,1.3330940654560086,0.819672883069827,0.7977378520852673,565976294.0,18.54,19.39,18.42,19.18,6019600.0,114903330.0,18.54,3.4519956850054045,10.0,20.39,False,False,True,83.94838960031045
98,601188.SH,龙江交通,0.10526315789473692,27.715355805243448,1.2894459076404114,0.8814649895627771,0.7385128297577422,0.8739060194627996,1305469915.0,2.79,2.84,2.78,2.82,10056264.0,28387491.0,2.79,1.0752688172043001,10.0,3.07,False,False,True,83.89794334497478
99,002381.SZ,双箭股份,0.008196721311475598,37.423312883435585,1.6865404407886924,1.5442564056703547,0.8584453794898143,0.8025985995255854,322026500.0,4.91,5.03,4.9,5.0,3990200.0,19881858.0,4.91,1.8329938900203624,10.0,5.4,False,False,True,83.85913853317811
100,600528.SH,中铁工业,0.14696485623003194,22.10200927357033,1.0929812158149144,0.550520533309348,0.853761054433255,0.7489559987282685,2221551588.0,6.9,7.03,6.9,6.96,9159805.0,64659959.0,6.93,0.43290043290042934,10.0,7.62,False,False,True,83.76018626309663
101,600939.SH,重庆建工,0.07086614173228353,37.88546255506606,1.4473683721646873,0.5549887231523974,0.7764470770045904,0.8838496079574172,1902474944.0,2.44,2.55,2.43,2.52,9332145.0,23513634.0,2.45,2.857142857142847,10.0,2.7,False,False,True,83.75824602250678
102,600861.SH,北京人力,0.10273224043715841,27.73037542662116,1.462460997319122,0.46536170159781637,0.8603911022145273,1.4656023549097517,536815544.0,12.6,13.08,12.55,12.99,3661271.0,47206196.0,12.66,2.6066350710900466,10.0,13.93,False,False,True,83.75048506014747
103,600639.SH,浦东金桥,0.16129032258064527,23.414071510957314,1.282151113863397,0.540712972490904,0.7242127997858872,0.7352253454641593,850236703.0,9.13,9.23,9.06,9.17,3380081.0,30998560.0,9.07,1.1025358324145529,10.0,9.98,False,False,True,83.74466433837796
104,002609.SZ,捷顺科技,0.05202312138728316,25.787965616045838,1.642501900071321,1.471587390608256,0.8033713588196161,0.53303097782297,459573516.0,7.25,7.4,7.25,7.39,3604600.0,26528100.0,7.25,1.93103448275862,10.0,7.98,False,False,True,83.64571206829646
105,300470.SZ,中密控股,0.09744779582366601,23.1021897810219,1.6065709750235229,1.0200008779683694,0.6640295545358585,0.6575966822658488,197334685.0,28.8,29.19,28.54,29.09,1323560.0,38395907.0,28.66,1.5003489183531116,20.0,34.39,False,False,True,83.6127279782693
106,000881.SZ,中广核技,0.051490514905149165,37.66666666666667,1.2832396178632512,1.079165330687764,0.8179573524108259,0.7507269564323641,903730851.0,6.19,6.38,6.18,6.31,7321653.0,46117778.0,6.19,1.9386106623586308,10.0,6.81,False,False,True,83.60496701590998
107,002543.SZ,万和电气,0.02752293577981651,34.54545454545457,1.5668502693929782,0.8353247662821766,1.1474642703811502,0.710411884904584,661176201.0,6.28,6.45,6.24,6.43,3923700.0,25118502.0,6.26,2.715654952076685,10.0,6.89,False,False,True,83.60496701590996
108,300908.SZ,仲景食品,0.03562005277044849,30.37634408602148,1.758317249568853,1.0169067691218345,1.0240045149609238,0.7002406872283417,122992524.0,15.17,15.43,15.08,15.33,876031.0,19460938.0,15.15,1.1881188118811892,20.0,18.18,False,False,True,83.58362436942181
109,600981.SH,苏豪汇鸿,0.02051282051282053,35.2112676056338,1.9792153514156179,0.9761996289608915,0.9341255251372451,0.97724274608977,2242433192.0,2.17,2.26,2.15,2.25,21392454.0,47739785.0,2.17,3.686635944700467,10.0,2.39,False,False,True,83.56810244470314
110,603136.SH,天目湖,0.036496350364963695,39.70406905055488,1.5059940243208494,1.1637649790352036,0.8143346695149193,1.1013808657896442,270126710.0,8.31,8.56,8.3,8.52,3462345.0,29411559.0,8.31,2.5270758122743597,10.0,9.14,False,False,True,83.49243306169966
111,002583.SZ,海能达,0.008771929824561476,37.89473684210527,1.8487049550340153,1.5583104100305893,0.7898647739269642,1.080913863732569,1283137692.0,7.67,7.94,7.61,7.92,21612715.0,169807633.0,7.66,3.394255874673635,10.0,8.43,False,False,True,83.37019790454016
112,000885.SZ,城发环境,0.1538461538461536,16.86143572621035,1.168524919370338,0.7175531353261566,0.8610319201622173,0.8388513271569771,642078255.0,12.55,12.66,12.48,12.65,3864800.0,48682550.0,12.52,1.0383386581469756,10.0,13.77,False,False,True,83.33915405510282
113,600000.SH,浦发银行,0.16787003610108295,14.426633785450061,0.9352672581430038,0.21959920327241303,0.96267312054696,0.7618756219680691,33305838300.0,9.0,9.13,8.96,9.05,55723092.0,504617087.0,9.04,0.11061946902657382,10.0,9.94,False,False,True,83.325572370974
114,603611.SH,诺力股份,0.03198127925117006,32.19354838709676,1.9926402511778007,1.1035745810268056,0.8675641483407491,0.5161500291515438,257600791.0,15.78,16.25,15.78,16.13,1467320.0,23661132.0,15.91,1.3827781269641681,10.0,17.5,False,False,True,83.31587116802483
115,002561.SZ,徐家汇,0.028301886792452848,35.4785478547855,1.5919514411836373,1.0840819645967785,1.0278126524507938,0.8009747277939336,414439567.0,6.18,6.33,6.16,6.3,3598671.0,22621908.0,6.18,1.9417475728155331,10.0,6.8,False,False,True,83.29258828094684
116,000825.SZ,太钢不锈,0.08502024291497992,35.0609756097561,1.2127540948899207,0.5848222205746145,0.8755415880392117,0.8117192874896596,5696247796.0,3.5,3.53,3.48,3.52,27040742.0,94817841.0,3.49,0.8595988538681931,10.0,3.84,False,False,True,83.24796274738067
117,002095.SZ,生 意 宝,0.04077849860982387,34.751203852327436,1.6705235038398876,1.1439364472578275,0.8924676054871218,0.8210435821296935,251708415.0,13.01,13.29,12.81,13.22,2364100.0,31091226.0,12.9,2.4806201550387597,10.0,14.19,False,False,True,83.19363601086536
118,603656.SH,泰禾智能,0.0583173996175906,29.618033813400114,1.4039350581390857,1.3161048065510317,0.8919954632480861,0.8264553254670907,182945358.0,17.05,17.25,16.81,16.98,1989900.0,33916122.0,16.58,2.4125452352231624,10.0,18.24,False,False,True,83.18005432673651
119,601163.SH,三角轮胎,0.11674008810572714,22.428330522765606,1.3790361443092578,0.50601241875,0.9503865663526336,0.688644165810802,800000000.0,12.38,12.59,12.38,12.5,2787700.0,35217590.0,12.39,0.8878127522195189,10.0,13.63,False,False,True,83.10826542491267
120,002978.SZ,安宁股份,0.06243213897937036,30.159378831221908,1.7668462438681156,0.9301342507564356,0.8634424494567028,0.589612951210067,369279558.00000006,25.7,25.99,25.51,25.96,2025200.0,52412130.0,25.62,1.3270882123341154,10.0,28.18,False,False,True,83.04423748544819
121,600834.SH,申通地铁,0.10921501706484622,31.43297380585515,1.4812072886185235,0.4424326158738615,0.8159330354073033,0.6056082040885269,477381905.0,6.83,6.93,6.78,6.92,1279101.0,8827992.0,6.81,1.6152716593245353,10.0,7.49,False,False,True,83.04229724485836
122,603277.SH,银都股份,0.029723991507431113,37.01030927835052,1.6101987920202139,0.311448656020345,1.2298567565528447,0.8817823140442426,609746025.0,9.92,10.23,9.91,10.14,1674545.0,16940770.0,9.98,1.603206412825653,10.0,10.98,False,False,True,83.01125339542102
123,601021.SH,春秋航空,0.08957845433255276,14.382442213401836,1.3520524214345475,0.837174148143147,1.0835808879951314,0.9472303060874837,978333423.0,44.36,45.34,44.32,45.03,7758152.0,354179521.0,43.82,2.7612962117754547,10.0,48.2,False,False,True,82.97244858362437
124,601599.SH,浙文影业,0.03114186851211068,37.090909090909086,1.5569381310091124,1.4771327843876771,0.8359294942829216,1.075427730086796,1160542453.0,2.84,2.94,2.84,2.93,18435792.0,53748667.0,2.84,3.169014084507049,10.0,3.12,False,False,True,82.93752425300738
125,002673.SZ,西部证券,0.10404624277456634,18.181818181818187,1.038433174712028,0.6925182465145195,1.0855351948650862,0.6315441842747592,4469581705.0,6.52,6.62,6.47,6.61,19547978.0,128292088.0,6.52,1.3803680981595123,10.0,7.17,False,False,True,82.93558401241754
126,603209.SH,兴通股份,0.11071428571428554,22.530612244897963,1.2390939849597946,1.1013653025587433,0.8173140402916692,1.2059940517909966,321491597.0,12.7,12.96,12.7,12.8,4270180.0,54673143.0,12.87,-0.5439005439005329,10.0,14.16,False,False,True,82.93364377182772
127,000726.SZ,鲁  泰Ａ,0.16935483870967735,22.097378277153545,1.1051561075724974,0.8587718145354309,0.707064396395047,0.9321338594571479,589288850.0,5.75,5.86,5.75,5.81,4717200.0,27484796.0,5.76,0.868055555555558,10.0,6.34,False,False,True,82.92976329064804
128,000755.SZ,山西高速,0.16748768472906395,25.238095238095237,1.4611143763208045,0.3590683663456191,0.7320797774517233,0.7305485037500379,1467310196.0,4.51,4.58,4.5,4.55,3849002.0,17505199.0,4.54,0.22026431718060735,10.0,4.99,False,False,True,82.91036088474971
129,002758.SZ,浙农股份,0.09144542772861372,23.835616438356166,1.8634213118730059,0.9691442624925215,0.6345390727476993,0.6114619346978669,518247801.00000006,7.6,7.7,7.56,7.68,3071096.0,23518752.0,7.61,0.9198423127463773,10.0,8.37,False,False,True,82.81334885525806
130,601618.SH,中国中冶,0.13157894736842105,24.583333333333357,1.250796439135346,0.6202116663982982,0.9014576044222637,0.7752921515065003,17852619170.0,2.65,2.69,2.64,2.66,85843469.0,228823745.0,2.65,0.37735849056603765,10.0,2.92,False,False,True,82.79782693053939
131,600283.SH,钱江水利,0.05574912891986069,21.094793057409888,1.627683937082993,0.9041960187723275,1.1485090713405568,0.3078590855168859,560824898.0,7.61,7.7,7.61,7.7,1561140.0,11988738.0,7.65,0.6535947712418277,10.0,8.42,False,False,True,82.76484284051223
132,603128.SH,华贸物流,0.19480519480519468,16.84210526315788,0.9625276952966038,0.6706422759037575,0.849123428752713,0.7952440746456051,1309046494.0,5.06,5.17,5.05,5.14,6981463.0,37251070.0,5.05,1.7821782178217838,10.0,5.56,False,False,True,82.73185875048507
133,301318.SZ,维海德,0.008959681433549013,38.58695652173913,1.5289521160806279,1.4199306950671222,1.0322028027401728,0.64696256527592,93180195.0,18.46,19.09,18.35,18.95,855993.0,16135459.0,18.58,1.991388589881593,20.0,22.3,False,False,True,82.72991850989523
134,600035.SH,楚天高速,0.12790697674418586,13.213213213213205,1.0326227015554845,0.6701822547866325,1.0587254197989113,1.206605935389216,1610115901.0,3.44,3.49,3.43,3.48,13020136.0,45146177.0,3.44,1.1627906976744207,10.0,3.78,False,False,True,82.71245634458673
135,002732.SZ,燕塘乳业,0.013871374527112158,37.385512073272274,1.911844886920925,1.096410807226253,0.986898627153134,0.7346253166939073,157062585.0,12.14,12.46,12.11,12.34,1264800.0,15624669.0,12.12,1.8151815181518316,10.0,13.33,False,False,True,82.71245634458673
136,600115.SH,中国东航,0.026490066225165584,35.838150289017356,1.8265268476818293,1.1908541995487991,0.938997527828052,0.9891791543544938,17024964893.0,3.59,3.68,3.56,3.64,200548664.0,725848849.0,3.54,2.824858757062154,10.0,3.89,False,False,True,82.68723321691888
137,688009.SH,中国通号,0.19745222929936335,11.521739130434794,1.2353663226512364,0.41582361097030046,0.9021825327017694,0.5782957472150781,8621018000.0,4.9,4.95,4.9,4.93,20730878.0,105533130.0,4.91,0.40733197556006573,20.0,5.89,False,False,True,82.67753201396972
138,600125.SH,铁龙物流,0.18840579710144953,21.912350597609564,1.1411546382710531,0.8241634065489376,0.6710669754511474,0.8818330062923007,1305521874.0,5.38,5.44,5.38,5.42,9488200.0,51394134.0,5.41,0.1848428835489857,10.0,5.95,False,False,True,82.63290648040356
139,301508.SZ,中机认检,0.014840989399293344,36.88299817184644,1.5351662331225542,2.049457308740841,0.7855539601902798,0.7514345549929264,58836400.0,22.0,22.54,21.95,22.54,906100.0,20294328.0,22.09,2.0371208691715603,20.0,26.51,False,False,True,82.61544431509508
140,603310.SH,巍华新材,0.027536231884057898,26.052819414703787,1.6684487623001503,1.3783345703829646,1.151240870947355,0.49524759088726034,194010000.0,14.04,14.33,14.04,14.31,1324345.0,18897201.0,14.2,0.7746478873239537,10.0,15.62,False,False,True,82.5824602250679
141,600905.SH,三峡能源,0.24752475247524747,21.32963988919667,0.9055181772549143,0.4120556676217875,0.7575713731725117,0.8358355111757562,28587650142.0,3.84,3.88,3.83,3.85,98458943.0,378826397.0,3.86,-0.2590673575129432,10.0,4.25,False,False,True,82.55529685681024
142,300360.SZ,炬华科技,0.06330472103004291,33.901345291479814,1.5292189304897754,1.1409303828736466,0.8228836627169085,0.7552321309778793,500308887.00000006,11.74,11.93,11.71,11.91,4310998.0,51139184.0,11.74,1.4480408858603022,20.0,14.09,False,False,True,82.48738843616609
143,600827.SH,百联股份,0.06825938566552908,18.646408839778992,1.4504786762094946,0.8156454612182553,1.214249649200991,0.6985875603606353,1604449920.0,7.43,7.56,7.41,7.53,9142152.0,68717387.0,7.44,1.2096774193548265,10.0,8.18,False,False,True,82.48544819557627
144,601390.SH,中国中铁,0.16956521739130462,26.913580246913572,1.173600205318002,0.6047231764859325,0.7727831480818615,0.9228344436978188,20323920329.0,4.44,4.51,4.43,4.44,113419543.0,515618017.0,4.44,0.0,10.0,4.88,False,False,True,82.47962747380676
145,601008.SH,连云港,0.14999999999999986,26.030927835051543,1.265325598229556,0.675084719273056,0.8172204761825773,0.7918109669729206,1240638006.0,4.24,4.31,4.22,4.3,6631700.0,28521082.0,4.27,0.7025761124121788,10.0,4.7,False,False,True,82.46798603026775
146,600515.SH,海南机场,0.02769230769230765,37.5,1.4283669148200762,1.12800726960386,1.0887093653138835,0.8749616241776595,9176012508.0,2.75,2.81,2.73,2.8,90563855.0,252125818.0,2.73,2.564102564102555,10.0,3.0,False,False,True,82.4350019402406
147,603569.SH,长久物流,0.0789473684210527,25.68627450980394,1.621306005184866,0.758733733921611,1.0002190034295464,0.7971368328253965,603507251.0,5.45,5.62,5.43,5.59,3650100.0,20316189.0,5.46,2.3809523809523725,10.0,6.01,False,False,True,82.36903376018626
148,600794.SH,保税科技,0.07881773399014787,29.078014184397173,1.4129704750562913,0.935453182708395,0.951097431039503,0.5867623797320276,1200152157.0,2.99,3.03,2.97,3.02,6587500.0,19840264.0,2.98,1.342281879194629,10.0,3.28,False,False,True,82.36515327900659
149,000927.SZ,中国铁物,0.15178571428571422,26.66666666666666,1.3546273322861286,0.7948306359472367,0.7173584375263028,0.76375881575478,6050350581.0,2.43,2.46,2.41,2.45,36729192.0,89746484.0,2.42,1.2396694214876103,10.0,2.66,False,False,True,82.35933255723711
150,002230.SZ,科大讯飞,0.0,30.838477366255134,1.761113442666511,2.1102914350777766,0.9794192420241654,0.5928942355357952,2189226475.0,38.88,39.74,38.55,39.73,27391189.0,1079029197.0,38.88,2.1862139917695256,10.0,42.77,False,False,True,82.33993015133876
151,601366.SH,利群股份,0.08074534161490692,30.491803278688522,1.4169089854015477,1.0182544925529255,0.8841646999174698,0.7626624093243491,959741113.0,3.29,3.41,3.28,3.37,7453200.0,25097359.0,3.31,1.812688821752273,10.0,3.64,False,False,True,82.32537834691502
152,600983.SH,惠而浦,0.11718749999999994,31.602373887240343,1.7266476434833813,0.3485406274993785,0.6996563596384108,0.5675404803553917,766439000.0,7.3,7.44,7.27,7.42,1516100.0,11223804.0,7.34,1.089918256130784,10.0,8.07,False,False,True,82.30888630190144
153,002060.SZ,广东建工,0.14685314685314682,25.503355704697995,1.076064019365416,1.132845325002933,0.6163284549110715,0.7477071416742832,1562823660.0,3.2,3.24,3.18,3.23,13237684.0,42720428.0,3.19,1.2539184952978122,10.0,3.51,False,False,True,82.29142413659294
154,002736.SZ,国信证券,0.09523809523809525,13.862433862433864,1.5090693772496102,0.40162584593207507,1.1850906355187305,0.5693083340556736,9612429377.0,10.03,10.17,9.95,10.13,21978718.0,221791779.0,10.03,0.9970089730807707,10.0,11.03,False,False,True,82.26814124951494
155,603053.SH,成都燃气,0.20845070422535214,26.80151706700378,1.2338208449935295,0.256050894936377,0.7401300099182153,0.7939641586937989,888890000.0,8.7,8.7,8.6,8.64,1807071.0,15622201.0,8.65,-0.11560693641617936,10.0,9.52,False,False,True,82.24097788125728
156,300218.SZ,安利股份,0.006613756613756707,38.07380738073809,2.0327878391467005,1.525189591426233,0.7948927935464429,0.5440451620895803,216276394.0,11.25,11.59,11.22,11.52,1794601.0,20556133.0,11.21,2.7653880463871516,20.0,13.45,False,False,True,82.23127667830812
157,600822.SH,上海物贸,0.05374592833876223,35.9731543624161,1.6194934413591018,0.8095754225212227,0.9589968484623042,0.556200631464511,396147908.0,7.75,7.94,7.75,7.88,1783800.0,14048875.0,7.78,1.285347043701801,10.0,8.56,False,False,True,82.21963523476911
158,603877.SH,太平鸟,0.10929853181076672,26.347826086956516,1.5212130656742358,0.38594027753475246,0.9732026154325997,0.9636678983452103,469323560.0,12.25,12.69,12.15,12.63,1745500.0,21872362.0,12.17,3.7797863599013937,10.0,13.39,False,False,True,82.21769499417928
159,002939.SZ,长城证券,0.06622516556291382,28.756476683937816,1.3276121985068052,0.7396345236367359,1.1634825058438805,0.6114122378422598,3602659631.0,8.1,8.22,8.08,8.2,16292005.0,133069919.0,8.12,0.9852216748768461,10.0,8.93,False,False,True,82.20799379123011
160,600864.SH,哈投股份,0.06720430107526883,27.27272727272727,1.583354920550684,1.384839760201922,0.841293517310349,0.8261642337896729,2080570520.0,5.19,5.32,5.17,5.31,23803913.0,126730343.0,5.2,2.115384615384608,10.0,5.72,False,False,True,82.1953822273962
161,601136.SH,首创证券,0.060632688927943726,28.83156297420335,1.4655757394924642,0.4604248701713575,1.2598405586927677,0.6791207712997731,2733333800.0,13.9,14.02,13.68,13.96,8546700.0,118459294.0,13.87,0.648882480173052,10.0,15.26,False,False,True,82.19441210710129
162,002959.SZ,小熊电器,0.0733306022122082,37.37976782752903,1.3767929311354177,0.769128790064314,0.8760606812491082,0.9154989739582258,139794390.0,31.93,32.9,31.83,32.81,989118.0,32296207.0,31.94,2.723857232310589,10.0,35.13,False,False,True,82.19053162592161
163,600987.SH,航民股份,0.19215686274509813,17.0854271356784,1.33027653328908,0.675182373905812,0.8280615688850483,0.6211776407109691,1020818873.0,6.47,6.55,6.45,6.5,4281398.0,27920468.0,6.46,0.6191950464396356,10.0,7.11,False,False,True,82.18859138533178
164,600626.SH,申达股份,0.03623188405797105,39.6103896103896,1.6786213363853875,1.0421838475578604,0.9030668339873632,0.7051083831529134,1107978710.0,3.16,3.27,3.16,3.26,8142010.0,26345856.0,3.18,2.515723270440229,10.0,3.5,False,False,True,82.14396585176561
165,603035.SH,常熟汽饰,0.03995433789954354,36.956521739130444,1.5139157924860964,1.0825084780258056,1.0012438612642889,0.4609734449944275,366347080.0,10.44,10.67,10.44,10.6,1828100.0,19393188.0,10.47,1.241642788920716,10.0,11.52,False,False,True,82.12456344586728
166,000548.SZ,湖南投资,0.03864734299516891,35.51637279596977,1.6344311840281869,1.4417352959199385,0.8688168101663595,0.7556926466708039,499215811.00000006,4.05,4.15,4.04,4.12,5439000.0,22376928.0,4.05,1.7283950617283939,10.0,4.46,False,False,True,82.09157935584012
167,002516.SZ,旷达科技,0.008620689655172611,37.42454728370221,1.6100949674808995,1.2934279816358605,1.145125004172774,0.6860742702097691,1460498682.0,4.99,5.17,4.97,5.15,12944100.0,66191820.0,4.99,3.206412825651306,10.0,5.49,False,False,True,82.0906092355452
168,600526.SH,菲达环保,0.07246376811594199,37.531486146095716,1.2883829766111743,0.9399735493572206,0.8331001218274112,0.746562877702148,873007140.0000001,4.12,4.2,4.1,4.18,6126322.0,25851436.0,4.12,1.4563106796116498,10.0,4.53,False,False,True,82.08963911525029
169,603708.SH,家家悦,0.12874779541446216,30.303030303030297,1.4834690195614424,0.587219417654738,0.8117239468449415,0.6317045319535056,638338675.0,8.97,9.15,8.94,9.08,2367912.0,21541471.0,8.98,1.1135857461024523,10.0,9.88,False,False,True,82.0838183934808
170,002419.SZ,天虹股份,0.0805687203791469,35.76642335766422,1.6075350084622855,0.9509463199123149,0.6425421207724329,0.8549946326572447,1141239697.0,4.3,4.37,4.26,4.34,9278895.0,40230176.0,4.28,1.4018691588784993,10.0,4.71,False,False,True,82.06247574699263
171,002061.SZ,浙江交科,0.21621621621621634,17.17791411042946,1.1080328127417443,0.6442427333309195,0.8426188162606405,0.8247819277855691,2599137900.0,3.51,3.56,3.49,3.53,13810773.0,48804767.0,3.5,0.8571428571428452,10.0,3.85,False,False,True,82.05471478463329
172,300770.SZ,新媒股份,0.09403905447070926,26.015473887814334,1.4448592798734132,0.9362504133463444,0.9281532244467288,0.7274188200749623,227838591.0,32.85,33.53,32.6,33.29,1551686.0,51688730.0,32.85,1.3394216133941983,20.0,39.42,False,False,True,82.0488940628638
173,300627.SZ,华测导航,0.01909307875894998,27.57966616084979,2.0693211352706227,1.5418913853013516,0.9471377480277403,0.5718666715214469,657131856.0,26.67,27.19,26.59,27.02,5782142.0,156017880.0,26.76,0.9715994020926599,20.0,32.11,False,False,True,82.0430733410943
174,000581.SZ,威孚高科,0.1302475780409041,25.079770261646473,1.2231344865414182,1.1157208760804522,0.7757376855933096,0.5868847979033456,793891049.0,16.89,17.06,16.81,17.05,5198400.0,88370862.0,16.88,1.0071090047393483,10.0,18.57,False,False,True,81.99068684516881
175,301102.SZ,兆讯传媒,0.06331168831168811,34.08820023837902,2.1376981811825324,0.5006018965517185,0.7268675201203934,0.9545651867257136,406000000.0,8.85,9.0,8.78,8.94,1940100.0,17286867.0,8.78,1.8223234624145768,20.0,10.54,False,False,True,81.95188203337213
176,600315.SH,上海家化,0.05658972449739387,35.696361355081564,1.5837760995335337,0.8538269229047004,0.9547225540900697,1.3734978517143495,672225980.0,16.7,17.73,16.68,17.64,7883392.0,137466205.0,16.7,5.628742514970075,10.0,18.37,False,False,True,81.9499417927823
177,600755.SH,厦门国贸,0.1176470588235295,16.44859813084114,1.5318366872648888,0.8768745200693855,0.9466661512153032,0.5644321731276544,2132158487.0,5.71,5.77,5.69,5.74,10552824.0,60554406.0,5.71,0.5253940455341555,10.0,6.28,False,False,True,81.92859914629413
178,600681.SH,百川能源,0.07630522088353411,31.410256410256387,1.4348408579258232,1.3576339049375874,0.7745954928355115,0.8065741321826169,1339808772.0,3.29,3.38,3.28,3.37,14671340.0,49140642.0,3.31,1.812688821752273,10.0,3.64,False,False,True,81.92859914629413
179,688232.SH,新点软件,0.003723404255319164,39.514218009478675,1.9335699915026328,0.9285266356913251,1.1126131755317188,1.2319397566649422,321981975.0,16.68,17.08,16.56,16.92,3683116.0,62010031.0,16.95,-0.1769911504424626,20.0,20.34,False,False,True,81.92665890570431
180,000898.SZ,鞍钢股份,0.13913043478260861,29.120879120879128,1.4097281498019387,0.47927994708004945,0.8585076882380345,0.8782412256529041,7957508008.0,1.98,2.01,1.97,2.0,33495007.0,66666880.0,1.98,1.0101010101010166,10.0,2.18,False,False,True,81.89755529685681
181,601579.SH,会稽山,0.014361300075585885,37.69063180827887,2.188887942490356,1.1917212226720677,0.8303534519252107,0.6988086807477779,479463409.0,13.85,14.31,13.83,14.15,3992900.0,56483559.0,13.96,1.3610315186246336,10.0,15.36,False,False,True,81.8800931315483
182,002065.SZ,东华软件,0.0,35.29411764705883,1.8613122651625833,1.5036563737000386,1.0988103512286858,0.7720807337231903,2945739379.0,6.6,6.8,6.47,6.78,34179200.0,229375316.0,6.63,2.2624434389140413,10.0,7.29,False,False,True,81.86069072564996
183,603529.SH,爱玛科技,0.1302403577417551,26.10132158590308,1.488414441633045,0.7200576444867556,0.8638299509126732,0.5343169885917227,847560485.0,20.47,20.86,20.42,20.63,3260896.0,68570176.0,20.49,0.683260126891172,10.0,22.54,False,False,True,81.85098952270081
184,601200.SH,上海环境,0.15769230769230744,26.56249999999998,1.1487536837794892,0.6602165300770626,0.8673554982395328,1.0872593751645645,1346230251.0,6.78,6.92,6.77,6.85,9663599.0,67688132.0,6.81,0.5873715124816492,10.0,7.49,False,False,True,81.80636398913465
185,000401.SZ,金隅冀东,0.11340206185567019,37.27272727272728,1.5390907849933915,0.33399575853758406,0.6621714816353094,0.7831936576158623,2631354687.9999995,3.52,3.59,3.51,3.58,6883186.0,24512504.0,3.52,1.7045454545454586,10.0,3.87,False,False,True,81.76561893674815
186,600271.SH,航天信息,0.02094240837696337,39.370078740157474,1.9971237679511404,0.9193958463808,0.9601052030844932,0.7553473353905308,1852884638.0,6.51,6.68,6.46,6.67,12867602.0,85078480.0,6.51,2.457757296466978,10.0,7.16,False,False,True,81.76367869615832
187,600038.SH,中直股份,0.08755211435378193,32.7444535743632,1.3094963893353795,0.9795045759744742,0.8804703321289815,0.8382668667872024,668935221.0,25.8,26.3,25.7,26.14,5492535.0,143420750.0,25.81,1.2785741960480435,10.0,28.39,False,False,True,81.71905316259216
188,601999.SH,出版传媒,0.06306306306306306,39.39962476547842,1.8265185600576828,0.8313095021788262,0.6346386356077822,0.6576260731553873,550914700.0,5.55,5.63,5.52,5.63,3011800.0,17067262.0,5.54,1.6245487364620947,10.0,6.09,False,False,True,81.69771051610401
189,600704.SH,物产中大,0.2108433734939762,12.831858407079654,1.080570679467905,0.8435836835681945,0.863244522958744,0.8419396080571733,5171179890.0,4.86,4.92,4.86,4.9,36728125.0,179684887.0,4.87,0.6160164271047375,10.0,5.36,False,False,True,81.64920450135816
190,601186.SH,中国铁建,0.23931623931623947,15.07092198581561,0.944576127890618,0.4432788320478725,0.91653662411717,1.3840993895363127,11503245500.0,6.22,6.24,6.18,6.19,70577238.0,458952782.0,6.2,-0.1612903225806428,10.0,6.82,False,False,True,81.57935584012418
191,603231.SH,索宝蛋白,0.007361963190184108,30.729927007299285,1.8180019238501326,2.046392231146929,0.9720669721801539,0.7247247195692413,106265982.0,13.8,14.27,13.75,14.18,1576000.0,22119742.0,13.76,3.052325581395343,10.0,15.14,False,False,True,81.57741559953433
192,000768.SZ,中航西飞,0.08858739026336786,33.38541666666668,1.5704376467495311,0.8884928659787596,0.82275300116978,0.8562847879494478,2776414009.0,20.2,20.79,20.01,20.75,21123039.0,434493715.0,20.31,2.1664204825209366,10.0,22.34,False,False,True,81.50950717889017
193,603043.SH,广州酒家,0.1050903119868638,26.530612244897966,1.619718803491839,0.5787426409101929,0.9691269882738123,0.920024710369105,562452370.0,12.99,13.21,12.88,13.14,2994820.0,39274502.0,12.89,1.9394879751745586,10.0,14.18,False,False,True,81.45324020178502
194,600308.SH,华泰股份,0.11111111111111108,38.01369863013699,1.390073994732587,0.6479155141619659,0.6674742612833998,0.559982617892411,1516870176.0,3.11,3.17,3.1,3.16,5503530.0,17334575.0,3.11,1.6077170418006492,10.0,3.42,False,False,True,81.45129996119519
195,000713.SZ,国投丰乐,0.1485943775100402,28.62669245647971,1.4037645435154322,0.9042096660247559,0.7100402327537509,0.6924120874437868,614014980.0,5.52,5.61,5.51,5.57,3844260.0,21430921.0,5.54,0.5415162454873723,10.0,6.09,False,False,True,81.41443538998836
196,600662.SH,外服控股,0.09722222222222214,31.29973474801062,1.2828528014807912,0.6398180722271494,1.0113993238636285,1.0161332215263978,2276762040.0,4.06,4.16,4.04,4.14,14801604.0,62981104.0,4.05,2.2222222222222143,10.0,4.46,False,False,True,81.37175009701204
197,600373.SH,中文传媒,0.05916030534351138,27.981651376146765,1.2252924855062064,0.9406494960307547,1.2783427115009887,1.3070006027336603,1347358719.0,6.84,7.16,6.82,7.1,16564825.0,116684780.0,6.85,3.649635036496357,10.0,7.54,False,False,True,81.33876600698488
198,601005.SH,重庆钢铁,0.12499999999999975,26.785714285714256,0.9745006441107125,0.9802075745464751,0.9198950119971944,0.47471070030401874,8313636567.000001,1.19,1.2,1.18,1.19,38684600.0,46171663.0,1.19,0.0,10.0,1.31,False,False,True,81.3057819169577
199,600874.SH,创业环保,0.28476821192052965,21.626984126984116,1.0260720114162531,0.6464456510325055,0.679972973713487,0.7481659317351925,1230418085.0,5.45,5.5,5.44,5.48,5950900.0,32594963.0,5.47,0.1828153564899626,10.0,6.02,False,False,True,81.29220023282888
200,000419.SZ,通程控股,0.04296875000000012,34.80278422273781,1.672811318693484,1.3241688055701435,0.9492910536831763,0.761494385913482,543582655.0,4.43,4.54,4.41,4.5,5481200.0,25336467.0,4.42,1.8099547511312153,10.0,4.86,False,False,True,81.2883197516492
201,603689.SH,皖天然气,0.21600000000000003,23.167155425219942,1.0791419654969718,0.7481387572115173,0.816969488478905,0.7662436856139976,523447965.0,7.32,7.41,7.26,7.36,3000700.0,22070274.0,7.36,0.0,10.0,8.1,False,False,True,81.22817229336437
202,603551.SH,奥普科技,0.09534883720930235,38.660399529964764,1.5365864701967857,0.581433130907313,0.7548380636672761,0.9136309114025213,379883650.0,8.89,9.11,8.86,8.98,2018000.0,18207416.0,8.92,0.672645739910327,10.0,9.81,False,False,True,81.21459060923554
203,000099.SZ,中信海直,0.029411764705882432,37.528430629264605,1.885549276335676,1.2224692273763005,0.9340728196618828,0.6273128994126167,775770137.0,13.56,13.86,13.5,13.82,5949154.0,82008308.0,13.56,1.9174041297935096,10.0,14.92,False,False,True,81.21265036864573
204,600738.SH,丽尚国潮,0.033018867924528426,33.99433427762042,1.7271527547148462,1.3589098614288844,1.0293380835110966,0.743220708558133,760666196.0,3.59,3.69,3.57,3.67,7682500.0,28148671.0,3.6,1.9444444444444375,10.0,3.96,False,False,True,81.18548700038805
205,603102.SH,百合股份,0.011423131841979937,38.368983957219235,2.0303731167446806,1.014051484375,1.0678617030028794,0.9679612082072695,64000000.0,30.0,30.83,29.97,30.75,628200.0,19557787.0,30.16,1.9562334217506638,10.0,33.18,False,False,True,81.0768335273574
206,601880.SH,辽港股份,0.22807017543859637,24.060150375939827,1.1811444696251023,0.5355830516835666,0.8366727275985917,0.7698605026854671,18413051214.0,1.46,1.47,1.45,1.47,75921473.0,110971337.0,1.46,0.6849315068493178,10.0,1.61,False,False,True,81.05743112145908
207,002753.SZ,永东股份,0.07926829268292676,35.379061371841146,1.2133949397224812,1.4929613840178408,0.6548553005740642,0.6761527323927703,295788903.0,5.76,5.91,5.75,5.91,2985900.0,17460996.0,5.8,1.8965517241379404,10.0,6.38,False,False,True,81.01474582848275
208,002204.SZ,大连重工,0.05047318611987385,37.42454728370221,1.5510617224833696,1.2191058994333566,0.9111128274903905,0.8702538486635589,1931370032.0,5.12,5.25,5.11,5.22,20490515.0,106835709.0,5.13,1.7543859649122862,10.0,5.64,False,False,True,81.00019402405898
209,000541.SZ,佛山照明,0.06181818181818179,25.053995680345587,1.6026481129890175,0.9251354458947725,1.2040624771601858,0.42284303046831484,1221592075.0,4.81,4.88,4.79,4.87,4778700.0,23207363.0,4.8,1.4583333333333393,10.0,5.28,False,False,True,80.9720605355064
210,002483.SZ,润邦股份,0.04451038575667641,38.39662447257381,1.7492118220688457,1.0708128544710815,0.9139111493903413,0.9730036808791707,885250799.0,4.9,5.07,4.89,5.04,9223471.0,46145102.0,4.89,3.0674846625766916,10.0,5.38,False,False,True,80.9604190919674
211,002697.SZ,红旗连锁,0.11144578313253015,26.172839506172863,1.2351356526411514,1.3558930278906252,0.8244184264135147,0.9835161115379509,1148092375.0,4.39,4.56,4.38,4.52,15308400.0,68892124.0,4.42,2.262443438914019,10.0,4.86,False,False,True,80.92937524253007
212,000409.SZ,云鼎科技,0.07446808510638286,38.46153846153848,1.4623034124575995,0.9741323227995264,0.8229518938867444,0.973338831013292,590473934.0,8.26,8.41,8.22,8.41,5598647.0,46768738.0,8.29,1.4475271411338975,10.0,9.12,False,False,True,80.9138533178114
213,600059.SH,古越龙山,0.11851851851851863,24.133148404993054,1.317625366671932,0.915323596687097,0.987309941160628,0.7110991002548696,911542413.0,7.65,7.8,7.65,7.77,5933100.0,46014031.0,7.69,1.0403120936280708,10.0,8.46,False,False,True,80.9080325960419
214,605337.SH,李子园,0.05954198473282451,33.997509339975096,1.9092863248216994,0.8303537813463127,0.9218921312653009,0.5660465021941465,390102653.0,8.48,8.59,8.38,8.52,1833556.0,15638904.0,8.42,1.187648456057011,10.0,9.26,False,False,True,80.89251067132324
215,002110.SZ,三钢闽光,0.090909090909091,27.536231884057983,1.7592334940351175,0.918566583130941,0.9019053157328936,0.646175420638016,2429076227.0,2.97,3.03,2.96,3.02,14417907.0,43367264.0,2.98,1.342281879194629,10.0,3.28,False,False,True,80.88668994955376
216,601811.SH,新华文轩,0.26247689463955637,25.30345471521942,1.3885289335870472,0.28335395241770456,0.7368060892560475,0.787114882139997,791903900.0,12.18,12.23,12.02,12.12,1766200.0,21381974.0,12.13,-0.08244023083265883,10.0,13.34,False,False,True,80.81684128831976
217,000498.SZ,山东路桥,0.24277456647398835,24.168514412416854,1.2608089945862893,0.6241601192538495,0.7728436372024279,0.8673315896496214,1449347778.9999998,4.92,4.99,4.91,4.97,7846099.0,38948464.0,4.93,0.8113590263691739,10.0,5.42,False,False,True,80.80908032596042
218,001318.SZ,阳光乳业,0.0012165450121654243,39.16230366492144,1.7263575447270187,1.1534233354560202,1.3541842952378975,0.8341036180356305,282660000.0,9.56,9.83,9.5,9.75,2719400.0,26492646.0,9.56,1.987447698744771,10.0,10.52,False,False,True,80.55490880869226
219,688468.SH,科美诊断,0.005571030640668407,39.24050632911391,2.085685048086126,0.937468300308141,1.1193734651542477,0.5946598883771439,401108000.0,5.5,5.71,5.5,5.7,2236076.0,12637862.0,5.55,2.7027027027027195,20.0,6.66,False,False,True,80.53744664338379
220,300425.SZ,中建环能,0.04040404040404045,38.524590163934434,1.5833032409139791,1.2441522450311155,0.9941425920815539,0.928013994249206,680738380.9999999,3.72,3.82,3.71,3.81,7859742.0,29777681.0,3.74,1.8716577540106805,20.0,4.49,False,False,True,80.46371750097012
221,600020.SH,中原高速,0.18103448275862072,13.920454545454541,1.1448188740141088,0.6439509383331944,1.0588826834445362,0.8102026454998669,2247371832.0,3.71,3.76,3.71,3.76,11725230.0,43919997.0,3.73,0.8042895442359255,10.0,4.1,False,False,True,80.46177726038029
222,300206.SZ,理邦仪器,0.003717472118959029,38.21138211382114,1.9289578708294397,2.0111225540466617,0.8402755406507503,0.6460890305985718,338379565.0,11.01,11.39,11.01,11.36,4396783.0,49601901.0,11.09,2.4346257889990897,20.0,13.31,False,False,True,80.44722545595654
223,600675.SH,中华企业,0.08730158730158721,33.00000000000001,1.6181635278821216,0.5134038522234939,1.0215599893378426,0.756391663892414,6046135331.0,2.1,2.16,2.09,2.15,23479223.0,50558987.0,2.11,1.8957345971563955,10.0,2.32,False,False,True,80.44528521536671
224,002091.SZ,江苏国泰,0.16208791208791207,34.985835694050984,1.268284781118815,0.7970149382729078,0.6180784999112554,0.7640467584995004,1602372071.0,7.47,7.6,7.46,7.54,9756700.0,73617575.0,7.47,0.9370816599732379,10.0,8.22,False,False,True,80.4443150950718
225,603515.SH,欧普照明,0.16049382716049365,30.527638190954786,1.2656964002327038,0.208325845196875,0.9455683712103707,0.6832536458205898,737750549.0,16.63,17.16,16.63,17.06,1048570.0,17826432.0,16.7,2.1556886227544814,10.0,18.37,False,False,True,80.44431509507177
226,603787.SH,新日股份,0.05644171779141094,37.7272727272727,1.7950410089026725,1.267698772145879,0.7522165990258799,0.6090425805390176,230143790.0,9.21,9.48,9.18,9.42,1776900.0,16694208.0,9.26,1.7278617710583255,10.0,10.19,False,False,True,80.43461389212263
227,002675.SZ,东诚药业,0.052147239263803664,13.443983402489623,1.561527330770606,1.573371977928269,1.191000929639303,0.7027758757229045,743383994.0,12.4,12.73,12.35,12.67,8219804.0,103734489.0,12.39,2.259887005649719,10.0,13.63,False,False,True,80.43267365153278
228,002573.SZ,清新环境,0.172661870503597,32.40418118466897,1.117230862593498,0.613191153834666,0.8398971301962951,1.0365219292525587,1412690868.0,3.09,3.2,3.07,3.17,8979000.0,28147391.0,3.11,1.9292604501607746,10.0,3.42,False,False,True,80.42879317035313
229,600655.SH,豫园股份,0.1422594142259417,23.8805970149254,1.2444168120200128,0.405361200504178,1.1111022868144609,0.8268086569182644,3889846273.0,4.36,4.46,4.34,4.44,13037059.0,57614474.0,4.36,1.8348623853211121,10.0,4.8,False,False,True,80.39580908032598
230,688297.SH,中无人机,0.060898626067582624,26.839486776643096,2.222724925248653,1.013259051851846,0.8393247309331385,1.1844396020491912,675000000.0,38.23,40.14,38.0,39.84,8100973.0,320439478.0,39.83,0.025106703489852222,20.0,47.8,False,False,True,80.39192859914628
231,600022.SH,山东钢铁,0.1774193548387098,21.487603305785118,1.1126735336683335,0.9140473048659473,0.9192699644875771,0.8242808301565234,10698849554.0,1.32,1.35,1.32,1.34,80608521.0,107985016.0,1.32,1.5151515151515138,10.0,1.45,False,False,True,80.38416763678696
232,600548.SH,深高速,0.25357142857142834,14.72868217054264,1.2743218205459752,0.19943382997596099,0.968870898271465,0.8611216124356689,1714425983.0000002,8.42,8.5,8.42,8.47,2944300.0,24884006.0,8.45,0.2366863905325589,10.0,9.3,False,False,True,80.38028715560729
233,603566.SH,普莱柯,0.07195571955719535,27.71966527196652,1.9192897516252732,0.945641191000321,0.9542771494515653,0.459525316886984,346062273.0,10.0,10.16,9.87,10.1,1503800.0,15189585.0,9.95,1.5075376884422065,10.0,10.95,False,False,True,80.37252619324798
234,000652.SZ,泰达股份,0.125,38.27160493827162,1.2905596573841163,0.750118241560214,0.7160777779970843,0.7602946054391766,1458222470.0,3.47,3.53,3.44,3.52,8316401.0,29127152.0,3.45,2.0289855072463725,10.0,3.8,False,False,True,80.36282499029879
235,603987.SH,康德莱,0.09451219512195136,27.529761904761905,1.6248105296922788,1.015736958610486,0.9329211359120205,0.7215359781658506,436790880.00000006,7.01,7.2,6.96,7.16,3201200.0,22875524.0,7.03,1.849217638691325,10.0,7.73,False,False,True,80.35312378734963
236,601555.SH,东吴证券,0.20000000000000018,20.396600566572243,1.2046512118973494,0.8652633908764334,0.8944546045482062,0.9276170424546749,4968702837.0,7.72,7.74,7.58,7.69,39880452.0,313643488.0,7.7,-0.12987012987012436,10.0,8.47,False,False,True,80.34924330616997
237,600061.SH,国投资本,0.11764705882352931,11.99999999999999,1.3525785297344428,0.7402528236004675,1.2398035294257552,0.7485828095316853,6394097773.0,6.31,6.41,6.26,6.39,35431778.0,225427674.0,6.3,1.4285714285714235,10.0,6.93,False,False,True,80.34730306558014
238,002011.SZ,盾安环境,0.05535714285714263,33.673469387755084,1.7551139950570847,1.2634980885519782,0.9230536074098104,0.7220771169981909,1061515502.0,10.08,10.27,10.04,10.22,9673489.0,99394950.0,10.11,1.0880316518298905,10.0,11.12,False,False,True,80.34148234381064
239,000828.SZ,东莞控股,0.2291666666666668,14.754098360655732,0.8761324198654542,0.560894131108147,1.018382174490605,0.8924428194211159,1039516992.0,9.78,9.89,9.77,9.83,5203468.0,51173161.0,9.81,0.20387359836899765,10.0,10.79,False,False,True,80.33954210322081
240,603885.SH,吉祥航空,0.10499139414802058,21.356275303643724,1.59721971761618,0.9499973052074595,1.0224713274666182,1.1867116026347855,2169005268.0,10.75,10.9,10.6,10.83,24493154.0,263924468.0,10.49,3.24118207816968,10.0,11.54,False,False,True,80.29491656965465
241,002304.SZ,洋河股份,0.06313131313131314,30.358587220275002,1.6384466158619726,0.546148421137588,1.2954974674194102,0.5395846184832359,1506409974.0,39.33,39.93,39.24,39.7,4439289.0,176138092.0,39.34,0.9150991357397054,10.0,43.27,False,False,True,80.27745440434614
242,000931.SZ,中 关 村,0.07446808510638281,22.50639386189257,1.8412963170482068,1.2558478792282657,0.9522751678584171,0.5662604741733791,751029532.0,4.02,4.16,4.01,4.14,5340849.0,22004965.0,4.05,2.2222222222222143,10.0,4.46,False,False,True,80.26581296080714
243,000030.SZ,富奥股份,0.1428571428571428,30.708661417322848,1.5552498404371051,0.6843079249611035,0.8421739887995727,0.6404878805136944,1670808645.0,4.14,4.19,4.13,4.16,7323021.0,30521134.0,4.13,0.7263922518159882,10.0,4.54,False,False,True,80.25805199844781
244,002661.SZ,克明食品,0.0566502463054186,36.036036036036045,1.6078883703566127,1.0818743576448755,0.9827892439046915,0.6538442420765063,317708801.0,6.88,7.05,6.86,7.01,2247400.0,15688882.0,6.89,1.7416545718432541,10.0,7.58,False,False,True,80.197904540163
245,002646.SZ,天佑德酒,0.044642857142857185,33.66013071895424,1.7244827745258728,1.2663144556976722,1.0463240735990051,0.7630160067942018,475887499.0,6.3,6.47,6.28,6.43,4598085.0,29503698.0,6.32,1.7405063291139111,10.0,6.95,False,False,True,80.19790454016298
246,601228.SH,广州港,0.28865979381443274,18.772563176895307,0.9395988941412654,0.334627516613783,0.9231735013236251,0.8499379620467701,7544531351.0,3.05,3.07,3.03,3.05,21457600.0,65430186.0,3.05,0.0,10.0,3.36,False,False,True,80.1882033372138
247,601818.SH,光大银行,0.2307692307692308,12.455516014234869,1.0067807778041702,0.4668864961552835,1.0512422716612746,0.951071605003256,46406815561.0,3.08,3.11,3.07,3.1,206065979.0,651346926.0,3.08,0.6493506493506551,10.0,3.39,False,False,True,80.18432285603416
248,000501.SZ,武商集团,0.04912836767036444,30.46874999999998,1.5967113147056582,1.1183612380723356,1.2001832907989822,0.6722157132564147,768293891.0,6.7,6.86,6.65,6.82,5775846.0,39366088.0,6.71,1.6393442622950838,10.0,7.38,False,False,True,80.16298020954599
249,002818.SZ,富森美,0.15000000000000036,19.6078431372549,0.9765587807612741,1.1521566229187892,0.9632001941236954,1.037316031894108,298357191.0,10.5,10.69,10.47,10.64,3565800.0,37933413.0,10.5,1.333333333333342,10.0,11.55,False,False,True,80.10671323244082
250,600167.SH,联美控股,0.10597302504816951,35.61643835616437,1.6521695328145847,0.462707874072513,0.8874791116513228,0.7504301913376078,2262840463.0,5.64,5.74,5.63,5.73,7857260.0,44761630.0,5.66,1.2367491166077826,10.0,6.23,False,False,True,80.10089251067131
251,002191.SZ,劲嘉股份,0.1564625850340136,20.281690140845065,1.1593721069949934,1.0450327435455118,0.9494249661586689,0.5798004441232381,1402715536.0000002,3.68,3.73,3.68,3.71,8499200.0,31547801.0,3.69,0.5420054200542035,10.0,4.06,False,False,True,80.08925106713232
252,002626.SZ,金达威,0.03587443946188344,32.63565891472868,2.2194988396751714,0.8798768225443784,1.0260684967222278,0.6084391170836339,609861032.0,13.2,13.62,13.14,13.46,3264900.0,43987912.0,13.22,1.8154311649016597,10.0,14.54,False,False,True,80.07178890182382
253,000550.SZ,江铃汽车,0.18047337278106498,27.770360480640853,1.2942729342352552,0.7122446269856431,0.8825204723854317,0.7079593774355314,518463160.0,16.17,16.44,16.17,16.25,2614300.0,42631379.0,16.2,0.30864197530864335,10.0,17.82,False,False,True,80.06790842064416
254,603587.SH,地素时尚,0.1917404129793511,28.444881889763796,1.3687304733436352,0.38068877516475896,0.9060785927917585,0.8894228812252246,472702787.0,10.81,11.07,10.73,11.05,1600540.0,18204201.0,10.81,2.2201665124884418,10.0,11.89,False,False,True,80.05626697710515
255,601222.SH,林洋能源,0.16022099447513818,34.47619047619046,0.9440614620470672,1.0268823178326436,0.6482197314939883,1.4277051944670858,2041220156.0,5.52,5.77,5.5,5.69,29926027.0,168953331.0,5.54,2.7075812274368394,10.0,6.09,False,False,True,79.96313542879318
256,603167.SH,渤海轮渡,0.26146788990825703,10.611735330836458,0.8878529208747798,0.9572393732171631,0.8852339125378225,0.641408874459207,469144503.0,8.53,8.62,8.51,8.59,2880462.0,24746832.0,8.58,0.11655011655011815,10.0,9.44,False,False,True,79.94567326348468
257,000900.SZ,现代投资,0.2727272727272728,20.29411764705882,1.0343228683249963,0.7725613037372935,0.8575306471086446,0.78605435158367,1517752584.0,3.66,3.71,3.65,3.7,9216931.0,33934341.0,3.67,0.8174386920980936,10.0,4.04,False,False,True,79.895227008149
258,601949.SH,中国出版,0.1391304347826088,30.42505592841165,1.6087179207138598,0.561919451722057,0.9040243734473493,0.6066587010445975,1903968054.0,4.96,5.06,4.91,5.03,6490500.0,32520280.0,4.95,1.6161616161616266,10.0,5.45,False,False,True,79.895227008149
259,601866.SH,中远海发,0.22641509433962284,26.26728110599079,1.2743053139533889,0.7344874207023045,0.8286572236328753,0.8330413204762496,9710427720.0,2.41,2.43,2.39,2.41,59448099.0,143744489.0,2.41,0.0,10.0,2.65,False,False,True,79.82731858750485
260,600512.SH,腾达建设,0.07142857142857122,33.33333333333333,1.7053788609448794,1.4476233185843508,0.7767895932529685,0.6774460372157235,1587405163.0,1.91,1.96,1.91,1.95,15567471.0,30291495.0,1.92,1.5625,10.0,2.11,False,False,True,79.81761738455569
261,600033.SH,福建高速,0.2176470588235295,14.920634920634935,1.3244046851495732,0.8651373742894579,0.9219746023555624,0.7856350705217741,2744400000.0,3.53,3.55,3.49,3.52,18653200.0,65779073.0,3.52,0.0,10.0,3.87,False,False,True,79.77493209157936
262,601800.SH,中国交建,0.1469072164948452,27.124773960217,1.1305043498157423,0.366474298667952,1.124508349251274,0.7424452112174429,11722873078.999998,6.14,6.18,6.09,6.12,31896424.0,195312757.0,6.1,0.3278688524590345,10.0,6.71,False,False,True,79.76135040745052
263,600679.SH,上海凤凰,0.08035714285714299,35.39192399049882,1.604171878962451,0.8854724622297021,0.953764044063494,0.4872313704975951,343694257.0,8.97,9.14,8.89,9.09,1482800.0,13449953.0,8.96,1.450892857142838,10.0,9.86,False,False,True,79.75941016686069
264,002614.SZ,奥佳华,0.03015075376884425,39.443155452436194,1.655439018613934,1.7257735976596966,0.8842831044576189,0.8982189670274404,441275311.0,4.43,4.59,4.42,4.57,6840300.0,31060739.0,4.43,3.1602708803611934,10.0,4.87,False,False,True,79.74000776096237
265,300384.SZ,三联虹普,0.035203520352035236,37.16404077849862,1.835135819054663,1.544919906652975,0.9076064960632546,0.6888603168360936,220381842.0,11.19,11.59,11.11,11.41,2345300.0,26785908.0,11.11,2.7002700270027047,20.0,13.33,False,False,True,79.63329452852153
266,002797.SZ,第一创业,0.13095238095238096,31.95364238410596,1.2699524718108524,1.4360434596896958,0.47816726527086467,0.5400183470151942,4202400000.0,6.37,6.49,6.33,6.47,32589184.0,210006448.0,6.37,1.5698587127158437,10.0,7.01,False,False,True,79.62359332557237
267,600517.SH,国网英大,0.12131147540983607,38.27433628318586,1.4143715475917316,0.46850305484519805,0.8736940378058639,0.9393256933343008,5718435744.0,4.87,5.0,4.87,4.94,25165518.0,125805008.0,4.89,1.0224948875255713,10.0,5.38,False,False,True,79.61583236321304
268,601006.SH,大秦铁路,0.23267326732673294,22.779043280182233,1.1278809361244648,0.5958603810774645,0.9491001904140783,0.7545233835390186,19862892778.0,4.85,4.9,4.82,4.83,89301697.0,432478184.0,4.86,-0.6172839506172867,10.0,5.35,False,False,True,79.61583236321303
269,002186.SZ,全 聚 德,0.05988857938718659,38.47102342786683,1.6835751613512169,1.1466581620170706,0.889068295040641,1.4002132965802718,306801588.0,8.55,8.9,8.55,8.88,4925902.0,43292279.0,8.54,3.9812646370023685,10.0,9.39,False,False,True,79.58866899495537
270,600765.SH,中航重机,0.07345225603357809,34.31999999999999,1.7128663329165676,1.20037624064404,0.8759722113719286,0.9252697967936766,1552494153.0,13.1,13.54,13.1,13.5,17243116.0,231528047.0,13.2,2.2727272727272707,10.0,14.52,False,False,True,79.55762514551805
271,601158.SH,重庆水务,0.36734693877551006,17.06036745406825,0.952638858247718,0.17693931096740448,0.9121744223124941,0.8812288298266877,4800030119.0,4.17,4.2,4.14,4.15,7484400.0,31149375.0,4.17,-0.47961630695442237,10.0,4.59,False,False,True,79.52464105549089
272,002239.SZ,奥特佳,0.06923076923076944,26.49572649572651,1.6899767102492695,1.6897366908316593,0.8730340878074346,0.866219186432042,3266152096.0,2.44,2.49,2.43,2.48,47146873.0,116664816.0,2.43,2.0576131687242816,10.0,2.67,False,False,True,79.52464105549087
273,600653.SH,申华控股,0.10185185185185193,28.767123287671236,1.6209402340125052,1.0373135776012834,0.9337535426093584,0.7185878969308834,1946380317.0,1.59,1.61,1.57,1.59,14508338.0,23133162.0,1.57,1.273885350318471,10.0,1.73,False,False,True,79.44315095071788
274,688075.SH,安旭生物,0.0011813349084465192,39.73214285714286,2.08636822205352,0.6416961366252465,1.4761053112682876,0.9831689823527815,127082805.0,26.92,27.55,26.89,27.35,801760.0,21793714.0,26.9,1.6728624535315983,20.0,32.28,False,False,True,79.43927046953822
275,603195.SH,公牛集团,0.1864864864864865,18.36846427593759,1.0169793069737738,0.252717797108034,1.188611292166019,0.6528789832213241,1800163354.9999998,38.64,39.34,38.29,38.65,2970505.0,115423308.0,38.6,0.12953367875647714,10.0,42.46,False,False,True,79.40434613892123
276,603899.SH,晨光股份,0.21547933157431837,22.166246851385374,1.201097087104396,0.4773127884003221,1.0243300050639936,0.6967391362907893,915795377.0,22.29,22.6,22.16,22.45,3045592.0,68373517.0,22.3,0.6726457399103047,10.0,24.53,False,False,True,79.3441986806364
277,600933.SH,爱柯迪,0.0,39.29411764705883,2.1430280758502063,1.3918837120133425,1.0529739508768574,0.7181190331658268,981013046.0,12.8,13.01,12.71,12.84,9805600.0,126215492.0,12.75,0.7058823529411784,10.0,14.03,False,False,True,79.3325572370974
278,600019.SH,宝钢股份,0.2690582959641257,19.691119691119695,1.4090390540629039,0.4353745254657915,0.9207795454647696,0.7692462134137037,21414095749.0,5.78,5.85,5.76,5.81,71717992.0,425900727.0,5.78,0.519031141868509,10.0,6.36,False,False,True,79.31897555296857
279,601236.SH,红塔证券,0.15406976744186057,18.641390205371234,1.2353030273187615,0.3944569778056855,1.2522290286339046,0.7575719099223235,4693233706.0,6.84,6.91,6.78,6.9,14028550.0,96743725.0,6.86,0.5830903790087438,10.0,7.55,False,False,True,79.30539386883973
280,601878.SH,浙商证券,0.1393442622950819,13.522727272727275,1.112769970729552,0.7646857503845336,1.308409485385521,0.5204478034412707,4573796639.0,9.31,9.38,9.22,9.37,18202751.0,171400442.0,9.31,0.6444683136412221,10.0,10.24,False,False,True,79.25300737291424
281,601956.SH,东贝集团,0.02603036876355751,38.106235565819865,1.8894749515292955,1.271458737933614,1.088606439963142,0.6099044669962959,621616590.0,4.45,4.59,4.44,4.56,4820440.0,21905316.0,4.45,2.4719101123595433,10.0,4.9,False,False,True,79.23554520760574
282,002991.SZ,甘源食品,0.026412027631044235,35.64225053078556,1.555369918759171,1.7329751170481873,1.1160728323289384,0.7587780368542398,49933706.0,38.33,39.27,38.18,39.08,656600.0,26046907.0,38.33,1.956691886250983,10.0,42.16,False,False,True,79.20256111757858
283,000915.SZ,华特达因,0.08264462809917363,14.834935227747593,1.517660799547566,1.3731491078330054,1.1659389987671225,0.6140437206980018,234122860.0,24.7,25.21,24.7,25.05,1974105.0,49534448.0,24.73,1.2939749292357527,10.0,27.2,False,False,True,79.16957702755143
284,600170.SH,上海建工,0.10059171597633132,29.107981220657276,1.4363082231231428,1.4150621180489467,0.8903430933718547,0.749652665673811,8885939744.0,2.29,2.34,2.28,2.33,94262501.0,218632382.0,2.3,1.3043478260869712,10.0,2.53,False,False,True,79.15502522312767
285,002352.SZ,顺丰控股,0.18327796234772958,23.997303673744508,1.1300580961220024,0.49585224911626746,1.100390140180259,0.6442936234108215,4799115259.0,32.95,33.37,32.94,33.24,15325789.0,516648484.0,32.98,0.7883565797453196,10.0,36.28,False,False,True,79.12301125339543
286,600648.SH,外高桥,0.218918918918919,33.81578947368422,1.2479044730534887,0.20192639151046152,0.849820720716222,0.683363574710551,1137770691.0,8.41,8.5,8.35,8.5,1570000.0,13272940.0,8.41,1.0701545778834642,10.0,9.25,False,False,True,79.09584788513776
287,301585.SZ,蓝宇股份,0.0,34.769874476987454,1.8279076790985918,1.9493726968220424,1.1800843102200145,0.5410307830430431,68111886.0,24.0,24.8,24.0,24.63,718353.0,17601232.0,23.9,3.054393305439329,20.0,28.68,False,False,True,79.0686845168801
288,603508.SH,思维列控,0.08380281690140855,30.70904645476773,1.2569734219021167,1.0645314751901047,1.1408907963143824,0.8708269462116841,381274377.0,21.64,22.15,21.61,22.04,3534500.0,77787794.0,21.64,1.8484288354898348,10.0,23.8,False,False,True,79.01629802095461
289,600210.SH,紫江企业,0.14418604651162775,21.291448516579404,1.1521618342162618,1.2117669050782882,1.002495385851873,0.6992864388117184,1516736158.0,6.04,6.12,6.02,6.08,12852400.0,78176240.0,6.04,0.6622516556291425,10.0,6.64,False,False,True,78.98719441210712
290,600858.SH,银座股份,0.04102564102564107,36.915887850467286,1.8461981963692682,1.5007272397514964,0.9316417150830665,0.923125471768531,517548029.0,4.41,4.52,4.41,4.5,7169901.0,32213908.0,4.44,1.3513513513513375,10.0,4.88,False,False,True,78.91928599146294
291,000778.SZ,新兴铸管,0.12500000000000022,31.161473087818692,1.0942503541187851,1.3165791545024572,0.8893367273133059,0.7403694087351047,3893451290.0,3.74,3.79,3.72,3.76,37951637.0,142554351.0,3.74,0.53475935828875,10.0,4.11,False,False,True,78.9057043073341
292,603170.SH,宝立食品,0.11190053285968009,28.92018779342722,1.8099545992365893,0.7024642883927864,0.9884886989252986,1.69699793667267,400010000.0,11.28,11.87,11.16,11.55,4768441.0,55770947.0,11.28,2.393617021276606,10.0,12.41,False,False,True,78.86689949553745
293,600927.SH,永安期货,0.11382113821138186,35.94276094276092,1.5697290430706135,0.4371525793996119,0.9746886650377269,0.6845960307817709,1450444656.0,12.41,12.65,12.34,12.62,4342113.0,54573552.0,12.44,1.4469453376205754,10.0,13.68,False,False,True,78.85913853317811
294,603368.SH,柳药集团,0.1269565217391305,14.225941422594147,1.4590118739070135,1.0481343616171241,1.133657421495007,0.6970122105045922,397211355.0,15.0,15.37,14.96,15.3,2901877.0,44314225.0,15.07,1.5262110152621133,10.0,16.58,False,False,True,78.8533178114086
295,002707.SZ,众信旅游,0.017817371937639215,39.13043478260872,1.7484337992305012,1.933553620972251,0.9539380386282845,2.111267266518129,865278032.0,4.86,5.02,4.78,4.96,35322223.0,173730104.0,4.68,5.982905982905984,10.0,5.15,False,False,True,78.84167636786961
296,601658.SH,邮储银行,0.3000000000000001,11.777301927194861,0.8706038883532585,0.209339873515382,1.0935779488131663,0.9417378712878508,72527800605.0,5.13,5.14,5.07,5.09,142983690.0,729861086.0,5.12,-0.5859375,10.0,5.63,False,False,True,78.76988746604579
297,000797.SZ,中国武夷,0.04347826086956525,38.38862559241707,1.788059794360737,1.5525771041422622,0.884388413251744,0.8292554318619534,1570574028.9999998,2.23,2.3,2.21,2.28,20220834.0,46051714.0,2.23,2.2421524663676973,10.0,2.45,False,False,True,78.75048506014745
298,601117.SH,中国化学,0.12500000000000003,21.702127659574465,1.674010840971117,1.45198785592815,0.818981176573154,0.6932578817757585,6049451162.0,7.43,7.61,7.43,7.57,60898362.0,466627385.0,7.46,1.4745308310992078,10.0,8.21,False,False,True,78.7407838571983
299,000421.SZ,南京公用,0.09006211180124225,31.622176591375762,1.700924106782655,1.2943993095735975,0.8712462154937162,0.7429161516103802,574208022.0,5.11,5.26,5.1,5.24,5521800.0,28794327.0,5.16,1.5503875968992276,10.0,5.68,False,False,True,78.7407838571983
300,601059.SH,信达证券,0.2673267326732674,20.316804407713484,1.447460212184081,0.30176345359234746,0.9678317180204594,0.595437316721296,3243000000.0,16.44,16.52,16.3,16.43,5827062.0,95921193.0,16.41,0.12187690432663434,10.0,18.05,False,False,True,78.73690337601863
301,603648.SH,畅联股份,0.05820105820105791,24.686716791979933,1.9044130055502488,1.0362421801878905,1.2392873100466941,0.63621790728271,362412800.0,8.19,8.45,8.17,8.35,2389300.0,20676176.0,8.2,1.8292682926829285,10.0,9.02,False,False,True,78.72332169188981
302,600356.SH,恒丰纸业,0.04037267080745339,36.26373626373627,1.8785478336267514,1.7036648222470898,0.87301887682505,0.843010115138944,298731378.0,7.37,7.63,7.37,7.52,4290400.0,32342955.0,7.41,1.4844804318488558,10.0,8.15,False,False,True,78.71168024835079
303,600495.SH,晋西车轴,0.1452145214521452,31.437125748502993,1.3467296314709296,0.9733645888469266,0.9096995132376373,0.7485012300807163,1208190886.0,3.76,3.85,3.74,3.84,8802451.0,33560378.0,3.78,1.5873015873015817,10.0,4.16,False,False,True,78.70974000776097
304,001308.SZ,康冠科技,0.0,39.325153374233125,2.0020256421296727,0.870032375912713,1.7503743384449275,0.33095623713471806,527325325.0,16.28,16.61,16.25,16.61,1509802.0,25412724.0,16.3,1.901840490797535,10.0,17.93,False,False,True,78.69615832363213
305,600273.SH,嘉化能源,0.059674502712477415,28.593996840442347,1.7651487490817952,1.525149635922378,1.0092461101340628,0.5697572934879637,1311309122.0,6.64,6.81,6.62,6.79,11394819.0,76900910.0,6.66,1.9519519519519468,10.0,7.33,False,False,True,78.6825766395033
306,600098.SH,广州发展,0.14655172413793133,35.384615384615394,1.5271333383373364,0.7706915268109645,0.8347085893005732,1.054882062934892,3505864981.0000005,6.19,6.35,6.15,6.33,28502285.0,179388288.0,6.19,2.2617124394184174,10.0,6.81,False,False,True,78.67481567714397
307,603776.SH,永安行,0.15482954545454544,29.099944781888464,1.7096452653997005,1.0272562060459076,0.7530605474821198,0.4184145071942656,280760572.0,18.18,18.75,18.18,18.69,1206762.0,22458654.0,18.35,1.8528610354223485,10.0,20.19,False,False,True,78.66123399301513
308,600017.SH,日照港,0.2771084337349399,19.83805668016194,1.0298598799973169,1.032457667746518,0.8479790961515609,0.8911590769180887,3075653888.0,2.69,2.73,2.67,2.71,28298600.0,76546053.0,2.7,0.37037037037035425,10.0,2.97,False,False,True,78.6534730306558
309,601952.SH,苏垦农发,0.18131868131868134,36.46258503401361,1.3721903539656677,0.748976875907107,0.7241484377458456,0.7459745751760335,1378000000.0,7.93,8.05,7.9,8.03,7699130.0,61640301.0,8.01,0.24968789013732895,10.0,8.81,False,False,True,78.6069072564998
310,600009.SH,上海机场,0.12223133716160806,23.757409940720486,1.3653460543050493,0.6763905980850281,1.2727321860406051,0.5837430160725948,2046279515.0,23.42,23.7,23.4,23.45,8079495.0,192086215.0,23.42,0.1280956447480719,10.0,25.76,False,False,True,78.56422196352348
311,002267.SZ,陕天然气,0.28222996515679466,24.143302180685367,1.1666207405201245,0.7142622324513191,0.899516638340433,0.6941717683782507,1112075445.0,7.2,7.28,7.14,7.23,5513900.0,39860529.0,7.23,0.0,10.0,7.95,False,False,True,78.48467209934032
312,601311.SH,骆驼股份,0.12500000000000008,38.008415147265076,1.4373433949091519,1.1106358534615157,0.6654000008630694,0.8591815418036653,1173146118.0,7.63,7.83,7.63,7.8,11194604.0,87071060.0,7.66,1.8276762402088753,10.0,8.43,False,False,True,78.465269693442
313,603797.SH,联泰环保,0.062111801242236066,37.845303867403324,1.822500126236747,1.049196452775593,0.9504070757532913,0.7747133867921053,576605190.0,3.73,3.84,3.7,3.8,4686800.0,17775894.0,3.72,2.1505376344086002,10.0,4.09,False,False,True,78.44586728754365
314,601018.SH,宁波港,0.2719298245614035,21.895424836601297,1.0864811104036634,0.30651524929493146,1.0463120116292866,0.7168711684595592,19454388399.0,3.38,3.39,3.35,3.37,42747506.0,145309543.0,3.37,0.0,10.0,3.71,False,False,True,78.39542103220799
315,002224.SZ,三 力 士,0.05555555555555548,39.747634069400625,1.7565828912404247,1.489233122687783,0.7926058869097714,0.6031430790250273,806380369.0000001,3.26,3.36,3.26,3.35,7243075.0,24141125.0,3.28,2.1341463414634276,10.0,3.61,False,False,True,78.37407838571983
316,600618.SH,氯碱化工,0.04620853080568727,37.084673097534825,2.1999708919870464,1.317381743594843,0.7902311574471744,0.5505581732328138,749839976.0,9.5,9.9,9.5,9.89,5438554.0,53317005.0,9.72,1.7489711934156382,10.0,10.69,False,False,True,78.25378346915018
317,002688.SZ,金河生物,0.06586826347305381,30.786026200873362,1.9278980279649542,1.3116601614006111,0.9660984890685465,0.549939534256384,747041116.9999999,4.78,4.92,4.72,4.89,5388800.0,26333831.0,4.8,1.8750000000000044,10.0,5.28,False,False,True,78.24020178502133
318,002662.SZ,峰璟股份,0.03378378378378366,39.26174496644297,2.332153006583894,1.2334755384584468,0.7927837669297388,0.48048578924457974,1499981099.9999998,3.05,3.13,3.04,3.12,8889900.0,27557768.0,3.03,2.970297029702973,10.0,3.33,False,False,True,78.17423360496701
319,601990.SH,南京证券,0.16287878787878773,17.759999999999998,1.0076568007155273,0.6228288155694756,1.3825828815807157,0.6558073579502258,4231724800.0,6.68,6.72,6.63,6.71,17284722.0,116954811.0,6.68,0.44910179640718084,10.0,7.35,False,False,True,78.1490104772992
320,600016.SH,民生银行,0.2060606060606062,17.04918032786886,1.0169576195908843,0.758695843827444,1.167346381742988,1.1968708120433886,35462123213.0,3.39,3.44,3.37,3.42,322017679.0,1131299898.0,3.39,0.8849557522123908,10.0,3.73,False,False,True,78.1373690337602
321,601900.SH,南方传媒,0.195364238410596,21.656686626746513,1.5132174066956279,0.8264612938225046,0.9959476211947313,0.6009349701946036,881970094.0,11.25,11.41,11.11,11.35,4380300.0,49693757.0,11.2,1.3392857142857206,10.0,12.32,False,False,True,78.13154831199068
322,601518.SH,吉林高速,0.32692307692307676,17.557251908396942,1.0411280740499684,0.8640139255454029,0.9086624179905188,0.6093956392734432,1890553169.0,2.73,2.75,2.72,2.74,9954260.0,27281034.0,2.73,0.366300366300365,10.0,3.0,False,False,True,78.11602638727203
323,002069.SZ,獐子岛,0.04255319148936173,36.45833333333335,1.8367997198512271,1.5796529345260137,0.9579921672120773,0.8556594143947123,710216194.0,2.98,3.06,2.95,3.05,9599601.0,29060756.0,2.98,2.348993288590595,10.0,3.28,False,False,True,78.11214590609235
324,300898.SZ,熊猫乳品,0.002991772625280415,36.8450704225352,1.8764599465634046,2.453771213349613,0.9564846724503272,0.8525172656234142,114743548.0,17.9,18.37,17.7,18.16,2400300.0,43566429.0,17.79,2.0798201236649883,20.0,21.35,False,False,True,78.05781916957702
325,603719.SH,良品铺子,0.0016977928692699126,37.04156479217606,1.9577650223217002,1.4995643804468546,1.3369503532712284,0.7278943952465731,397983400.0,8.13,8.38,8.13,8.33,4356500.0,36223056.0,8.19,1.7094017094017255,10.0,9.01,False,False,True,77.98214978657354
326,002500.SZ,山西证券,0.23195876288659764,18.049792531120335,0.9823885249585851,0.7895106590748133,1.1007939126565962,0.6362291313600923,3589771547.0,5.26,5.35,5.23,5.34,18031770.0,95772122.0,5.27,1.3282732447817969,10.0,5.8,False,False,True,77.98214978657353
327,002332.SZ,仙琚制药,0.08163265306122432,12.132822477650063,1.3377017185235807,1.4439968812287218,1.3998721604244062,0.7209882533765705,985714191.0,8.09,8.3,8.08,8.26,10261900.0,85606915.0,8.11,1.8495684340320562,10.0,8.92,False,False,True,77.98020954598371
328,600760.SH,中航沈飞,0.15129888666856972,33.31578947368421,1.4347474512603222,0.623115735053338,0.9960509828365339,0.7660566004906318,2829552651.0,43.7,43.8,42.76,43.27,13506641.0,585027362.0,43.3,-0.06928406466510939,10.0,47.63,False,False,True,77.93752425300737
329,301339.SZ,通行宝,0.08946078431372555,34.51059535822401,1.5501533623605361,0.8296329062829024,1.1136605066359089,1.7382966746214707,569800000.0,10.7,10.92,10.59,10.84,8217360.0,88755311.0,10.64,1.8796992481203034,20.0,12.77,False,False,True,77.91618160651922
330,002462.SZ,嘉事堂,0.06637168141592915,34.86150907354344,1.8002781630579563,1.5337873961062196,0.8621890706061599,0.5951189460692364,291470419.0,11.14,11.34,11.01,11.3,2660501.0,30272252.0,11.07,2.0776874435411097,10.0,12.18,False,False,True,77.88513775708188
331,601007.SH,金陵饭店,0.12052117263843651,37.97250859106527,1.5538097982527717,1.2121018076923031,0.6319735683761684,1.3865785434097782,390000000.0,6.2,6.43,6.2,6.39,6554630.0,41666842.0,6.19,3.2310177705977328,10.0,6.81,False,False,True,77.87349631354289
332,000563.SZ,陕国投Ａ,0.21929824561403508,20.879120879120872,1.2574189700067,0.9419083271502956,1.001527007621227,0.7345216043609405,5113970358.0,2.98,3.02,2.96,3.0,35381107.0,106019801.0,2.98,0.6711409395973256,10.0,3.28,False,False,True,77.8172293364377
333,600015.SH,华夏银行,0.3882352941176471,14.214876033057866,0.9735404380834044,0.46123617150441953,1.015516551374184,1.0160493735939662,15387223983.0,6.67,6.73,6.66,6.69,72110490.0,505420316.0,6.69,0.0,10.0,7.36,False,False,True,77.81528909584789
334,600925.SH,苏能股份,0.3388429752066117,25.063938618925818,1.328390592059272,0.6293534540679155,0.8550836768644062,0.7041792229698437,1606048586.0,4.31,4.35,4.27,4.33,7117648.0,30702813.0,4.32,0.23148148148146586,10.0,4.75,False,False,True,77.81528909584789
335,600372.SH,中航机载,0.1303680981595092,32.46628131021194,1.6849612147401114,0.7864239796748829,0.9540620925631369,0.8617756136208247,4838896630.0,11.17,11.27,11.08,11.27,32794219.0,367295036.0,11.23,0.3561887800534125,10.0,12.35,False,False,True,77.80364765230888
336,600616.SH,金枫酒业,0.059999999999999956,37.53424657534246,1.7679675114845854,1.178508933304599,1.0048119511743159,0.5648363895000168,669004950.0,3.81,3.88,3.78,3.86,4453330.0,17160578.0,3.8,1.5789473684210575,10.0,4.18,False,False,True,77.79782693053939
337,301370.SZ,国科恒泰,0.04940711462450611,33.2065906210393,1.9651644424512782,0.9810894189141935,1.1929917059262987,0.8395451370723066,470600000.0,8.09,8.46,8.06,8.39,3284600.0,27488287.0,8.14,3.071253071253066,20.0,9.77,False,False,True,77.7687233216919
338,600848.SH,上海临港,0.13561847988077486,32.48945147679325,1.891843282681764,0.41164548555701747,0.9282862734292759,0.661309361337302,2393912273.0,8.03,8.18,8.0,8.14,6516828.0,52954159.0,8.02,1.4962593516209655,10.0,8.82,False,False,True,77.76096235933255
339,600585.SH,海螺水泥,0.16138917262512753,29.462631253860394,1.3272046528996262,0.8225723208901525,1.0430665656957925,0.7640734513408035,3977460044.0,17.75,17.9,17.64,17.75,25067104.0,445417807.0,17.77,-0.11254924029262536,10.0,19.55,False,False,True,77.75320139697322
340,600305.SH,恒顺醋业,0.16239316239316237,20.192307692307686,1.1922699975355173,0.8201087124193044,1.2403271578445072,0.7167377466266182,1102959908.0,6.65,6.7,6.58,6.65,6483230.0,43173156.0,6.62,0.45317220543807935,10.0,7.28,False,False,True,77.71633682576639
341,002014.SZ,永新股份,0.3082706766917294,16.44120707596255,1.3642661925203148,0.475862452411723,1.0236351519188434,0.673505855226656,610527693.0,10.43,10.57,10.38,10.53,1953100.0,21043462.0,10.43,0.9587727708533,10.0,11.47,False,False,True,77.71051610399691
342,601169.SH,北京银行,0.26946107784431095,11.713665943600859,0.9514447557942451,0.6463899373987061,1.1529152195976482,0.7423877909266333,21142984272.0,5.06,5.1,5.04,5.06,101459261.0,513758586.0,5.06,0.0,10.0,5.57,False,False,True,77.68529297632907
343,600582.SH,天地科技,0.3056994818652848,30.094786729857837,1.3819701002896785,0.5596316970446216,0.8207814053665037,0.8839244397073809,4138588892.0,4.79,4.91,4.79,4.86,20472446.0,99541737.0,4.81,1.0395010395010562,10.0,5.29,False,False,True,77.6697710516104
344,301206.SZ,三元生物,0.10148232611174465,27.328029948525966,1.527045705991195,1.095055266674865,1.1317949179696472,0.5446941490834405,130283123.0,22.12,22.62,22.06,22.49,777100.0,17459932.0,22.26,1.033243486073654,20.0,26.71,False,False,True,77.66006984866124
345,600050.SH,中国联通,0.26775956284152996,28.498727735368945,0.8324667947722947,0.5436912253193804,1.0037614319801174,0.7998768298593332,30990409152.0,4.45,4.45,4.38,4.38,134772955.0,593374925.0,4.42,-0.9049773755656076,10.0,4.86,False,False,True,77.6406674427629
346,600690.SH,海尔智家,0.2773302646720368,15.909090909090917,1.0261646676937315,0.7856767524608596,1.0671595511858225,0.7410986065831682,6253028411.0,20.87,21.16,20.79,20.99,36409130.0,796387525.0,20.89,0.47869794159884904,10.0,22.98,False,False,True,77.63872720217307
347,002327.SZ,富安娜,0.22151898734177192,26.779661016949152,1.2955442182856984,1.0207061310868921,0.892354124551441,0.9019060939940435,490983369.0,6.23,6.32,6.2,6.27,4519900.0,28367668.0,6.25,0.31999999999998696,10.0,6.88,False,False,True,77.62708575863407
348,600195.SH,中牧股份,0.17230769230769213,32.749562171628725,1.780669887533286,0.8102361551299071,0.776722377671713,0.5015665035685795,1021148260.0,6.27,6.37,6.22,6.34,4149817.0,26298057.0,6.27,1.1164274322169154,10.0,6.9,False,False,True,77.61544431509506
349,000869.SZ,张  裕Ａ,0.18715846994535504,26.04712041884818,1.3789641088297389,0.28896022273848454,1.1590235305216143,1.1128115885760066,454935920.0,16.61,16.91,16.55,16.8,1462900.0,24569732.0,16.65,0.9009009009009139,10.0,18.32,False,False,True,77.57663950329842
350,601098.SH,中南传媒,0.26426426426426447,21.420882669537143,0.8662196056538107,0.5753921018930905,1.1191607465770246,0.9657402065076732,1796000000.0,10.22,10.33,10.15,10.2,9980000.0,101931318.0,10.17,0.2949852507374562,10.0,11.19,False,False,True,77.53395421032208
351,600717.SH,天津港,0.21511627906976774,22.27979274611398,1.1647888682143832,0.8363017715683294,1.084434151434438,0.8129845419240488,2894001038.0,4.23,4.28,4.2,4.26,19676325.0,83645332.0,4.23,0.7092198581560183,10.0,4.65,False,False,True,77.42336049670159
352,000507.SZ,珠海港,0.21212121212121227,19.56043956043958,1.35430249445672,1.3998184505001368,0.872194693082488,1.9231321840473865,902354455.0,4.8,5.08,4.8,5.05,24291706.0,120839929.0,4.83,4.554865424430643,10.0,5.31,False,False,True,77.38067520372526
353,600361.SH,创新新材,0.1488095238095238,36.417910447761194,1.1953784580960292,1.2911639631896166,0.7622105755368667,0.7844186770163977,3732662913.0,3.6,3.66,3.58,3.63,37804900.0,137103703.0,3.6,0.8333333333333304,10.0,3.96,False,False,True,77.37679472254558
354,002441.SZ,众业达,0.05263157894736846,39.24581005586594,2.0486384499321373,1.5042956868822643,0.7058309690269741,0.8003050723697048,398964279.0,7.35,7.59,7.32,7.57,4802790.0,36952029.0,7.36,2.8532608695652106,10.0,8.1,False,False,True,77.33410942956927
355,002344.SZ,海宁皮城,0.11224489795918377,36.82634730538923,1.7768209129382087,0.815091571117281,0.900324555235849,0.8734980582844537,1281450092.0,3.55,3.65,3.54,3.63,9123600.0,33014399.0,3.56,1.96629213483146,10.0,3.92,False,False,True,77.31082654249127
356,600467.SH,好当家,0.12318840579710141,28.125,1.5431661802985968,1.719596129239935,0.7775774828638671,0.7596858226846607,1460994304.0000002,2.09,2.13,2.07,2.12,19085740.0,40340036.0,2.09,1.435406698564612,10.0,2.3,False,False,True,77.26232052774544
357,000529.SZ,广弘控股,0.10599078341013804,32.1513002364066,1.8603891352993358,0.930044279841693,0.9619753904060316,0.5901744357766313,569884377.0,4.45,4.57,4.41,4.53,3128029.0,14163909.0,4.46,1.5695067264574147,10.0,4.91,False,False,True,77.26232052774543
358,605368.SH,蓝天燃气,0.1757425742574257,31.534569983136596,1.3801828036488446,0.6979788722205454,1.0239935398999658,0.9122038845288871,714635915.0,6.63,6.66,6.53,6.62,4550080.0,30038259.0,6.64,-0.3012048192771011,10.0,7.3,False,False,True,77.25844004656577
359,002187.SZ,广百股份,0.0355805243445692,37.74834437086092,1.6716994711744035,1.7610740643237262,1.0652967281452008,0.913290944146292,700894633.0,4.73,4.88,4.68,4.84,11273000.0,54036127.0,4.72,2.5423728813559254,10.0,5.19,False,False,True,77.25844004656577
360,002373.SZ,千方科技,0.05660377358490562,35.90116279069766,1.7325203153456759,1.6054353586441954,0.9493491707737823,0.8164381009019868,1377594126.0,7.26,7.43,7.21,7.41,18056653.0,133113249.0,7.27,1.925722145804687,10.0,8.0,False,False,True,77.25067908420644
361,600131.SH,国网信通,0.13211186113789772,39.32253313696614,1.831299283447097,0.8177571112706987,0.6365263477541204,0.9248929971507831,1195905149.0,14.8,15.41,14.8,15.35,9045083.0,139347026.0,14.95,2.6755852842809347,10.0,16.45,False,False,True,77.23515715948777
362,600007.SH,中国国贸,0.3808411214953268,24.840394660475916,1.2880272238082924,0.23507891977405804,0.9293709392423922,0.786056423032153,1007282534.0,18.85,18.95,18.68,18.72,1861310.0,34977652.0,18.86,-0.7423117709438043,10.0,20.75,False,False,True,77.22933643771827
363,600028.SH,中国石化,0.21714285714285733,21.444695259593693,1.5301219488836355,0.3127676280509995,1.1362909294188352,0.7305583035331219,94752475375.0,5.13,5.18,5.09,5.15,216504657.0,1112822982.0,5.19,-0.770712909441229,10.0,5.71,False,False,True,77.2138145129996
364,601881.SH,中国银河,0.12534435261707988,17.677642980935882,1.5787571126118867,0.8094603010852757,1.392066811411794,0.43485058320833075,7243417622.999999,12.45,12.56,12.32,12.54,25496416.0,317920807.0,12.45,0.7228915662650603,10.0,13.7,False,False,True,77.15560729530462
365,002101.SZ,广东鸿图,0.08132530120481929,26.120358514724717,1.558445168318848,1.2565806870616063,1.256307212877177,0.5329341551957472,662212199.0,8.29,8.53,8.28,8.43,4434668.0,37515119.0,8.35,0.9580838323353325,10.0,9.19,False,False,True,77.14784633294528
366,002926.SZ,,0.22507122507122485,16.216216216216207,1.1862994597220204,0.780635245714281,1.1780988797764727,0.7546463063205296,2625000000.0,8.18,8.23,8.06,8.23,15463967.0,127570306.0,8.19,0.48840048840050887,10.0,9.01,False,False,True,77.14590609235546
367,600269.SH,赣粤高速,0.1296296296296296,16.266666666666673,1.4967350053494877,0.9564627864049005,1.334915923892942,0.7580870005814042,2335407014.0,3.96,4.0,3.93,3.96,16933616.0,67232690.0,3.96,0.0,10.0,4.36,False,False,True,77.13426464881644
368,600369.SH,西南证券,0.2518518518518514,14.516129032258052,1.1357111802363196,0.7272142744122618,1.184415908613358,0.7124424771174761,6645109124.0,4.06,4.11,4.04,4.1,34428200.0,140512424.0,4.06,0.9852216748768461,10.0,4.47,False,False,True,77.03531237873497
369,002321.SZ,华英农业,0.08888888888888886,34.16149068322982,1.6369902194799164,1.3588314670479364,0.9494492155274686,0.5524245177848927,2125250009.0,1.8,1.84,1.79,1.83,15952700.0,29097215.0,1.81,1.104972375690605,10.0,1.99,False,False,True,77.0081490104773
370,002333.SZ,罗普斯金,0.22362869198312246,24.22907488986783,1.6755180280356055,1.032534662768981,0.838593132402789,1.8869135119013267,666502712.9999999,5.06,5.33,5.05,5.28,12985500.0,68118259.0,5.07,4.142011834319526,10.0,5.58,False,False,True,77.00426852929763
371,002507.SZ,涪陵榨菜,0.263157894736842,18.096135721017916,1.1526726513465873,0.9735588943567506,1.0273702931416644,0.7433555102379147,1153718438.0,11.35,11.47,11.28,11.42,8348185.0,95059718.0,11.36,0.5281690140845008,10.0,12.5,False,False,True,76.95770275514164
372,002481.SZ,双塔食品,0.08532423208191127,25.40540540540539,1.7540519376680865,1.1342982873203795,1.2141168345608582,0.7106036415261242,1118152600.0,3.95,4.06,3.92,4.03,9012659.0,36249807.0,3.95,2.0253164556962133,10.0,4.35,False,False,True,76.95382227396198
373,001914.SZ,招商积余,0.1420118343195266,33.62944162436548,1.489000548399519,0.8161088616184715,1.0217494539112633,0.8941085045263492,1053719483.0,8.61,8.84,8.59,8.76,7688883.0,67202373.0,8.6,1.8604651162790642,10.0,9.46,False,False,True,76.94800155219247
374,600928.SH,西安银行,0.29133858267716517,15.506329113924044,1.4083676492058999,0.60591048331422,1.0755337962633844,0.7985652032422285,4423354066.0,3.54,3.59,3.52,3.55,21402798.0,76054255.0,3.53,0.56657223796035,10.0,3.88,False,False,True,76.93247962747381
375,300847.SZ,中船汉光,0.20352941176470593,31.599999999999984,1.4535993652395587,1.0060641025640982,0.8584533889022129,4.400981333307545,296010000.0,13.8,15.38,13.75,15.19,13106344.0,191419092.0,14.23,6.7463106113843985,20.0,17.08,False,False,True,76.92083818393482
376,600073.SH,光明肉业,0.11918604651162794,30.83700440528636,1.572556111079868,1.017988741426691,1.0628032679319053,0.6332188748616179,937729472.0,4.95,5.05,4.91,5.0,6044695.0,30239155.0,4.95,1.0101010101010166,10.0,5.45,False,False,True,76.84904928211098
377,000998.SZ,隆平高科,0.2,32.10884353741499,1.130923441798077,1.3133118631189802,0.813864849080427,0.5615735879651639,1315050546.0,8.08,8.19,8.04,8.12,9698500.0,78872113.0,8.1,0.24691358024691024,10.0,8.91,False,False,True,76.83546759798215
378,603811.SH,诚意药业,0.02016129032258058,26.35431918008786,2.145310751400853,1.667478383943808,1.3618092545322527,0.42449499826608933,458226048.0,6.91,7.12,6.9,7.05,3243490.0,22843269.0,6.93,1.7316017316017396,10.0,7.62,False,False,True,76.74233604967016
379,601099.SH,太平洋,0.1,22.115384615384603,1.2557950471383266,1.7166455318152967,1.1056008473439276,0.6236544541336166,6816316370.0,3.32,3.38,3.3,3.37,72975049.0,245050823.0,3.33,1.2012012012011963,10.0,3.66,False,False,True,76.732634846721
380,002884.SZ,凌霄泵业,0.35905044510385736,21.97580645161288,1.1431372684909469,0.934799651394502,0.8926875001203862,0.6232707981958062,272657626.0,16.11,16.24,16.05,16.21,1588700.0,25695031.0,16.09,0.7458048477315238,10.0,17.7,False,False,True,76.70159099728367
381,002275.SZ,桂林三金,0.19341563786008223,20.82283795130142,1.7457838157810943,0.4531859205821666,1.134473920022778,1.0160214344166374,564751305.0,12.84,13.27,12.82,13.24,2599000.0,34184481.0,12.85,3.0350194552529297,10.0,14.14,False,False,True,76.66084594489716
382,601766.SH,中国中车,0.2730375426621162,21.11553784860558,1.1859614747997391,0.8145483543517407,1.0686789946556554,0.6191572600507944,24327798048.0,5.78,5.86,5.78,5.8,122693242.0,727435314.0,5.82,-0.3436426116838587,10.0,6.4,False,False,True,76.60263872720218
383,002933.SZ,新兴装备,0.05422057917436861,37.17728055077454,2.079634160154171,1.4957080716347693,0.855089458363668,0.5420765702460194,116894276.0,24.16,24.59,23.88,24.47,947700.0,23142271.0,24.12,1.4510779436152532,10.0,26.53,False,False,True,76.5987582460225
384,000800.SZ,一汽解放,0.3177570093457943,25.448028673835132,1.1032588022824215,0.3310689930882925,1.0679958848930438,0.7637717282833092,4920635033.0,6.24,6.31,6.22,6.27,12442400.0,77883733.0,6.26,0.15974440894568342,10.0,6.89,False,False,True,76.581296080714
385,003000.SZ,劲仔食品,0.12983425414364655,17.4331550802139,1.304760380373477,1.5110259989850308,1.130687713991002,0.8333205957806157,308060295.0,9.81,9.99,9.75,9.96,3879000.0,38838072.0,9.82,1.4256619144602967,10.0,10.8,False,False,True,76.52502910360884
386,600064.SH,南京高科,0.3086956521739133,19.054652880354528,0.9023530550089187,0.95307332622149,1.018243157907378,0.9053903203981594,1730339644.0,7.47,7.58,7.44,7.51,14931159.0,112354834.0,7.48,0.40106951871656804,10.0,8.23,False,False,True,76.52502910360884
387,000897.SZ,津滨发展,0.06862745098039201,36.02484472049687,1.5167850459835925,1.817928132397585,0.9237713286955861,0.7136562270536383,1617241634.0,1.68,1.72,1.67,1.7,20981700.0,35724599.0,1.68,1.1904761904761862,10.0,1.85,False,False,True,76.499805975941
388,600023.SH,浙能电力,0.2596685082872927,37.17948717948718,1.610038095199073,0.39137431577128834,0.7161248042329994,0.8111271660641763,13408732749.0,5.05,5.09,5.03,5.08,42566604.0,226851536.0,5.08,0.0,10.0,5.59,False,False,True,76.49010477299186
389,600027.SH,华电国际,0.22435897435897462,35.944700460829516,1.3989051041723704,0.9363611017193723,0.7607426523369282,0.8298080038811005,9215677327.0,4.68,4.74,4.65,4.68,71605807.0,335365994.0,4.69,-0.2132196162047073,10.0,5.16,False,False,True,76.44547923942568
390,600997.SH,开滦股份,0.20689655172413784,29.50108459869847,2.047363421983106,0.7026708431149701,0.7292434285284017,0.8626776289618758,1587799851.0,5.17,5.31,5.16,5.27,9624900.0,50555172.0,5.21,1.151631477927051,10.0,5.73,False,False,True,76.42413659293753
391,300783.SZ,三只松鼠,0.05025868440502585,34.99344692005244,1.4672570602769208,2.2420994504114367,0.9793664564958976,0.816608909872309,280282400.0,15.94,16.45,15.91,16.32,5131742.0,83623243.0,15.94,2.3839397741530766,20.0,19.13,False,False,True,76.40667442762903
392,600609.SH,金杯汽车,0.042553191489361736,38.61386138613862,1.7203155990817145,1.4227938206511632,1.167172475318165,0.7064213602966499,1304558558.0,3.14,3.22,3.11,3.2,13112013.0,41813689.0,3.13,2.2364217252396346,10.0,3.44,False,False,True,76.4047341870392
393,603071.SH,物产环能,0.20623501199040797,37.200736648250476,1.4175808623391877,0.549331131590842,0.9127780606926948,0.7746448556108546,557954442.0,11.6,11.87,11.53,11.71,2374300.0,27880708.0,11.72,-0.08532423208190698,10.0,12.89,False,False,True,76.36592937524253
394,601166.SH,兴业银行,0.3399280575539564,13.564476885644773,1.0488769212629376,0.4959400341555575,1.1808939687431015,0.8308094900243033,21162859513.0,18.48,18.49,18.2,18.3,87197687.0,1597886495.0,18.33,-0.16366612111291534,10.0,20.16,False,False,True,76.35622817229336
395,002004.SZ,华邦健康,0.17391304347826103,25.32981530343008,1.7487825704132665,1.275796365717489,0.8648367321060741,1.0949510346961355,1885347429.0,4.13,4.2,4.08,4.18,26335729.0,111778057.0,4.11,1.703163017031617,10.0,4.52,False,False,True,76.3523476911137
396,002063.SZ,远光软件,0.1098901098901098,37.090163934426236,1.5116663169201212,1.638826987747759,0.6809418349820597,0.6860020447374018,1769109143.0,5.17,5.28,5.13,5.27,19889032.0,104406993.0,5.18,1.737451737451745,10.0,5.7,False,False,True,76.34846720993403
397,600787.SH,中储股份,0.1982378854625551,29.38271604938272,1.2581265096860945,1.0246020230975972,0.9996505915647516,0.6652625747563626,2170079582.0,4.5,4.56,4.47,4.54,14791900.0,66942050.0,4.5,0.8888888888888946,10.0,4.95,False,False,True,76.34458672875436
398,601788.SH,光大证券,0.11668757841907167,16.77953348382242,1.6066039367022955,0.9852991588635691,1.4523500394633362,0.43596036988942843,3906698839.0,14.19,14.45,14.15,14.42,16781279.0,243385687.0,14.22,1.4064697609001309,10.0,15.64,False,False,True,76.3232440822662
399,601928.SH,凤凰传媒,0.34782608695652145,15.936739659367372,0.9495170891208543,0.371430480568976,1.1867123723464945,1.062556313601528,2544900000.0,9.21,9.22,9.01,9.05,10043850.0,95235276.0,9.18,-1.4161220043572897,10.0,10.1,False,False,True,76.3057819169577
400,600757.SH,长江传媒,0.20487804878048788,14.502762430939221,1.3569019867926546,0.8565440225859317,1.2659565516133884,1.0969300394725414,1213497103.0,7.69,7.92,7.61,7.81,11401641.0,89200846.0,7.66,1.958224543080922,10.0,8.43,False,False,True,76.2999611951882
401,002035.SZ,华帝股份,0.10843373493975922,35.730858468677496,1.4596459829261215,1.2315890150084001,0.9953356671360107,0.9002760735877834,782037666.9999999,4.56,4.72,4.56,4.68,8671000.0,40447301.0,4.58,2.183406113537112,10.0,5.04,False,False,True,76.26697710516103
402,601528.SH,瑞丰银行,0.2822580645161294,16.705336426914165,1.0238239549391126,0.9419231264952566,1.1008054802431289,1.0105119297310436,1855770886.0,4.68,4.73,4.65,4.71,17663683.0,84586172.0,4.66,1.0729613733905463,10.0,5.13,False,False,True,76.24369421808304
403,002783.SZ,凯龙股份,0.07439824945295401,38.2882882882883,1.7820231189616327,1.7592339434955775,0.7182503194759046,0.6616005841629922,461116586.0,7.0,7.13,6.97,7.11,5366983.0,37942905.0,7.0,1.5714285714285792,10.0,7.7,False,False,True,76.21071012805588
404,601216.SH,君正集团,0.2697674418604651,30.29556650246308,1.6180964589651636,0.8155839484469175,0.8309903567775326,0.7190048682317122,8438017389.999999,4.64,4.66,4.58,4.63,49481279.0,228409678.0,4.64,-0.21551724137930384,10.0,5.1,False,False,True,76.20682964687622
405,605008.SH,长鸿高科,0.17912087912087918,25.294117647058822,1.5741797130679995,0.4444207801848945,1.2316869030968174,0.7170455308627113,645962414.0,11.76,12.05,11.69,12.0,2058488.0,24547371.0,11.83,1.4370245139475823,10.0,13.01,False,False,True,76.19906868451689
406,600282.SH,南钢股份,0.4,20.54794520547947,1.4151014850150294,0.6176699659754581,0.9515334333869958,1.059789377605382,6165091011.0,4.73,4.86,4.69,4.84,40356690.0,197226585.0,4.75,1.8947368421052602,10.0,5.23,False,False,True,76.19712844392706
407,300664.SZ,鹏鹞环保,0.10169491525423703,38.82063882063882,1.7513175426584227,1.388250790507994,0.7001863082639321,0.9053248604357338,725179886.0,4.29,4.39,4.25,4.38,9114191.0,40107074.0,4.31,1.6241299303944468,20.0,5.17,False,False,True,76.19518820333722
408,600008.SH,首创环保,0.35593220338983056,19.77611940298507,0.9381394240158387,1.0568613693864952,0.9336585893888076,0.9939685621129605,7340590677.0,2.88,2.91,2.87,2.89,77111949.0,222739165.0,2.89,0.0,10.0,3.18,False,False,True,76.17578579743888
409,600132.SH,重庆啤酒,0.175194660734149,36.38166047087981,1.4741608316448822,0.7884561551945866,0.9278842302992724,0.797730664217756,483971198.0,43.8,44.12,43.21,43.68,3044061.0,133019573.0,43.5,0.4137931034482678,10.0,47.85,False,False,True,76.16608459448972
410,600968.SH,海油发展,0.22510822510822512,31.498470948012237,2.0080032509290087,0.47729483092531805,0.757807506011422,1.0299558426082602,10165104199.0,3.71,3.78,3.58,3.76,49970900.0,186253502.0,3.79,-0.7915567282322011,10.0,4.17,False,False,True,76.14474194800157
411,002159.SZ,三特索道,0.021905805038335082,39.585062240663895,2.117111191877952,2.3667767997402582,0.7244899680133791,0.9617256706051136,138486813.0,12.14,12.63,12.14,12.57,3152200.0,39274282.0,12.25,2.612244897959193,10.0,13.48,False,False,True,76.14474194800155
412,603055.SH,台华新材,0.18075801749271136,20.472440944881875,1.975401053206427,0.8098436132431216,0.986511697112853,0.5881906343469087,887050942.0000001,8.18,8.38,8.18,8.24,4225400.0,34991015.0,8.24,0.0,10.0,9.06,False,False,True,76.10011641443539
413,600780.SH,通宝能源,0.17391304347826078,39.56442831215972,1.5028307372739365,1.1068872370898344,0.5645948585502031,1.0188483579527003,1146502523.0,5.88,6.01,5.76,5.97,12929685.0,76710813.0,5.92,0.8445945945945832,10.0,6.51,False,False,True,76.09623593325571
414,000166.SZ,申万宏源,0.2684563758389258,13.942307692307686,1.4385645405437097,0.5271791082140415,1.237470040870603,0.5341826241995364,22535507316.0,4.55,4.6,4.52,4.58,63462224.0,294925827.0,4.56,0.43859649122808264,10.0,5.02,False,False,True,76.03802871556073
415,000516.SZ,国际医学,0.09704641350210967,23.03664921465969,1.7855529092697924,1.447571084787826,1.0998585224520976,0.9374739251571839,2204748361.0,4.03,4.21,4.02,4.19,29919800.0,124623959.0,4.05,3.45679012345681,10.0,4.46,False,False,True,76.0302677532014
416,002996.SZ,顺博合金,0.05487804878048773,31.533101045296164,2.0265682203432758,2.115122737136148,0.8374917707331468,0.6685968303918064,458377491.0,5.95,6.08,5.91,6.05,6443676.0,38748360.0,5.92,2.195945945945943,10.0,6.51,False,False,True,76.01474582848273
417,600970.SH,中材国际,0.18204488778054853,36.10315186246418,1.2889725229262734,0.8422629871054786,0.9666832518843159,0.7437860515976367,2621812924.0,7.74,7.84,7.7,7.81,16424700.0,128008493.0,7.71,1.2970168612191912,10.0,8.48,False,False,True,75.90027163368258
418,600710.SH,苏美达,0.23844731977818837,34.408602150537625,1.6195034377071278,0.8975121239654531,0.75986417829084,0.6929429941655498,1306749434.0,10.44,10.76,10.44,10.61,8126998.0,86585636.0,10.52,0.8555133079847899,10.0,11.57,False,False,True,75.85370585952658
419,601801.SH,皖新传媒,0.25941422594142266,27.7056277056277,1.3878818346694537,0.6087937780830196,1.0714250221985782,0.8899060753600267,1957931237.0,5.22,5.36,5.19,5.33,10607470.0,56324676.0,5.24,1.717557251908386,10.0,5.76,False,False,True,75.84788513775707
420,601377.SH,兴业证券,0.1991150442477877,13.357400722021673,1.2592985280684994,1.199432226144722,1.180029188353253,0.5365778791375988,8635987294.0,5.97,6.03,5.92,6.02,55580247.0,337984357.0,5.98,0.6688963210702115,10.0,6.58,False,False,True,75.82654249126892
421,300653.SZ,正海生物,0.003980099502487477,36.888888888888886,2.4825364534888026,1.3112528888888835,1.209931851292898,0.7405063655828403,180000000.0,13.52,13.89,13.37,13.82,1747784.0,24039151.0,13.54,2.0679468242245314,20.0,16.25,False,False,True,75.76251455180443
422,600916.SH,中国黄金,0.05591677503250984,33.23353293413174,1.799733440924096,1.8667252410714235,1.0225922555675238,0.7149597080325035,1680000000.0,7.19,7.31,7.17,7.26,22421840.0,164361530.0,7.11,2.1097046413502074,10.0,7.82,False,False,True,75.75863407062477
423,600729.SH,重百集团,0.10475482912332838,20.06822057987494,1.2511131745720405,1.9060716133225823,1.127256838267228,0.8671010240140342,192482844.0,18.94,19.33,18.83,19.06,3181273.0,63310344.0,19.0,0.3157894736842026,10.0,20.9,False,False,True,75.7314707023671
424,000709.SZ,河钢股份,0.2375,30.48128342245988,1.52106821188436,0.9022509684088129,0.9265317012649761,0.6864098181939139,10335412398.0,2.05,2.09,2.05,2.08,64008648.0,132576514.0,2.06,0.9708737864077666,10.0,2.27,False,False,True,75.71594877764844
425,600335.SH,国机汽车,0.13178294573643404,32.08791208791209,1.7465907111729657,0.8339333406376076,1.0847491095531632,0.805447086978769,1487456892.0,4.87,4.99,4.86,4.95,9991087.0,49376936.0,4.89,1.22699386503069,10.0,5.38,False,False,True,75.71012805587893
426,600004.SH,白云机场,0.24038461538461545,25.43352601156068,1.0470076156174208,0.5676101142452655,1.2688511935835691,0.6973993344448314,2366718283.0,7.67,7.73,7.63,7.66,9368676.0,71851207.0,7.67,-0.13037809647978849,10.0,8.44,False,False,True,75.6907256499806
427,603809.SH,豪能股份,0.00419287211740033,39.42307692307692,2.4016466891745303,1.4852613816479838,1.0869967343641915,0.6167636678243791,920288807.0,8.35,8.62,8.35,8.53,8430354.0,71851744.0,8.36,2.0334928229664984,10.0,9.2,False,False,True,75.69072564998059
428,002269.SZ,美邦服饰,0.02040816326530614,37.00787401574803,1.8897222320560896,2.4453434448262716,1.0166719801429018,0.7182254708228892,2343729075.0,1.31,1.35,1.3,1.34,41163100.0,54974702.0,1.31,2.2900763358778553,10.0,1.44,False,False,True,75.60729530461778
429,688566.SH,吉贝尔,0.013276434329065964,25.503943908851888,2.4639742811794436,1.517654693242777,1.424499317861572,0.3716171368990441,201101625.0,23.31,24.0,23.04,23.79,1134186.0,26868859.0,23.1,2.9870129870129825,20.0,27.72,False,False,True,75.6034148234381
430,601288.SH,农业银行,0.33590733590733585,18.65284974093264,1.3976485879675438,0.128808212371069,1.169882047102425,1.022542362200671,319244210777.0,6.67,6.79,6.66,6.72,420482468.0,2831905728.0,6.66,0.9009009009008917,10.0,7.33,False,False,True,75.58013193636012
431,603609.SH,禾丰股份,0.16438356164383572,27.697841726618712,2.0412314356968215,0.44961893097931144,1.022440314546195,0.9757295606332982,904016733.0,6.11,6.24,6.05,6.16,3980400.0,24514267.0,6.16,0.0,10.0,6.78,False,False,True,75.56072953046178
432,000589.SZ,贵州轮胎,0.19166666666666698,26.49999999999999,1.4054139212600318,1.5093602705832885,0.8944353256114187,0.6288045278608023,1544110704.0,4.24,4.3,4.23,4.29,14655040.0,62717839.0,4.23,1.4184397163120366,10.0,4.65,False,False,True,75.51804423748544
433,600153.SH,建发股份,0.27760252365930627,31.510416666666675,0.9760269344534638,0.7152975959863296,1.035490268393415,1.3496083527756675,2899538551.0,8.49,8.85,8.49,8.79,27991322.0,244508276.0,8.56,2.6869158878504606,10.0,9.42,False,False,True,75.50446255335662
434,000090.SZ,天健集团,0.1542553191489362,34.576271186440664,1.6125845240156107,1.0493152780866604,0.9287185832446466,0.7516809429626592,1868459934.0,3.23,3.3,3.2,3.27,14737471.0,48182073.0,3.24,0.92592592592593,10.0,3.56,False,False,True,75.4734187039193
435,301185.SZ,鸥玛软件,0.16132368148914156,32.49821045096637,1.432935048099942,1.6058887213234834,0.7856568633225101,0.9893039577081985,140470363.0,15.46,15.84,15.33,15.77,2230300.0,34995584.0,15.53,1.5453960077269846,20.0,18.64,False,False,True,75.46953822273963
436,603568.SH,伟明环保,0.07966457023060795,25.10578279266571,2.1484280534855427,0.560368001752619,1.4893586801149097,0.7954986174241313,2048457418.0,14.9,15.42,14.84,15.42,9131449.0,139298723.0,14.94,3.2128514056224855,10.0,16.43,False,False,True,75.42879317035313
437,000157.SZ,中联重科,0.22600619195046423,23.273273273273286,1.8864272428963311,0.9843105777100587,0.8996888549674058,0.654556699397693,7070417363.0,7.4,7.5,7.36,7.46,45553448.0,339293930.0,7.39,0.9472259810554773,10.0,8.13,False,False,True,75.37834691501746
438,600694.SH,大商股份,0.23348017621145342,23.592906707787197,1.4346243534514946,1.0062284155051355,1.0651937350930951,0.8152298043020242,378793611.0,13.98,14.22,13.88,14.13,3107272.0,43914536.0,14.03,0.7127583749109156,10.0,15.43,False,False,True,75.35312378734963
439,002511.SZ,中顺洁柔,0.17647058823529402,38.73456790123455,1.2739266551266026,1.1144868948670485,0.8445590935562172,0.9380641824895006,1264988608.0,6.98,7.11,6.94,7.07,13225087.0,93511858.0,6.96,1.5804597701149392,10.0,7.66,False,False,True,75.33954210322081
440,002911.SZ,佛燃能源,0.22140221402214028,35.90568060021435,1.510984130250104,0.587764028712816,0.9568929579802952,1.5125813299656934,1267038001.0,11.11,11.49,11.0,11.47,11264486.0,127400621.0,11.13,3.054806828391743,10.0,12.24,False,False,True,75.3104384943733
441,601298.SH,青岛港,0.3532338308457707,21.733505821474775,1.0773646754789161,0.27680552013834653,1.2001258416294691,0.8648184000450905,5392075000.0,8.48,8.57,8.44,8.51,12907900.0,112373964.0,8.44,0.82938388625593,10.0,9.28,False,False,True,75.26775320139699
442,002461.SZ,珠江啤酒,0.2926829268292686,39.622641509433954,1.286148039292741,0.38393932155971255,0.8285508926933057,0.7038378177669148,2213328480.0,8.39,8.48,8.32,8.43,5981100.0,50353259.0,8.38,0.5966587112171684,10.0,9.22,False,False,True,75.25611175785798
443,000750.SZ,国海证券,0.25170068027210857,17.10914454277286,1.1590623127072035,1.0098970633586404,1.193720084064143,0.6279642666744681,5796203977.0,3.75,3.82,3.73,3.82,36758324.0,139240559.0,3.76,1.5957446808510634,10.0,4.14,False,False,True,75.24447031431897
444,002423.SZ,中粮资本,0.11948790896159316,27.21598002496879,1.650218025970847,0.8990571731939789,1.3629831924921798,0.7424676257883727,2304105575.0,8.82,9.03,8.81,9.01,15380385.0,137946430.0,8.85,1.8079096045197751,10.0,9.74,False,False,True,75.23670935195965
445,600479.SH,千金药业,0.20642201834862356,20.561797752808996,1.384184689469435,1.514976398836243,0.9745497213281564,0.6303976239045631,418507117.0,9.34,9.56,9.28,9.53,3996900.0,37959480.0,9.35,1.9251336898395754,10.0,10.29,False,False,True,75.22700814901047
446,000028.SZ,国药一致,0.2621184919210055,18.07486631016042,1.8669831544022433,0.715066530941835,1.021983335405706,0.60367629791279,525859082.0,20.09,20.59,20.05,20.43,2269969.0,46436067.0,20.16,1.3392857142857206,10.0,22.18,False,False,True,75.19790454016298
447,600612.SH,老凤祥,0.14159292035398244,26.739202110121994,1.5822480965584007,0.6346666923990875,1.4714942700176499,0.7804886362303842,317109630.0,33.95,34.48,33.77,34.19,1570803.0,53747496.0,33.85,1.004431314623333,10.0,37.24,False,False,True,75.19596429957315
448,002041.SZ,登海种业,0.11546391752577331,35.87096774193548,1.4637756098864583,1.5384321193181771,0.9050720244506181,0.8427270070447646,880000000.0,8.25,8.44,8.22,8.43,11409009.0,95577668.0,8.31,1.4440433212996373,10.0,9.14,False,False,True,75.19208381839348
449,600782.SH,新钢股份,0.1626794258373205,26.970954356846466,1.517681730300276,1.524608388923293,0.9371290583953723,0.6214650372163483,3145652149.0,2.75,2.8,2.72,2.78,29804765.0,82479568.0,2.75,1.0909090909090757,10.0,3.03,False,False,True,75.15327900659682
450,600559.SH,老白干酒,0.07351077313054499,28.505106778087285,1.718294000219044,1.4830524303711476,1.2669928651133218,0.6107542753252606,914747444.0,11.35,11.57,11.32,11.53,8285605.0,95216655.0,11.35,1.585903083700435,10.0,12.49,False,False,True,75.14163756305783
451,002936.SZ,郑州银行,0.22641509433962284,12.804878048780498,1.019051580192429,1.2957204293953302,1.192249235639591,1.0253603691594024,7029435959.0,1.76,1.79,1.75,1.78,93391649.0,165687873.0,1.76,1.1363636363636465,10.0,1.94,False,False,True,75.07760962359332
452,600697.SH,欧亚集团,0.015564202334630477,38.36956521739132,1.9904159486749582,2.480882618852074,0.9859819797928123,0.9446139151991095,155376015.0,9.3,9.54,9.27,9.49,3641200.0,34420648.0,9.32,1.8240343347639465,10.0,10.25,False,False,True,75.00582072176951
453,600390.SH,五矿资本,0.18721461187214583,20.495495495495476,1.5513370799909114,0.9138701287183689,1.2578764695844507,0.7545972451455496,4498065459.0,4.85,4.95,4.82,4.91,31018834.0,151921292.0,4.85,1.2371134020618735,10.0,5.34,False,False,True,74.98641831587116
454,002807.SZ,江阴银行,0.2647058823529412,13.698630136986312,1.1332029143093616,1.3506080162345568,1.0833269661217715,1.0846258445005745,2703506366.0000005,3.91,3.99,3.91,3.96,39603795.0,156416702.0,3.92,1.0204081632652962,10.0,4.31,False,False,True,74.98253783469148
455,002391.SZ,长青股份,0.11792452830188678,35.98326359832635,1.4649178239239824,1.5832871950716385,0.8907689033910684,0.7044769427973101,464098311.00000006,5.0,5.11,5.0,5.08,5171000.0,26212457.0,5.03,0.994035785288272,10.0,5.53,False,False,True,74.98059759410167
456,300406.SZ,九强生物,0.12008733624454125,20.981713185755524,1.8648202541312915,1.2038189941302166,1.173049064020132,1.1020638529671325,424283173.0,10.89,11.18,10.86,11.12,5629355.0,63047916.0,10.94,1.645338208409508,20.0,13.13,False,False,True,74.96701590997284
457,600217.SH,中再资环,0.14062499999999997,38.98916967509025,1.5977165361925578,0.8930360479465445,0.9564154274224096,1.1826233810706568,1657653673.0000002,3.0,3.09,3.0,3.08,17506900.0,53521885.0,3.04,1.3157894736842035,10.0,3.34,False,False,True,74.953434225844
458,600511.SH,国药股份,0.38223938223938236,13.620071684587831,1.1439266604725673,0.931158913570564,1.0888493069079497,0.796213777935754,553346424.0,27.01,27.49,26.93,27.27,4102519.0,111863212.0,27.09,0.6644518272425293,10.0,29.8,False,False,True,74.93791230112534
459,300185.SZ,通裕重工,0.08743169398907111,35.43307086614173,1.7719079997333864,2.1431570113218497,0.645467951309666,0.636764549031841,3846458721.0,2.69,2.74,2.68,2.74,52492098.0,143247573.0,2.7,1.4814814814814836,20.0,3.24,False,False,True,74.918509895227
460,600133.SH,东湖高新,0.11136890951276111,38.718662952646255,1.5922806872813808,1.6186306153669165,0.7463021202764951,1.0656325828552373,1066239875.0,7.6,7.87,7.56,7.81,18391204.0,143006635.0,7.66,1.958224543080922,10.0,8.43,False,False,True,74.89619712844393
461,603049.SH,中策橡胶,0.2751292360712234,16.627634660421542,1.3960548517551667,0.6404896078888671,1.3064021801737322,0.7323310266640913,504980262.0,47.4,48.58,47.18,48.28,2368612.0,113706107.0,47.49,1.663508106969891,10.0,52.24,False,False,True,74.89134652696934
462,600189.SH,泉阳泉,0.02118644067796603,33.96501457725947,2.006194376904724,1.9953582296473755,1.2606956567676546,0.799801852156645,715197812.0,6.89,7.05,6.89,6.95,11413779.0,79414638.0,6.88,1.0174418604651292,10.0,7.57,False,False,True,74.87194412107101
463,601633.SH,长城汽车,0.1501677852348994,37.752965806001384,1.588563221580589,0.3066979035852905,1.1257138699564677,0.729845549574706,6220163678.0,16.12,16.33,15.93,16.15,13923345.0,225124986.0,16.12,0.18610421836227076,10.0,17.73,False,False,True,74.85836243694217
464,300439.SZ,美康生物,0.062499999999999896,35.37675606641124,1.994390394113195,1.356810854790597,1.0975054700356874,0.7819447039161274,292332051.0,8.08,8.37,8.05,8.34,3101500.0,25685882.0,8.1,2.9629629629629672,20.0,9.72,False,False,True,74.82925882809468
465,601500.SH,通用股份,0.15976331360946747,36.07954545454546,1.40531123661269,0.9584637811302041,1.044112159578581,0.8146942959990473,1583000735.0,3.8,3.9,3.79,3.89,12360940.0,47963234.0,3.79,2.638522427440626,10.0,4.17,False,False,True,74.75552968568103
466,600570.SH,恒生电子,0.037336024217961755,38.87225548902195,2.0009037312774756,1.588046771156362,1.1019699700507417,0.638139945061879,1893647942.0,20.65,21.15,20.5,21.04,19190154.0,402241137.0,20.78,1.2512030798844886,10.0,22.86,False,False,True,74.7535894450912
467,600600.SH,青岛啤酒,0.23837209302325568,26.474849927551226,1.1266718587701208,0.9364078575249594,1.1642413446918691,0.7279119853880942,709125943.0,53.19,53.73,52.78,53.08,4833562.0,257650527.0,52.82,0.49223778871638757,10.0,58.1,False,False,True,74.74388824214202
468,002233.SZ,塔牌集团,0.10175438596491228,35.25073746312684,1.7768241765526664,0.9022556115514171,1.164916800560622,0.9099477215614203,1173623408.0,7.04,7.14,7.01,7.05,9635421.0,69369632.0,7.07,-0.28288543140029265,10.0,7.78,False,False,True,74.74194800155219
469,001201.SZ,东瑞股份,0.0890243902439025,33.268292682926834,1.6139771250897805,1.6356500829383367,1.0247009776205438,0.4801940808477945,212507395.0,10.89,11.18,10.87,11.16,1662640.0,18463650.0,10.98,1.6393442622950838,10.0,12.08,False,False,True,74.74000776096236
470,601966.SH,玲珑轮胎,0.1672077922077924,35.85095669687814,1.3644982277558486,0.8312481754432105,1.0998055753479377,0.6709442922362869,1463502683.0,11.03,11.06,10.9,11.01,8162265.0,89860015.0,10.96,0.45620437956204185,10.0,12.06,False,False,True,74.74000776096234
471,002287.SZ,奇正藏药,0.08894878706199454,23.951434878587197,2.0555258682087065,0.6549830920003221,1.6448829235209412,0.5300027549049836,570989795.0,19.69,20.33,19.69,20.16,1982144.0,40404887.0,19.77,1.9726858877086473,10.0,21.75,False,False,True,74.71090415211486
472,603967.SH,中创物流,0.1714285714285714,36.08949416342413,1.805145330598173,0.8649675938021224,0.9051005568447718,0.7532862415349635,346666710.0,10.88,11.02,10.81,10.98,2258770.0,24718074.0,10.94,0.365630712979903,10.0,12.03,False,False,True,74.69732246798604
473,002393.SZ,力生制药,0.051378446115288225,32.011967090501116,2.0382036539548274,1.459207664821812,1.2214315617195357,0.45502419697463176,300217443.0,13.75,14.03,13.65,13.94,1993368.0,27746460.0,13.78,1.1611030478954953,10.0,15.16,False,False,True,74.69344198680636
474,300021.SZ,大禹节水,0.029673590504451067,29.213483146067396,1.955866931137285,2.235631384059835,1.2591030633076354,0.34514674592832695,873233219.0,3.66,3.72,3.66,3.71,6738050.0,24932047.0,3.66,1.3661202185792254,20.0,4.39,False,False,True,74.64105549088086
475,600519.SH,贵州茅台,0.38451436675946865,19.647961355678945,1.2987220491735623,0.3984124633156595,1.1873115116377477,0.6423162871681728,1250081601.0,1308.0,1308.0,1279.58,1289.5,3199044.0,4129228560.0,1297.41,-0.609676201046705,10.0,1427.15,False,False,True,74.60807140085372
476,002236.SZ,大华股份,0.13067150635208724,17.1188630490956,1.5618534878776882,1.7443212870238898,1.1116453130765438,1.265185995860896,2391139515.0,16.28,16.81,16.27,16.41,52769829.0,886464793.0,16.12,1.799007444168721,10.0,17.73,False,False,True,74.5731470702367
477,000008.SZ,神州高铁,0.07692307692307683,32.258064516129046,2.3245575553992603,1.4158445037345067,0.8550046346744077,0.4118717857448836,2716296952.0,2.28,2.31,2.27,2.31,15839988.0,36410384.0,2.28,1.3157894736842257,10.0,2.51,False,False,True,74.56732634846722
478,603235.SH,天新药业,0.32399512789281365,23.065970574276218,1.8045397081513237,0.132307905797428,1.050761470586101,0.5533326813042871,437780000.0,23.97,23.97,23.61,23.83,320500.0,7606607.0,23.73,0.42140750105350566,10.0,26.1,False,False,True,74.56150562669771
479,600406.SH,国电南瑞,0.2809917355371899,31.2793979303857,1.5981533647604307,0.9269991181295354,0.8888862833824156,0.7450118920106312,8008176162.0,24.28,24.37,23.6,23.9,55306496.0,1319362903.0,23.58,1.3570822731128196,10.0,25.94,False,False,True,74.52658129608072
480,601860.SH,紫金银行,0.290909090909091,12.083333333333336,1.1141229878782748,1.290999485470886,1.1135237773166233,1.1201867394171292,3551687961.0,2.55,2.59,2.55,2.56,51362132.0,132097456.0,2.56,0.0,10.0,2.82,False,False,True,74.48389600310439
481,600127.SH,金健米业,0.15162454873646208,36.779324055665995,1.2328746792034306,1.9086615864112497,0.6561962013005675,0.66589004801616,641783218.0,5.44,5.52,5.39,5.5,8156800.0,44709135.0,5.45,0.917431192660545,10.0,6.0,False,False,True,74.47419480015522
482,000717.SZ,中南股份,0.16923076923076935,30.72916666666665,1.9423134221712453,0.8497021736150547,0.9826479891248074,0.6010666087757375,2423697090.0,2.14,2.18,2.11,2.17,12378444.0,26662625.0,2.14,1.4018691588784993,10.0,2.35,False,False,True,74.46837407838572
483,000987.SZ,越秀资本,0.11417322834645673,29.929078014184405,2.1581585932424834,0.9324680426627121,1.016176174019516,0.7010609973289186,5012547583.0,7.51,7.64,7.47,7.63,32768103.0,247520421.0,7.54,1.1936339522546469,10.0,8.29,False,False,True,74.44121071012805
484,600300.SH,维维股份,0.26470588235294085,34.30656934306568,1.243458591727371,1.4093355971952894,0.7440360029040666,0.7135461040070957,1617142180.0,3.01,3.06,2.99,3.04,16262401.0,49342092.0,3.01,0.996677740863805,10.0,3.31,False,False,True,74.3849437330229
485,002311.SZ,海大集团,0.2995373939861219,23.88392857142858,1.400307702788907,0.6824605912747839,1.164625054877796,0.9547082480205064,1654037596.0,48.03,48.38,47.03,47.65,10747176.0,513788144.0,48.09,-0.9149511332917526,10.0,52.9,False,False,True,74.38300349243306
486,603605.SH,珀莱雅,0.08520677213433252,25.141030462579916,2.043457512000926,1.2263909805312436,1.2291155264398759,1.031798111143998,395976049.0,56.4,58.98,56.16,58.74,5010633.0,291091792.0,56.25,4.426666666666668,10.0,61.88,False,False,True,74.37524253007373
487,600908.SH,无锡银行,0.3650793650793651,15.650406504065039,1.1188109187491748,0.8927180606841154,1.1660708279782386,0.8889558360991662,1999312665.0,5.38,5.43,5.36,5.39,15866284.0,85659434.0,5.38,0.18587360594795044,10.0,5.92,False,False,True,74.36554132712457
488,300482.SZ,万孚生物,0.00290979631425794,37.420178799489136,1.844070929785886,2.227787829794277,1.4776078659320302,0.753853115316408,430066407.00000006,15.52,16.12,15.47,16.08,7222650.0,114675957.0,15.69,2.48565965583174,20.0,18.83,False,False,True,74.35972060535507
489,002533.SZ,金杯电工,0.12715855572998436,39.04382470119523,1.80081912030838,1.466326864389655,0.6600621122841193,1.0281890500562523,646143983.0,10.51,10.94,10.47,10.92,9733527.0,104830538.0,10.51,3.9010466222645146,10.0,11.56,False,False,True,74.33643771827705
490,300239.SZ,东宝生物,0.008695652173912858,27.777777777777768,2.0962182878280777,2.4930169074154183,1.3776679124161235,0.6258008141021592,589777015.0,4.5,4.69,4.46,4.68,9201300.0,42482557.0,4.52,3.539823008849563,20.0,5.42,False,False,True,74.29569266589058
491,300070.SZ,碧水源,0.1379310344827585,28.6624203821656,1.2583346895411103,1.2982840070552701,1.2759809038566385,0.7474646173333701,3477748047.0,3.37,3.46,3.36,3.45,33734528.0,115867515.0,3.38,2.071005917159763,20.0,4.06,False,False,True,74.24427629025999
492,002376.SZ,新北洋,0.17515923566878983,32.48175182481749,1.2705025960919059,1.4578652812495225,0.968425528504665,0.6131244113684202,787464555.0,6.05,6.19,5.98,6.17,7038613.0,43236681.0,6.03,2.3217247097844007,10.0,6.63,False,False,True,74.2394256887854
493,600419.SH,天润乳业,0.04921700223713641,32.065217391304344,1.860000743415394,1.8578363292723035,1.228778989024571,0.6151238477324777,315514808.0,7.6,7.72,7.57,7.7,3605700.0,27710681.0,7.58,1.58311345646438,10.0,8.34,False,False,True,74.22584400465658
494,600597.SH,光明乳业,0.17857142857142852,25.0,1.5138157169226285,0.7823693381357552,1.4439904172358538,0.738510196393619,1378455363.0,6.57,6.68,6.54,6.61,7964546.0,52779755.0,6.55,0.9160305343511421,10.0,7.21,False,False,True,74.21905316259215
495,600859.SH,王府井,0.06516290726817037,38.33333333333333,1.5662610946776994,1.5782332785738242,1.1431085631400575,0.7969671913689798,1123828064.0,9.56,9.81,9.49,9.75,14135511.0,137297730.0,9.52,2.4159663865546355,10.0,10.47,False,False,True,74.1385331781141
496,601128.SH,常熟银行,0.37903225806451657,15.104166666666675,0.9317932982556758,1.1676236447246313,1.081410099303787,0.8802413797025935,3648179244.0,6.23,6.27,6.19,6.23,37495645.0,233564402.0,6.23,0.0,10.0,6.85,False,False,True,74.11136980985643
497,002228.SZ,合兴包装,0.02209944751381217,38.65248226950355,2.1724244449956407,1.9565167170913593,1.0554875674002697,0.6695566660927444,1209321709.0,2.88,2.98,2.88,2.95,15842100.0,46748785.0,2.9,1.7241379310344973,10.0,3.19,False,False,True,74.06189367481568
498,301166.SZ,优宁维,0.006872852233676831,33.277800916284875,2.4815862247769567,2.2390585274833197,1.045637793320366,0.9166560924027337,56420468.0,23.89,24.83,23.89,24.83,1158000.0,28475253.0,24.09,3.071814030718123,20.0,28.91,False,False,True,73.99301513387661
499,300172.SZ,中电环保,0.10344827586206883,36.842105263157876,1.3795047564425267,2.376310290613571,0.7099317625610492,0.9234338373322047,523512387.0,4.23,4.32,4.22,4.3,11487164.0,49256249.0,4.26,0.9389671361502261,20.0,5.11,False,False,True,73.95615056266978
500,603187.SH,海容冷链,0.11973018549747035,34.06193078324227,1.5925813945919045,1.3906027967624992,1.0632755132393634,1.3811723405225085,382361891.00000006,11.69,12.16,11.65,12.04,7343880.0,87664087.0,11.69,2.9940119760478945,10.0,12.86,False,False,True,73.93868839736128
501,688708.SH,佳驰科技,0.05611645926273774,31.600094540297796,2.3809282924829605,1.2987188017494105,1.0913591741035216,0.5680741767674149,142743950.0,44.2,46.45,44.2,46.1,1052795.0,48170952.0,44.7,3.1319910514541416,20.0,53.64,False,False,True,73.92898719441213
502,002749.SZ,国光股份,0.15442561205273073,36.582109479305736,1.351620575628886,0.633533315391324,1.293215663361777,1.3470111929796214,544316897.0,8.3,8.43,8.19,8.4,4645073.0,39827889.0,8.31,1.0830324909747224,10.0,9.14,False,False,True,73.86301901435777
503,000728.SZ,国元证券,0.1856287425149701,22.070015220700135,1.534635153663131,0.9754606126446344,1.3739253267031577,0.5346461341553195,4363777891.0,7.19,7.25,7.13,7.24,22758247.0,163858025.0,7.19,0.6954102920723182,10.0,7.91,False,False,True,73.77570818781528
504,603099.SH,长白山,0.10849577050386157,20.439494280553873,1.6775807245126166,2.0504731383418675,1.0681906972496105,1.1934106995888458,272355860.0,35.8,37.2,35.78,37.19,6664702.0,246059061.0,35.83,3.7957019257605307,10.0,39.41,False,False,True,73.72332169188978
505,001227.SZ,兰州银行,0.27659574468085135,12.060301507537696,0.9419182164655953,1.4921206629010906,1.1284544861130164,1.1730596441025491,4216829430.000001,2.12,2.15,2.1,2.14,73809514.0,157076661.0,2.12,0.9433962264151052,10.0,2.33,False,False,True,73.70779976717112
506,600741.SH,华域汽车,0.3322033898305083,30.87621696801113,1.0785841639159088,0.6134528346963545,1.1388062159157746,0.9743292417076228,3152723984.0,16.34,16.42,16.09,16.11,18843990.0,324666011.0,16.34,-1.4075887392900888,10.0,17.97,False,False,True,73.56422196352347
507,601019.SH,山东出版,0.3436426116838487,21.077654516640255,1.5515928537921524,0.49686791652690104,1.2173945235578707,0.7797605867192481,2086900000.0,7.28,7.41,7.26,7.37,8085444.0,59406237.0,7.31,0.8207934336525335,10.0,8.04,False,False,True,73.53511835467597
508,300869.SZ,康泰医学,0.02422145328719718,35.470941883767516,2.112664733195019,1.761363399328162,1.3930516549333152,0.8540510728869963,263734916.0,10.2,10.65,10.2,10.64,3967700.0,41781880.0,10.26,3.70370370370372,20.0,12.31,False,False,True,73.52153667054715
509,600157.SH,永泰能源,0.21739130434782622,26.490066225165563,1.5026759803447045,2.1648635591664966,0.6228568560426895,0.9054802987283336,21817764145.0,1.56,1.59,1.55,1.58,427680824.0,673165511.0,1.56,1.2820512820512775,10.0,1.72,False,False,True,73.51183546759799
510,600368.SH,五洲交通,0.3920000000000002,22.39263803680982,1.3016144687583509,0.88240385840767,1.0971043921026606,0.630330402272895,1609653858.0,3.73,3.8,3.73,3.77,8952991.0,33823215.0,3.75,0.5333333333333412,10.0,4.13,False,False,True,73.48273185875048
511,603100.SH,川仪股份,0.09855072463768111,31.750924784217037,2.1808171324686008,1.1219642075265797,1.0301661448184456,0.5269559341641841,511539166.0,17.21,17.59,17.18,17.5,3024351.0,52923686.0,17.24,1.5081206496519783,10.0,18.96,False,False,True,73.47109041521149
512,300144.SZ,宋城演艺,0.060150375939849676,33.8103756708408,1.7869198844085912,1.5886250542076548,1.332453245438805,1.1504160963153023,2581597994.0,5.83,6.05,5.83,6.03,47222718.0,282284219.0,5.83,3.430531732418518,20.0,7.0,False,False,True,73.4478075281335
513,600731.SH,湖南海利,0.09677419354838714,38.36978131212723,2.0030240834261823,1.4541593646900197,0.8420918875150978,0.7390684684584952,541682665.0,5.31,5.46,5.3,5.42,5821590.0,31585079.0,5.36,1.1194029850746245,10.0,5.9,False,False,True,73.41288319751649
514,601825.SH,沪农商行,0.3999999999999999,21.398601398601393,1.2098169091791733,0.29535849241255796,1.3414338505818295,1.2819610779589323,9374441403.0,8.01,8.21,7.9,8.11,35495206.0,294395687.0,7.95,2.012578616352201,10.0,8.75,False,False,True,73.38571982925883
515,603658.SH,安图生物,0.254263565891473,19.58836053938966,1.7206912582583551,0.545439710446708,1.3751709876016203,0.6918475671796409,571424768.0,31.41,32.1,31.29,31.91,2156335.0,68660243.0,31.46,1.4303877940241572,10.0,34.61,False,False,True,73.37601862630967
516,002032.SZ,苏 泊 尔,0.37852112676056315,23.582707740098364,1.6952773736878868,0.24049760563285794,1.1223954896508934,1.5457339072877403,799557283.0,42.84,43.35,42.54,42.83,2972300.0,127411335.0,42.93,-0.23293733985557674,10.0,47.22,False,False,True,73.33527357392317
517,002554.SZ,惠博普,0.03658536585365848,39.700374531835216,2.3880259290376014,2.0419045858381857,0.778461661971593,0.529344868405854,1333469849.9999998,2.72,2.78,2.67,2.78,14413099.0,39576693.0,2.76,0.7246376811594235,10.0,3.04,False,False,True,73.325572370974
518,002508.SZ,老板电器,0.1525641025641025,32.52669039145908,1.7437923139831149,0.822778497309379,1.220612580900383,0.9147417882083493,933596787.0,15.28,15.64,15.17,15.54,7026508.0,108788585.0,15.24,1.9685039370078705,10.0,16.76,False,False,True,73.29258828094684
519,601916.SH,浙商银行,0.36000000000000004,14.230769230769225,1.516844577892178,0.7639499882134785,1.247075865007557,0.9229765727074509,21544435963.0,2.86,2.91,2.86,2.89,151911529.0,438762679.0,2.87,0.6968641114982521,10.0,3.16,False,False,True,73.2266201008925
520,300888.SZ,稳健医疗,0.16417016177351698,23.421667965705396,1.8496477281386678,0.8062109998644497,1.4106395295809662,0.6353034355129235,580360952.0,28.33,28.99,28.13,28.82,2972300.0,86941929.0,28.4,1.4788732394366289,20.0,34.08,False,False,True,73.22467986030269
521,000503.SZ,国新健康,0.017054263565891525,36.94581280788179,2.23844943461253,1.708823120533358,1.3307727581385995,1.247220966359193,979235472.0,6.18,6.53,6.12,6.52,20870250.0,134139999.0,6.2,5.161290322580636,10.0,6.82,False,False,True,73.22467986030266
522,000025.SZ,特  力Ａ,0.17809867629362222,31.121642969984208,1.644414159468873,1.359659336594745,1.0019938007293117,1.021105517551143,392778320.0,13.96,14.12,13.75,14.07,5453160.0,76324481.0,14.14,-0.4950495049504955,10.0,15.55,False,False,True,73.19945673263484
523,002299.SZ,圣农发展,0.2085020242914978,28.744939271255056,1.7807589378305089,1.0275432350823965,1.059616497812394,0.5906975046473848,1218599736.0,15.75,15.99,15.67,15.95,7396501.0,117575386.0,15.85,0.6309148264984188,10.0,17.44,False,False,True,73.19169577027552
524,301275.SZ,汉朔科技,0.04606986899563318,27.961963505525578,2.3850618750660937,1.969650105436513,1.0383965527166097,0.5985883061776776,300859233.0,39.6,40.67,39.45,40.58,3547159.0,142962349.0,39.8,1.9597989949748706,20.0,47.76,False,False,True,73.17617384555685
525,601318.SH,中国平安,0.27877339705296694,26.085069444444443,1.3306966224970118,0.921614669188784,1.204426377160221,0.6630626627683152,10660065083.000002,53.32,53.32,52.11,52.48,65142408.0,3484806455.0,53.08,-1.1303692539562982,10.0,58.39,False,False,True,73.10438494373302
526,000513.SZ,丽珠集团,0.16546242774566472,14.745211420310799,1.7379892324765158,1.284443686274694,1.326665286304466,0.7596213409379812,567651788.0,29.88,30.76,29.73,30.66,5538810.0,168405050.0,29.96,2.336448598130847,10.0,32.96,False,False,True,73.09274350019402
527,002157.SZ,正邦科技,0.09756097560975582,36.29629629629629,1.8250927634706038,1.752265557345937,0.9085399228472646,0.6950353530928667,7787671445.000001,2.82,2.9,2.8,2.89,94845000.0,272260002.0,2.82,2.4822695035461084,10.0,3.1,False,False,True,73.06752037252619
528,601319.SH,中国人保,0.2624309392265191,18.23899371069182,1.805650721343738,0.2887511342029035,1.4364804124667787,0.6218361691134581,35497756583.0,7.31,7.36,7.22,7.3,63738316.0,472238183.0,7.31,-0.1367989056087482,10.0,8.04,False,False,True,73.00737291424137
529,601333.SH,广深铁路,0.33802816901408483,16.117216117216103,1.1225616921899046,1.1738165181325504,1.1910348046189543,0.725078430596045,5652237000.0,2.96,2.99,2.95,2.97,48106700.0,142726745.0,2.97,0.0,10.0,3.27,False,False,True,72.99185098952269
530,603866.SH,桃李面包,0.17535545023696686,35.37604456824515,1.567713244095178,0.898687441796614,1.1407568246064606,0.6897191346656346,1599719155.0,3.96,4.04,3.93,4.01,9915730.0,39747746.0,3.96,1.262626262626254,10.0,4.36,False,False,True,72.98409002716338
531,605338.SH,巴比食品,0.09005037783375312,38.79781420765027,2.0061675293055834,1.0036875873822497,1.0824258800756281,0.5455602147115065,239566662.0,17.68,18.16,17.62,18.0,1311800.0,23571074.0,17.9,0.5586592178770999,10.0,19.69,False,False,True,72.9220023282887
532,605009.SH,豪悦护理,0.09594783418723793,36.54404646660214,1.766141762019144,0.8704740341733085,1.4475765273076904,0.5340067347262595,214957453.0,22.72,23.24,22.34,23.21,999549.0,23080129.0,22.72,2.1566901408450745,10.0,24.99,False,False,True,72.84051222351573
533,002223.SZ,鱼跃医疗,0.12618595825426945,24.309392265193374,1.5693893665102983,1.4551121831912202,1.394114034294384,0.6000055034392885,942293319.0,26.09,26.76,26.01,26.59,8226931.0,221766370.0,26.19,1.5273004963726633,10.0,28.81,False,False,True,72.83275126115639
534,601968.SH,宝钢包装,0.12741312741312744,38.13333333333333,1.6120726362019642,1.021373948911196,1.1439713150300848,0.5551369195440286,1275779460.0,4.07,4.18,4.07,4.14,7233700.0,30377425.0,4.08,1.4705882352941124,10.0,4.49,False,False,True,72.82305005820722
535,600761.SH,安徽合力,0.14032869785082167,30.759493670886062,1.9933911181515813,1.471886381481431,0.9190420787843562,0.6446387017157216,890692761.0,16.85,17.33,16.84,17.0,8451204.0,144429704.0,16.91,0.5322294500295754,10.0,18.6,False,False,True,72.7454404346139
536,600155.SH,华创云信,0.12027491408934726,24.90347490347491,1.5932834528917044,1.5248586779209061,1.3498611392526076,0.9970316304082667,2213542477.0,5.58,5.72,5.54,5.7,33653202.0,190865148.0,5.53,3.074141048824597,10.0,6.08,False,False,True,72.72603802871555
537,000686.SZ,东北证券,0.1637931034482759,22.070844686648506,1.6655575862620775,1.35420783929763,1.2626093222147672,0.46286236324220664,2340452915.0,7.92,8.02,7.86,8.01,14670236.0,116754696.0,7.91,1.2642225031605614,10.0,8.7,False,False,True,72.68917345750873
538,688016.SH,心脉医疗,0.1482352941176471,27.457098283931348,1.8861564426812376,1.5707431424368563,0.9878308862451578,0.5295890968135554,123262117.0,89.0,91.48,88.3,90.33,1025354.0,92842748.0,89.0,1.4943820224719184,20.0,106.8,False,False,True,72.6639503298409
539,600496.SH,精工钢构,0.08843537414966011,37.04918032786886,1.7160044033889439,1.5452983130410467,1.1005269710702514,0.5305195888055502,1990125599.0,3.18,3.23,3.15,3.21,16315269.0,52260046.0,3.18,0.943396226415083,10.0,3.5,False,False,True,72.64842840512225
540,600332.SH,白云山,0.30053191489361675,17.99053129931614,1.5488140692069186,0.872307113060441,1.2989466019641138,0.7589929675919029,1405890949.0,21.26,21.56,21.15,21.45,9308052.0,202607820.0,21.27,0.8462623413258097,10.0,23.4,False,False,True,72.62708575863408
541,600621.SH,华鑫股份,0.12242090784044023,26.825127334465204,1.8194796585139439,1.481078747859128,1.1759709405718235,0.46837110944513966,1060899292.0,12.66,12.97,12.62,12.93,7359400.0,95588434.0,12.67,2.052091554853974,10.0,13.94,False,False,True,72.61156383391541
542,603194.SH,中力股份,0.13208805870580412,19.060773480662995,1.763799756136623,1.4640144239228372,1.3648399575835608,0.479867015731066,158026913.0,33.16,33.69,33.05,33.38,1110190.0,37087387.0,33.02,1.0902483343428138,10.0,36.32,False,False,True,72.51455180442376
543,600862.SH,中航高科,0.11101549053356274,29.18429003021148,1.8583386929195975,1.6186167154263804,1.1036928373582964,0.5023562113635015,1393049107.0,17.67,18.15,17.63,18.13,11327191.0,204225500.0,17.84,1.6255605381165772,10.0,19.62,False,False,True,72.43888242142026
544,600713.SH,南京医药,0.13142857142857117,18.599562363238498,1.8336953827993483,1.4324556273596156,1.3556448002525214,0.5478513755440833,1289813712.0,4.8,4.9,4.78,4.9,10122107.0,50250878.0,4.8,2.083333333333348,10.0,5.28,False,False,True,72.4350019402406
545,601901.SH,方正证券,0.3039999999999998,22.063492063492074,1.1200467439401658,1.0026340558697584,1.3470891915720355,0.8499544416906386,8232101395.000001,7.02,7.06,6.92,7.01,70153414.0,496456057.0,7.06,-0.7082152974504208,10.0,7.77,False,False,True,72.4291812184711
546,600161.SH,天坛生物,0.09014084507042244,31.48316651501364,1.9628263049676922,0.8851866191052447,1.7766548252971686,0.596659427408316,1977371446.0,12.0,12.22,11.92,12.19,10443585.0,127806184.0,11.95,2.0083682008368298,10.0,13.15,False,False,True,72.3767947225456
547,001289.SZ,龙源电力,0.22659176029962538,31.613324624428472,2.077638929869969,0.216164164296687,1.0611424778732197,0.5994087534801879,5041934164.0,15.95,16.53,15.9,16.42,6532869.0,106804362.0,16.02,2.4968789013732895,10.0,17.62,False,False,True,72.36709351959642
548,600333.SH,长春燃气,0.2077151335311573,27.935222672064764,1.481119679503341,1.9792159601600585,0.8882549017938994,1.3271775233723653,609030684.0,5.53,5.74,5.37,5.71,15997841.0,89925314.0,5.58,2.3297491039426577,10.0,6.14,False,False,True,72.35254171517268
549,600037.SH,歌华有线,0.12983425414364655,34.918032786885256,1.7742467777000797,1.3563529796684095,1.0791160934570192,0.7725790591053625,1391777884.0,6.58,6.72,6.54,6.7,14584300.0,96970585.0,6.57,1.9786910197869156,10.0,7.23,False,False,True,72.30888630190142
550,603589.SH,口子窖,0.07287449392712539,35.5150825270347,2.0844858673172104,1.0707823937890404,1.3282519609659849,0.7367454553460208,598119472.0,18.83,19.24,18.77,19.15,4718529.0,90140899.0,18.83,1.6994158258098802,10.0,20.71,False,False,True,72.28172293364378
551,688065.SH,凯赛生物,0.1471301535974131,31.475326003579653,2.1077611365945517,1.0226900913560069,1.040138816525659,0.5352921601326309,583378039.0,42.81,43.98,42.57,43.9,3193633.0,140407161.0,42.75,2.6900584795321647,20.0,51.3,False,False,True,72.22351571594878
552,603309.SH,维力医疗,0.125,37.76744186046513,1.8718160873786744,1.4377719403823177,0.9231143112628452,0.6854992166167493,291871418.0,11.39,11.68,11.36,11.61,2876660.0,33378619.0,11.41,1.752848378615246,10.0,12.55,False,False,True,72.21769499417928
553,601033.SH,永兴股份,0.30088495575221236,17.642585551330804,1.2020112184245773,1.9033857291666636,0.9787713907512935,0.845817346424844,240000000.0,14.17,14.35,14.15,14.18,3863800.0,54978403.0,14.17,0.07057163020465218,10.0,15.59,False,False,True,72.0197904540163
554,301335.SZ,天元宠物,0.02973977695167279,39.33121019108281,2.2389886311183185,1.916908245033901,1.1078641133450835,0.8568599733101137,88390447.0,19.38,20.29,19.29,19.74,1448000.0,28802659.0,19.4,1.7525773195876226,20.0,23.28,False,False,True,71.98680636398913
555,600682.SH,南京新百,0.044345898004434434,35.70019723865876,2.490295617427386,1.6021752009362173,1.0420478049584514,0.8484213489273184,1164060275.0,5.28,5.47,5.18,5.44,15823300.0,85572113.0,5.27,3.2258064516129226,10.0,5.8,False,False,True,71.95964299573147
556,001322.SZ,箭牌家居,0.06569343065693439,38.39285714285716,2.233519960510394,0.7623376476663261,1.3900545216051476,0.5191837987872415,785611975.0,5.85,5.99,5.82,5.95,3109400.0,18432075.0,5.87,1.3628620102214661,10.0,6.46,False,False,True,71.90531625921614
557,601375.SH,中原证券,0.2796610169491522,15.44715447154472,1.2455256553143594,1.4832095216163632,1.2258018782641682,0.7202763893389718,3447519699.9999995,4.01,4.07,3.98,4.07,36830570.0,149414941.0,4.02,1.2437810945273853,10.0,4.42,False,False,True,71.8626309662398
558,000812.SZ,陕西金叶,0.08058608058608066,38.59060402684564,1.8266759467600664,1.8003443330766742,1.017184574837513,0.5817075010054906,756129681.0,3.2,3.26,3.18,3.25,7918499.0,25649665.0,3.2,1.5625,10.0,3.52,False,False,True,71.814124951494
559,000597.SZ,东北制药,0.1798245614035088,24.44987775061125,2.051725667861632,1.052018105546176,1.1295661257114713,0.6691434344992039,1409203737.0,4.5,4.61,4.47,4.6,9920092.0,45422365.0,4.5,2.2222222222222143,10.0,4.95,False,False,True,71.81024447031433
560,600502.SH,安徽建工,0.18644067796610178,28.33333333333332,1.5411108370688589,1.6354236947221914,1.0581171821148792,1.1166551345154485,1716533938.0,4.53,4.67,4.53,4.65,31347416.0,145001257.0,4.53,2.6490066225165476,10.0,4.98,False,False,True,71.80636398913467
561,600660.SH,福耀玻璃,0.330848861283644,25.74490889603429,1.775456416710227,0.7632960772495135,1.1283047502261134,0.8410447885810373,2002986332.0,54.52,55.06,53.98,54.25,12858495.0,711486729.0,54.64,-0.713762811127383,10.0,60.1,False,False,True,71.78114086146681
562,300760.SZ,迈瑞医疗,0.13029315960912044,33.76533209905115,1.6740973777573451,1.014948530307173,1.4655234527721854,0.5530026549020814,1211304108.0,144.51,148.11,144.36,147.39,6798705.0,1008862644.0,145.23,1.487296013220396,20.0,174.28,False,False,True,71.7151726814125
563,601607.SH,上海医药,0.3778280542986428,15.947980835044495,1.4379657379851951,0.5820666182382109,1.6774758559364862,0.6900164704185805,2789207505.0,16.28,16.5,16.1,16.36,11202449.0,184668738.0,16.28,0.49140049140048436,10.0,17.91,False,False,True,71.709351959643
564,600109.SH,国金证券,0.29999999999999993,22.6790450928382,1.6517509459442898,1.005679062794381,1.1824760524435776,0.6357485431593558,3705364910.0,8.45,8.53,8.38,8.5,23690584.0,200788136.0,8.44,0.7109004739336511,10.0,9.28,False,False,True,71.68218859138533
565,000888.SZ,峨眉山Ａ,0.09473684210526327,38.7323943661972,1.7097244639419658,1.7911150461390448,0.997549874217825,0.7615161570636902,526913102.0,9.11,9.4,9.11,9.33,7186900.0,66828390.0,9.15,1.967213114754096,10.0,10.07,False,False,True,71.63562281722933
566,002563.SZ,森马服饰,0.3962264150943396,22.500000000000007,1.907140316388506,0.8503820415883527,1.0211455323945788,1.7525532557886123,2213491963.0,5.45,5.73,5.43,5.7,32983482.0,190368834.0,5.39,5.75139146567718,10.0,5.93,False,False,True,71.46682188591386
567,300453.SZ,三鑫医疗,0.2949152542372879,21.28654970760231,1.5559474830782194,1.9936071132341755,0.866988934478469,0.8260312386880687,362126706.0,9.09,9.34,9.08,9.33,5964040.0,55939829.0,9.08,2.753303964757703,20.0,10.9,False,False,True,71.41831587116802
568,002690.SZ,美亚光电,0.14166666666666677,31.804733727810653,1.545081846206711,1.5587582790335686,1.1841515175163542,1.199519439153423,427032322.0,14.65,15.23,14.63,14.99,7990309.0,119912607.0,14.71,1.903467029231809,10.0,16.18,False,False,True,71.40861466821886
569,301103.SZ,何氏眼科,0.013499480789200498,38.22314049586777,2.402074415304305,1.9358212206730698,1.250313944587831,0.6959540868212385,121633616.0,14.64,15.08,14.5,15.04,1638700.0,24470883.0,14.65,2.662116040955631,20.0,17.58,False,False,True,71.38339154055103
570,600523.SH,贵航股份,0.13458755426917532,35.88235294117648,1.5772699736972677,1.3660260220764668,1.1946653793652187,0.6202201556299702,404044620.0,11.08,11.36,11.06,11.16,3423215.0,38341975.0,11.13,0.26954177897573484,10.0,12.24,False,False,True,71.30772215754754
571,000906.SZ,浙商中拓,0.143617021276596,38.21138211382114,1.6367011490574062,1.2611519167587593,1.1103267369624428,0.5983335710140189,703701505.0,5.2,5.29,5.18,5.24,5309163.0,27885811.0,5.19,0.963391136801528,10.0,5.71,False,False,True,71.24660457896779
572,002007.SZ,华兰生物,0.18864468864468856,23.549488054607504,1.8715685151971666,0.9496226532864804,1.4859048511924502,0.6699084322746486,1573543054.0000002,12.71,13.02,12.65,12.94,10010255.0,129425025.0,12.75,1.4901960784313717,10.0,14.03,False,False,True,71.07101280558788
573,603325.SH,博隆技术,0.04521118381915515,35.42274052478134,2.021993003686017,2.1653411617402654,1.2229657522024466,0.4119373738571912,34183200.0,50.36,51.66,49.49,51.23,304909.0,15529826.0,50.3,1.8489065606361876,10.0,55.33,False,False,True,71.06325184322857
574,603676.SH,卫信康,0.09982174688057051,35.16624040920715,2.183195658040451,0.6475837821130729,1.4212044784022997,0.7052786031459578,435161500.0,8.31,8.6,8.31,8.56,1987500.0,16937592.0,8.38,2.1479713603818507,10.0,9.22,False,False,True,71.04384943733022
575,600803.SH,新奥股份,0.30480656506447845,38.67214236824095,1.814367182053163,0.3221967835695171,0.99693462138663,1.0109648680421708,3071726707.0,16.81,17.38,16.71,17.22,10005524.0,171888780.0,17.21,0.058105752469472804,10.0,18.93,False,False,True,70.9545983701979
576,603858.SH,步长制药,0.2322899505766062,20.866425992779767,1.9681620862558513,0.7413787515936245,1.4426193674049261,0.8687847398830061,1054568442.0,15.22,15.78,15.2,15.73,6792460.0,107451106.0,15.26,3.079947575360431,10.0,16.79,False,False,True,70.94489716724873
577,300294.SZ,博雅生物,0.0555160142348754,31.74486803519061,2.247273319203259,1.5616726144389432,1.3760465125828945,0.6720971323601455,504248738.0,14.39,14.8,14.25,14.73,5292573.0,77362003.0,14.42,2.1497919556171974,20.0,17.3,False,False,True,70.9371362048894
578,300138.SZ,晨光生物,0.21471471471471473,30.99885189437428,1.7815927452547438,1.620597147935495,0.9298845994748176,0.546734400984122,398313292.0,10.25,10.47,10.15,10.38,3529200.0,36556971.0,10.14,2.366863905325456,20.0,12.17,False,False,True,70.86728754365541
579,600529.SH,山东药玻,0.23025210084033573,18.02600472813236,1.060020683408086,1.6327585320657523,1.4283117849520766,1.2493821939065073,663614113.0000001,18.2,18.92,18.12,18.89,13537326.0,256996820.0,18.29,3.280481137233471,10.0,20.12,False,False,True,70.82460225067909
580,600810.SH,神马股份,0.0929878048780487,39.57219251336899,2.2834495496774605,1.4625128892082002,0.8496832022696419,0.7877756761277234,1080753008.0,6.23,6.42,6.17,6.4,12451702.0,78966143.0,6.22,2.893890675241173,10.0,6.84,False,False,True,70.81102056655024
581,603856.SH,东宏股份,0.032500000000000195,29.60222016651248,2.4023398705386345,2.2275675090972995,1.2537800846377851,0.34975390654621774,282056060.0,10.85,11.05,10.85,10.98,2197500.0,24114881.0,10.88,0.9191176470588092,10.0,11.97,False,False,True,70.79937912301125
582,600062.SH,华润双鹤,0.19756838905775082,18.193979933110384,1.9004580697134714,1.0504694285129494,1.5390996648799335,0.6142278013074771,1038225388.0,16.19,16.53,16.16,16.42,6698916.0,112493212.0,16.25,1.0461538461538522,10.0,17.88,False,False,True,70.67908420644159
583,601997.SH,贵阳银行,0.38260869565217415,14.90196078431374,1.0319200399463746,1.3901319059717105,1.3079335331364483,0.9472286375769744,3656198076.0,5.56,5.64,5.54,5.6,48143820.0,269868245.0,5.54,1.0830324909747224,10.0,6.09,False,False,True,70.64998059759411
584,002399.SZ,海普瑞,0.1643835616438356,28.117647058823536,2.167869700545234,0.515375775176133,1.4390893769978335,0.5349626829294418,1247201704.0,9.36,9.65,9.32,9.54,3438620.0,32827587.0,9.34,2.1413276231263323,10.0,10.27,False,False,True,70.64027939464493
585,600057.SH,厦门象屿,0.2407407407407408,39.51310861423221,1.6003705523201481,0.9244990577737475,1.0379734408140917,0.9982736448030288,2092510164.0,6.24,6.43,6.15,6.39,19311840.0,122931752.0,6.25,2.2399999999999975,10.0,6.88,False,False,True,70.62475746992628
586,600182.SH,S佳通,0.13297872340425532,22.093981863149214,2.0284419605061244,1.456919176470583,1.2908286355853078,0.43609347137267007,170000000.0,12.61,12.86,12.58,12.82,1080100.0,13829104.0,12.63,1.50435471100554,10.0,13.89,False,False,True,70.60729530461776
587,603323.SH,苏农银行,0.36893203883495185,17.58530183727036,1.0668566944135442,1.4701748408857023,1.2425634614323569,1.1898059451427578,2220395581.0,4.19,4.25,4.18,4.21,38839665.0,163802904.0,4.19,0.4773269689737347,10.0,4.61,False,False,True,70.54132712456345
588,002644.SZ,佛慈制药,0.1599229287090559,28.054298642533947,2.0826622053145663,1.1905482936687395,1.1607419668938657,0.8056262480430103,510657000.0,7.46,7.74,7.41,7.72,4897900.0,37561560.0,7.46,3.4852546916890104,10.0,8.21,False,False,True,70.53744664338379
589,600327.SH,大东方,0.10693641618497111,33.66336633663367,2.035317716820936,1.521926692023623,1.115966475662414,0.8492245998445688,884779518.0,3.4,3.49,3.34,3.47,11435400.0,39478086.0,3.4,2.0588235294117796,10.0,3.74,False,False,True,70.42879317035313
590,601688.SH,华泰证券,0.34744707347447074,22.805017103762836,1.904283111388566,1.2249754604097416,1.0045471316289099,0.5483571763594882,7306758106.0,20.16,20.16,19.59,19.85,49081254.0,992388056.0,19.96,-0.5511022044088154,10.0,21.96,False,False,True,70.42103220799379
591,600272.SH,开开实业,0.029103608847497082,31.18609406952966,2.358247773461477,2.276988625,1.3303953136488715,0.7067997539952577,160000000.0,10.03,10.3,9.95,10.24,2575000.0,26283277.0,10.03,2.0937188434696052,10.0,11.03,False,False,True,70.33954210322081
592,688475.SH,萤石网络,0.23628691983122366,26.011787819253442,2.0173040804692812,0.7737335809523759,1.3024960250599715,1.8037414937600562,787500000.0,28.02,29.01,27.82,29.01,10990471.0,314763219.0,27.95,3.7924865831842736,20.0,33.54,False,False,True,70.22506790842064
593,002086.SZ,东方海洋,0.07602339181286545,33.757961783439484,2.050884236626935,2.4459923504899024,0.95549477389332,0.541951740603858,1580971270.0,1.7,1.74,1.69,1.74,20957700.0,36123551.0,1.7,2.35294117647058,10.0,1.87,False,False,True,70.18432285603416
594,600380.SH,健康元,0.20166320166320179,20.594713656387654,2.0068620449981327,1.0385759919001245,1.403813209876324,0.6301698345117438,1829453386.0,10.03,10.23,10.02,10.17,11973393.0,121612215.0,10.05,1.1940298507462588,10.0,11.06,False,False,True,70.16686069072564
595,600587.SH,新华医疗,0.15116279069767433,22.3008849557522,1.9404037940452419,1.4493886435629983,1.4024262992018854,0.6869071090525606,606644549.0,12.3,12.67,12.23,12.64,6039725.0,76083714.0,12.34,2.4311183144246407,10.0,13.57,False,False,True,69.90298797050833
596,601888.SH,中国中免,0.06806602812308953,33.192940232651424,2.123259829934047,1.9847107698266722,1.1667909801689003,0.7345556136002339,1952475544.0,53.75,55.17,53.16,54.44,28464759.0,1542192216.0,53.2,2.330827067669161,10.0,58.52,False,False,True,69.83119906868453
597,600739.SH,辽宁成大,0.17886178861788615,24.020618556701034,1.9747507308583974,1.1664088198386064,1.4237033324127377,0.7990794431914787,1522315928.0000002,10.35,10.56,10.29,10.53,14188796.0,150555216.0,10.36,1.640926640926632,10.0,11.4,False,False,True,69.77687233216919
598,000978.SZ,桂林旅游,0.11944444444444438,36.61417322834646,1.8875025457680725,2.2916273238795504,0.8429901144173068,0.9348157935156438,468121563.0,5.5,5.7,5.49,5.7,10028330.0,56559465.0,5.51,3.4482758620689724,10.0,6.06,False,False,True,69.75552968568103
599,002215.SZ,诺 普 信,0.07279693486590053,32.178217821782184,2.2764270682269574,2.176040287530311,1.0036296745658544,0.5828898048848274,808061974.0,8.42,8.61,8.41,8.58,10249474.0,87598978.0,8.46,1.4184397163120366,10.0,9.31,False,False,True,69.60613116026387
600,300636.SZ,同和药业,0.09365558912386696,32.40589198036006,2.1817293670791686,1.8607259660202706,1.0451472814446399,0.6474296362483121,367310277.0,6.42,6.62,6.39,6.6,4424947.0,29034077.0,6.42,2.8037383177569986,20.0,7.7,False,False,True,69.57120682964687
601,688563.SH,航材股份,0.11034912718204484,35.49289711579855,2.2204449879915247,2.082555058043684,0.7794442938562667,0.5975101098491278,135542674.0,50.0,50.82,49.7,50.81,1497388.0,75569294.0,50.0,1.6199999999999992,20.0,60.0,False,False,True,69.55374466433838
602,002145.SZ,钛能化学,0.14634146341463408,22.73838630806846,2.2495473914658963,1.6198370098106631,1.0587465803134957,0.8015177581132342,3806474258.000001,4.35,4.48,4.35,4.48,49420526.0,220544056.0,4.39,2.05011389521641,10.0,4.83,False,False,True,69.54598370197904
603,300119.SZ,瑞普生物,0.16892596454640244,32.13515456506111,2.027832194067722,1.3762209846262685,1.0879830025905357,0.5999133445159773,338529850.0,15.48,15.93,15.43,15.78,2792657.0,44043209.0,15.53,1.6097875080489432,20.0,18.64,False,False,True,69.54598370197903
604,002139.SZ,拓邦股份,0.06265664160401002,32.61851015801356,1.9201191144118332,2.331706403524516,1.314381701691783,0.5277384529903238,1071089847.0,9.34,9.62,9.34,9.49,13180094.0,125402098.0,9.36,1.3888888888889062,10.0,10.3,False,False,True,69.41016686069072
605,002027.SZ,分众传媒,0.16223404255319135,39.68253968253968,1.4458709432764867,1.2507599335771673,1.2734835790024737,0.6464451406718372,14442199726.0,5.01,5.12,4.98,5.1,116772071.0,598723281.0,5.02,1.5936254980079667,10.0,5.52,False,False,True,69.36748156771439
606,600918.SH,中泰证券,0.25,23.51738241308794,1.4645741399063286,1.262879358361966,1.8361671904535306,0.5649289998983175,4562824063.0,5.51,5.58,5.48,5.56,32552883.0,180549348.0,5.51,0.9074410163339319,10.0,6.06,False,False,True,69.31315483119907
607,600718.SH,东软集团,0.17259786476868322,33.90070921985815,1.955676666506292,1.3710431145377031,1.1057073776580169,0.9153045267094588,1196438852.0,8.03,8.2,7.95,8.2,15014374.0,122188865.0,8.02,2.244389027431426,10.0,8.82,False,False,True,69.26658905704306
608,000972.SZ,中基健康,0.14622641509433965,30.491803278688522,2.0180050053329746,1.3358436093451376,1.2839903520730649,1.018747736612861,771283579.0,3.36,3.45,3.27,3.32,10496303.0,35208232.0,3.36,-1.1904761904761862,10.0,3.7,False,False,True,69.24621653084982
609,601368.SH,绿城水务,0.13125,25.742574257425744,2.306320943942864,1.1144750226625486,1.3800664865568357,0.409480626337989,882973077.0,4.23,4.35,4.23,4.33,4029500.0,17375864.0,4.25,1.8823529411764683,10.0,4.68,False,False,True,69.11136980985643
610,000999.SZ,华润三九,0.3195876288659792,20.370370370370374,1.84442852317811,0.9936431204257049,1.432124674141633,0.6407172574880264,1662560811.0,24.58,25.12,24.53,24.99,10584644.0,264105084.0,24.7,1.174089068825901,10.0,27.17,False,False,True,69.0279394644936
611,300022.SZ,吉峰科技,0.08383233532934115,39.08205841446453,2.163169124825282,2.2344392330005904,0.843103351856036,0.4201779253979124,494225980.0,7.44,7.65,7.38,7.63,4640100.0,35179205.0,7.47,2.1419009370816644,20.0,8.96,False,False,True,69.00271633682576
612,002701.SZ,奥瑞金,0.20920502092050206,31.8840579710145,1.623264066166565,1.361484051850082,1.3245916833581564,0.75456003192462,2557357434.0,4.62,4.76,4.61,4.75,26272285.0,124141601.0,4.64,2.37068965517242,10.0,5.1,False,False,True,68.9930151338766
613,000919.SZ,金陵药业,0.08564231738035259,29.629629629629626,1.9185345214570568,2.3083971649187816,1.2423251546222198,0.7276591223036871,621717978.0,5.98,6.17,5.97,6.15,10443200.0,63903264.0,6.01,2.329450915141451,10.0,6.61,False,False,True,68.96003104384944
614,002351.SZ,漫步者,0.14700854700854718,30.32694475760993,1.5596724179814452,1.9086275053062762,1.328534397799521,0.6257516035866275,527441600.00000006,9.73,9.94,9.71,9.86,6296200.0,62031020.0,9.73,1.336073997944487,10.0,10.7,False,False,True,68.84361660845944
615,301267.SZ,华厦眼科,0.13888888888888876,29.65034965034963,2.2264153848332775,0.9598132258013515,1.4808412178347024,0.5623092164125708,648444383.0,15.45,15.89,15.31,15.78,3499731.0,55054193.0,15.45,2.1359223300970953,20.0,18.54,False,False,True,68.74272409778813
616,002120.SZ,韵达股份,0.19413919413919425,33.719008264462815,1.48779423414984,1.4871932537345696,1.355894847732497,0.7791590569436802,2815129913.0,6.55,6.72,6.54,6.72,32620602.0,217437574.0,6.58,2.127659574468077,10.0,7.24,False,False,True,68.53899883585565
617,301109.SZ,军信股份,0.20765027322404347,34.68724614134848,1.6255749839921445,2.333681240782879,0.8609638828180862,0.9379079888784756,624288808.0,13.42,13.87,13.4,13.75,5174080.0,71176405.0,13.45,2.230483271375472,20.0,16.14,False,False,True,68.50989522700816
618,000650.SZ,仁和药业,0.2559241706161137,19.279661016949156,1.4928293268973725,1.7134766134217356,1.4596725380246611,1.012294143060604,1331385834.0,5.27,5.49,5.25,5.45,23093451.0,124925818.0,5.26,3.6121673003802313,10.0,5.79,False,False,True,68.38571982925883
619,000552.SZ,甘肃能化,0.3999999999999999,33.18385650224216,1.8639908078700274,1.6314137298311362,0.746413806068047,1.1164440262837148,3725813542.0,2.51,2.6,2.47,2.59,67861300.0,172937387.0,2.55,1.5686274509803866,10.0,2.81,False,False,True,68.28094683740784
620,002349.SZ,精华制药,0.19999999999999993,26.711185308848062,2.0401421032156297,1.6367564037745728,1.0986079765032917,1.0518185243058968,814180908.0,6.45,6.73,6.43,6.71,14016700.0,93218138.0,6.46,3.8699690402476783,10.0,7.11,False,False,True,68.24214202561117
621,600688.SH,上海石化,0.10937500000000007,37.77777777777778,2.0175205855688367,1.4179892284064763,1.2751683953815967,0.7632116137803867,7328813500.0,2.73,2.79,2.68,2.77,79314314.0,217953091.0,2.75,0.727272727272732,10.0,3.03,False,False,True,68.1208769887466
622,600211.SH,西藏药业,0.11032863849765266,25.185185185185176,2.012131040630579,1.7053606853747505,1.7531550911126657,0.6108350532956123,322319196.0,35.89,37.06,35.67,36.84,3357580.0,126897130.0,36.1,2.0498614958448735,10.0,39.71,False,False,True,68.05781916957702
623,688278.SH,特宝生物,0.20946104965874324,23.2,2.1255451478819922,1.0503951498211028,1.5156636335854548,1.1791652794306375,408189480.0,58.49,61.09,57.9,60.63,5055792.0,301406361.0,58.9,2.9371816638370296,20.0,70.68,False,False,True,68.03065580131936
624,600763.SH,通策医疗,0.06907059421025899,34.49123885644021,2.22891468988839,2.1332581852198254,1.1494129753330202,0.7052496010802622,447289117.0,33.75,34.99,33.72,34.79,6729373.0,233334799.0,33.89,2.6556506344054265,10.0,37.28,False,False,True,68.02483507954986
625,300999.SZ,金龙鱼,0.2663185378590078,28.425720620842565,1.4861806368049395,2.0638466808198856,1.082221108377069,0.6857776477589553,542647097.0,25.61,26.06,25.5,25.86,7680301.0,198596655.0,25.61,0.9761811792268649,20.0,30.73,False,False,True,67.95886689949553
626,603668.SH,天马科技,0.042752867570385836,38.1094527363184,2.206597720722651,2.242679881529953,1.3001685987216323,0.4596240357902167,505796732.0,10.38,10.85,10.36,10.75,5213700.0,55509046.0,10.46,2.7724665391969383,10.0,11.51,False,False,True,67.9511059371362
627,688389.SH,普门科技,0.17021276595744697,37.60683760683763,2.14922068878908,0.7326567561538119,1.280697260109674,0.6531591863887247,428485730.0,10.13,10.58,10.13,10.53,2050482.0,21483488.0,10.24,2.83203125,20.0,12.29,False,False,True,67.92006208769887
628,000850.SZ,华茂股份,0.1597444089456869,34.7181008902077,2.1238635660874507,1.3407273689107135,1.1394116076652339,0.7471757568876665,943374379.0,3.87,4.01,3.85,4.0,9450338.0,37313925.0,3.87,3.3591731266149782,10.0,4.26,False,False,True,67.91230112533954
629,605266.SH,健之佳,0.19389312977099227,32.82442748091603,2.0063314761516784,1.2833456539661225,1.2078492971487662,0.6334832662778388,154542928.0,15.65,15.9,15.52,15.8,1256400.0,19860302.0,15.68,0.7653061224489832,10.0,17.25,False,False,True,67.85215366705472
630,001328.SZ,登康口腔,0.20141843971631193,35.06172839506172,2.286574309594884,0.9809806829094495,1.0754282632746364,2.266655837194327,161716900.0,28.55,31.42,28.27,31.42,3595849.0,109261998.0,28.56,10.014005602240905,10.0,31.42,True,False,True,67.71827706635622
631,600056.SH,中国医药,0.22222222222222193,27.59036144578313,1.7962414305850036,1.4156941368937432,1.480276360260149,0.6669322928074533,1495351478.0,9.17,9.43,9.15,9.39,14118692.0,132267716.0,9.2,2.0652173913043637,10.0,10.12,False,False,True,67.68529297632907
632,000543.SZ,皖能电力,0.35714285714285715,35.593220338983045,1.7737372638220823,1.6747511034664975,0.8502072183541186,0.6279434702827204,2266863331.0,7.67,7.83,7.66,7.81,23839446.0,185233714.0,7.71,1.2970168612191912,10.0,8.48,False,False,True,67.53589445091193
633,688505.SH,复旦张江,0.09589041095890416,25.37993920972643,2.377318062186531,1.3456091929305931,2.1349953946376834,0.6331021410970752,710572100.0000001,7.01,7.31,6.98,7.24,6053421.0,43499217.0,7.07,2.40452616690241,20.0,8.48,False,False,True,67.44858362436942
634,000682.SZ,东方电子,0.28897338403041817,32.773851590106,1.9067747954276282,1.8077059784298495,0.9035359965842209,0.6189557858577971,1340600019.0,11.53,11.8,11.47,11.74,14999840.0,176554428.0,11.62,1.0327022375215211,10.0,12.78,False,False,True,67.31664726426077
635,300441.SZ,鲍斯股份,0.09115281501340501,22.222222222222232,2.4526463746242073,1.5422163139867662,1.6693814975810986,1.0474563844891225,629019147.0,6.2,6.66,6.12,6.66,10158800.0,65302629.0,6.19,7.592891760904674,20.0,7.43,False,False,True,67.23321691889794
636,600420.SH,国药现代,0.21333333333333335,23.490813648293972,2.2348882399551373,1.02574808837518,1.5126917391483865,0.6452170271275209,1341172692.0,8.37,8.66,8.37,8.61,8876285.0,76716327.0,8.42,2.25653206650831,10.0,9.26,False,False,True,67.12650368645713
637,688271.SH,联影医疗,0.20524465279812493,36.34842622607968,1.9503566754913098,0.9976721477824163,1.3955251989932402,0.5048073160486932,824157988.0,109.5,111.31,108.68,110.32,4150725.0,458617721.0,109.64,0.6202116016052361,20.0,131.57,False,False,True,66.97128443927046
638,000623.SZ,吉林敖东,0.2806394316163414,17.40211311373525,1.9324775562453673,1.4604539170667528,1.4710931907924603,0.6639452939253191,1191023318.0,17.69,18.08,17.61,18.03,11548870.0,206963258.0,17.67,2.037351443123936,10.0,19.44,False,False,True,66.87233216918898
639,001228.SZ,永泰运,0.30573770491803265,32.19149814279818,2.0277774598315497,1.816403057830028,0.8560848659098795,0.7554475773563429,79864609.0,26.39,27.14,26.23,26.78,1095900.0,29316689.0,26.33,1.7090770983668957,10.0,28.96,False,False,True,66.81994567326349
640,002557.SZ,洽洽食品,0.17456021650879602,30.34482758620691,2.2476668050150064,1.5028578661535457,1.142795232764543,0.7032079812490257,504268856.0,18.64,19.06,18.54,19.01,5329507.0,100964757.0,18.69,1.7121455323702461,10.0,20.56,False,False,True,66.65890570430734
641,300009.SZ,安科生物,0.09792843691148784,21.7687074829932,2.1068600090572707,2.1943054470859655,1.6392667694342165,0.6743395641611605,1230879578.0,7.87,8.17,7.85,8.13,18212960.0,147368182.0,7.87,3.303684879288449,20.0,9.44,False,False,True,66.62398137369033
642,002901.SZ,大博医疗,0.16591422121896177,24.71852610030707,2.2485947363080503,1.15201195810397,1.8813561054330286,0.5497733914596414,288412223.0,43.81,44.88,43.55,44.43,1826660.0,80984383.0,43.49,2.1614164175672412,10.0,47.84,False,False,True,66.61233993015134
643,600179.SH,安通控股,0.3094555873925501,20.14563106796117,2.3377269973441344,1.3266465446842366,1.1011287912426466,0.4037312813523003,3862278495.0,4.14,4.21,4.13,4.19,20686700.0,86509564.0,4.14,1.2077294685990614,10.0,4.55,False,False,True,66.47264260768335
644,600329.SH,达仁堂,0.3446494464944648,27.478580171358622,2.0635818153091448,0.9342620865555383,1.3411314372387495,0.6121250032452666,567089356.0,36.6,37.25,36.47,36.98,3243100.0,119694812.0,36.61,1.0106528270964255,10.0,40.27,False,False,True,66.44741948001553
645,600993.SH,马应龙,0.21609195402298842,24.636275460717737,1.7830181819076383,1.6353632178923323,1.7072612942407066,0.7039344885292379,430317966.0,22.44,22.96,22.39,22.75,4953662.0,115941484.0,22.5,1.1111111111111072,10.0,24.75,False,False,True,66.43577803647652
646,688289.SH,圣湘生物,0.12705366922234393,39.92537313432835,2.04116795985177,1.1457877849131695,1.4893726762755077,0.640890783945969,579388006.0,14.7,15.03,14.35,14.91,4254590.0,63308561.0,14.56,2.4038461538461453,20.0,17.47,False,False,True,66.41831587116803
647,000049.SZ,德赛电池,0.14893617021276578,34.17040358744394,2.131658785871699,2.199523927690067,0.9549196514528313,1.413327267551069,384534862.0,23.95,24.78,23.91,24.68,11953832.0,293587904.0,23.63,4.4435040203131715,10.0,25.99,False,False,True,66.3523476911137
648,603883.SH,老百姓,0.17198177676537585,32.67909715407262,1.8577049629822255,1.5569362589611664,1.5112152579641072,0.7497877406102766,758890236.0,11.66,12.08,11.61,11.96,8859070.0,108042706.0,11.7,2.2222222222222365,10.0,12.87,False,False,True,66.31354287931704
649,603836.SH,海程邦达,0.08272506082725059,33.59683794466404,2.1717942523219764,1.7547585493805227,1.7528690685098305,0.8021434022258657,278929332.0,7.88,8.28,7.81,8.2,3926120.0,31935389.0,7.93,3.4047919293820783,10.0,8.72,False,False,True,66.16414435389989
650,001390.SZ,古麒绒材,0.04680851063829785,31.840490797546007,2.3132924659242233,2.391988962718652,1.8543921602413356,0.27022196061008386,118779250.0,17.07,17.6,17.06,17.38,767751.0,13327099.0,17.07,1.8160515524311638,10.0,18.78,False,False,True,66.11563833915405
651,001324.SZ,长青科技,0.2011019283746557,33.06845965770171,2.1605771025861085,2.088932282608692,0.8983402034467687,0.5710819154872667,138000000.0,17.85,18.3,17.49,18.24,1646273.0,29632451.0,17.82,2.3569023569023573,10.0,19.6,False,False,True,66.06907256499807
652,605300.SH,佳禾食品,0.07731092436974775,35.66265060240963,2.3185919010705858,1.4195869755293227,2.090705837873455,0.41920720564913877,454398597.0,8.67,9.01,8.67,8.93,2704131.0,24118610.0,8.76,1.9406392694063967,10.0,9.64,False,False,True,66.06519208381839
653,300833.SZ,浩洋股份,0.15143603133159278,32.49999999999999,1.9471144708251713,1.8807880639833026,1.2857140393275326,0.5079147042255696,81253477.0,31.96,33.3,31.96,33.1,776200.0,25490435.0,32.1,3.1152647975077885,20.0,38.52,False,False,True,65.99922390376406
654,002152.SZ,广电运通,0.07832422586520944,32.092004381161,2.435261566411474,1.6095479244376794,1.6647573682916563,0.6610266295670325,2482126213.0,9.6,9.77,9.52,9.75,26408684.0,256157256.0,9.56,1.987447698744771,10.0,10.52,False,False,True,65.86922778424525
655,002390.SZ,信邦制药,0.21568627450980393,33.07086614173227,2.0971658911016977,1.5461521355833892,1.127205921073493,0.7774084374034381,1927818234.0,2.88,2.97,2.85,2.95,23172200.0,67967565.0,2.87,2.7874564459930307,10.0,3.16,False,False,True,65.85370585952658
656,601601.SH,中国太保,0.24639917695473246,36.34020618556701,1.888598239273684,0.9738682612551061,1.5681749139363457,0.7762040528761782,6845041455.0,32.28,32.28,31.3,31.62,51743071.0,1630359840.0,31.95,-1.0328638497652531,10.0,35.15,False,False,True,65.83624369421808
657,603383.SH,顶点软件,0.14858387799564268,34.90865766481335,2.106826941630913,2.122407915508908,1.0384184842185156,1.433065099711188,205376359.0,29.0,29.14,28.03,29.09,6246622.0,179494017.0,28.59,1.7488632388947156,10.0,31.45,False,False,True,65.71206829646876
658,002601.SZ,龙佰集团,0.26653504442250736,33.16251830161055,2.155493857942667,1.4986913822472072,1.028759503402376,0.4864254519626804,1979780012.0,16.27,16.55,16.25,16.52,14438578.0,237355693.0,16.36,0.9779951100244544,10.0,18.0,False,False,True,65.7081878152891
659,000153.SZ,丰原药业,0.08389261744966445,30.101010101010097,2.2747601870792646,2.2960578938873093,1.3317473924081993,0.6110907587584715,460855922.0,5.2,5.37,5.18,5.32,6464753.0,34401317.0,5.2,2.3076923076922995,10.0,5.72,False,False,True,65.5568490492821
660,301039.SZ,中集车辆,0.25194805194805214,36.22047244094488,2.0783598892288344,1.1594695134310296,1.1959011453240755,0.7353192265897162,1446957375.0,7.31,7.5,7.3,7.39,12339816.0,91257802.0,7.32,0.95628415300546,20.0,8.78,False,False,True,65.5568490492821
661,002389.SZ,航天彩虹,0.10993176648976491,39.34821967410984,2.332217190087076,2.047611687854166,0.9396595152082575,1.4005197295193468,984767026.0,17.7,18.47,17.42,18.39,28240360.0,514390010.0,18.02,2.0532741398446186,10.0,19.82,False,False,True,65.51222351571595
662,300110.SZ,华仁药业,0.13432835820895503,32.780082987551864,1.9330037393570314,2.3645651977651587,1.1854822429032426,0.8332492938716382,1181425107.0,2.59,2.69,2.56,2.68,23277060.0,61793690.0,2.59,3.47490347490349,20.0,3.11,False,False,True,65.47147846332945
663,002551.SZ,尚荣医疗,0.06574394463667818,39.99999999999999,2.2096385372131864,2.4731166226317733,1.1215043468495984,0.9248213041432012,611186723.0,2.76,2.89,2.76,2.87,13979002.0,39973927.0,2.79,2.8673835125448077,10.0,3.07,False,False,True,65.39386883973613
664,300298.SZ,三诺生物,0.17590618336886996,29.3193717277487,1.8555246395975082,1.8344061991565248,1.6598567881754454,0.722095119969757,448001059.0,15.0,15.53,14.88,15.48,5934044.0,91223338.0,15.02,3.0625832223701854,20.0,18.02,False,False,True,65.3453628249903
665,603369.SH,今世缘,0.12487992315081642,32.37347294938917,2.4395554788280545,1.3247535418544378,1.4689253397734594,0.44898193289638283,1246800037.0,25.52,26.0,25.35,25.84,7415847.0,191234385.0,25.52,1.2539184952978122,10.0,28.07,False,False,True,65.3395421032208
666,601336.SH,新华保险,0.26315789473684215,22.09061853731904,2.069124764296755,1.5127774227180302,1.4462637495784145,0.5820651608781403,2085439340.0,60.9,61.23,59.95,61.21,18363024.0,1151900546.0,61.04,0.27850589777196344,10.0,67.14,False,False,True,65.30461777260379
667,002154.SZ,报 喜 鸟,0.16438356164383572,28.857142857142847,1.9354688642651865,2.484223665409146,1.1702713130067433,0.9437966139792278,1180127141.0,3.58,3.69,3.58,3.67,27668814.0,101134845.0,3.6,1.9444444444444375,10.0,3.96,False,False,True,65.08731082654248
668,000860.SZ,顺鑫农业,0.1113956466069141,36.35405690200211,2.049581749319091,1.668098767334058,1.663677957581974,0.6831070604165094,741766989.0,10.38,10.59,10.33,10.52,8452361.0,88885966.0,10.36,1.5444015444015413,10.0,11.4,False,False,True,64.98641831587116
669,300320.SZ,海达股份,0.09839816933638439,35.46666666666667,2.4921577660445102,2.257260929754635,0.9881781729290131,0.6206346815520936,486538621.0,7.81,8.03,7.71,8.01,6816087.0,54038245.0,7.93,1.0088272383354413,20.0,9.52,False,False,True,64.87388436166084
670,600572.SH,康恩贝,0.3636363636363635,18.56763925729443,1.6022570371370608,2.112093148546931,1.3441859664814226,0.8671250428336552,2531790178.0,4.2,4.33,4.18,4.32,46368404.0,198729223.0,4.21,2.6128266033254244,10.0,4.63,False,False,True,64.84284051222352
671,300194.SZ,福安药业,0.16355140186915873,28.08641975308641,1.8956386381025623,2.15920550163535,1.5490389092823011,0.6507296868073801,968378683.0,3.56,3.7,3.56,3.67,13606293.0,49914731.0,3.59,2.2284122562674202,20.0,4.31,False,False,True,64.56150562669771
672,601696.SH,中银证券,0.1166875784190715,30.791505791505802,2.156930123219,2.04405923506119,1.4833024551251364,0.4587390427507753,2778000000.0,11.28,11.48,11.12,11.47,26049022.0,295722785.0,11.29,1.5943312666076404,10.0,12.42,False,False,True,64.54986418315872
673,000528.SZ,柳    工,0.223938223938224,38.60845839017735,1.9228656725088247,1.7890634671222698,1.072508650008256,0.8646451753635745,2035002777.0,8.45,8.61,8.39,8.52,31473763.0,268260706.0,8.49,0.35335689045936647,10.0,9.34,False,False,True,64.54986418315872
674,000902.SZ,新洋丰,0.2429305912596402,38.434163701067625,2.0241030169882537,1.464730103993541,1.1357947106909985,0.49220696206791087,1142783267.0,13.06,13.31,13.0,13.23,8238900.0,109743470.0,13.13,0.7616146230007503,10.0,14.44,False,False,True,64.3441986806364
675,600085.SH,同仁堂,0.23828125000000003,30.04672897196261,2.1392744637764767,1.1020737320223375,2.119886764436409,0.5577507489688704,1371470262.0,25.01,25.6,24.97,25.43,8430187.0,213930252.0,25.06,1.4764565043894784,10.0,27.57,False,False,True,64.3267365153279
676,001286.SZ,陕西能源,0.3983050847457626,37.370600414078666,1.9232825663384407,1.619568874074069,0.9741482933431164,0.8915335118127778,1350000000.0,10.36,10.53,10.3,10.4,19492649.0,202345412.0,10.43,-0.28763183125598557,10.0,11.47,False,False,True,63.97361272797827
677,603707.SH,健友股份,0.15398886827458258,39.43452380952381,2.367787226136455,1.0044241360983963,1.4159836992486243,0.6318250601701179,1615651020.0000002,7.53,7.83,7.49,7.73,10253250.0,79284995.0,7.55,2.384105960264904,10.0,8.31,False,False,True,63.95032984090028
678,002111.SZ,威海广泰,0.2806451612903228,37.39445114595901,1.830063794022355,1.8787242653244929,1.0828976015331317,0.9221590177971687,488751597.0,9.08,9.38,8.99,9.33,8467536.0,78332551.0,9.16,1.8558951965065518,10.0,10.08,False,False,True,63.90764454792395
679,600196.SH,复星医药,0.14854771784232387,24.20693020985847,2.2565918608797126,1.7866257779292225,1.9384231604521491,0.5085591237294939,2118488825.0,22.35,22.85,22.22,22.75,19248692.0,436005411.0,22.28,2.109515260323147,10.0,24.51,False,False,True,63.82227396197129
680,002386.SZ,天原股份,0.24999999999999992,37.77777777777778,2.3282854436757625,2.0361479618891,0.7447411684507951,0.3872486574540458,1301385155.0,5.56,5.67,5.55,5.66,10261374.0,57789630.0,5.55,1.981981981981984,10.0,6.11,False,False,True,63.7941404734187
681,600812.SH,华北制药,0.1702127659574467,29.68369829683697,2.287196213084495,1.571988315972977,1.5111675794987545,0.6071922008005393,1715730370.0,4.68,4.81,4.65,4.77,16376630.0,78069842.0,4.67,2.1413276231263323,10.0,5.14,False,False,True,63.746604578967805
682,600216.SH,浙江医药,0.1260053619302951,34.705332086061745,2.305705639323656,2.467470249237301,1.0599305018149223,0.6074160502364783,951389475.0,11.52,11.94,11.51,11.91,14259245.0,168762306.0,11.63,2.407566638005143,10.0,12.79,False,False,True,63.39736127279782
683,300146.SZ,汤臣倍健,0.21842105263157893,27.733934611048493,1.9886048796469211,1.9552089060461186,1.5390212726629044,0.6896334340650362,1120818659.0,9.7,10.03,9.68,9.98,15112790.0,149938856.0,9.7,2.886597938144342,20.0,11.64,False,False,True,63.3081102056655
684,300109.SZ,新开源,0.19767441860465101,38.21862348178138,2.4937204733040987,1.8162937084172577,0.9018452600665939,0.28898272070466896,520877968.0,13.4,13.59,13.33,13.59,2732428.0,36823929.0,13.37,1.645474943904257,20.0,16.04,False,False,True,62.99379123011254
685,002162.SZ,悦心健康,0.12302839116719246,38.71951219512195,2.062174990188092,2.146238228924745,1.2839554567581883,1.3890712121210738,918321621.0,3.67,3.92,3.66,3.9,27377901.0,105695454.0,3.67,6.267029972752036,10.0,4.04,False,False,True,62.986030267753215
686,600166.SH,福田汽车,0.2601626016260165,32.97872340425532,2.400236155658841,1.865620840214858,0.9610619758794763,0.9913534443225858,7917400367.000001,2.97,3.06,2.96,3.05,146431500.0,443094855.0,2.95,3.3898305084745672,10.0,3.25,False,False,True,62.97244858362438
687,002594.SZ,比亚迪,0.36653796653796644,36.14021471995861,1.9710900596643035,1.5077564058812023,1.1530759637577854,0.50466260609943,3487068722.0,91.98,92.85,91.19,92.06,26533222.0,2448353958.0,91.55,0.557072637902789,10.0,100.71,False,False,True,62.90842064415988
688,002577.SZ,雷柏科技,0.16075650118203302,26.94006309148267,2.3284137594285155,1.8475737958407057,1.5730508561981464,0.8940652040534701,280673000.0,16.07,17.68,15.97,17.68,4636301.0,79040394.0,16.07,10.018668326073431,10.0,17.68,True,False,True,62.82887077997671
689,300529.SZ,健帆生物,0.21652719665271972,33.401221995926676,2.05427937032261,1.621879961209561,1.5619109671143314,0.8003141525274415,512402075.0,16.75,17.34,16.67,17.3,6651101.0,114061938.0,16.8,2.9761904761904656,20.0,20.16,False,False,True,62.7163368257664
690,600120.SH,浙江东方,0.18047337278106493,35.849056603773576,2.0514224553518075,1.9101356350033134,1.3998393653982135,0.5989373229591426,3415381492.0,4.83,4.97,4.81,4.96,39073724.0,192550038.0,4.85,2.268041237113416,10.0,5.34,False,False,True,62.328288707799764
691,002567.SZ,唐人神,0.1776649746192894,36.4217252396166,2.100379862155358,1.9120787879399401,1.3290918903715572,0.43249414956076815,1431666421.0,3.45,3.56,3.44,3.53,11839350.0,41655462.0,3.48,1.4367816091954033,10.0,3.83,False,False,True,62.26232052774544
692,002444.SZ,巨星科技,0.12926829268292686,37.93626707132019,2.395386604669672,1.6070810165017706,1.4421171433067146,0.8016513166587765,1147158478.0,27.96,28.95,27.81,28.83,14778800.0,422733025.0,27.95,3.148479427549189,10.0,30.75,False,False,True,62.023670935195966
693,000685.SZ,中山公用,0.3612167300380229,29.80671414038656,2.0199695748443074,1.816238950966989,1.2734261731074243,0.7789428751567117,1246581940.0,10.89,10.96,10.68,10.94,17635973.0,191061638.0,10.92,0.1831501831501825,10.0,12.01,False,False,True,61.969344198680645
694,000629.SZ,钒钛股份,0.20108695652173916,36.05442176870748,2.279579826031549,1.7719595062472115,1.199204356704738,0.510408146358083,9290444430.0,3.02,3.08,3.01,3.08,84024876.0,255993414.0,3.02,1.9867549668874274,10.0,3.32,False,False,True,61.88785409390765
695,002262.SZ,恩华药业,0.27230483271375466,23.440979955456577,2.2746336115669097,1.6912948927255471,1.6243059397424675,0.8397242186628298,883776305.0,20.63,21.56,20.62,21.48,12551700.0,267899363.0,20.89,2.8243178554332227,10.0,22.98,False,False,True,61.596818005432674
696,600975.SH,新五丰,0.18881118881118886,36.27684964200475,2.241536637549668,1.626167637972173,1.4575674971316255,0.4425258001896583,1249661740.0,4.72,4.82,4.69,4.77,8992830.0,42854726.0,4.73,0.8456659619450191,10.0,5.2,False,False,True,61.34846720993403
697,600867.SH,通化东宝,0.20192307692307693,35.614525139664806,2.3278062835091626,2.000767385312046,1.170635519274824,0.6987971356620706,1958542829.0,7.71,8.14,7.7,8.05,27382985.0,219779421.0,7.79,3.3376123234916566,10.0,8.57,False,False,True,60.909972836631745
698,000680.SZ,山推股份,0.2914798206278028,35.6762513312034,2.3964547364731823,1.7498452172431147,1.0679861558206296,0.6984178378250487,1314570547.0,10.46,10.69,10.4,10.6,16065749.0,169650195.0,10.47,1.241642788920716,10.0,11.52,False,False,True,60.71012805587893
699,002252.SZ,上海莱士,0.26578073089701015,36.363636363636374,2.1673539105076802,1.2289597760232693,2.5975144929230956,0.6674156907009486,6588259885.0,4.98,5.09,4.96,5.07,54038561.0,273182035.0,4.98,1.8072289156626509,10.0,5.48,False,False,True,60.53453628249903
700,300171.SZ,东富龙,0.13613101330603888,35.67984570877534,2.192355604887726,2.2562516864828446,1.582737257036685,1.050400247122292,560697223.0,11.58,12.14,11.54,12.12,13288341.0,160226161.0,11.7,3.589743589743599,20.0,14.04,False,False,True,60.51028327512612
701,002737.SZ,葵花药业,0.35596026490066196,30.422794117647033,2.120732498491987,1.5086159189736086,2.0331720175758443,0.8163925882277353,583990700.0,13.01,13.54,12.91,13.5,7192567.0,96085635.0,13.03,3.6070606293169716,10.0,14.33,False,False,True,60.12029491656965
702,000415.SZ,渤海租赁,0.34801762114537454,35.635359116022094,2.37976943283078,1.5904831277049982,1.13635969490589,0.7219666062510536,5392913883.0,4.11,4.31,4.11,4.29,61925520.0,262965424.0,4.12,4.126213592233019,10.0,4.53,False,False,True,59.83313930927435
703,300026.SZ,红日药业,0.2754491017964071,25.266903914590742,2.0150539646843435,2.3424617308867743,1.891990468046629,1.1260515207763009,3001325425.0,3.26,3.42,3.24,3.41,79166939.0,267213048.0,3.27,4.281345565749239,20.0,3.92,False,False,True,59.80015521924719
704,600150.SH,中国船舶,0.2562170308967598,35.170025188916874,2.438240871702713,1.6651448698810005,1.2592800058894642,0.5003472730544064,7525621287.999999,33.3,33.55,32.95,33.53,62157592.0,2070723498.0,33.06,1.4216575922564978,10.0,36.37,False,False,True,59.72448583624369
705,603768.SH,常青股份,0.26,38.089887640449426,2.329177607345215,1.5751478645049646,1.2963344458470958,0.9020167407092863,237955857.0,10.03,10.4,9.97,10.37,3380900.0,34576224.0,10.07,2.9791459781529195,10.0,11.08,False,False,True,59.54016298020955
706,601058.SH,赛轮轮胎,0.3136363636363636,30.272727272727273,2.4849183567591338,1.5893953189825734,1.3899120395971747,0.7769309366582117,3288100259.0,13.16,13.61,12.99,13.5,40603119.0,550943392.0,13.07,3.289977046671755,10.0,14.38,False,False,True,59.297632906480416
707,688538.SH,和辉光电-U,0.17777777777777795,23.98190045248869,2.4931379691352173,2.484529124543131,1.6741143277657877,0.4374319690716108,5752235725.0,2.32,2.38,2.32,2.37,62516015.0,146928912.0,2.33,1.7167381974249052,20.0,2.8,False,False,True,58.56810244470314
708,601108.SH,财通证券,0.37307692307692336,27.724137931034477,2.3926287875326664,1.7168626824823987,1.6491702651555795,0.6122221859268988,4643768990.0,8.27,8.41,8.19,8.33,48810722.0,406820435.0,8.22,1.338199513381988,10.0,9.04,False,False,True,58.06946061311602
