pool_rank,code,name,bottom_percentile,range_60d_pct,mean_abs_return_20d_pct,mean_turnover_20d_pct,recent_volume_ratio,event_volume_ratio,outstanding_share,event_open,event_high,event_low,event_close,event_volume,event_amount,previous_close,event_gain_pct,limit_up_rate_pct,limit_up_price,hit_limit_up,is_st,passes_dormant_filter,dormancy_score
1,600029.SH,南方航空,0.031339031339031174,14.747474747474731,0.7020319811075494,0.4590789551768929,0.6051207087549411,1.023296214529496,13476972536.0,5.12,5.13,5.06,5.08,63311280.0,321895597.0,5.06,0.39525691699606735,10.0,5.57,False,False,True,98.169150377395
2,601456.SH,国联民生,0.06633906633906624,13.54534746760896,0.5985334949251536,0.36373102272500996,0.7400066938077072,1.346678860634505,4376981617.0,8.76,8.92,8.74,8.88,21439720.0,189972762.0,8.76,1.3698630136986356,10.0,9.64,False,False,True,96.73892006967291
3,002736.SZ,国信证券,0.0853174603174606,12.063492063492065,0.6188819180180201,0.21619688982812946,0.7124084116530062,2.65436866580012,9612429377.0,9.89,10.23,9.86,10.18,55162488.0,558355787.0,9.88,3.0364372469635414,10.0,10.87,False,False,True,96.65182891426359
4,601669.SH,中国电建,0.04800000000000004,16.114790286975712,0.6268612343693786,0.7363238114240449,0.5481420364780051,0.7426302527738557,13071525850.0,4.64,4.69,4.63,4.68,71477239.0,333819467.0,4.65,0.6451612903225712,10.0,5.12,False,False,True,96.53570737371783
5,601881.SH,中国银河,0.07396449704142011,17.677642980935882,0.6333956462002159,0.3357478529579416,0.6465759320144537,1.4668035621766717,7243417622.999999,12.04,12.29,12.02,12.25,35672104.0,435484892.0,12.04,1.744186046511631,10.0,13.24,False,False,True,96.51635378362687
6,601021.SH,春秋航空,0.06733021077283365,13.798739201494282,0.9743985130293586,0.520292523012367,0.6723361733931932,0.8979293359774884,978333423.0,43.89,44.1,43.71,43.97,4570636.0,202380164.0,43.44,1.2200736648250388,10.0,47.78,False,False,True,95.98025933810722
7,600372.SH,中航机载,0.07668711656441721,14.354527938342954,0.9615697842051423,0.49245246637971246,0.6868707966600621,0.639450335058162,4838896630.0,10.85,11.0,10.84,10.96,15237632.0,166906748.0,10.88,0.7352941176470562,10.0,11.97,False,False,True,95.57964002322431
8,601111.SH,中国国航,0.051075268817204186,17.801047120418833,0.9026670014413906,0.5380915219942146,0.7134654299261812,0.9453776530195757,11638109474.0,5.98,5.99,5.94,5.96,59203028.0,353166690.0,5.92,0.6756756756756799,10.0,6.51,False,False,True,95.35707373717825
9,002206.SZ,海 利 得,0.07589285714285714,11.834319526627212,0.7618552951558593,0.82704935289491,0.6344072541700218,0.7869261436573969,1056970986.0,5.25,5.31,5.22,5.27,6879050.0,36295845.0,5.24,0.5725190839694472,10.0,5.76,False,False,True,95.2874008128508
10,600897.SH,厦门空港,0.11627906976744197,15.709090909090918,0.7673013768267845,0.310920073680722,0.627769518348846,2.1006270386857064,416934000.0,14.91,15.03,14.51,14.75,2723109.0,40364550.0,14.65,0.682593856655278,10.0,16.12,False,False,True,95.09580027095026
11,600935.SH,华塑股份,0.10937499999999976,15.27777777777779,0.9859205557669387,0.37933978805847257,0.5409591269205336,1.3840466509561473,3507401812.0,2.3,2.33,2.28,2.32,18414700.0,42595527.0,2.3,0.8695652173912993,10.0,2.53,False,False,True,95.0725759628411
12,600905.SH,三峡能源,0.1089108910891092,19.667590027700843,0.6162639520390478,0.279060263798293,0.5786065517760294,0.8907855295157662,28587650142.0,3.71,3.75,3.7,3.74,71063994.0,265530974.0,3.72,0.5376344086021501,10.0,4.09,False,False,True,94.80743177859492
13,688459.SH,哈铁科技,0.09523809523809519,12.191958495460442,0.7840080046828568,0.24283280208333,0.8381176466358555,0.6327664838319611,480000000.0,8.01,8.07,8.01,8.03,737551.0,5931090.0,8.01,0.24968789013732895,20.0,9.61,False,False,True,94.4164892587575
14,605259.SH,绿田机械,0.09485094850948515,18.628640776699037,1.129241810801237,0.45872776553802896,0.5045057863813206,0.8199542563503549,172480000.0,17.59,17.85,17.51,17.73,648759.0,11500011.0,17.53,1.140901312036502,10.0,19.28,False,False,True,93.93071414747435
15,603855.SH,华荣股份,0.12690355329949238,16.350555918901243,0.7896391861812175,0.4205044369770391,0.678434506981471,1.2159364072913517,335532500.0,16.09,16.13,15.95,16.01,1715600.0,27483594.0,16.04,-0.18703241895260403,10.0,17.64,False,False,True,93.75072575962841
16,600221.SH,海航控股,0.031250000000000035,24.031007751937985,0.6331075558218108,0.5163764176856556,0.7536964301810603,1.4515032128751097,42845514933.0,1.31,1.33,1.3,1.31,321136573.0,423584574.0,1.31,0.0,10.0,1.44,False,False,True,93.6036384749371
17,601618.SH,中国中冶,0.09999999999999998,17.91666666666667,0.932064909278334,0.4347557947151296,0.7427289074527716,1.4751430630851416,17852619170.0,2.59,2.65,2.58,2.64,114493666.0,300945388.0,2.59,1.9305019305019488,10.0,2.85,False,False,True,93.5591252177279
18,601878.SH,浙商证券,0.12732919254658395,12.045454545454536,0.6024074822289677,0.4291372135489421,0.7859742208833177,1.8140448699728446,4573796639.0,9.26,9.39,9.21,9.33,35605825.0,332037933.0,9.21,1.3029315960912058,10.0,10.13,False,False,True,93.42365008709115
19,601788.SH,光大证券,0.12680115273775225,15.500376222723865,0.644285544562232,0.472690809070062,0.7377204292372426,1.3016347207726122,3906698839.0,14.17,14.44,14.14,14.4,24036776.0,349206840.0,14.17,1.6231474947071334,10.0,15.59,False,False,True,93.38107218889104
20,688819.SH,天能股份,0.08118313404657011,21.286889211417503,1.065560068577716,0.249603857627811,0.716836293957349,0.9592135935098228,972100000.0,21.98,22.4,21.8,22.28,2327435.0,51859845.0,21.96,1.4571948998178597,20.0,26.35,False,False,True,93.17398877491775
21,600765.SH,中航重机,0.07764952780692551,14.79999999999999,0.9611588698633465,0.8677616803881075,0.7492185285464066,0.6709418039787984,1552494153.0,13.25,13.41,13.24,13.34,9038894.0,120550469.0,13.24,0.7552870090634434,10.0,14.56,False,False,True,93.01916005419005
22,600061.SH,国投资本,0.1297071129707111,11.5,0.7267414222233608,0.4422655009970496,0.8067309034754181,1.8030404522387071,6394097773.0,6.29,6.5,6.29,6.48,50987980.0,328067675.0,6.31,2.694136291600646,10.0,6.94,False,False,True,92.91077994968066
23,000987.SZ,越秀资本,0.11614173228346455,20.28368794326243,0.8816277598879825,0.5131020718332354,0.636903577827893,1.4518187776345681,5012547583.0,7.53,7.75,7.52,7.71,37340032.0,286812939.0,7.55,2.119205298013238,10.0,8.31,False,False,True,92.82562415328044
24,600567.SH,山鹰国际,0.08433734939759042,14.173228346456689,0.8201694371772922,0.930630118372616,0.7826331567245869,1.7895583356685103,6205458106.0,1.34,1.37,1.34,1.36,104297738.0,141766367.0,1.34,1.4925373134328401,10.0,1.47,False,False,True,92.4850009676795
25,000958.SZ,电投产融,0.0478260869565215,27.692307692307683,0.8891690489447303,0.353377908095462,0.6285014881631323,0.4997316061014954,5383418520.0,5.3,5.35,5.29,5.34,9506800.0,50673990.0,5.31,0.5649717514124353,10.0,5.84,False,False,True,92.47919489065221
26,688425.SH,铁建重工,0.1122448979591838,14.54545454545455,0.8190980690280482,0.3174677795825085,0.8865216068029365,0.6040395556744484,5333497000.0,4.05,4.11,4.05,4.09,10227679.0,41841806.0,4.07,0.49140049140048436,20.0,4.88,False,False,True,92.41532804335203
27,603885.SH,吉祥航空,0.1118760757314972,21.356275303643724,1.0030925766411554,0.5517099371102079,0.5947173624378933,0.6696087622955379,2169005268.0,10.66,10.69,10.55,10.57,8012952.0,85016257.0,10.53,0.3798670465337217,10.0,11.58,False,False,True,92.21405070640604
28,601800.SH,中国交建,0.112,16.636528028933096,0.8807204825522315,0.27438509044016,0.8726225308379394,0.9109431295352282,11722873078.999998,5.94,6.03,5.93,6.02,29301229.0,176074943.0,5.95,1.17647058823529,10.0,6.55,False,False,True,92.07470485775113
29,601390.SH,中国中铁,0.14347826086956525,17.28395061728396,0.8638762187166815,0.4586911220419345,0.7150521097459807,1.1419664487279095,20323920329.0,4.38,4.48,4.37,4.46,106458701.0,473062993.0,4.38,1.82648401826484,10.0,4.82,False,False,True,91.95471259918716
30,601990.SH,南京证券,0.14400000000000013,11.359999999999992,0.7295648247632458,0.35954282518560243,0.8298411550271237,1.3039228897685302,4231724800.0,6.62,6.74,6.59,6.72,19839008.0,132904303.0,6.61,1.6641452344931862,10.0,7.27,False,False,True,91.93729436810528
31,601377.SH,兴业证券,0.13274336283185834,11.743772241992879,0.4395158419583023,0.7229843123249914,0.7961571527394793,1.5801586452494232,8635987294.0,5.82,5.94,5.82,5.93,98660102.0,582039378.0,5.83,1.715265866209248,10.0,6.41,False,False,True,91.85020321269597
32,601311.SH,骆驼股份,0.06367924528301899,18.513323983169695,0.9678077077602898,1.0424755887058168,0.7169640874900814,0.6615412520827572,1173146118.0,7.4,7.52,7.37,7.46,8090492.0,60418631.0,7.4,0.8108108108108025,10.0,8.14,False,False,True,91.81536675053222
33,000157.SZ,中联重科,0.12693498452012386,16.36636636636637,0.9825644538029599,0.6932693705821301,0.7047682784384229,0.6033308261132903,7070417363.0,7.08,7.1,7.05,7.08,29573490.0,209446503.0,7.07,0.14144271570013522,10.0,7.78,False,False,True,91.7766595703503
34,600517.SH,国网英大,0.12131147540983607,16.814159292035423,1.0353888816526857,0.35074773763165157,0.8027551758855231,1.2796999334506107,5718435744.0,4.88,5.05,4.86,4.95,25667305.0,128526449.0,4.89,1.22699386503069,10.0,5.38,False,False,True,91.74569382620476
35,601136.SH,首创证券,0.05623901581722325,14.643399089529584,1.033546756299875,0.36262660821008547,1.0400134484737578,1.3529915742360972,2733333800.0,13.88,14.18,13.82,14.09,13410576.0,188597719.0,13.82,1.9536903039073739,10.0,15.2,False,False,True,91.66053802980454
36,000885.SZ,城发环境,0.048433048433048416,11.018363939899833,1.0731830873716124,0.7463476706589246,0.9483372905633224,1.0262275313925247,642078255.0,12.14,12.32,12.12,12.26,4917822.0,60237222.0,12.15,0.9053497942386857,10.0,13.37,False,False,True,91.57925295142249
37,600755.SH,厦门国贸,0.14379084967320271,13.644859813084121,0.842186387867172,0.5903352178903895,0.7678554567385634,1.1932899238285968,2132158487.0,5.74,5.8,5.72,5.78,15019800.0,86534599.0,5.79,-0.17271157167529916,10.0,6.37,False,False,True,91.569576156377
38,600958.SH,东方证券,0.11538461538461559,13.302217036172692,0.5881527345732934,0.657867171592718,0.8950550783922432,1.5000546716443104,7469482864.0,8.96,9.14,8.94,9.13,73711600.0,670022415.0,8.96,1.897321428571419,10.0,9.86,False,False,True,91.52699825817689
39,600283.SH,钱江水利,0.17117117117117106,16.15487316421895,0.7281563672076945,0.453690877326201,0.6459405241833118,0.9146319655697188,560824898.0,7.87,7.97,7.84,7.92,2327200.0,18474481.0,7.87,0.6353240152477735,10.0,8.66,False,False,True,91.51151538610414
40,002978.SZ,安宁股份,0.08577633007600444,18.267266040049044,1.0056715018458635,0.7715041729983827,0.8033104540342071,1.016422492719569,369279558.00000006,26.0,26.62,25.97,26.33,2895795.0,76485638.0,26.05,1.0748560460652534,10.0,28.66,False,False,True,91.38378169150377
41,605183.SH,确成股份,0.07770961145194272,24.01779095626391,1.250976853094244,0.329367705547788,0.6575997533049798,5.796489629709571,412429445.0,14.41,15.38,14.41,15.05,7874006.0,118735764.0,14.25,5.6140350877192935,10.0,15.68,False,False,True,91.34120379330366
42,002797.SZ,第一创业,0.14222222222222242,14.900662251655628,0.7386301893236185,1.0422468993908185,0.4022852447153946,1.4429678607555383,4202400000.0,6.34,6.53,6.34,6.47,63201103.0,408495551.0,6.36,1.729559748427656,10.0,7.0,False,False,True,91.17863363653959
43,002939.SZ,长城证券,0.054766734279918954,13.601036269430056,0.7628346949667135,0.6777007267051436,1.0826225651745733,1.3207036315273522,3602659631.0,7.98,8.17,7.97,8.16,32245310.0,261737499.0,7.99,2.127659574468077,10.0,8.79,False,False,True,91.15734468743953
44,603299.SH,苏盐井神,0.03359173126615007,19.76744186046513,0.9861151407215167,0.7200826082515375,0.9261183018642313,1.4140463411088215,944186338.0,8.71,8.89,8.68,8.79,8126361.0,71533660.0,8.73,0.687285223367673,10.0,9.6,False,False,True,91.06057673698471
45,601512.SH,中新集团,0.1016042780748663,18.181818181818187,0.997145780855609,0.20885883887409454,0.9218251350834057,1.257536880132711,1498890000.0,7.78,7.95,7.7,7.9,3936800.0,31036647.0,7.75,1.9354838709677358,10.0,8.53,False,False,True,91.03154635184826
46,600115.SH,中国东航,0.03278688524590152,24.489795918367328,1.1304721795438832,0.8169650629187887,0.6781410799501811,1.472014384411179,17024964893.0,3.6,3.63,3.56,3.6,204739559.0,736431051.0,3.53,1.9830028328611915,10.0,3.88,False,False,True,90.99961292819818
47,601236.SH,红塔证券,0.14802631578947378,14.849921011058441,0.7238292929029166,0.25236986355181046,0.8696667113089862,1.6925734999703443,4693233706.0,6.78,6.96,6.76,6.93,20047361.0,139403550.0,6.78,2.212389380530966,10.0,7.46,False,False,True,90.9638087865299
48,300470.SZ,中密控股,0.057291666666666644,18.333953142432136,1.0807964917618544,1.015489192890742,0.7764506632957006,0.9261881906614282,197334685.0,27.6,27.81,27.39,27.72,1856000.0,51383343.0,27.66,0.2169197396963085,20.0,33.19,False,False,True,90.95413199148442
49,600618.SH,氯碱化工,0.09715639810426545,19.078242229367625,1.0870508296503396,0.8750709764772491,0.698149491530978,1.4270480270761907,749839976.0,10.2,10.45,10.09,10.4,9363764.0,96880725.0,10.15,2.4630541871921263,10.0,11.17,False,False,True,90.91155409328431
50,601727.SH,上海电气,0.036885245901639295,29.905063291139243,0.9392364444396305,0.539853221200551,0.6240586453850127,0.8679985423796449,12615639635.999998,6.56,6.68,6.56,6.61,59115854.0,390908934.0,6.5,1.692307692307704,10.0,7.15,False,False,True,90.89413586220243
51,600307.SH,酒钢宏兴,0.07826086956521729,23.529411764705866,1.26670666302225,0.6120844860792929,0.6036777078593232,1.3189728572439492,6263357424.0,1.45,1.49,1.45,1.48,50565514.0,74755523.0,1.45,2.0689655172413834,10.0,1.6,False,False,True,90.82833365589316
52,000544.SZ,中原环保,0.15517241379310318,14.18234442836468,0.8458094170803718,0.40703382467290805,0.8307453714314192,0.8816028339506998,974684488.0,7.29,7.36,7.27,7.33,3497579.0,25651937.0,7.27,0.8253094910591452,10.0,8.0,False,False,True,90.73737178246564
53,600271.SH,航天信息,0.06151832460732992,18.8976377952756,1.0915401895224413,0.7711917977486036,0.8699781910232812,0.5999338938664945,1852884638.0,6.82,6.91,6.81,6.89,8572632.0,58896599.0,6.82,1.026392961876832,10.0,7.5,False,False,True,90.69092316624733
54,000541.SZ,佛山照明,0.13274336283185834,18.35853131749461,0.8902916432043553,0.549018722145847,0.8028806534358985,0.7739810101113961,1221592075.0,4.91,4.97,4.91,4.94,5190912.0,25682122.0,4.93,0.20283975659229903,10.0,5.42,False,False,True,90.67737565318366
55,603111.SH,康尼机电,0.13114754098360665,10.594795539033463,0.9319630427986197,0.615666460914128,0.8788065167562777,3.2493448883450364,837595196.0,5.76,6.03,5.76,6.0,16756198.0,102357788.0,5.7,5.263157894736836,10.0,6.27,False,False,True,90.61737952390169
56,688334.SH,西高院,0.08208296557811119,28.392109982068135,0.9215704039440242,0.46842569514344856,0.6325235721941973,0.7775327662545618,312171069.0,17.71,17.94,17.66,17.89,1136978.0,20581372.0,17.66,1.3023782559456354,20.0,21.19,False,False,True,90.53996516353783
57,688563.SH,航材股份,0.08790523690773067,15.906155832974612,1.063162541941492,1.2489940253060021,0.6570335607509243,0.5830984679192441,135542674.0,49.23,50.01,49.22,49.65,987139.0,49088696.0,49.28,0.7508116883116811,20.0,59.14,False,False,True,90.53609444551964
58,600894.SH,广日股份,0.07920792079207928,21.98581560283688,1.1200189916519976,0.5546902879731305,0.8137636985839558,1.766001056674941,843144445.0,7.24,7.38,7.22,7.28,8259305.0,60378701.0,7.29,-0.137174211248281,10.0,8.02,False,False,True,90.46642152119217
59,601868.SH,中国能建,0.14906832298136657,20.9016393442623,0.7493757232928827,0.763359790672728,0.46276027065007336,0.7378321329057024,32428727636.0,2.52,2.54,2.52,2.53,182648771.0,461859467.0,2.52,0.3968253968253954,10.0,2.77,False,False,True,90.46448616218309
60,301109.SZ,军信股份,0.14571948998178486,18.602761982128335,0.8548120309318037,0.672909909030431,0.7384656201103629,0.8227770171936319,624288808.0,13.11,13.31,13.1,13.17,3456405.0,45670137.0,13.11,0.4576659038901587,20.0,15.73,False,False,True,90.22063092703696
61,002673.SZ,西部证券,0.1501831501831502,12.987012987012992,0.8223483290407267,0.5215379131322935,0.8718895535249734,3.209266353567267,4469581705.0,6.56,6.87,6.56,6.85,74809806.0,507701999.0,6.57,4.26179604261796,10.0,7.23,False,False,True,90.16644087478227
62,601186.SH,中国铁建,0.18749999999999994,14.361702127659592,0.695860184990793,0.3406091637355685,0.7601214456573256,0.8997364171038521,11503245500.0,6.06,6.14,6.05,6.12,35252670.0,215489139.0,6.06,0.990099009900991,10.0,6.67,False,False,True,90.16063479775498
63,601117.SH,中国化学,0.14329268292682917,18.014184397163135,0.7064643218144472,0.9730369718455413,0.6389706223611519,0.8207095233125217,6049451162.0,7.48,7.62,7.48,7.58,48309750.0,365754034.0,7.52,0.7978723404255428,10.0,8.27,False,False,True,90.12579833559126
64,002204.SZ,大连重工,0.053627760252365896,20.52313883299799,0.9868954120504025,1.0042748167690272,0.8341748517925421,0.993382444288746,1931370032.0,5.14,5.25,5.13,5.23,19267907.0,100311251.0,5.14,1.7509727626459304,10.0,5.65,False,False,True,90.08322043739113
65,600100.SH,同方股份,0.09585492227979278,25.867507886435348,0.9898261072625415,0.7123783778196976,0.6370133706955657,0.8347958218858572,3350297713.0,6.73,6.87,6.7,6.83,19923902.0,135721159.0,6.71,1.7883755588673722,10.0,7.38,False,False,True,90.02128894910007
66,600278.SH,东方创业,0.15835777126099704,18.181818181818187,1.0618690428324329,0.4660914923079885,0.7222542509465306,1.0446533260754374,860518657.0,6.3,6.36,6.27,6.32,4189900.0,26496615.0,6.26,0.9584664536741228,10.0,6.89,False,False,True,89.81227017611766
67,600009.SH,上海机场,0.09598031173092715,12.448700410396718,0.9351318488177472,0.456966879987084,1.132210612469075,0.7491709748540042,2480218840.0,23.05,23.37,23.02,23.3,8490938.0,199995619.0,23.1,0.8658008658008587,10.0,25.41,False,False,True,89.71743758467196
68,601005.SH,重庆钢铁,0.14285714285714263,17.85714285714286,0.7862867710832999,0.7077849221069946,0.8160349496204459,1.2280663809011196,8313636567.000001,1.2,1.22,1.19,1.21,72262700.0,87332532.0,1.2,0.8333333333333304,10.0,1.32,False,False,True,89.71356686665376
69,603230.SH,内蒙新华,0.10766961651917412,17.647058823529417,0.9157925229527033,0.5433883085400335,0.9745840647354269,1.6022362072223066,353523000.0,9.23,9.27,9.06,9.1,3077900.0,28150653.0,9.23,-1.4084507042253613,10.0,10.15,False,False,True,89.70292239210374
70,688349.SH,三一重能,0.0601137286758733,21.64869029275809,1.2339771048742867,0.46970951787243204,0.9022627721738635,0.8752758457445157,1566188095.0,13.75,14.12,13.73,14.05,6438997.0,90109543.0,13.72,2.405247813411071,20.0,16.46,False,False,True,89.62260499322623
71,000738.SZ,航发控制,0.10256410256410248,21.319486866218675,1.1605643397225411,0.903451132386451,0.6506416643134247,0.7320962160153454,1315184001.0,17.75,18.08,17.71,17.94,8698800.0,155977761.0,17.77,0.9566685424873489,10.0,19.55,False,False,True,89.60518676214437
72,002011.SZ,盾安环境,0.05820105820105821,27.646454265159303,0.8192739357972363,0.8904009486617879,0.7072873068797825,0.9440581447819774,1061515502.0,10.05,10.19,10.05,10.11,8922996.0,90415963.0,10.06,0.4970178926441138,10.0,11.07,False,False,True,89.42713373330754
73,600528.SH,中铁工业,0.18936877076411965,14.683153013910367,0.7933264239541454,0.4798550259909551,0.7695586790438328,1.0793377152256596,2221551588.0,7.04,7.08,6.99,7.05,11505985.0,80977539.0,7.04,0.14204545454545858,10.0,7.74,False,False,True,89.26069285852526
74,600621.SH,华鑫股份,0.16174183514774504,18.67572156196946,0.925129277265631,0.7189486370210492,0.7113344182117822,1.9675292281523225,1060899292.0,12.82,13.27,12.82,13.23,15006977.0,197091858.0,12.82,3.1981279251170003,10.0,14.1,False,False,True,89.19101993419778
75,601992.SH,金隅集团,0.11650485436893195,25.984251968503933,1.1377792732751018,0.4641570051182759,0.6433847588802748,1.0941127128478705,8334158264.0,1.38,1.41,1.38,1.4,42324196.0,59198669.0,1.39,0.7194244604316502,10.0,1.53,False,False,True,89.14940971550223
76,001390.SZ,古麒绒材,0.058966565349544,25.889570552147223,0.8471843879245672,0.976028936030488,0.7791112316305815,2.2476713393633343,118779250.0,17.28,17.36,16.97,17.25,2605770.0,44744845.0,17.27,-0.11580775911985697,10.0,19.0,False,False,True,88.92974646796982
77,600741.SH,华域汽车,0.166101694915254,17.94158553546592,0.9209239995810181,0.44517674307132904,0.8272332107353524,1.070363120988435,3152723984.0,15.39,15.53,15.35,15.42,15022754.0,232420781.0,15.36,0.390625,10.0,16.9,False,False,True,88.84071995355139
78,603515.SH,欧普照明,0.1522633744855967,14.133165829145744,1.0100187290392204,0.191845970418919,0.9582888384847151,0.8861304246237683,737750549.0,16.59,16.94,16.55,16.63,1254180.0,21023718.0,16.66,-0.18007202881152873,10.0,18.33,False,False,True,88.79620669634218
79,601633.SH,长城汽车,0.08976510067114096,24.42428471737612,1.1969039356437754,0.233698531638283,0.8694062080872041,0.6535628588444693,6213232822.0,15.26,15.55,15.25,15.42,9498794.0,146897165.0,15.4,0.12987012987013546,10.0,16.94,False,False,True,88.79233597832398
80,600959.SH,江苏有线,0.1200000000000001,27.500000000000014,0.964438141009806,0.564794636959231,0.6382201363938139,0.7421723319784618,5000717686.0,3.04,3.09,3.03,3.08,20961756.0,64392632.0,3.04,1.3157894736842035,10.0,3.34,False,False,True,88.68976195084188
81,000166.SZ,申万宏源,0.2348484848484845,12.98076923076923,0.5770509429654103,0.2682916852156786,0.720037278826117,1.4957384597715089,22535507316.0,4.46,4.56,4.45,4.56,90433682.0,409734860.0,4.47,2.0134228187919323,10.0,4.92,False,False,True,88.66847300174183
82,000156.SZ,华数传媒,0.15616438356164394,14.845024469820567,1.0815982970478448,0.5397252543045474,0.8559070108103436,1.5077946108822307,1699875877.0,6.71,6.96,6.66,6.94,13833502.0,97119066.0,6.7,3.5820895522387985,10.0,7.37,False,False,True,88.64331333462358
83,601901.SH,方正证券,0.1645569620253167,22.063492063492074,0.524219880261444,0.5258060095845025,0.7753853159003222,1.5650323617536979,8232101395.000001,6.68,6.84,6.67,6.82,67742244.0,460259119.0,6.69,1.943198804185342,10.0,7.36,False,False,True,88.43235920263209
84,000652.SZ,泰达股份,0.13690476190476192,17.901234567901227,1.0515761299814945,0.7774625808639425,0.839711946729547,0.9045795837617355,1458222470.0,3.47,3.53,3.47,3.5,10255340.0,35977177.0,3.47,0.8645533141210304,10.0,3.82,False,False,True,88.38978130443198
85,600210.SH,紫江企业,0.16279069767441848,11.518324607329822,0.8459595420740944,0.8996509497072286,0.8163624406891488,0.821919218707131,1516736158.0,6.09,6.13,6.07,6.09,11215360.0,68395668.0,6.08,0.164473684210531,10.0,6.69,False,False,True,88.36849235533191
86,600035.SH,楚天高速,0.08860759493670865,13.213213213213205,0.721000246754594,0.769437979111041,1.2498805869216487,1.1889668553196038,1610115901.0,3.41,3.45,3.39,3.45,14729924.0,50582503.0,3.4,1.4705882352941346,10.0,3.74,False,False,True,88.2310818656861
87,001213.SZ,中铁特货,0.2346938775510204,15.70996978851964,0.8505155928746205,0.15542875126553754,0.6846361478500884,1.0156422073165179,4444444444.0,3.54,3.58,3.53,3.57,7016000.0,25090149.0,3.54,0.8474576271186418,10.0,3.89,False,False,True,88.18463324946778
88,601222.SH,林洋能源,0.14364640883977892,25.333333333333343,0.9285414904563909,0.7638812797417763,0.56780429214563,0.7115478570203372,2041220156.0,5.52,5.59,5.49,5.56,11094809.0,61705117.0,5.51,0.9074410163339319,10.0,6.06,False,False,True,88.1246371201858
89,000401.SZ,金隅冀东,0.1443298969072166,24.54545454545456,0.9300777845977537,0.314347846670827,0.8008213068481754,1.2063226941590115,2631354687.9999995,3.57,3.66,3.57,3.64,9978227.0,36267672.0,3.58,1.6759776536312776,10.0,3.94,False,False,True,88.10334817108574
90,600862.SH,中航高科,0.07659208261617904,26.102719033232624,1.1008724562919832,0.928294880993016,0.7250832354573657,0.5681305471199664,1393049107.0,17.43,17.63,17.38,17.53,7346839.0,128762588.0,17.44,0.5160550458715552,10.0,19.18,False,False,True,88.0781885039675
91,000550.SZ,江铃汽车,0.11242603550295859,17.623497997329785,1.1222070693473762,0.7237217105261584,0.9491929509550099,1.0646201114859561,518463160.0,15.8,16.12,15.72,15.95,3994700.0,63785551.0,15.74,1.3341804320203154,10.0,17.31,False,False,True,88.01432165666732
92,600917.SH,重庆燃气,0.19597989949748726,17.48878923766817,0.6621228825339515,0.28283306505914646,0.8435162592520028,1.2748189942752848,1561039760.0,4.86,4.87,4.82,4.85,5628500.0,27330036.0,4.85,0.0,10.0,5.34,False,False,True,87.98722663053996
93,000686.SZ,东北证券,0.14655172413793097,22.070844686648506,0.7672444432432213,0.737250189457449,0.7947602983850469,1.577419308858565,2340452915.0,7.85,8.08,7.84,8.02,27218360.0,217811734.0,7.85,2.165605095541401,10.0,8.64,False,False,True,87.95819624540353
94,603310.SH,巍华新材,0.1590909090909093,19.12919343326196,0.6428583092986873,0.8336307664553329,0.8035409514346045,1.5531867843303555,194010000.0,14.56,14.6,14.3,14.56,2512011.0,36336412.0,14.71,-1.0197144799456215,10.0,16.18,False,False,True,87.90400619314883
95,600328.SH,中盐化工,0.14432989690721654,21.913043478260864,1.0804891399260677,0.9246983290259994,0.5644194833026583,1.0030548295636463,1466309533.0,6.43,6.46,6.32,6.38,13600360.0,87009808.0,6.45,-1.0852713178294615,10.0,7.1,False,False,True,87.87884652603059
96,600131.SH,国网信通,0.12536162005785928,28.350515463917514,1.0122598577931052,0.6177890910644396,0.5884264938531846,0.746670534470738,1195905149.0,14.88,15.09,14.74,15.02,5516530.0,82609342.0,14.88,0.9408602150537515,10.0,16.37,False,False,True,87.87691116702149
97,603100.SH,川仪股份,0.12367149758454116,22.379778051787923,1.1158931884258145,0.7784126250070901,0.768821601226134,1.100916150161979,511539166.0,17.56,18.02,17.46,17.84,4383722.0,78212096.0,17.5,1.942857142857135,10.0,19.25,False,False,True,87.86142829494872
98,000877.SZ,天山股份,0.0507462686567164,25.141242937853093,1.2572372908948664,0.17555330236630998,0.9763240123554919,1.086639799055979,7110490194.0,3.67,3.77,3.65,3.75,13564199.0,50712977.0,3.71,1.0781671159029615,10.0,4.08,False,False,True,87.74724211341203
99,600585.SH,海螺水泥,0.14402451481103168,21.43298332303891,0.8470120728969495,0.6393757830040899,0.8686828206245539,1.0205725855029455,3977460044.0,17.57,17.94,17.53,17.88,25954096.0,462868965.0,17.6,1.5909090909090873,10.0,19.36,False,False,True,87.70853493323013
100,002352.SZ,顺丰控股,0.1619385342789595,17.69464105156724,0.7955016140037364,0.4131846815475641,0.9677810779197822,1.2651916106931365,4799115259.0,32.36,33.12,32.33,33.06,25087749.0,837186151.0,32.41,2.005553841406993,10.0,35.65,False,False,True,87.67176311205729
101,000825.SZ,太钢不锈,0.09311740890688258,20.42682926829269,1.227467129805682,0.555734216342012,0.9731696487255769,2.209792497760152,5696247796.0,3.52,3.65,3.5,3.63,69953187.0,252529675.0,3.51,3.418803418803429,10.0,3.86,False,False,True,87.65434488097542
102,688009.SH,中国通号,0.229299363057325,13.260869565217392,0.6875005844253129,0.34672408003323496,0.8078531820263474,0.9582558200634489,8621018000.0,4.95,5.04,4.94,5.03,28643364.0,143614686.0,4.96,1.4112903225806495,20.0,5.95,False,False,True,87.59434875169345
103,000581.SZ,威孚高科,0.19590958019375654,18.76196553924696,0.8249078951902128,0.7978763153934938,0.6328692439091916,5.656525003877125,793891049.0,19.03,19.22,18.3,18.3,35829949.0,671287798.0,17.49,4.631217838765012,10.0,19.24,False,False,True,87.59047803367524
104,300770.SZ,新媒股份,0.13309352517985612,15.989684074790445,1.041873264083161,0.862482686262745,0.9197568837193955,0.48974885556146547,227838591.0,33.5,33.92,33.5,33.85,962390.0,32533386.0,33.61,0.7140731925022292,20.0,40.33,False,False,True,87.47822721114767
105,300729.SZ,乐歌股份,0.1353846153846155,23.6228813559322,1.0778467031449974,0.6763635699727458,0.7786611748568637,0.9277103949007226,328084465.0,10.33,10.48,10.28,10.42,2058630.0,21453524.0,10.32,0.9689922480620172,20.0,12.38,False,False,True,87.45887362105671
106,600273.SH,嘉化能源,0.04339963833634724,19.27330173775672,1.070096572915999,1.2492240673972785,0.9337242502048857,0.9452651366277642,1311309122.0,6.57,6.69,6.55,6.61,15484567.0,102658784.0,6.57,0.60882800608828,10.0,7.23,False,False,True,87.41436036384749
107,600170.SH,上海建工,0.0887573964497041,20.657276995305175,0.908277971285839,1.228250096718184,0.8669785692704047,0.7839357276570442,8885939744.0,2.28,2.3,2.27,2.3,85559971.0,196113617.0,2.28,0.8771929824561431,10.0,2.51,False,False,True,87.34468743952002
108,600515.SH,海南机场,0.046153846153846136,20.833333333333325,1.3218340309569132,0.8818454495288863,0.9273988859763721,0.8028208840839502,9176012508.0,2.79,2.84,2.78,2.82,64962860.0,183280683.0,2.79,1.0752688172043001,10.0,3.07,False,False,True,87.26533772014707
109,600125.SH,铁龙物流,0.20289855072463805,15.537848605577697,0.9093267450560244,0.7640421580557849,0.7337996768327387,1.3448551402981783,1305521874.0,5.44,5.53,5.43,5.52,13414577.0,73800363.0,5.44,1.4705882352941124,10.0,5.98,False,False,True,87.22663053996517
110,601216.SH,君正集团,0.1906976744186047,21.42857142857144,0.9244065906047911,0.5833320325735845,0.6958293012371087,1.870217564500242,8438017389.999999,4.5,4.69,4.46,4.63,92055210.0,424951922.0,4.47,3.5794183445190253,10.0,4.92,False,False,True,87.19372943681053
111,603786.SH,科博达,0.009690483077813054,28.087855297157603,1.4980848557439468,0.49747161555075814,0.729300959927283,0.7480631173853387,403856700.0,39.38,40.17,39.26,39.83,1502913.0,59886582.0,39.37,1.1684023368046859,10.0,43.31,False,False,True,87.18985871879235
112,002010.SZ,传化智联,0.12152777777777793,21.839080459770123,1.2161968291341914,0.6651260676102777,0.8402410790656469,0.9410332149948882,2757765331.0,4.7,4.8,4.69,4.78,17261011.0,82281153.0,4.7,1.7021276595744705,10.0,5.17,False,False,True,87.162763692665
113,600167.SH,联美控股,0.11368015414258185,32.48532289628179,1.0576318613893612,0.3114959191888865,0.6234395626352094,0.6137340486073111,2262840463.0,5.69,5.76,5.67,5.73,4326000.0,24801123.0,5.7,0.5263157894736858,10.0,6.27,False,False,True,87.13760402554674
114,000027.SZ,深圳能源,0.1166666666666668,34.97453310696097,0.747006246565307,0.42731415038379605,0.5028042746153717,3.1933776891134187,4757389916.0,6.21,6.49,6.2,6.41,64918176.0,413066766.0,6.17,3.889789303079416,10.0,6.79,False,False,True,87.1105089994194
115,688297.SH,中无人机,0.019174041297935214,27.473684210526315,1.1845579750516604,0.9678651629629584,0.8039456477211044,0.6659357363652362,675000000.0,38.49,39.04,38.49,38.59,4350618.0,168748174.0,38.52,0.18172377985461452,20.0,46.22,False,False,True,87.03696535707373
116,002641.SZ,公元股份,0.15343915343915346,21.68021680216803,1.0705726959976651,0.726607460733745,0.7694169594049822,1.2318056368045323,1133957528.0,3.98,4.08,3.97,4.07,10149364.0,40929735.0,3.98,2.261306532663321,10.0,4.38,False,False,True,87.02922392103736
117,600469.SH,风神股份,0.09584664536741208,21.616161616161598,1.1226890031372037,0.9554308457467405,0.8955034771164204,1.138814165856218,846239192.0,5.28,5.3,5.24,5.27,8559154.0,45069585.0,5.25,0.3809523809523707,10.0,5.78,False,False,True,86.78730404490034
118,002191.SZ,劲嘉股份,0.16326530612244916,20.281690140845065,0.8563496334676601,0.8025631149778556,0.8291857513258293,1.0557772684463558,1402715536.0000002,3.7,3.81,3.69,3.76,11885600.0,44733595.0,3.7,1.621621621621605,10.0,4.07,False,False,True,86.77375653183665
119,002140.SZ,东华科技,0.09809663250366031,23.431952662721912,1.1531611007160492,0.8846146824794034,0.859525787479228,0.8502068076447835,706908875.0,9.03,9.2,9.03,9.17,5316700.0,48713563.0,9.12,0.5482456140351033,10.0,10.03,False,False,True,86.73698471066383
120,600551.SH,时代出版,0.14625850340136073,14.837712519319934,0.9756049723611072,0.6422340319090091,1.0499423456548274,0.8009963484293929,678055239.0,6.89,6.95,6.87,6.93,3488100.0,24164866.0,6.9,0.43478260869564966,10.0,7.59,False,False,True,86.68666537642733
121,600548.SH,深高速,0.18320610687022923,14.470284237726094,0.7437818675913577,0.18726294000642799,1.042303337545746,0.738237484093133,1714425983.0000002,8.23,8.29,8.22,8.27,2370100.0,19589842.0,8.22,0.6082725060827077,10.0,9.04,False,False,True,86.66731178633637
122,002304.SZ,洋河股份,0.06565656565656555,19.007818819088683,1.314758532439822,0.48352293039185207,1.1886164833808244,0.6184495339486321,1506409974.0,39.2,39.97,39.08,39.91,4504686.0,178950293.0,39.43,1.2173471975652994,10.0,43.37,False,False,True,86.57247919489065
123,603611.SH,诺力股份,0.15184186882300102,20.90322580645161,1.195758619305957,0.832028365161342,0.7373360478582952,1.0331208716193934,257600791.0,17.2,17.46,17.2,17.38,2214300.0,38474912.0,17.19,1.105293775450833,10.0,18.91,False,False,True,86.56667311786336
124,001289.SZ,龙源电力,0.1666666666666665,31.613324624428472,0.5916720440167411,0.098357039951221,0.4882656045875391,0.957890883848778,5041934164.0,15.71,15.89,15.64,15.87,4750274.0,75184773.0,15.7,1.0828025477706893,10.0,17.27,False,False,True,86.5492548867815
125,300569.SZ,天能重工,0.059734513274336196,24.545454545454536,1.410844576848575,1.2024228223298061,0.5585625890231255,0.6461307624790255,1019647941.0,4.66,4.74,4.65,4.72,7921873.0,37368894.0,4.67,1.070663811563155,20.0,5.6,False,False,True,86.53764273272692
126,000521.SZ,长虹美菱,0.04482758620689652,34.17721518987342,0.8887259783448581,0.7811161984576509,0.7621219110033668,0.771654259878104,875288864.0,4.86,4.89,4.85,4.88,5275818.0,25716744.0,4.87,0.2053388090349051,10.0,5.36,False,False,True,86.48732339849042
127,603218.SH,日月股份,0.10146862483311075,29.115341545352734,1.135036917297714,0.704022483408835,0.7408913388175123,0.71146861247953,1028936500.0,9.71,9.84,9.66,9.8,5153839.0,50471351.0,9.69,1.1351909184726727,10.0,10.66,False,False,True,86.4428101412812
128,000928.SZ,中钢国际,0.14227642276422786,24.15966386554622,1.0126552980024772,0.952679015074848,0.7169083909924431,1.1315175620148805,1434627071.0,5.13,5.21,5.12,5.18,15464893.0,80147434.0,5.11,1.3698630136986134,10.0,5.62,False,False,True,86.39829688407198
129,002101.SZ,广东鸿图,0.15060240963855437,20.74263764404609,1.239779335879264,0.717746940811032,0.7886395931270164,1.0253917529863932,662212199.0,8.82,8.93,8.74,8.9,4873695.0,43284870.0,8.81,1.0215664018161208,10.0,9.69,False,False,True,86.37313721695375
130,601163.SH,三角轮胎,0.21585903083700453,16.357504215851606,1.066823802711916,0.3888743312499999,0.8047486850381286,1.2544139219268668,800000000.0,12.83,12.97,12.8,12.82,3902475.0,50696833.0,12.84,-0.15576323987538387,10.0,14.12,False,False,True,86.36152506289916
131,600339.SH,中油工程,0.1626984126984128,21.666666666666657,1.0536438379825734,0.9747633791276524,0.6713952264898737,0.7163422391784393,5583147471.0,3.37,3.41,3.34,3.41,38985119.0,132037936.0,3.41,0.0,10.0,3.75,False,False,True,86.27636926649893
132,002500.SZ,山西证券,0.2634408602150535,14.937759336099576,0.7799271780796774,0.48530952379293046,0.7210211874819256,3.0152367104579127,3589771547.0,5.3,5.52,5.29,5.49,52529956.0,286687799.0,5.31,3.3898305084745894,10.0,5.84,False,False,True,86.26862783046255
133,000768.SZ,中航西飞,0.10055865921787721,18.229166666666675,1.331456821296653,0.8323853260027224,0.9429126883191696,1.1967320706359892,2776414009.0,20.35,21.02,20.31,20.72,27657032.0,573098510.0,20.46,1.2707722385141729,10.0,22.51,False,False,True,86.2434681633443
134,601688.SH,华泰证券,0.17683686176836844,20.604703247480405,0.7902473323602582,0.8687507958950307,0.7842011004434276,1.444511130170317,7306758106.0,18.53,19.18,18.52,19.14,91693983.0,1742778523.0,18.59,2.9585798816567976,10.0,20.45,False,False,True,86.2434681633443
135,601866.SH,中远海发,0.21698113207547168,18.89400921658988,0.8076221741858408,0.6041738988403653,0.7666508310779778,1.1397846263200992,9710427720.0,2.4,2.44,2.39,2.43,66868736.0,162116992.0,2.4,1.2500000000000178,10.0,2.64,False,False,True,86.22024385523515
136,605050.SH,福然德,0.10466004583651636,26.262626262626256,1.4168795871955386,0.5603730372451246,0.7297734984012896,0.487239324833887,492829181.0,10.29,10.43,10.24,10.26,1345600.0,13905640.0,10.28,-0.1945525291828787,10.0,11.31,False,False,True,86.15057093090768
137,605005.SH,合兴股份,0.23676880222841235,18.00418702023727,1.1906149490386209,0.32097578553615447,0.6262181904076362,0.8325609975628401,401000000.0,16.02,16.2,15.89,15.99,1071600.0,17170225.0,16.03,-0.24953212726138707,10.0,17.63,False,False,True,86.137023417844
138,002961.SZ,瑞达期货,0.06496272630457928,23.593618807724614,1.506323386246605,1.0577870099133306,0.6559002032219341,1.9297645009398672,476931183.0,12.49,13.2,12.49,12.86,9735500.0,188529987.0,12.52,2.715654952076685,10.0,13.77,False,False,True,86.13121734081672
139,600576.SH,祥源文旅,0.07764705882352944,27.499999999999993,1.142813806127102,1.1708605942224566,0.679562435372994,0.8235794580935057,660390083.0,5.44,5.54,5.43,5.52,6368120.0,35060758.0,5.53,-0.1808318264014619,10.0,6.08,False,False,True,86.07993032707569
140,002926.SZ,,0.22792022792022762,16.216216216216207,0.7934056709146758,0.5248674114285671,0.8296335731792045,2.6304431111638094,2625000000.0,8.2,8.46,8.17,8.44,36241639.0,306884671.0,8.2,2.9268292682926855,10.0,9.02,False,False,True,86.02283723630734
141,601319.SH,中国人保,0.20441988950276224,18.23899371069182,0.8690375037318727,0.174903888094528,0.910638380804122,1.5900683918932863,35497756583.0,7.09,7.27,7.07,7.24,98722507.0,711850501.0,7.1,1.9718309859154903,10.0,7.81,False,False,True,86.02090187729824
142,603508.SH,思维列控,0.08450704225352108,15.501222493887546,0.9204354556672871,1.0883798519720569,1.2045624719792893,0.8175629474179362,381274377.0,21.6,21.95,21.55,21.7,3392652.0,73972871.0,21.65,0.23094688221709792,10.0,23.82,False,False,True,85.97445326107992
143,000858.SZ,五 粮 液,0.0603248259860788,19.09304373348988,1.0630670741027934,0.8712978468248129,1.2769428909207567,0.5822271824575179,3881513391.0,70.98,72.05,70.93,71.9,19690657.0,1412878689.0,71.52,0.5313199105145605,10.0,78.67,False,False,True,85.93961679891618
144,688032.SH,禾迈股份,0.026573824072758347,34.71588552467855,1.2568907352326977,0.7563299251262573,0.6538473758635959,0.7679581110657564,124073545.0,73.84,75.75,73.84,74.68,720656.0,54024289.0,74.2,0.6469002695417947,20.0,89.04,False,False,True,85.89897425972516
145,603759.SH,海天股份,0.10280373831775695,24.961948249619482,1.353990667621796,0.730936677061673,0.8019166130301081,4.571656352331785,461760000.0,7.58,8.28,7.56,8.0,15430132.0,122805599.0,7.56,5.820105820105836,10.0,8.32,False,False,True,85.86026707954326
146,603568.SH,伟明环保,0.05555555555555568,22.778561354019743,1.3431076322072588,0.43183490280391446,1.1248213020846876,1.0970150749482184,2048457418.0,14.65,15.09,14.62,15.03,9704145.0,145131890.0,14.71,2.1753908905506325,10.0,16.18,False,False,True,85.85833172053417
147,601059.SH,信达证券,0.26591230551626577,18.732782369145994,0.599280065857622,0.18840289855072048,0.7387201977430844,2.123960663224606,3243000000.0,16.43,16.8,16.37,16.75,12977200.0,215992932.0,16.4,2.1341463414634276,10.0,18.04,False,False,True,85.8370427714341
148,600761.SH,安徽合力,0.04930467762326177,17.721518987341778,1.3328302299766719,1.3083278612163278,0.9186293401367447,1.21964657797681,890692761.0,16.11,16.38,16.01,16.23,14212763.0,231277431.0,16.19,0.24706609017912662,10.0,17.81,False,False,True,85.83510741242502
149,600835.SH,上海机电,0.034610630407911146,33.81336405529956,1.3018219626065037,0.6710656781371109,0.7096192677742814,0.5000931649725091,806504299.9999999,17.93,18.23,17.88,17.96,2706591.0,48877263.0,17.92,0.22321428571427937,10.0,19.71,False,False,True,85.80607702728855
150,600742.SH,富维股份,0.17431192660550457,18.624641833810873,1.1196883496101193,0.742704531980735,0.8353511726568149,0.4979929646968882,743057880.0,7.73,7.79,7.72,7.76,2748286.0,21327933.0,7.74,0.2583979328165231,10.0,8.51,False,False,True,85.7847880781885
151,000750.SZ,国海证券,0.22448979591836737,17.10914454277286,0.6903955222134328,0.6440099442345709,0.8237355409433679,2.336971795801183,5796203977.0,3.71,3.85,3.71,3.83,87234787.0,331575259.0,3.72,2.9569892473118253,10.0,4.09,False,False,True,85.75962841107025
152,601012.SH,隆基绿能,0.06249999999999998,24.627519719544267,1.2866274275738963,1.3161624012620374,0.7307176365545266,0.5683687160616581,7578061602.0,12.18,12.4,12.17,12.28,56688867.0,697982519.0,12.17,0.9038619556285932,10.0,13.39,False,False,True,85.75962841107025
153,600023.SH,浙能电力,0.15469613259668477,33.760683760683776,0.6016837087909888,0.294539007818952,0.5903263524418095,1.0357075363981587,13408732749.0,4.89,4.97,4.87,4.95,40904180.0,202295234.0,4.89,1.22699386503069,10.0,5.38,False,False,True,85.7364041029611
154,002959.SZ,小熊电器,0.12126177795985253,25.704809286898843,1.0724230788061795,0.66322468305058,0.8880691949052091,0.41535849234466576,139794390.0,33.19,33.37,33.01,33.07,385100.0,12762526.0,33.11,-0.12080942313500431,10.0,36.42,False,False,True,85.71898587187924
155,000927.SZ,中国铁物,0.20535714285714282,19.55555555555555,1.1357221491344887,0.66336885958377,0.70533624013458,1.4692344001132955,6050350581.0,2.49,2.54,2.48,2.53,58969400.0,148552362.0,2.48,2.0161290322580516,10.0,2.73,False,False,True,85.67253725566093
156,600332.SH,白云山,0.12101063829787237,17.99053129931614,0.994716498025993,0.7643413813598655,1.1406418736585262,0.7384751575133082,1405890949.0,19.92,20.27,19.89,20.17,7935511.0,162287354.0,19.92,1.2550200803212785,10.0,21.91,False,False,True,85.66286046061545
157,002705.SZ,新宝股份,0.08130081300812998,19.565217391304344,1.355304073614197,1.0278322551297232,0.9217899551892492,0.5244646745535615,808103400.0,11.26,11.37,11.2,11.29,4356176.0,49139757.0,11.28,0.08865248226950229,10.0,12.41,False,False,True,85.54867427907877
158,300185.SZ,通裕重工,0.09289617486338794,22.83464566929134,1.0961383298709069,1.7039150726845969,0.596612722329082,0.7401507607583966,3846459090.0,2.71,2.73,2.7,2.72,48509770.0,131913928.0,2.71,0.3690036900369176,20.0,3.25,False,False,True,85.54867427907877
159,003039.SZ,顺控发展,0.16337285902503293,20.315398886827474,1.2179955109888152,0.5364966419722955,0.8765333201045077,0.9439387002693733,617518730.0,11.93,12.12,11.92,11.95,3127238.0,37615321.0,12.02,-0.5823627287853572,10.0,13.22,False,False,True,85.49448422682407
160,603569.SH,长久物流,0.19736842105263164,17.647058823529417,1.1532357531132187,0.5653247155434705,0.8277865480450445,2.110376161457158,603507251.0,5.98,6.22,5.96,6.2,7200130.0,44096670.0,6.0,3.3333333333333437,10.0,6.6,False,False,True,85.45674472614671
161,601399.SH,国机重装,0.04632152588555856,32.21476510067114,1.207473536550515,0.8780828161019438,0.7409608648082392,0.7688967031646567,7213555890.0,3.17,3.22,3.16,3.18,48702682.0,155198341.0,3.15,0.9523809523809712,10.0,3.47,False,False,True,85.44610025159668
162,600810.SH,神马股份,0.11128048780487798,29.233511586452753,1.2501134659096125,0.8794075269416178,0.5851729800015799,1.045814653786596,1080753008.0,6.36,6.49,6.34,6.45,9939656.0,64043189.0,6.34,1.7350157728706739,10.0,6.97,False,False,True,85.36868589123283
163,688538.SH,和辉光电-U,0.1555555555555557,22.32142857142856,0.7137334210818598,1.0853787837423812,0.8085201574557638,0.880091447440552,5752235725.0,2.31,2.33,2.3,2.31,54947230.0,127141608.0,2.31,0.0,20.0,2.77,False,False,True,85.3357847880782
164,603279.SH,景津装备,0.09299895506792046,28.64450127877238,1.0852432492781985,1.0269252289749806,0.7514161129462665,5.189734495048695,576373000.0,11.81,11.91,11.43,11.48,30717622.0,355755955.0,12.62,-9.033280507131526,10.0,13.88,False,False,True,85.28353009483259
165,600817.SH,宇通重工,0.27956989247311814,14.469078179696627,0.9481197482277753,0.441621843219088,0.7255678273644082,1.844001093676394,529491846.0,9.62,9.89,9.6,9.82,4311923.0,42729646.0,9.61,2.1852237252861784,10.0,10.57,False,False,True,85.2777240178053
166,300218.SZ,安利股份,0.11096075778078487,25.56255625562556,1.3575376818628055,1.0257208190737597,0.6276406184308135,0.626399662458213,216276394.0,12.8,12.94,12.69,12.76,1389600.0,17773834.0,12.75,0.07843137254901489,20.0,15.3,False,False,True,85.25062899167797
167,600027.SH,华电国际,0.16666666666666646,29.493087557603694,0.8605793851916281,0.6891955891719075,0.5999806419132132,1.1364439126351835,9215677327.0,4.6,4.67,4.59,4.65,72180146.0,335337604.0,4.6,1.0869565217391353,10.0,5.06,False,False,True,85.17321463131411
168,601880.SH,辽港股份,0.22807017543859637,19.548872180451138,1.1520824053159795,0.4195001007832385,0.7312697078181883,1.0269366523636922,18413051214.0,1.46,1.48,1.45,1.47,79323430.0,116615824.0,1.46,0.6849315068493178,10.0,1.61,False,False,True,85.13837816915037
169,600871.SH,石化油服,0.10245901639344263,22.72727272727273,1.2831524294510188,0.9548488884373892,0.8846845684138722,0.7388429406808109,13547012351.0,2.21,2.24,2.18,2.23,95571918.0,211860914.0,2.23,0.0,10.0,2.45,False,False,True,85.13257209212308
170,000726.SZ,鲁  泰Ａ,0.24596774193548396,13.670411985018728,0.8343391997816297,0.7953222261035423,0.7693470987249763,1.1997119024093734,589288850.0,5.93,6.0,5.93,5.99,5622744.0,33611322.0,5.95,0.6722689075630228,10.0,6.55,False,False,True,85.08805883491388
171,002609.SZ,捷顺科技,0.1563706563706563,15.32951289398281,1.200303482154816,1.2283389389217931,0.7843600484556045,1.0943256312626597,459573516.0,7.76,7.88,7.66,7.8,6177600.0,48155185.0,7.79,0.12836970474967568,10.0,8.57,False,False,True,85.08612347590478
172,000898.SZ,鞍钢股份,0.19801980198019797,17.032967032967015,1.1835709174019204,0.43699675281557854,0.8897905007571741,1.4152312352351832,7957508008.0,2.02,2.08,2.01,2.07,49213324.0,101635502.0,2.02,2.4752475247524774,10.0,2.22,False,False,True,85.04161021869555
173,600308.SH,华泰股份,0.19298245614035092,23.28767123287672,1.1340857822899686,0.548467389077332,0.7270023165746503,1.4171820172832308,1516870176.0,3.24,3.34,3.23,3.3,11790300.0,38988960.0,3.25,1.538461538461533,10.0,3.58,False,False,True,85.03580414166828
174,688533.SH,上声电子,0.10191518467852273,28.810975609756117,1.4061640431144855,0.512171408494704,0.7560663499900238,0.7730071165449018,164987108.99999997,21.33,21.37,21.0,21.1,653204.0,13833223.0,21.17,-0.3306565895134672,20.0,25.4,False,False,True,84.98935552544997
175,002059.SZ,云南旅游,0.12776412776412788,21.144278606965194,1.0772944333939165,0.8996221739177687,0.9681118591240235,1.3691445111166811,990393246.0,4.54,4.63,4.53,4.59,12198800.0,56031372.0,4.54,1.1013215859030812,10.0,4.99,False,False,True,84.98548480743177
176,600704.SH,物产中大,0.2587412587412587,12.168141592920367,0.688115939266622,0.6840754364087631,0.8140690216015732,1.2850356398345517,5171179890.0,4.88,4.98,4.87,4.98,45457842.0,224896054.0,4.89,1.8404907975460238,10.0,5.38,False,False,True,84.95838978130443
177,601808.SH,中海油服,0.1756007393715342,23.076923076923084,1.0244831749513432,0.610727879848722,0.8511184779441427,0.8555707311940542,2960468000.0,12.26,12.37,12.13,12.34,15469064.0,189627648.0,12.43,-0.7240547063555924,10.0,13.67,False,False,True,84.93129475517708
178,600320.SH,振华重工,0.14705882352941174,23.255813953488346,0.9083139986450857,1.041960710372108,0.8339433657420569,0.9176052535306056,3310205899.0,4.13,4.16,4.11,4.13,31649164.0,130993559.0,4.12,0.24271844660193054,10.0,4.53,False,False,True,84.89065221598607
179,600218.SH,全柴动力,0.14440433212996387,23.741007194244588,1.0929303892733049,1.0892660772051188,0.7403243680372381,0.886467845932451,435599919.0,7.76,7.84,7.72,7.77,4206150.0,32700119.0,7.75,0.2580645161290196,10.0,8.53,False,False,True,84.86742790787692
180,001380.SZ,华纬科技,0.14880201765447665,18.977119784656793,1.4232913901439062,0.6389718937458435,0.8588603698351809,1.678017212626179,232732365.0,17.22,17.9,17.22,17.35,2495370.0,43596824.0,17.22,0.7549361207897842,10.0,18.94,False,False,True,84.82678536868589
181,300627.SZ,华测导航,0.04248210023866351,20.106221547799706,1.3100206816108202,1.4135857613939757,0.9183880588780924,0.444552439337824,657131856.0,27.22,27.53,27.18,27.29,4129502.0,112981143.0,27.25,0.14678899082567476,20.0,32.7,False,False,True,84.8229146506677
182,300140.SZ,节能环境,0.17948717948717946,28.99159663865547,1.0047705420480368,0.3768781413730555,0.6776249164977258,0.937460446533048,3095265928.0,5.39,5.49,5.36,5.46,10935833.0,60320783.0,5.39,1.2987012987013102,20.0,6.47,False,False,True,84.78807818850396
183,300080.SZ,易成新能,0.13294797687861268,25.30120481927711,1.4091801651018758,0.7952563859187325,0.6681026685125698,0.9767214761288487,1873127461.0,3.79,3.86,3.77,3.82,14549405.0,55748349.0,3.78,1.0582010582010692,20.0,4.54,False,False,True,84.78420747048577
184,601888.SH,中国中免,0.0560423884246994,19.79542719614922,1.0132911455172082,1.5311418825126095,0.9997005363072641,0.6120140982770368,1952475544.0,52.35,53.17,52.31,53.08,18296266.0,969483064.0,52.61,0.8933662801748676,10.0,57.87,False,False,True,84.73775885426747
185,600369.SH,西南证券,0.2767857142857144,14.247311827956977,0.743478130893967,0.4727673731727826,0.8174209593166658,1.6911196472076486,6645109124.0,4.03,4.16,4.02,4.13,53128059.0,218573403.0,4.03,2.481389578163773,10.0,4.43,False,False,True,84.73001741823109
186,000801.SZ,四川九洲,0.09974747474747486,28.301886792452823,1.260699044162444,1.0384774524468834,0.6838159831590431,0.6381330561306717,1015939973.0,11.35,11.54,11.29,11.45,6732500.0,77098799.0,11.39,0.5267778753292207,10.0,12.53,False,False,True,84.70679311012192
187,600406.SH,国电南瑞,0.24150596877869596,19.190968955785493,0.9695688994380542,0.6498584071732316,0.7266684452483753,0.5780818016018874,8008176162.0,23.1,23.45,23.03,23.42,30084421.0,702222171.0,23.15,1.1663066954643808,10.0,25.47,False,False,True,84.68550416102188
188,300144.SZ,宋城演艺,0.0802005012531329,17.53130590339893,1.147092549827744,1.199773199467395,1.1032662369210227,1.1212106757354692,2581597994.0,5.88,6.01,5.87,5.95,34727618.0,207125360.0,5.91,0.6768189509306355,20.0,7.09,False,False,True,84.68356880201277
189,601006.SH,大秦铁路,0.1864406779661017,16.400911161731212,0.9268426832739622,0.6089536405994634,1.0244855118003988,1.2934242074146869,19862892778.0,4.72,4.82,4.72,4.79,156447171.0,748210070.0,4.72,1.4830508474576343,10.0,5.19,False,False,True,84.6642152119218
190,002884.SZ,凌霄泵业,0.25222551928783377,13.440860215053752,0.8683819206013578,0.7841483406739516,0.7810704848043918,1.3039305504187773,272657626.0,15.72,16.0,15.71,15.84,2787856.0,44295646.0,15.73,0.6993006993006867,10.0,17.3,False,False,True,84.65066769885813
191,002232.SZ,启明信息,0.0852459016393443,23.543123543123556,1.1770858851611978,1.0268536812848745,0.9673047391811009,0.8932123855939612,408548455.00000006,14.14,14.44,14.0,14.12,3747200.0,53251548.0,14.17,-0.3528581510232942,10.0,15.59,False,False,True,84.62550803173988
192,603357.SH,设计总院,0.1442622950819671,24.42477876106195,1.0351891098717743,0.6252388965959024,0.9485653114371814,0.8740978934937567,560543253.0,6.07,6.11,6.05,6.08,3063481.0,18620270.0,6.09,-0.16420361247947435,10.0,6.7,False,False,True,84.62163731372169
193,300993.SZ,玉马科技,0.07449209932279899,23.54910714285714,1.2276217971706402,1.073592410409616,0.9598117161213071,0.9240679464843283,242507317.0,9.9,10.01,9.72,9.82,2405848.0,23667251.0,9.95,-1.306532663316573,20.0,11.94,False,False,True,84.61389587768531
194,002675.SZ,东诚药业,0.16820702402957488,13.858921161825721,1.0067896769857954,1.1818683777041292,0.8946430699816929,0.5225235455673756,743383994.0,12.98,13.09,12.85,12.92,4590798.0,59580621.0,12.96,-0.30864197530865445,10.0,14.26,False,False,True,84.55970582543061
195,000869.SZ,张  裕Ａ,0.10198300283286127,19.82984293193717,1.2476132506483346,0.352557300817218,1.4316181363371634,1.1304089544187583,454935920.0,16.0,16.17,15.95,16.1,1813074.0,29171514.0,16.0,0.6250000000000089,10.0,17.6,False,False,True,84.52293400425779
196,601555.SH,东吴证券,0.2500000000000002,15.86402266288951,0.8979200353114125,0.6673548376264009,0.8100037267294072,1.7448137024235175,4968702837.0,7.85,8.07,7.83,8.04,57856066.0,462467535.0,7.86,2.2900763358778553,10.0,8.65,False,False,True,84.46680859299401
197,600004.SH,白云机场,0.19551282051282065,17.1965317919075,0.9534571855491258,0.42332238365523495,1.0385797158028014,1.0966077862293204,2366718283.0,7.54,7.66,7.52,7.65,10986747.0,83663693.0,7.53,1.5936254980079667,10.0,8.28,False,False,True,84.42616605380299
198,600269.SH,赣粤高速,0.0718562874251495,15.67567567567567,1.2464201010764993,0.994616197979778,1.351743252460263,0.8352713093235741,2335407014.0,3.82,3.88,3.81,3.87,19401963.0,74847751.0,3.82,1.308900523560208,10.0,4.2,False,False,True,84.3622992065028
199,600010.SH,包钢股份,0.15328467153284667,23.529411764705888,1.0782111495163078,1.2879053759688837,0.6392174928859053,0.7899229047312727,31318211887.0,2.24,2.27,2.24,2.26,318614562.0,719706828.0,2.25,0.4444444444444251,10.0,2.48,False,False,True,84.35068705244824
200,600760.SH,中航沈飞,0.1804167856123323,19.81578947368421,1.0995765379216653,0.5470651321695406,0.9483617635165174,0.7793134246079892,2829552651.0,44.21,45.24,44.09,44.87,12063379.0,539764819.0,44.32,1.2409747292418727,10.0,48.75,False,False,True,84.31778594929358
201,601336.SH,新华保险,0.2068387529332887,21.188193269411528,0.9370059312640816,0.811087080096989,0.7857988222445348,1.5332915427338754,2085439340.0,59.29,61.0,59.1,60.98,25935211.0,1564561114.0,59.36,2.7291105121293846,10.0,65.3,False,False,True,84.21327656280242
202,603194.SH,中力股份,0.21147431621080728,19.060773480662995,1.1154107204019905,0.7537448067469326,0.7867631317953472,1.3073262623112634,158026913.0,34.2,34.51,33.61,33.91,1557182.0,53065041.0,34.21,-0.8769365682549046,10.0,37.63,False,False,True,84.2113412037933
203,002116.SZ,中国海诚,0.22622950819672144,15.443425076452598,1.0751837108129083,0.5744430994306815,0.8865445440610714,1.0569809376025243,552152964.0,7.23,7.37,7.21,7.33,3352537.0,24548507.0,7.23,1.3831258644536604,10.0,7.95,False,False,True,84.15908651054771
204,603153.SH,上海建科,0.15000000000000016,21.42259414225942,1.0596213791244673,0.43053457882919904,1.1231024693982106,0.757357319958301,403780169.0,13.19,13.4,13.19,13.34,1316600.0,17569687.0,13.21,0.9841029523088407,10.0,14.53,False,False,True,84.15134507451131
205,600685.SH,中船防务,0.13361169102296439,18.64053377814845,1.294798673278154,1.290449331266219,0.8161241143732733,0.8538329372655139,821435181.0,25.9,26.18,25.73,25.86,9050804.0,235183518.0,25.9,-0.1544401544401497,10.0,28.49,False,False,True,84.1203793303658
206,600054.SH,黄山旅游,0.20574162679425825,9.446564885496178,0.8482146060958866,1.196131599454506,0.8285308697319631,1.1235651782521534,513300000.0,11.26,11.44,11.26,11.37,6898402.0,78442327.0,11.34,0.2645502645502562,10.0,12.47,False,False,True,84.10876717631122
207,300360.SZ,炬华科技,0.062231759656652376,31.121076233183853,1.0737218692034376,1.005650964980755,0.8607629993940363,1.1882867919350213,500308887.00000006,11.5,11.77,11.24,11.69,5978700.0,69281355.0,11.73,-0.34100596760444635,20.0,14.08,False,False,True,84.07973679117477
208,603210.SH,泰鸿万立,0.06796116504854363,25.966850828729292,0.9877113137451818,1.1611011163520277,0.9879457189931413,1.047519229242014,232677500.0,13.4,13.66,13.38,13.61,2830000.0,38390293.0,13.37,1.7950635751682986,10.0,14.71,False,False,True,84.07973679117475
209,600820.SH,隧道股份,0.20588235294117643,14.19999999999999,1.0553988963570564,0.6038439660362325,0.9837510967200541,0.8409636849739633,3144096094.0,5.41,5.47,5.39,5.44,15966061.0,87656864.0,5.42,0.3690036900369176,10.0,5.96,False,False,True,84.07780143216567
210,301327.SZ,华宝新能,0.06504854368932037,37.50299544692071,1.1794994598969375,0.83924637050788,0.5815633054649489,1.0498441497929611,142773075.0,44.41,45.18,44.15,44.62,1257942.0,56369713.0,44.41,0.4728664715154318,20.0,53.29,False,False,True,84.07586607315658
211,600830.SH,香溢融通,0.22699386503067492,18.68421052631579,1.029829058449684,0.8838285726424305,0.725652277746037,1.87504203312506,454322747.0,8.33,8.53,8.3,8.49,7529108.0,63653313.0,8.34,1.7985611510791477,10.0,9.17,False,False,True,84.05264176504741
212,002985.SZ,北摩高科,0.08480413258717184,32.78201865988126,1.1685623052805691,1.091265170848596,0.6249727983252522,1.5644815005196857,331021941.0,26.09,26.45,25.9,26.17,5651419.0,148289833.0,25.55,2.426614481408995,10.0,28.11,False,False,True,84.04296497000195
213,002320.SZ,海峡股份,0.042701092353525295,26.436781609195403,1.4790770946437548,0.7144041147143931,0.935907904880933,1.087262851643871,2236834324.0,6.52,6.6,6.45,6.48,17374500.0,113448038.0,6.52,-0.6134969325153228,10.0,7.17,False,False,True,84.02941745693828
214,601811.SH,新华文轩,0.2532347504621071,19.6078431372549,0.9655664019622968,0.27043386198754105,0.8259921580788141,1.0551573623596788,791903900.0,12.05,12.09,11.9,11.92,2259700.0,27043521.0,12.08,-1.3245033112582738,10.0,13.29,False,False,True,84.00812850783821
215,601065.SH,江盐集团,0.1794871794871796,20.813771517996884,0.937735752532527,0.6368321307737966,0.9841938889115298,1.401901243771505,642776079.0,6.87,6.96,6.86,6.92,5738549.0,39708334.0,6.88,0.5813953488372103,10.0,7.57,False,False,True,83.97329204567447
216,603173.SH,福斯达,0.08723489395758302,36.05653223026542,1.3461329224474876,0.5283401875,0.6112227574368889,0.8228114863967261,160000000.0,31.19,31.78,31.1,31.33,695559.0,21875295.0,31.19,0.4488618146841761,10.0,34.31,False,False,True,83.96748596864718
217,600050.SH,中国联通,0.2185792349726776,15.521628498727736,0.9796394494811755,0.505397663295744,0.9764129883319825,0.4980096137863508,30990409152.0,4.32,4.34,4.3,4.31,78000658.0,336960398.0,4.33,-0.46189376443419583,10.0,4.76,False,False,True,83.96748596864717
218,603013.SH,亚普股份,0.07361111111111103,30.597504924491137,1.4193101945863325,0.5205522745283324,0.8504535883629349,0.7147856106210111,508219564.0,16.08,16.42,16.07,16.12,1891000.0,30754861.0,16.29,-1.0435850214855602,10.0,17.92,False,False,True,83.96361525062899
219,601200.SH,上海环境,0.23076923076923067,20.781249999999996,0.83342603985556,0.5712378357481985,0.8403643808424268,0.7020775095208965,1346230251.0,7.0,7.09,7.0,7.05,5399100.0,38157618.0,7.0,0.7142857142857117,10.0,7.7,False,False,True,83.96361525062898
220,002145.SZ,钛能化学,0.12682926829268285,22.73838630806846,1.1982026075245893,1.1503921485339998,0.8494671685997733,0.8155766805655462,3806474258.000001,4.35,4.44,4.32,4.41,35713598.0,157009363.0,4.35,1.379310344827589,10.0,4.79,False,False,True,83.9578091736017
221,600006.SH,东风股份,0.10903426791277272,24.900398406374503,1.3152430864575044,0.7020286349999999,0.9587217605565111,0.8304372085905015,2000000000.0,5.37,5.48,5.37,5.41,11659814.0,63459603.0,5.37,0.7448789571694592,10.0,5.91,False,False,True,83.91813431391523
222,600927.SH,永安期货,0.20934959349593482,16.32996632996633,1.2837618308074554,0.387362149721343,0.9018309573850968,1.7136451437628897,1450444656.0,12.85,13.27,12.72,13.08,9628070.0,125627203.0,12.91,1.3168086754453912,10.0,14.2,False,False,True,83.9113605573834
223,000728.SZ,国元证券,0.23353293413173634,22.070015220700135,0.8314754638048842,0.522028721878406,0.8089379629396674,4.117639540676115,4363777891.0,7.39,7.73,7.36,7.69,93800545.0,716090332.0,7.35,4.625850340136073,10.0,8.09,False,False,True,83.89781304431972
224,603868.SH,飞科电器,0.12094207511139417,35.34883720930233,1.2377165779945216,0.21414662534434753,0.6885723249084681,0.5625174001447435,435600000.0,29.86,30.07,29.61,29.85,524729.0,15961142.0,29.85,0.0,10.0,32.84,False,False,True,83.89394232630153
225,600000.SH,浦发银行,0.17636363636363647,19.85203452527746,1.2093914711778253,0.22874371743406346,1.016100094318507,1.2478875003507661,33305838300.0,9.05,9.25,9.02,9.21,95070325.0,872154901.0,9.08,1.4317180616740144,10.0,9.99,False,False,True,83.85717050512869
226,600380.SH,健康元,0.03326403326403329,17.84140969162995,1.3264512049960258,1.053456018474356,1.3512903543359536,1.0424017517033661,1829453386.0,9.23,9.4,9.23,9.29,20089674.0,187153682.0,9.24,0.5411255411255311,10.0,10.16,False,False,True,83.83781691503775
227,603325.SH,博隆技术,0.11600237953599037,22.9487713452728,1.4236432756146822,1.1857605490416303,0.7275181192586451,1.8662776511733992,34183200.0,54.13,55.96,53.85,54.82,756460.0,41789207.0,53.87,1.763504733617971,10.0,59.26,False,False,True,83.78749758080124
228,603628.SH,清源股份,0.1196777905638666,26.78160919540231,1.2434483531016849,1.1997183871637678,0.6749176225863965,0.7343849186370109,272173673.0,9.74,9.84,9.69,9.8,2398000.0,23455652.0,9.74,0.6160164271047375,10.0,10.71,False,False,True,83.72750145151926
229,600987.SH,航民股份,0.2549019607843139,14.74036850921272,0.8753018293663878,0.6390440824069631,0.8792485467796248,0.9892660708560793,1020818873.0,6.58,6.67,6.57,6.63,6453460.0,42704060.0,6.62,0.15105740181269312,10.0,7.28,False,False,True,83.71782465647378
230,601568.SH,北元化工,0.2972972972972972,16.766467065868262,0.8411977554612875,0.3978486388429155,0.8020267407172434,1.2428250988683183,3972222224.000001,3.77,3.85,3.76,3.83,19640902.0,75102500.0,3.78,1.3227513227513255,10.0,4.16,False,False,True,83.54751306367332
231,603529.SH,爱玛科技,0.1692583732057415,21.80616740088106,1.3058656175495476,0.7166379946980921,0.8481998186453396,1.5328254184649075,850765921.0,20.92,21.77,20.87,21.56,9324078.0,204319629.0,20.99,2.7155788470700326,10.0,23.09,False,False,True,83.54557770466423
232,000631.SZ,顺发恒能,0.13888888888888895,33.823529411764696,1.2212600661372888,0.5206472133673815,0.6408679768130428,0.7349717352432327,2300000085.0,2.97,3.02,2.94,2.99,8801203.0,26362086.0,2.97,0.6734006734006703,10.0,3.27,False,False,True,83.53396555060965
233,000617.SZ,中油资本,0.13513513513513517,21.23076923076923,1.4416602049913538,0.7422409839681345,0.9011448461723607,1.9292622254316203,12642079079.0,7.3,7.43,7.3,7.35,181031727.0,1333033797.0,7.45,-1.34228187919464,10.0,8.2,False,False,True,83.48945229340043
234,603053.SH,成都燃气,0.25073746312684353,18.710493046776232,0.7868377133703186,0.289797174003527,0.9298385041601243,0.8472898119747213,888890000.0,8.76,8.86,8.73,8.8,2182600.0,19232279.0,8.76,0.4566210045662267,10.0,9.64,False,False,True,83.44493903619122
235,600628.SH,新世界,0.17307692307692296,17.2972972972973,1.1132048308935716,1.1313646849174233,0.8849134006011615,0.8858221758002658,646875384.0,6.26,6.34,6.25,6.28,6482907.0,40800209.0,6.27,0.15948963317384823,10.0,6.9,False,False,True,83.41397329204568
236,000789.SZ,万年青,0.18468468468468452,20.375335120643445,1.2043673409710882,0.5180236370105015,0.9467147767551635,0.7946029766643236,797420215.0,4.15,4.19,4.13,4.18,3282366.0,13675041.0,4.14,0.9661835748792313,10.0,4.55,False,False,True,83.41397329204567
237,603656.SH,泰禾智能,0.13193116634799243,29.618033813400114,1.2120869328122765,0.9307245991997186,0.6961374721478362,0.7751726512229026,182945358.0,17.36,17.58,17.2,17.48,1319900.0,22967710.0,17.35,0.7492795389048901,10.0,19.09,False,False,True,83.3462357267273
238,601658.SH,邮储银行,0.24666666666666673,11.777301927194861,0.6905465904669356,0.20725129604941248,1.092850460076894,0.8260257900374808,72527800605.0,5.04,5.08,5.03,5.08,124163907.0,628838744.0,5.04,0.7936507936507908,10.0,5.54,False,False,True,83.31526998258178
239,002091.SZ,江苏国泰,0.2109826589595377,23.796033994334298,1.1446333883281261,0.7503785835767929,0.6969488994565339,0.8237342745809553,1602372071.0,7.78,7.9,7.75,7.85,9904463.0,77764086.0,7.79,0.7702182284980763,10.0,8.57,False,False,True,83.24946777627251
240,000528.SZ,柳    工,0.15250965250965234,21.41882673942701,0.9162064886488078,1.3350887750340554,0.8605363897000234,0.9164477962201888,2037744739.0,8.12,8.21,8.08,8.21,24900211.0,203401370.0,8.12,1.1083743842364768,10.0,8.93,False,False,True,83.22043739113606
241,000830.SZ,鲁西化工,0.05434782608695659,19.84126984126984,1.363830054642377,1.668639768045067,0.8833606302127595,1.2134537257416667,1904178218.0,11.82,12.23,11.76,12.2,38556127.0,465516158.0,11.89,2.607232968881412,10.0,13.08,False,False,True,83.20108380104509
242,600874.SH,创业环保,0.35761589403973515,13.492063492063489,0.6273662352978798,0.5434804016229924,0.7068422546377042,1.5619025350096132,1230418085.0,5.57,5.67,5.57,5.62,10444569.0,58824592.0,5.58,0.7168458781362075,10.0,6.14,False,False,True,83.18560092897233
243,002236.SZ,大华股份,0.07182320441988928,13.049095607235127,0.9317952284635245,1.7924320697782405,1.160446168333034,0.5410988726748576,2391139515.0,15.86,15.98,15.84,15.92,23191255.0,376410872.0,15.87,0.3150598613736566,10.0,17.46,False,False,True,83.17785949293595
244,000516.SZ,国际医学,0.1518987341772151,16.753926701570677,1.2995047112523994,1.107470890189263,0.9127057236945835,0.5659471020747586,2204748361.0,4.17,4.22,4.15,4.17,13818700.0,57840995.0,4.18,-0.23923444976076125,10.0,4.6,False,False,True,83.17011805689955
245,600038.SH,中直股份,0.18170266836086402,17.70747740345111,1.2098189011856846,0.922210126830796,0.8944816150984257,1.4530080932962048,668935221.0,27.17,27.94,27.09,27.82,8963590.0,248371541.0,27.2,2.2794117647058965,10.0,29.92,False,False,True,83.1468937487904
246,001322.SZ,箭牌家居,0.16301703163017026,21.7857142857143,1.362575571738236,0.4669026143599659,0.9342479372859014,0.810023252590956,785611975.0,6.29,6.35,6.25,6.33,2971200.0,18772581.0,6.27,0.9569377990430672,10.0,6.9,False,False,True,83.11786336365395
247,002554.SZ,惠博普,0.12195121951219523,25.093632958801493,1.3147894176652728,1.367054736933118,0.6554411655200417,1.0026626008229542,1333469849.9999998,2.97,2.98,2.92,2.96,18277800.0,53962687.0,2.97,-0.33670033670034627,10.0,3.27,False,False,True,83.10528353009484
248,603639.SH,海利尔,0.21747211895910784,16.736401673640167,1.1527130146169444,0.6119660712943995,0.9242157270499074,0.9448185551112745,339878336.0,10.69,10.9,10.64,10.86,1965166.0,21303439.0,10.73,1.2115563839701693,10.0,11.8,False,False,True,83.098509773563
249,000778.SZ,新兴铸管,0.06547619047619066,24.64589235127481,1.0526206896542583,1.36440058044234,1.009029947428882,0.9227170479455397,3893451290.0,3.63,3.69,3.63,3.66,49016826.0,179498932.0,3.64,0.5494505494505475,10.0,4.0,False,False,True,83.08883297851752
250,002060.SZ,广东建工,0.15384615384615397,25.16778523489933,1.2510498584704073,1.0764156942696859,0.7087050872997468,0.8140236571492497,1562823660.0,3.2,3.26,3.19,3.25,13693896.0,44427089.0,3.2,1.5625,10.0,3.52,False,False,True,83.0520611573447
251,601608.SH,中信重工,0.10024449877750614,27.020785219399546,1.3614628574546301,0.7918397328223985,0.9180753987349968,0.8208391417658458,4579553437.0,4.74,4.85,4.74,4.82,29765863.0,143077905.0,4.74,1.6877637130801704,10.0,5.21,False,False,True,82.88174956454424
252,000557.SZ,西部创业,0.14220183486238533,27.976190476190467,1.230459723673754,0.5266416622939465,0.8942801318941911,1.2542077884639167,1457916197.9999998,3.68,3.74,3.67,3.74,9629800.0,35782109.0,3.67,1.9073569482289,10.0,4.04,False,False,True,82.87594348751693
253,002312.SZ,川发龙蟒,0.05691056910569115,37.913486005089055,1.0972181040964943,1.0390991441523552,0.6681479481134852,1.0301358059797594,1884636265.0,8.22,8.38,8.16,8.28,20173396.0,167577942.0,8.21,0.8526187576126443,10.0,9.03,False,False,True,82.86626669247147
254,600117.SH,西宁特钢,0.17880794701986757,23.50000000000001,1.2563613923935906,0.4350426504781195,0.9169048253192243,2.636334815169285,3255114857.0,2.27,2.39,2.26,2.35,37333501.0,87677820.0,2.27,3.524229074889873,10.0,2.5,False,False,True,82.8488484613896
255,002340.SZ,格林美,0.09254498714652945,26.504065040650392,1.0389545029841756,1.8710060675508091,0.6523981518170007,1.2793384769514369,5075981882.0,6.49,6.76,6.48,6.66,121501243.0,806749609.0,6.51,2.304147465437789,10.0,7.16,False,False,True,82.84304238436229
256,603213.SH,镇洋发展,0.36272040302267,12.837837837837828,0.7247793977769874,0.470714095516331,0.7497156762891137,0.8427176680214311,444893635.0,13.98,14.12,13.91,13.99,1764800.0,24793981.0,13.99,0.0,10.0,15.39,False,False,True,82.82755951228953
257,603035.SH,常熟汽饰,0.13013698630136994,21.739130434782616,1.1286651042506939,1.0440957656875496,1.021667373595513,0.8350295470133334,366347080.0,11.26,11.38,11.22,11.3,3194000.0,36164066.0,11.26,0.355239786856143,10.0,12.39,False,False,True,82.78207857557577
258,603579.SH,荣泰健康,0.09634551495016606,31.155778894472363,1.1703958411249926,1.1760379997322432,0.7432010658055063,0.7203685487911322,201052364.00000003,18.19,18.34,17.95,18.12,1703277.0,30868968.0,18.24,-0.6578947368420907,10.0,20.06,False,False,True,82.76756338300754
259,600764.SH,中国海防,0.040250914793518194,26.14379084967322,1.3763461046677445,0.8577202505385785,1.0763718208071944,0.5493437992966331,710629386.0,17.57,17.8,17.55,17.7,3348367.0,59297375.0,17.6,0.5681818181818121,10.0,19.36,False,False,True,82.76175730598027
260,600864.SH,哈投股份,0.16077170418006428,15.15151515151516,1.2337727114057395,1.4011693677174624,0.8512137935313623,4.135782820526978,2080570520.0,5.44,5.99,5.43,5.77,120567651.0,693624543.0,5.45,5.871559633027501,10.0,6.0,False,False,True,82.75982194697116
261,002275.SZ,桂林三金,0.1914893617021274,16.708648194794296,1.1069828641521628,0.4465213586359005,1.1568760150106892,1.7771497181781812,564751305.0,12.49,12.63,12.41,12.41,4481501.0,55970060.0,12.54,-1.0366826156299802,10.0,13.79,False,False,True,82.7385329978711
262,600662.SH,外服控股,0.1631944444444445,18.83289124668437,1.3091060220715933,0.6229116175004339,1.0469929511394587,0.9036341484099248,2276762040.0,4.25,4.31,4.23,4.26,12815534.0,54784714.0,4.24,0.4716981132075304,10.0,4.66,False,False,True,82.72692084381653
263,600022.SH,山东钢铁,0.20967741935483886,17.355371900826434,0.9599487821893244,0.8231823244684484,0.9697577231436229,0.9014979202848266,10698849554.0,1.34,1.36,1.33,1.36,79395858.0,107395626.0,1.34,1.4925373134328401,10.0,1.47,False,False,True,82.71917940778015
264,600933.SH,爱柯迪,0.12214411247803154,28.41091492776886,1.2593037823369202,0.9682035716780831,0.7948293308338056,0.6414476270399075,981013046.0,13.87,14.09,13.86,13.93,6092600.0,85202079.0,13.85,0.5776173285198638,10.0,15.24,False,False,True,82.67853686858912
265,600623.SH,华谊集团,0.20039682539682552,24.52830188679245,1.1983636968867564,0.8077286727931757,0.7086790755702974,1.0314789834692089,1876034733.0,8.06,8.39,8.02,8.35,15630280.0,128636325.0,8.07,3.4696406443618155,10.0,8.88,False,False,True,82.65628023998453
266,603566.SH,普莱柯,0.13253012048192778,16.422594142259417,1.2610960377170188,1.0529889370517953,1.1088112980769231,0.7107093337839739,346062273.0,10.17,10.36,10.17,10.32,2589823.0,26682641.0,10.22,0.9784735812133016,10.0,11.24,False,False,True,82.62628217534352
267,600020.SH,中原高速,0.24137931034482749,13.920454545454541,0.7992761766176055,0.6052162110573195,1.043484081305237,1.5600921596743595,2247371832.0,3.8,3.89,3.79,3.87,21219529.0,81652721.0,3.8,1.8421052631579116,10.0,4.18,False,False,True,82.58563963615251
268,300070.SZ,碧水源,0.20945945945945948,19.108280254777064,0.9577162843352726,0.8935341255329253,0.9060254290001583,0.9568095444956647,3477748047.0,3.44,3.49,3.43,3.47,29732728.0,103262971.0,3.45,0.5797101449275477,20.0,4.14,False,False,True,82.56822140507063
269,002373.SZ,千方科技,0.11030478955007254,20.203488372093027,1.3733661592495117,1.375613041050375,0.8815512365751225,0.5866852866779563,1377594126.0,7.67,7.75,7.6,7.64,11117900.0,85201519.0,7.64,0.0,10.0,8.4,False,False,True,82.54112637894329
270,300193.SZ,佳士科技,0.23754789272030652,18.793828892005628,1.1998675968279353,0.9974636581473156,0.664735473599156,3.087751456299879,418156172.0,8.06,8.22,7.95,7.97,12878875.0,103906613.0,7.75,2.8387096774193488,20.0,9.3,False,False,True,82.47919489065221
271,002267.SZ,陕天然气,0.26938775510204094,16.82242990654206,0.8677183819264023,0.5957423374274721,0.9012036218157491,0.8900237305699755,1112075445.0,7.07,7.16,7.03,7.16,5896500.0,41979161.0,7.08,1.1299435028248705,10.0,7.79,False,False,True,82.47338881362494
272,601228.SH,广州港,0.31958762886597936,14.801444043321311,0.9123779201998261,0.289278257782133,0.8524243508984076,1.0208314607885005,7544531351.0,3.08,3.13,3.06,3.12,22279329.0,69229697.0,3.08,1.2987012987013102,10.0,3.39,False,False,True,82.46177665957035
273,600033.SH,福建高速,0.2117647058823529,17.460317460317466,0.8957004651351725,0.8447903567264201,0.987295849656482,1.0407984406239281,2744400000.0,3.51,3.58,3.5,3.56,24130315.0,85731985.0,3.51,1.4245014245014342,10.0,3.86,False,False,True,82.46177665957035
274,600626.SH,申达股份,0.19927536231884052,22.4025974025974,1.2641996148748536,0.718220265204367,0.8104508784631581,0.9719519404250698,1320744667.0,3.63,3.71,3.62,3.69,9219796.0,33859371.0,3.63,1.6528925619834656,10.0,3.99,False,False,True,82.39597445326108
275,600104.SH,上汽集团,0.11167512690355329,30.836047774158516,1.1321225353936402,0.4216749289708971,1.0294053455692724,0.6766468094597138,11495277504.0,10.3,10.45,10.27,10.39,32798900.0,341026321.0,10.31,0.7759456838021261,10.0,11.34,False,False,True,82.36500870911554
276,603167.SH,渤海轮渡,0.3394495412844038,10.611735330836458,0.5163817719543523,0.7304170523340809,0.7713845255833314,5.529736972746859,469144503.0,8.16,8.35,8.02,8.19,18948813.0,155774880.0,8.75,-6.400000000000006,10.0,9.63,False,False,True,82.35339655506097
277,002540.SZ,亚太科技,0.17492711370262404,22.56637168141593,1.11706545488101,1.074108134888312,0.8395573503170605,0.8348113637447976,858201358.0,5.11,5.2,5.09,5.18,7695300.0,39834075.0,5.12,1.171875,10.0,5.63,False,False,True,82.31081865686085
278,603599.SH,广信股份,0.137883008356546,24.752475247524753,1.1986139599775623,1.2431637033761638,0.8257791517244132,1.0384001941439722,910269345.0,10.06,10.33,9.99,10.2,11750680.0,120170924.0,10.08,1.1904761904761862,10.0,11.09,False,False,True,82.24695180956067
279,603418.SH,友升股份,0.01975873544093184,26.75294117647058,0.83643351768317,1.972281403243908,0.8834622079880448,1.0128402906230496,41364612.0,43.36,44.1,43.36,44.05,826302.0,36226807.0,43.45,1.380897583429208,10.0,47.8,False,False,True,82.21211534739695
280,688439.SH,振华风光,0.045997088791848766,37.69021739130436,1.2996111025781398,0.9151617000000001,0.7170607583987062,0.8408137053812458,200000000.0,38.44,39.14,38.28,38.72,1538961.0,59804567.0,38.38,0.8858780614903417,20.0,46.06,False,False,True,82.19276175730597
281,002441.SZ,众业达,0.14736842105263145,29.748603351955282,1.0503316013814126,1.2166399112638306,0.641540674243317,1.0286859365808565,398964279.0,7.72,7.87,7.7,7.86,4993199.0,39946696.0,7.72,1.81347150259068,10.0,8.49,False,False,True,82.1269595509967
282,600970.SH,中材国际,0.21695760598503722,24.78510028653296,1.0812954683526284,0.6593437938213426,0.7995896674952382,1.5739543871053043,2621812924.0,7.71,7.85,7.44,7.75,27208573.0,209137197.0,7.85,-1.273885350318471,10.0,8.64,False,False,True,82.09599380685117
283,000099.SZ,中信海直,0.03534482758620691,34.49583017437452,1.3288102828566948,0.9850580907318375,0.8210440368345558,0.7879178514081753,775770137.0,13.6,13.78,13.54,13.7,6021100.0,82515720.0,13.6,0.7352941176470562,10.0,14.96,False,False,True,82.07083413973292
284,605368.SH,蓝天燃气,0.19801980198019814,25.12647554806071,0.8949922550944279,0.6055428378519091,0.9325107418332276,0.94724656912725,714635915.0,6.74,6.84,6.72,6.79,4099140.0,27848572.0,6.73,0.8915304606240682,10.0,7.4,False,False,True,82.0340623185601
285,600168.SH,武汉控股,0.17437722419928817,26.20865139949109,0.8785581230362691,0.647976233370463,0.9812520598429931,0.6494536106344836,993397569.0,4.4,4.46,4.4,4.45,4180520.0,18576687.0,4.42,0.6787330316742057,10.0,4.86,False,False,True,82.03406231856009
286,601158.SH,重庆水务,0.3469387755102044,12.598425196850393,0.7665608328498269,0.143259932323766,0.883530305265165,0.9152770720550085,4800030119.0,4.15,4.2,4.14,4.17,6293921.0,26282675.0,4.15,0.48192771084336616,10.0,4.57,False,False,True,82.01470872846915
287,000409.SZ,云鼎科技,0.1398176291793314,27.17948717948717,1.077750090073507,0.977240826010784,0.9033204548887864,0.7250858779880227,590473934.0,8.69,8.86,8.69,8.78,4184001.0,36702652.0,8.72,0.6880733944953921,10.0,9.59,False,False,True,81.98180762531449
288,600373.SH,中文传媒,0.11068702290076339,21.406727828746174,1.240740078303197,0.8951767246477397,1.252330267793537,0.918221549768883,1347358719.0,7.12,7.23,7.1,7.2,11074892.0,79567816.0,7.12,1.1235955056179803,10.0,7.83,False,False,True,81.96632475324174
289,600718.SH,东软集团,0.2028469750889679,23.68794326241137,0.987909778705516,0.899682243016957,0.8362781797168503,0.5747843728531452,1196438852.0,8.19,8.32,8.15,8.25,6187064.0,51137630.0,8.19,0.73260073260073,10.0,9.01,False,False,True,81.95277724017804
290,002239.SZ,奥特佳,0.16153846153846146,15.384615384615397,1.214427138403084,1.506851278000002,0.8672606439226923,1.104218662826337,3266152096.0,2.55,2.61,2.54,2.56,54345286.0,139974086.0,2.55,0.39215686274509665,10.0,2.81,False,False,True,81.92858525256435
291,603899.SH,晨光股份,0.2734374999999998,20.151133501259455,1.0530237079692768,0.36421491457255595,0.8600937513779573,0.8664859111703326,915795377.0,22.65,22.93,22.61,22.83,2890132.0,65946834.0,22.65,0.7947019867549754,10.0,24.92,False,False,True,81.91600541900523
292,600779.SH,水井坊,0.054166666666666585,30.638953040800597,1.2553124374626468,0.7729487448408441,1.066835325453939,0.33156802402643304,487503198.0,26.9,27.39,26.87,27.14,1249398.0,33892837.0,27.15,-0.0368324125230135,10.0,29.87,False,False,True,81.89278111089607
293,600780.SH,通宝能源,0.14855072463768096,37.74954627949183,0.954175449016834,0.7754042945093415,0.4011769834389823,0.8446092047970413,1146502523.0,5.85,5.95,5.85,5.95,7508601.0,44458607.0,5.85,1.7094017094017255,10.0,6.44,False,False,True,81.8772982388233
294,601096.SH,宏盛华源,0.06646525679758314,27.45591939546599,1.382322738785265,1.3976066807395702,0.8039250318596216,0.5397008604942476,1642976541.0000002,4.19,4.25,4.17,4.21,12392800.0,52504120.0,4.19,0.4773269689737347,10.0,4.61,False,False,True,81.87149216179601
295,000625.SZ,长安汽车,0.07845934379457914,28.854961832061065,1.3020893236682611,0.8683023927986163,0.9972404239196186,0.4563679266097266,8267021316.0,7.09,7.17,7.07,7.14,32759342.0,234018254.0,7.1,0.5633802816901401,10.0,7.81,False,False,True,81.86762144377784
296,301296.SZ,新巨丰,0.15604395604395607,22.86212914485164,1.212312002784938,0.7174150119696181,1.0485935956778907,1.0825147928357133,427531764.0,6.41,6.54,6.41,6.53,3318600.0,21488227.0,6.44,1.3975155279503104,20.0,7.73,False,False,True,81.85407393071415
297,600814.SH,杭州解百,0.1796875,22.972972972972983,1.2843627889047742,0.7472281964057349,0.8903374883494752,0.9327489993085477,735078598.0,6.8,6.91,6.8,6.84,5123324.0,35118562.0,6.84,0.0,10.0,7.52,False,False,True,81.830849622605
298,688562.SH,航天软件,0.06774014436424211,36.31415241057545,1.3153734366631582,0.79903185,0.7911475699977413,0.4802292924869015,400000000.0,14.02,14.26,14.02,14.19,1534874.0,21757615.0,14.08,0.78125,20.0,16.9,False,False,True,81.81343139152314
299,000030.SZ,富奥股份,0.251256281407035,24.409448818897637,1.0381594733011554,0.537212727912353,0.7749637774365169,0.9312599515539385,1670808645.0,4.31,4.35,4.26,4.27,8358800.0,36002184.0,4.31,-0.9280742459396807,10.0,4.74,False,False,True,81.79311012192763
300,002996.SZ,顺博合金,0.18597560975609742,20.731707317073166,1.0903607551627092,1.5022587791074544,0.6999463402833119,1.2892853968203764,458377491.0,6.36,6.42,6.33,6.4,8878040.0,56713128.0,6.35,0.7874015748031704,10.0,6.99,False,False,True,81.7766595703503
301,000900.SZ,现代投资,0.30303030303030337,15.000000000000014,0.8803562315023145,0.692450357903651,0.8516743157591402,1.7527620623236295,1517752584.0,3.7,3.75,3.69,3.74,18420974.0,68795810.0,3.7,1.0810810810810922,10.0,4.07,False,False,True,81.7747242113412
302,600983.SH,惠而浦,0.21679687499999992,23.590504451038562,1.1703000419710363,0.3860956318767655,0.9004128583223654,1.0121021395230954,766439000.0,7.86,7.94,7.71,7.73,2995000.0,23428498.0,7.85,-1.5286624203821542,10.0,8.64,False,False,True,81.73988774917747
303,600011.SH,华能国际,0.12925170068027236,38.532110091743135,0.7659923198824758,0.8303754892846207,0.6931496394406657,0.608555222289764,10997709919.0,6.69,6.75,6.68,6.73,55574655.0,373643572.0,6.69,0.5979073243647326,10.0,7.36,False,False,True,81.71472808205922
304,000655.SZ,金岭矿业,0.17719298245614032,19.476268412438614,1.2824827739515254,1.0192605411530764,0.896414345895944,2.3553791556441097,595340230.0,7.06,7.3,7.04,7.28,14292601.0,103418792.0,7.12,2.2471910112359605,10.0,7.83,False,False,True,81.69730985097736
305,600390.SH,五矿资本,0.25581395348837205,14.639639639639634,0.9299500752996039,0.6853411868055199,0.9952464417030958,2.4197129997509466,4498065459.0,4.97,5.15,4.94,5.12,74592723.0,379784381.0,4.99,2.605210420841675,10.0,5.49,False,False,True,81.63924908070447
306,002511.SZ,中顺洁柔,0.2352941176470588,16.2037037037037,1.0881026919852783,0.9638996355594686,0.8745229948563709,0.9463896042572584,1265003933.0,7.1,7.22,7.09,7.13,11539677.0,82799771.0,7.12,0.1404494382022392,10.0,7.83,False,False,True,81.63537836268627
307,601022.SH,宁波远洋,0.25569620253164543,16.115702479338843,1.2273829722850107,0.528707745725201,0.9005454675612883,1.149642618137262,1308633334.0,8.19,8.36,8.19,8.25,7954200.0,66427493.0,8.27,-0.24183796856105388,10.0,9.1,False,False,True,81.61602477259531
308,603856.SH,东宏股份,0.16000000000000014,29.60222016651248,0.9395891959443048,1.1857275465026307,0.7097744507705686,0.8114719207811564,282056060.0,11.39,11.47,11.34,11.41,2713900.0,30963077.0,11.39,0.17559262510973284,10.0,12.53,False,False,True,81.60634797754983
309,000629.SZ,钒钛股份,0.18435754189944112,24.82993197278911,1.0483679991246668,1.006535530184529,0.830324137072369,1.2490223982752964,9290444430.0,3.03,3.1,3.02,3.08,116798113.0,359172965.0,3.03,1.650165016501659,10.0,3.33,False,False,True,81.60247725953164
310,000028.SZ,国药一致,0.21005385996409365,18.07486631016042,0.8678990530087095,0.7054330669523305,1.1322907713138732,0.6560636174863658,525859082.0,19.86,20.1,19.82,20.06,2433723.0,48708171.0,19.87,0.9562154001006462,10.0,21.86,False,False,True,81.59860654151345
311,600098.SH,广州发展,0.18534482758620713,35.384615384615394,0.8507124047298907,0.5641894142300355,0.6452714947415906,1.071881905542329,3505864981.0000005,6.25,6.36,6.25,6.32,21201523.0,134053252.0,6.28,0.6369426751592355,10.0,6.91,False,False,True,81.58505902844978
312,002967.SZ,广电计量,0.12488083889418514,34.45859872611465,1.319498102372433,0.8090258679933642,0.6699502353926581,0.6516189841671859,603869685.0,16.93,17.18,16.91,16.98,3022950.0,51947273.0,17.01,-0.17636684303351524,10.0,18.71,False,False,True,81.53667505322235
313,601369.SH,陕鼓动力,0.19545454545454555,22.50922509225093,1.039352745361144,0.766070735862878,0.9623856393595167,1.253290487042959,1706211292.0,8.73,8.76,8.42,8.67,16381491.0,141147907.0,8.81,-1.589103291713967,10.0,9.69,False,False,True,81.5211921811496
314,601818.SH,光大银行,0.2826086956521737,14.234875444839856,0.7435438614797957,0.437561784180354,1.0419712439865751,0.8392857145451399,46406815561.0,3.06,3.1,3.05,3.09,170424090.0,524879580.0,3.07,0.6514657980456029,10.0,3.38,False,False,True,81.49603251403136
315,002401.SZ,中远海科,0.17523056653491437,20.468890892696123,1.1696212170546585,0.980221620990183,0.9703058205370609,0.8646242478684241,371398485.0,12.42,12.54,12.32,12.39,3147689.0,39069057.0,12.42,-0.24154589371979673,10.0,13.66,False,False,True,81.48248500096767
316,600653.SH,申华控股,0.2222222222222222,20.547945205479444,0.9556128305365696,0.9013373129995497,0.898716637739901,1.4152417055228306,1946380317.0,1.7,1.75,1.69,1.73,24828225.0,42955964.0,1.7,1.764705882352935,10.0,1.87,False,False,True,81.4670021288949
317,601068.SH,中铝国际,0.13377926421404662,35.19417475728155,1.3201959308198308,0.452067094132746,0.7622112687055135,1.0315556763491776,2559590667.0,4.53,4.69,4.53,4.6,11936200.0,54953725.0,4.52,1.7699115044247815,10.0,4.97,False,False,True,81.45538997484034
318,002752.SZ,昇兴股份,0.1785714285714286,26.23853211009173,1.2645019282575258,1.0343437723571125,0.6822841448181659,1.2624877222442394,975526819.0,5.99,6.05,5.96,6.03,12738881.0,76664367.0,5.99,0.6677796327211993,10.0,6.59,False,False,True,81.37894329398102
319,600861.SH,北京人力,0.17419354838709677,20.98976109215016,1.2161052731386623,0.5650645089375955,1.135751912801122,0.5027975145409658,566112718.0,13.1,13.22,13.02,13.16,1608400.0,21144546.0,13.07,0.6885998469777999,10.0,14.38,False,False,True,81.31991484420361
320,000553.SZ,安道麦A,0.18250950570342223,28.400000000000002,1.266050691545756,0.3671251016584971,0.8455472491549899,1.1414423981229636,2177071961.0,5.48,5.58,5.47,5.54,9123067.0,50548423.0,5.48,1.0948905109488871,10.0,6.03,False,False,True,81.25895103541706
321,002223.SZ,鱼跃医疗,0.11859582542694498,19.167020824479387,1.3249976454914993,1.165842469482685,1.108721906149088,0.6121924975311215,942293319.0,26.04,26.28,25.91,25.96,6725336.0,178143012.0,26.03,-0.2689204763734132,10.0,28.63,False,False,True,81.25798335591251
322,000959.SZ,首钢股份,0.18081180811808123,31.92182410423452,0.94157862520787,0.42813199515683487,0.8612271836908577,0.9219446866865373,7451607404.0,3.56,3.64,3.55,3.62,29412539.0,106136799.0,3.56,1.6853932584269593,10.0,3.92,False,False,True,81.22895297077608
323,000682.SZ,东方电子,0.15835140997830813,27.82685512367491,1.2141728518868382,1.2314298348521757,0.653552927684622,0.5712199920470296,1340600019.0,11.51,11.65,11.46,11.63,9430013.0,109709445.0,11.48,1.3066202090592283,10.0,12.63,False,False,True,81.20959938068512
324,603266.SH,天龙股份,0.1191176470588235,34.50456781447646,1.4134731165316337,0.8605160223091733,0.5890300214056338,0.7144224611336681,198886750.0,15.85,16.11,15.73,15.92,1222700.0,19452831.0,15.85,0.44164037854890204,10.0,17.44,False,False,True,81.19798722663054
325,601113.SH,华鼎股份,0.1684210526315791,32.38095238095238,1.1024539360000234,0.8056431794939796,0.7158715370408373,1.2033037367735073,1104152226.0,3.47,3.52,3.44,3.49,10704021.0,37373918.0,3.47,0.5763688760807018,10.0,3.82,False,False,True,81.19411650861235
326,300015.SZ,爱尔眼科,0.1390374331550801,20.051746442432062,1.3578702453573666,1.0062645510052088,1.0483636057425512,0.5081688779075312,7957172343.0,8.49,8.58,8.46,8.53,40689186.0,347647480.0,8.51,0.235017626321965,20.0,10.21,False,False,True,81.1631507644668
327,300160.SZ,秀强股份,0.1805555555555558,27.114427860696534,1.1920803812901775,0.8288987765695994,0.8093909112951266,1.0422499088027377,762964451.0,4.4,4.46,4.4,4.41,6591400.0,29181140.0,4.41,0.0,20.0,5.29,False,False,True,81.13412037933035
328,002120.SZ,韵达股份,0.25339366515837125,17.19008264462809,0.7149099730282993,1.0050441640133245,0.9085048471463084,1.2556824895381853,2815129913.0,6.64,6.72,6.62,6.68,35527400.0,237595806.0,6.61,1.0590015128592922,10.0,7.27,False,False,True,81.13218502032126
329,300699.SZ,光威复材,0.03306822938467975,35.27321190581962,1.3203307452238104,1.4386606364503216,0.6432244895421467,0.7673910121381495,823380299.0,23.22,23.59,23.16,23.38,9090244.0,212835639.0,23.3,0.34334763948498104,20.0,27.96,False,False,True,81.12057286626668
330,600569.SH,安阳钢铁,0.15322580645161285,21.739130434782595,1.4096547873808019,0.7035514078295424,1.0222689598908015,1.4161780933904613,2872421386.0,1.8,1.86,1.79,1.84,28619488.0,52677327.0,1.8,2.2222222222222143,10.0,1.98,False,False,True,81.10508999419393
331,601099.SH,太平洋,0.12857142857142861,17.948717948717952,1.1193721088884327,1.5414137981098381,1.0500751532183945,2.452756751980014,6816316370.0,3.38,3.62,3.37,3.51,257705366.0,902813575.0,3.39,3.539823008849541,10.0,3.73,False,False,True,81.09541319914842
332,000420.SZ,吉林化纤,0.08823529411764705,31.80515759312319,1.1885554082295335,1.6994240850766267,0.5172158524299418,1.1153964971511483,2458094143.0,3.7,3.79,3.69,3.76,46593953.0,174715499.0,3.7,1.621621621621605,10.0,4.07,False,False,True,81.08186568608477
333,688271.SH,联影医疗,0.16129504834456498,25.169925755516065,1.2868111439919567,0.6966376026922585,0.9714123807231627,0.5290859261550999,824157988.0,106.67,107.42,105.57,105.67,3037691.0,323273045.0,106.64,-0.9096024006001513,20.0,127.97,False,False,True,81.06831817302108
334,002228.SZ,合兴包装,0.09668508287292818,20.921985815602852,1.4375475126100348,1.5135014209854012,0.9004246553925708,1.0315342051664604,1209321709.0,3.17,3.23,3.16,3.19,18880275.0,60526576.0,3.17,0.6309148264984188,10.0,3.49,False,False,True,81.05864137797562
335,600016.SH,民生银行,0.2556390977443611,16.393442622950815,0.7478669101029196,0.6601898157473365,1.0656468895412725,0.6836042756970513,35462123213.0,3.38,3.41,3.37,3.41,160043605.0,561177582.0,3.39,0.5899705014749346,10.0,3.73,False,False,True,81.03348171085736
336,603888.SH,新华网,0.0936802973977695,26.305220883534155,1.2487375007544954,1.222142148512996,0.9854218516441766,0.4817006013359997,742211985.0,16.17,16.3,16.06,16.11,4369451.0,70616430.0,16.2,-0.5555555555555536,10.0,17.82,False,False,True,81.03154635184828
337,000761.SZ,本钢板材,0.16304347826086968,25.35885167464116,1.50626704674402,0.3861837578057425,0.8803535780269377,1.3091186264223909,3708390102.0,2.39,2.46,2.37,2.42,18748150.0,45584340.0,2.39,1.2552301255229992,10.0,2.63,False,False,True,81.02767563383007
338,600208.SH,衢州发展,0.07168458781361998,19.485294117647058,1.701295957103056,1.167286327162238,0.9656009647565879,0.7660079699276761,8507976337.0,2.92,2.99,2.9,2.95,76074124.0,224615266.0,2.92,1.0273972602739878,10.0,3.21,False,False,True,80.99477453067544
339,002521.SZ,齐峰新材,0.15281501340482578,26.929392446633837,1.0980996472027234,1.0917947263805394,0.8760724194497963,0.8391203512130839,419173590.0,6.69,6.77,6.67,6.71,3840247.0,26182905.0,6.66,0.7507507507507505,10.0,7.33,False,False,True,80.965744145539
340,600173.SH,卧龙新能,0.13138686131386856,34.93530499075786,1.1972597841026678,0.9569880563763686,0.7027463187305715,0.6976562591611469,700416244.0,6.18,6.25,6.14,6.23,4676320.0,29038548.0,6.13,1.6313213703099683,10.0,6.74,False,False,True,80.94251983742984
341,600166.SH,福田汽车,0.18032786885245886,18.085106382978733,1.2262921838748806,1.5058407377872038,0.7988804451178185,0.7878056355463274,7917400367.000001,2.85,2.92,2.84,2.9,93924898.0,271749667.0,2.86,1.3986013986013957,10.0,3.15,False,False,True,80.93477840139346
342,601368.SH,绿城水务,0.37499999999999983,17.574257425742566,0.8024845217994475,0.5527882023972476,0.7606490723641662,1.0859904719778093,882973077.0,4.64,4.66,4.59,4.61,5300688.0,24526976.0,4.64,-0.6465517241379226,10.0,5.1,False,False,True,80.92703696535708
343,688015.SH,交控科技,0.12282091917591118,27.53824756606398,1.4343359042909347,0.6997713894934705,0.9352492003693301,1.4876835885105877,188680742.0,16.0,16.36,15.77,16.0,1964239.0,31444493.0,15.93,0.439422473320783,20.0,19.12,False,False,True,80.89026514418426
344,600787.SH,中储股份,0.2687224669603525,18.765432098765423,1.0486954305601321,0.7506308632694139,0.8703679584137194,1.0599297497801485,2170079582.0,4.66,4.74,4.64,4.69,17265500.0,81172549.0,4.66,0.6437768240343367,10.0,5.13,False,False,True,80.88445906715695
345,600109.SH,国金证券,0.3424657534246571,21.750663129973468,0.7028075908135516,0.5632679575950266,0.7221899017208968,2.0266319271379287,3705364910.0,8.53,8.82,8.52,8.78,42298105.0,369392225.0,8.54,2.810304449648715,10.0,9.39,False,False,True,80.88058834913875
346,002363.SZ,隆基机械,0.16545454545454547,27.320490367775818,1.305100928456886,1.1006527142977274,0.7039687079110173,0.7056801160030132,415758167.00000006,6.62,6.7,6.58,6.6,3229230.0,21415556.0,6.62,-0.30211480362538623,10.0,7.28,False,False,True,80.82639829688407
347,600600.SH,青岛啤酒,0.15510852302805717,22.10722417718898,1.063929099032519,0.9244305069797685,1.1604735752508837,0.5469251037913299,709125943.0,51.3,51.69,51.24,51.54,3585300.0,184796946.0,51.24,0.5854800936768045,10.0,56.36,False,False,True,80.79736791174764
348,600185.SH,珠免集团,0.10421836228287841,29.41176470588236,1.2883627215573534,1.0369245098262365,0.9134308742559073,0.9253258673957305,1885005795.0,4.66,4.76,4.66,4.7,18086500.0,85395434.0,4.67,0.6423982869379063,10.0,5.14,False,False,True,80.79349719372944
349,301215.SZ,中汽股份,0.15018315018315026,20.2020202020202,1.2997600688230322,0.8945236010284286,1.1307376882879239,1.4918065200478265,1322400000.0,5.4,5.54,5.4,5.48,17646848.0,96851413.0,5.36,2.238805970149249,20.0,6.43,False,False,True,80.79156183472033
350,000755.SZ,山西高速,0.3004926108374381,24.285714285714267,1.0333224464310158,0.3034275344188995,0.7523292438042194,0.859009054835897,1467310196.0,4.81,4.84,4.78,4.83,3824500.0,18439503.0,4.81,0.4158004158004269,10.0,5.29,False,False,True,80.7664021676021
351,600751.SH,海航科技,0.171875,24.723247232472325,1.269654175077554,1.1657644169861745,0.7854746373326451,1.0237474412445349,2573189052.0,3.15,3.18,3.09,3.11,30709682.0,96553088.0,3.15,-1.2698412698412764,10.0,3.47,False,False,True,80.70447067931102
352,601686.SH,友发集团,0.21399176954732532,27.17622080679407,0.9084692494945401,0.36570656227352555,0.9537757526025972,0.7632514568549271,1479347326.0,5.24,5.3,5.22,5.27,4129244.0,21783045.0,5.23,0.7648183556405286,10.0,5.75,False,False,True,80.69866460228371
353,603018.SH,XD华设集,0.18090452261306503,20.77393075356415,1.260214824063175,0.8362147356602456,1.0111677698626764,0.9810909286268835,819147727.0,5.29,5.33,5.27,5.33,6720310.0,35952723.0,5.27,1.1385199240986799,10.0,5.8,False,False,True,80.65221598606541
354,601968.SH,宝钢包装,0.25868725868725867,22.13333333333334,1.3085291709722742,0.5766123715457795,0.7553253279256616,0.5834996827618093,1275779460.0,4.43,4.47,4.42,4.44,4292400.0,19342390.0,4.42,0.452488687782826,10.0,4.86,False,False,True,80.63479775498355
355,688330.SH,宏力达,0.15917539709361272,31.488114620644737,1.4366624414201854,0.7406667499999954,0.5968472413325685,0.9006759305527274,140000000.0,34.05,34.45,33.92,34.23,933941.0,31921603.0,34.14,0.2636203866432263,20.0,40.97,False,False,True,80.6115734468744
356,603609.SH,禾丰股份,0.2612612612612612,21.942446043165486,1.249862314041937,0.34095221221972305,0.8506871702732204,1.0156592470851915,904016733.0,6.38,6.5,6.38,6.47,3130531.0,20213004.0,6.43,0.6220839813374734,10.0,7.07,False,False,True,80.60189665182892
357,301223.SZ,中荣股份,0.26079447322970606,15.364412344057786,1.4669207372910724,0.592712505662057,0.8012734234454951,0.9816621286159971,193127560.0,16.8,16.95,16.67,16.78,1123700.0,18865728.0,16.74,0.2389486260454099,20.0,20.09,False,False,True,80.59996129281981
358,300741.SZ,华宝股份,0.1698537682789651,23.160535117056845,1.3949677288382873,0.4047783230795245,1.053128658769059,1.3097485969562328,615877150.0,13.44,13.9,13.38,13.71,3265121.0,44899612.0,13.47,1.7817371937639104,20.0,16.16,False,False,True,80.59802593381072
359,600822.SH,上海物贸,0.17263843648208463,22.14765100671141,1.2273786977709584,0.8060693204518906,1.0359883041884308,0.8249335879451718,396147908.0,8.5,8.63,8.49,8.53,2634200.0,22525454.0,8.51,0.235017626321965,10.0,9.36,False,False,True,80.59221985678343
360,601717.SH,中创智领,0.1182795698924731,26.866764275256205,1.1579323865746982,1.200969891867583,0.9683881649456216,0.7030063113244522,1542165730.0,15.17,15.4,15.09,15.23,13020342.0,199003398.0,15.09,0.9277667329357309,10.0,16.6,False,False,True,80.57673698471066
361,002006.SZ,精工科技,0.047068538398018195,31.08643933386204,1.5355289254090447,1.2791172308808223,0.7302189508355462,0.7958566974629564,519683458.0,13.24,13.47,13.12,13.23,5291056.0,70417010.0,13.18,0.3793626707132125,10.0,14.5,False,False,True,80.57480162570155
362,000932.SZ,华菱钢铁,0.1301775147928994,24.534161490683214,1.203224459377326,1.1965502764789182,0.9999802351403033,1.3183684563381002,6852609160.0,3.65,3.75,3.64,3.74,108099508.0,402104744.0,3.66,2.1857923497267784,10.0,4.03,False,False,True,80.54190052254694
363,002095.SZ,生 意 宝,0.19254658385093162,19.34189406099518,1.202992641819333,1.0927581622569067,0.9260114599868365,0.7438102927426617,251708415.0,14.29,14.48,14.24,14.42,2045898.0,29415611.0,14.32,0.6983240223463749,10.0,15.75,False,False,True,80.53222372750145
364,600017.SH,日照港,0.2771084337349399,14.574898785425106,0.8452396914927107,0.9433844365000246,0.9265173144184652,1.5995744939570566,3075653888.0,2.71,2.77,2.7,2.76,46412038.0,127723649.0,2.7,2.2222222222222143,10.0,2.97,False,False,True,80.5128701374105
365,002157.SZ,正邦科技,0.21138211382113803,17.037037037037027,1.199172076802237,1.4495639691097633,0.7794519010094122,0.784698755218732,7787895012.000001,2.95,3.0,2.94,2.96,88582712.0,263187750.0,2.96,0.0,10.0,3.26,False,False,True,80.47996903425586
366,600710.SH,苏美达,0.25508317929759683,21.720430107526866,1.2426690001622434,0.726231422266676,0.7792510702562374,0.8775319348473792,1306749434.0,10.59,10.73,10.47,10.52,8327800.0,88179020.0,10.61,-0.8482563619227168,10.0,11.67,False,False,True,80.47996903425586
367,603689.SH,皖天然气,0.316,22.4340175953079,0.7470324179775218,0.633453670987139,0.7741960402951742,1.033901211814517,523447965.0,7.61,7.69,7.58,7.67,3428210.0,26183662.0,7.61,0.7884362680683266,10.0,8.37,False,False,True,80.46835688020128
368,000498.SZ,山东路桥,0.28323699421965326,15.964523281596477,1.016711120648654,0.644271812141779,0.9606272954160605,1.6993431343638299,1449347778.9999998,4.96,4.99,4.91,4.98,15868023.0,78682281.0,5.0,-0.39999999999998925,10.0,5.5,False,False,True,80.42771434101026
369,600516.SH,方大炭素,0.10483870967741925,38.08553971486761,0.9820538214998343,1.1335626626251367,0.7226549039669398,0.6161088485400505,4025970368.0,5.06,5.13,5.05,5.1,28117296.0,143432974.0,5.06,0.7905138339920903,10.0,5.57,False,False,True,80.42190826398296
370,002152.SZ,广电运通,0.11111111111111104,20.48192771084336,1.356421764552587,1.1344055291196369,1.1940080654362106,0.7586283693967659,2482126213.0,9.73,9.92,9.69,9.87,21360985.0,210491890.0,9.74,1.3347022587268942,10.0,10.71,False,False,True,80.41997290497387
371,601928.SH,凤凰传媒,0.21376811594202896,17.51824817518248,1.0468545020827968,0.42999506070965,1.400306487356229,1.3917829226271397,2544900000.0,8.78,8.81,8.59,8.61,15230203.0,131897877.0,8.81,-2.2701475595913845,10.0,9.69,False,False,True,80.41416682794659
372,601279.SH,英利汽车,0.13467048710601712,28.222996515679434,1.3989642464913221,0.663052290754097,0.9502695743729016,1.8003424251347195,1585785985.0,3.34,3.43,3.32,3.38,18929863.0,64035222.0,3.34,1.1976047904191711,10.0,3.67,False,False,True,80.36771821172827
373,600329.SH,达仁堂,0.26562499999999994,20.716034271725835,1.0417997135935562,0.5826046486402355,0.9292939238335901,0.8396389957356163,567089356.0,36.13,36.94,36.12,36.58,2774074.0,101660258.0,36.08,1.3858093126385862,10.0,39.69,False,False,True,80.34836462163732
374,600120.SH,浙江东方,0.1715976331360947,24.52830188679245,1.0689321771711087,1.114395470583636,0.9298122754688868,1.128484794626923,3415381492.0,4.82,4.97,4.81,4.96,42951098.0,211344434.0,4.82,2.9045643153526868,10.0,5.3,False,False,True,80.33191407006001
375,600853.SH,龙建股份,0.1921182266009853,24.149659863945573,1.1275556430072826,0.943049739741525,0.9083216067940132,0.9678109433571571,1013699085.0,3.33,3.38,3.33,3.37,9251968.0,31129788.0,3.33,1.2012012012011963,10.0,3.66,False,False,True,80.26127346622798
376,601956.SH,东贝集团,0.14750542299349237,22.63279445727482,1.4157171250584488,1.0020094460477595,0.951419333404616,0.6610574371092953,621616590.0,5.02,5.06,4.97,5.0,4117500.0,20630532.0,5.01,-0.19960079840318778,10.0,5.51,False,False,True,80.24772595316432
377,600681.SH,百川能源,0.14056224899598396,23.7179487179487,1.176661684065291,1.4170571947859982,0.9244330908743436,0.7948232369984296,1339808772.0,3.47,3.5,3.45,3.48,15090400.0,52541190.0,3.47,0.28818443804032867,10.0,3.82,False,False,True,80.23417844010064
378,600757.SH,长江传媒,0.2615384615384615,14.226519337016574,0.9016532379672748,0.7243814326600779,1.100800359154784,0.7343975710994913,1213497103.0,7.75,7.77,7.64,7.72,6455610.0,49801142.0,7.75,-0.3870967741935516,10.0,8.53,False,False,True,80.22643700406424
379,000868.SZ,安凯客车,0.12323943661971833,24.13793103448276,1.328618749055644,1.149621551402448,1.0084604768249157,0.8633760738530405,939513985.0,3.51,3.6,3.51,3.57,9325200.0,33364815.0,3.54,0.8474576271186418,10.0,3.89,False,False,True,80.21095413199149
380,688161.SH,威高骨科,0.14834515366430268,31.56833081190118,1.5322043682822037,0.2889193625,0.7688767175236058,1.0300270200824633,400000000.0,22.18,22.65,21.99,22.09,1190379.0,26421574.0,22.34,-1.1190689346463722,20.0,26.81,False,False,True,80.21095413199149
381,601018.SH,宁波港,0.3157894736842104,14.379084967320255,0.8002492190327166,0.292340747668646,1.0586064726780804,1.0153624372659311,19454388399.0,3.41,3.48,3.4,3.46,57746814.0,201651416.0,3.42,1.1695906432748648,10.0,3.76,False,False,True,80.16644087478227
382,002282.SZ,博深股份,0.2674418604651163,17.915904936014627,1.1268714692639343,0.8780560212413354,0.8704985527390268,1.1733511855014287,483311104.0,6.14,6.14,6.07,6.13,4979400.0,30404826.0,6.16,-0.48701298701299134,10.0,6.78,False,False,True,80.08322043739113
383,600606.SH,绿地控股,0.08045977011494261,28.333333333333343,1.5102858823442655,0.7614337859929114,1.030885936494389,0.9521083282911533,14054218314.0,1.27,1.3,1.26,1.29,101888508.0,131325108.0,1.27,1.5748031496062964,10.0,1.4,False,False,True,80.0503193342365
384,603817.SH,海峡环保,0.16517857142857145,28.400000000000002,1.123868154039347,1.3113021745202675,0.7322269303478202,0.7896971080717762,570084039.0,5.73,5.83,5.72,5.79,5903400.0,34196183.0,5.74,0.8710801393728262,10.0,6.31,False,False,True,80.00483839752275
385,603788.SH,宁波高发,0.2661596958174903,27.21518987341771,1.0778325588160291,0.588393427876385,0.7155709301057681,1.9295326583569283,223065068.0,13.75,13.99,13.63,13.76,2532512.0,34740225.0,14.04,-1.9943019943019946,10.0,15.44,False,False,True,79.99419392297271
386,600138.SH,中青旅,0.1805555555555556,24.566929133858274,1.054183361133664,1.0750797137488906,0.9374652675505408,1.552925734821393,723840000.0,7.17,7.26,7.15,7.2,12084646.0,87043015.0,7.13,0.9817671809256634,10.0,7.84,False,False,True,79.95161602477259
387,002093.SZ,国脉科技,0.1051344743276284,24.33333333333334,1.325311240934393,1.2818897270471419,1.0352570700269335,0.6643303980731301,1007500000.0,6.88,6.98,6.84,6.93,8579853.0,59353089.0,6.86,1.0204081632652962,10.0,7.55,False,False,True,79.9496806657635
388,003016.SZ,欣贺股份,0.1551976573938506,27.85234899328859,1.3066477076073402,0.8636721194602666,0.8927992366873134,1.0724831233400256,410882842.0,6.98,7.16,6.98,7.07,3805900.0,26979488.0,7.02,0.7122507122507171,10.0,7.72,False,False,True,79.94290690923167
389,002287.SZ,奇正藏药,0.18031088082901542,20.750551876379685,1.320605022097809,0.463166053606961,1.2283677359137766,0.749027397358172,570989795.0,19.76,20.23,19.76,20.04,1980901.0,40159148.0,19.86,0.9063444108761365,10.0,21.85,False,False,True,79.93613315269982
390,002061.SZ,浙江交科,0.2432432432432432,15.030674846625768,1.2222526568343182,0.700814847107568,1.0375755625577348,1.2958319523167323,2599137900.0,3.53,3.61,3.52,3.6,23603766.0,84673475.0,3.53,1.9830028328611915,10.0,3.88,False,False,True,79.93226243468165
391,300230.SZ,永利股份,0.2411347517730499,21.105527638190956,0.8999027924440149,1.3243503547814612,0.7765902500271283,0.9303857371065644,629822499.0,4.32,4.36,4.3,4.33,7760400.0,33587633.0,4.32,0.23148148148146586,20.0,5.18,False,False,True,79.89355525449972
392,000800.SZ,一汽解放,0.33000000000000007,17.38351254480286,1.023188863590145,0.288952815127424,0.9344549601718549,0.8858376237302604,4920635033.0,6.24,6.34,6.22,6.31,12595117.0,79480880.0,6.24,1.1217948717948678,10.0,6.86,False,False,True,79.88387845945422
393,002393.SZ,力生制药,0.11505681818181823,17.05310396409874,1.6954125459160623,1.14925985496452,0.9832245651791062,0.6693534932128886,300217443.0,14.1,14.39,14.07,14.19,2309456.0,32871201.0,14.18,0.0705218617771397,10.0,15.6,False,False,True,79.87807238242694
394,600292.SH,电投水电,0.0823699421965316,30.73593073593073,1.0334646338973643,2.234015014396743,0.609376443993071,1.3914596929431393,439283583.0,12.12,12.62,12.09,12.51,13655314.0,169253128.0,12.12,3.2178217821782207,10.0,13.33,False,False,True,79.86452486936327
395,000905.SZ,厦门港务,0.14006514657980448,23.364485981308402,1.532140603091452,1.2554496220334401,0.798397666898964,1.6761159485316426,741808097.0,8.75,8.85,8.5,8.63,15609713.0,136186219.0,8.78,-1.708428246013649,10.0,9.66,False,False,True,79.82581768918133
396,600456.SH,宝钛股份,0.10630722278738555,28.40774397471355,1.4553247401808582,1.2960946872808043,0.7817905137766061,1.2502254963960706,477777539.00000006,26.7,27.05,26.5,26.8,7741958.0,207415651.0,27.4,-2.1897810218978075,10.0,30.14,False,False,True,79.82194697116314
397,002110.SZ,三钢闽光,0.11711711711711718,19.92753623188408,1.4599030901793064,1.0802202318041907,1.1496134485731528,1.075417090237353,2429076227.0,3.01,3.09,3.01,3.08,28218270.0,86290833.0,3.02,1.9867549668874274,10.0,3.32,False,False,True,79.81420553512677
398,000507.SZ,珠海港,0.340909090909091,16.92307692307693,0.779676939024203,1.0641108487683983,0.7310917836179446,0.9546921152001926,902354455.0,5.0,5.05,4.99,5.04,9167003.0,46193268.0,5.0,0.8000000000000007,10.0,5.5,False,False,True,79.798722663054
399,600643.SH,爱建集团,0.16064257028112464,20.43596730245232,1.5698450254574525,0.9388224692555949,0.8988458797085649,1.4842371905966072,1590351716.0,4.07,4.18,4.05,4.14,22160521.0,91895828.0,4.07,1.7199017199017064,10.0,4.48,False,False,True,79.75614476485389
400,688281.SH,华秦科技,0.07064935064935061,29.780193807610477,1.6229212192005948,0.8003051344913914,0.9214465864045143,2.0719034929105637,381598945.0,44.91,49.26,44.73,46.82,6327502.0,302407862.0,45.03,3.9751276926493384,20.0,54.04,False,False,True,79.75420940584478
401,000563.SZ,陕国投Ａ,0.2719298245614035,15.750915750915762,1.0777640270982602,0.7755071671066536,0.9794771512564633,1.9646638342423828,5113970358.0,3.03,3.12,3.02,3.09,77917009.0,240294451.0,3.04,1.6447368421052655,10.0,3.34,False,False,True,79.71937294368107
402,002516.SZ,旷达科技,0.1724137931034484,27.16297786720323,1.342117541126141,0.8762919136958125,0.8432796546819853,0.7458874875750904,1460498682.0,5.37,5.43,5.33,5.36,9546041.0,51371100.0,5.37,-0.18621973929235924,10.0,5.91,False,False,True,79.68647184052642
403,600019.SH,宝钢股份,0.24215246636771298,18.53281853281854,1.1544146553899248,0.4934918746449235,1.1034994232219986,0.7302620776990801,21414095749.0,5.71,5.78,5.69,5.76,77171776.0,454248276.0,5.72,0.6993006993007089,10.0,6.29,False,False,True,79.67292432746275
404,600028.SH,中国石化,0.2657142857142859,21.896162528216713,1.171197059972617,0.2612619873731665,0.9491699262612331,0.9309446159931677,94752475375.0,5.29,5.36,5.27,5.33,230457388.0,1226455337.0,5.36,-0.5597014925373234,10.0,5.9,False,False,True,79.66518289142635
405,688198.SH,佰仁医疗,0.025383395029085105,27.31999999999999,1.5827521418668264,0.5896977928550176,1.342221520880254,0.6696793552413112,137748133.0,76.51,77.79,76.13,77.38,543979.0,41947527.0,76.44,1.2297226582940857,20.0,91.73,False,False,True,79.65357073737178
406,300428.SZ,立中集团,0.20196078431372538,26.354230066950702,1.2678543338114254,1.023808606840471,0.7348598381049498,1.0322213882299314,603229584.0,18.59,18.89,18.51,18.84,6374913.0,119569164.0,18.49,1.8929150892374347,20.0,22.19,False,False,True,79.63034642926263
407,600637.SH,东方明珠,0.11084624553039339,29.443690637720476,1.1310040089949225,1.220376295644978,0.977565645500472,1.1102558366088713,3361899817.0,8.23,8.38,8.23,8.3,45551386.0,381068809.0,8.3,0.0,10.0,9.13,False,False,True,79.59744532610799
408,002389.SZ,航天彩虹,0.08491281273692197,18.94990947495474,1.3125796747888434,2.065124132212764,0.9786309203386128,0.5307608134206295,984767026.0,17.67,18.06,17.61,17.92,10793903.0,193319147.0,17.69,1.3001695873374741,10.0,19.46,False,False,True,79.58196245403522
409,000886.SZ,海南高速,0.16628175519630484,23.29113924050632,1.138655098278825,1.3363559686413011,0.9254406594537,1.1293579144115844,977836898.0,4.68,4.79,4.66,4.74,14757751.0,69998527.0,4.67,1.4989293361884481,10.0,5.14,False,False,True,79.57615637700793
410,000422.SZ,湖北宜化,0.02340702210663196,27.18286655683688,1.314102248478616,2.427715688247083,0.7302650229213387,0.5378240889598697,1067285912.0,12.3,12.44,12.22,12.43,13921181.0,172267387.0,12.32,0.8928571428571397,10.0,13.55,False,False,True,79.55873814592607
411,600794.SH,保税科技,0.21978021978022,17.375886524822715,1.0546750782073062,0.9881368942121516,1.0686396517461756,0.901009210507038,1200152157.0,3.21,3.26,3.21,3.24,10685200.0,34650089.0,3.22,0.6211180124223503,10.0,3.54,False,False,True,79.54131991484421
412,600866.SH,星湖科技,0.0920716112531969,21.57360406091371,1.387790184478456,1.478689618826932,1.0702141902355402,0.5975008458909199,1661472616.0,4.3,4.35,4.28,4.32,13881678.0,60161845.0,4.3,0.46511627906977715,10.0,4.73,False,False,True,79.537449196826
413,605268.SH,王力安防,0.10658307210031345,23.84887839433294,1.8856459737298281,0.8729621268868399,0.8431351792780646,1.357000618838358,440550000.0,9.5,9.79,9.44,9.47,5218800.0,49903499.0,9.49,-0.21074815595363283,10.0,10.44,False,False,True,79.52777240178052
414,603350.SH,安乃达,0.12729124236252548,32.27676845767298,1.047415308794767,1.4975424084125555,0.7500584295477002,0.5086389164613926,44124500.0,28.37,28.88,28.02,28.48,336100.0,9576636.0,28.37,0.38773352132535077,10.0,31.21,False,False,True,79.50261273466228
415,301102.SZ,兆讯传媒,0.17370129870129875,21.811680572109648,1.6076433068913834,0.5747671921182215,0.9258593159355749,0.9387309010270511,406000000.0,9.47,9.47,9.22,9.34,2190580.0,20472060.0,9.46,-1.268498942917562,20.0,11.35,False,False,True,79.5006773756532
416,002383.SZ,合众思壮,0.09149623250807325,28.802588996763756,1.485007236730031,1.3111408978092047,0.8151460511399421,1.7430542233139241,740360304.9999999,6.94,7.24,6.94,7.13,16920118.0,120700668.0,7.03,1.4224751066856278,10.0,7.73,False,False,True,79.4929359396168
417,603215.SH,比依股份,0.15261756876663715,26.431372549019617,1.606025310314005,0.7514593674313641,0.8090774317835475,0.7653460845525469,187228380.0,14.45,14.68,14.41,14.59,1076800.0,15692766.0,14.47,0.8293020041465038,10.0,15.92,False,False,True,79.4832591445713
418,688581.SH,安杰思,0.10024280263614294,15.387755102040824,1.225963725730389,1.599385117561249,1.4739386052174264,0.5888011563936643,41178278.0,51.91,52.2,51.59,52.09,387784.0,20136014.0,51.89,0.3854307188283057,20.0,62.27,False,False,True,79.46003483646217
419,601877.SH,正泰电器,0.14771460423634328,23.86266094420599,1.5890310615701175,1.013695825453363,0.8307457885354688,1.0534980136438432,2148968976.0,25.9,26.21,25.77,25.97,22949410.0,597323855.0,25.95,0.07707129094411957,10.0,28.55,False,False,True,79.4387458873621
420,603811.SH,诚意药业,0.15624999999999992,17.130307467057104,1.3302540671871639,1.277372494546616,1.0768735371399492,0.8790589712200232,458226048.0,7.37,7.63,7.37,7.45,5145355.0,38546843.0,7.43,0.2691790040376896,10.0,8.17,False,False,True,79.43487516934391
421,300059.SZ,东方财富,0.14261884904086744,27.526132404181205,0.865923316726781,1.6972769733596607,0.8323934124467309,1.4547209141737971,13392365708.000002,18.89,19.61,18.87,19.36,330666122.0,6397844279.0,18.93,2.2715266772319165,20.0,22.72,False,False,True,79.40584478420747
422,600928.SH,西安银行,0.3228346456692912,18.670886075949355,0.9992217483524412,0.497373799875232,0.9229857391082545,1.0853986910050406,4423354066.0,3.56,3.65,3.56,3.63,23879427.0,86343977.0,3.57,1.680672268907557,10.0,3.93,False,False,True,79.3942326301529
423,600008.SH,首创环保,0.30508474576271144,19.77611940298507,0.8488352416961771,0.895256932196324,0.8428672052456833,0.8930140879259626,7340590677.0,2.86,2.89,2.85,2.89,58686338.0,169002971.0,2.86,1.0489510489510634,10.0,3.15,False,False,True,79.38649119411652
424,000561.SZ,烽火电子,0.14575411913814962,25.903614457831313,1.4342424600919306,1.14118811946748,0.8426411274884281,0.799903581246304,776247360.0,7.78,7.9,7.72,7.75,7085900.0,55177667.0,7.79,-0.5134788189987138,10.0,8.57,False,False,True,79.35939616798916
425,601139.SH,深圳燃气,0.3608695652173914,21.311475409836067,0.8587724054310304,0.671359861889431,0.7602433054740662,0.9834721422859748,2876744454.9999995,6.3,6.38,6.29,6.3,18994100.0,120417340.0,6.32,-0.31645569620254443,10.0,6.95,False,False,True,79.34004257789819
426,300034.SZ,钢研高纳,0.0903954802259886,30.094466936572207,1.5254855539090957,1.376550606032232,0.7117100823026405,0.8937211031471922,767055977.0,15.74,15.96,15.68,15.72,9436724.0,149201443.0,15.78,-0.3802281368821214,20.0,18.94,False,False,True,79.31875362879813
427,688566.SH,吉贝尔,0.13418681839734464,22.524101665205954,1.3704495328999378,1.1579333583206963,1.0599693428513879,0.5915316125909272,201101625.0,25.5,25.98,25.2,25.53,1377454.0,35085616.0,25.65,-0.46783625730992817,20.0,30.78,False,False,True,79.31488291077996
428,600639.SH,浦东金桥,0.3266129032258066,14.18685121107266,1.1736586014259298,0.5299902408470789,0.9220367499298677,0.7483736388154153,850236703.0,9.44,9.59,9.44,9.54,3372300.0,32241726.0,9.48,0.6329113924050445,10.0,10.43,False,False,True,79.31101219276175
429,600477.SH,杭萧钢构,0.09677419354838701,25.225225225225213,1.4915746660508977,1.364482305434285,0.9079563915191677,0.9920464386979988,2358968436.0,2.45,2.5,2.45,2.49,31931700.0,79291775.0,2.46,1.2195121951219523,10.0,2.71,False,False,True,79.30714147474356
430,600717.SH,天津港,0.261627906976744,18.65284974093264,1.1141882607420612,0.7193517806886089,0.9976502701863413,0.9652881960883172,2894001038.0,4.3,4.38,4.29,4.37,20095416.0,87568107.0,4.31,1.3921113689095321,10.0,4.74,False,False,True,79.30520611573448
431,000915.SZ,华特达因,0.119698397737983,15.086956521739125,1.3308349546908018,1.4798169004086106,1.2525812556942255,0.5977619889270293,234122860.0,24.32,24.5,24.13,24.27,2071000.0,50351015.0,24.27,0.0,10.0,26.7,False,False,True,79.30520611573446
432,601166.SH,兴业银行,0.3050193050193047,16.180048661800495,0.9640383275564796,0.4460920899749245,1.0621999082784133,1.1630658688588387,21162859513.0,17.98,18.26,17.94,18.21,109800213.0,1993600049.0,18.02,1.0543840177580588,10.0,19.82,False,False,True,79.29359396167989
433,600512.SH,腾达建设,0.2142857142857142,20.430107526881724,1.1153562901567622,1.3756526568636296,0.8394847612310957,1.4725649596543853,1587405163.0,2.05,2.09,2.04,2.07,32156668.0,66728381.0,2.04,1.4705882352941124,10.0,2.24,False,False,True,79.2877878846526
434,688526.SH,科前生物,0.22480620155038744,19.742489270386265,1.3606041249212555,0.37766080100528804,1.0618594301407773,0.7042422218415602,466128056.0,13.19,13.28,13.09,13.13,1239736.0,16342383.0,13.1,0.22900763358779663,20.0,15.72,False,False,True,79.27230501257984
435,600827.SH,百联股份,0.1793893129770992,16.71270718232043,1.2188800437970593,0.9299616749645844,1.339009773459664,0.7424135941086711,1604449920.0,7.67,7.76,7.67,7.71,11077382.0,85551212.0,7.71,0.0,10.0,8.48,False,False,True,79.235533191407
436,002928.SZ,华夏航空,0.0503048780487805,34.45945945945945,1.2947439714164126,1.737083404859355,0.7002062838720758,1.0798837152445848,1278235175.0,6.39,6.44,6.3,6.35,23977750.0,152320022.0,6.25,1.6000000000000014,10.0,6.88,False,False,True,79.22585639636154
437,600655.SH,豫园股份,0.2677824267782429,19.1542288557214,1.205793748652778,0.3430404960376135,1.0338397505721517,1.4911204913758882,3889846273.0,4.74,4.75,4.65,4.68,19897136.0,93643839.0,4.66,0.42918454935620964,10.0,5.13,False,False,True,79.1871492161796
438,603136.SH,天目湖,0.20802919708029205,19.60542540073982,1.1668461271520147,1.2029947168127084,0.932580822488628,1.1262009729444307,270126710.0,9.26,9.36,9.22,9.26,3659714.0,33978848.0,9.25,0.108108108108107,10.0,10.18,False,False,True,79.17747242113413
439,601188.SH,龙江交通,0.19298245614035103,19.850187265917608,1.1194423750432532,1.1278317892143797,1.0450182593345045,0.8835462931593998,1305469915.0,2.89,2.93,2.89,2.92,13008898.0,37961852.0,2.89,1.038062283737018,10.0,3.18,False,False,True,79.1387652409522
440,002892.SZ,科力尔,0.05797101449275358,31.199068684516874,1.3824046280327962,1.4466932117301439,0.8735608384621326,0.6530813761311901,501123935.0,9.1,9.22,9.08,9.19,4734661.0,43429162.0,9.11,0.8781558726673966,10.0,10.02,False,False,True,79.134894522934
441,300664.SZ,鹏鹞环保,0.1991525423728813,29.729729729729737,1.2075568204231382,1.0652580482630711,0.6388921869443318,1.4316837390981592,725179886.0,4.53,4.65,4.53,4.64,11059810.0,51606454.0,4.54,2.2026431718061623,20.0,5.45,False,False,True,79.12715308689762
442,002588.SZ,史丹利,0.026004728132387786,19.55380577427821,1.6719103747035646,1.6883912072368354,0.9863493554485121,1.0179384742071635,858636570.0000001,7.74,7.85,7.69,7.82,14757201.0,115150896.0,7.73,1.1642949547218562,10.0,8.5,False,False,True,79.11941165086122
443,600075.SH,新疆天业,0.17966903073286056,34.102564102564116,1.0100455781518491,1.0694650026750803,0.6737463200512266,0.9481300589381089,1707797343.0,4.62,4.71,4.58,4.7,17316927.0,80813393.0,4.66,0.8583690987124415,10.0,5.13,False,False,True,79.09618734275209
444,600157.SH,永泰能源,0.23188405797101463,23.84105960264902,0.7281918806716847,1.695777480639728,0.5951960916366132,1.337325831705006,21817764145.0,1.57,1.6,1.56,1.59,494784789.0,784470602.0,1.57,1.273885350318471,10.0,1.73,False,False,True,79.0865105477066
445,000002.SZ,万  科Ａ,0.04929577464788732,21.875,1.5561500880007197,1.3806242673022764,1.1116660985571607,0.728320208146041,9715113154.0,3.08,3.15,3.07,3.13,97689014.0,305325842.0,3.09,1.2944983818770295,10.0,3.4,False,False,True,79.04586800851558
446,600261.SH,阳光照明,0.2479338842975208,19.23076923076925,1.3985409351025537,0.9104464137043032,0.8025874572775304,1.1746251176018585,1335052966.0,3.18,3.24,3.16,3.19,14277500.0,45732794.0,3.16,0.9493670886075778,10.0,3.48,False,False,True,79.03038513644282
447,601668.SH,中国建筑,0.3013698630136983,18.114143920595517,0.8668823835523731,0.5331355133213315,1.0486585699760855,0.9046600923369132,41320390444.0,4.46,4.51,4.45,4.48,199290897.0,893635979.0,4.47,0.22371364653246406,10.0,4.92,False,False,True,79.02651441842463
448,002332.SZ,仙琚制药,0.216494845360825,12.132822477650063,0.9179929272470622,1.223025874038568,1.1736964350335284,0.9349079654634456,985714191.0,8.47,8.59,8.41,8.46,11270820.0,96982610.0,8.46,0.0,10.0,9.31,False,False,True,78.95103541706987
449,301048.SZ,金鹰重工,0.1823416506717852,19.390243902439018,1.385835353245724,0.8860995486125515,1.0766166683980505,1.0601043743347844,533333400.0,9.12,9.31,9.12,9.16,5009910.0,46083755.0,9.15,0.10928961748633004,20.0,10.98,False,False,True,78.86394426166054
450,603160.SH,汇顶科技,0.03538728037614451,37.36853402017599,1.3751361006313374,1.1113872336327075,0.8636902476236886,0.5946917580724154,465982755.00000006,47.96,48.79,47.82,48.3,3079833.0,149084608.0,48.02,0.5830903790087438,10.0,52.82,False,False,True,78.85233210760597
451,600754.SH,锦江酒店,0.14776632302405518,22.475189725627565,1.253381017852942,1.368523613403993,1.009423234496191,0.9628899825890744,906044063.0,18.73,19.27,18.6,19.12,11939284.0,227150805.0,18.85,1.432360742705563,10.0,20.74,False,False,True,78.8387845945423
452,300712.SZ,永福股份,0.06249999999999997,28.109854604200322,2.0754337680532626,0.968647184928388,0.6978595100308642,1.4753999892252092,186740010.0,19.59,20.5,19.59,20.21,2668780.0,53759253.0,19.59,3.1648800408371702,20.0,23.51,False,False,True,78.81749564544222
453,601601.SH,中国太保,0.2222222222222222,21.83357879234169,1.2144266797869492,0.6714154026989706,1.043181767239696,0.9968992864068903,6845041455.0,31.38,32.12,31.32,31.98,45816158.0,1461017302.0,31.48,1.5883100381194337,10.0,34.63,False,False,True,78.79620669634218
454,600478.SH,科力远,0.11056511056511038,37.053571428571416,1.1652315436465244,1.3651154864368913,0.6878727141769287,1.022082843205662,1693918916.0,4.93,5.02,4.9,4.96,23634592.0,117597001.0,4.93,0.6085192697768749,10.0,5.42,False,False,True,78.77685310625121
455,002032.SZ,苏 泊 尔,0.19624413145539873,21.537665027180953,1.3535096017150132,0.267856987302304,1.2363647988158626,0.6201235339682694,799557283.0,40.72,41.06,40.61,40.8,1328100.0,54193420.0,40.72,0.19646365422396617,10.0,44.79,False,False,True,78.77298238823302
456,688232.SH,新点软件,0.07949790794979077,29.04589371980677,1.459237792972748,0.8718681845466609,1.1169680153599801,0.4777679176238283,321981975.0,18.14,18.25,17.98,18.01,1341218.0,24288291.0,18.08,-0.38716814159289736,20.0,21.7,False,False,True,78.76524095219663
457,002801.SZ,微光股份,0.12390670553935856,28.525641025641015,1.6133472320124376,1.137952094381214,0.7239270502090154,0.5538863963748101,115802700.0,26.49,26.99,26.49,26.75,729900.0,19564450.0,26.66,0.33758439609903323,10.0,29.33,False,False,True,78.75749951616024
458,000538.SZ,云南白药,0.3201407211961303,15.303197353913989,0.791081152186524,0.526237110364484,1.1062445634163764,0.6721299152521816,1784132392.9999998,48.99,49.51,48.82,49.23,6310471.0,317112284.0,48.99,0.48989589712185033,10.0,53.89,False,False,True,78.75556415715116
459,003000.SZ,劲仔食品,0.11486486486486486,17.59656652360515,1.2387269388384485,1.6624974016855971,1.2560397145894022,1.4894871309436557,308060295.0,9.59,9.69,9.52,9.64,7628400.0,74123571.0,9.66,-0.20703933747411307,10.0,10.63,False,False,True,78.7265337720147
460,002597.SZ,金禾实业,0.14421252371916507,23.235613463626482,1.4895372403368763,1.2589465452063564,0.8935250355997923,0.6351557448705247,565976294.0,19.93,20.28,19.85,19.99,4525700.0,90844889.0,19.94,0.25075225677029245,10.0,21.93,False,False,True,78.72459841300562
461,600195.SH,中牧股份,0.34461538461538455,20.315236427320492,1.1216547110332171,0.660921485583294,0.7938046491463203,0.8792916478999648,1021148260.0,6.78,6.96,6.78,6.91,5934329.0,40991936.0,6.83,1.171303074670571,10.0,7.51,False,False,True,78.64718405264176
462,002950.SZ,奥美医疗,0.169811320754717,24.489795918367328,1.3294927393066314,1.6512343996164698,0.6999253517672175,0.7625329145827813,429625255.00000006,9.49,9.55,9.38,9.42,5409500.0,51131360.0,9.41,0.10626992561104665,10.0,10.35,False,False,True,78.63847493710084
463,001914.SZ,招商积余,0.21006564551422321,24.619289340101535,1.2006036507991775,0.7299968989944119,1.0018096044333162,0.8102029563490079,1053719483.0,8.83,9.0,8.76,8.93,6232178.0,55578937.0,8.84,1.0180995475113086,10.0,9.72,False,False,True,78.63557189858719
464,601375.SH,中原证券,0.3153153153153154,15.44715447154472,0.844746892209874,0.9902323299269273,0.9181499664419015,2.1041711974504973,3447519699.9999995,4.05,4.16,4.03,4.15,71833153.0,295799626.0,4.04,2.722772277227725,10.0,4.44,False,False,True,78.62589510354172
465,688236.SH,春立医疗,0.08858390517779163,23.72234935163997,1.8364600871391688,0.7702905751175286,1.039668286410066,0.7913302120771719,288428000.0,14.53,14.71,14.4,14.63,1758125.0,25585557.0,14.53,0.6882312456985673,20.0,17.44,False,False,True,78.61428294948712
466,600480.SH,凌云股份,0.07726597325408611,38.98734177215191,1.4103631631315938,1.0793551121482454,0.7124239859245052,0.6246808673837267,1213185142.0,8.41,8.52,8.36,8.39,8179931.0,68887822.0,8.42,-0.3562945368170922,10.0,9.26,False,False,True,78.53493323011419
467,002311.SZ,海大集团,0.17424826522744805,24.181547619047628,1.476698219817631,0.5964489961173235,1.037330468692384,0.7737977872469096,1654870556.0,44.84,45.72,44.45,44.51,7635187.0,344715598.0,44.84,-0.7359500446030398,10.0,49.32,False,False,True,78.47300174182311
468,600150.SH,中国船舶,0.31499623210248706,19.112090680100735,1.0018077232353901,1.0011289356286786,0.812753089588188,0.8557829143308937,7525621287.999999,33.84,34.43,33.77,34.11,64475688.0,2204941842.0,33.84,0.7978723404255206,10.0,37.22,False,False,True,78.45751886975034
469,300101.SZ,振芯科技,0.044169611307420496,30.1659125188537,1.752324084929049,1.4604405203252198,0.6670880929267153,0.6319128813020197,565589340.0,14.25,14.47,14.21,14.3,5219661.0,74912367.0,14.26,0.28050490883591017,20.0,17.11,False,False,True,78.45558351074125
470,002117.SZ,东港股份,0.11897590361445773,30.270270270270274,1.2583836667142763,1.2947820846525482,0.9153648368868594,1.1315860724264062,523554680.0,8.1,8.24,8.1,8.13,7670900.0,62605072.0,8.19,-0.7326007326007189,10.0,9.01,False,False,True,78.39558738145925
471,601599.SH,浙文影业,0.11764705882352938,22.18181818181817,1.3667526745147653,1.6122990461599207,0.9988824093079618,0.9732615142855927,1160542453.0,3.09,3.14,3.08,3.12,18211100.0,56750322.0,3.09,0.9708737864077666,10.0,3.4,False,False,True,78.38397522740468
472,002386.SZ,天原股份,0.39285714285714285,19.444444444444443,0.9491285588481997,1.086509838818619,0.45472974576618946,1.2812434851989467,1301385155.0,5.9,5.99,5.88,5.97,18116370.0,107943638.0,5.91,1.0152284263959421,10.0,6.5,False,False,True,78.35494484226825
473,000501.SZ,武商集团,0.17938144329896893,23.593749999999993,1.3112011700112514,0.9069952503370825,1.0443713282123828,1.217426277186502,768293891.0,7.25,7.35,7.23,7.3,8483500.0,62004620.0,7.27,0.4126547455295837,10.0,8.0,False,False,True,78.33365589316819
474,603363.SH,傲农生物,0.08611111111111112,26.538461538461533,1.6195626727774148,1.5116304472960829,0.8019507257754109,0.778938861986946,2146589668.0,2.89,2.98,2.88,2.9,25275400.0,73858072.0,2.91,-0.3436426116838587,10.0,3.2,False,False,True,78.32978517515
475,688219.SH,会通股份,0.1515151515151517,37.512742099898055,1.2944251229707988,0.8624219796215384,0.686505406413192,1.0116570256170674,549600000.0,10.46,10.57,10.42,10.5,4795124.0,50351928.0,10.46,0.3824091778202643,20.0,12.55,False,False,True,78.3278498161409
476,000965.SZ,天保基建,0.16751269035532998,21.45328719723183,1.4733564813461935,1.322643883508031,0.8683654720988151,0.8240957135110323,1109830895.0,3.2,3.26,3.2,3.24,12096992.0,39143849.0,3.22,0.6211180124223503,10.0,3.54,False,False,True,78.31817302109542
477,300848.SZ,美瑞新材,0.11877394636015326,37.07274320771254,1.3725643560943706,1.1756196145840965,0.630390403558945,3.7021318165701587,253122512.0,11.61,12.08,11.0,11.55,11016648.0,128801059.0,12.65,-8.695652173913038,20.0,15.18,False,False,True,78.31236694406812
478,300206.SZ,理邦仪器,0.18566176470588233,27.429609445958224,1.2840754608969747,1.4360378854438158,0.6442130469727477,2.2958645698790994,338379565.0,12.1,12.23,11.7,11.82,11156200.0,132653539.0,12.02,-1.6638935108153063,20.0,14.42,False,False,True,78.2717244048771
479,000881.SZ,中广核技,0.11653116531165306,37.66666666666667,1.2816055816883305,0.9733700293916326,0.8063801339596529,0.9124501184130394,903730851.0,6.43,6.56,6.43,6.56,8026500.0,52409891.0,6.43,2.0217729393468,10.0,7.07,False,False,True,78.25043545577705
480,002526.SZ,山东矿机,0.13592233009708748,28.688524590163933,1.1167178890579528,1.4122369864400697,0.9357944611721581,1.0604669571438092,1771234438.0,2.73,2.79,2.69,2.73,26526550.0,72770747.0,2.72,0.3676470588235281,10.0,2.99,False,False,True,78.24075866073157
481,603086.SH,先达股份,0.11956521739130438,25.6,1.2207270767589993,1.5929413614804138,0.9853819068525425,1.2737993679297215,434813143.0,5.69,5.78,5.66,5.7,8822740.0,50613119.0,5.66,0.7067137809187329,10.0,6.23,False,False,True,78.23882330172248
482,601106.SH,中国一重,0.07832898172323756,36.101083032490976,1.472126509632544,0.8517207729051177,0.8941917979987299,0.739338465168095,6857782927.0,3.08,3.14,3.08,3.1,43184140.0,134482840.0,3.07,0.9771986970684043,10.0,3.38,False,False,True,78.21753435262241
483,600106.SH,重庆路桥,0.07780979827089325,36.5,1.5469203437980872,0.8835027145635509,0.8096647316815684,0.8694155091914924,1329025062.0,4.26,4.36,4.25,4.33,10208653.0,44052153.0,4.27,1.4051522248243575,10.0,4.7,False,False,True,78.16721501838592
484,600057.SH,厦门象屿,0.21693121693121703,26.02996254681649,1.1109393567257613,0.8195401147881776,0.9586812509094746,1.9900356407614732,2092510164.0,6.16,6.47,6.11,6.45,34127042.0,215729477.0,6.16,4.707792207792205,10.0,6.78,False,False,True,78.15366750532223
485,600132.SH,重庆啤酒,0.01637612255678829,33.29949238578682,1.4757737696878963,0.9358436656389576,1.0762679621510893,0.7980570491064034,483971198.0,39.66,40.39,39.56,40.04,3614571.0,144962535.0,39.71,0.8310249307479145,10.0,43.68,False,False,True,78.14786142829496
486,001201.SZ,东瑞股份,0.21951219512195133,18.63414634146341,1.174928250069509,1.4019745289334464,0.9034203256716599,0.9207902575623859,212507395.0,11.98,12.19,11.95,12.13,2743310.0,33204236.0,12.05,0.663900414937757,10.0,13.26,False,False,True,78.13044319721308
487,688588.SH,凌志软件,0.0945307224848076,28.918590522478716,1.5956258311685696,0.9366215409608291,0.9626234385509991,0.672699524547186,390010003.0,9.66,9.75,9.51,9.64,2457316.0,23680293.0,9.63,0.10384215991692258,20.0,11.56,False,False,True,78.11302496613122
488,600420.SH,国药现代,0.2439678284182304,20.603674540682416,1.0108920336943439,0.761039880313933,1.1476753827258472,0.8466561512868153,1341172692.0,8.56,8.73,8.54,8.61,8641700.0,75268731.0,8.53,0.9378663540445586,10.0,9.38,False,False,True,78.10721888910392
489,001391.SZ,国货航,0.07317073170731692,30.7888040712468,1.0791921796163493,1.4160961775057486,1.1278350830522046,0.843302550491682,1519354020.0,4.14,4.19,4.14,4.16,18144088.0,75651708.0,4.14,0.48309178743961567,10.0,4.55,False,False,True,78.10334817108574
490,600507.SH,方大特钢,0.14330218068535824,26.09819121447028,1.3176809966690424,1.2022376703692625,0.9884455614990406,1.2909333004991201,2313187890.0,4.32,4.44,4.31,4.41,35900876.0,157513833.0,4.33,1.8475750577367167,10.0,4.76,False,False,True,78.09947745306754
491,688285.SH,高铁电气,0.29362880886426607,24.585218702865763,1.2330068220080999,0.607429516719462,0.7955341141927753,0.942876043008344,376289913.0,7.74,7.8,7.69,7.75,2155128.0,16710558.0,7.69,0.7802340702210531,20.0,9.23,False,False,True,78.08399458099477
492,600635.SH,大众公用,0.13425925925925927,30.487804878048784,1.280432086330841,1.4231301482381633,0.8164260406498539,0.7546072943795304,2418791675.0,4.56,4.66,4.54,4.63,25975510.0,120166330.0,4.57,1.3129102844638973,10.0,5.03,False,False,True,78.08109154248113
493,601966.SH,玲珑轮胎,0.2045454545454545,25.780463242698893,1.3204864824965672,0.6624179929842966,0.9739064729811543,0.9791203266270911,1463502683.0,11.24,11.38,11.2,11.34,9492087.0,107426714.0,11.19,1.3404825737265424,10.0,12.31,False,False,True,78.05109347784014
494,600425.SH,青松建化,0.29050279329608947,17.834394904458595,1.145993442966941,0.9427244097467466,0.909187036395137,1.009758930359659,1604703707.0,3.67,3.73,3.65,3.71,15275566.0,56569534.0,3.66,1.3661202185792254,10.0,4.03,False,False,True,78.04528740081285
495,000822.SZ,山东海化,0.15217391304347816,31.592689295039158,1.2237529258303392,1.461999820340236,0.699732132571171,0.8698318199800114,895091926.0,4.4,4.46,4.37,4.45,11382830.0,50394846.0,4.39,1.3667425968109548,10.0,4.83,False,False,True,78.04528740081285
496,002481.SZ,双塔食品,0.18771331058020474,18.918918918918926,1.3779854960973084,0.9986831269721099,1.0972768782344917,0.8267794608883232,1118152600.0,4.2,4.31,4.2,4.25,9232482.0,39337286.0,4.25,0.0,10.0,4.68,False,False,True,77.98916198954907
497,600939.SH,重庆建工,0.1496062992125984,37.44493392070485,1.3995109660767096,0.503492186859514,0.7910876400029103,0.8409810539462789,1902474944.0,2.65,2.71,2.65,2.67,8055600.0,21580758.0,2.65,0.7547169811320753,10.0,2.92,False,False,True,77.98335591252177
498,600071.SH,凤凰光学,0.15115286080273282,34.76702508960574,1.5219965535435005,0.7916142039718691,0.657622496625928,0.8090574567574418,281573889.0,15.84,16.05,15.78,15.8,1803372.0,28661754.0,15.72,0.5089058524172962,10.0,17.29,False,False,True,77.96980839945809
499,600579.SH,中化装备,0.1488764044943821,32.339089481946615,1.2421103235220983,1.1236354885750832,0.8401137263440911,0.7440852220535183,493600759.00000006,6.92,7.1,6.89,7.01,4126900.0,28885706.0,6.9,1.5942028985507228,10.0,7.59,False,False,True,77.94464873233984
500,000707.SZ,双环科技,0.19243986254295548,24.938875305623487,1.3434584224825292,1.3141109018630308,0.7753627413481102,0.7463315664472467,550703589.0,4.65,4.69,4.64,4.68,5401094.0,25210272.0,4.65,0.6451612903225712,10.0,5.12,False,False,True,77.94077801432167
501,000049.SZ,德赛电池,0.12094064949608044,15.919282511210774,1.3581538582736417,2.2681966609310913,0.9467720547672791,0.6226963659017514,384534862.0,23.32,23.68,23.31,23.58,5431162.0,127884611.0,23.38,0.8554319931565413,10.0,25.72,False,False,True,77.9194890652216
502,688306.SH,均普智能,0.05341614906832316,33.17073170731708,1.8718851539821095,0.8072475369678666,0.8124610394452315,0.5585486763708143,1228282800.0,8.66,8.75,8.55,8.67,5538168.0,48023122.0,8.63,0.4634994206257126,20.0,10.36,False,False,True,77.85949293593963
503,601995.SH,中金公司,0.3060240963855422,23.76364804110469,0.7412520584633848,0.6204349114904535,0.9538125440854948,1.356595616716377,2923542440.0,33.6,34.61,33.52,34.55,24606851.0,843981002.0,33.68,2.5831353919239852,10.0,37.05,False,False,True,77.85175149990323
504,300466.SZ,赛摩智能,0.19199999999999995,29.25696594427245,1.2613461791650618,1.1412924985720978,0.7494201106995286,1.6151844691307247,460540826.0,7.47,7.64,7.4,7.51,8489600.0,63786039.0,7.42,1.21293800539084,20.0,8.9,False,False,True,77.84207470485775
505,603927.SH,中科软,0.12244897959183686,25.430680885972112,1.148530297641891,1.3374528301886746,1.2146581204240365,0.9692765517013041,831040000.0,13.49,13.84,13.47,13.71,10773284.0,147749035.0,13.39,2.389843166542205,10.0,14.73,False,False,True,77.83239790981229
506,000883.SZ,湖北能源,0.36974789915966405,29.02439024390244,0.9183755996983838,0.3761076402100625,0.5966755534100968,1.263962178249397,6479510729.0,4.53,4.65,4.53,4.61,30802676.0,142041612.0,4.54,1.541850220264318,10.0,4.99,False,False,True,77.80336752467583
507,600570.SH,恒生电子,0.0691657866948259,22.954091816367274,1.3183197436577245,1.7295713302129683,1.2395726826453195,0.7598319844479444,1893647942.0,21.23,21.95,21.2,21.61,24886011.0,537907973.0,21.35,1.2177985948477632,10.0,23.49,False,False,True,77.70853493323013
508,000708.SZ,中信特钢,0.33162393162393156,20.863895680521605,1.1572787753875693,0.274669918710775,0.946698136851256,0.6919551630972558,5047136128.0,13.67,13.95,13.6,13.85,9592550.0,134809771.0,13.61,1.763409257898596,10.0,14.97,False,False,True,77.70079349719373
509,603043.SH,广州酒家,0.22495894909688,21.061224489795926,1.148653253303657,0.7048066843419951,1.232318199191107,0.774617458308569,562452370.0,13.55,13.79,13.55,13.7,3070740.0,42120809.0,13.62,0.5873715124816492,10.0,14.98,False,False,True,77.69111670214825
510,601900.SH,南方传媒,0.3029801324503312,22.455089820359287,0.7088146871964573,0.7416314787199535,0.975314818662646,0.9202460764273593,881970094.0,11.82,11.83,11.63,11.74,6019300.0,70516323.0,11.85,-0.9282700421940904,10.0,13.04,False,False,True,77.67756918908458
511,603235.SH,天新药业,0.2896174863387979,18.889416231608934,1.127933377292845,0.139507686509201,1.1911306381244187,0.5601431385944926,437780000.0,23.16,23.43,23.16,23.27,342100.0,7970708.0,23.19,0.34497628288054916,10.0,25.51,False,False,True,77.65047416295724
512,600386.SH,北巴传媒,0.19166666666666662,29.000000000000004,1.2888078471533926,0.9521919208829323,0.845637551999,0.9553979636570182,806400000.0,3.44,3.52,3.43,3.49,7336000.0,25591795.0,3.46,0.8670520231213841,10.0,3.81,False,False,True,77.63886200890266
513,002507.SZ,涪陵榨菜,0.23487544483985767,16.116870876531575,0.9075875906670741,1.1072524091878937,1.2450331223935058,0.5752386192849686,1153718438.0,11.27,11.41,11.25,11.34,7348429.0,83444013.0,11.27,0.6211180124223725,10.0,12.4,False,False,True,77.60596090574802
514,600968.SH,海油发展,0.3203463203463202,27.217125382262996,1.017487974965316,0.41061759262739006,0.8103388422525528,1.9863777119571313,10165104199.0,3.9,3.93,3.76,3.9,82910822.0,320362168.0,4.01,-2.7431421446383997,10.0,4.41,False,False,True,77.58854267466614
515,000709.SZ,河钢股份,0.29999999999999977,19.786096256684505,1.2044840579524523,0.7682193007157019,0.9114572231812266,1.2534665198583455,10335412398.0,2.11,2.16,2.1,2.15,99523528.0,213060624.0,2.11,1.8957345971563955,10.0,2.32,False,False,True,77.5711244435843
516,000828.SZ,东莞控股,0.3136531365313653,14.754098360655732,0.8674673810613898,0.6426592062864463,1.2073797432505726,1.671399247395984,1039516992.0,10.0,10.29,9.95,10.16,11165869.0,113632688.0,10.0,1.6000000000000014,10.0,11.0,False,False,True,77.54983549448423
517,003816.SZ,中国广核,0.35074626865671626,25.336927223719698,1.2058067776877057,0.2521736075554555,0.7527956559702472,2.2203949455909107,39335192867.0,3.96,4.15,3.96,4.14,220247574.0,902172790.0,3.96,4.545454545454541,10.0,4.36,False,False,True,77.53048190439327
518,600486.SH,扬农化工,0.14011946241911408,23.76524075222153,1.4386675737299421,1.3730740119832787,0.9724867390107803,0.6266689326400368,404111938.0,53.5,54.95,52.93,54.15,3477233.0,188267362.0,54.02,0.24065161051460837,10.0,59.42,False,False,True,77.49951616024772
519,600981.SH,苏豪汇鸿,0.17948717948717952,35.2112676056338,1.2398961141559917,0.764768221910974,0.7996365120393686,0.9866224923355921,2242433192.0,2.48,2.53,2.47,2.49,16920000.0,42359445.0,2.48,0.40322580645162365,10.0,2.73,False,False,True,77.49951616024772
520,603069.SH,海汽集团,0.06535947712418304,39.17878528656973,1.522172894327597,0.9618815348101211,0.7783627994519916,1.0837803998765407,316000000.0,12.93,13.29,12.93,13.07,3294200.0,43348294.0,12.99,0.615858352578913,10.0,14.29,False,False,True,77.49564544222955
521,002480.SZ,新筑股份,0.14878892733564006,35.43788187372709,1.3687206337242181,1.0878736677122849,0.6814387130150005,0.4524454348781414,767487470.9999999,5.33,5.44,5.32,5.43,3777600.0,20404776.0,5.34,1.6853932584269593,10.0,5.87,False,False,True,77.48016257015678
522,600679.SH,上海凤凰,0.18601190476190474,35.39192399049882,1.1812683333924967,0.71309259613261,0.8173341892883345,1.12862502087534,343694257.0,9.62,9.84,9.62,9.81,2766100.0,27087407.0,9.67,1.4477766287487093,10.0,10.64,False,False,True,77.44339074898394
523,600282.SH,南钢股份,0.2137931034482757,16.43835616438356,1.5443279717319878,0.6697156867000174,1.090512377502979,0.9214493335852447,6165091011.0,4.62,4.72,4.61,4.68,38045336.0,182438013.0,4.63,1.0799136069114423,10.0,5.09,False,False,True,77.43564931294756
524,002690.SZ,美亚光电,0.21309523809523814,18.639053254437865,1.0113392976794073,1.3898972733965504,1.0644054629208608,1.8390260823081441,427032322.0,15.5,16.18,15.49,15.97,10915191.0,174262614.0,15.31,4.3109079033311515,10.0,16.84,False,False,True,77.41629572285659
525,605009.SH,豪悦护理,0.2380446333687567,22.26524685382383,1.1582040803349414,0.6593221496720978,1.138855264363235,2.3173518857238897,214957453.0,25.36,25.86,25.0,25.55,3284295.0,83927210.0,25.14,1.6308671439936306,10.0,27.65,False,False,True,77.4085542868202
526,000888.SZ,峨眉山Ａ,0.21804511278195504,22.6525821596244,0.9844444142580591,1.4593853940644612,0.9054961454527469,1.2856897138615881,526913102.0,9.92,10.14,9.92,10.07,9886559.0,99446506.0,9.97,1.0030090270812364,10.0,10.97,False,False,True,77.364041029611
527,600633.SH,浙数文化,0.036649214659685785,25.154004106776174,1.4457754610744826,1.9380323468888454,1.0039608026361488,0.46682613547981083,1268074472.0,10.02,10.17,9.97,10.11,11472576.0,116658212.0,10.02,0.8982035928143617,10.0,11.02,False,False,True,77.33888136249274
528,300022.SZ,吉峰科技,0.2694610778443113,21.00139082058412,1.1803647356633995,1.5755005230603172,0.6215254428045753,1.5639417641194324,494225980.0,8.09,8.28,8.03,8.18,12177684.0,99421865.0,8.09,1.1124845488257096,20.0,9.71,False,False,True,77.33694600348365
529,600690.SH,海尔智家,0.3164556962025316,22.023809523809533,1.0088812332212886,0.6831802535048425,0.9296672483290721,0.5654483373463702,6253028411.0,21.21,21.49,21.1,21.15,24155645.0,514206342.0,21.23,-0.37682524729157896,10.0,23.35,False,False,True,77.3098509773563
530,000635.SZ,英 力 特,0.1613508442776736,33.0357142857143,1.3435968195222807,1.205664254517804,0.7038008231191385,1.110338466238778,366819816.0,6.43,6.6,6.41,6.58,4910600.0,32084758.0,6.46,1.8575851393188847,10.0,7.11,False,False,True,77.30598025933811
531,002533.SZ,金杯电工,0.2023217247097845,26.394422310756973,1.2874761094414133,1.4248323426699716,0.7221001967752328,0.624025600174625,646143983.0,11.3,11.42,11.17,11.21,5745072.0,64988695.0,11.26,-0.444049733570151,10.0,12.39,False,False,True,77.28662666924714
532,301311.SZ,昆船智能,0.1685279187817259,25.761316872427976,1.4342272276739159,0.9262165624999955,0.9917083629730108,1.1230306447185059,240000000.0,13.8,13.8,13.46,13.63,2496407.0,34080718.0,13.81,-1.303403330919617,20.0,16.57,False,False,True,77.26146700212888
533,002911.SZ,佛燃能源,0.21033210332103308,26.045016077170423,1.5863189740241626,0.4797809335791125,0.852298209264425,0.735230636156145,1267038001.0,10.98,11.16,10.95,11.05,4469472.0,49560327.0,11.04,0.09057971014494459,10.0,12.14,False,False,True,77.2595316431198
534,603987.SH,康德莱,0.24695121951219526,19.047619047619047,1.0321682542371895,1.085772338012181,1.0699552135548511,0.9806541919480927,436790880.00000006,7.53,7.67,7.53,7.55,4650806.0,35288870.0,7.53,0.26560424966799445,10.0,8.28,False,False,True,77.2498548480743
535,003012.SZ,东鹏控股,0.14326647564469913,22.877358490566024,1.7096166856498054,0.7856198885973646,1.0507864984424227,0.7589022305622499,1134585953.0,4.76,4.81,4.74,4.75,6764500.0,32314309.0,4.74,0.21097046413500742,10.0,5.21,False,False,True,77.24017805302883
536,000513.SZ,丽珠集团,0.015405224380442088,23.34887334887337,1.533529523804189,1.4206807624818008,1.4501120509779355,0.9820640590532375,567651788.0,26.0,26.57,25.98,26.34,7919875.0,208489232.0,25.97,1.4247208317289317,10.0,28.57,False,False,True,77.22082446293787
537,600798.SH,宁波海运,0.18023255813953495,27.0,1.242587942998279,1.4989321342909816,0.7896556523332271,0.9654314406502003,1206534201.0,3.3,3.35,3.27,3.31,17459952.0,57971496.0,3.31,0.0,10.0,3.64,False,False,True,77.21695374491968
538,000425.SZ,徐工机械,0.08048289738430574,30.839895013123364,1.4194861469589686,1.2656773040221048,1.0097410931590844,0.688333496391563,8998084894.0,8.03,8.12,7.98,8.0,78392043.0,630040325.0,8.02,-0.24937655860348684,10.0,8.82,False,False,True,77.20340623185602
539,600461.SH,洪城环境,0.35260115606936376,15.357561547479492,0.7070385511129595,0.7760129220106442,1.0578952251721843,0.7840788065471049,1284156812.0,8.91,9.04,8.9,9.04,7813520.0,70341475.0,8.93,1.2318029115341522,10.0,9.82,False,False,True,77.19953551383782
540,603551.SH,奥普科技,0.1906976744186047,27.732079905992933,1.1290622671421986,0.7748239783770355,1.089588638843174,0.878082265616525,381227343.0,9.29,9.4,9.26,9.38,2587000.0,24180392.0,9.33,0.5359056806002238,10.0,10.26,False,False,True,77.16663441068317
541,300384.SZ,三联虹普,0.16608594657375164,21.130676552363315,1.1875758739045001,1.6436597802826187,1.0261334994488078,0.6067093267127653,220381842.0,12.18,12.38,12.15,12.22,2197700.0,26941686.0,12.22,0.0,20.0,14.66,False,False,True,77.1608283336559
542,002942.SZ,新农股份,0.1737193763919823,29.69334330590876,1.1460212897893287,1.158085868049931,0.9107146298059485,3.6437752489167674,138758083.0,15.71,17.28,15.71,17.28,5855320.0,100050865.0,15.71,9.993634627625724,10.0,17.28,True,False,True,77.14341010257402
543,000568.SZ,泸州老窖,0.1602086438152012,26.408298516063965,1.4255932490856156,0.7823547461132747,1.0986781248053445,1.3833400087417496,1471060137.0,76.63,79.54,76.6,78.26,15920734.0,1317127941.0,80.16,-2.3702594810379174,10.0,88.18,False,False,True,77.10083220437392
544,601033.SH,永兴股份,0.30088495575221236,15.969581749049432,0.91244477462748,1.4934714166666627,0.8469771277062688,0.9463084244944538,240000000.0,14.25,14.44,14.22,14.34,3391883.0,48731866.0,14.17,1.1997177134791759,10.0,15.59,False,False,True,77.02728856202826
545,601318.SH,中国平安,0.3174034249303066,19.3359375,1.1046471648205205,0.7044914971463265,0.9889239363422927,1.4027260199572615,10660065083.000002,53.91,55.4,53.71,55.15,105343675.0,5886018865.0,54.05,2.0351526364477346,10.0,59.46,False,False,True,76.97116315076447
546,600691.SH,潞化科技,0.16849816849816848,31.308411214953267,1.398801101291671,1.1972086266150765,0.7274010898310188,1.58306301947184,2375585952.0,2.56,2.69,2.56,2.67,45023452.0,119176911.0,2.6,2.6923076923076827,10.0,2.86,False,False,True,76.96922779175537
547,000753.SZ,漳州发展,0.0764872521246459,29.85781990521328,1.4190482943064309,1.7441168627212202,0.8786665205659757,0.7978911289137218,991481071.0,4.76,4.87,4.74,4.83,13797603.0,66473459.0,4.76,1.4705882352941346,10.0,5.24,False,False,True,76.9595509967099
548,603999.SH,读者传媒,0.21319796954314715,25.256673511293613,1.350653499417742,1.0923961631944392,0.8532366082627864,0.6437492096367727,576000000.0,5.7,5.74,5.66,5.67,4050600.0,23054794.0,5.71,-0.7005253940455369,10.0,6.28,False,False,True,76.90729630346429
549,300926.SZ,博俊科技,0.05541810984661047,28.101736972704707,1.6771027066438269,1.3759580049181652,0.9417937835880495,0.6344234304842836,297992990.0,17.2,17.38,17.05,17.1,2601300.0,44670689.0,17.24,-0.8120649651972012,20.0,20.69,False,False,True,76.87245984130055
550,600085.SH,同仁堂,0.1980542043085477,26.728971962616832,1.047727315147881,0.658987165118708,1.2856638262363353,0.5476616964745785,1371470262.0,24.25,24.57,24.2,24.45,4949664.0,121060998.0,24.25,0.8247422680412342,10.0,26.68,False,False,True,76.86858912328236
551,002419.SZ,天虹股份,0.27488151658767784,21.411192214111917,1.4228693420739544,0.9687711774365251,0.7763008118963873,1.227758544256677,1141239697.0,4.65,4.69,4.58,4.65,13574100.0,63040591.0,4.69,-0.8528784648187626,10.0,5.16,False,False,True,76.85697696922779
552,603027.SH,千禾味业,0.15366972477064217,21.52466367713004,1.4427493284859074,1.223694499667823,1.111647122599555,0.57616789826727,1330738612.0000002,7.37,7.45,7.33,7.4,9382419.0,69506347.0,7.36,0.5434782608695565,10.0,8.1,False,False,True,76.82988194310045
553,603809.SH,豪能股份,0.07547169811320743,30.528846153846146,1.5488559930967312,1.243502872462944,0.9695548859706419,0.4510933425167488,920288807.0,9.03,9.14,8.97,9.0,5162230.0,46684716.0,9.04,-0.4424778761061843,10.0,9.94,False,False,True,76.81633443003678
554,603585.SH,苏利股份,0.12843137254901948,29.133858267716526,1.3355687315144826,1.3919465010140006,0.9432746986025187,0.8952620191208233,270796011.0,10.2,10.37,10.17,10.31,3374543.0,34790750.0,10.2,1.078431372549038,10.0,11.22,False,False,True,76.81052835300947
555,603275.SH,众辰科技,0.11521214211797158,32.787897499228144,1.4503119628727883,1.7394324046369127,0.5319850791766745,1.7571177455743332,41535963.0,37.39,37.5,36.18,36.77,1269500.0,46692341.0,35.73,2.910719283515273,10.0,39.3,False,False,True,76.80859299400039
556,601019.SH,山东出版,0.2508591065292097,21.077654516640255,1.2285024459701295,0.4796496573865496,1.2462948105085203,2.3745595657587346,2086900000.0,6.98,7.02,6.74,6.79,23768887.0,161777282.0,7.04,-3.5511363636363646,10.0,7.74,False,False,True,76.8066576349913
557,605507.SH,国邦医药,0.16203703703703715,17.782426778242687,1.5079341019525891,0.8825415487051892,1.548888659576425,0.6670027329937969,782352899.9999999,15.36,15.73,15.3,15.38,4605380.0,71441954.0,15.39,-0.06497725795970855,10.0,16.93,False,False,True,76.78536868589124
558,688599.SH,天合光能,0.07451923076923088,31.324278438030582,1.7294558126966866,1.3472601256568306,0.7721629782234882,0.5819361998398734,2342567686.0,12.61,12.93,12.59,12.76,18366186.0,235428193.0,12.71,0.3933910306844979,20.0,15.25,False,False,True,76.78149796787304
559,600688.SH,上海石化,0.18750000000000014,38.80597014925373,0.655309338293934,0.8506177637075861,0.8153653591497573,0.9243726793612008,7328813500.0,2.83,2.87,2.82,2.86,57625568.0,164357809.0,2.85,0.35087719298245723,10.0,3.14,False,False,True,76.74666150570931
560,600859.SH,王府井,0.1228070175438597,25.111111111111107,1.4204292132674827,1.3554632677334482,1.0858993615231856,0.7010915313062891,1123828064.0,9.91,10.09,9.91,10.02,10679781.0,107208166.0,9.98,0.4008016032064132,10.0,10.98,False,False,True,76.71569576156378
561,002701.SZ,奥瑞金,0.2719665271966528,21.739130434782616,1.0122364842398697,0.9724702761280055,0.9978013821027958,0.5529729340520315,2557357434.0,4.78,4.85,4.78,4.8,13752183.0,66237835.0,4.79,0.20876826722338038,10.0,5.27,False,False,True,76.70698664602284
562,600731.SH,湖南海利,0.2706270627062704,20.07952286282306,1.0865986312461255,1.3564900586213102,0.8657811342897389,0.85915084388724,541682665.0,5.8,5.94,5.8,5.88,6312930.0,37137504.0,5.85,0.512820512820511,10.0,6.44,False,False,True,76.7021482485001
563,301283.SZ,聚胶股份,0.14027849406910792,23.67957746478875,1.4999558974852762,1.3078970874310463,1.0173316924261007,0.6630412905401701,91361202.0,25.25,25.73,24.91,25.08,792275.0,20236244.0,25.44,-1.4150943396226578,20.0,30.53,False,False,True,76.7021482485001
564,002074.SZ,国轩高科,0.10836277974087154,34.75382705833678,1.3758507722811153,1.5107993130183257,0.7631415063804805,1.645146185137628,1736657690.0,26.88,28.02,26.78,27.89,43164379.0,1196558917.0,26.93,3.5647976234682632,10.0,29.62,False,False,True,76.69247145345462
565,000685.SZ,中山公用,0.3907156673114123,18.413021363173954,0.8062663290629446,1.081843432610611,0.8234788437144994,1.458935369126599,1246581940.0,11.12,11.42,11.11,11.34,19675297.0,222557797.0,11.13,1.8867924528301883,10.0,12.24,False,False,True,76.63053996516355
566,300150.SZ,世纪瑞尔,0.23241590214067268,25.348189415041777,1.4458517870243486,1.2301440693058825,0.6241117141465923,0.7102550468875541,463663232.0,4.35,4.39,4.31,4.39,4051100.0,17674590.0,4.35,0.9195402298850519,20.0,5.22,False,False,True,76.61312173408167
567,000543.SZ,皖能电力,0.27551020408163257,31.49717514124295,0.9895589922069284,1.026383129579146,0.5314216709408549,0.867434942264359,2266863331.0,7.42,7.5,7.41,7.47,20182351.0,150575675.0,7.47,0.0,10.0,8.22,False,False,True,76.61118637507258
568,600511.SH,国药股份,0.30888030888030915,14.01831939466347,0.8776237988318986,0.9723750830636926,1.1393795883742939,0.7183929346949094,553346424.0,26.74,27.07,26.65,26.92,3865387.0,103947893.0,26.71,0.786222388618496,10.0,29.38,False,False,True,76.58022063092703
569,600081.SH,东风科技,0.2445255474452555,25.568181818181813,1.3017373690154923,0.5334218993650836,1.0023472891854366,1.68792202016656,553026170.0,10.1,10.54,10.08,10.35,4979307.0,51420989.0,10.14,2.071005917159763,10.0,11.15,False,False,True,76.5511902457906
570,000906.SZ,浙商中拓,0.26595744680851063,29.065040650406495,1.1298657235075948,0.8532099203056224,0.7842176943163967,3.3463356378357245,703701505.0,5.43,5.72,5.39,5.62,20091570.0,112602232.0,5.42,3.690036900368998,10.0,5.96,False,False,True,76.53377201470873
571,600155.SH,华创云信,0.2714285714285716,18.339768339768337,0.9795061762270911,1.172144497771924,1.0402335184639038,2.0728562165429163,2213542477.0,6.12,6.19,6.03,6.13,53782154.0,328854384.0,5.94,3.1986531986532007,10.0,6.53,False,False,True,76.4970001935359
572,601326.SH,秦港股份,0.3980582524271844,20.401337792642128,0.986818780895452,0.46731397025238547,0.947532909821659,1.0010905157144196,4757559000.0,3.39,3.48,3.39,3.45,22256983.0,76824435.0,3.4,1.4705882352941346,10.0,3.74,False,False,True,76.48925875749951
573,002773.SZ,康弘药业,0.06651685393258429,27.200843437005794,1.6247236162691745,1.355280434839445,1.0318667408111393,0.5449798876316573,686839429.0,20.45,20.83,20.4,20.47,5073000.0,104302006.0,20.45,0.09779951100243878,10.0,22.5,False,False,True,76.47184052641765
574,600609.SH,金杯汽车,0.13362068965517246,22.112211221122124,1.4562228671241282,1.3912296453617625,1.1335385157310165,1.1131935484784532,1304558558.0,3.33,3.42,3.33,3.39,20203801.0,68386712.0,3.34,1.4970059880239583,10.0,3.67,False,False,True,76.44861621830849
575,002945.SZ,华林证券,0.1448598130841122,22.434367541766107,1.5893985628832252,0.6719785333333274,1.4487457017933512,0.7497815020590054,2700000000.0,13.73,14.21,13.73,14.05,13603601.0,190920275.0,13.81,1.73787110789283,10.0,15.19,False,False,True,76.4447455002903
576,688366.SH,昊海生科,0.08533042846768342,24.342105263157897,1.8996348895937287,0.48064763410789957,1.4865599979599171,0.6521864641862092,194051855.0,29.72,30.29,29.2,29.94,608298.0,18416736.0,29.71,0.7741501178054611,20.0,35.65,False,False,True,76.44281014128121
577,600587.SH,新华医疗,0.20274914089347074,19.734513274336262,1.2351114898047295,1.182518760256753,1.1711848153984736,0.5375367997727696,606644549.0,12.49,12.65,12.42,12.58,3856120.0,48479412.0,12.48,0.8012820512820484,10.0,13.73,False,False,True,76.43119798722662
578,600640.SH,国脉文化,0.1488439306358381,25.759162303664908,1.4444314051140548,0.9802679697314345,1.1287219064144045,0.5968818740884556,791551340.0,10.51,10.74,10.5,10.68,4631400.0,49329363.0,10.58,0.9451795841209698,10.0,11.64,False,False,True,76.42732726920845
579,002159.SZ,三特索道,0.16757940854326392,23.65145228215768,1.314766375496348,2.0935504162407104,0.7598062885147253,0.7636693967879219,138486813.0,13.5,13.65,13.44,13.59,2214100.0,29969290.0,13.58,0.07363770250368162,10.0,14.94,False,False,True,76.38281401199923
580,002063.SZ,远光软件,0.1831501831501831,25.0,1.2985437354955693,1.7327018415618414,0.7869620747368349,0.42665716281196425,1769109143.0,5.37,5.44,5.36,5.4,13078487.0,70723429.0,5.38,0.3717472118959231,10.0,5.92,False,False,True,76.36733113992645
581,002099.SZ,海翔药业,0.075829383886256,30.39014373716631,2.1087518068001634,1.0236122870470938,0.7326962791955077,0.6657167207983186,1616843253.0,5.18,5.31,5.17,5.21,11017749.0,57730435.0,5.19,0.3853564547205979,10.0,5.71,False,False,True,76.34023611379911
582,603668.SH,天马科技,0.015306122448979626,33.943089430894304,1.4543448723370023,1.5556839343121704,0.9317477971400194,0.6598948974204237,505796732.0,9.99,10.14,9.91,10.11,5192448.0,52210476.0,9.99,1.2012012012011963,10.0,10.99,False,False,True,76.33443003677183
583,688739.SH,成大生物,0.20693170234454653,17.927022739291388,1.4463524400778427,0.6424216712690556,1.4841137180796136,1.1177532576348788,416450000.0,20.81,21.46,20.81,21.25,2990398.0,63605720.0,20.94,1.4804202483285511,20.0,25.13,False,False,True,76.31314108767177
584,603589.SH,口子窖,0.09498834498834495,23.961297666476945,1.446556470294584,1.26910729467105,1.5742640732615212,0.3539094481601777,598119472.0,19.1,19.3,19.05,19.27,2686448.0,51650077.0,19.2,0.3645833333333348,10.0,21.12,False,False,True,76.30733501064448
585,600305.SH,恒顺醋业,0.26794258373205726,15.064102564102555,1.1662652750493199,0.842291767145534,1.30373261844772,0.6621475746249478,1102959908.0,6.8,6.87,6.76,6.8,6151444.0,41976093.0,6.8,0.0,10.0,7.48,False,False,True,76.25895103541707
586,688552.SH,航天南湖,0.10081402629931117,37.89473684210527,1.6969139641765179,0.9206957787740722,0.6916607738667307,0.6289788488548622,337248000.0,25.83,26.88,25.53,26.43,1952997.0,51715486.0,26.02,1.5757109915449652,20.0,31.22,False,False,True,76.25120959938067
587,600848.SH,上海临港,0.21311475409836048,32.48945147679325,1.1693101929553513,0.39355201133554096,0.9961881880205316,0.9897009962510547,2393912273.0,8.54,8.83,8.52,8.77,9324260.0,81262349.0,8.54,2.693208430913363,10.0,9.39,False,False,True,76.2454035223534
588,002423.SZ,中粮资本,0.22901849217638684,21.59800249687891,1.3032141489623816,0.766500041995683,1.1779281202517173,2.6307782909910578,2304105575.0,9.57,9.79,9.49,9.72,46462097.0,450538528.0,9.62,1.0395010395010562,10.0,10.58,False,False,True,76.23959744532611
589,603062.SH,麦加芯彩,0.23990772779700098,36.510353227770985,1.1412715934635087,0.839437894322293,0.37737952753231985,0.3891317525886821,37073100.0,39.15,39.6,38.89,39.38,121100.0,4750742.0,39.08,0.7676560900716556,10.0,42.99,False,False,True,76.23766208631702
590,600375.SH,汉马科技,0.059925093632958774,27.142857142857157,1.6093474536393397,1.475397432596864,1.0320382777220163,0.5653340107619691,1462685760.0,3.81,3.88,3.8,3.83,12200150.0,46884162.0,3.82,0.2617801047120505,10.0,4.2,False,False,True,76.21830849622606
591,600668.SH,尖峰集团,0.11879432624113477,20.0594353640416,1.5215183486931472,1.5910010291726493,1.130847715840899,0.9023023273256028,412900594.0,7.39,7.55,7.37,7.55,5927452.0,44473575.0,7.4,2.0270270270270174,10.0,8.14,False,False,True,76.20863170118056
592,300011.SZ,鼎汉技术,0.1570796460176991,31.401869158878526,1.3833909969789286,1.175402390672329,0.857137743057046,0.8160088367460511,509665579.0,6.06,6.11,6.0,6.06,4888400.0,29595616.0,6.06,0.0,20.0,7.27,False,False,True,76.19701954712599
593,600559.SH,老白干酒,0.11787072243346003,21.634168987929424,1.3090382922772381,1.619470712617805,1.378047483725876,0.4794989805280987,914747444.0,11.65,11.76,11.58,11.64,7103330.0,82932462.0,11.7,-0.5128205128204999,10.0,12.87,False,False,True,76.1950841881169
594,600873.SH,梅花生物,0.183848797250859,34.80825958702065,0.9467861535622326,1.0269744674108188,0.8969480120709747,0.684357288868079,2804241650.0,7.81,7.95,7.81,7.87,19708700.0,155535042.0,7.85,0.2547770700636942,10.0,8.64,False,False,True,76.1931488291078
595,603511.SH,爱慕股份,0.2459016393442622,26.23853211009173,1.3645319707658083,0.39103681631033405,0.9924134266179405,0.6843024399161745,401887312.0,12.69,12.8,12.63,12.68,1075400.0,13668239.0,12.7,-0.15748031496062298,10.0,13.97,False,False,True,76.17863363653957
596,002722.SZ,物产金轮,0.2336065573770493,23.15882874889088,1.0590165440533161,1.3650370186215355,0.9348387538893795,0.8095858816498315,222357010.0,13.04,13.11,12.94,12.95,2457300.0,31953627.0,12.98,-0.23112480739599928,10.0,14.28,False,False,True,76.17766595703503
597,000797.SZ,中国武夷,0.11956521739130437,25.59241706161137,1.6118923950444717,1.4465849097521222,0.9197928154325062,0.8971532525828955,1570574028.9999998,2.45,2.49,2.43,2.44,20383041.0,49958445.0,2.44,0.0,10.0,2.68,False,False,True,76.14476485388039
598,601500.SH,通用股份,0.3076923076923077,23.011363636363647,1.0467077199281032,0.8186915908159651,0.9471875680613924,1.0161996773754451,1583000735.0,4.04,4.08,4.03,4.05,13169840.0,53432759.0,4.04,0.24752475247524774,10.0,4.44,False,False,True,76.12347590478034
599,600037.SH,歌华有线,0.26243093922651933,20.491803278688536,1.1907311545389938,1.104986149499695,0.9804415902315358,0.8419038751393272,1391777884.0,7.04,7.17,7.01,7.15,12947600.0,92260084.0,7.05,1.4184397163120588,10.0,7.76,False,False,True,76.12154054577124
600,600808.SH,马钢股份,0.12217194570135748,28.326180257510725,1.5666955022087694,1.074082058755585,0.9992774529944063,1.1971574275115213,5967751186.0,2.6,2.69,2.59,2.67,76736049.0,204271744.0,2.6,2.6923076923076827,10.0,2.86,False,False,True,76.11186375072576
601,600960.SH,渤海汽车,0.20720720720720717,32.35294117647059,1.4526754174354068,0.9593524174320686,0.611731045174432,1.117483347797235,950515518.0,4.1,4.2,4.07,4.1,10190100.0,42020190.0,4.09,0.24449877750609694,10.0,4.5,False,False,True,76.10799303270757
602,601333.SH,广深铁路,0.3098591549295778,14.28571428571428,0.9185464765114897,1.1047168386605124,1.0840627702156003,0.8888953710747767,5652237000.0,2.95,2.98,2.93,2.96,55503706.0,164508373.0,2.95,0.3389830508474523,10.0,3.25,False,False,True,76.08089800658023
603,002269.SZ,美邦服饰,0.09183673469387751,25.984251968503933,1.5362748685411998,1.9722018467514175,0.8572184467952715,0.9458675461657639,2343729075.0,1.45,1.49,1.45,1.47,43720900.0,64329951.0,1.45,1.379310344827589,10.0,1.6,False,False,True,76.07412425004838
604,002230.SZ,科大讯飞,0.027787426189649325,27.989623865110257,1.3198804453846662,2.0442314668001274,1.0678405719130553,0.4526368395431296,2189966940.0,39.35,39.71,39.05,39.66,20263643.0,800821802.0,39.35,0.7878017789072267,10.0,43.29,False,False,True,76.06928585252565
605,002233.SZ,塔牌集团,0.11228070175438573,20.50147492625367,1.6614779348074602,1.1191353342536565,1.3999575837748426,1.1622128299892323,1173623408.0,7.08,7.34,7.08,7.28,15265008.0,112969398.0,7.1,2.5352112676056526,10.0,7.81,False,False,True,76.06928585252564
606,600918.SH,中泰证券,0.32900432900432924,19.22290388548058,0.9329355479081485,0.7683913770488019,1.0800843064316135,2.374328720449203,4562824063.0,5.65,5.81,5.62,5.8,83244788.0,479202888.0,5.65,2.65486725663715,10.0,6.22,False,False,True,76.02283723630732
607,600318.SH,新力金融,0.14362657091561937,21.76165803108807,1.4451794789703527,2.0802436779923696,0.8531130915621423,1.8189301359499956,512727632.0,6.58,6.74,6.54,6.72,19400680.0,129365620.0,6.59,1.9726858877086473,10.0,7.25,False,False,True,75.95703502999805
608,601828.SH,美凯龙,0.12605042016806717,27.722772277227726,1.3956540649849865,1.0258331644224132,1.2641828329719658,1.3085407577333605,3612402239.0,2.17,2.22,2.17,2.2,48490883.0,106450397.0,2.17,1.382488479262678,10.0,2.39,False,False,True,75.95703502999805
609,002662.SZ,峰璟股份,0.20270270270270258,37.91946308724834,1.3906007724268703,0.702578869160414,0.5364529863060447,0.9661006266018421,1499981099.9999998,3.27,3.33,3.25,3.3,10181300.0,33556382.0,3.28,0.6097560975609762,10.0,3.61,False,False,True,75.94542287594348
610,600834.SH,申通地铁,0.3378839590443687,18.952234206471495,1.09372031549557,0.5534695538994044,1.101509353807966,0.8664528141426524,477381905.0,7.52,7.57,7.46,7.57,2289310.0,17259153.0,7.48,1.2032085561497263,10.0,8.23,False,False,True,75.90671569576156
611,600502.SH,安徽建工,0.2033898305084743,23.09523809523808,1.013094850219769,1.6369770866714983,0.9750816843063311,0.8618373135690932,1716533938.0,4.56,4.64,4.53,4.61,24216997.0,111445274.0,4.56,1.0964912280701844,10.0,5.02,False,False,True,75.89897425972518
612,600361.SH,创新新材,0.2202380952380953,34.32835820895521,1.1660375643261838,1.0621258796748956,0.695850982611667,1.2582343229656672,3732662913.0,3.71,3.83,3.7,3.8,49883428.0,188942122.0,3.72,2.1505376344086002,10.0,4.09,False,False,True,75.82543061737951
613,600825.SH,新华传媒,0.21276595744680857,26.450116009280755,1.3885769624780278,0.9009839094214701,0.9332868256493215,0.6966550804983166,1044887850.0,5.01,5.07,4.99,5.02,6558500.0,32935737.0,5.01,0.1996007984031989,10.0,5.51,False,False,True,75.82155989936133
614,000548.SZ,湖南投资,0.2801932367149757,25.188916876574297,1.2115746358431179,1.1447319524100523,0.7722572114616357,0.9152913803843779,499215811.00000006,4.54,4.59,4.51,4.59,5230600.0,23899169.0,4.55,0.879120879120876,10.0,5.01,False,False,True,75.81575382233403
615,603858.SH,步长制药,0.2405271828665569,18.84476534296029,1.325058344432168,0.7148033830505942,1.3458643914250654,0.7353307453482685,1054568442.0,15.25,15.67,15.25,15.5,5542990.0,86035076.0,15.31,1.241018941868055,10.0,16.84,False,False,True,75.79640023224307
616,002758.SZ,浙农股份,0.23008849557522135,13.83561643835618,1.3403982209169767,1.3212155916123176,1.083182231571847,0.8227047645920031,518247801.00000006,8.08,8.18,8.07,8.13,5633200.0,45854828.0,8.08,0.6188118811881305,10.0,8.89,False,False,True,75.76156377007935
617,002984.SZ,森麒麟,0.16891891891891891,23.655063291139243,1.391524047779834,1.469319387744609,0.9792154126504177,0.7155936317083855,713920189.0,14.4,14.41,14.23,14.26,7506411.0,107390561.0,14.39,-0.9034051424600453,10.0,15.83,False,False,True,75.7383394619702
618,300251.SZ,光线传媒,0.013734812466983612,30.94339622641511,1.7079637824351592,1.7560761601202413,0.8090550390046846,0.47271341476515355,2753141609.0,10.76,10.94,10.75,10.91,22854400.0,248870842.0,10.86,0.4604051565377576,20.0,13.03,False,False,True,75.72479194890651
619,600284.SH,浦东建设,0.07317073170731707,30.703624733475475,1.3930691465564708,1.5320206986609666,1.0618243599686579,0.5844475565150586,970256000.0,5.1,5.2,5.08,5.17,8687534.0,44912920.0,5.11,1.1741682974559575,10.0,5.62,False,False,True,75.71317979485194
620,300507.SZ,苏奥传感,0.14256619144602856,35.355285961871765,1.6710013107197184,0.9413682928538469,0.6769532522156487,1.0129391896101834,778347148.0,6.5,6.57,6.42,6.5,7405151.0,48112547.0,6.47,0.46367851622874934,20.0,7.76,False,False,True,75.69576156377008
621,600967.SH,内蒙一机,0.062460961898813235,26.047904191616777,1.4289777236034555,1.5124772159131419,1.4118507338860133,0.5301430889033524,1701794667.0,10.92,11.15,10.9,11.08,13645489.0,150469929.0,11.02,0.5444646098003769,10.0,12.12,False,False,True,75.6899554867428
622,002688.SZ,金河生物,0.2307692307692306,21.17903930131004,1.1813688997787148,1.2627172969918286,1.040194505979095,0.7539476180760569,747041116.9999999,5.26,5.34,5.23,5.28,7112001.0,37640320.0,5.27,0.189753320683117,10.0,5.8,False,False,True,75.67060189665183
623,301090.SZ,华润材料,0.2298507462686568,19.90212071778139,1.4976743932798113,0.724214294862368,1.1066052594674047,1.5964055693702324,1470933296.0,6.84,6.95,6.79,6.81,17005998.0,116269112.0,6.9,-1.3043478260869712,20.0,8.28,False,False,True,75.66479581962454
624,002594.SZ,比亚迪,0.3616473616473616,24.93855904798863,1.018873718714301,0.9719515960832799,0.7433172273248256,0.8344664684097409,3487068722.0,91.2,93.23,91.06,92.09,28282255.0,2607485071.0,91.36,0.7990367775831952,10.0,100.5,False,False,True,75.66092510160635
625,300775.SZ,三角防务,0.06717405691594974,31.70731707317074,1.5234054708557558,2.207039131479783,0.658582467829946,0.5086578919802458,531643401.0,20.97,21.16,20.75,20.89,5968377.0,125075623.0,20.89,0.0,20.0,25.07,False,False,True,75.65124830656086
626,301339.SZ,通行宝,0.15239294710327442,23.713420787083738,1.5037048003215858,0.9410127837264508,1.3125848252136412,0.3708578279529352,573237742.0,11.15,11.25,11.01,11.13,1995114.0,22274126.0,11.12,0.08992805755396738,20.0,13.34,False,False,True,75.58738145926068
627,002960.SZ,青鸟智控,0.2625570776255708,26.739427012278295,1.4263162538732799,1.017784515034141,0.6787482352532869,0.5247790505638106,968448955.0,8.48,8.57,8.43,8.52,5172602.0,44093634.0,8.48,0.4716981132075304,10.0,9.33,False,False,True,75.58351074124249
628,601607.SH,上海医药,0.39523809523809533,15.947980835044495,0.8683567607142493,0.45507239340372646,1.2321853664829991,0.9984961411558049,2789207505.0,16.23,16.49,16.21,16.32,12673825.0,208263537.0,16.27,0.3073140749846326,10.0,17.9,False,False,True,75.54480356106059
629,688789.SH,宏华数科,0.08671023965141605,35.10564197817505,1.6795130642193759,0.9267342603820863,0.9152184203519315,0.8785155969628405,180256107.0,47.15,47.52,46.13,47.26,1467556.0,68982581.0,47.05,0.4463336875664137,20.0,56.46,False,False,True,75.50996709889685
630,300796.SZ,贝斯美,0.16247582205029007,36.34840871021776,1.259517274933859,1.1446701739474676,0.80503463000898,0.749224718452937,360418057.0,6.81,6.9,6.79,6.86,3091000.0,21199898.0,6.81,0.7342143906020615,20.0,8.17,False,False,True,75.50803173988776
631,600161.SH,天坛生物,0.13773796192609186,21.29208371246587,1.7020310154039464,0.8202354586847762,1.50944336146898,1.0599374900647627,1977371446.0,12.2,12.54,12.17,12.42,17191234.0,215421298.0,12.22,1.6366612111292866,10.0,13.44,False,False,True,75.45964776466035
632,300611.SZ,美力科技,0.16756032171581772,27.477477477477485,1.5497515091304632,1.7186593620708057,0.5048164496422516,1.6417773685780188,148302980.0,24.7,24.95,23.77,23.8,4184600.0,101226841.0,24.7,-3.6437246963562653,20.0,29.64,False,False,True,75.44997096961487
633,600248.SH,陕建股份,0.22916666666666666,27.02702702702704,1.3819324776298438,0.5071542585578366,1.042369955799506,0.8148111666484141,3705739286.0,2.92,2.97,2.91,2.93,15313410.0,45026926.0,2.92,0.34246575342467,10.0,3.21,False,False,True,75.44029417456939
634,688075.SH,安旭生物,0.1677495569994093,26.67410714285714,1.4738257055199369,0.595014604847598,1.3167977814250948,0.38477375030788735,127082805.0,29.95,29.96,29.52,29.69,290951.0,8652589.0,29.72,-0.10094212651412526,20.0,35.66,False,False,True,75.41706986646022
635,000623.SZ,吉林敖东,0.3499111900532858,16.780609073958974,0.7922984807476713,1.0218488812156015,1.0554284093107653,1.5882633410576248,1191023318.0,18.03,18.56,18.03,18.47,19329893.0,355404238.0,18.06,2.270210409745288,10.0,19.87,False,False,True,75.40739307141475
636,600217.SH,中再资环,0.2415730337078653,26.714801444043324,1.4851772595968509,0.7250442595918472,0.8612665202310217,0.8724887140254204,1657653673.0000002,3.2,3.26,3.19,3.23,10486200.0,33913093.0,3.2,0.9374999999999911,10.0,3.52,False,False,True,75.36481517321462
637,601567.SH,三星电气,0.06894841269841274,30.220197418375093,1.8350311361951732,1.3248473750602536,0.8661619218208566,0.5102090187255519,1405209400.0,14.5,14.9,14.45,14.89,9498500.0,140137836.0,14.56,2.2664835164835084,10.0,16.02,False,False,True,75.35126766015095
638,601098.SH,中南传媒,0.29393939393939406,20.775026910656646,1.1039072683005324,0.6022440812917544,1.2592680768031834,1.8877058712765251,1796000000.0,10.11,10.16,9.82,9.9,20418000.0,202347533.0,10.26,-3.508771929824561,10.0,11.29,False,False,True,75.34739694213276
639,688357.SH,建龙微纳,0.2165605095541402,36.111111111111114,1.4531335599061617,0.7199393862924514,0.5737605677945751,0.7621370365761116,100059875.0,27.17,27.38,26.11,26.7,549021.0,14720745.0,26.76,-0.22421524663678305,20.0,32.11,False,False,True,75.3357847880782
640,600007.SH,中国国贸,0.35981308411214924,24.840394660475916,1.076843182232792,0.24589854548197143,0.9721457049086646,0.9566016393682876,1007282534.0,18.77,19.1,18.77,18.94,2369400.0,45014014.0,18.77,0.9057005860415579,10.0,20.65,False,False,True,75.32030191600542
641,002601.SZ,龙佰集团,0.20039486673247775,31.478770131771604,1.5606907859797285,0.9003729198171089,0.6863495100297269,1.4217069234187472,1979780012.0,15.64,16.34,15.57,16.23,25342499.0,407965342.0,15.69,3.441682600382423,10.0,17.26,False,False,True,75.2796593768144
642,002108.SZ,沧州明珠,0.3018181818181818,27.36572890025577,1.0716085817344703,1.36409128166247,0.49773157970860715,1.2147717628053025,1647998206.0,4.44,4.48,4.42,4.43,27308312.0,121266903.0,4.45,-0.44943820224719877,10.0,4.9,False,False,True,75.27191794077801
643,002936.SZ,郑州银行,0.2708333333333335,14.634146341463406,0.9436167881773173,1.3187796487612844,1.21306536839838,1.1482522800989179,7029435959.0,1.77,1.8,1.76,1.8,106446168.0,190548871.0,1.77,1.6949152542372836,10.0,1.95,False,False,True,75.24675827365976
644,600839.SH,四川长虹,0.1311188811188811,21.88006482982172,1.5055816201984165,1.7630140897356126,1.0177388984883566,0.8088663256984808,4614958631.0,6.94,7.06,6.9,6.98,65811282.0,459980846.0,6.92,0.8670520231213841,10.0,7.61,False,False,True,75.23901683762338
645,603195.SH,公牛集团,0.37422037422037446,17.711470024637286,1.110275658055375,0.254580032266012,1.2028088947656228,0.6646834857766492,1800163354.9999998,40.13,40.87,39.88,40.33,3046149.0,123198769.0,40.13,0.49838026414152914,10.0,44.14,False,False,True,75.2274046835688
646,600816.SH,建元信托,0.10322580645161297,30.508474576271194,1.3297167183901186,1.341657067105309,1.171297692177019,1.0100366305959367,5469137919.0,2.52,2.57,2.5,2.54,74113534.0,188539046.0,2.52,0.7936507936507908,10.0,2.77,False,False,True,75.21482485000968
647,600854.SH,春兰股份,0.29707112970711314,26.649746192893396,1.3098233266212778,1.1177300833969495,0.6286219133493411,2.079056129563847,519458538.0,4.65,4.74,4.6,4.69,12071300.0,56500198.0,4.65,0.8602150537634357,10.0,5.12,False,False,True,75.15192568221406
648,603227.SH,雪峰科技,0.23015873015873017,35.84070796460177,1.3047204400242454,0.7848105885510949,0.6986017719380336,0.5332378080514673,1071692689.0,7.63,7.73,7.63,7.69,4484934.0,34495695.0,7.65,0.5228758169934622,10.0,8.42,False,False,True,75.10741242500484
649,002408.SZ,齐翔腾达,0.34980988593155915,21.46017699115046,1.199752876696372,1.0523380622544678,0.8130207496980231,1.2183952674463447,2751751309.0,5.42,5.44,5.34,5.39,35276140.0,190142164.0,5.44,-0.9191176470588314,10.0,5.98,False,False,True,75.10160634797754
650,688016.SH,心脉医疗,0.2556295591500159,24.552982119284785,1.2399323216706613,1.3200274663463654,0.8387829430150214,0.7178436793256787,123262117.0,91.35,92.75,91.35,92.21,1167999.0,107701342.0,91.39,0.8972535288324757,20.0,109.67,False,False,True,75.09386491194117
651,603238.SH,诺邦股份,0.15003990422984842,30.645161290322598,1.2567647335531276,1.3961889256319346,0.974803543551599,2.733091345449674,177509000.0,11.9,12.13,11.63,12.06,6773587.0,80738796.0,12.42,-2.898550724637672,10.0,13.66,False,False,True,75.09192955293207
652,600258.SH,首旅酒店,0.24393723252496421,24.905303030303028,1.0373898699170074,1.3666407647151735,0.9293708861624079,0.8147159819327103,1116603126.0,12.21,12.48,12.17,12.39,12432528.0,154079939.0,12.27,0.9779951100244544,10.0,13.5,False,False,True,75.0745113218502
653,600062.SH,华润双鹤,0.24256292906178537,15.384615384615397,1.1955557091840263,1.084098398102354,1.4854912914648082,0.8141958860438072,1038225388.0,16.05,16.33,15.96,16.21,9164088.0,148632287.0,16.01,1.2492192379762512,10.0,17.61,False,False,True,75.06193148829108
654,300124.SZ,汇川技术,0.12303506650544134,35.432658757850646,1.5991722277082085,1.097214072144938,0.7924222152965374,0.9444246494474524,2410382734.0,61.39,63.2,61.25,61.9,24977254.0,1556216219.0,61.39,0.8307541944942098,20.0,73.67,False,False,True,75.06096380878652
655,688363.SH,华熙生物,0.11605281445448215,24.434941967012836,1.7253191536367538,0.8849030075142931,1.3762911047870874,0.5325365650606078,481678242.0,35.99,36.77,35.88,36.28,2269876.0,82375760.0,36.08,0.5543237250554389,20.0,43.3,False,False,True,75.05515773175924
656,600358.SH,国旅联合,0.14406779661016947,31.645569620253156,1.6319060809434807,1.129024569141005,0.8071669805176418,0.5767727335193936,504936660.0,5.08,5.14,5.05,5.13,3288100.0,16789783.0,5.08,0.9842519685039353,10.0,5.59,False,False,True,75.02515966711826
657,000589.SZ,贵州轮胎,0.2666666666666669,17.999999999999993,0.9601037000232765,1.6095786322584755,0.9910737974400422,0.7681893832690774,1544110704.0,4.3,4.36,4.29,4.35,19092330.0,82950166.0,4.32,0.6944444444444198,10.0,4.75,False,False,True,74.98935552544998
658,002790.SZ,瑞尔特,0.10709838107098375,27.519379844961243,1.434498456420099,1.670075892557461,1.0248669909133408,0.8416071482177563,260697500.0,5.99,6.08,5.96,6.05,3664228.0,22084885.0,6.02,0.4983388704318914,10.0,6.62,False,False,True,74.9738726533772
659,002391.SZ,长青股份,0.1886792452830186,17.782426778242666,1.2202960288140425,1.866610359200375,1.0755985991366934,1.0793073085170952,464098311.00000006,5.19,5.27,5.17,5.23,9349939.0,48960000.0,5.18,0.9652509652509744,10.0,5.7,False,False,True,74.95451906328624
660,301370.SZ,国科恒泰,0.20750988142292487,20.785804816223074,1.2748569426768293,1.0326107734806582,1.4441851196932998,0.5924722638780312,470600000.0,8.94,9.1,8.85,8.93,2879099.0,25790700.0,8.94,-0.11185682326622093,20.0,10.73,False,False,True,74.95258370427715
661,688351.SH,微电生理,0.15987460815047003,38.885913229780385,1.493186584601992,0.7800310029749199,0.7387463678509542,0.9293164788883069,470600000.0,20.31,20.95,20.22,20.55,3411359.0,70165827.0,20.2,1.7326732673267342,20.0,24.24,False,False,True,74.94677762724986
662,300859.SZ,西域旅游,0.0931372549019608,33.02364864864864,1.385199235447341,1.9170254516128984,0.8312464768972582,1.4676298995407686,155000000.0,26.55,27.52,26.55,27.18,4360900.0,118387381.0,26.91,1.0033444816053505,20.0,32.29,False,False,True,74.9177472421134
663,300888.SZ,稳健医疗,0.22168963451168358,20.26500389711614,1.5595736357862306,0.6655419074438306,1.1757524042142125,1.1689861453665522,580360952.0,29.31,30.06,29.19,29.63,4515262.0,136635686.0,29.36,0.9196185286103553,20.0,35.23,False,False,True,74.89839365202245
664,002268.SZ,电科网安,0.1459227467811158,31.6225165562914,1.1498340241939995,1.3201039137057957,1.063875924320509,0.6735793964982748,845109308.0,13.75,14.11,13.71,14.01,7514668.0,104913448.0,13.78,1.669085631349776,10.0,15.16,False,False,True,74.89258757499516
665,600720.SH,中交设计,0.18032786885245922,31.25,1.197136328648593,0.8998079045200995,1.1071711249783247,0.8182481573674419,1009049771.0,5.17,5.28,5.17,5.26,7429292.0,39046961.0,5.19,1.348747591522148,10.0,5.71,False,False,True,74.81710857364041
666,300474.SZ,景嘉微,0.055680963130173206,36.27471383975027,1.4174582328763763,1.9150417982513441,0.8033551825207051,0.5339469925053916,406479684.0,50.29,51.06,50.29,50.48,4156380.0,210660201.0,50.27,0.4177441814203098,20.0,60.32,False,False,True,74.74356493129476
667,301289.SZ,国缆检测,0.17115444134942748,37.46122026887279,1.4066276380337563,0.7614703829245809,0.8499759833330813,5.95543749822078,77500900.0,45.47,51.32,45.47,47.06,3514580.0,169824989.0,44.21,6.446505315539475,20.0,53.05,False,False,True,74.73001741823109
668,300678.SZ,中科信息,0.06583242655059851,20.89768339768341,1.4343539973203292,2.3528184894358892,1.2253387663447786,0.40772080560010504,292736719.0,21.98,22.08,21.71,21.96,2808203.0,61595806.0,21.93,0.1367989056087593,20.0,26.32,False,False,True,74.69711631507644
669,600790.SH,轻纺城,0.18232044198895025,33.11475409836064,1.391020421608681,0.8418145633385945,0.9234253703516959,1.0922091118809856,1465790928.0000002,3.38,3.43,3.36,3.43,13477032.0,45966837.0,3.38,1.479289940828421,10.0,3.72,False,False,True,74.67098896845366
670,688101.SH,三达膜,0.06439393939393936,37.80918727915194,1.582828905058486,1.0719819893533575,0.9388247615784273,0.6808385541265511,332012066.0,14.65,14.77,14.54,14.68,2423179.0,35595854.0,14.66,0.13642564802183177,20.0,17.59,False,False,True,74.64873233984903
671,002139.SZ,拓邦股份,0.10275689223057648,20.20316027088038,1.7344993578581167,1.8141372924432124,1.02592848420556,0.5600707323939039,1071089847.0,9.67,9.77,9.61,9.62,10882757.0,105391269.0,9.68,-0.6198347107438051,10.0,10.65,False,False,True,74.62937874975808
672,301613.SZ,新铝时代,0.0443330763299925,26.317304923697105,1.7584512888675596,1.6575350185200406,1.019431052239982,0.6065323352742488,83901247.0,35.87,36.46,35.67,36.09,843500.0,30408280.0,35.88,0.5852842809364489,20.0,43.06,False,False,True,74.62937874975808
673,002042.SZ,华孚时尚,0.22388059701492535,29.141104294478538,1.3915131811286277,1.43447447273272,0.6153973187535983,0.890385413621279,1700681355.0,3.89,3.91,3.83,3.88,21721700.0,84120280.0,3.86,0.5181347150259086,10.0,4.25,False,False,True,74.6255080317399
674,002593.SZ,日上集团,0.16710875331564995,26.75324675324675,1.0518540884762602,2.0882323372742375,0.903574368299285,1.2781600625458331,560504329.0,4.49,4.57,4.47,4.55,14960394.0,67703638.0,4.48,1.5624999999999778,10.0,4.93,False,False,True,74.59454228759435
675,300374.SZ,中铁装配,0.12686567164179116,39.99999999999999,1.2866166763947655,1.200069966482935,0.8477942727113399,0.8768684169377425,245883447.0,10.96,11.08,10.82,10.88,2587440.0,28243507.0,10.96,-0.7299270072992692,20.0,13.15,False,False,True,74.58583317205341
676,603528.SH,多伦科技,0.15670436187399026,33.45724907063197,1.2682887728323096,1.281487990487824,0.9270334786774539,0.9375045062765978,705930131.0,6.36,6.49,6.32,6.41,8481050.0,54291095.0,6.35,0.9448818897637823,10.0,6.99,False,False,True,74.58486549254886
677,002991.SZ,甘源食品,0.04979919678714868,25.35437282695907,1.390910257412828,2.032133765517018,1.2897383459334693,0.960757931476052,49933706.0,38.4,38.89,38.24,38.24,974900.0,38209526.0,38.63,-1.0095780481491068,10.0,42.49,False,False,True,74.5693826204761
678,601360.SH,三六零,0.05769230769230761,27.405602923264304,1.5258025145835286,1.5777890140938091,1.2338087029597833,0.5436129886704272,6999557879.0,8.55,8.66,8.54,8.62,60035670.0,519890042.0,8.57,0.5834305717619559,10.0,9.43,False,False,True,74.55970582543063
679,600906.SH,财达证券,0.24537037037037046,30.37156704361874,0.8133670885657741,1.3101420325468194,0.8580187493956324,1.8391145788803156,2124234950.0,6.44,6.64,6.41,6.57,51183469.0,335763285.0,6.44,2.0186335403726607,10.0,7.08,False,False,True,74.54422295335785
680,301101.SZ,明月镜片,0.15175097276264585,27.178502879078703,1.645137058748778,1.090390020114198,0.9786968211840601,1.2835454771086332,194103143.0,29.44,30.18,29.44,29.91,2716600.0,81332396.0,29.56,1.1840324763193522,20.0,35.47,False,False,True,74.54228759434875
681,600782.SH,新钢股份,0.23463687150837984,25.311203319502074,1.2644205463964235,1.2837263796900455,0.9177816362404955,1.245747166898227,3145652149.0,2.83,2.92,2.82,2.9,50305222.0,145146661.0,2.83,2.473498233215543,10.0,3.11,False,False,True,74.5209986452487
682,002027.SZ,分众传媒,0.13563829787234039,26.530612244897966,1.4086177270538478,1.29720237328339,1.251881444031432,0.520013019049132,14442199726.0,4.91,4.96,4.89,4.93,97421609.0,484507789.0,4.92,0.20325203252031798,10.0,5.41,False,False,True,74.51325720921231
683,600858.SH,银座股份,0.16410256410256405,25.934579439252325,1.4291758370982022,1.4563883983026378,0.9866302055722448,0.7895578824116765,517548029.0,4.92,5.0,4.9,4.92,5951300.0,29466166.0,4.92,0.0,10.0,5.41,False,False,True,74.50551577317592
684,300247.SZ,融捷健康,0.12301587301587301,23.988439306358387,1.4289576792466112,1.8441758155974406,1.0809838042889302,0.8565262403343639,804040313.0,3.76,3.83,3.72,3.8,12700500.0,48065236.0,3.77,0.7957559681697646,20.0,4.52,False,False,True,74.4687439520031
685,688298.SH,东方生物,0.18394648829431437,27.539635936582485,1.423491182532295,0.81564610615079,1.1406047344657928,1.0696250607879727,201600000.0,19.32,19.85,19.32,19.54,1758830.0,34384279.0,19.23,1.6120644825792896,20.0,23.08,False,False,True,74.45906715695762
686,002561.SZ,徐家汇,0.19575471698113203,25.082508250825096,1.3950237203300309,1.0726133805655629,1.0950674308816835,1.406710867692345,414439567.0,6.86,6.99,6.82,6.92,6253300.0,43229191.0,6.89,0.43541364296082463,10.0,7.58,False,False,True,74.43777820785755
687,300228.SZ,富瑞特装,0.11635220125786154,31.202435312024335,1.490391613821391,2.2870927749251457,0.578552541106169,1.448628593447794,560382333.0,7.29,7.54,7.27,7.47,18566296.0,138222427.0,7.31,2.188782489740082,20.0,8.77,False,False,True,74.42810141281207
688,002381.SZ,双箭股份,0.2839506172839507,21.676891615541937,1.2350757297132815,1.4135527976734767,0.8499690972244265,1.1356510148275887,322026500.0,5.58,5.69,5.55,5.65,5169500.0,29146115.0,5.58,1.2544802867383575,10.0,6.14,False,False,True,74.40874782272112
689,688326.SH,经纬恒润-W,0.028252494319865647,34.64401294498381,1.788137924243538,1.3157755971521408,0.8961234986714176,2.424035213637935,111623521.0,60.1,61.8,57.77,61.21,3560217.0,212665609.0,64.66,-5.335601608413231,20.0,77.59,False,False,True,74.40100638668473
690,002697.SZ,红旗连锁,0.16566265060240956,23.950617283950603,1.356643247092371,1.6122952562941586,1.0637912746897302,0.6854414949448342,1148092375.0,4.58,4.66,4.58,4.61,12687960.0,58626225.0,4.6,0.21739130434783593,10.0,5.06,False,False,True,74.37197600154828
691,601696.SH,中银证券,0.18355359765051388,30.791505791505802,1.2704685166126244,1.224958140748735,0.9429917451699031,1.4250169136779676,2778000000.0,11.61,12.04,11.57,11.82,48492381.0,574748939.0,11.61,1.8087855297157729,10.0,12.77,False,False,True,74.32939810334817
692,300389.SZ,艾比森,0.12696941612604257,26.494201605709165,1.8294941435669814,1.7655979558445847,0.697549861170337,1.4540700564730697,274518071.0,12.6,13.04,12.57,12.8,7047711.0,90248050.0,12.58,1.7488076311605871,20.0,15.1,False,False,True,74.30230307722083
693,600728.SH,佳都科技,0.14555256064690028,25.798525798525795,1.521581063821865,1.4642503667265352,1.0032098669051759,0.7905209958467291,2132599261.0,4.63,4.71,4.6,4.65,24685277.0,115230703.0,4.61,0.8676789587852562,10.0,5.07,False,False,True,74.28875556415714
694,000913.SZ,钱江摩托,0.20702634880803014,23.42342342342343,1.5456192986957276,1.003122556522127,1.018906962369555,0.6543494585216044,520102675.0,11.62,11.73,11.52,11.6,3413916.0,39667793.0,11.64,-0.3436426116838587,10.0,12.8,False,False,True,74.2713373330753
695,600189.SH,泉阳泉,0.2838983050847458,19.970845481049572,1.2032226391647831,1.3975730255729533,0.9290836470817332,0.856789120552183,715197812.0,7.49,7.67,7.48,7.51,8563960.0,64809390.0,7.5,0.13333333333334085,10.0,8.25,False,False,True,74.24617766595703
696,600582.SH,天地科技,0.3841807909604522,26.54028436018958,0.8436154321146059,0.5719627442521965,0.9446490201214323,0.7309738329721079,4138588892.0,4.9,4.92,4.88,4.9,17303018.0,84801709.0,4.9,0.0,10.0,5.39,False,False,True,74.17844010063867
697,600249.SH,两面针,0.29003021148036257,24.770642201834868,1.1449163309018755,1.3932119363636308,0.8042998963485837,0.5829433520957553,550000000.0,5.33,5.39,5.3,5.35,4466900.0,23880695.0,5.32,0.5639097744360777,10.0,5.85,False,False,True,74.17456938262048
698,002557.SZ,洽洽食品,0.16508795669824117,24.827586206896555,1.1396052463376276,1.6622278771068855,1.199391167964752,0.6393007239536405,504268856.0,18.59,18.72,18.46,18.59,5358681.0,99700104.0,18.62,-0.1611170784103222,10.0,20.48,False,False,True,74.15328043352042
699,002186.SZ,全 聚 德,0.19359331476323127,21.331689272503084,1.317380116105556,1.4477710754221995,1.1689672954885728,0.8500637238232609,306801588.0,9.47,9.65,9.45,9.51,3775800.0,36013200.0,9.5,0.10526315789474161,10.0,10.45,False,False,True,74.13973292045675
700,600095.SH,湘财股份,0.09226594301221162,30.833333333333336,1.464065715143037,1.1711329286430798,1.3576505350948858,2.4398743156657576,2859187743.0,7.88,8.67,7.87,8.67,81698921.0,685897781.0,7.88,10.025380710659903,10.0,8.67,True,False,True,74.11167021482485
701,601949.SH,中国出版,0.21739130434782608,26.62192393736018,1.3733599873514892,0.6762851809907459,1.1998924814649807,0.6129719965600553,1903968054.0,5.21,5.3,5.19,5.25,7892783.0,41547507.0,5.22,0.5747126436781658,10.0,5.74,False,False,True,74.09328430423844
702,600048.SH,保利发展,0.16997167138810215,27.272727272727295,1.3488796607506677,1.192314242807271,1.1502437542490578,1.2137418650741294,11970443418.0,5.1,5.3,5.1,5.26,173231674.0,908952623.0,5.11,2.935420743639905,10.0,5.62,False,False,True,74.0361912134701
703,600803.SH,新奥股份,0.38100820633059784,29.9794661190965,1.2482613238722444,0.236029889425962,0.7593674407312483,0.9246683310774968,3071726707.0,17.64,17.7,17.31,17.44,6704024.0,117204411.0,17.86,-2.3516237402015583,10.0,19.65,False,False,True,74.03522353396555
704,002818.SZ,富森美,0.3850000000000007,14.215686274509821,0.7520712921889838,1.2626980725260895,1.0331230898119188,2.1667147774012534,298357191.0,10.57,10.77,10.55,10.67,8162774.0,87180514.0,10.97,-2.734731084776665,10.0,12.07,False,False,True,74.00232243081092
705,002078.SZ,太阳纸业,0.3910034602076128,29.690189328743564,0.9764179189624418,0.5838946365544609,0.801362974965143,5.20901947696686,2776577688.0,14.98,15.27,14.7,15.1,84450125.0,1283136822.0,13.88,8.789625360230534,10.0,15.27,True,False,True,74.00232243081092
706,603107.SH,上海汽配,0.16312056737588654,21.559633027522928,1.32721445102083,1.4096380541186166,1.621054026987139,0.6331402968599499,218173998.0,11.84,11.99,11.79,11.98,1947200.0,23242337.0,11.82,1.3536379018612488,10.0,13.0,False,False,True,73.99651635378363
707,605108.SH,同庆楼,0.13270485859318334,25.547445255474432,1.2964977751527544,1.4960889423076875,1.5417169447393364,0.8518477504647535,260000000.0,12.78,13.05,12.65,12.85,3313544.0,42706295.0,12.79,0.4691164972634887,10.0,14.07,False,False,True,73.99651635378362
708,688468.SH,科美诊断,0.2918032786885244,23.45454545454546,1.4641118664776367,0.7336972585936895,0.9287421963610474,0.9477221658609359,401108000.0,6.41,6.49,6.38,6.46,2789069.0,17943901.0,6.39,1.0954616588419341,20.0,7.67,False,False,True,73.98683955873814
709,600739.SH,辽宁成大,0.3233532934131737,14.639175257731951,1.1088372401620905,1.0252917750460495,1.2310230963233704,1.5494761721097527,1522315928.0000002,10.82,11.15,10.79,11.05,24184503.0,266694506.0,10.78,2.504638218923949,10.0,11.86,False,False,True,73.93652022450165
710,600612.SH,老凤祥,0.20997586484312145,21.661721068249264,1.3808820617577062,0.8101264379766656,1.8487195097597915,0.9900396807857036,317109630.0,35.12,35.44,34.71,34.81,2543401.0,89083786.0,35.55,-2.0815752461321946,10.0,39.11,False,False,True,73.92490807044707
711,600133.SH,东湖高新,0.2505800464037123,22.284122562674092,1.139555861828544,1.6810649901833723,0.902944528903611,0.5704153833156795,1066239875.0,8.26,8.33,8.2,8.21,10224231.0,84438342.0,8.26,-0.6053268765133013,10.0,9.09,False,False,True,73.92297271143796
712,002676.SZ,顺威股份,0.09596662030598047,32.58928571428572,1.4767791220066109,1.755553646970056,0.8975934322757586,0.7891220621454921,719974734.0,5.17,5.24,5.11,5.13,9974142.0,51465712.0,5.17,-0.7736943907156735,10.0,5.69,False,False,True,73.90361912134702
713,600845.SH,宝信软件,0.1317073170731707,30.58161350844277,1.5901034159239986,1.0277160618988228,1.0610345364001879,0.35120668083733453,2134054153.0,17.36,17.48,17.31,17.45,7702671.0,134079353.0,17.34,0.6343713956170616,10.0,19.07,False,False,True,73.86684730017419
714,600796.SH,钱江生化,0.24999999999999983,22.99107142857142,1.0641777973480349,1.917582856098009,0.8391245513104194,0.6608909058538353,311477889.0,5.17,5.21,5.14,5.2,3947400.0,20448113.0,5.17,0.5802707930367523,10.0,5.69,False,False,True,73.85523514611961
715,301318.SZ,维海德,0.18237704918032774,22.724795640326967,1.6254994199839075,1.2830003736308937,0.97997972007307,0.695700907296494,93180195.0,21.0,21.1,20.7,20.9,831712.0,17405263.0,21.02,-0.570884871550914,20.0,25.22,False,False,True,73.82620476098317
716,601921.SH,浙版传媒,0.38095238095238093,18.279569892473123,1.2145489741083333,0.41715444135399193,1.2096587285017093,0.6269081040097233,2222222223.0,7.28,7.32,7.24,7.27,5811500.0,42871921.0,7.31,-0.5471956224350261,10.0,8.04,False,False,True,73.8049158118831
717,603583.SH,捷昌驱动,0.10822510822510822,28.639618138424815,1.7435233170019466,1.2320194807045566,1.013633172241944,0.6011839896740042,382246955.0,23.69,24.1,23.56,23.98,2831190.0,67585911.0,23.7,1.181434599156117,10.0,26.07,False,False,True,73.78362686278304
718,301586.SZ,佳力奇,0.12600349040139613,36.73763984121257,1.414327993634038,1.4054455901194158,0.8588620979188972,0.8626528855570929,52911070.0,31.83,31.83,30.71,30.97,641500.0,19999783.0,31.32,-1.1174968071519853,20.0,37.58,False,False,True,73.73524288755563
719,001236.SZ,弘业期货,0.1920529801324503,26.686656671664167,1.4290792994614183,1.3737326237783427,0.9232030983355866,1.669518999337596,758077778.0,7.82,8.06,7.8,7.99,17386307.0,138202612.0,7.83,2.0434227330779153,10.0,8.61,False,False,True,73.72363073350107
720,300633.SZ,开立医疗,0.0926660059464817,24.476744186046528,1.5457999713957598,2.0158558873940633,1.0730692481105146,0.8915696663573704,260116315.0,19.16,19.52,18.97,19.45,4675008.0,89952209.0,19.07,1.9926586261143076,20.0,22.88,False,False,True,73.70814786142829
721,000717.SZ,中南股份,0.34259259259259267,21.354166666666675,1.3726282667581002,0.7200805072551315,0.9634103867172505,0.9913673288569993,2423697090.0,2.29,2.33,2.29,2.32,17301908.0,39973861.0,2.29,1.3100436681222627,10.0,2.52,False,False,True,73.69847106638282
722,300289.SZ,利德曼,0.13409961685823743,29.865125240847767,1.5857077252501266,1.2251168418798566,0.9994520235207534,1.252227581629303,543156487.0,5.89,6.08,5.89,5.98,8332700.0,49931805.0,5.89,1.5280135823429575,20.0,7.07,False,False,True,73.6500870911554
723,002255.SZ,海陆重工,0.02970297029702973,34.81781376518218,1.4491628851025173,2.468462084340739,0.7843383255627141,0.819471801740578,637944743.0,7.78,7.97,7.72,7.79,12904570.0,101531103.0,7.65,1.8300653594771177,10.0,8.42,False,False,True,73.62105670601896
724,600805.SH,悦达投资,0.35051546391752586,22.3918575063613,1.428323921718106,0.9161110615637587,0.8004938840752059,1.365471271608363,850275368.0,4.59,4.7,4.59,4.65,10636293.0,49677330.0,4.61,0.8676789587852562,10.0,5.07,False,False,True,73.56299593574609
725,600642.SH,申能股份,0.37267080745341624,29.80049875311721,1.0053458632192886,0.5026691756680494,0.8755178477450309,0.8159897867006679,4893813156.0,8.34,8.48,8.34,8.43,20073096.0,169158423.0,8.39,0.47675804529201393,10.0,9.23,False,False,True,73.56299593574609
726,002616.SZ,长青集团,0.17586206896551745,38.051044083526705,1.1481519889820495,1.5994207996105791,0.6559790707339408,0.9595447841835647,587480268.0,4.82,4.88,4.81,4.86,9016153.0,43748877.0,4.82,0.8298755186721962,10.0,5.3,False,False,True,73.53783626862783
727,601969.SH,海南矿业,0.26412213740458007,28.701298701298693,1.4851420015325145,0.913881832807489,0.7700665300952166,1.3217148355248305,1972476616.0,9.37,9.72,9.33,9.63,23825371.0,228459604.0,9.43,2.1208907741251393,10.0,10.37,False,False,True,73.52815947358233
728,603080.SH,新疆火炬,0.23450413223140493,32.81340265742345,1.3048014090193245,1.153679611307416,0.7665195332675964,0.837265724636547,141500000.0,19.41,19.72,19.41,19.62,1366800.0,26812202.0,19.58,0.20429009193054792,10.0,21.54,False,False,True,73.50880588349139
729,002564.SZ,天沃科技,0.08291032148900165,34.860050890585235,1.646483052443148,1.444086732825349,0.8938935620741361,0.9001698705708411,858904477.0,4.4,4.55,4.39,4.5,11165100.0,50043956.0,4.42,1.8099547511312153,10.0,4.86,False,False,True,73.47590478033676
730,600966.SH,博汇纸业,0.11622807017543867,37.89954337899544,1.7117730489528404,0.9129002240236925,0.8464151126729602,2.114922708678497,1336844288.0,4.89,5.16,4.89,5.09,25810632.0,131623269.0,4.91,3.665987780040725,10.0,5.4,False,False,True,73.47590478033673
731,002092.SZ,中泰化学,0.1487758945386064,29.972752043596728,1.3826429341120812,2.049761242214239,0.7844994780707505,0.8932912516822502,2575637892.0,4.41,4.53,4.39,4.51,47160800.0,211438495.0,4.46,1.1210762331838486,10.0,4.91,False,False,True,73.45461583123671
732,002097.SZ,山河智能,0.06517690875232776,31.36363636363637,1.4718634904435803,1.7637569047087438,1.0666180092830961,0.7320005961177147,1073000545.0,7.3,7.39,7.27,7.32,13853200.0,101667014.0,7.3,0.273972602739736,10.0,8.03,False,False,True,73.44687439520033
733,002344.SZ,海宁皮城,0.2908163265306124,23.952095808383223,1.3376406604636863,0.8222814775060273,1.020913876966098,0.5823887427376728,1281450092.0,3.89,3.95,3.89,3.92,6136704.0,24060709.0,3.91,0.2557544757033181,10.0,4.3,False,False,True,73.43526224114574
734,300388.SZ,节能国祯,0.20224719101123598,27.04918032786885,1.4085805611996038,0.9848360270040253,1.1048476148910114,1.0086693687336687,681042231.0,7.06,7.06,6.97,7.04,6765296.0,47446735.0,7.0,0.5714285714285783,20.0,8.4,False,False,True,73.43042384362299
735,603712.SH,七一二,0.022079772079772114,38.87323943661971,1.5214093729624845,1.3222659455958505,0.9997007232138756,1.3493066458542753,772000000.0,10.91,11.33,10.91,11.28,13773578.0,154540909.0,10.96,2.9197080291970767,10.0,12.06,False,False,True,73.4062318560093
736,000999.SZ,华润三九,0.3024096385542167,22.4537037037037,1.2923405853070118,0.7675618067963667,1.109088797150323,0.8716819628727489,1662560811.0,23.98,24.61,23.98,24.45,11123692.0,271551268.0,24.11,1.410203235172136,10.0,26.52,False,False,True,73.37333075285466
737,300284.SZ,苏交科,0.08855291576673868,28.305785123966952,1.481687339578988,1.4275540223401353,1.4771761718959644,0.6315125069997979,1198281717.0,5.25,5.35,5.25,5.27,10802728.0,57391464.0,5.25,0.3809523809523707,20.0,6.3,False,False,True,73.34817108573641
738,000731.SZ,四川美丰,0.30662983425414375,23.32015810276682,1.481738192997931,1.3026376488427343,0.667689773424646,0.7654044092798581,548825900.0,6.14,6.25,6.11,6.21,5472039.0,34004350.0,6.17,0.6482982171799101,10.0,6.79,False,False,True,73.3481710857364
739,603787.SH,新日股份,0.19141104294478514,20.79545454545455,1.3312330748605696,1.7548930171003043,1.077847426140429,0.5462791919722834,230143790.0,10.36,10.44,10.28,10.35,2206300.0,22843028.0,10.36,-0.09652509652509078,10.0,11.4,False,False,True,73.33849429069092
740,002462.SZ,嘉事堂,0.1836283185840708,34.86150907354344,1.1982590083064273,1.2680398280828575,0.9055731559410489,0.7466788745876918,291470419.0,12.13,12.31,12.13,12.24,2759696.0,34044166.0,12.13,0.906842539159114,10.0,13.34,False,False,True,73.33462357267274
741,600682.SH,南京新百,0.15077605321507756,26.232741617357004,1.5433841093821905,1.4853962695359522,1.0120369237706386,0.6367168840220357,1164060275.0,5.75,5.86,5.74,5.76,11009413.0,63756502.0,5.75,0.17391304347824654,10.0,6.33,False,False,True,73.30559318753627
742,002765.SZ,蓝黛科技,0.10208333333333328,38.30845771144278,1.393087235417532,1.546408584715508,0.8656340317685763,0.5542703269394076,595908390.0,7.06,7.1,6.95,6.97,5107700.0,35810709.0,7.01,-0.5706134094151216,10.0,7.71,False,False,True,73.29591639249081
743,600713.SH,南京医药,0.3371428571428571,18.599562363238498,0.9671071793941598,1.1748042960796135,1.1137964070905573,0.5209932702214667,1289813712.0,5.13,5.22,5.13,5.17,7894500.0,41571203.0,5.16,0.19379844961240345,10.0,5.68,False,False,True,73.29398103348171
744,601908.SH,京运通,0.07843137254901968,36.78571428571429,1.7075998730429192,1.7207291133082063,0.6632330570661358,0.7298819384669984,2414602861.0,2.99,3.06,2.98,3.04,30325700.0,92067302.0,3.0,1.333333333333342,10.0,3.3,False,False,True,73.28236887942712
745,300415.SZ,伊之密,0.14272559852670358,26.30998345284059,1.7489108941055989,1.495515995139537,0.8906587083514736,0.697351338422103,454427139.0,19.72,19.86,19.55,19.73,4739221.0,93543571.0,19.68,0.2540650406504197,20.0,23.62,False,False,True,73.27462744339074
746,000860.SZ,顺鑫农业,0.13067400275103153,22.971548998946247,1.5765125402838778,1.430048230415383,1.3735048962943257,0.7162633010325771,741766989.0,10.36,10.68,10.36,10.57,7597853.0,80430652.0,10.44,1.245210727969348,10.0,11.48,False,False,True,73.26882136636345
747,002098.SZ,浔兴股份,0.1890034364261169,25.907590759075916,1.3473114147826248,1.1670702793296028,1.2237380684698016,0.7417944508710586,358000000.0,7.16,7.25,7.11,7.21,3099300.0,22322347.0,7.16,0.6983240223463749,10.0,7.88,False,False,True,73.26882136636345
748,601801.SH,皖新传媒,0.3430962343096236,24.675324675324674,1.0334477477274906,0.5948885834135095,1.1375523477533054,0.6404380321856619,1957931237.0,5.44,5.49,5.4,5.41,7459508.0,40561995.0,5.44,-0.5514705882353033,10.0,5.98,False,False,True,73.26688600735437
749,600880.SH,博瑞传播,0.0837209302325582,27.195467422096332,1.7907896296808103,1.748191709345987,0.9347096990499237,0.5972505224428328,1093030175.0,3.87,3.93,3.86,3.9,11412420.0,44555116.0,3.89,0.25706940874035134,10.0,4.28,False,False,True,73.229146506677
750,600620.SH,天宸股份,0.19060773480662993,32.63157894736843,1.7084152034229287,0.7388275368368025,0.8218467107767116,1.0959010277923136,686677113.0,4.43,4.55,4.43,4.5,5559900.0,25052872.0,4.49,0.22271714922048602,10.0,4.94,False,False,True,73.20882523708148
751,000558.SZ,天府文旅,0.11013215859030835,36.63366336633662,1.3471713254779234,1.8106668931371785,0.8413864318437307,2.2099416294886796,1288679883.0,3.54,3.63,3.5,3.58,51566115.0,185087627.0,3.53,1.4164305949008638,10.0,3.88,False,False,True,73.1933423650087
752,301275.SZ,汉朔科技,0.10938864628820973,23.31020303263942,1.6118596672504826,2.07148985851466,1.012571709230919,1.1505881044759223,300859233.0,43.16,43.64,41.2,41.29,7170774.0,300501687.0,42.7,-3.3021077283372446,20.0,51.24,False,False,True,73.18753628798142
753,600031.SH,三一重工,0.3222811671087533,26.15012106537531,1.3513479418989327,0.8272325346594099,0.8608019334895917,0.6477902847159208,8474390037.0,19.0,19.17,18.79,18.86,45411985.0,861777148.0,18.95,-0.4749340369393118,10.0,20.85,False,False,True,73.16624733888136
754,301616.SZ,浙江华业,0.15722801788375568,26.581469648562294,1.4207546827487654,2.0489639192119915,0.8679231170768082,0.904900475983493,28401791.0,35.51,35.58,34.5,34.74,526600.0,18345822.0,35.52,-2.195945945945954,20.0,42.62,False,False,True,73.15657054383588
755,600893.SH,航发动力,0.1389500157183276,35.71876961707472,1.571759499365347,1.1175741345914085,0.8733654408696184,0.7865472086239906,2665124758.0,36.24,37.28,36.11,36.7,23427108.0,861963334.0,36.28,1.1576626240352939,10.0,39.91,False,False,True,73.15269982581769
756,300183.SZ,东软载波,0.15413533834586474,36.736958934517205,1.7019737419048973,1.1380767657867366,0.6371099971978262,1.123941209826448,371087762.0,10.61,10.96,10.5,10.8,4746700.0,51321413.0,10.65,1.4084507042253502,20.0,12.78,False,False,True,73.15269982581769
757,002605.SZ,姚记科技,0.07523739956172396,27.228027043638605,1.4627394493198111,2.097907715857445,1.1185152389284279,0.45145506575557903,338232454.0,17.3,17.46,17.21,17.36,3203437.0,56241526.0,17.3,0.3468208092485492,10.0,19.03,False,False,True,73.10625120959938
758,603970.SH,中农立华,0.2535211267605633,21.390937829293975,1.1743872353941973,1.132940767060773,1.344518113500186,0.9434907287883812,268800134.0,10.73,11.0,10.73,10.93,2873256.0,31377850.0,10.75,1.6744186046511622,10.0,11.83,False,False,True,73.07722082446293
759,000008.SZ,神州高铁,0.23776223776223765,31.79723502304148,1.1196130740904657,1.2585832110450297,0.8707007307070612,0.9365908256896407,2716296952.0,2.52,2.52,2.48,2.5,32019097.0,79946358.0,2.51,-0.3984063745019806,10.0,2.76,False,False,True,73.05012579833559
760,603309.SH,维力医疗,0.125,17.3953488372093,1.4324385532661406,2.2254549261825924,1.4139947225542289,0.6285922312112178,291871418.0,11.4,11.55,11.33,11.39,4083000.0,46589804.0,11.41,-0.17528483786152238,10.0,12.55,False,False,True,73.0346429262628
761,603197.SH,保隆科技,0.21636546184738947,23.273855702094636,1.3895251050350423,1.3522322699595588,1.0637333471922397,0.72977408208941,211152127.0,30.02,30.34,29.77,29.96,2083700.0,63243569.0,30.09,-0.43203722166832437,10.0,33.1,False,False,True,73.00561254112638
762,600276.SH,恒瑞医药,0.04318820224719116,28.14847547503314,1.741985124765043,1.451602855315109,1.2473676395680595,0.8455425034888646,6379002274.0,46.49,47.48,46.49,46.74,78295358.0,3679128467.0,46.49,0.5377500537750102,10.0,51.14,False,False,True,72.98625895103542
763,603000.SH,人民网,0.1441605839416058,28.379334748761487,1.4443527165240462,1.6371537240688276,0.9992672867393126,0.6051845284448992,1105691056.0,16.42,16.59,16.3,16.36,10954967.0,179766153.0,16.5,-0.848484848484854,10.0,18.15,False,False,True,72.98238823301723
764,000419.SZ,通程控股,0.2578125,21.345707656612547,1.305628334637189,1.3311738855979434,1.0476348793483958,0.9399352505479749,543582655.0,4.94,5.05,4.94,5.01,6801400.0,34054774.0,4.97,0.8048289738430636,10.0,5.47,False,False,True,72.98045287400812
765,002461.SZ,珠江啤酒,0.3750000000000002,34.63611859838276,1.2659073686554678,0.29014370700185954,0.6466385727706035,0.6182483746502732,2213328480.0,8.68,8.77,8.62,8.69,3970288.0,34625147.0,8.65,0.46242774566473965,10.0,9.52,False,False,True,72.97464679698085
766,601211.SH,国泰海通,0.3684931506849313,32.258064516129025,1.0503795248527044,0.62340139180364,0.8001059320923936,1.308100880989732,13449124024.0,17.36,17.98,17.25,17.85,109875563.0,1950152009.0,17.31,3.11958405545929,10.0,19.04,False,False,True,72.93787497580801
767,603535.SH,嘉诚国际,0.08062234794908055,29.173989455184525,1.7305288819219946,1.0930629048030718,1.3572672736788651,0.6184238204348654,510918331.00000006,6.26,6.35,6.2,6.32,3453686.0,21754171.0,6.26,0.9584664536741228,10.0,6.89,False,False,True,72.93593961679893
768,000567.SZ,海德股份,0.2886904761904761,23.8721804511278,1.4300587341329414,0.9364002910923155,0.9465518970110138,1.3418343883251997,1948764564.0,6.0,6.28,5.96,6.18,24486112.0,150623064.0,6.0,3.0000000000000027,10.0,6.6,False,False,True,72.90690923166248
769,300406.SZ,九强生物,0.24235807860261996,15.976900866217525,1.3670282751141105,1.325368222887308,1.2754883465940716,1.077923022389812,424283173.0,11.5,11.78,11.5,11.55,6061500.0,71438229.0,11.5,0.43478260869564966,20.0,13.8,False,False,True,72.89916779562608
770,601238.SH,广汽集团,0.08842105263157893,30.290456431535272,2.0179002655051113,0.43147347572269595,1.4140443629518358,0.9615885526189597,7383697595.0,5.2,5.38,5.2,5.25,30634958.0,162331137.0,5.24,0.190839694656475,10.0,5.76,False,False,True,72.87787884652603
771,300595.SZ,欧普康视,0.09344660194174774,19.921491658488733,1.7888136595996726,1.779269301976273,1.2391736256734323,0.6315328413358372,668494760.0,10.96,11.15,10.9,11.08,7511655.0,83022378.0,10.96,1.0948905109488871,20.0,13.15,False,False,True,72.85852525643507
772,002276.SZ,万马股份,0.09112333071484682,31.613611416026366,1.572181177366756,1.8414225351820954,0.9035638612870018,0.6689401248257215,1007318046.0,10.3,10.46,10.25,10.32,12408158.0,128795186.0,10.27,0.48685491723468033,10.0,11.3,False,False,True,72.85658989742596
773,688570.SH,天玛智控,0.25062656641604014,24.925373134328343,1.3307600535378006,0.6281453506907506,1.4567547001943293,0.6187420408519234,188200000.0,15.17,15.47,15.17,15.34,731458.0,11243890.0,15.4,-0.3896103896103953,20.0,18.48,False,False,True,72.81207664021676
774,600597.SH,光明乳业,0.2758620689655171,19.666666666666654,1.3334558567106307,0.8149913520268223,1.4794422592342407,0.5935131470679238,1378455363.0,6.78,6.9,6.77,6.83,6667700.0,45664046.0,6.8,0.4411764705882337,10.0,7.48,False,False,True,72.79078769111669
775,603066.SH,音飞储存,0.2119700748129675,35.57692307692306,1.0888862376859365,1.2754286682244789,0.8592529742479933,1.7801701839817465,294180074.0,9.24,9.25,9.04,9.1,6679300.0,60865113.0,9.17,-0.7633587786259555,10.0,10.09,False,False,True,72.7404683568802
776,000912.SZ,泸天化,0.21246458923512745,27.129337539432186,1.5391174388035007,1.469726556122444,0.7839484103964811,2.1781414427690726,1568000000.0,3.82,3.99,3.79,3.9,50195950.0,196786762.0,3.92,-0.5102040816326481,10.0,4.31,False,False,True,72.73079156183472
777,002670.SZ,国盛证券,0.025289017341040436,25.428571428571423,1.7321635857711999,1.666310979492304,1.4363620049830748,0.9139810779453496,1623350634.0000002,10.79,11.11,10.76,11.02,24723252.0,271917120.0,10.85,1.5668202764977046,10.0,11.94,False,False,True,72.72498548480743
778,603877.SH,太平鸟,0.1810766721044045,26.347826086956516,1.7413923300684395,0.5005946537182095,1.2435339279098079,0.49352844597724627,469323560.0,12.6,12.69,12.56,12.63,1159500.0,14618269.0,12.61,0.15860428231564416,10.0,13.87,False,False,True,72.6920843816528
779,300636.SZ,同和药业,0.2567975830815709,18.65793780687397,1.0040068172541365,1.8496519360932513,1.080981147878308,0.9664317136673858,367310277.0,6.88,6.97,6.8,6.91,6565900.0,45135981.0,6.96,-0.7183908045977017,20.0,8.35,False,False,True,72.65337720147087
780,600694.SH,大商股份,0.3741496598639454,20.431765612952944,1.0081168862746221,0.9572133200525335,1.1134195155490032,0.8709433001451875,378793611.0,14.62,14.75,14.56,14.66,3157921.0,46299737.0,14.62,0.2735978112175186,10.0,16.08,False,False,True,72.6320882523708
781,300523.SZ,辰安科技,0.22229869236063318,29.467455621301774,1.560766814031923,0.9799353513661825,0.8587255863642254,0.6442279461485798,232630438.0,20.25,20.33,20.07,20.2,1468600.0,29692952.0,20.13,0.3477396920019915,20.0,24.16,False,False,True,72.59531643119799
782,002444.SZ,巨星科技,0.25365853658536597,30.576631259484067,1.5144722426241835,0.8954565996765399,0.7940667773085951,0.9529087932278654,1147158478.0,29.54,30.48,29.27,30.26,9788571.0,294891560.0,29.48,2.6458616010854863,10.0,32.43,False,False,True,72.52370814786143
783,300979.SZ,华利集团,0.1485362095531587,29.236234458259336,1.6924795771139576,0.3475480334190175,1.8102671960151573,0.4422099632471138,1167000000.0,32.98,33.76,32.79,33.22,1793553.0,61547417.0,32.97,0.758265089475274,20.0,39.56,False,False,True,72.46564737758855
784,600975.SH,新五丰,0.27972027972027974,26.49164677804294,1.3868174556412154,0.9838919930444491,0.9249490134730964,1.201616862114174,1249661740.0,4.98,5.09,4.96,5.05,14774266.0,74641345.0,4.99,1.2024048096192397,10.0,5.49,False,False,True,72.43081091542481
785,601066.SH,中信建投,0.3729626078619368,31.33951137320978,0.7104912599221952,0.34386511924090607,1.0020800801902845,1.3244778148469798,6495671035.0,24.65,25.47,24.6,25.27,29583996.0,744838220.0,24.64,2.556818181818188,10.0,27.1,False,False,True,72.42113412037934
786,600231.SH,凌钢股份,0.2105263157894737,35.761589403973495,1.5041473177612468,0.5255482562707854,0.912042436209078,1.3003908063745933,2836383381.0,1.75,1.8,1.75,1.78,19384358.0,34525786.0,1.75,1.7142857142857126,10.0,1.93,False,False,True,72.41145732533386
787,000910.SZ,大亚圣象,0.18156424581005595,35.220125786163536,1.3935557457272019,0.826290070470161,1.0379893706938386,0.5949688278839861,547235125.0,5.4,5.47,5.37,5.44,2690300.0,14591625.0,5.42,0.3690036900369176,10.0,5.96,False,False,True,72.36694406812465
788,600097.SH,开创国际,0.15841584158415842,26.372155287817932,1.483419985859546,1.5307536620044406,1.0957381978074217,0.7656965349411948,240936559.00000003,8.75,8.83,8.71,8.8,2824000.0,24821783.0,8.75,0.5714285714285783,10.0,9.63,False,False,True,72.33404296497
789,605369.SH,拱东医疗,0.27107652399481186,31.457627118644083,1.398017142058059,0.7007333826672579,0.8983646228727767,0.5624322876496891,219803029.0,16.84,17.1,16.66,16.7,866700.0,14576783.0,16.84,-0.8313539192399078,10.0,18.52,False,False,True,72.30888329785175
790,002468.SZ,申通快递,0.20611702127659584,35.48387096774193,1.3754202120939658,1.2395203112273259,0.7768768473139029,0.5219426234365603,1476289631.0,14.0,14.18,13.96,14.03,9531164.0,134106382.0,13.96,0.5014326647564404,10.0,15.36,False,False,True,72.24114573253338
791,603600.SH,永艺股份,0.28701594533029606,25.212121212121218,1.1157250664746983,1.2580235664597423,1.0115642410519283,0.9386260233114743,330433170.0,9.52,9.57,9.39,9.41,3901800.0,37637550.0,9.51,-1.051524710830698,10.0,10.46,False,False,True,72.21405070640604
792,603321.SH,梅轮电梯,0.28346456692913385,29.158878504672913,1.3793568569813222,1.0353427503286714,0.8208332182876602,0.6205319203433458,344564469.0,6.43,6.47,6.36,6.4,2213700.0,14194456.0,6.43,-0.4665629860031051,10.0,7.07,False,False,True,72.21405070640604
793,603237.SH,五芳斋,0.3352272727272727,33.750000000000014,1.250337585578189,0.6263195580123304,0.779009369360396,0.8566359345015667,189806926.0,14.28,14.52,14.2,14.44,1018367.0,14669617.0,14.36,0.557103064066844,10.0,15.8,False,False,True,72.20630927036966
794,000795.SZ,英洛华,0.24647887323943654,27.728983688833118,1.2408221604260168,1.3525913425051481,0.9335782491913893,2.863731229601619,1116249027.0,8.93,8.99,8.7,8.76,43237438.0,379123485.0,9.02,-2.882483370288247,10.0,9.92,False,False,True,72.19856783433326
795,002337.SZ,赛象科技,0.17874396135265685,34.49131513647641,1.4862806783351852,1.2123922338934405,0.8573474427775265,1.223393486263664,587817585.0,4.76,4.8,4.69,4.74,8718703.0,41414120.0,4.77,-0.6289308176100517,10.0,5.25,False,False,True,72.18695568027869
796,600153.SH,建发股份,0.3470031545741324,25.39062500000002,1.3137782460787784,0.6792756624397043,0.9874987067690796,1.2273924757902293,2899538551.0,8.76,9.1,8.72,9.07,24174550.0,216377203.0,8.78,3.302961275626437,10.0,9.66,False,False,True,72.1366363460422
797,600435.SH,北方导航,0.07716049382716049,32.77486910994762,1.5887632848722328,1.5605576600910411,1.0791680956715584,0.5744577206019824,1512357749.0,10.5,10.52,10.33,10.43,13557900.0,141498009.0,10.55,-1.1374407582938506,10.0,11.61,False,False,True,72.10954131991485
798,601860.SH,紫金银行,0.3137254901960786,13.333333333333353,0.9613025335551079,1.4988745966582924,1.2920310806738342,1.2157623215037987,3551687961.0,2.56,2.61,2.55,2.6,64721531.0,167679311.0,2.56,1.5625,10.0,2.82,False,False,True,72.01277336946004
799,002065.SZ,东华软件,0.06735751295336798,26.584234930448215,1.5522562778336133,1.8672151512151762,1.3851565260998677,0.41065547494866306,2945739379.0,6.85,6.94,6.83,6.89,22587403.0,155514677.0,6.86,0.4373177842565523,10.0,7.55,False,False,True,72.00503193342365
800,600056.SH,中国医药,0.274074074074074,19.759036144578303,1.210380286108424,1.3007794746700976,1.2528041062077817,0.7060061219485861,1495351478.0,9.31,9.5,9.31,9.33,13732684.0,128424486.0,9.41,-0.8501594048884176,10.0,10.35,False,False,True,71.99922585639636
801,600708.SH,光明地产,0.15816326530612226,34.30656934306568,2.0707689483374048,0.8592927386052576,0.7045429203425456,0.47489593510660527,2225277771.0,3.05,3.09,3.03,3.06,9080794.0,27876636.0,3.05,0.3278688524590345,10.0,3.36,False,False,True,71.99729049738727
802,600128.SH,苏豪弘业,0.22066549912434325,29.370629370629374,1.3416772697099772,1.5143549697589793,0.8617786429278745,1.0140660962367591,246767500.0,8.38,8.51,8.35,8.47,3789500.0,31931788.0,8.41,0.7134363852556502,10.0,9.25,False,False,True,71.94116508612346
803,600064.SH,南京高科,0.3956521739130434,18.316100443131454,1.1258333021600002,1.0099735887459054,1.1045056929752008,0.8009102371373489,1730339644.0,7.66,7.78,7.66,7.76,13996686.0,108378288.0,7.68,1.041666666666674,10.0,8.45,False,False,True,71.93729436810528
804,601628.SH,中国人寿,0.3015049299429165,32.117017930166725,1.161518399723476,0.16119767853960948,1.0892978975869296,1.2147531494425963,20823530000.0,37.43,38.63,37.38,38.58,40775676.0,1558192556.0,37.6,2.6063829787233983,10.0,41.36,False,False,True,71.86181536675053
805,000529.SZ,广弘控股,0.38248847926267243,22.695035460992898,1.3866737504720787,0.7776401545396225,0.9390471160478079,0.738957314936723,569884377.0,5.02,5.1,5.02,5.05,3274800.0,16573898.0,5.06,-0.19762845849802257,10.0,5.57,False,False,True,71.84633249467777
806,603187.SH,海容冷链,0.03820598006644496,21.028466483011933,1.6563363560902444,2.2859544598287327,1.6204382307735588,0.5284630480448713,382361891.00000006,11.09,11.21,11.08,11.18,4619094.0,51527497.0,11.12,0.5395683453237377,10.0,12.23,False,False,True,71.83278498161408
807,600526.SH,菲达环保,0.3333333333333333,20.654911838790934,1.318885131688443,1.0642261413806942,1.0410468096073147,1.3145627043923658,873007140.0000001,4.69,4.78,4.65,4.66,12213300.0,58052370.0,4.66,0.0,10.0,5.13,False,False,True,71.8289142635959
808,600729.SH,重百集团,0.16711349419124225,16.941444002274018,1.3591448481620572,2.240618519747136,1.3376613880480959,0.5925339215041251,192482844.0,19.4,19.61,19.3,19.49,2555484.0,49848849.0,19.46,0.15416238437819807,10.0,21.41,False,False,True,71.78633636539578
809,603896.SH,寿仙谷,0.24444444444444458,27.258320126782888,1.2970443458635672,1.076681068553022,1.1064035656544766,1.291308584423391,198243938.00000003,15.03,15.24,14.73,14.77,2756240.0,40971363.0,15.15,-2.508250825082514,10.0,16.67,False,False,True,71.7785949293594
810,300425.SZ,中建环能,0.22702702702702704,22.95081967213115,1.2616298054252144,1.491325321643642,1.1995333563897155,1.0446398823225775,680738380.9999999,4.08,4.12,4.05,4.11,10605209.0,43365588.0,4.08,0.7352941176470562,20.0,4.9,False,False,True,71.770853493323
811,688475.SH,萤石网络,0.3376068376068378,23.772102161100193,1.2348803669486252,0.734534399999995,1.1625746938760746,0.38657499896619535,787500000.0,28.94,29.34,28.83,28.86,2236127.0,64983917.0,29.1,-0.8247422680412453,20.0,34.92,False,False,True,71.74762918521387
812,601766.SH,中国中车,0.37883959044368604,24.900398406374503,1.3396147129562066,0.6781735592118754,0.9569022618906543,0.7371633581580381,24327798048.0,6.13,6.19,6.1,6.18,121620671.0,749224393.0,6.13,0.815660685154973,10.0,6.74,False,False,True,71.72537255660926
813,002877.SZ,智能自控,0.2103386809269163,35.59055118110237,1.1982876939508647,1.8413563428144015,0.5997407782070605,0.8923997158735149,240514652.0,7.48,7.6,7.42,7.53,3952199.0,29653385.0,7.53,0.0,10.0,8.28,False,False,True,71.71472808205922
814,002035.SZ,华帝股份,0.208835341365462,19.025522041763352,1.4126008091181819,1.5892228692355248,1.2787411135810256,0.7620739484494103,782037666.9999999,4.85,4.9,4.83,4.85,9471300.0,46066164.0,4.83,0.41407867494822614,10.0,5.31,False,False,True,71.6905360944455
815,300003.SZ,乐普医疗,0.09223300970873798,22.615803814713907,1.7058603907880125,2.096598962946414,1.1677551996327635,0.49598978777252206,1578912054.0,12.0,12.16,11.96,12.0,16418975.0,197627289.0,11.96,0.33444816053511683,20.0,14.35,False,False,True,71.65086123475905
816,300413.SZ,芒果超媒,0.01183431952662721,27.37146994931208,1.7547869037092654,1.8634874554824994,1.2193922998685676,0.5109938531692887,1021699958.0,14.02,14.23,14.01,14.11,9728940.0,137550858.0,14.07,0.2842928216062468,20.0,16.88,False,False,True,71.62376620863171
817,603697.SH,有友食品,0.10664335664335653,31.372549019607842,1.7734848631260398,1.448856543989733,0.9697211895750799,0.5733486473192239,427692098.0,9.25,9.34,9.19,9.2,3552838.0,33738294.0,9.28,-0.8620689655172376,10.0,10.21,False,False,True,71.61989549061352
818,301267.SZ,华厦眼科,0.23429951690821235,22.447552447552454,1.6424729099919702,0.7911052720152809,1.2244771173068691,0.65159077769047,648444383.0,16.33,16.41,16.13,16.19,3342581.0,54347896.0,16.24,-0.30788177339899914,20.0,19.49,False,False,True,71.60054190052254
819,301330.SZ,熵基科技,0.1112656467315717,39.79836773883822,1.6265554826892745,1.2729204288108884,0.83868949988002,0.5108662486872839,204668620.0,24.2,24.34,23.9,24.05,1279339.0,30838024.0,24.03,0.08322929671245038,20.0,28.84,False,False,True,71.59860654151346
820,002242.SZ,九阳股份,0.14166666666666658,23.4375,1.9017492098380457,1.2675214637047936,1.15989462430176,0.4835774742772617,761765625.0,8.34,8.39,8.29,8.37,4669203.0,39015216.0,8.36,0.11961722488038617,10.0,9.2,False,False,True,71.59280046448615
821,002777.SZ,久远银海,0.09150865622423739,24.27101200686106,1.5005661318052461,2.182636512543466,1.372602671789963,0.5122428429307888,404511491.0,12.72,12.88,12.65,12.79,4522600.0,57759973.0,12.77,0.1566170712607562,10.0,14.05,False,False,True,71.58118831043157
822,002368.SZ,太极股份,0.03691275167785236,35.9594383775351,1.7548085017933992,1.5698570078096503,0.948907355760876,0.7910587917407369,621573946.0,13.43,13.72,13.3,13.66,7719011.0,104497726.0,13.48,1.335311572700304,10.0,14.83,False,False,True,71.5734468743952
823,603049.SH,中策橡胶,0.3762205628948879,21.030444964871187,1.3745074904178338,0.5415076203513034,1.1505154587124988,1.0846197994182936,504980262.0,49.25,50.17,49.01,49.9,2965900.0,147471282.0,49.25,1.3197969543147225,10.0,54.18,False,False,True,71.56377007934972
824,000570.SZ,苏常柴Ａ,0.2510460251046024,25.991189427312776,1.2098757975201901,1.9485445122260705,0.8183732611464261,0.7553485004226368,555692507.0,5.14,5.19,5.12,5.16,8178850.0,42152958.0,5.14,0.3891050583657574,10.0,5.65,False,False,True,71.54441648925877
825,600309.SH,万华化学,0.36963882618510147,20.027603128354542,1.369874385074287,1.079491910079361,0.9610327175175458,1.071495801271392,3130471626.0,71.75,74.03,70.88,73.71,36209259.0,2666540510.0,72.1,2.233009708737854,10.0,79.31,False,False,True,71.44377782078575
826,001219.SZ,青岛食品,0.2952586206896551,22.08370436331255,1.0991460787000977,1.6341122254498568,0.986929734410453,0.5377552017821131,190197500.0,12.62,12.79,12.59,12.62,1671365.0,21174734.0,12.6,0.15873015873015817,10.0,13.86,False,False,True,71.43990710276756
827,002997.SZ,瑞鹄模具,0.22398190045248875,29.641827912721276,1.6470073335366877,1.321753290067311,0.7175299406128246,1.1471452661399644,209321325.0,28.3,28.75,28.11,28.6,3173820.0,91021993.0,28.25,1.2389380530973604,10.0,31.08,False,False,True,71.41668279465841
828,605500.SH,森林包装,0.19290123456790123,37.118644067796595,1.4744549189187364,1.002162910231654,0.8537421807272929,1.2702255890499003,414400000.0,7.08,7.27,7.08,7.21,5275200.0,38013101.0,7.15,0.8391608391608241,10.0,7.87,False,False,True,71.40700599961293
829,603312.SH,西典新能,0.07454128440366978,34.80040941658138,1.7309245249405723,2.038534942409092,0.7813103358730649,0.605677122360266,50919500.0,32.07,32.1,31.38,31.92,628700.0,19989983.0,31.91,0.03133813851456946,10.0,35.1,False,False,True,71.37797561447648
830,601008.SH,连云港,0.21923076923076928,23.453608247422686,1.3986347928629324,1.1206598042910454,1.513211189855425,1.0053212102628828,1240638006.0,4.42,4.47,4.41,4.44,13977314.0,62550820.0,4.45,-0.22471910112359383,10.0,4.9,False,False,True,71.37023417844011
831,000035.SZ,中国天楹,0.08177570093457937,38.35294117647059,1.6855023152558235,1.5665988373338016,0.8369075016484158,0.6393180962407482,2313124623.0,4.6,4.66,4.57,4.64,23167215.0,106985928.0,4.6,0.8695652173912993,10.0,5.06,False,False,True,71.34700987033094
832,002019.SZ,亿帆医药,0.1304964539007092,21.83020948180816,1.7146345500110975,1.9204858225602541,1.1075411830747441,0.5719417623419322,842518305.0,9.99,10.13,9.95,10.01,9254272.0,92798143.0,9.99,0.2002002002001957,10.0,10.99,False,False,True,71.33926843429455
833,600989.SH,宝丰能源,0.3599182004089981,27.91904514789829,1.4098819207197866,0.9442485531870749,0.7530584399036024,0.8507759266654269,7333360000.0,22.15,22.82,21.97,22.72,58912103.0,1350251310.0,22.85,-0.5689277899343703,10.0,25.14,False,False,True,71.27927230501258
834,002249.SZ,大洋电机,0.028400597907324424,35.07692307692307,1.5919585378960892,2.0704769078409146,0.9461599111769937,1.0105970228125354,1863776633.0,6.65,6.72,6.59,6.66,38997994.0,260190792.0,6.69,-0.4484304932735439,10.0,7.36,False,False,True,71.2715308689762
835,603755.SH,日辰股份,0.17517899761336522,36.32714500752636,1.8084939930055626,0.912234682731289,0.752919484432541,0.6151703635063244,98613681.0,23.61,23.81,23.22,23.37,553400.0,12987566.0,23.6,-0.9745762711864447,10.0,25.96,False,False,True,71.267660150958
836,600929.SH,雪天盐业,0.2614840989399292,31.24999999999998,1.3075692869919264,1.109444804097109,0.9087785096545926,1.1425493038189893,1640113256.0,5.25,5.44,5.2,5.37,20790000.0,111398542.0,5.22,2.8735632183908066,10.0,5.74,False,False,True,71.22314689374879
837,300962.SZ,中金辐照,0.26178660049627805,20.18819503849445,1.496917169953519,1.1745610676426266,1.1560895906345536,1.7369048976196468,264001897.0,13.62,13.88,13.55,13.75,5385905.0,73820292.0,13.8,-0.36231884057971175,20.0,16.56,False,False,True,71.20572866266693
838,000957.SZ,中通客车,0.3945409429280397,21.177802944507352,1.3408151210066923,1.545514777962272,0.7219161639331204,0.9749528013179842,592903936.0,10.41,10.52,10.32,10.33,8933900.0,92963269.0,10.42,-0.8637236084452993,10.0,11.46,False,False,True,71.20379330365782
839,601515.SH,衢州东峰,0.17916666666666659,38.305084745762706,1.7693449542429645,0.9046562835355324,0.672873201712468,0.6496324405785844,1924470671.0,3.41,3.46,3.39,3.42,11310000.0,38771462.0,3.38,1.183431952662728,10.0,3.72,False,False,True,71.1186375072576
840,603231.SH,索宝蛋白,0.3300613496932516,19.85401459854017,0.9575990596380002,1.856414454439422,0.9522142656655419,1.2399442693084717,106265982.0,16.22,16.46,16.15,16.38,2446084.0,40020388.0,16.39,-0.061012812690675045,10.0,18.03,False,False,True,71.09734855815753
841,601007.SH,金陵饭店,0.34853420195439716,19.072164948453608,0.9707652256620447,1.6560449871794831,1.007007802133893,1.100772152472106,390000000.0,6.87,6.99,6.83,6.96,7109420.0,49319393.0,6.89,1.0159651669085612,10.0,7.58,False,False,True,71.08960712212117
842,603706.SH,东方环宇,0.38014184397163164,33.65500603136311,1.1862723492114617,0.6354796193278706,0.8028363038892736,1.1259051862188467,189382714.0,19.25,19.78,19.15,19.71,1355014.0,26433415.0,19.26,2.336448598130847,10.0,21.19,False,False,True,71.05477065995743
843,603365.SH,水星家纺,0.29446407538280334,22.90322580645161,1.4115756894447633,0.828130819576327,1.2265170609807696,1.9514192332203322,261133700.0,17.24,17.66,16.9,17.29,4220000.0,72982972.0,18.0,-3.9444444444444504,10.0,19.8,False,False,True,71.03735242887555
844,002901.SZ,大博医疗,0.33200992555831293,24.71852610030707,1.2130858850137578,0.7615850247789204,1.235546024210242,0.7803708829525169,288412223.0,45.77,46.44,45.6,46.09,1714088.0,79061341.0,45.77,0.6991479134804468,10.0,50.35,False,False,True,70.97929165860268
845,002672.SZ,东江环保,0.25660377358490566,35.40983606557377,1.4378281013288523,0.9325684257349105,0.7774871090796541,0.6307897400112963,905118302.0,3.74,3.81,3.73,3.78,5324400.0,20081197.0,3.73,1.3404825737265424,10.0,4.1,False,False,True,70.95606735049351
846,600675.SH,中华企业,0.21428571428571433,24.0,1.8828069260562004,0.5768079813098005,1.193121577742943,0.8836947182390122,6046135331.0,2.25,2.32,2.25,2.29,30818492.0,70794378.0,2.27,0.8810572687224738,10.0,2.5,False,False,True,70.95219663247534
847,600748.SH,上实发展,0.11428571428571431,39.393939393939384,1.9246566623702954,0.8006616561599961,0.8837188587504619,0.7777872753363025,1844562892.0,3.88,3.94,3.84,3.86,11486913.0,44593916.0,3.86,0.0,10.0,4.25,False,False,True,70.93090768337528
848,002567.SZ,唐人神,0.30964467005076163,23.32268370607029,1.37464947028845,1.3089934097155111,0.9325169679834128,1.0807463745567993,1431666421.0,3.74,3.8,3.72,3.76,20253640.0,76258318.0,3.74,0.53475935828875,10.0,4.11,False,False,True,70.92606928585252
849,000058.SZ,深 赛 格,0.16771159874608155,27.89115646258502,1.7924152978694028,0.8455947251800395,1.1897815624583628,0.7375263894618976,984739279.0,6.93,7.04,6.9,6.91,6141311.0,42756835.0,6.95,-0.575539568345329,10.0,7.65,False,False,True,70.90768337526612
850,601089.SH,福元医药,0.06798096532970781,23.62565445026179,2.265389086408676,1.1398203645833305,1.5837065993253714,0.5513940861752201,480000000.0,16.28,16.68,16.21,16.44,3016753.0,49621332.0,16.28,0.9828009828009909,10.0,17.91,False,False,True,70.87865299012967
851,600051.SH,宁波联合,0.3007246376811595,25.95281306715065,1.2761894655931811,1.6070199916366399,0.8218738047354069,1.2978032252923208,310880000.0,6.31,6.42,6.3,6.35,6483700.0,41212843.0,6.34,0.1577287066246047,10.0,6.97,False,False,True,70.84768724598412
852,002187.SZ,广百股份,0.17790262172284652,28.91832229580573,1.4349071651775154,1.5448944520595236,1.0411517485408794,0.9758145262711939,700894633.0,5.48,5.55,5.46,5.51,10566200.0,58177648.0,5.48,0.5474452554744325,10.0,6.03,False,False,True,70.83801045093864
853,688085.SH,三友医疗,0.17698412698412702,29.94604316546763,1.5447269129292767,1.1657781669612215,1.0983534237288044,0.576486058447231,350615573.0,13.33,13.54,13.19,13.3,2356329.0,31422882.0,13.35,-0.3745318352059823,20.0,16.02,False,False,True,70.81381846332495
854,002666.SZ,德联集团,0.2061068702290075,26.90217391304348,1.2357452976087537,2.0731379983107003,0.9357458174705919,1.7372514400224595,500793826.0,4.16,4.27,4.16,4.23,18036400.0,76230539.0,4.22,0.23696682464455776,10.0,4.64,False,False,True,70.80123862976583
855,300177.SZ,中海达,0.14241001564945227,37.33826247689463,1.463395970896714,1.5319767434332918,0.8899029946625509,0.7482323590540346,606303251.0,6.31,6.41,6.26,6.34,6949900.0,44060425.0,6.32,0.31645569620253333,20.0,7.58,False,False,True,70.79736791174763
856,600993.SH,马应龙,0.2988505747126435,19.641125121241522,1.130219187414505,1.3631500340378484,1.3311190298107802,1.2946333111684276,430317966.0,23.37,23.99,23.17,23.18,7594163.0,178620410.0,23.22,-0.17226528854435985,10.0,25.54,False,False,True,70.74704857751112
857,688579.SH,地纬智能,0.14873417721518978,28.53107344632768,1.99284119720332,1.093816217094568,0.9796384178412832,0.5883094457576972,400010000.0,8.02,8.05,7.86,7.91,2574074.0,20452871.0,8.02,-1.3715710723191998,20.0,9.62,False,False,True,70.73156570543837
858,000882.SZ,华联股份,0.17094017094017092,24.409448818897637,1.5010585511439727,2.136496956742022,0.9791622453256921,1.2367147927315603,2735636141.0,1.47,1.52,1.47,1.5,72282001.0,108503128.0,1.47,2.0408163265306145,10.0,1.62,False,False,True,70.70350299980647
859,301585.SZ,蓝宇股份,0.21713316369804941,20.79497907949792,1.5065527737587066,1.6551090656922876,1.0931227361473186,0.799999290356117,68111886.0,26.65,27.1,26.19,26.35,901860.0,24008599.0,26.46,-0.41572184429327086,20.0,31.75,False,False,True,70.6580220630927
860,603014.SH,威高血净,0.13543897216274095,29.22033898305083,1.2116670768951465,1.8699476834391888,1.4908980635439772,0.5815944255462704,101484882.0,32.0,32.36,31.74,31.91,1103700.0,35523010.0,32.03,-0.37464876678114933,10.0,35.23,False,False,True,70.63673311399265
861,603901.SH,永创智能,0.12353706111833562,38.61502347417842,1.6795642655370635,1.342605566518642,0.8364270571796777,0.8400335297312821,568899147.0,9.47,9.63,9.35,9.45,6343018.0,60208126.0,9.47,-0.21119324181627652,10.0,10.42,False,False,True,70.63673311399263
862,002375.SZ,亚厦股份,0.28235294117647053,34.37499999999998,1.1625928872833347,0.9999741652205589,0.9028184713375796,0.7470310527067422,1330996461.0000002,3.68,3.73,3.67,3.71,9942700.0,36900020.0,3.68,0.8152173913043459,10.0,4.05,False,False,True,70.62705631894715
863,600684.SH,珠江股份,0.17647058823529405,33.21799307958477,1.3622045230616124,1.7575763003214344,0.884549332217953,1.1784579821657857,853460723.0,3.55,3.68,3.53,3.63,17677133.0,64079302.0,3.55,2.2535211267605604,10.0,3.91,False,False,True,70.59221985678343
864,002761.SZ,浙江建投,0.2410714285714287,25.35211267605635,1.5663752029347022,1.067891551494623,1.0562583943572639,0.6383392032147268,1081789109.0,7.24,7.31,7.2,7.27,7374308.0,53545238.0,7.2,0.9722222222222188,10.0,7.92,False,False,True,70.59028449777435
865,600990.SH,四创电子,0.11395147313691503,35.39473684210526,1.6553800804023726,1.49162887464612,0.9491817455944173,0.5778206015666298,269012696.0,17.92,18.19,17.83,18.08,2318604.0,41886665.0,17.83,1.4021312394840058,10.0,19.61,False,False,True,70.59028449777433
866,300743.SZ,天地数码,0.16975609756097565,34.883720930232556,1.1970697688932286,1.891723726674047,0.9107844420927852,1.3318464134700037,127410896.0,14.45,14.77,14.35,14.58,3210099.0,46698908.0,14.64,-0.4098360655737765,20.0,17.57,False,False,True,70.58641377975614
867,002270.SZ,华明装备,0.1113825109916952,30.644225188624507,1.4872941060088243,2.1574282296838714,1.006503712738895,0.4574873364080376,896225431.0,19.6,19.62,19.14,19.39,8845710.0,171284168.0,19.51,-0.6150691952844789,10.0,21.46,False,False,True,70.57480162570157
868,000532.SZ,华金资本,0.181917211328976,37.331954498448816,1.3727945814266935,1.4647201340093503,0.8393385427373932,1.1914810414053951,343549746.0,11.32,11.54,11.22,11.46,5995583.0,68576909.0,11.34,1.0582010582010692,10.0,12.47,False,False,True,70.57286626669247
869,001308.SZ,康冠科技,0.18378378378378374,36.30769230769231,1.6473540901343404,0.51076767458494,1.0376729666968134,0.5562006904785622,527325325.0,17.61,17.8,17.55,17.66,1498075.0,27041998.0,17.61,0.28392958546281655,10.0,19.37,False,False,True,70.48577511128315
870,300036.SZ,超图软件,0.0814696485623003,31.702544031311163,1.4521400227912244,2.4151093308952776,1.017137661247567,2.701674185361249,445052653.0,10.6,10.67,10.14,10.27,29038967.0,300189562.0,11.24,-8.629893238434171,20.0,13.49,False,False,True,70.47222759821946
871,603848.SH,好太太,0.053654024051803896,25.533661740558287,2.4936449782240078,0.848232460632322,1.705647936238257,1.3007484027423968,402406511.0,13.39,13.8,13.39,13.69,4439900.0,60571503.0,13.34,2.6236881559220437,10.0,14.67,False,False,True,70.4586800851558
872,000090.SZ,天健集团,0.2925531914893616,28.474576271186436,1.5509014990834005,0.895339535816877,0.8628298188450758,0.7468892828739546,1868459934.0,3.49,3.53,3.47,3.5,12494756.0,43795202.0,3.5,0.0,10.0,3.85,False,False,True,70.45868008515579
873,605305.SH,中际联合,0.17022792022792027,38.206459054209915,1.4812540635588198,1.659481413514017,0.6706474201914563,4.0508560068634685,212520000.0,35.46,35.47,33.36,33.47,14286275.0,490736638.0,37.07,-9.711356892365796,10.0,40.78,False,False,True,70.43158505902845
874,603909.SH,建发合诚,0.27917282127031,35.94936708860759,1.460391080301722,0.8438029518499636,0.7433003310702148,0.7270519731457226,260673140.0,9.77,9.85,9.66,9.77,1599200.0,15636219.0,9.79,-0.20429009193053682,10.0,10.77,False,False,True,70.42190826398297
875,301011.SZ,华立科技,0.10725388601036259,30.18154311649017,1.9427544800193957,1.4733616413208352,0.9837580675994283,0.827713648091227,146696876.0,15.36,15.45,15.21,15.32,1789000.0,27454917.0,15.29,0.19620667102682177,20.0,18.35,False,False,True,70.4102961099284
876,002007.SZ,华兰生物,0.2842741935483872,19.197952218430036,1.4580921939466012,0.9743194481413866,1.4581979033930583,0.892647842301545,1573543054.0000002,13.19,13.45,13.15,13.27,13685484.0,182269507.0,13.13,1.0662604722010638,10.0,14.44,False,False,True,70.4044900329011
877,300320.SZ,海达股份,0.21739130434782597,32.133333333333326,1.7202970219318972,1.3270742077431046,0.6515071010902633,0.6129546827549379,486538621.0,8.48,8.57,8.42,8.43,3957682.0,33681404.0,8.45,-0.2366863905325367,20.0,10.14,False,False,True,70.39481323785562
878,002170.SZ,芭田股份,0.3237113402061853,17.878192534381142,1.2117110606102457,2.2498954197018057,0.8411602831675011,0.9390404945801731,788874687.0,10.93,11.15,10.82,11.14,16666894.0,187649135.0,10.95,1.735159817351617,10.0,12.05,False,False,True,70.38126572479194
879,301199.SZ,迈赫股份,0.10985915492957737,37.02337023370232,2.0856055026173546,0.9220338567990786,0.8904559665225548,0.5777273768790981,179675875.0,17.86,17.91,17.47,17.63,957105.0,16904090.0,17.82,-1.0662177328844114,20.0,21.38,False,False,True,70.37739500677375
880,300869.SZ,康泰医学,0.190886699507389,22.745490981963922,1.578788475766147,1.5061894952126798,1.184644332866068,0.7170543182071981,263734916.0,11.58,11.77,11.47,11.54,2848389.0,33015815.0,11.53,0.08673026886383273,20.0,13.84,False,False,True,70.33094639055545
881,002646.SZ,天佑德酒,0.19294117647058834,27.77777777777779,1.407382109219088,1.3503188934020838,1.221618994727647,0.5889771794701704,476001249.0,6.95,7.04,6.91,6.92,3784999.0,26359066.0,6.94,-0.2881844380403509,10.0,7.63,False,False,True,70.31546351848267
882,300532.SZ,今天国际,0.22305764411027582,25.9567387687188,1.3230774698583052,1.5438623983058908,1.1161552836980864,0.5189236626816043,604581510.0,6.9,6.99,6.87,6.94,4843585.0,33664585.0,6.9,0.5797101449275477,20.0,8.28,False,False,True,70.301916005419
883,300294.SZ,博雅生物,0.09600614439324118,26.39296187683282,1.8340112573334282,1.560549270031089,1.32002314261477,0.838403365082189,504248738.0,14.87,15.47,14.87,15.08,6597438.0,100040067.0,14.89,1.2760241773001946,20.0,17.87,False,False,True,70.28256241532804
884,605089.SH,味知香,0.21202531645569628,35.01762632197416,1.5225743673548757,0.8955878260869515,0.9394010128169803,0.7838823695424073,138000000.0,20.26,20.46,20.1,20.13,968809.0,19669734.0,20.37,-1.178203240058917,10.0,22.41,False,False,True,70.26127346622799
885,000902.SZ,新洋丰,0.3059125964010282,24.555160142348754,1.47548217298742,1.1621572769948936,0.9382090270796849,0.9523857605604622,1142783444.0,13.6,13.94,13.52,13.86,12648578.0,175000002.0,13.62,1.7621145374449254,10.0,14.98,False,False,True,70.2477259531643
886,002224.SZ,三 力 士,0.26767676767676774,21.13564668769716,1.6175658748900397,1.5083815985108577,0.8999946799261552,1.9672550684485273,806380369.0000001,3.7,3.87,3.69,3.78,23928300.0,90585827.0,3.7,2.1621621621621623,10.0,4.07,False,False,True,70.23804915811884
887,002410.SZ,广联达,0.08957055214723918,30.96446700507616,1.6190859600921605,1.9395469041552977,1.0608376309645944,0.8681667995198533,1588098783.9999998,8.59,8.87,8.57,8.79,26741205.0,234480377.0,8.61,2.0905923344947785,10.0,9.47,False,False,True,70.22643700406427
888,000514.SZ,渝 开 发,0.15044247787610615,29.943502824858736,1.8197235462773715,1.2241367537457224,1.0143355062829147,0.9943002216932754,843770965.0,4.04,4.16,4.03,4.09,10270038.0,42007630.0,4.05,0.9876543209876631,10.0,4.46,False,False,True,70.22450164505516
889,002933.SZ,新兴装备,0.23097286565188627,32.96041308089501,1.6545660450200592,1.1384569420661739,0.7534276860504253,0.7697677546662098,116894276.0,26.7,26.86,26.35,26.51,1024400.0,27200824.0,26.73,-0.8230452674897082,10.0,29.4,False,False,True,70.18772982388234
890,600732.SH,爱旭股份,0.14051841746248286,38.20439350525311,1.8118932036493063,1.3515983075078124,0.7115908415381444,0.5663313462282762,2105253328.0,11.52,11.68,11.39,11.41,16114714.0,185316345.0,11.5,-0.7826086956521761,10.0,12.65,False,False,True,70.18192374685503
891,603199.SH,九华旅游,0.2813351498637604,15.59999999999999,1.3065574687148687,1.7815760751716616,1.1550703991039901,1.4156260694280556,110680000.0,34.13,34.78,34.01,34.23,2791400.0,95967191.0,34.13,0.29299736302370594,10.0,37.54,False,False,True,70.17031159280047
892,000069.SZ,华侨城Ａ,0.14705882352941171,29.299363057324832,2.0204895649916415,0.7903681380793665,1.1578299905217135,0.6059702816688942,6898601781.0,1.76,1.81,1.76,1.8,33040136.0,59338630.0,1.77,1.6949152542372836,10.0,1.95,False,False,True,70.16063479775498
893,300824.SZ,北鼎股份,0.14890282131661442,28.759124087591246,1.6767611808801408,1.3836184227684802,1.122422277323599,0.62680957190762,318968151.0,7.73,7.85,7.7,7.77,2766300.0,21495874.0,7.8,-0.38461538461538325,20.0,9.36,False,False,True,70.14321656667312
894,002595.SZ,豪迈科技,0.32690483717989244,24.045454545454547,1.893978443243494,0.38246917109397904,0.8944627516382087,1.1709481548769323,1152118323.0,47.9,48.15,46.5,47.22,5159780.0,243409111.0,47.9,-1.4196242171189977,10.0,52.69,False,False,True,70.10838010450938
895,688269.SH,凯立新材,0.13690922730682678,35.53355335533554,1.9293830159200962,1.0938217269555583,0.8858282352846414,0.7167583400000874,130704000.0,31.01,31.49,30.58,30.89,1024727.0,31692333.0,30.92,-0.09702457956015653,20.0,37.1,False,False,True,70.05999612928198
896,605116.SH,奥锐特,0.12732558139534889,23.664980326025862,2.4544751923482426,1.0747550451577663,1.0944680968417437,0.8013790389993776,406183234.0,20.1,20.6,19.83,20.14,3498400.0,70353234.0,19.98,0.800800800800805,10.0,21.98,False,False,True,70.03290110315463
897,000605.SZ,渤海股份,0.29491525423728815,29.43469785575048,1.4690772859314332,1.1927056649121792,0.8013937293515578,0.9161048325307879,352658600.0,5.97,6.05,5.94,6.01,3853301.0,23147895.0,6.0,0.16666666666667052,10.0,6.6,False,False,True,70.02322430810915
898,603077.SH,和邦生物,0.3072289156626507,23.188405797101442,1.4419324490010097,1.6840246496719766,0.8082147932188527,1.2516019463575523,8831707728.0,2.35,2.41,2.32,2.37,186148379.0,441161116.0,2.39,-0.8368200836820106,10.0,2.63,False,False,True,70.02128894910007
899,600426.SH,华鲁恒升,0.14240705734089487,31.52542372881357,1.4675887658414017,1.5731109306368518,1.169181609218953,0.8751196885517541,2749579013.0000005,19.76,20.58,19.37,20.4,37852364.0,761658355.0,19.96,2.2044088176352616,10.0,21.96,False,False,True,70.01354751306368
900,000404.SZ,长虹华意,0.28197674418604646,22.03147353361945,1.3633422822172658,1.8925317585536012,0.8873552677075695,0.6719806768460366,692984960.0,7.14,7.2,7.14,7.16,8813000.0,63187355.0,7.14,0.2801120448179262,10.0,7.85,False,False,True,70.00387071801819
901,601997.SH,贵阳银行,0.38947368421052636,15.490196078431385,1.1093828304901805,1.3786410446653223,1.203097108473152,2.0575624149288307,3656198076.0,5.46,5.6,5.44,5.58,103713177.0,574875167.0,5.47,2.010968921389411,10.0,6.02,False,False,True,70.0019353590091
902,600179.SH,安通控股,0.3302180685358257,19.85472154963681,1.4921909820206323,1.1097783809605841,1.0532350913059891,1.3423367258900851,3862278495.0,4.39,4.58,4.38,4.55,57536219.0,260180180.0,4.4,3.409090909090895,10.0,4.84,False,False,True,69.95742210179989
903,600096.SH,XD云天化,0.2824543610547668,31.096625766871156,1.295614839425315,1.6642579160760378,0.7154728958457612,1.2925497603187852,1822990731.0,29.41,30.17,29.01,30.01,39215013.0,1181260653.0,29.57,1.4879945891105972,10.0,32.53,False,False,True,69.92452099864525
904,002321.SZ,华英农业,0.20444444444444432,31.055900621118006,1.3770089212881538,1.3959881460703893,1.0450334434082724,0.7867639407047771,2125250009.0,2.07,2.11,2.05,2.06,23341900.0,48467618.0,2.07,-0.48309178743960457,10.0,2.28,False,False,True,69.8935552544997
905,300079.SZ,数码视讯,0.18037974683544283,30.57644110275688,1.4169370161518855,2.0083793046899148,0.8847356359088765,0.664766486054461,1292182156.0,4.54,4.59,4.51,4.56,17251966.0,78576537.0,4.56,0.0,20.0,5.47,False,False,True,69.88774917747241
906,002583.SZ,海能达,0.13139931740614325,33.94736842105264,1.5302108840121331,1.7492692319726473,0.9783198164664163,1.075407884558196,1283137692.0,8.38,8.58,8.36,8.46,24138103.0,204684730.0,8.37,1.0752688172043223,10.0,9.21,False,False,True,69.85291271530869
907,000850.SZ,华茂股份,0.3322683706070288,30.86053412462908,1.3554254953944576,0.9044466163098914,0.8794268117275219,2.0347377713955597,943374379.0,4.44,4.54,4.36,4.5,17361029.0,77786997.0,4.41,2.0408163265306145,10.0,4.85,False,False,True,69.78323979098123
908,603300.SH,海南华铁,0.0780141843971631,32.70588235294116,1.5649562676335056,2.34842729417707,0.9737810902878327,0.6061012377415647,1999188217.0,4.8,4.86,4.77,4.8,28456139.0,137128322.0,4.8,0.0,10.0,5.28,False,False,True,69.76582155989936
909,688522.SH,纳睿雷达,0.026259378349410605,30.25495750708216,1.7828752846367713,2.3997074858416636,0.9849274955362203,0.7767480718425606,172184486.0,18.06,18.3,17.83,18.05,3209464.0,57923137.0,18.14,-0.4961411245865466,20.0,21.77,False,False,True,69.76195084188117
910,000897.SZ,津滨发展,0.2058823529411765,24.84472049689439,1.4196481451079874,1.857013242091683,1.057423666507174,0.7674377231492718,1617241634.0,1.82,1.86,1.81,1.83,23047990.0,42255957.0,1.82,0.5494505494505475,10.0,2.0,False,False,True,69.73679117476293
911,688211.SH,中科微至,0.32815964523281604,37.28560775540642,1.4780722167747862,0.45659042061343785,0.7371937352552311,0.6744415260389792,131092862.0,31.41,31.44,30.77,30.89,403692.0,12532519.0,31.26,-1.1836212412028146,20.0,37.51,False,False,True,69.70389007160828
912,000930.SZ,中粮科技,0.17525773195876282,24.70308788598574,1.7740425318665,1.277807554675955,1.215289085090957,0.9107541578803764,1856302967.0,4.86,4.97,4.83,4.94,21603070.0,106622677.0,4.89,1.0224948875255713,10.0,5.38,False,False,True,69.64970001935359
913,301589.SZ,诺瓦星云,0.14364397444370997,26.60629921259843,1.5986711789510888,2.100767417110011,1.0183444540398827,1.1110982970079981,34464960.0,139.38,140.74,137.53,138.19,804467.0,112054320.0,140.04,-1.3210511282490622,20.0,168.05,False,False,True,69.63615250628992
914,000978.SZ,桂林旅游,0.3138888888888889,32.67716535433072,1.010930291612731,1.7576340101214232,0.662150305134985,0.8173862819654356,468121563.0,6.19,6.27,6.18,6.18,6725343.0,41871434.0,6.21,-0.48309178743961567,10.0,6.83,False,False,True,69.63421714728081
915,301355.SZ,南王科技,0.19976218787158143,32.47962747380677,1.4235073312684858,1.879318342783796,0.7953403861372832,0.8958271288693584,141712928.0,10.27,10.35,10.19,10.29,2385800.0,24541404.0,10.27,0.19474196689386325,20.0,12.32,False,False,True,69.63034642926263
916,301206.SZ,三元生物,0.3010262257696694,17.6883481516144,1.498772779310816,1.1762356587046143,1.2562422660023815,0.7280888725866007,130283123.0,23.86,24.07,23.76,23.8,1115750.0,26654490.0,24.01,-0.8746355685131268,20.0,28.81,False,False,True,69.61486355718986
917,600268.SH,国电南自,0.16370558375634528,39.42115768463075,1.4263730034968805,1.7343767911515464,0.7447002090443829,0.4890801697660779,1015495450.0,10.56,10.72,10.52,10.68,8613933.0,91762163.0,10.55,1.2322274881516382,10.0,11.61,False,False,True,69.5897038900716
918,002671.SZ,龙泉股份,0.2070175438596491,33.43108504398826,1.3333975455953222,1.8303414177561566,0.8268221302295783,0.8355866144317444,551396073.0,3.99,4.05,3.98,4.04,8433100.0,33878914.0,4.0,1.0000000000000009,10.0,4.4,False,False,True,69.58196245403522
919,300987.SZ,川网传媒,0.13157894736842113,30.341880341880344,1.5619625549803529,2.1513397801208956,0.9530797781951524,0.6535545188568704,173368000.0,13.58,13.72,13.44,13.59,2437585.0,33056926.0,13.65,-0.439560439560438,20.0,16.38,False,False,True,69.55099670988967
920,600315.SH,上海家化,0.17870439314966494,18.444165621079044,1.7364993540926612,1.4694145560991214,1.6387810543323744,0.9824265890179605,672225980.0,18.27,18.57,18.1,18.11,9704200.0,177609445.0,18.34,-1.2540894220283594,10.0,20.17,False,False,True,69.5432552738533
921,002358.SZ,森源电气,0.13490364025695928,33.06122448979589,1.6238678354013696,2.144344127937378,0.8119103516854181,0.5592671671049988,929755702.0,5.42,5.53,5.42,5.49,11150200.0,61226729.0,5.42,1.291512915129167,10.0,5.96,False,False,True,69.53938455583511
922,301050.SZ,雷电微力,0.02542550956083213,39.294895336026435,2.0237655025166985,1.7594387641554958,0.7514816045452816,0.9074908620486791,210489977.0,28.3,28.86,28.12,28.59,3360840.0,95991611.0,28.44,0.5274261603375408,20.0,34.13,False,False,True,69.51422488871685
923,002398.SZ,垒知集团,0.16618911174785092,27.499999999999993,1.2010307846851525,2.3694749298351128,1.1265271675836852,0.9716479875519168,599740551.0,4.15,4.28,4.15,4.25,13807800.0,58497774.0,4.18,1.674641148325362,10.0,4.6,False,False,True,69.50938649119412
924,001279.SZ,强邦新材,0.14385614385614381,33.0238726790451,1.22698040055711,2.1665681250000004,1.0590270479663313,0.8587313634552802,40000000.0,25.5,25.75,25.37,25.59,744200.0,19050178.0,25.5,0.3529411764705781,10.0,28.05,False,False,True,69.50648345268046
925,600223.SH,福瑞达,0.2732558139534885,27.892561983471076,1.333938558304257,0.8936650695374689,1.2739292477016158,2.2766249137198233,1016568775.0,5.74,5.98,5.73,5.84,20682500.0,121260493.0,5.78,1.038062283737018,10.0,6.36,False,False,True,69.47938842655313
926,600523.SH,贵航股份,0.2651515151515151,21.47058823529413,1.6185148268688507,1.1610948191811044,1.1302502824817924,0.6010543488187807,404044620.0,11.95,12.03,11.89,11.97,2819751.0,33688768.0,11.95,0.16736401673640433,10.0,13.15,False,False,True,69.47164699051675
927,000407.SZ,胜利股份,0.24539877300613494,24.157303370786522,1.169849054597386,2.0941467922849246,1.0314386358587606,0.8131442611713456,875782212.0,4.15,4.17,4.12,4.15,14913200.0,61893314.0,4.14,0.24154589371983004,10.0,4.55,False,False,True,69.46971163150765
928,603982.SH,泉峰汽车,0.22047244094488191,36.86274509803924,1.4968868029520184,1.3005177021445773,0.754407482857167,0.7722227178996882,339553548.0,6.21,6.25,6.13,6.2,3410100.0,21122740.0,6.22,-0.3215434083601254,10.0,6.84,False,False,True,69.46390555448036
929,002807.SZ,江阴银行,0.3725490196078435,15.890410958904134,0.9655913194661594,1.6092151103149952,1.2475581041233001,1.120799193422087,2703506366.0000005,4.03,4.09,4.02,4.09,48760630.0,198459629.0,4.03,1.4888337468982549,10.0,4.43,False,False,True,69.44648732339849
930,002302.SZ,西部建设,0.1627906976744187,25.235849056603765,1.9705441483514854,0.9251031198607096,1.4297529413925245,0.7621941041750355,1262354304.0,4.7,4.81,4.7,4.78,8900963.0,42440777.0,4.73,1.0570824524312794,10.0,5.2,False,False,True,69.42519837429845
931,000599.SZ,青岛双星,0.14153132250580056,33.49514563106797,1.80706312087184,1.545447426371957,0.8684803067002225,0.6045164462813352,816742112.0,4.71,4.79,4.7,4.77,7630400.0,36297551.0,4.73,0.8456659619450191,10.0,5.2,False,False,True,69.42326301528934
932,301153.SZ,中科江南,0.14319809069212416,33.052495139338966,1.7165675319646412,1.4329829701762906,0.9841814509217112,0.7179412197379712,331752348.0,17.23,17.66,17.15,17.43,3413060.0,59531352.0,17.23,1.160766105629718,20.0,20.68,False,False,True,69.396167989162
933,002707.SZ,众信旅游,0.1759465478841871,26.521739130434806,1.386439411967482,2.037934264809806,1.1135839285903737,1.4979414388761128,865278032.0,5.35,5.48,5.33,5.4,26414396.0,143208980.0,5.39,0.18552875695734272,10.0,5.93,False,False,True,69.37100832204374
934,002238.SZ,天威视讯,0.26441351888667985,28.27324478178368,1.6274868034714156,0.7863670199714585,1.030416094060037,1.6581875450394783,802559160.0,6.59,6.82,6.56,6.66,10464922.0,70029551.0,6.6,0.909090909090926,10.0,7.26,False,False,True,69.37100832204374
935,300190.SZ,维尔利,0.17741935483870971,34.036144578313255,1.9092739989833611,1.474310539886139,0.6219356791623161,1.0746959207445932,944241642.0,3.65,3.78,3.64,3.66,14960900.0,55491230.0,3.65,0.273972602739736,20.0,4.38,False,False,True,69.36326688600737
936,300146.SZ,汤臣倍健,0.2263157894736845,27.733934611048493,1.3155254505008895,1.4732064921842047,1.159195633324317,0.5189035780444957,1120818659.0,9.73,9.85,9.7,9.83,8568122.0,83985732.0,9.73,1.0277492291880685,20.0,11.68,False,False,True,69.36133152699826
937,003028.SZ,振邦智能,0.21934604904632152,38.1578947368421,1.5684387162511917,1.2287666734400196,0.6466659842625196,0.8211003626908321,70693645.0,22.79,23.2,22.66,22.77,713257.0,16324825.0,22.98,-0.9138381201044377,10.0,25.28,False,False,True,69.35939616798916
938,000852.SZ,石化机械,0.11482254697286008,25.469728601252605,1.9981280949152787,1.6781663137387988,1.109253409855743,1.082152813630651,950258873.0,5.34,5.45,5.31,5.43,17257009.0,93263251.0,5.34,1.6853932584269593,10.0,5.87,False,False,True,69.35746080898006
939,301260.SZ,格力博,0.14558472553699284,39.93231810490692,1.837725718060249,1.114431425256882,0.7800482118939134,0.6491080593319523,205505655.0,13.66,13.77,13.49,13.6,1486600.0,20228179.0,13.65,-0.3663003663003761,20.0,16.38,False,False,True,69.32262434681634
940,600182.SH,S佳通,0.3936170212765954,22.093981863149214,0.9374004612385389,1.2877646764705843,1.1655219879678433,0.7187557262642912,170000000.0,13.59,13.65,13.52,13.59,1573500.0,21386022.0,13.61,-0.14695077149154967,10.0,14.97,False,False,True,69.30327075672537
941,605300.SH,佳禾食品,0.25632377740303536,33.01204819277106,1.3445500402521475,0.7720825665313359,1.1622773209925399,0.6241994148587433,454398597.0,9.74,10.0,9.74,9.78,2189899.0,21531435.0,9.82,-0.40733197556008793,10.0,10.8,False,False,True,69.25682214050707
942,001217.SZ,华尔泰,0.23067632850241532,24.48233861144944,1.450787613684038,1.5047609424355073,1.1641237624345164,0.7904011723825618,328578747.0,10.05,10.26,10.01,10.26,3908000.0,39756130.0,10.12,1.3833992094861802,10.0,11.13,False,False,True,69.25295142248886
943,603059.SH,倍加洁,0.1670544439274081,32.30769230769231,1.5658534103876147,1.3537237913482167,1.0724977807433593,1.5430968990650413,100448700.0,23.82,25.03,23.82,24.44,2098300.0,51043206.0,25.04,-2.396166134185296,10.0,27.54,False,False,True,69.2190826398297
944,600399.SH,抚顺特钢,0.13053097345132741,29.411764705882337,1.9483684673348605,1.7968109882865937,0.880156932369423,0.7443893147236625,1972100000.0,4.34,4.38,4.31,4.33,26377368.0,114633316.0,4.33,0.0,10.0,4.76,False,False,True,69.21424424230693
945,300288.SZ,朗玛信息,0.16570771001150744,23.604651162790713,1.5157715572756651,2.1383779256593343,1.16114489243632,0.6743507623579327,257836666.0,10.0,10.16,9.93,10.0,3718048.0,37301268.0,10.04,-0.3984063745019806,20.0,12.05,False,False,True,69.20263208825237
946,688616.SH,西力科技,0.3061889250814333,34.945054945054956,1.4056049528360357,1.005269144508667,0.7778071879799332,1.1519351325577842,179378265.0,11.0,11.22,10.96,11.13,2077209.0,23147777.0,10.98,1.3661202185792476,20.0,13.18,False,False,True,69.1910199341978
947,002679.SZ,福建金森,0.23554153522607785,31.70068027210884,1.40545741799789,1.4613192665297972,0.9051613791440063,1.1964366057613463,235756000.0,9.54,9.69,9.48,9.63,4121901.0,39548531.0,9.59,0.4171011470281538,10.0,10.55,False,False,True,69.18521385717051
948,688389.SH,普门科技,0.3114119922630563,27.24358974358976,1.5513122502533367,0.5863269939001181,1.072508242871813,0.683422045891708,428485730.0,10.98,11.16,10.96,11.03,1716980.0,18973486.0,10.97,0.5469462169553241,20.0,13.16,False,False,True,69.17166634410682
949,002755.SZ,奥赛康,0.03518821603927985,33.53191489361702,2.405309252807838,1.3299314109013536,0.9564845488255191,1.1862219491147985,928151576.0,12.19,13.0,12.18,12.41,14642462.0,184087056.0,12.18,1.8883415435139606,10.0,13.4,False,False,True,69.15618347203406
950,603180.SH,金牌家居,0.1961722488038277,31.988041853512694,1.4307963078859165,0.9810408775891946,1.4013960939742747,0.7528056090506894,154257140.0,15.22,15.7,15.22,15.51,1139240.0,17708667.0,15.43,0.5184705119896327,10.0,16.97,False,False,True,69.1368298819431
951,600148.SH,长春一东,0.30994152046783635,34.70948012232418,1.3850347831042702,1.0059159553535961,0.7941673019563016,1.3015696716743943,141516450.0,15.65,15.79,15.5,15.57,1852832.0,28980943.0,15.73,-1.0171646535282908,10.0,17.3,False,False,True,69.10199341977938
952,688370.SH,丛麟科技,0.31649831649831633,27.499999999999993,2.084775325306921,0.42731224075021457,0.7378872033199202,0.5881967898647971,137107879.0,23.45,23.62,23.13,23.46,344612.0,8072533.0,23.36,0.42808219178083196,20.0,28.03,False,False,True,69.09909038126574
953,688013.SH,天臣医疗,0.0975609756097561,36.94931312174325,1.7624786518250033,1.509551713005629,0.9810068349369336,1.0229479854777512,81155600.0,25.56,25.94,25.29,25.59,1253199.0,32147543.0,25.43,0.6291781360597826,20.0,30.52,False,False,True,69.00135475130637
954,600809.SH,山西汾酒,0.1739214361548113,31.22465531224654,1.831786850108303,0.7943616890758238,1.1856274852283317,0.34878856395224217,1219964222.0,115.31,118.15,115.15,117.09,3380085.0,395972875.0,116.66,0.36859249099949754,10.0,128.33,False,False,True,68.98200116121541
955,002004.SZ,华邦健康,0.35326086956521763,21.37203166226911,1.1361551555888276,1.4670700622362536,1.1331833558599302,0.6607092467988702,1885347429.0,4.42,4.48,4.41,4.45,18274800.0,83166129.0,4.44,0.22522522522521182,10.0,4.88,False,False,True,68.96071221211534
956,600651.SH,飞乐音响,0.13409961685823743,37.55020080321283,1.814945485848142,0.880937297782843,1.0728848770481472,0.8136972785371743,2507028015.0,5.63,5.7,5.55,5.64,17970785.0,101119772.0,5.68,-0.7042253521126751,10.0,6.25,False,False,True,68.95297077607896
957,300375.SZ,鹏翎股份,0.1801470588235295,39.385474860335194,1.3223017899970364,1.7781807565102261,0.7826768305383554,0.9218077220209752,532628329.0,4.06,4.09,4.02,4.06,8730528.0,35431794.0,4.07,-0.24570024570026439,20.0,4.88,False,False,True,68.94716469905167
958,600977.SH,中国电影,0.04324801412180055,32.65306122448979,1.5203661530500345,2.3475890573111906,1.215424830953658,0.42405599461296006,1867000000.0,12.21,12.43,12.16,12.22,18586157.0,228216504.0,12.25,-0.2448979591836653,10.0,13.48,False,False,True,68.9355525449971
959,600235.SH,民丰特纸,0.3686006825938567,30.590717299578053,1.2791679663860545,1.3322954027896345,0.7463734454020851,1.3202634523084926,351300000.0,5.79,5.97,5.78,5.93,6179300.0,36544138.0,5.82,1.8900343642611617,10.0,6.4,False,False,True,68.92781110896073
960,002941.SZ,新疆交建,0.15169002473206922,35.105204872646745,1.501737941484771,1.6532065535346572,0.9843545939983085,1.1778144468658598,729751171.9999999,10.91,11.1,10.8,10.98,14209500.0,155835107.0,10.87,1.0119595216191435,10.0,11.96,False,False,True,68.92781110896071
961,603836.SH,海程邦达,0.39416058394160614,25.95520421607378,0.9385397192393597,1.092825511803824,1.1368273188152975,1.3428598395209466,278929332.0,9.21,9.27,9.1,9.21,4093320.0,37710274.0,9.21,0.0,10.0,10.13,False,False,True,68.92394039094253
962,300994.SZ,久祺股份,0.19621513944223096,35.825545171339556,1.4343093397897444,1.7205267600895,0.7974070832690783,0.9612892550771166,118412160.0,11.55,11.69,11.47,11.51,1958447.0,22644362.0,11.6,-0.775862068965516,20.0,13.92,False,False,True,68.89491000580608
963,600763.SH,通策医疗,0.14474352463179288,16.784506609283746,1.6507585534308027,2.442859558776161,1.383481070244175,0.4524926931024697,447289117.0,35.4,35.73,35.3,35.49,4944227.0,175425954.0,35.38,0.3109101187111385,10.0,38.92,False,False,True,68.89491000580607
964,002252.SZ,上海莱士,0.2562277580071176,27.751196172248815,1.4619377305037475,0.8200624314017895,1.38978313013257,0.9310958218836353,6588259885.0,4.9,5.0,4.89,4.96,50305100.0,249709566.0,4.9,1.2244897959183598,10.0,5.39,False,False,True,68.88233017224695
965,603096.SH,新经典,0.3080168776371308,30.66770186335401,1.2232480941872237,1.10708004838135,1.0025298087355976,0.7485794662169255,154234624.0,15.04,15.24,14.88,14.95,1278200.0,19202823.0,15.07,-0.7962840079628442,10.0,16.58,False,False,True,68.87749177472422
966,300978.SZ,东箭科技,0.15094339622641512,39.42931258106355,1.5256476801673986,1.2134978673650516,0.9817176853495646,0.6053696981121206,287089219.0,8.79,8.82,8.68,8.77,2109000.0,18451722.0,8.75,0.22857142857142243,20.0,10.5,False,False,True,68.85620282562415
967,301088.SZ,戎美股份,0.22660098522167488,37.97235023041476,1.3635350276191027,0.8403199999999947,1.034985324947589,0.641662851841649,188000000.0,12.7,12.91,12.69,12.8,1013700.0,12976439.0,12.69,0.8668242710796026,20.0,15.23,False,False,True,68.81749564544222
968,002454.SZ,松芝股份,0.2425149700598804,33.03167420814479,1.49986751478977,1.219761949043322,0.8928365937559587,1.1825871450916827,877353836.0,5.27,5.34,5.16,5.19,12655608.0,66151943.0,5.23,-0.7648183556405397,10.0,5.75,False,False,True,68.79620669634217
969,600335.SH,国机汽车,0.25193798449612415,23.95604395604396,1.5205576133992569,1.0622809766778725,1.462013474956717,1.150463747431835,1487456892.0,5.18,5.29,5.18,5.23,18178445.0,95494730.0,5.2,0.5769230769230749,10.0,5.72,False,False,True,68.79427133733307
970,300098.SZ,高新兴,0.10393258426966297,32.76699029126213,1.5137970328147294,2.4944721564916796,0.9655632641542878,0.6432157913731409,1541743627.0,4.46,4.52,4.44,4.48,24737028.0,111020483.0,4.49,-0.22271714922048602,20.0,5.39,False,False,True,68.79040061931488
971,301009.SZ,可靠股份,0.18169209431345348,24.427480916030532,1.485248117307568,2.124827559869087,1.1089075517009035,0.7755745070497978,151035028.0,9.23,9.34,9.15,9.19,2489000.0,23011582.0,9.17,0.21810250817884125,20.0,11.0,False,False,True,68.77685310625121
972,600658.SH,电子城,0.14689265536723162,35.12747875354108,1.97889720338123,1.0701451135528046,0.9316145621743955,0.793190787820495,1118585045.0,4.05,4.11,4.03,4.08,9494877.0,38712874.0,4.05,0.7407407407407529,10.0,4.46,False,False,True,68.75943487516935
973,002299.SZ,圣农发展,0.35020242914979755,19.163292847503378,1.5081018284961525,1.0235128427764515,1.1697214145999792,0.6186945404991298,1218599736.0,16.55,16.77,16.45,16.64,7716683.0,128550657.0,16.55,0.5438066465256686,10.0,18.21,False,False,True,68.75749951616025
974,603866.SH,桃李面包,0.3222748815165875,30.919220055710305,1.306741528061337,0.7629646061217479,1.0824409165861026,1.095718820205593,1599719155.0,4.26,4.3,4.22,4.26,13373567.0,56934184.0,4.27,-0.23419203747072626,10.0,4.7,False,False,True,68.75169343913296
975,600976.SH,健民集团,0.1658263305322129,25.202593192868704,1.3697739883725313,2.153505544081938,1.3674690425897003,0.48437675428377874,153298600.0,27.65,28.3,27.52,27.7,1599070.0,44400132.0,27.64,0.21707670043413785,10.0,30.4,False,False,True,68.74008128507839
976,002749.SZ,国光股份,0.17702448210922775,22.696929238985298,1.8964560558440442,1.019637554995831,2.03093037203684,0.6811696343075241,544316897.0,8.43,8.53,8.38,8.49,3780532.0,33047050.0,8.43,0.7117437722419906,10.0,9.27,False,False,True,68.71298625895102
977,601162.SH,天风证券,0.20270270270270274,33.22368421052631,1.0738511021718284,1.608584388818634,1.1739953633478384,2.0320735534469003,8597970474.0,3.63,3.78,3.63,3.78,281047174.0,1050925921.0,3.64,3.8461538461538325,10.0,4.0,False,False,True,68.70524482291465
978,301004.SZ,嘉益股份,0.13970588235294107,35.63489390367127,1.8928082977078415,0.625723587718884,1.273011200148279,0.7676808927360868,136107375.0,34.77,35.19,34.25,35.05,653800.0,23309927.0,34.44,1.7711962833913963,20.0,41.33,False,False,True,68.69750338687827
979,605333.SH,沪光股份,0.07136894824707843,34.75177304964539,2.033053266014881,0.8768056611863178,1.6337666840668166,0.9794101605425012,464040406.0,16.98,17.5,16.93,17.14,3984958.0,68290392.0,17.22,-0.464576074332157,10.0,18.94,False,False,True,68.68976195084188
980,300732.SZ,设研院,0.18676122931442082,36.1581920903955,1.3699461179566863,1.5987605510267935,0.9332060368593015,0.8608589339038,370248562.0,6.08,6.14,6.0,6.07,5095758.0,30931028.0,6.1,-0.4918032786885185,20.0,7.32,False,False,True,68.6781497967873
981,603332.SH,苏州龙杰,0.28035982008995497,27.600411946446958,1.233864127932166,1.8182519537670478,0.9046127181095502,1.0022581835607764,216347184.00000003,11.62,11.78,11.51,11.71,3942620.0,45931602.0,11.58,1.1226252158894612,10.0,12.74,False,False,True,68.66460228372364
982,000680.SZ,山推股份,0.26233183856502235,23.32268370607029,1.419375834953386,1.7393002073703034,1.0357306896064917,0.6084849660956035,1314570547.0,10.36,10.45,10.3,10.33,13912600.0,144201281.0,10.34,-0.09671179883945502,10.0,11.37,False,False,True,68.66363460421908
983,601519.SH,大智慧,0.05675954592363258,39.00134952766532,1.8180391235940756,1.5496257943051281,0.9772452960466084,2.3033565846210804,1989160000.0,7.92,8.66,7.92,8.44,70999899.0,594576174.0,7.96,6.030150753768848,10.0,8.76,False,False,True,68.65879620669634
984,688065.SH,凯赛生物,0.16976556184316907,31.475326003579653,1.9557730173979462,0.978535283876184,1.0221582182600466,0.5391720551169826,583378039.0,43.01,43.61,42.8,43.21,3077896.0,133118325.0,43.31,-0.23089355806973355,20.0,51.97,False,False,True,68.62395974453261
985,000402.SZ,金 融 街,0.11403508771929814,33.19148936170211,1.7381421739093514,1.543857451986623,1.1028962884052531,1.0805371884109276,2988667172.0,2.48,2.54,2.47,2.52,49856808.0,125208332.0,2.48,1.6129032258064502,10.0,2.73,False,False,True,68.61428294948712
986,300355.SZ,蒙草生态,0.15695067264573995,26.053639846743295,1.7764692356973792,1.6391516994388116,1.1258666991035469,0.7824610322845597,1572051300.0,2.95,3.01,2.95,2.99,20162695.0,60239022.0,2.96,1.013513513513531,20.0,3.55,False,False,True,68.60267079543254
987,000524.SZ,岭南控股,0.22106360792492166,34.158415841584166,1.1661103645634041,1.5530908176961362,1.0265412832080982,1.8316331887690074,670008507.0,10.0,10.29,9.93,10.07,19059683.0,192432086.0,10.2,-1.274509803921564,10.0,11.22,False,False,True,68.5833172053416
988,002221.SZ,东华能源,0.09411764705882343,37.89682539682539,1.7480812284772909,1.5961880512995723,0.9633755524529997,0.7205963898076129,1461003187.0,5.5,5.59,5.47,5.56,16804566.0,93217774.0,5.52,0.7246376811594235,10.0,6.07,False,False,True,68.50203212695956
989,300072.SZ,海新能科,0.18597560975609767,28.617363344051448,1.9356712579414885,1.4875330065285028,0.8573914685090501,0.4351783320400783,2331363778.0,3.69,3.74,3.66,3.71,15091900.0,55939757.0,3.72,-0.26881720430108613,20.0,4.46,False,False,True,68.49816140894136
990,000963.SZ,华东医药,0.08367768595041328,26.809015421115067,1.7794896653612298,1.7450322039750055,2.006256720105493,0.5155338496299869,1753013098.0,26.94,27.14,26.84,26.94,15770512.0,431389257.0,26.91,0.11148272017837968,10.0,29.6,False,False,True,68.47300174182311
991,603348.SH,文灿股份,0.15316901408450706,31.624605678233443,1.7593510655134217,1.0146413098219158,1.3543897009495072,0.5290052025884919,314477192.0,14.41,14.64,14.31,14.5,1687958.0,24506601.0,14.42,0.554785020804438,10.0,15.86,False,False,True,68.40913489452294
992,603680.SH,今创集团,0.17454954954954946,36.96145124716552,1.567640205936119,0.7783036794370856,1.255980241056638,0.5840275737608596,783718766.9999999,10.3,10.42,10.24,10.32,3562400.0,36820659.0,10.37,-0.48216007714559916,10.0,11.41,False,False,True,68.35300948325914
993,002986.SZ,宇新股份,0.39874213836478,24.768089053803344,1.449824356973239,1.6024640177012852,0.6885618912019755,1.0633566188014958,301837442.0,13.3,13.47,13.1,13.26,5143282.0,68584524.0,13.3,-0.300751879699257,10.0,14.63,False,False,True,68.35107412425005
994,603282.SH,亚光股份,0.2880622837370242,32.87890938251803,1.7621616436610132,0.8994556493797589,0.7243717235108017,1.2655157549541642,133820000.0,15.78,16.1,15.73,16.09,1523240.0,24297070.0,15.8,1.8354430379746711,10.0,17.38,False,False,True,68.31236694406813
995,600771.SH,广誉远,0.13825983313468415,28.75502008032129,1.5152859007367507,1.875628797130769,1.34188713650457,0.8214331522993132,489491141.0,13.55,13.95,13.52,13.74,7541608.0,103948309.0,13.61,0.9551800146950784,10.0,14.97,False,False,True,68.29688407199535
996,600616.SH,金枫酒业,0.28800000000000003,26.575342465753437,1.4196220049035624,1.2193018302779313,1.096092227090196,0.6834204270549259,669004950.0,4.37,4.45,4.36,4.4,5574790.0,24570055.0,4.37,0.6864988558352492,10.0,4.81,False,False,True,68.28720727694987
997,300451.SZ,创业慧康,0.1119592875318066,30.065359477124186,1.8819324421316637,1.773475828907834,1.0421195595754853,0.524101782579106,1531143411.0,3.49,3.53,3.45,3.48,14231700.0,49596528.0,3.5,-0.5714285714285672,20.0,4.2,False,False,True,68.2814011999226
998,002786.SZ,银宝山新,0.2894117647058825,31.024531024531022,1.4256757317349202,1.4485565797264923,0.8223579720831358,1.1948397508255744,491861250.0,8.06,8.17,7.98,8.01,8513100.0,68601906.0,8.06,-0.6203473945409543,10.0,8.87,False,False,True,68.2755951228953
999,300760.SZ,迈瑞医疗,0.26642771804062126,24.49278716346526,1.7703196619800923,0.8432609488174588,1.1507986333791138,0.7968865033972536,1210662145.0,160.23,162.46,159.46,159.78,8137153.0,1317898046.0,160.85,-0.6652160397886187,20.0,193.02,False,False,True,68.26785368685891
1000,603214.SH,爱婴室,0.288563829787234,31.66953528399312,1.2639505081427322,1.692018327467442,0.8104148058900655,1.339434947691307,138540036.0,13.77,14.06,13.7,13.82,3139800.0,43557352.0,13.79,0.2175489485134241,10.0,15.17,False,False,True,68.26204760983163
1001,600650.SH,锦江在线,0.1375291375291377,28.66379310344829,1.5523951553980417,1.6102897102321525,1.793312746890113,0.8671297595491739,390560075.0,10.58,10.91,10.49,10.76,5453508.0,58619096.0,10.46,2.8680688336520044,10.0,11.51,False,False,True,68.24462937874975
1002,300999.SZ,金龙鱼,0.2480417754569189,23.94678492239468,1.2034818677856127,2.1108118357813637,1.126839375603053,1.161863532658068,542647097.0,25.2,25.94,25.2,25.76,13308286.0,342335357.0,25.4,1.4173228346456845,20.0,30.48,False,False,True,68.18850396748597
1003,002482.SZ,广田集团,0.14150943396226423,35.964912280701775,1.7395294082048935,1.4039823435555816,0.9727988389124462,1.1331019601166603,3743709801.0,1.31,1.34,1.3,1.32,59557000.0,78512108.0,1.29,2.3255813953488413,10.0,1.42,False,False,True,68.15753822334042
1004,603676.SH,卫信康,0.31137724550898216,25.44757033248082,1.493770476390323,0.6863343724111566,1.4125679050299147,0.6209271119796091,435161500.0,9.39,9.52,9.29,9.35,1854500.0,17387862.0,9.38,-0.31982942430704986,10.0,10.32,False,False,True,68.12076640216759
1005,300232.SZ,洲明科技,0.19277108433734935,31.90578158458244,1.751653103206786,1.9056571278899057,0.6706810378079631,1.445515101423694,888454758.0,5.48,5.6,5.46,5.51,24449138.0,134944186.0,5.47,0.7312614259597838,20.0,6.56,False,False,True,68.0665763499129
1006,688429.SH,时创能源,0.18208373904576428,39.702517162471395,2.1979965000564197,0.529848877802239,0.7355279037504328,0.44897665011048526,400000800.0,10.75,10.75,10.45,10.45,951561.0,10059131.0,10.61,-1.5080113100848225,20.0,12.73,False,False,True,68.06464099090381
1007,300493.SZ,润欣科技,0.04721634954193093,35.10917030567686,1.929986719701016,2.344317422514953,0.8490817854601951,0.5326543206233102,506611297.0,12.12,12.24,12.02,12.13,6326110.0,76739263.0,12.12,0.08250825082509738,20.0,14.54,False,False,True,68.02206309270369
1008,300048.SZ,合康新能,0.1482300884955752,37.155963302752305,2.0919917093582354,1.2353836469373496,0.7686579011084215,0.4245090660489463,1129301795.0,5.05,5.09,5.01,5.04,5922415.0,29919261.0,5.03,0.1988071570576455,20.0,6.04,False,False,True,67.96400232243082
1009,600657.SH,信达地产,0.18181818181818177,32.14285714285714,1.9295298577698798,0.8407038974953238,1.0753844306255431,0.8144835463528526,2851878595.0,2.64,2.69,2.62,2.67,19527939.0,52094780.0,2.64,1.1363636363636243,10.0,2.9,False,False,True,67.96013160441261
1010,603205.SH,健尔康,0.2368852459016394,23.65866121614715,1.1592373508073244,2.2080019351717417,1.2232755079682143,2.965023641853311,41340000.0,22.4,23.6,22.23,23.01,2706438.0,62651231.0,22.46,2.4487978628673135,10.0,24.71,False,False,True,67.93884265531257
1011,600433.SH,冠豪高新,0.15384615384615377,37.74834437086092,1.6787385202105505,1.8687814311740694,0.727840005518509,1.3343090394317927,1750279233.0,3.38,3.49,3.35,3.44,43643772.0,150276510.0,3.38,1.775147928994092,10.0,3.72,False,False,True,67.93690729630346
1012,301208.SZ,中亦科技,0.19113814074717647,25.6340226297308,1.5048661857513195,2.1729481053786572,1.0325246392909297,1.2980134131929775,67420860.0,29.9,30.69,29.58,30.5,1901616.0,57563936.0,30.03,1.5651015651015676,20.0,36.04,False,False,True,67.93303657828527
1013,300168.SZ,万达信息,0.17215189873417733,29.19540229885058,1.5766890825534774,1.569517595512876,1.1992074800090482,0.50024849094361,1439440508.0,5.02,5.06,4.96,4.99,11301750.0,56663874.0,5.03,-0.7952286282306154,20.0,6.04,False,False,True,67.90400619314883
1014,000633.SZ,合金投资,0.19399999999999995,32.49999999999999,1.5818259191321478,1.9548703884991228,0.7830697566676976,0.7044058487097893,385106373.0,5.38,5.43,5.34,5.4,5303000.0,28609760.0,5.37,0.5586592178770999,10.0,5.91,False,False,True,67.85562221792142
1015,603606.SH,东方电缆,0.03810919750824475,31.072274881516606,1.745830028040253,2.2739066126099265,1.2099132166685487,0.5727646151138622,824808488.0000001,34.8,34.82,34.25,34.37,10742415.0,369757923.0,34.8,-1.235632183908042,10.0,38.28,False,False,True,67.84788078188504
1016,600807.SH,济高发展,0.24157303370786504,34.234234234234215,1.4807919558580491,1.6691421232018209,0.7574544234973843,1.0430285968970614,787018464.0,2.65,2.7,2.64,2.66,13701700.0,36586285.0,2.65,0.37735849056603765,10.0,2.92,False,False,True,67.84401006386685
1017,600583.SH,海油工程,0.35616438356164376,33.193277310924366,1.139300014611997,0.9994824097808166,0.965253651046058,0.7523355697069359,4421354800.0,5.95,6.04,5.92,6.0,33246208.0,199422207.0,6.06,-0.9900990099009799,10.0,6.67,False,False,True,67.82272111476678
1018,600997.SH,开滦股份,0.3620689655172414,29.067245119305852,1.3342568147951444,0.8718684657440434,1.0565383120245906,0.7613058152770354,1587799851.0,5.6,5.73,5.57,5.72,10539157.0,59936861.0,5.66,1.0600706713780772,10.0,6.23,False,False,True,67.7685310625121
1019,600059.SH,古越龙山,0.2296296296296298,18.862690707350914,1.5240052169144518,1.6314262768154877,1.8237737627314032,1.8012844063638165,911542413.0,8.11,8.63,8.1,8.45,26787157.0,225804605.0,8.14,3.8083538083537816,10.0,8.95,False,False,True,67.74724211341204
1020,600496.SH,精工钢构,0.25170068027210896,32.131147540983626,1.2869895903487443,1.4797897511995113,1.0246177894227138,1.9621927470088367,1990125599.0,3.27,3.39,3.23,3.36,57785938.0,192293983.0,3.42,-1.7543859649122862,10.0,3.76,False,False,True,67.73950067737564
1021,688696.SH,极米科技,0.13157185225128057,28.223519599666382,2.046305465385982,1.4247067980576928,1.1624608174214193,0.4198972773804439,70020000.0,70.16,70.9,69.35,70.11,418881.0,29443990.0,69.71,0.5738057667479701,20.0,83.65,False,False,True,67.7162763692665
1022,300653.SZ,正海生物,0.19166666666666685,23.03664921465969,1.7254600992467168,1.5000543055555515,1.3841445066318627,0.7670648220050552,180000000.0,15.22,15.42,15.05,15.1,2071150.0,31449177.0,15.21,-0.7232084155161189,20.0,18.25,False,False,True,67.69885813818463
1023,001227.SZ,兰州银行,0.3636363636363633,14.572864321608026,1.058189225897926,1.8413891630897634,1.3587172101209561,1.137823829997002,4216829430.000001,2.15,2.2,2.14,2.19,88350018.0,192589908.0,2.15,1.8604651162790642,10.0,2.37,False,False,True,67.6698277530482
1024,000786.SZ,北新建材,0.03814935064935056,35.75317604355717,1.8841593865731927,1.427792357651568,1.398795321987043,1.0376521911364278,1689507842.0,16.98,17.71,16.98,17.62,25030935.0,437459574.0,17.0,3.6470588235294255,10.0,18.7,False,False,True,67.66982775304818
1025,600716.SH,凤凰股份,0.3266331658291457,31.399317406143346,1.9931671811926281,0.629296913354717,0.6609072692389683,1.066648316528142,936060590.0,3.62,3.68,3.58,3.64,6283199.0,22930081.0,3.58,1.6759776536312776,10.0,3.94,False,False,True,67.66789239403909
1026,003038.SZ,鑫铂股份,0.13229252259654883,36.411889596602975,1.5142358567564749,2.3773344464183515,0.8523774403475516,0.6446839463393695,162031348.0,11.08,11.18,10.95,11.07,2483340.0,27520417.0,11.03,0.3626473254759732,10.0,12.13,False,False,True,67.6601509580027
1027,002271.SZ,东方雨虹,0.043181818181818266,32.82296650717704,1.7523113392045437,2.3730023768460917,1.0684449033515144,1.3040196993566897,1950672787.0,10.87,11.35,10.82,11.13,60362435.0,671626581.0,10.83,2.7700831024930705,10.0,11.91,False,False,True,67.62531449583898
1028,600287.SH,苏豪时尚,0.3471074380165289,30.3921568627451,1.6945417184983254,0.8042343462088843,0.8077962715528466,1.0672772833323851,436796074.0,4.9,4.93,4.85,4.88,3749200.0,18325099.0,4.92,-0.8130081300813052,10.0,5.41,False,False,True,67.60789626475712
1029,300498.SZ,温氏股份,0.32418952618453883,27.55632582322358,1.617811539155905,0.8301757949597737,0.9935243685539425,1.0159878771156803,5945879969.0,13.94,14.11,13.84,13.9,50150438.0,699902998.0,14.14,-1.6973125884017004,20.0,16.97,False,False,True,67.56725372556609
1030,600676.SH,久事动娱,0.24416135881104042,28.498293515358352,1.8688694914332644,1.1445953634077586,0.8995463252602063,0.7102821412002416,1028492944.0,6.68,6.85,6.67,6.78,8361500.0,56611533.0,6.62,2.4169184290030232,10.0,7.28,False,False,True,67.54209405844784
1031,600697.SH,欧亚集团,0.23735408560311283,30.108695652173935,1.3942554258368904,2.024988605866866,0.869682412928702,0.846187765836097,155376015.0,10.97,11.18,10.96,11.01,2662400.0,29427899.0,11.03,-0.1813236627379866,10.0,12.13,False,False,True,67.53241726340237
1032,002133.SZ,广宇集团,0.27272727272727276,32.456140350877206,1.4502671426457143,1.5982222956568193,0.7946830887671799,0.8981621388118234,769870201.0,2.79,2.82,2.76,2.78,11051200.0,30851335.0,2.79,-0.35842293906810374,10.0,3.07,False,False,True,67.52080510934779
1033,600073.SH,光明肉业,0.259375,21.365638766519822,1.540878257502114,1.3344740752693283,1.5320936894608292,0.7984861172824305,937729472.0,5.35,5.43,5.35,5.37,9992061.0,53865827.0,5.37,0.0,10.0,5.91,False,False,True,67.51499903232049
1034,605338.SH,巴比食品,0.13224181360201517,34.669095324833044,1.8182611553211288,1.1608711232116211,1.2506679078636123,0.574708882605274,239566662.0,18.58,18.93,18.48,18.69,1598300.0,29909977.0,18.57,0.646203554119551,10.0,20.43,False,False,True,67.51112831430231
1035,600346.SH,恒力石化,0.29377593360995863,33.13008130081301,1.8509590792967365,0.5178404115324131,0.8464814834209698,0.7439138945684831,7039099786.0,18.08,18.53,17.91,18.29,27116631.0,496347937.0,18.3,-0.05464480874317612,10.0,20.13,False,False,True,67.48403328817496
1036,000876.SZ,新 希 望,0.2526096033402923,36.42611683848798,1.4393635508299223,0.7921581856340749,1.0720916236803506,0.7286634641862468,4500008269.0,6.99,7.1,6.99,7.01,25974791.0,182870504.0,7.03,-0.2844950213371278,10.0,7.73,False,False,True,67.4569382620476
1037,002372.SZ,伟星新材,0.2073921971252568,35.70469798657716,1.3981856198459468,0.9761569480601994,1.3580382945164893,0.9868810403316283,1470108109.0,8.49,8.8,8.44,8.68,14162298.0,123053973.0,8.46,2.6004728132387633,10.0,9.31,False,False,True,67.42403715889296
1038,300950.SZ,德固特,0.12362030905077262,39.927536231884034,1.5689229722732185,1.8474936313699377,0.891816775022866,1.1181189036769033,97636775.0,17.12,17.22,16.83,17.07,2016900.0,34441505.0,17.16,-0.5244755244755206,20.0,20.59,False,False,True,67.39694213276562
1039,002382.SZ,蓝帆医疗,0.2557544757033248,32.2,1.3893131555535003,1.7720911099059857,0.8431043574004409,0.9950231077742262,997792227.0,6.08,6.27,6.0,6.05,17593787.0,107206165.0,6.0,0.8333333333333304,10.0,6.6,False,False,True,67.37371782465648
1040,301539.SZ,宏鑫科技,0.23069852941176466,31.174089068825907,1.4757632588619052,1.8634863803257062,0.8665211557384381,0.8572455000805216,77973524.0,14.6,15.09,14.6,14.87,1245600.0,18501914.0,14.86,0.06729475100941684,20.0,17.83,False,False,True,67.30017418231081
1041,300512.SZ,中亚股份,0.22126929674099485,35.19736842105263,1.5567185209712275,1.1947346959611986,0.9672047116050849,0.8153948957056694,326330671.0,7.38,7.41,7.23,7.33,3179050.0,23268928.0,7.37,-0.5427408412483015,20.0,8.84,False,False,True,67.19760015482872
1042,300365.SZ,恒华科技,0.18691588785046717,34.615384615384606,1.5541342030316236,2.198901123023358,0.7452245978619706,0.6706706800559016,511724617.0,4.81,4.84,4.69,4.71,7546600.0,35617779.0,4.76,-1.0504201680672232,20.0,5.71,False,False,True,67.14534546158312
1043,002073.SZ,软控股份,0.23448275862068957,24.236252545824843,1.498619714363639,1.9063672946398453,1.0935205776622554,1.1880953416522804,1014064853.0,5.94,6.02,5.91,5.98,22967571.0,137631371.0,5.93,0.8431703204047292,10.0,6.52,False,False,True,67.13760402554674
1044,688606.SH,奥泰生物,0.2659069325735994,30.70351758793972,1.6016239255870655,0.671704924249081,1.2355827590240307,0.4765955998218731,75654353.0,47.93,48.64,47.81,48.06,249205.0,11979550.0,48.2,-0.2904564315352687,20.0,57.84,False,False,True,67.12792723050126
1045,688489.SH,三未信安,0.17060367454068237,28.72549019607844,2.2069338619795067,0.7555822973710735,1.2385634909192926,0.6973383502902849,168277447.0,23.6,23.99,23.33,23.64,886648.0,20986000.0,23.65,-0.0422832980972454,20.0,28.38,False,False,True,67.12212115347397
1046,300625.SZ,三雄极光,0.32478632478632474,36.407766990291265,1.4560022178825303,1.0627931020269936,0.7570720063506234,0.9608320643020885,161971756.0,9.76,9.92,9.62,9.7,1654000.0,16088275.0,9.76,-0.6147540983606592,20.0,11.71,False,False,True,67.10470292239211
1047,300791.SZ,仙乐健康,0.1952830188679244,24.02597402597404,1.9461756846491398,1.0601614557427799,1.6488169193715652,0.8911337414215323,257416184.0,17.32,17.58,17.21,17.36,2432000.0,42175056.0,17.47,-0.6296508299942771,20.0,20.96,False,False,True,67.00987033094638
1048,002813.SZ,路畅科技,0.22319749216300938,31.630309988518924,1.2930370212464886,1.5698999690187936,1.2039571556274817,0.6981246560015993,119892056.0,20.9,21.36,20.8,20.95,1314000.0,27658248.0,20.98,-0.14299332697808032,10.0,23.08,False,False,True,67.00212889491002
1049,300579.SZ,数字认证,0.18290258449304173,26.264189886480914,1.6122849358050821,1.7445532033998776,1.2539490886434488,2.3444941809157425,262800019.0,22.9,23.2,22.31,22.55,10748770.0,244079172.0,23.06,-2.2116218560277456,20.0,27.67,False,False,True,66.9576156377008
1050,603833.SH,欧派家居,0.11406003159557661,33.610245759778465,1.995971856693401,0.9508733436375335,1.79054449876589,0.6150935691221948,605727207.0,32.5,33.11,32.22,32.65,3558327.0,116758440.0,32.5,0.4615384615384466,10.0,35.75,False,False,True,66.95374491968259
1051,002905.SZ,金逸影视,0.14705882352941185,30.151515151515152,1.9262898629181986,1.7097210393772833,0.9940848081601338,0.7725063592473094,349440000.0,7.89,8.09,7.81,8.02,4615300.0,36973301.0,7.9,1.5189873417721378,10.0,8.69,False,False,True,66.92664989355525
1052,002732.SZ,燕塘乳业,0.253467843631778,24.729392173189012,1.658327505011528,1.2908288438013373,1.201093829329804,1.0167656587719356,157062585.0,14.0,14.09,13.79,13.89,2061400.0,28695398.0,14.02,-0.9272467902995629,10.0,15.42,False,False,True,66.88407199535514
1053,002016.SZ,世荣兆业,0.21987951807228917,30.909090909090907,1.850528886881688,1.2548943905310759,0.911445230137482,0.9060309353543206,809095632.0,4.57,4.65,4.52,4.6,9199200.0,42213306.0,4.58,0.4366812227074135,10.0,5.04,False,False,True,66.86858912328238
1054,002377.SZ,国创高新,0.24675324675324667,28.270042194092817,1.5023896777562258,2.361289173156268,0.7555984436321714,0.8665591059641939,872447921.0000001,2.73,2.79,2.72,2.77,17852000.0,49345496.0,2.75,0.727272727272732,10.0,3.03,False,False,True,66.86471840526417
1055,600196.SH,复星医药,0.20995850622406648,24.743777452415806,1.5466466623431283,1.5733290143741923,1.583965320973156,0.9041315716300095,2118488825.0,23.1,23.55,22.75,22.86,30135428.0,694172668.0,23.02,-0.6950477845351855,10.0,25.32,False,False,True,66.82601122508224
1056,600725.SH,云维股份,0.1450381679389313,38.907849829351534,1.462271332933767,1.6489519136368382,1.056367100453943,0.7280335184884972,1232470000.0,3.29,3.36,3.27,3.31,14795707.0,49064781.0,3.31,0.0,10.0,3.64,False,False,True,66.81246371201858
1057,000096.SZ,广聚能源,0.21372854914196554,25.40861812778601,1.6556637521516187,1.6126024473033023,1.1663815139666514,0.6700941102761478,510848000.0,8.06,8.15,8.0,8.13,5520200.0,44642916.0,8.1,0.37037037037037646,10.0,8.91,False,False,True,66.79504548093672
1058,002069.SZ,獐子岛,0.29361702127659567,24.652777777777768,1.406494235725903,1.6705261722038351,1.0749159702884676,0.9994120704860682,710216194.0,3.54,3.64,3.54,3.61,11857372.0,42736802.0,3.57,1.1204481792717047,10.0,3.93,False,False,True,66.78923940390942
1059,002508.SZ,老板电器,0.3217948717948715,20.64056939501777,1.4442307121397349,1.2080020359745665,1.6764969051462273,0.44547497445232653,933605787.0,16.51,16.72,16.45,16.5,5024016.0,83444225.0,16.56,-0.36231884057970065,10.0,18.22,False,False,True,66.77956260886396
1060,600533.SH,栖霞建设,0.30400000000000016,31.318681318681318,1.5471400240215698,1.3115832142857096,0.8320443553624887,0.9102230955155161,1050000000.0,2.18,2.25,2.18,2.21,12535250.0,27905352.0,2.2,0.4545454545454408,10.0,2.42,False,False,True,66.76795045480937
1061,603057.SH,紫燕食品,0.2565055762081783,39.214659685863865,1.7387101109020275,0.6345195145631021,0.8308396684549083,0.6646340912954394,412000000.0,21.64,22.04,21.5,21.8,1737500.0,37789079.0,21.7,0.4608294930875667,10.0,23.87,False,False,True,66.75827365976389
1062,603368.SH,柳药集团,0.266086956521739,19.31659693165968,1.4882178532524482,1.5879419786476092,1.7120126012010035,0.6243533626000921,397211355.0,15.83,16.02,15.83,15.9,3938100.0,62660835.0,15.87,0.1890359168241984,10.0,17.46,False,False,True,66.7524675827366
1063,600233.SH,圆通速递,0.2628797886393657,30.33783783783783,1.8921775795322269,0.6724096106690425,1.0219122201104949,0.6448222652072527,3424016438.0,16.73,17.01,16.64,16.83,14846011.0,252397517.0,16.79,0.2382370458606342,10.0,18.47,False,False,True,66.70795432552738
1064,603810.SH,丰山集团,0.2692307692307694,39.738430583501014,1.4837234020201946,1.112243658044443,0.7796843288362827,0.7199517739972733,165342179.0,12.34,12.54,12.3,12.43,1323997.0,16533056.0,12.39,0.32284100080710587,10.0,13.63,False,False,True,66.68473001741823
1065,688561.SH,奇安信-U,0.1292576419213974,28.889899909008186,2.1674963803019494,1.2909171817525484,1.2425596751374568,0.3426239542978219,682252725.0000001,24.82,25.28,24.82,24.96,3017598.0,75592867.0,24.94,0.0801924619085792,20.0,29.93,False,False,True,66.66537642732727
1066,300380.SZ,安硕信息,0.08014831717056481,38.01462100808002,1.600596843055604,2.153003439174549,1.0373290373936281,1.0319631856645854,127107535.0,28.75,29.55,28.32,29.17,2824101.0,82061345.0,28.8,1.2847222222222232,20.0,34.56,False,False,True,66.65182891426359
1067,000400.SZ,许继电气,0.19423978566644337,38.5131646876613,1.4257845491750576,1.9468334048489953,0.7918189954205577,0.5482716670907755,1015065609.0,22.22,22.58,22.15,22.45,10825374.0,242911831.0,22.27,0.8082622361921921,10.0,24.5,False,False,True,66.55893168182698
1068,002523.SZ,天桥起重,0.27699530516431936,24.125874125874127,1.6043675293472386,1.5540559250662005,1.0524627486437397,0.972033454146472,1411542683.0,3.46,3.47,3.42,3.45,21322684.0,73609983.0,3.45,0.0,10.0,3.8,False,False,True,66.45055157731758
1069,003006.SZ,百亚股份,0.05106826472120899,37.969624300559566,1.7569038527940446,1.6859116860066006,1.2693560207285564,1.1324447605162797,428572965.0,13.49,13.79,13.42,13.68,8182323.0,111275409.0,13.49,1.4084507042253502,10.0,14.84,False,False,True,66.42152119218115
1070,603182.SH,嘉华股份,0.3761194029850745,26.0377358490566,1.3551182240366995,1.4011918869644435,1.0002000910983864,0.6973270683193379,164550000.0,13.12,13.3,12.92,13.2,1607800.0,21500910.0,13.12,0.6097560975609762,10.0,14.43,False,False,True,66.35184826785368
1071,300674.SZ,宇信科技,0.1030561478322673,27.762039660056658,1.630854264943019,2.422065630824773,1.5023541618328373,2.549420358148688,703221545.0,16.42,17.13,16.42,16.61,43422970.0,724894225.0,15.57,6.679511881824007,20.0,18.68,False,False,True,66.32475324172634
1072,002406.SZ,远东传动,0.2445255474452555,38.677685950413235,1.2983064803412125,2.0320483767980786,0.6679139437294611,0.6893015183576656,562171311.0,6.68,6.77,6.67,6.72,7874300.0,52950602.0,6.72,0.0,10.0,7.39,False,False,True,66.31507644668085
1073,603170.SH,宝立食品,0.289520426287744,28.450704225352098,1.4681847410008435,0.9646677208069745,1.3873346755709755,0.6832710450916405,400010000.0,12.25,12.36,12.05,12.08,2636584.0,32502628.0,12.28,-1.6286644951139961,10.0,13.51,False,False,True,66.30927036965358
1074,002351.SZ,漫步者,0.23616236162361645,30.32694475760993,1.4480845849218908,1.5929239369818338,1.0909798777408184,0.9453208134716324,527441600.00000006,10.1,10.3,10.07,10.17,7942343.0,80994808.0,10.15,0.19704433497536034,10.0,11.17,False,False,True,66.297658215599
1075,600383.SH,金地集团,0.07905138339920956,37.93103448275863,1.639421916636956,1.824025336704959,1.2255387821002754,0.8593102438488573,4514583572.0,2.22,2.29,2.22,2.28,70761748.0,160413751.0,2.23,2.2421524663676973,10.0,2.45,False,False,True,66.28411070253533
1076,002001.SZ,新 和 成,0.23645026801667654,25.48794489092996,1.973792329931668,1.2640213737739432,1.025811652907706,0.5216403839122472,3036852928.0,26.3,26.65,26.13,26.46,20023933.0,529436593.0,26.32,0.5319148936170137,10.0,28.95,False,False,True,66.24153280433521
1077,002683.SZ,广东宏大,0.14427690198766283,30.48387096774192,2.2951780079594046,1.4506681942361492,0.9480793179573559,0.5399829025575537,666725371.0,29.01,29.61,28.82,29.31,5222700.0,154005976.0,29.01,1.034126163391913,10.0,31.91,False,False,True,66.23572672730792
1078,601933.SH,永辉超市,0.0984615384615384,32.97491039426524,1.7864855312872279,1.8525104393780922,1.2520081254969821,0.5477396269089404,8925037165.0,3.09,3.15,3.08,3.09,90561761.0,281225987.0,3.11,-0.6430868167202619,10.0,3.42,False,False,True,66.22604993226244
1079,300800.SZ,力合科技,0.3618843683083511,30.823529411764696,1.3407999182985306,1.3053718383876958,0.9155851714356285,1.4192084028632783,234279200.0,10.13,10.39,10.02,10.27,4340244.0,44368753.0,10.19,0.7850834151128527,20.0,12.23,False,False,True,66.22217921424424
1080,002226.SZ,江南化工,0.30985915492957744,29.146919431279628,1.5295417927332935,0.9430249674868165,1.1239883481187383,0.6106494990810614,2648918190.0,5.09,5.15,5.04,5.07,15254000.0,77812824.0,5.1,-0.5882352941176339,10.0,5.61,False,False,True,66.1892781110896
1081,688078.SH,龙软科技,0.29342560553633223,27.072671443193453,1.7389706614110048,1.217617123729297,0.9528671655250897,0.8774596219186438,72893000.0,23.93,23.95,23.41,23.49,778796.0,18429662.0,23.78,-1.2195121951219634,20.0,28.54,False,False,True,66.15250628991677
1082,002968.SZ,新大正,0.23982558139534893,34.108527131782964,1.4556424511598616,1.532330301888455,0.9624454887758116,0.849904748543488,213140277.0,9.39,9.52,9.23,9.38,2775800.0,26108338.0,9.39,-0.10649627263045192,10.0,10.33,False,False,True,66.14476485388039
1083,600558.SH,大西洋,0.2066115702479339,30.045871559633007,1.4926654251356744,1.7862684275147311,1.105299018550651,1.1610657116441063,897604831.0,4.98,4.99,4.89,4.96,18616100.0,92070412.0,4.86,2.0576131687242816,10.0,5.35,False,False,True,66.12154054577124
1084,301019.SZ,宁波色母,0.2040072859744991,31.336742147552975,1.5102820617167505,1.5011187856629766,1.2164649482918704,0.7928130946800998,145146658.0,15.35,15.45,15.16,15.26,1727400.0,26442940.0,15.4,-0.909090909090915,20.0,18.48,False,False,True,66.11766982775305
1085,300217.SZ,东方电热,0.15471698113207555,37.0843989769821,1.883157581551216,1.971760149562584,0.6994410877212032,1.4009929707375304,1241414188.0,4.22,4.29,4.19,4.2,34293100.0,144775590.0,4.32,-2.777777777777779,20.0,5.18,False,False,True,66.11766982775305
1086,002556.SZ,辉隆股份,0.28519855595667865,22.831050228310513,1.6984172201199836,1.4343997861943931,1.0926194934638997,0.6772003140809832,934041003.0,5.12,5.21,5.12,5.2,9073050.0,46965931.0,5.17,0.5802707930367523,10.0,5.69,False,False,True,66.06154441648926
1087,603101.SH,汇嘉时代,0.1656516443361754,29.166666666666675,1.6562149510069468,2.1299290497448924,1.0573381029275606,0.7961222399673427,470400000.0,7.29,7.45,7.27,7.42,7976497.0,58927637.0,7.36,0.8152173913043459,10.0,8.1,False,False,True,66.05186762144378
1088,301263.SZ,泰恩康,0.07573726541554954,29.908675799086758,2.3586129123901443,1.6099649378383512,1.1765505031751982,0.6566975806273896,364303266.0,18.79,19.3,18.41,19.13,3851633.0,72487594.0,18.65,2.573726541554966,20.0,22.38,False,False,True,66.01122508225275
1089,001202.SZ,炬申股份,0.11857379767827528,32.13689482470785,1.546393266476117,2.213856182150308,1.3448813101899038,0.740939708276374,116823955.0,13.41,13.58,13.29,13.54,1916303.0,26179771.0,13.41,0.9694258016405666,10.0,14.75,False,False,True,65.95122895297078
1090,603708.SH,家家悦,0.18165784832451487,24.484848484848488,2.0620471632179957,1.1535678141387835,1.72587770234211,1.0859626440322994,638338675.0,9.23,9.38,9.19,9.2,7996670.0,74097695.0,9.28,-0.8620689655172376,10.0,10.21,False,False,True,65.93381072188892
1091,603605.SH,珀莱雅,0.26912751677852353,25.141030462579916,1.5119160169806656,1.4051157422402543,1.3874141020506787,2.842191815132988,395976049.0,61.2,64.49,61.2,63.26,15813733.0,1003854191.0,61.2,3.366013071895413,10.0,67.32,False,False,True,65.80607702728857
1092,600495.SH,晋西车轴,0.3466666666666668,28.143712574850312,1.370803997019636,1.1828101226050753,1.1316205197759153,0.5315954417910157,1208190886.0,4.09,4.15,4.09,4.13,7596820.0,31309413.0,4.12,0.24271844660193054,10.0,4.53,False,False,True,65.79252951422488
1093,600738.SH,丽尚国潮,0.2830188679245283,25.77903682719549,1.2903177019118772,1.6926470267386466,1.3495733225133182,0.7156363664606373,760666196.0,4.1,4.19,4.1,4.14,9214100.0,38326709.0,4.13,0.2421307506053294,10.0,4.54,False,False,True,65.70156764079738
1094,600867.SH,通化东宝,0.3012820512820512,23.18435754189945,1.5471082280414332,1.7374371009989245,1.0347067885026828,0.744012030697931,1958542829.0,8.1,8.27,8.1,8.12,25317576.0,206794692.0,8.1,0.24691358024691024,10.0,8.91,False,False,True,65.66866653764274
1095,600824.SH,益民集团,0.20833333333333345,22.57053291536051,1.8348051988500818,1.4359542878648575,1.6917070587164256,1.0534118611664862,1054027073.0,3.61,3.7,3.61,3.66,15943754.0,58478941.0,3.64,0.5494505494505475,10.0,4.0,False,False,True,65.61060576736983
1096,002920.SZ,德赛西威,0.1229279936347964,32.57506824385803,2.079147677832074,1.5556715482639534,1.0925072976243038,0.5031131095481532,596621794.0,86.61,87.9,86.03,86.11,4669632.0,405735771.0,86.2,-0.10440835266821713,10.0,94.82,False,False,True,65.5873814592607
1097,301061.SZ,匠心家居,0.045802919708029216,35.44423440453688,1.805594463713757,1.7627812242996193,1.7401466157542802,0.7520888720661614,188839656.0,34.29,34.47,33.15,33.18,2503576.0,85085413.0,34.25,-3.124087591240876,20.0,41.1,False,False,True,65.52544997096962
1098,301036.SZ,双乐股份,0.21719681908548716,38.24017708909795,1.5727787173634826,1.5695235958376634,0.8271413779906912,0.8276986443600114,69679408.0,22.42,22.56,21.83,22.15,905200.0,20077792.0,22.44,-1.2923351158645402,20.0,26.93,False,False,True,65.43642345655118
1099,600055.SH,万东医疗,0.1436464088397791,34.181078331637835,2.1736281766944723,0.9948294348568473,1.1960597409259972,0.6449003989107723,703061058.0,11.23,11.3,11.02,11.07,4510600.0,50163584.0,11.13,-0.5390835579514919,10.0,12.24,False,False,True,65.37255660925102
1100,000650.SZ,仁和药业,0.3989637305699483,19.491525423728806,1.1921060005678215,1.6843879645785658,1.3917057402572015,1.6301205990077614,1331385834.0,5.58,5.69,5.51,5.52,36556600.0,204520228.0,5.49,0.5464480874316724,10.0,6.04,False,False,True,65.34739694213276
1101,600052.SH,东望时代,0.2142857142857143,37.797619047619044,1.8808515900912048,1.2980362548835107,0.7712215745887121,0.6626437866529424,844194741.0000001,3.88,3.95,3.87,3.92,7261220.0,28430955.0,3.9,0.512820512820511,10.0,4.29,False,False,True,65.3261079930327
1102,603081.SH,大丰实业,0.2383808095952024,30.246913580246936,1.8710076157654059,1.063982983312465,1.0695119255796248,1.7904277561789526,422499149.00000006,9.7,10.24,9.65,10.13,8048544.0,80724846.0,9.69,4.540763673890624,10.0,10.66,False,False,True,65.29320688987808
1103,600197.SH,伊力特,0.17521367521367529,38.731596828992075,1.0302904893742677,1.692531312910359,1.6731775932603492,0.5203637663257085,473174717.0,10.03,10.1,9.99,10.03,4167401.0,41846609.0,10.06,-0.29821073558649047,10.0,11.07,False,False,True,65.2854654538417
1104,002572.SZ,索菲亚,0.14265536723163838,31.754874651810596,1.8094756520249127,1.7116736622204851,1.2179013016623592,0.5488048788716022,729247004.0,8.2,8.32,8.15,8.25,6850363.0,56660360.0,8.19,0.73260073260073,10.0,9.01,False,False,True,65.23901683762338
1105,603229.SH,奥翔药业,0.20746887966804978,36.08391608391608,1.8426220491710814,1.0916802562292278,0.9790724412007169,1.022992677779261,830297145.0,8.17,8.28,8.01,8.03,9272600.0,75218335.0,8.15,-1.4723926380368235,10.0,8.97,False,False,True,65.16160247725952
1106,601155.SH,新城控股,0.13293413173652685,32.79999999999998,2.157529419975215,1.0945776123133886,1.4153049172982872,1.3095662913612154,2255622856.0,11.12,11.91,11.07,11.79,32332593.0,375693454.0,11.11,6.12061206120611,10.0,12.22,False,False,True,65.07451132185021
1107,600518.SH,康美药业,0.18918918918918934,35.34482758620692,1.632912061896376,1.4101519318051934,1.1169414634804775,0.8800514609341301,13822352188.0,1.38,1.42,1.37,1.39,171536257.0,240021325.0,1.37,1.4598540145985162,10.0,1.51,False,False,True,65.06967292432746
1108,688188.SH,柏楚电子,0.29413305395495026,38.88135593220339,1.5644482320827398,0.7126246016460315,0.941494796957808,0.5526428934292755,405557343.0,99.21,100.68,98.02,98.3,1597194.0,158461031.0,99.73,-1.4338714529228969,20.0,119.68,False,False,True,65.06676988581383
1109,000607.SZ,华媒控股,0.28888888888888886,29.29292929292928,1.5029706709145356,1.5298602504496546,1.029098891494108,0.6918649729199633,885062168.0,3.76,3.79,3.72,3.73,9368000.0,35085583.0,3.75,-0.5333333333333301,10.0,4.13,False,False,True,64.88871685697697
1110,603839.SH,安正时尚,0.28452579034941766,31.956912028725306,1.7386177238483758,1.0159311160618034,0.9817910775730759,0.9699838598836467,387016200.0,7.22,7.36,7.19,7.21,3813800.0,27737123.0,7.28,-0.9615384615384692,10.0,8.01,False,False,True,64.87904006193149
1111,688420.SH,美腾科技,0.34937611408199654,39.41018766756032,1.8105244104473197,0.6037972407553954,0.6177627445739892,1.3523969735057204,88430000.0,22.57,22.77,22.15,22.55,722096.0,16259854.0,22.57,-0.08861320336730483,20.0,27.08,False,False,True,64.8674279078769
1112,301386.SZ,未来电器,0.24689165186500894,31.334841628959275,1.6297555017566778,2.3598573333333297,0.6762531020688101,1.0092888854486306,45000000.0,20.08,20.92,20.08,20.29,1071800.0,21770627.0,20.46,-0.8308895405669703,20.0,24.55,False,False,True,64.85194503580414
1113,601798.SH,蓝科高新,0.32653061224489793,39.84732824427481,1.212525666178785,1.4786618609107034,0.7799840008951048,0.8989802277094198,354528198.0,7.85,7.96,7.76,7.86,4712700.0,36994382.0,7.83,0.3831417624521105,10.0,8.61,False,False,True,64.7784013934585
1114,301332.SZ,德尔玛,0.18309859154929584,24.965893587994547,1.6885981649738144,1.8337566828968244,1.9176902388837533,0.7866920334981865,264840240.0,7.94,8.13,7.93,7.99,3820590.0,30705273.0,7.98,0.12531328320801727,20.0,9.58,False,False,True,64.7725953164312
1115,001205.SZ,盛航股份,0.3821263482280432,23.045267489711918,1.3248318947121553,2.0571250282661695,0.9770028855438957,0.5839013582961038,166484329.0,14.69,14.74,14.5,14.51,1999740.0,29200497.0,14.63,-0.8202323991797766,10.0,16.09,False,False,True,64.74743564931295
1116,600446.SH,金证股份,0.08015564202334638,38.65979381443299,1.652182802846717,2.229280079058161,1.1188279490291702,0.9909653535014703,941267479.0,10.73,11.15,10.7,10.97,20793910.0,227677674.0,10.73,2.236719478098781,10.0,11.8,False,False,True,64.69518095606735
1117,603486.SH,科沃斯,0.1394563294193341,32.47791333613799,2.370679355438736,1.178686543024593,1.1308528863081446,1.319404413765773,574095201.0,55.79,55.79,53.61,53.78,8919411.0,482995283.0,56.21,-4.323074186087883,10.0,61.83,False,False,True,64.67195664795818
1118,300471.SZ,厚普股份,0.19525959367945805,26.233453670276763,1.859323143550054,2.2643316032622463,0.9473497754315664,0.6533426536575643,374763985.0,9.95,10.0,9.82,9.89,5544200.0,54892973.0,10.04,-1.4940239043824577,20.0,12.05,False,False,True,64.60228372363073
1119,603345.SH,安井食品,0.21058994197292055,30.074374577417174,1.3566750643935832,2.1267316978807784,1.2594752493879888,1.0181396590672147,293294232.0,75.23,76.11,74.57,75.54,6350729.0,489724394.0,75.57,-0.039698292973389115,10.0,83.13,False,False,True,64.5732533384943
1120,002162.SZ,悦心健康,0.23974763406940067,30.487804878048784,1.4626382355573522,1.7801213677402856,1.1244207197844902,0.6581480662722784,918321621.0,4.03,4.13,4.02,4.05,10758904.0,43833913.0,4.04,0.24752475247524774,10.0,4.44,False,False,True,64.51422488871685
1121,600316.SH,洪都航空,0.21598995395562995,25.315922493681555,1.865170588937136,1.7221411494737628,1.1251909086187903,0.6858329733860209,717114512.0,28.73,29.27,28.58,28.8,8469848.0,245139013.0,28.9,-0.34602076124566894,10.0,31.79,False,False,True,64.50745113218501
1122,002835.SZ,同为股份,0.220216606498195,25.830258302583033,1.5886972049796857,2.1827793061479297,1.112747775133492,0.5650177791530294,127453854.0,12.75,12.75,12.48,12.61,1571900.0,19793005.0,12.67,-0.47355958958169575,10.0,13.94,False,False,True,64.49777433713955
1123,000576.SZ,甘化科工,0.2167487684729063,37.96610169491525,1.4766061128226122,1.8046024203837254,0.8992804162909442,0.8541329531191794,433815261.0,7.22,7.3,7.17,7.27,6686700.0,48456486.0,7.22,0.6925207756232732,10.0,7.94,False,False,True,64.42229533578478
1124,300441.SZ,鲍斯股份,0.2839506172839506,25.12820512820515,1.6161796228357972,1.3074847863096872,1.4320226805610017,0.34459221852810823,629019147.0,6.73,6.83,6.73,6.78,2834040.0,19226709.0,6.77,0.1477104874446189,20.0,8.12,False,False,True,64.41842461776659
1125,600211.SH,西藏药业,0.17042253521126774,20.2962962962963,2.132321271611304,1.7728993869791054,1.6428127097305487,1.0430675422064144,322319196.0,37.4,38.58,37.39,37.94,5960500.0,233349948.0,37.38,1.4981273408239515,10.0,41.12,False,False,True,64.35649312947552
1126,002166.SZ,莱茵生物,0.16551724137931048,36.79867986798679,1.5468323930391237,1.70121564921613,1.2019720130322427,0.6868019538020015,738553925.0,6.81,6.9,6.78,6.82,8629251.0,58945351.0,6.78,0.5899705014749346,10.0,7.46,False,False,True,64.32746274433909
1127,603385.SH,惠达卫浴,0.36893203883495135,35.26785714285712,1.6706558024554812,0.9019435169038147,0.8167671949805227,0.7192119259634011,380664968.0,5.65,5.69,5.6,5.66,2469330.0,13956865.0,5.62,0.7117437722419906,10.0,6.18,False,False,True,64.28101412812076
1128,603209.SH,兴通股份,0.3732142857142856,20.48979591836735,1.4158031238462772,1.6184446027682593,1.3554634690230445,1.136956798243161,321491597.0,14.2,14.48,14.19,14.26,5915772.0,84889939.0,14.34,-0.557880055788007,10.0,15.77,False,False,True,64.26940197406618
1129,603707.SH,健友股份,0.2811881188118814,27.827380952380953,1.899215440463124,0.8248258587426831,1.225411633546557,1.1150718315262635,1615651020.0000002,8.14,8.37,8.06,8.08,14859790.0,121827784.0,8.14,-0.7371007371007376,10.0,8.95,False,False,True,64.26553125604799
1130,002088.SZ,鲁阳节能,0.2443095599393019,32.55131964809381,1.80076184865086,0.8240711559774115,1.2734675813908882,0.6543001254392424,505964633.00000006,8.45,8.49,8.32,8.41,2728110.0,22985157.0,8.43,-0.23724792408066353,10.0,9.27,False,False,True,64.23263015289336
1131,000985.SZ,大庆华科,0.2251712328767124,34.98871331828444,1.6756573120094866,1.376092394679086,1.0233525311917395,1.0832085687156652,129639500.0,15.82,16.23,15.79,16.13,1932400.0,30968009.0,15.92,1.3190954773869334,10.0,17.51,False,False,True,64.23263015289336
1132,000796.SZ,凯撒旅业,0.15705765407554667,39.23303834808258,1.7164283661014283,2.2172564970841013,0.7909727314187452,5.424841059826351,1330768828.0,4.14,4.26,4.03,4.2,160068389.0,668357244.0,4.18,0.4784688995215447,10.0,4.6,False,False,True,64.18618153667505
1133,002573.SZ,清新环境,0.24460431654676254,24.73867595818815,1.8846164033188857,1.1626388243914054,1.6420875802104586,0.6739761974380639,1412690868.0,3.2,3.24,3.2,3.24,11069717.0,35738276.0,3.21,0.9345794392523477,10.0,3.53,False,False,True,64.16876330559319
1134,600736.SH,苏州高新,0.26730769230769225,36.27118644067795,1.3454175369984145,2.0604917137737515,0.8328101694399365,1.0231785352622471,1151292907.0,6.74,6.9,6.7,6.86,24272143.0,165811552.0,6.77,1.3293943870014813,10.0,7.45,False,False,True,64.1107025353203
1135,605567.SH,春雪食品,0.37938596491228066,33.112582781456965,1.4041013670309677,1.59618925,0.7953912888569973,0.7516652552321098,200000000.0,9.3,9.33,9.15,9.23,2399600.0,22176694.0,9.28,-0.5387931034482651,10.0,10.21,False,False,True,64.10102574027482
1136,000665.SZ,湖北广电,0.1005434782608696,27.195467422096332,2.195076734950133,1.9572454935222332,1.4688570064118627,0.7367871020844005,1137119780.0,3.9,4.0,3.9,3.95,16398100.0,64952728.0,3.9,1.2820512820512997,10.0,4.29,False,False,True,64.04199729049739
1137,600429.SH,三元股份,0.21276595744680846,25.954198473282442,2.190846034215192,1.2634587309642125,1.163033691583105,0.555526074821743,1497557426.0,4.58,4.65,4.57,4.63,10511120.0,48929809.0,4.63,0.0,10.0,5.09,False,False,True,64.01780530288369
1138,300370.SZ,安控科技,0.2121212121212123,37.566137566137584,1.7172052651552605,1.455561335136633,0.9241291289972591,0.8919563402229627,1561476109.0,2.25,2.3,2.24,2.27,20272600.0,45950629.0,2.24,1.3392857142856984,20.0,2.69,False,False,True,64.00425778982002
1139,600649.SH,城投控股,0.21848739495798322,24.92492492492493,2.0928955432530656,1.266103197746743,1.345797756185097,0.9360397393787914,2491800768.0,3.83,3.91,3.83,3.85,29548377.0,114514311.0,3.85,0.0,10.0,4.24,False,False,True,63.87071801819238
1140,605008.SH,长鸿高科,0.29780219780219785,34.11764705882354,1.409508615170879,0.7551250342562441,2.1184074889580864,1.1702554493613433,645962414.0,12.89,12.89,12.35,12.76,5708300.0,71916046.0,12.91,-1.161890007745936,10.0,14.2,False,False,True,63.85717050512869
1141,300529.SZ,健帆生物,0.12324324324324311,28.716904276985744,1.8227336994147005,2.0545916309960255,1.886054447574899,0.4549206462301041,512402075.0,15.9,16.06,15.85,16.02,4789300.0,76595860.0,15.87,0.945179584120992,20.0,19.04,False,False,True,63.81072188891039
1142,688613.SH,奥精医疗,0.16026020106445885,33.5398915569326,1.8531363826460683,1.9428410777531966,1.0043680437840117,0.6784198434548967,137008584.0,15.78,15.93,15.45,15.66,1805858.0,28288194.0,15.62,0.256081946222797,20.0,18.74,False,False,True,63.79523901683763
1143,301170.SZ,锡南科技,0.33140016570008285,33.29891584925142,1.4337177632187967,2.1201842714102312,0.6740596511114783,1.5934242549478808,38003725.0,22.97,23.18,22.64,22.83,1283900.0,29353008.0,23.37,-2.31065468549424,20.0,28.04,False,False,True,63.76427327269209
1144,002615.SZ,哈尔斯,0.1684491978609627,39.273927392739274,1.747096526283246,2.462362891172908,0.6453368946046523,1.1593184720081016,302216957.0,6.7,6.78,6.56,6.73,8627275.0,57634710.0,6.69,0.5979073243647326,10.0,7.36,False,False,True,63.7081478614283
1145,688543.SH,国科军工,0.132514375326712,30.81325301204818,1.8014708863944235,2.4541529362426786,1.1296395689182697,0.5900496967390528,250610433.0,38.27,38.91,37.8,38.58,3629020.0,139434069.0,38.27,0.8100339691664349,20.0,45.92,False,False,True,63.69653570737373
1146,002817.SZ,黄山胶囊,0.3894389438943893,29.837251356238692,1.3611117048227623,1.9045764784585342,0.8335376219267312,1.0064078678195068,290361795.0,6.71,6.83,6.66,6.78,5565599.0,37607141.0,6.71,1.0432190760059745,10.0,7.38,False,False,True,63.60750919295529
1147,603969.SH,银龙股份,0.15062761506276148,26.466165413533837,2.10619300828107,2.088117233461933,1.1479309769817827,1.3928070337311487,851553800.0,7.42,7.68,7.34,7.6,24766117.0,186001269.0,7.37,3.1207598371777445,10.0,8.11,False,False,True,63.51074124250049
1148,688029.SH,南微医学,0.32644628099173567,22.420091324200907,1.7417694898730947,1.2492058847632166,1.3486147050431074,0.7522544149547705,187847422.0,76.76,77.49,75.71,77.0,1765241.0,135145364.0,76.76,0.31266284523188137,20.0,92.11,False,False,True,63.50880588349139
1149,002190.SZ,成飞集成,0.07869785082174469,38.01571709233793,1.6448416926452911,2.077813327916134,1.5870702254344269,0.8312586103747494,358729343.0,23.01,24.15,22.87,23.2,6195974.0,145040780.0,22.85,1.5317286652078765,10.0,25.14,False,False,True,63.5049351654732
1150,603025.SH,大豪科技,0.18122270742358085,36.40132669983416,1.8286149894741146,1.1342449230045686,1.275589960272534,0.5106483026812402,1109174773.0,13.7,13.88,13.63,13.72,6424343.0,88444832.0,13.72,0.0,10.0,15.09,False,False,True,63.48364621637314
1151,603165.SH,荣晟环保,0.3971462544589774,37.34622144112478,1.6016930435782661,1.264964239989753,0.5056155452762696,3.4614695917086826,312728378.0,13.79,14.12,13.57,13.57,13693235.0,196869009.0,13.2,2.803030303030307,10.0,14.52,False,False,True,63.454615831236694
1152,002537.SZ,海联金汇,0.20240137221269291,26.915520628683698,1.648429208684151,2.375897666397026,1.124196273285799,2.7288748766366293,1170512095.0,6.18,6.36,6.1,6.28,75890473.0,474915825.0,6.27,0.15948963317384823,10.0,6.9,False,False,True,63.421714728082044
1153,601003.SH,柳钢股份,0.1501831501831502,28.527607361963202,2.300813502654523,1.2264664780599497,1.7703924309495658,0.5243147469173695,2562793200.0,3.66,3.75,3.65,3.71,16480156.0,61296893.0,3.67,1.089918256130784,10.0,4.04,False,False,True,63.40816721501839
1154,000421.SZ,南京公用,0.24534161490683232,25.872689938398352,1.4661981810146274,2.022191053610876,1.4719790703228632,1.2277309384144492,574208022.0,5.62,5.7,5.61,5.67,14255900.0,80672637.0,5.66,0.17667844522968323,10.0,6.23,False,False,True,63.40236113799109
1155,002530.SZ,金财互联,0.1482517482517483,29.793977812995244,1.7235990305242788,2.482985514993886,1.1761220363986233,0.8159139883597653,706661559.0,7.32,7.43,7.26,7.36,14316275.0,105336031.0,7.37,-0.13568521031207537,10.0,8.11,False,False,True,63.39655506096381
1156,603806.SH,福斯特,0.3506311360448807,37.66037735849055,1.7365620895806066,1.10524093927189,0.6660438914194808,0.6894663880014534,2608745702.0,15.27,15.38,15.08,15.08,19879333.0,302187041.0,15.37,-1.8867924528301883,10.0,16.91,False,False,True,63.383007547900135
1157,605577.SH,龙版传媒,0.19072847682119196,27.8362573099415,2.023064800143858,1.255969303430034,1.7421696576261665,1.5056776805544623,444444445.0,9.79,9.91,9.6,9.68,8404822.0,81399007.0,9.99,-3.103103103103111,10.0,10.99,False,False,True,63.36558931681826
1158,002390.SZ,信邦制药,0.3660130718954248,26.37795275590551,1.5107241275994632,1.4554432780616542,1.1001158563505151,0.889807978358376,1927818234.0,3.09,3.16,3.08,3.1,24966500.0,77698582.0,3.1,0.0,10.0,3.41,False,False,True,63.34430036771821
1159,300371.SZ,汇中股份,0.303125,36.39494833524684,1.5051486605319009,1.6417603354023882,0.806107145857106,1.039073709427227,139995662.0,10.65,10.83,10.6,10.74,2388200.0,25599006.0,10.65,0.8450704225352101,20.0,12.78,False,False,True,63.338494290690925
1160,601595.SH,上海电影,0.04139534883720933,37.90218790218791,2.0609221718678916,1.717220794288259,1.4421287774313467,0.7177022023122052,448200000.0,16.31,16.96,16.31,16.89,5523855.0,92247939.0,16.43,2.799756542909315,10.0,18.07,False,False,True,63.25140313528159
1161,600557.SH,康缘药业,0.2040000000000001,28.811973807296543,1.6686135178902706,1.701436142635918,1.5194944567368673,0.576902082015758,566158806.0,12.24,12.49,12.19,12.27,5557200.0,68446116.0,12.22,0.40916530278232166,10.0,13.44,False,False,True,63.23785562221792
1162,600467.SH,好当家,0.3260869565217393,27.083333333333325,1.3307312622109149,2.117146303398588,1.0459570096114505,0.823538888907694,1460994304.0000002,2.37,2.41,2.36,2.39,25473200.0,60900881.0,2.37,0.8438818565400741,10.0,2.61,False,False,True,63.23011418618154
1163,688575.SH,亚辉龙,0.12064965197215786,27.81774580335732,2.105338028876208,1.9154522764991817,1.6125558011582903,0.8357481616942647,571388300.0,9.34,9.68,9.33,9.5,9146988.0,86639345.0,9.38,1.2793176972281328,20.0,11.26,False,False,True,63.16624733888136
1164,002791.SZ,坚朗五金,0.15117104329311573,27.450980392156854,2.0816999680114434,2.3973876703226162,1.030176188808995,0.4373134343311732,212331087.0,14.84,15.04,14.81,14.91,2226100.0,33236457.0,14.88,0.20161290322580072,10.0,16.37,False,False,True,63.08302690149022
1165,300856.SZ,科思股份,0.17384843982169387,32.03980099502486,1.9461510487425997,1.4255666674757494,1.3605098405347098,0.7673452034470551,459735623.0,11.15,11.29,11.12,11.22,5029056.0,56324098.0,11.22,0.0,20.0,13.46,False,False,True,63.03077220824462
1166,301032.SZ,新柴股份,0.2889908256880735,37.09869203329368,1.4374858639513128,2.0485839466636837,0.748018796029102,0.9921251836787118,163861801.0,10.31,10.48,10.21,10.25,3330412.0,34329086.0,10.3,-0.4854368932038944,20.0,12.36,False,False,True,62.992065028062704
1167,002420.SZ,毅昌科技,0.2970521541950113,33.26226012793177,1.4827085949235765,2.0672515844144472,0.8205326172357468,0.6385522995419577,403871600.00000006,6.01,6.03,5.91,5.96,5331300.0,31828379.0,6.0,-0.666666666666671,10.0,6.6,False,False,True,62.97851751499902
1168,000061.SZ,农 产 品,0.1546762589928058,28.57142857142858,2.0773367396490277,1.5738779086745567,1.630505576872474,1.4415455151126633,1794313488.0,6.0,6.23,5.97,6.1,40709683.0,249428908.0,6.04,0.9933774834437026,10.0,6.64,False,False,True,62.9456164118444
1169,600689.SH,上海三毛,0.28967254408060455,38.47926267281105,1.4043515148860655,1.5800485798865491,0.8979703900080279,0.8608676105121071,152204143.0,10.97,11.11,10.86,11.04,2070300.0,22802794.0,10.98,0.5464480874316724,10.0,12.08,False,False,True,62.91077994968066
1170,300513.SZ,恒实科技,0.2591170825335892,38.486842105263165,1.3864758180330436,2.006420393117555,0.8528085143607718,0.6468048718434319,287155781.0,7.36,7.54,7.36,7.48,3726600.0,27823526.0,7.43,0.6729475100942128,20.0,8.92,False,False,True,62.841107025353196
1171,002075.SZ,沙钢股份,0.1397515527950311,29.721362229102176,2.0722659742843668,1.8665539110849942,1.3322926365470524,0.6376524610642572,2193821920.0,3.67,3.75,3.67,3.72,26111147.0,97122097.0,3.68,1.0869565217391353,10.0,4.05,False,False,True,62.736597638862015
1172,000045.SZ,深纺织Ａ,0.29396662387676503,38.44339622641508,1.2913040250885781,1.6430087787772212,0.9529440095150878,1.4517221949057821,457021849.0,10.78,11.08,10.65,10.69,10900850.0,117825534.0,10.77,-0.742804085422466,10.0,11.85,False,False,True,62.73272692084382
1173,000935.SZ,四川双马,0.2700822264389626,39.80861244019138,2.061924779501931,0.7109493192050101,0.839895881005537,0.5085567180865151,763440333.0,22.59,23.05,22.51,22.82,2760280.0,63082128.0,22.59,1.0181496237273047,10.0,24.85,False,False,True,62.721114766789235
1174,001387.SZ,雪祺电气,0.2922636103151861,39.320388349514545,1.3111407092058003,2.173977603777335,0.7246753308114335,1.1794798024362538,116409541.0,12.33,12.34,12.0,12.17,2984930.0,36232502.0,12.34,-1.3776337115072979,10.0,13.57,False,False,True,62.635958970389005
1175,603168.SH,莎普爱思,0.2665198237885463,30.98901098901099,1.7550263445226633,1.7961680259511268,0.9087982932300344,1.1637519418033608,372514005.00000006,5.74,5.88,5.71,5.84,7786638.0,45179244.0,5.76,1.388888888888884,10.0,6.34,False,False,True,62.53532030191601
1176,300239.SZ,东宝生物,0.3119658119658122,28.923766816143505,1.6569562392870758,1.6426323345273077,0.9804145111016657,0.9849638794880561,589777015.0,5.21,5.31,5.17,5.17,9542200.0,49804751.0,5.19,-0.3853564547206201,20.0,6.23,False,False,True,62.49467776272499
1177,603271.SH,永杰新材,0.331444759206799,34.34889434889434,1.5203542653671822,2.1145199464777478,0.6643475513701019,0.8819887187315031,94575996.0,42.91,43.7,42.68,43.07,1763826.0,76373429.0,42.88,0.44309701492537545,10.0,47.17,False,False,True,62.49467776272498
1178,002105.SZ,信隆健康,0.2552447552447552,35.58951965065502,1.460718268190676,1.9873248142055326,0.9388335936436751,0.8912031380423296,364471975.0,6.01,6.06,5.93,6.01,6455200.0,38619283.0,6.04,-0.4966887417218624,10.0,6.64,False,False,True,62.48113024966132
1179,002416.SZ,爱施德,0.18081180811808092,35.69739952718676,1.8748606025241596,1.8712807885054923,0.9500320014253568,0.6251298174385523,1223281973.0,9.43,9.54,9.36,9.36,14309872.0,135060165.0,9.44,-0.8474576271186418,10.0,10.38,False,False,True,62.45016450551577
1180,600715.SH,文投控股,0.08152173913043485,35.66433566433567,2.2013584974300158,1.5732035304488488,1.5724705429833679,0.5416453526643646,2862372241.0,1.58,1.61,1.57,1.6,24390800.0,38948920.0,1.58,1.2658227848101333,10.0,1.74,False,False,True,62.42113412037934
1181,002714.SZ,牧原股份,0.30980541777947346,30.619302106255898,1.5017084341567566,1.6136247542314741,1.078314424159579,0.6130191989162199,3280499319.9999995,39.62,40.35,39.58,39.99,32450140.0,1299169117.0,39.93,0.15026296018032514,10.0,43.92,False,False,True,62.40758660731564
1182,002799.SZ,环球印务,0.2818791946308724,37.037037037037024,1.392391221228913,1.7149064417168267,0.9751115704090854,0.9577439398038875,320035800.0,6.93,7.03,6.86,6.92,5256400.0,36485852.0,6.93,-0.1443001443001357,10.0,7.62,False,False,True,62.35920263208826
1183,300135.SZ,宝利国际,0.2529644268774702,30.662020905923338,1.6300947801270609,2.116169645182286,0.9553878117167867,1.2544212362201428,921600000.0,3.45,3.53,3.45,3.51,24464500.0,85596018.0,3.51,0.0,20.0,4.21,False,False,True,62.34371976001549
1184,600774.SH,汉商集团,0.27068965517241383,35.1027397260274,1.5980090656854558,1.510145017309857,1.008566312266076,0.671709080802996,294880177.0,7.39,7.54,7.34,7.44,2991200.0,22255813.0,7.41,0.4048582995951344,10.0,8.15,False,False,True,62.27211147667893
1185,002483.SZ,润邦股份,0.1810089020771512,31.645569620253156,1.570307475579506,1.9837179215016958,1.6453535260077696,0.6588394672447698,885250799.0,5.3,5.36,5.29,5.33,11569800.0,61635117.0,5.35,-0.37383177570092796,10.0,5.89,False,False,True,62.263402361137985
1186,300482.SZ,万孚生物,0.08095238095238093,39.10795087265675,1.9341505608890386,1.911132784663178,1.2480924699426144,0.7658843776126897,430066407.00000006,16.31,16.59,16.28,16.35,6294911.0,103153934.0,16.32,0.18382352941177516,20.0,19.58,False,False,True,62.23727501451519
1187,000792.SZ,盐湖股份,0.37720070422535207,36.18612380556709,1.745667250868769,1.2004478714344302,0.7251968783910522,1.0877122097403473,5291518096.0,27.4,28.43,27.15,28.15,69093564.0,1936483289.0,27.45,2.5500910746812266,10.0,30.2,False,False,True,62.186955680278686
1188,000564.SZ,供销大集,0.09042553191489357,35.9375,1.988857837584402,2.0424985876129376,1.3133259166914675,0.9056923052593631,15094879524.999998,1.45,1.49,1.44,1.47,279236441.0,411689783.0,1.45,1.379310344827589,10.0,1.6,False,False,True,62.16179601316044
1189,002847.SZ,盐津铺子,0.06196459166190732,39.5316485045212,1.7671283694205868,2.063329095317936,1.5963381926048126,0.6329499124537054,243870918.0,45.02,45.6,44.9,45.2,3184838.0,143931423.0,45.3,-0.22075055187636972,10.0,49.83,False,False,True,62.154054577124064
1190,300226.SZ,上海钢联,0.17929482370592656,27.83149171270718,1.8863692819912738,2.4574024316753107,1.0716584058749488,0.8146890901138293,367696869.0,16.72,16.96,16.67,16.77,7361361.0,123556853.0,16.87,-0.5927682276230084,20.0,20.24,False,False,True,62.11341203793304
1191,300272.SZ,开能健康,0.21374045801526714,28.007889546351073,1.808637859065096,2.416378874839204,0.9801562525790073,0.5120104541548766,464472015.0,5.85,6.01,5.84,5.91,5746500.0,33952167.0,5.91,0.0,20.0,7.09,False,False,True,62.08438165279658
1192,605266.SH,健之佳,0.38221528861154436,26.85634975711313,1.5222397081430767,1.3350557199226811,1.242770672495722,0.62885929285197,154542928.0,16.71,17.07,16.7,16.82,1297484.0,21876947.0,16.86,-0.23724792408066353,10.0,18.55,False,False,True,62.053415908651054
1193,600812.SH,华北制药,0.30567685589519616,27.00729927007297,1.6790316466096773,1.4588354928985665,1.2550679638172821,1.0007235169365065,1715730370.0,4.81,4.94,4.75,4.89,25047793.0,122138486.0,4.81,1.6632016632016633,10.0,5.29,False,False,True,62.01857944648732
1194,600422.SH,昆药集团,0.18025751072961385,32.191780821917824,1.726849606827353,1.7426686096632762,1.580377735753893,0.4754394487228515,756975757.0,8.55,8.77,8.55,8.69,6271797.0,54561578.0,8.56,1.5186915887850372,10.0,9.42,False,False,True,61.9798722663054
1195,300021.SZ,大禹节水,0.24848484848484859,23.31460674157302,1.8098043352307325,1.984600948856019,1.2690279560128952,1.0651439447903492,873233219.0,3.88,3.95,3.86,3.93,18459152.0,72237596.0,3.97,-1.0075566750629705,20.0,4.76,False,False,True,61.97987226630539
1196,601929.SH,吉视传媒,0.05442176870748304,37.32057416267944,2.189615300598768,2.4320200915988615,1.019167074391259,0.5848515606191055,3489788167.9999995,2.31,2.36,2.3,2.33,49637726.0,115749838.0,2.33,0.0,10.0,2.56,False,False,True,61.95471259918715
1197,600838.SH,上海九百,0.17191011235955048,32.8197226502311,2.083513995202389,1.965268276799894,0.9711173917807868,6.636190791071656,400881981.0,8.29,8.52,7.9,8.31,52282608.0,425407218.0,8.02,3.615960099750626,10.0,8.82,False,False,True,61.89665182891426
1198,002602.SZ,世纪华通,0.19825918762088982,29.58927074601845,2.299668672216084,1.6905643882313786,0.964471858136162,0.4633377337235106,6796829127.0,14.04,14.09,13.84,13.87,53239717.0,747716693.0,13.98,-0.7868383404864177,10.0,15.38,False,False,True,61.86955680278693
1199,000155.SZ,川能动力,0.23504273504273493,38.22091886608017,1.3854111098935058,2.2968913741669987,0.9149040062907674,0.7251361173349947,1846168342.0,11.64,12.01,11.62,11.83,30749021.0,372915974.0,11.76,0.5952380952380931,10.0,12.94,False,False,True,61.86375072575962
1200,300761.SZ,立华股份,0.34864300626304817,33.07543520309479,1.7411431166564946,1.2788589579774121,0.8913995316250112,1.2286776056218796,646763910.0,18.81,19.45,18.77,19.36,10162636.0,195068001.0,18.85,2.705570291777182,20.0,22.62,False,False,True,61.85213857170505
1201,300329.SZ,海伦钢琴,0.258298755186722,37.66909469302811,1.9563562383817228,1.260778799890283,0.8558402702993755,0.7486159428771872,252140431.0,12.0,12.15,11.84,11.94,2379800.0,28491141.0,12.1,-1.3223140495867813,20.0,14.52,False,False,True,61.81730210954133
1202,000158.SZ,常山北明,0.043307086614173235,36.15771812080537,1.9933877582052335,2.4961426479656232,1.2878394576798948,0.38048832786046793,1590643645.0,12.51,12.73,12.47,12.56,15107188.0,190362201.0,12.58,-0.15898251192368873,10.0,13.84,False,False,True,61.776659570350304
1203,688098.SH,申联生物,0.14310344827586194,38.820301783264746,2.239097260344042,1.0058265431858209,1.3178907099658002,0.5905965217831101,410644000.0,8.16,8.35,8.07,8.22,2439380.0,19984129.0,8.12,1.2315270935960854,20.0,9.74,False,False,True,61.74762918521387
1204,300463.SZ,迈克生物,0.23538704581358602,28.335451080050824,1.562674751061793,1.9912559900607383,1.4306397977840635,0.6771789291141919,491598938.0,9.34,9.55,9.3,9.36,6628900.0,62379497.0,9.36,0.0,20.0,11.23,False,False,True,61.697309850977355
1205,600448.SH,华纺股份,0.3687150837988827,36.20689655172416,1.5023669457037934,1.951455843879318,0.6245288385904791,1.1653831953561198,629819662.0,2.98,3.02,2.96,2.99,14323320.0,42866707.0,2.98,0.3355704697986628,10.0,3.28,False,False,True,61.604412618540735
1206,300702.SZ,天宇股份,0.3435406698564593,29.47719688542825,1.4704600481855816,1.7795402354311398,1.049270334969984,0.3520116892688224,211146066.0,21.52,21.81,21.32,21.65,1322659.0,28598988.0,21.57,0.37088548910522157,20.0,25.88,False,False,True,61.55022256628604
1207,688050.SH,爱博医疗,0.13710350584307177,27.618506954300326,2.276425089374681,1.9567335194448956,1.435990929691451,0.9884678212583629,193437735.0,40.7,41.66,40.28,40.44,3741411.0,152458591.0,41.8,-3.2535885167464085,20.0,50.16,False,False,True,61.52119218114961
1208,600143.SH,金发科技,0.10140845070422536,33.46213292117466,2.4362101733630697,2.0226320327666,1.0913692846145708,0.4141862953331987,2634826028.0,13.95,14.11,13.93,14.02,22073162.0,311783787.0,14.02,0.0,10.0,15.42,False,False,True,61.46893748790399
1209,002574.SZ,明牌珠宝,0.2722371967654987,31.909547738693476,1.4850216253619049,1.7660367897727225,1.2235632061362691,4.140325545420528,528000000.0,4.7,5.14,4.7,5.0,38607187.0,191379541.0,4.99,0.2004008016031955,10.0,5.49,False,False,True,61.44377782078575
1210,300583.SZ,赛托生物,0.37366003062787134,25.58795860771401,1.8061413907953585,1.6380285750345895,0.9443057159934469,0.7093727655823747,186148926.0,13.07,13.2,12.87,12.97,2163000.0,28125753.0,13.07,-0.7651109410864554,20.0,15.68,False,False,True,61.38378169150378
1211,300971.SZ,博亚精工,0.17714791851195744,34.71023427866833,2.0642699694323747,2.468590938696819,0.7943650092566029,1.080469557684586,92252757.0,18.24,18.77,18.01,18.15,2460600.0,44962219.0,18.22,-0.38419319429199295,20.0,21.86,False,False,True,61.2715308689762
1212,603408.SH,建霖家居,0.39458413926499053,23.18376068376069,1.9655986080838033,0.7680659914695428,1.6742510653841471,2.339169771495461,447573000.0,11.42,11.65,11.26,11.51,8041261.0,92492096.0,11.4,0.9649122807017463,10.0,12.54,False,False,True,61.2173408167215
1213,603366.SH,日出东方,0.17556179775280897,28.594507269789982,1.7596321082588855,2.3360210763225133,1.461134468205936,1.3695960743380118,813048101.0,7.33,7.42,7.27,7.29,26012704.0,190324192.0,7.44,-2.016129032258074,10.0,8.18,False,False,True,61.165086123475895
1214,688580.SH,伟思医疗,0.1604634831460674,36.82915921288015,2.3562234335095367,1.718884108564975,0.8953148182391716,0.8629013488023566,95771288.0,47.07,48.2,45.88,46.75,1420506.0,66467348.0,46.9,-0.31982942430703876,20.0,56.28,False,False,True,61.15347396942133
1215,600740.SH,山西焦化,0.2951541850220264,33.015873015873034,1.5481672158604483,1.703709572119629,1.0469720558588766,1.083277108045884,2562121154.0,3.75,3.86,3.73,3.83,47286241.0,180561880.0,3.82,0.2617801047120505,10.0,4.2,False,False,True,61.13799109734857
1216,301131.SZ,聚赛龙,0.2528973509933775,37.405405405405425,1.5697642545097452,2.341323406532469,0.7902129994254907,0.765290311137601,39154877.0,33.85,34.0,33.25,33.71,701574.0,23613172.0,33.86,-0.4430005906674528,20.0,40.63,False,False,True,61.10121927617572
1217,603307.SH,扬州金泉,0.37437603993344415,30.243669374104165,1.8412113150649319,0.8327440555841435,1.1425278761058821,2.2677965320242617,97150000.0,24.92,25.47,24.61,24.88,1834672.0,45680161.0,25.43,-2.162799842705465,10.0,27.97,False,False,True,61.076059609057474
1218,600409.SH,三友化工,0.39225181598062947,31.801470588235283,1.776904974666294,1.566225685836495,0.7632723678143977,1.4389509686225828,2064349448.0,6.9,7.12,6.83,7.08,46524697.0,325863430.0,6.95,1.8705035971223083,10.0,7.65,False,False,True,61.07025353203019
1219,002107.SZ,沃华医药,0.3220338983050848,27.37430167597765,1.7635210821955358,1.9142250410188493,0.9295895903901331,0.9885468144051615,571396391.0,6.29,6.5,6.28,6.4,10812540.0,69315055.0,6.32,1.2658227848101333,10.0,6.95,False,False,True,61.03541706986646
1220,301173.SZ,毓恬冠佳,0.18506998444790052,39.200586725339214,1.3430282551259431,2.4639085015017956,1.1397202876946542,0.7217051779055266,30828659.0,32.06,32.38,31.66,31.83,548200.0,17583000.0,32.03,-0.6244146113019156,20.0,38.44,False,False,True,60.98896845364815
1221,600571.SH,信雅达,0.1644736842105263,31.933701657458545,1.7021695283887817,2.4193714905742203,1.3490314952472362,1.01258811717236,457751703.0,10.71,10.99,10.71,10.89,11214124.0,122136955.0,10.8,0.8333333333333304,10.0,11.88,False,False,True,60.97348558157538
1222,002090.SZ,金智科技,0.26481481481481484,32.10332103321032,1.7763846549517879,2.0159216806064824,0.9061367579082924,0.6049328493579859,398188681.0,9.56,9.63,9.49,9.58,4855900.0,46441449.0,9.56,0.20920502092049986,10.0,10.52,False,False,True,60.878652990129666
1223,300735.SZ,光弘科技,0.13416320885200564,39.84243106359033,2.0504150931660203,1.854855055262001,1.0240841828715954,0.8445871256801042,760538820.0,19.56,20.46,19.54,19.87,11914500.0,238627413.0,19.71,0.8117706747843734,20.0,23.65,False,False,True,60.84768724598412
1224,301331.SZ,恩威医药,0.21226993865030658,35.08214096449389,1.5769849005107617,1.9237387034169766,1.226127224262576,0.874829976058511,102590978.0,22.33,22.6,21.9,22.05,1726549.0,38305269.0,22.33,-1.25391849529779,20.0,26.8,False,False,True,60.83413973292045
1225,603041.SH,美思德,0.3861003861003861,39.21993499458287,1.6793607783376356,1.156533820802934,0.7719963553530752,0.8307662528650979,183147692.0,11.22,11.31,11.03,11.2,1759700.0,19705431.0,11.23,-0.267141585040076,10.0,12.35,False,False,True,60.81865686084769
1226,688036.SH,传音控股,0.1692658805629517,36.14969135802468,1.9750838088116933,1.5675231159396716,1.2640733971753397,0.6138730133969424,1151184545.0,57.66,58.62,57.0,57.01,11077390.0,647094431.0,58.28,-2.1791352093342486,20.0,69.94,False,False,True,60.72575962841107
1227,301058.SZ,中粮科工,0.22365591397849466,24.005305039787793,2.0539436271890494,1.736820675027294,1.7179830979975914,1.2873703607336395,512274245.0,8.49,8.78,8.48,8.76,11454101.0,99720837.0,8.58,2.0979020979021046,20.0,10.3,False,False,True,60.688987807238234
1228,300298.SZ,三诺生物,0.3567110036275696,25.953627524308164,1.56677428045255,1.5613425257550515,1.395088700465925,0.470937750526512,448001059.0,16.36,16.53,16.16,16.18,3294130.0,53845710.0,16.32,-0.85784313725491,20.0,19.58,False,False,True,60.64060383201084
1229,603917.SH,合力科技,0.3790951638065522,34.14634146341464,1.7362654093464929,1.6297659929356305,0.7515641585532823,0.6994640462476465,203840000.0,12.7,12.85,12.69,12.72,2323700.0,29648232.0,12.68,0.3154574132492094,10.0,13.95,False,False,True,60.532223727501446
1230,601882.SH,海天精工,0.2866578599735801,24.61712989222915,1.9151599729979853,1.5982223563218343,1.358643639684373,0.4328444077002362,522000000.0,19.85,20.19,19.7,19.82,3611100.0,71951489.0,19.8,0.10101010101009056,10.0,21.78,False,False,True,60.478033675246756
1231,001207.SZ,联科科技,0.27876984126984133,36.49322879543835,1.6994542283526684,1.7720139701550564,0.8839653243399758,0.8832345588354906,292622092.0,16.84,17.28,16.72,16.96,4579840.0,77752694.0,16.84,0.7125890736342066,10.0,18.52,False,False,True,60.41997290497388
1232,300256.SZ,星星科技,0.22302158273381298,39.13043478260872,1.7953334797384368,1.2205867223680889,1.1689198270297112,3.277189097770976,2243393386.0,2.87,3.0,2.85,2.9,89737833.0,260119020.0,2.92,-0.6849315068493178,20.0,3.5,False,False,True,60.4044900329011
1233,301149.SZ,隆华新材,0.2656249999999999,37.51824817518248,1.707170991508613,2.0988040740127882,0.7771704117400523,5.294458968567341,340110763.0,8.65,8.92,8.34,8.39,37793217.0,323776951.0,8.04,4.353233830845782,20.0,9.65,False,False,True,60.390942519837424
1234,300896.SZ,爱美客,0.08559300008663255,35.649327028010205,1.8956244084323237,2.453909805436978,1.682457369255298,0.5599860184745573,221012302.00000003,92.03,95.26,91.61,92.83,3037052.0,287469923.0,92.35,0.519761775852734,20.0,110.82,False,False,True,60.365782852719185
1235,688779.SH,五矿新能,0.3117647058823528,38.980509745127435,1.5203626726693646,1.5299691478833402,0.9251217047217565,0.736714674715741,1929219984.0,8.02,8.23,8.0,8.16,21745217.0,176991598.0,8.04,1.4925373134328401,20.0,9.65,False,False,True,60.340623185600926
1236,002599.SZ,盛通股份,0.22290388548057255,35.12396694214877,1.6234086872325553,2.428209674055427,0.9654428958910434,0.4784848826204195,413371086.0,5.96,6.02,5.88,5.96,4802800.0,28606287.0,5.93,0.5059021922428464,10.0,6.52,False,False,True,60.301916005418995
1237,002999.SZ,天禾股份,0.3828382838283826,26.027397260273965,1.5283171371018205,2.202261210825847,0.990963073851644,2.1017356114026375,344711157.0,6.27,6.34,6.22,6.29,15955200.0,100463015.0,6.27,0.31897926634769647,10.0,6.9,False,False,True,60.27482097929167
1238,300306.SZ,远方信息,0.3038516405135522,32.93413173652695,1.6152106749194126,1.8501205725533079,0.9760519693471205,1.0154840542481713,157651136.0,10.48,10.58,10.34,10.46,2961899.0,30970417.0,10.48,-0.1908396946564861,20.0,12.58,False,False,True,60.26320882523708
1239,600444.SH,国机通用,0.2858617131062953,33.39070567986231,1.2429839604072146,2.2233067516142277,1.244457964200044,1.0399923057280027,146421932.0,14.41,14.64,14.31,14.34,3385600.0,48785746.0,14.39,-0.34746351633079264,10.0,15.83,False,False,True,60.20901877298239
1240,000829.SZ,天音控股,0.272407732864675,35.71428571428572,1.5336528305734416,2.238760719859582,0.9169515666610196,0.8211842187170688,1024129669.0,8.5,8.7,8.48,8.57,18827958.0,162036751.0,8.55,0.23391812865496409,10.0,9.41,False,False,True,60.102574027482106
1241,600266.SH,城建发展,0.10081743869209812,31.28342245989304,2.2586284341301335,2.402689408966554,1.3743308111749701,0.4677662237541319,2075743507.0,4.11,4.2,4.09,4.16,23329218.0,97130542.0,4.11,1.2165450121654375,10.0,4.52,False,False,True,60.04451325720922
1242,002262.SZ,恩华药业,0.35966542750929353,30.17817371937639,1.4848526103108133,1.5245405227287656,1.3155081525992156,0.7985630845800972,883776305.0,21.83,22.27,21.83,22.13,10759462.0,237953268.0,21.83,1.3742556115437399,10.0,24.01,False,False,True,60.02128894910005
1243,600405.SH,动力源,0.22538860103626948,37.027027027027025,1.9514845793436493,1.8299827912355908,0.8906579905150721,0.6310069947629339,612829588.0,4.58,4.65,4.56,4.61,7076539.0,32672899.0,4.57,0.875273522975939,10.0,5.03,False,False,True,59.988387845945425
1244,300957.SZ,贝泰妮,0.17305893358278748,29.233390119250412,2.076886065236738,2.0654492563739324,1.344852060391695,1.1562101935206839,423600000.0,32.7,34.12,32.7,32.95,10115964.0,338955385.0,33.05,-0.3025718608169248,20.0,39.66,False,False,True,59.97290497387265
1245,688151.SH,华强科技,0.21851145038167946,30.701754385964897,1.998765052866575,1.3643247750362797,1.8591714559102805,0.45462958720538404,344500000.0,15.92,16.16,15.75,15.98,2136804.0,34087384.0,15.97,0.06261740763933155,20.0,19.16,False,False,True,59.9477453067544
1246,000997.SZ,新 大 陆,0.2279825109306682,35.35620052770447,1.6551287212692007,2.14180991501264,1.0401253384243507,4.18980302829346,1007439381.0,20.32,20.69,19.93,20.69,90405209.0,1852710333.0,18.81,9.994683678894223,10.0,20.69,True,False,True,59.8954906135088
1247,002103.SZ,广博股份,0.19760479041916168,28.900709219858143,1.716038177930121,2.468145989746238,1.4057594407691902,0.47141090418203324,388135588.0,6.63,6.65,6.53,6.57,4516000.0,29728705.0,6.63,-0.9049773755656076,10.0,7.29,False,False,True,59.8490419972905
1248,002576.SZ,通达动力,0.25721455457967385,38.28061638280617,1.7909779159515744,2.1435325349659125,0.7260093587966909,0.5007610318084317,162027571.0,14.38,14.5,14.24,14.42,1739200.0,25011355.0,14.38,0.2781641168289273,10.0,15.82,False,False,True,59.84323592026322
1249,000410.SZ,沈阳机床,0.1677018633540372,33.33333333333333,2.2832532557454455,1.4805271270909017,1.3684025321682174,0.5373445814198796,1971018333.0,5.12,5.25,5.11,5.16,15680500.0,81318633.0,5.13,0.5847953216374213,10.0,5.64,False,False,True,59.798722663053994
1250,300509.SZ,新美星,0.20188284518828434,38.677918424753855,1.672451211450983,2.2713579644107247,0.9614354796851861,1.334201902002538,247103523.0,8.98,9.19,8.82,8.91,7488349.0,66910919.0,9.04,-1.4380530973451267,20.0,10.85,False,False,True,59.75614476485388
1251,601999.SH,出版传媒,0.24024024024024018,25.14071294559099,2.182072761089451,1.6473204563247232,1.4116729433918769,0.4905913867787438,550914700.0,6.09,6.18,6.09,6.18,4452279.0,27390044.0,6.13,0.815660685154973,10.0,6.74,False,False,True,59.60325140313528
1252,600778.SH,友好集团,0.2530413625304136,39.69631236442517,1.5263899403625154,2.1137530145489585,0.9133938271658936,1.3639969250783477,311214882.0,5.61,5.67,5.54,5.59,8972800.0,50129084.0,5.65,-1.0619469026548756,10.0,6.22,False,False,True,59.56841494097155
1253,002627.SZ,三峡旅游,0.3062499999999999,39.37153419593344,1.4533953360627838,1.899831995657415,0.8922279262272057,3.662606834323698,698158144.0,6.94,7.12,6.79,6.98,48580201.0,338506048.0,6.88,1.4534883720930258,10.0,7.57,False,False,True,59.56067350493517
1254,600831.SH,广电网络,0.22972972972972963,38.888888888888886,1.7095525991044433,1.850074618502636,0.9789809682593438,0.9722916088545046,710946992.0,3.37,3.42,3.32,3.37,12788600.0,43097859.0,3.38,-0.2958579881656709,10.0,3.72,False,False,True,59.51519256822141
1255,300261.SZ,雅本化学,0.16173120728929402,35.36299765807964,1.5961178793649737,2.436308686237231,1.6997120955746794,0.4304914061251136,942830489.0,4.97,5.04,4.91,5.0,9888500.0,49415155.0,4.98,0.40160642570279403,20.0,5.98,False,False,True,59.477453067544026
1256,301185.SZ,鸥玛软件,0.2761116856256463,30.63707945597709,1.53136811172801,2.182171231379243,1.2154710960678154,0.38877516171847043,140470363.0,16.54,16.68,16.36,16.49,1191714.0,19671948.0,16.64,-0.9014423076923239,20.0,19.97,False,False,True,59.469711631507636
1257,603816.SH,顾家家居,0.296448087431694,36.29343629343629,1.8848832912591624,0.9699122290169683,1.1582171955661984,0.5194025152454123,815880346.0,25.06,25.66,25.01,25.25,4110200.0,104255231.0,25.06,0.7581803671189213,10.0,27.57,False,False,True,59.461970195471245
1258,301100.SZ,风光股份,0.20538720538720534,32.96460176991152,1.6742184933503101,2.343512628624879,1.2327253481276532,0.42244408284799834,88727000.0,16.0,16.12,15.76,15.88,878400.0,13953028.0,16.0,-0.7499999999999951,20.0,19.2,False,False,True,59.4406812463712
1259,605169.SH,洪通燃气,0.2956810631229235,36.4692218350755,1.7157295342638492,1.3203274533370997,1.0965921148670827,1.6753945569654451,282880000.0,12.2,12.41,12.0,12.41,6257502.0,77086801.0,11.28,10.017730496453915,10.0,12.41,True,False,True,59.39229727114379
1260,600322.SH,津投城开,0.3402777777777776,37.446808510638284,1.6464524961725424,1.9806351813330882,0.7209174490473239,1.08798297152562,1105700000.0,2.67,2.75,2.66,2.72,23826700.0,64851798.0,2.67,1.8726591760299671,10.0,2.94,False,False,True,59.38649119411651
1261,605337.SH,李子园,0.2036753445635528,28.518057285180575,1.869973723279585,1.9259140779845993,2.1907768491462605,0.34766562998681844,387616508.00000006,9.3,9.44,9.25,9.26,2610768.0,24290604.0,9.36,-1.0683760683760646,10.0,10.3,False,False,True,59.359396167989175
1262,000503.SZ,国新健康,0.12248062015503877,28.407224958949094,2.3296332387199774,2.326220526251519,1.7049153108089514,0.42142001836321863,979235472.0,6.88,7.02,6.85,6.93,9599601.0,66508639.0,6.88,0.7267441860465018,10.0,7.57,False,False,True,59.26262821753435
1263,002343.SZ,慈文传媒,0.20342612419700215,31.27962085308058,2.060443569692666,2.3950464765595045,0.9767662430675772,0.7830010816349214,473680286.0,5.17,5.24,5.13,5.21,8883040.0,46183360.0,5.17,0.7736943907156624,10.0,5.69,False,False,True,59.19876137023417
1264,000705.SZ,浙江震元,0.30020703933747417,27.604166666666675,1.5480934492052645,2.466155193510175,1.136295025521574,0.8456595808693906,281965270.0,7.21,7.31,7.14,7.2,5880464.0,42414167.0,7.21,-0.1386962552011095,10.0,7.93,False,False,True,59.125217727888526
1265,600215.SH,派斯林,0.3470873786407767,39.17322834645669,1.5378822579096447,1.7226933410155303,0.8449616418943945,1.2321228290636923,456882880.0,6.48,6.66,6.38,6.39,9697658.0,62887752.0,6.51,-1.8433179723502335,10.0,7.16,False,False,True,59.038126572479186
1266,603393.SH,新天然气,0.17551020408163254,33.899127061105716,2.1247002450762347,2.4451514679279125,0.9658622332841745,0.8645943718850418,423921327.0,24.01,24.47,23.85,24.38,8961969.0,223967990.0,24.49,-0.44916292364229893,10.0,26.94,False,False,True,58.912328236887944
1267,301221.SZ,光庭信息,0.1699074074074073,36.82042833607906,1.9408928937057381,2.3009523555174,1.0480576773803774,0.879414088457878,89340795.99999999,27.8,28.68,27.58,27.83,1807802.0,50807747.0,27.95,-0.42933810375671566,20.0,33.54,False,False,True,58.894910005806075
1268,603280.SH,南方路机,0.14817880794701993,29.5484436650592,2.1650527292709425,2.168180901641404,1.8417588544115342,0.6522947824539244,108406667.0,26.1,26.66,26.04,26.04,1533188.0,40426876.0,26.39,-1.326259946949604,10.0,29.03,False,False,True,58.887168569769685
1269,000637.SZ,茂化实华,0.3082706766917294,36.474164133738604,1.5491843554636957,2.361206056222627,0.8230248697505806,0.6187109622966219,364589305.0,4.11,4.15,4.07,4.12,5326300.0,21900424.0,4.11,0.24330900243307862,10.0,4.52,False,False,True,58.86975033868782
1270,002020.SZ,京新药业,0.13718070009460748,38.68995633187775,1.7098403418875556,2.4711506201441753,1.3601039254276137,0.4706050994648064,723968334.9999999,12.86,13.13,12.82,13.05,8419289.0,109664336.0,12.9,1.1627906976744207,10.0,14.19,False,False,True,58.867814979678734
1271,002783.SZ,凯龙股份,0.28227571115973743,29.579579579579594,1.6183726509201446,2.3747227344366175,1.100429459548247,1.0707993223600827,461116586.0,7.89,8.09,7.82,8.01,11725510.0,93624114.0,7.95,0.7547169811320753,10.0,8.75,False,False,True,58.842655312560474
1272,000812.SZ,陕西金叶,0.23809523809523805,27.85234899328859,1.7272270118565634,2.359646116047647,1.3847431358257851,0.7431320147447835,756129681.0,3.62,3.68,3.6,3.65,13258950.0,48306698.0,3.63,0.5509641873278293,10.0,3.99,False,False,True,58.766208631701176
1273,600415.SH,小商品城,0.21321793863099914,37.420718816067634,1.7995297224257336,1.6879780081726015,1.2301434122015495,0.78951663044205,5483559226.000001,12.01,12.45,11.79,12.31,73078665.0,892087660.0,12.17,1.1503697617091246,10.0,13.39,False,False,True,58.74395200309658
1274,000917.SZ,电广传媒,0.10218978102189778,38.636363636363626,2.176096499168032,2.4937368169192395,1.0967524402386266,0.5590557984158859,1417459363.0,6.97,7.16,6.97,7.07,19761340.0,139972060.0,7.0,1.0000000000000009,10.0,7.7,False,False,True,58.41881168956843
1275,001328.SZ,登康口腔,0.24027703782631848,36.04938271604938,1.8506116126642502,1.3931566521495224,1.4083257045395516,0.36298756341491045,161716900.0,28.66,29.19,28.54,28.81,817800.0,23616403.0,28.81,0.0,10.0,31.69,False,False,True,58.40139345848655
1276,600493.SH,凤竹纺织,0.33676092544987163,38.524590163934434,1.495600826934757,2.106640643382348,0.8522108569734367,0.7689291280075119,272000000.0,6.16,6.2,6.09,6.16,4406012.0,27114736.0,6.19,-0.4846526655896688,10.0,6.81,False,False,True,58.2717244048771
1277,605016.SH,百龙创园,0.14714424007744462,36.476683937823836,2.3281098120149553,1.5800109625355698,1.463761945709327,0.6191140716158773,420012320.00000006,20.1,20.45,20.0,20.39,4108590.0,83267428.0,20.1,1.4427860696517358,10.0,22.11,False,False,True,58.21946971163152
1278,002819.SZ,东方中科,0.2025586353944564,34.30296377607025,2.2937227809044676,1.4800157764640147,1.2256084307763044,0.855678440202904,237741486.0,21.07,21.21,20.56,20.72,3010800.0,62682089.0,21.07,-1.6611295681063232,10.0,23.18,False,False,True,58.18269789045868
1279,601086.SH,国芳集团,0.17154811715481175,31.661442006269592,1.821961425406064,2.484510518018014,1.7653906838173072,0.4776017642111673,666000000.0,7.52,7.67,7.48,7.49,7902800.0,59704767.0,7.61,-1.5768725361366642,10.0,8.37,False,False,True,58.157538223340424
1280,601061.SH,中信金属,0.3197802197802198,34.114052953156815,2.271136966094115,0.4757065530612195,1.3074898115383504,1.4469342446754743,4900000000.0,11.5,12.17,11.43,12.02,33727489.0,401515805.0,11.44,5.069930069930062,10.0,12.58,False,False,True,58.143990710276746
1281,300972.SZ,万辰集团,0.3216855087358687,36.00952439098848,1.7025209702483572,1.249870647744465,1.2378530160065435,1.094017865947947,180717761.0,187.82,191.11,185.47,189.35,2471100.0,467009360.0,188.83,0.27537997140283377,20.0,226.6,False,False,True,58.124637120185795
1282,301116.SZ,益客食品,0.22962962962962974,32.00000000000001,1.792086723923595,1.7599845010441824,2.0724747298573227,0.6687605302179499,448977343.0,9.45,9.62,9.39,9.44,5284500.0,50068480.0,9.55,-1.1518324607329933,20.0,11.46,False,False,True,58.08689761950841
1283,300947.SZ,德必集团,0.2601851851851851,37.06233988044405,1.6302067125005297,2.0758361513445394,1.0477666444274356,0.5861995589513379,151080544.0,14.48,14.56,14.26,14.33,1838430.0,26467993.0,14.52,-1.308539944903575,20.0,17.42,False,False,True,57.99109734855815
1284,300271.SZ,华宇软件,0.19675925925925933,30.38793103448276,1.9464018730012853,2.179848690067642,1.5430167220135773,0.8343869758310629,804241453.9999999,5.5,5.67,5.48,5.59,14627844.0,81941121.0,5.49,1.821493624772308,20.0,6.59,False,False,True,57.98916198954907
1285,002040.SZ,南 京 港,0.25324675324675333,31.08665749656121,1.5099820517282296,2.4923164242538465,1.486927141474575,1.6661959168455793,486075445.00000006,8.75,8.83,8.69,8.78,20185194.0,176591611.0,8.83,-0.5662514156285492,10.0,9.71,False,False,True,57.9717437584672
1286,002603.SZ,以岭药业,0.279940119760479,25.175808720112514,1.7523797000888888,2.1572296364316155,1.9176512241516843,0.5488185956048726,1376272762.0,15.99,16.33,15.95,16.04,16294075.0,262584541.0,16.09,-0.3107520198881386,10.0,17.7,False,False,True,57.81885039674859
1287,002265.SZ,建设工业,0.09418837675350698,37.30308758664147,2.4029256907153145,1.8674517685153764,1.9795416755105344,0.6526118000476929,1033040407.0,18.17,18.66,18.05,18.38,12589881.0,230845836.0,18.22,0.8781558726673966,10.0,20.04,False,False,True,57.7627249854848
1288,601366.SH,利群股份,0.18944099378881998,32.45901639344264,2.1757162481677144,1.7237080318762956,1.5961447623881,1.0064718901384266,959741113.0,3.62,3.72,3.61,3.65,16650200.0,61048617.0,3.66,-0.2732240437158584,10.0,4.03,False,False,True,57.625314495838985
1289,600860.SH,京城股份,0.1402763018065888,34.17015341701533,2.3944721110449887,2.258414017587947,1.2108800116303065,0.8176423564744316,444040788.0,8.4,8.53,8.3,8.43,8199546.0,69070670.0,8.49,-0.7067137809187329,10.0,9.34,False,False,True,57.42016644087477
1290,600746.SH,江苏索普,0.2984293193717278,38.96620278330018,1.672346759343577,1.4943780228573917,1.1064855111285816,1.0237687886481055,1167842884.0,6.63,6.96,6.63,6.86,17866800.0,121992594.0,6.74,1.7804154302670572,10.0,7.41,False,False,True,57.360170311592796
1291,688569.SH,铁科轨道,0.39525139664804493,32.94723294723296,1.820608603417891,0.8080710430267282,1.717594853884483,0.8385239440895531,210666700.0,18.36,18.52,17.98,18.36,1427450.0,26382865.0,18.37,-0.05443658138269969,20.0,22.04,False,False,True,57.31952777240178
1292,605339.SH,南侨食品,0.22119428090832624,36.925795053003526,2.3360157211922976,0.7863150690092054,2.5450156762529557,0.8481050965721043,424290616.0,13.95,14.62,13.88,14.35,2829500.0,40362207.0,13.95,2.8673835125448077,10.0,15.35,False,False,True,57.2556609251016
1293,603029.SH,天鹅股份,0.39479905437352225,34.70496894409938,1.43014268456934,1.9388855466367736,1.0637350548905748,0.9236095393237294,121342000.0,16.2,16.35,16.0,16.18,2172960.0,35086965.0,16.22,-0.2466091245376001,10.0,17.84,False,False,True,57.23243661699245
1294,003017.SZ,大洋生物,0.3344262295081966,33.74070138150904,1.5156066896378324,2.423635219887731,0.9893497441672583,1.366327881722368,83481083.99999999,22.9,23.75,22.86,23.2,2760800.0,64684416.0,22.9,1.310043668122285,10.0,25.19,False,False,True,57.19372943681053
1295,603518.SH,锦泓集团,0.3252427184466017,35.54572271386429,1.5438206322610462,1.861748620319978,1.1358828605491975,1.226093385960596,344073984.0,8.07,8.19,8.02,8.15,7854100.0,63730971.0,8.12,0.3694581280788256,10.0,8.93,False,False,True,57.17050512870138
1296,002127.SZ,南极电商,0.285714285714286,32.66932270916336,1.5965224436944427,2.187668362915235,1.2437369330276586,0.7583443050613609,1994732997.0,2.89,2.98,2.88,2.91,33092737.0,96916909.0,2.89,0.6920415224913601,10.0,3.18,False,False,True,57.168569769692276
1297,300240.SZ,飞力达,0.3109048723897912,27.98353909465019,1.7865481286551863,2.2984994730974018,1.102947993146702,0.6897820487017786,363338504.00000006,6.16,6.21,6.12,6.17,5760600.0,35531262.0,6.2,-0.4838709677419395,20.0,7.44,False,False,True,57.120185794464874
1298,001324.SZ,长青科技,0.3922261484098938,25.0,2.3850491019135096,1.9232156159420235,0.8324955850755164,1.083836963798798,138000000.0,18.66,18.94,18.42,18.55,2876544.0,53635738.0,18.58,-0.16146393972011897,10.0,20.44,False,False,True,56.94987420166441
1299,002022.SZ,科华生物,0.3843648208469057,35.34675615212528,1.4953169288112467,1.700434223716412,1.1499291857568408,0.7255873648184333,514324049.0,5.64,5.77,5.64,5.7,6345800.0,36143776.0,5.65,0.8849557522123908,10.0,6.22,False,False,True,56.92084381652796
1300,301258.SZ,富士莱,0.27048675292667906,25.20661157024793,2.2832042570820668,1.7362575711025237,1.4785255070076353,0.5674451073168947,91136000.0,26.0,26.59,25.73,26.05,897900.0,23406651.0,26.17,-0.45854031333588674,20.0,31.4,False,False,True,56.810528353009495
1301,301103.SZ,何氏眼科,0.2681818181818181,26.689655172413794,2.007377976950769,2.1392281472582337,1.358742922073158,0.5712483708093697,121633616.0,16.86,17.05,16.66,16.71,1486400.0,24965060.0,16.86,-0.8896797153024827,20.0,20.23,False,False,True,56.76214437778208
1302,301097.SZ,天益医疗,0.2491192752893808,34.9829351535836,2.0551325402300358,2.0911961143278956,0.9788685067718156,0.6445030470014759,39590371.0,34.11,34.27,33.27,33.4,533592.0,17925694.0,33.73,-0.9783575452119719,20.0,40.48,False,False,True,56.626669247145344
1303,688317.SH,之江生物,0.19942611190817802,39.54918032786885,2.0504301628521526,1.6429722728978184,1.203493688957484,0.6396242763349849,189843712.0,17.42,17.77,17.31,17.36,1995039.0,34942787.0,17.42,-0.3444316877152853,20.0,20.9,False,False,True,56.62086317011805
1304,300275.SZ,梅安森,0.2229140722291408,38.10178817056396,1.8508793936641115,2.2811942106564893,1.0181969637403894,0.6587740864224885,271461453.0,9.05,9.15,8.91,8.95,4079500.0,36666840.0,9.06,-1.2141280353201056,20.0,10.87,False,False,True,56.43506870524482
1305,301179.SZ,泽宇智能,0.352407536636427,37.44047619047619,2.180495026777961,1.851554379639634,0.43297921827828845,1.7038961270524973,237475029.0,19.65,19.78,19.1,19.21,7491996.0,145117351.0,19.95,-3.7092731829573844,20.0,23.94,False,False,True,56.38668473001742
1306,300188.SZ,国投智能,0.1639722863741339,37.06140350877194,2.042637107141479,2.1128539808115727,1.5339529319473741,0.37506817252403457,855508590.0,10.42,10.54,10.35,10.41,6779600.0,70768351.0,10.54,-1.2333965844402162,20.0,12.65,False,False,True,56.31120572866267
1307,002802.SZ,洪汇新材,0.337969401947149,37.93814432989693,1.9227816578781187,1.9188844555110365,0.7731411799350636,1.0166224652912956,149682457.0,12.13,12.25,12.02,12.08,2919977.0,35346599.0,12.13,-0.41220115416323866,10.0,13.34,False,False,True,56.289916779562596
1308,600550.SH,保变电气,0.256896551724138,38.3,1.9417915698173303,2.3441255413003383,0.8552817249286775,0.42523859794099084,1841528480.0,10.94,11.19,10.93,11.11,18356589.0,203731378.0,10.96,1.3686131386861256,10.0,12.06,False,False,True,56.07122121153474
1309,002660.SZ,茂硕电源,0.31663685152057247,38.793103448275886,1.714657509125308,1.6744358158601111,1.0346171902226808,0.697394349691839,346352168.0,7.53,7.64,7.46,7.56,4044500.0,30610590.0,7.57,-0.13210039630119352,10.0,8.33,False,False,True,56.038320108380105
1310,603258.SH,电魂网络,0.17614091273018412,37.2093023255814,2.114266473482011,1.9128294426131245,1.4283972192277752,0.34213314287234314,241341350.0,12.86,13.04,12.81,12.9,1579440.0,20416294.0,12.95,-0.3861003861003742,10.0,14.25,False,False,True,56.01703115928004
1311,600638.SH,新黄浦,0.24773413897280971,38.497652582159645,1.9402959565536926,1.7179655428293021,1.1278682159584135,1.1534374175511437,673396786.0,5.08,5.16,5.03,5.1,13343800.0,68007442.0,5.08,0.3937007874015741,10.0,5.59,False,False,True,55.92606928585252
1312,002476.SZ,新叶股份,0.2839195979899497,39.152119700748145,1.8628319150829846,1.7479657679738512,0.9923979751744434,0.8354622864365071,612000000.0,5.15,5.18,5.03,5.06,8937400.0,45329271.0,5.14,-1.5564202334630406,10.0,5.65,False,False,True,55.871879233597845
1313,000565.SZ,渝三峡Ａ,0.23340961098398175,39.92015968063873,1.7190519810914715,2.4051197805163507,1.0134362210313423,0.9853899859012574,433592220.0,5.96,6.06,5.96,6.03,10276053.0,61825246.0,6.03,0.0,10.0,6.63,False,False,True,55.819624540352244
1314,600159.SH,大龙地产,0.2951807228915664,39.33649289099526,2.0305872200127433,1.9460735364943682,0.7872878212550273,0.8244743572009939,830003232.0,2.59,2.62,2.56,2.59,13317300.0,34520030.0,2.6,-0.38461538461539435,10.0,2.86,False,False,True,55.80414166827947
1315,002987.SZ,京北方,0.19699499165275455,37.52711496746202,1.6772201004260612,2.330657399601628,2.037939907352749,1.0394245795940877,1013925333.0,11.32,11.78,11.3,11.63,24562773.0,284390126.0,11.58,0.43177892918826455,10.0,12.74,False,False,True,55.57964002322431
1316,603719.SH,良品铺子,0.23844731977818845,29.397293972939707,2.264788391254125,1.816535739932867,1.5963765981407467,0.5378787253195434,397983400.0,9.42,9.5,9.37,9.4,3888600.0,36624962.0,9.42,-0.2123142250530785,10.0,10.36,False,False,True,55.508031739887755
1317,688687.SH,凯因科技,0.1886409736308316,31.279945242984255,2.228540653116354,2.394061328307041,1.3690834766670352,0.8646826231004251,170944422.0,18.59,19.06,18.2,18.31,3538726.0,65620295.0,18.33,-0.10911074740861393,20.0,22.0,False,False,True,55.47125991871491
1318,000816.SZ,智慧农业,0.2882882882882882,33.18181818181818,1.830537801631532,2.234483149544189,1.1242565532797257,0.8388965341971609,1439509071.9999998,2.83,2.89,2.81,2.85,26983600.0,77122499.0,2.84,0.35211267605634866,10.0,3.12,False,False,True,55.269982581768915
1319,603369.SH,今世缘,0.2521873391662377,35.20942408376961,2.0656911264530113,1.5751617314076114,1.528043250703377,0.47696421260445615,1246800037.0,27.54,28.21,27.49,28.1,9367156.0,261747540.0,27.82,1.0064701653486718,10.0,30.6,False,False,True,55.157731759241344
1320,300942.SZ,易瑞生物,0.15087719298245614,38.738738738738746,1.9547607646052267,2.4269604985480586,1.6713188996892165,1.632541916425158,405077895.0,6.77,6.91,6.66,6.75,16049651.0,108188578.0,6.84,-1.3157894736842035,20.0,8.21,False,False,True,55.10354170698665
1321,000715.SZ,中兴商业,0.3565891472868217,26.24434389140271,1.7637174621073726,2.306117715989979,1.3651157170684198,2.665564321177077,486231055.0,5.34,5.73,5.31,5.61,29889134.0,167181184.0,5.34,5.0561797752809,10.0,5.87,False,False,True,55.00483839752274
1322,001368.SZ,通达创智,0.2947224126113777,39.17025862068966,2.011798699642981,1.6430865173128755,1.0051354593613426,0.710417261742952,108080599.0,22.85,23.07,22.51,22.66,1261600.0,28981311.0,22.86,-0.8748906386701671,10.0,25.15,False,False,True,54.71646990516741
1323,601611.SH,中国核建,0.18928262748487476,34.963579604578584,2.4216324936589424,1.8664863357785733,1.4562212274735098,1.009347716290497,3013834212.0,10.97,11.26,10.96,11.01,56778639.0,629676488.0,10.63,3.5747883349012133,10.0,11.69,False,False,True,54.62357267273079
1324,001313.SZ,粤海饲料,0.3739376770538243,33.53383458646617,1.6317688404868984,2.274397054982511,1.0641184251030569,0.7224550892959805,699145051.0,7.77,7.9,7.73,7.8,11488000.0,89677734.0,7.75,0.6451612903225712,10.0,8.53,False,False,True,54.62163731372169
1325,002030.SZ,达安基因,0.2176470588235295,38.750000000000014,2.0678312469747087,1.8859518710727254,1.2161878650504354,1.4023607326717533,1403446032.0000002,5.72,5.9,5.56,5.59,37118128.0,210645428.0,5.54,0.902527075812265,10.0,6.09,False,False,True,54.482291465066766
1326,688278.SH,特宝生物,0.252715985514744,33.59999999999999,2.433379419193857,1.3234299668869427,1.6809280651348895,1.2062621402976497,408189480.0,62.59,62.59,59.92,60.0,6516351.0,397843058.0,59.77,0.38480843232391315,20.0,71.72,False,False,True,54.478420747048574
1327,600212.SH,绿能慧充,0.3069977426636569,36.01694915254239,2.0698699784032684,2.0218030693097315,0.9283848702753865,2.448439884476606,531180213.0,6.07,6.3,5.86,6.2,26294819.0,160718808.0,6.08,1.9736842105263275,10.0,6.69,False,False,True,54.40874782272112
1328,600241.SH,时代万恒,0.349240780911063,37.4787052810903,1.987574566971178,2.0335814100418492,0.8416714388175566,0.5026683021900665,294302115.0,7.49,7.53,7.4,7.49,3008406.0,22459679.0,7.48,0.13368983957218195,10.0,8.23,False,False,True,54.244242306947946
1329,300847.SZ,中船汉光,0.17266187050359708,37.440000000000005,1.910149760081227,2.4879645282253926,2.247299075402032,0.34549626282336376,296010000.0,13.92,14.1,13.9,14.0,2544450.0,35671912.0,13.94,0.43041606886657924,20.0,16.73,False,False,True,54.15328043352042
1330,301091.SZ,深城交,0.18304172274562586,38.97260273972603,2.4072675591725448,1.6596670744196573,1.4921198286919282,0.512611422444618,527280000.0,18.74,18.93,18.56,18.6,4485910.0,83913812.0,18.68,-0.4282655246252598,20.0,22.42,False,False,True,53.85910586413779
1331,605080.SH,浙江自然,0.35606820461384164,33.33333333333335,1.6768192249747955,1.9110955232302926,1.499642455789197,1.1431242964150745,140351200.0,22.11,22.88,22.02,22.5,3066140.0,68994809.0,22.12,1.7179023508137492,10.0,24.33,False,False,True,53.781691503773956
1332,000813.SZ,德展健康,0.2568807339449542,34.54545454545455,2.302657989920843,1.9385822143043099,1.1086967245909123,0.7883887822944903,2096648040.0,3.31,3.4,3.3,3.33,32044256.0,107346636.0,3.31,0.6042296072507503,10.0,3.64,False,False,True,53.77975614476485
1333,000059.SZ,华锦股份,0.33333333333333326,38.48238482384825,1.639013729020475,2.020329512305,1.1683884118523615,1.0541795885712175,1599412987.0000002,4.65,4.81,4.63,4.8,34064140.0,161913243.0,4.76,0.8403361344537785,10.0,5.24,False,False,True,53.40236113799111
1334,603739.SH,蔚蓝生物,0.24505928853754932,29.307116104868914,2.391320105316555,2.149552395338162,1.4324133413043707,0.9365308313188885,253028866.00000003,12.45,12.8,12.45,12.55,5093780.0,64344480.0,12.54,0.07974481658692412,10.0,13.79,False,False,True,53.36946003483647
1335,300908.SZ,仲景食品,0.31002638522427434,29.569892473118276,1.7155679328505151,2.444373001077688,2.347096611757358,0.5121796910290646,122992524.0,17.1,17.37,17.03,17.14,1539815.0,38464351.0,17.23,-0.5223447475333765,20.0,20.68,False,False,True,53.230114186181545
1336,605001.SH,威奥股份,0.36235955056179764,39.95771670190273,1.6006589256855406,1.7256260721939636,1.2583379880919228,1.5327247090072327,392886000.0,5.93,5.99,5.84,5.85,10391480.0,61267950.0,6.02,-2.8239202657807327,10.0,6.62,False,False,True,52.95916392490807
1337,000952.SZ,广济药业,0.28228782287822884,38.20000000000001,1.9911948281672358,2.2517318334722907,1.0341049590905023,0.7093140236169132,343994535.00000006,6.54,6.65,6.47,6.58,5494229.0,36039388.0,6.53,0.7656967840734996,10.0,7.18,False,False,True,52.55660925101606
1338,000926.SZ,福星股份,0.21951219512195114,35.67567567567566,2.35344486952809,2.337955491607565,1.1824373020671122,0.924265057183329,1573209145.0000002,2.2,2.24,2.17,2.19,33995328.0,75100724.0,2.21,-0.9049773755656076,10.0,2.43,False,False,True,52.243081091542486
1339,002414.SZ,高德红外,0.32706766917293234,28.3982683982684,2.1402770699119364,2.3344609560748064,1.2859627240046352,1.3307840916542724,3398612431.0,13.16,13.19,12.65,12.73,105583452.0,1360590330.0,13.1,-2.8244274809160252,10.0,14.41,False,False,True,51.93342365008709
1340,002543.SZ,万和电气,0.20062695924764895,37.02479338842974,2.3086145838578216,1.985457905191595,2.814966770102892,1.1070575674071446,661176201.0,7.26,7.39,7.2,7.22,14532760.0,105584360.0,7.33,-1.5006821282401162,10.0,8.06,False,False,True,51.637313721695364
1341,603617.SH,君禾股份,0.29323308270676696,38.543516873889885,1.9505018727536814,2.227954712585292,1.1433313185464342,0.5752843055165531,386726337.0,6.77,6.92,6.71,6.79,4956700.0,33764593.0,6.8,-0.14705882352941124,10.0,7.48,False,False,True,51.2715308689762
1342,000757.SZ,浩物股份,0.3592814371257484,38.08049535603715,1.8976831338401758,2.3385463883909834,0.9621790307009075,0.9168944822016513,532716095.0,4.42,4.57,4.41,4.55,11422500.0,51428512.0,4.43,2.708803611738153,10.0,4.87,False,False,True,51.22895297077608
1343,002037.SZ,保利联合,0.1840390879478827,35.387323943661976,2.4419213653206695,2.475383199932848,1.851555330143523,0.540998403527809,483883566.0,6.81,7.01,6.79,6.95,6480064.0,44838727.0,6.81,2.055800293685772,10.0,7.49,False,False,True,51.03154635184827
1344,600219.SH,南山铝业,0.2815126050420167,38.04627249357326,2.244689491965056,2.0466961126815146,1.0858513023153236,0.6602079828517372,11483701558.999998,4.84,4.92,4.81,4.83,155172956.0,754795312.0,4.81,0.4158004158004269,10.0,5.29,False,False,True,50.99477453067544
1345,001367.SZ,海森药业,0.3453561767357979,30.92967818831942,2.0615184207949735,2.307510846751288,1.4735685011171586,1.8874567738150143,121613372.0,20.3,21.26,20.3,20.41,5296660.0,109356884.0,20.61,-0.9704027171276053,10.0,22.67,False,False,True,50.16063479775499
1346,002614.SZ,奥佳华,0.3718592964824122,35.730858468677496,1.7692832630958766,2.4023418908201677,1.3368297552879373,4.5787636233239715,441275311.0,5.77,5.95,5.42,5.9,48539206.0,278656128.0,5.79,1.899827288428324,10.0,6.37,False,False,True,49.771627636926645
1347,600499.SH,科达制造,0.35878661087866104,28.28207051762941,2.4915235073401765,2.0678704769610623,1.3796097731194288,0.8561664220983304,1917856391.0,14.3,14.66,14.24,14.47,33954521.0,493043632.0,14.26,1.472650771388495,10.0,15.69,False,False,True,49.4929359396168
1348,300138.SZ,晨光生物,0.35435435435435436,38.34672789896669,1.830541307738677,2.28264267917024,1.401660072732531,1.1767398338763195,398313292.0,11.06,11.58,11.0,11.49,10699000.0,122264803.0,11.07,3.7940379403794022,20.0,13.28,False,False,True,48.45171279272305
1349,002043.SZ,兔 宝 宝,0.38481338481338484,31.999999999999986,2.455224821315341,1.8891829158575741,1.436228607196304,0.486961069755374,806105572.0,12.77,13.0,12.68,12.7,7415837.0,96078539.0,12.81,-0.858704137392674,10.0,14.09,False,False,True,47.9194890652216
1350,603883.SH,老百姓,0.3821478382147839,36.11383709519136,1.8367270570446865,2.396740778464829,2.214018548760519,0.7038857114691983,758890236.0,12.91,12.99,12.64,12.75,12802718.0,167157492.0,12.93,-1.39211136890951,10.0,14.22,False,False,True,47.14341010257402
1351,000504.SZ,南华生物,0.33773087071240127,37.60683760683761,2.208876932580348,2.1729239314791275,1.3499658996526729,0.5416286124267082,329122398.00000006,8.29,8.55,8.19,8.23,3873500.0,32170802.0,8.3,-0.8433734939759074,10.0,9.13,False,False,True,47.133733307528544
