rank,pool_rank,code,name,bottom_percentile,range_60d_pct,mean_abs_return_20d_pct,mean_turnover_20d_pct,recent_volume_ratio,event_volume_ratio,outstanding_share,event_open,event_high,event_low,event_close,event_volume,event_amount,previous_close,event_gain_pct,limit_up_rate_pct,limit_up_price,hit_limit_up,is_st,passes_dormant_filter,dormancy_score,trigger_score,launch_detected,launch_type,t_start,t_detect,opening_buy_submission_end,opening_buy_order_qty,opening_buy_order_count,opening_buy_price_levels,opening_buy_filled_qty,opening_buy_filled_order_count,opening_buy_completed_order_count,opening_buy_canceled_qty,opening_buy_order_volume_pct,opening_buy_fill_ratio_pct,opening_buy_filled_volume_pct,opening_buy_cancel_ratio_pct,data_quality_valid,data_quality_reason,negative_remaining_cnt,negative_remaining_qty,orphan_cancel_cnt,orphan_cancel_qty,unknown_link_ratio_pct,pre_cutoff_sell_qty,fixed_1320_gross_sell_qty,fixed_1320_gross_sell_float_ratio_pct,active_sell_qty_at_cutoff,persistent_sell_orders,persistent_sell_qty,persistent_sell_share_pct,sell_lifetime_mean_seconds,sell_lifetime_median_seconds,above_market_sell_share_pct,above_market_sell_distance_bps,sell_wall_refill_ratio_pct,large_sell_cancel_ratio_pct,sell_cancel_ratio_pct,sell_fill_ratio_pct,cancel_to_trade_qty_ratio_pct,gross_sell_float_ratio_pct,active_sell_float_ratio_pct,persistent_sell_float_ratio_pct,max_aggressive_buy_3m,max_aggressive_buy_3m_float_pct,max_aggressive_buy_3m_volume_pct,max_aggressive_buy_3m_prelaunch_sell_pct,launch_buy_qty,launch_absorption_ratio_pct,churn_proxy_pct,delta_qty,delta_ratio_pct,price_change_from_first_trade_pct,bullish_cvd_divergence,large_order_threshold_qty,large_order_net_flow_pct,buy_imbalance_price_levels,stacked_buy_imbalance_levels,bullish_absorption_ratio_pct,buy_refill_float_ratio_pct,sell_refill_float_ratio_pct,median_order_book_imbalance_pct,aggressive_buy_3m_event_volume_pct,meets_10pct_gross_sell_proxy,forward_3d_pct,forward_1w_pct,forward_2w_pct,forward_3w_pct,lv2_score,lv2_score_v5,lv2_model_score,lv2_score_used,score,signal_quality,signal_date,gross_sell_float_ratio_pct_rank,active_sell_float_ratio_pct_rank,persistent_sell_float_ratio_pct_rank,persistent_sell_share_pct_rank,sell_cancel_ratio_pct_rank,sell_lifetime_mean_seconds_rank,sell_lifetime_median_seconds_rank,above_market_sell_share_pct_rank,above_market_sell_distance_bps_rank,sell_wall_refill_ratio_pct_rank,large_sell_cancel_ratio_pct_rank,aggressive_buy_3m_event_volume_pct_rank,max_aggressive_buy_3m_float_pct_rank,max_aggressive_buy_3m_volume_pct_rank,max_aggressive_buy_3m_prelaunch_sell_pct_rank,launch_absorption_ratio_pct_rank,churn_proxy_pct_rank,delta_ratio_pct_rank,large_order_net_flow_pct_rank,stacked_buy_imbalance_levels_rank,bullish_absorption_ratio_pct_rank,buy_refill_float_ratio_pct_rank,median_order_book_imbalance_pct_rank,opening_buy_order_volume_pct_rank,opening_buy_fill_ratio_pct_rank,opening_buy_filled_volume_pct_rank,3d_rank,1w_rank,target_rank,dataset_split,lv2_score_v2_baseline,lv2_score_v3,lv2_score_v4
1,692,000801.SZ,四川九洲,0.1392557022809123,37.83018867924528,1.984459831130814,1.8992993956504352,1.1084115807014274,1.1455963359729582,1015968143.0,11.76,12.94,11.66,12.94,22105744.0,279943746.0,11.76,10.034013605442183,10.0,12.94,True,False,True,64.62750437658043,85.0,False,NONE,0,0,93000000,1033500,531,107,307100,165,164,621000,4.675255444919655,29.714562167392355,1.389231685665047,60.087082728592165,False,launch_not_detected,0,0,0,0,0.0,0,22273499,2.192342265204274,0,0,0,0.0,0.0,0.0,0.0,0.0,0.0,0.0,0.0,0.0,0.0,0.0,0.0,0.0,4857300,0.4780956995026565,21.973022034454036,0.0,0,0.0,0.0,-4445174,-20.10868306445601,10.034013605442183,False,5000,16.948083719778893,16,1,1.5999446798788657,8.248634622788561,1.8523316040629043,100.0,21.973022034454036,False,-4.173106646058722,-10.664605873261202,-15.301391035548672,-13.755795981452856,95.0,,,legacy,95.0,invalid,20260630,1.0,1.0,1.0,1.0,1.0,1.0,1.0,1.0,1.0,1.0,1.0,1.0,1.0,1.0,1.0,1.0,1.0,1.0,1.0,1.0,1.0,1.0,1.0,1.0,1.0,1.0,1.0,1.0,1.0,excluded,,,
1,711,000521.SZ,长虹美菱,0.1609589041095889,23.38709677419355,2.2213967205309446,1.8930609577339768,1.720362415625855,3.502957416219336,875288864.0,5.36,5.97,5.22,5.97,58039756.0,325797755.0,5.43,9.944751381215466,10.0,5.97,True,False,True,63.92690513219284,76.53846153846153,True,CONTINUOUS_TRIGGER,135500000,135759999,93000000,1704700,373,71,1355200,250,250,282700,2.9371246839838543,79.49785886079663,2.334951235839103,16.583563090279814,False,orphan_cancel,0,0,7,21200,0.1020851982906337,40259944,37087344,4.237154786879592,4521726,89,2382000,5.916550703597601,11630.320307896043,13752.205000000002,40.42149686050234,271.1488929942027,7.915314040178496,23.05737036612428,24.047765689887697,64.72090721238956,37.89698219958058,4.5996179839436415,0.5165981410223905,0.2721387301918193,6779296,0.7745209928776153,11.68043504524726,16.8388113008801,2313494,51.163958187647815,0.0,-3899498,-6.718667115003034,11.380597014925351,False,8000,-19.070788305864,3,1,45.543480391287886,16.49172129762181,5.526284177654064,42.49179760782356,11.68043504524726,False,2.8475711892797406,-4.0201005025125465,-14.572864321608048,-19.93299832495812,66.53846153846155,,,legacy,66.53846153846155,watch,20260701,1.0,1.0,1.0,0.9230769230769231,0.6923076923076923,1.0,1.0,0.3076923076923077,0.6923076923076923,0.7692307692307693,0.6923076923076923,0.6923076923076923,1.0,0.6923076923076923,0.38461538461538464,0.38461538461538464,0.38461538461538464,0.3076923076923077,0.07692307692307693,0.38461538461538464,0.9230769230769231,0.9230769230769231,0.6923076923076923,0.7692307692307693,1.0,0.8461538461538461,0.8461538461538461,0.38461538461538464,0.5692307692307692,excluded,,,
2,143,002423.SZ,中粮资本,0.011379800853485,30.711610486891395,1.860993232123095,0.623431569536473,0.950572302960693,2.844515416526351,2304105575.0,8.08,8.9,8.01,8.9,40860103.0,358969324.0,8.09,10.012360939431408,10.0,8.9,True,False,True,87.09370139968895,79.23076923076924,True,CONTINUOUS_TRIGGER,95400000,95659999,93000000,318200,145,45,105900,44,44,143600,0.7787547672114288,33.280955373978635,0.2591770265483667,45.12884978001257,False,orphan_cancel,0,0,7,15200,0.1664215090206698,5799597,44862816,1.947081613219915,2106697,20,387700,6.684947247196658,916.242546605698,783.3199999999997,55.517598895233576,489.7800427229511,3.4916219178677417,10.01652655026227,16.080427657301016,47.59468632044606,6.364154294961029,0.2517070859480907,0.0914323120805781,0.0168264859130858,5240413,0.227438059126262,12.825256461051996,90.35822661471131,1408800,66.87245484281793,0.0,-1174861,-2.87532559572843,10.09732360097324,False,5000,17.306368513070073,11,3,6.354709855348038,8.812998944286656,1.3172519232327278,100.0,12.825256461051996,False,-1.0112359550561778,-3.258426966292149,0.561797752808979,3.707865168539337,65.96153846153847,,,legacy,65.96153846153847,watch,20260701,0.46153846153846156,0.46153846153846156,0.6923076923076923,1.0,0.38461538461538464,0.5384615384615384,0.5384615384615384,0.38461538461538464,0.9230769230769231,0.46153846153846156,0.46153846153846156,0.8461538461538461,0.23076923076923078,0.8461538461538461,0.7692307692307693,0.46153846153846156,0.38461538461538464,0.6923076923076923,0.6153846153846154,0.8461538461538461,0.46153846153846156,0.7692307692307693,0.8846153846153846,0.3076923076923077,0.7692307692307693,0.7692307692307693,0.23076923076923078,0.5384615384615384,0.41538461538461535,excluded,,,
3,580,002567.SZ,唐人神,0.1052631578947369,39.29712460063899,1.830205655727988,1.2755644947825415,0.8866488328589841,3.4559361800601285,1431666421.0,3.34,3.69,3.34,3.57,63111714.0,225189364.0,3.35,6.567164179104479,10.0,3.69,True,False,True,71.94401244167963,63.84615384615384,True,CONTINUOUS_TRIGGER,103900000,104159999,93000000,2623700,163,35,39800,13,13,2225700,4.157231413490053,1.5169417235202196,0.06306277785452,84.8305827647978,False,orphan_cancel,0,0,11,124137,0.4081358018576393,40610753,65749577,4.59252071820437,3941300,28,649200,1.5985913878523752,2218.50512463848,2137.5599999999977,58.588113350176,195.01055645378452,11.389931627221982,20.089609930740043,19.28700263203689,71.00793230797764,45.95736062563599,2.8366072155016337,0.2752945757606757,0.0453457586542081,4984300,0.348146741928789,7.897583006539801,12.273350361171584,4790100,121.53604140765736,0.0,6670694,10.569660649685414,6.886227544910173,False,10000,-16.83075664844089,4,2,2.982692375155517,8.927540530756081,3.029753604872737,-6.89211055800356,7.897583006539801,False,2.521008403361358,-1.9607843137254832,5.32212885154062,1.400560224089653,59.80769230769231,,,legacy,59.80769230769231,watch,20260701,0.9230769230769231,0.9230769230769231,0.9230769230769231,0.7692307692307693,0.5384615384615384,0.7692307692307693,0.7692307692307693,0.46153846153846156,0.6153846153846154,0.8461538461538461,0.5384615384615384,0.3076923076923077,0.7692307692307693,0.3076923076923077,0.3076923076923077,0.9230769230769231,0.38461538461538464,0.8461538461538461,0.15384615384615385,0.7307692307692307,0.23076923076923078,0.8461538461538461,0.38461538461538464,0.8461538461538461,0.15384615384615385,0.15384615384615385,0.7692307692307693,0.7692307692307693,0.7692307692307693,excluded,,,
4,653,603383.SH,顶点软件,0.0314324202963627,31.36117556071152,2.380635532812941,2.499878917417165,1.1278492296749087,1.722473488021011,205376359.0,26.56,29.22,26.48,28.35,8843455.0,249999869.0,26.56,6.739457831325302,10.0,29.22,True,False,True,68.62363919129083,21.53846153846154,True,CONTINUOUS_TRIGGER,102600000,102859999,93000000,49100,75,49,7800,16,15,27500,0.555212866464521,15.885947046843176,0.0882008219638139,56.0081466395112,False,orphan_cancel,0,0,2,6400,0.131170453176954,2069666,6884601,3.352187678037471,332000,0,0,0.0,1785.9455986277876,1684.550000000003,67.76504034950567,170.23756164025437,6.812210279339759,26.814873106433208,30.381810398392783,53.57695396262005,20.241636328787788,1.0077430577099675,0.1616544385227902,0.0,781000,0.3802774592960819,8.83138999406906,37.735557331472805,357300,107.62048192771086,1.04489924381894,1111969,12.573920486959,6.739457831325302,False,1400,20.00740660748542,27,2,12.017819084196752,2.8526545258307943,0.6226714731075742,-6.143878769577094,8.83138999406906,False,-3.880070546737213,-5.291005291005291,-7.936507936507942,-3.985890652557333,55.57692307692308,,,legacy,55.57692307692308,watch,20260701,0.6153846153846154,0.6153846153846154,0.3076923076923077,0.3076923076923077,0.8461538461538461,0.6153846153846154,0.6153846153846154,0.6153846153846154,0.46153846153846156,0.6923076923076923,0.7692307692307693,0.38461538461538464,0.8461538461538461,0.38461538461538464,0.6923076923076923,0.6923076923076923,1.0,0.9230769230769231,0.7692307692307693,0.7307692307692307,0.6153846153846154,0.23076923076923078,0.46153846153846156,0.23076923076923078,0.5384615384615384,0.3076923076923077,0.07692307692307693,0.3076923076923077,0.2153846153846154,excluded,,,
5,369,000501.SZ,武商集团,0.045958795562599,33.90625000000001,1.774059779804876,1.0004565633363982,0.9909689652040162,2.0466086748977896,768293891.0,6.69,7.36,6.66,7.12,15729726.0,110580772.0,6.69,6.427503736920781,10.0,7.36,True,False,True,79.47511664074649,37.69230769230769,False,NONE,0,0,93000000,357200,89,49,27800,7,6,228100,2.2708596449804657,7.782754759238522,0.1767354370953441,63.85778275475924,False,launch_not_detected|orphan_cancel,0,0,4,4700,0.0673883321298794,0,7987851,1.0396869080402462,0,0,0,0.0,0.0,0.0,0.0,0.0,0.0,0.0,0.0,0.0,0.0,0.0,0.0,0.0,2382118,0.3100529664370324,15.144052731751334,0.0,0,0.0,0.0,478204,3.0401292431921574,6.427503736920781,False,4100,21.820914108739085,3,1,13.987836754915344,3.88598690549786,1.6963913357473253,-16.493990882718606,15.144052731751334,False,0.0,-3.08988764044944,-1.404494382022481,-3.7921348314606806,55.38461538461538,,,legacy,55.38461538461538,invalid,20260701,0.15384615384615385,0.15384615384615385,0.3076923076923077,0.3076923076923077,0.15384615384615385,0.15384615384615385,0.15384615384615385,0.15384615384615385,0.15384615384615385,0.19230769230769232,0.23076923076923078,0.9230769230769231,0.6923076923076923,0.9230769230769231,0.15384615384615385,0.15384615384615385,0.38461538461538464,0.7692307692307693,0.9230769230769231,0.38461538461538464,0.6923076923076923,0.5384615384615384,0.23076923076923078,0.6923076923076923,0.3076923076923077,0.6153846153846154,0.46153846153846156,0.6153846153846154,0.5538461538461539,excluded,,,
6,250,600975.SH,新五丰,0.0419580419580416,38.663484486873486,1.4734496669430477,0.862942867243415,0.8011621786902716,2.582557387566409,1249661740.0,4.31,4.74,4.28,4.74,27849955.0,128451596.0,4.31,9.976798143851529,10.0,4.74,True,False,True,83.22900466562986,66.53846153846155,True,CONTINUOUS_TRIGGER,103000000,103259999,93000000,437300,97,34,16800,13,12,161500,1.5702000236625158,3.841756231420078,0.0603232572548142,36.93116853418706,False,orphan_cancel,0,0,20,68400,0.4983850063671557,16400914,17176714,1.3745090731512672,2656800,10,230100,1.4029705905414782,1925.3477910266777,1970.6200000000024,72.60022215835045,169.4339765407309,12.302972870902192,21.216261123213823,23.665376210130727,60.13552659321304,47.59446828549633,1.3124282735902597,0.2126015316752836,0.0184129827004225,3019600,0.2416333879278403,10.84238735753792,18.411169036067136,3019100,113.63670581150257,0.1689576867847407,-1583803,-5.686914036306343,9.976798143851529,False,8100,-9.873983638393671,7,1,1.9671290359865024,8.323313315169592,0.3273666680393047,100.0,10.84238735753792,False,5.063291139240511,1.0548523206751037,7.805907172995785,3.586497890295348,53.26923076923076,,,legacy,53.26923076923076,watch,20260701,0.8461538461538461,0.7692307692307693,0.7692307692307693,0.6923076923076923,0.6153846153846154,0.6923076923076923,0.6923076923076923,0.7692307692307693,0.3076923076923077,1.0,0.6153846153846154,0.6153846153846154,0.38461538461538464,0.6153846153846154,0.46153846153846156,0.7692307692307693,0.8461538461538461,0.38461538461538464,0.23076923076923078,0.38461538461538464,0.07692307692307693,0.6923076923076923,0.8846153846153846,0.6153846153846154,0.23076923076923078,0.07692307692307693,0.9230769230769231,0.9230769230769231,0.9230769230769231,excluded,,,
7,438,603351.SH,威尔药业,0.1732522796352584,20.02551020408163,1.7169171287531182,0.7538138608271597,1.156482509339453,3.291223413047116,135439132.0,24.52,26.85,24.2,26.85,3360204.0,88365363.0,24.41,9.995903318312171,10.0,26.85,True,False,True,77.31143079315709,78.84615384615384,True,CONTINUOUS_TRIGGER,134400000,134659999,93000000,8600,19,18,4900,8,8,1800,0.2559368419298352,56.97674418604651,0.1458244797042084,20.930232558139537,False,orphan_cancel,0,0,5,2900,0.0565441860077542,1640780,1022460,0.7549221446575721,299420,1,17400,1.060471239288631,8467.184097007224,10448.315,71.904825753605,180.08816053519382,4.7233632784407416,26.93861066235864,39.493411670059366,42.25795048696352,59.71185082810449,1.2114519458083943,0.2210734782322733,0.0128470994631005,321000,0.2370068349227164,9.552991425520592,19.56386596618681,95120,31.768084964264244,0.0,-242916,-7.229203941189286,9.502446982055467,False,2500,8.459724469109615,54,5,3.952130375896445,3.586851102973696,0.168784306739355,8.774218382447287,9.552991425520592,False,-0.7076350093109918,-3.538175046554948,-1.9739292364990724,-13.296089385474865,52.30769230769232,,,legacy,52.30769230769232,watch,20260701,0.6923076923076923,0.8461538461538461,0.6153846153846154,0.6153846153846154,0.9230769230769231,0.8461538461538461,0.8461538461538461,0.6923076923076923,0.5384615384615384,0.5384615384615384,0.8461538461538461,0.5384615384615384,0.3076923076923077,0.5384615384615384,0.5384615384615384,0.3076923076923077,0.38461538461538464,0.15384615384615385,0.46153846153846156,1.0,0.3076923076923077,0.46153846153846156,0.6153846153846154,0.07692307692307693,0.9230769230769231,0.5384615384615384,0.38461538461538464,0.46153846153846156,0.4307692307692308,excluded,,,
8,372,603173.SH,福斯达,0.0925507900677199,33.59497645211928,1.5114210155895054,0.99393440625,0.9072102129494778,1.7084898805413498,160000000.0,33.93,37.29,33.7,37.29,2717003.0,98902559.0,33.9,10.000000000000009,10.0,37.29,True,False,True,79.35458786936236,41.53846153846154,True,CONTINUOUS_TRIGGER,93500000,93759999,93000000,28700,32,24,3000,6,6,7100,1.056310942608455,10.452961672473869,0.1104157779730092,24.738675958188157,False,orphan_cancel,0,0,7,1200,0.5005515268109751,191100,1652200,1.032625,128000,0,0,0.0,476.0808906882584,288.02999999999884,81.00470957613814,399.14000776950746,1.7791732077446365,0.0,16.431187859759287,16.588173731030874,2.0353308406358037,0.1194374999999999,0.08,0.0,421900,0.2636874999999999,15.52813890893753,220.7744636316065,94600,73.90625,0.0,-151803,-5.58714878121224,9.902740937223696,False,2000,18.01249391333024,62,4,2.26575097793298,3.432875,0.152,100.0,15.52813890893753,False,1.260391525878246,-6.784660766961659,-13.435237329042636,-19.84446232233843,51.730769230769226,,,legacy,51.730769230769226,watch,20260701,0.3076923076923077,0.38461538461538464,0.3076923076923077,0.3076923076923077,0.46153846153846156,0.38461538461538464,0.3076923076923077,0.9230769230769231,0.8461538461538461,0.38461538461538464,0.23076923076923078,1.0,0.5384615384615384,1.0,1.0,0.5384615384615384,0.38461538461538464,0.46153846153846156,0.6923076923076923,0.9230769230769231,0.15384615384615385,0.38461538461538464,0.8846153846153846,0.5384615384615384,0.38461538461538464,0.38461538461538464,0.6923076923076923,0.15384615384615385,0.36923076923076925,excluded,,,
9,508,601319.SH,中国人保,0.0745856353591159,17.138364779874205,2.3554615142347046,0.265826513935781,1.3569146036610449,2.4303183288995367,35497756583.0,6.6,7.29,6.58,7.11,229330789.0,1630994518.0,6.63,7.239819004524883,10.0,7.29,True,False,True,74.75699844479006,57.6923076923077,False,NONE,0,0,93000000,2292300,873,75,262600,116,116,1520100,0.9995605082054638,11.45574314007765,0.1145070843496727,66.3133097762073,False,launch_not_detected|orphan_cancel,0,0,21,56800,0.0966725841596437,0,162948181,0.4590379693967378,0,0,0,0.0,0.0,0.0,0.0,0.0,0.0,0.0,0.0,0.0,0.0,0.0,0.0,0.0,9089396,0.025605550533165,3.9634433909351774,0.0,0,0.0,0.0,55252403,24.092884885160363,7.726597325408613,False,6100,31.004361564377646,4,1,20.363505668073003,0.2404243259723971,0.2745940740567278,-30.725293673887272,3.9634433909351774,False,0.8438818565400741,-2.5316455696202667,2.250351617440205,4.219409282700415,49.99999999999999,,,legacy,49.99999999999999,invalid,20260701,0.15384615384615385,0.15384615384615385,0.3076923076923077,0.3076923076923077,0.15384615384615385,0.15384615384615385,0.15384615384615385,0.15384615384615385,0.15384615384615385,0.19230769230769232,0.23076923076923078,0.15384615384615385,0.15384615384615385,0.15384615384615385,0.15384615384615385,0.15384615384615385,0.38461538461538464,1.0,1.0,0.38461538461538464,0.8461538461538461,0.07692307692307693,0.15384615384615385,0.46153846153846156,0.46153846153846156,0.46153846153846156,0.5384615384615384,0.6923076923076923,0.6307692307692307,excluded,,,
10,611,603106.SH,恒银科技,0.0127298444130127,36.58892128279882,2.353987025782023,1.7901778413893752,1.3393650249507614,1.9764453857816424,520520000.0,6.97,7.65,6.88,7.41,18416980.0,136522952.0,6.95,6.618705035971217,10.0,7.65,True,False,True,70.72122861586314,31.153846153846157,True,CONTINUOUS_TRIGGER,93800000,94059999,93000000,156200,83,34,33300,22,21,92600,0.8481303666507756,21.31882202304737,0.1808114033896979,59.28297055057619,False,orphan_cancel,0,0,13,66500,0.2150189661931543,2395000,16679433,3.2043788903404287,1065700,0,0,0.0,522.9922280887012,389.8000000000029,77.51983298538622,352.94325332698145,6.509394572025053,36.34736742959405,29.32776617954071,26.17536534446764,7.002233808148785,0.4601168062706524,0.2047375701221855,0.0,2264457,0.4350374625374625,12.295484927496256,94.54935281837162,1236457,116.0229895843108,0.0,-1009666,-5.482256048494379,6.312769010043051,False,3300,11.543200893957644,3,1,4.8932790559935055,5.461730577115192,1.114720087604703,-16.29485935984481,12.295484927496256,False,-3.778677462887992,-7.692307692307699,-11.740890688259109,-15.384615384615396,49.61538461538461,,,legacy,49.61538461538461,watch,20260701,0.5384615384615384,0.6923076923076923,0.3076923076923077,0.3076923076923077,0.7692307692307693,0.46153846153846156,0.46153846153846156,0.8461538461538461,0.7692307692307693,0.6153846153846154,1.0,0.7692307692307693,0.9230769230769231,0.7692307692307693,0.8461538461538461,0.8461538461538461,0.38461538461538464,0.5384615384615384,0.5384615384615384,0.38461538461538464,0.38461538461538464,0.6153846153846154,0.3076923076923077,0.38461538461538464,0.6923076923076923,0.6923076923076923,0.15384615384615385,0.07692307692307693,0.1076923076923077,excluded,,,
11,560,600618.SH,氯碱化工,0.0745052386495926,36.459430979978926,2.115044699903458,1.4634210699910684,0.7392084984499669,1.9310124317751824,749839976.0,9.75,10.81,9.75,10.53,21189610.0,225736176.0,9.82,7.230142566191433,10.0,10.8,True,False,True,72.92573872472784,31.538461538461537,True,CONTINUOUS_TRIGGER,130100000,130359999,93000000,93500,92,49,17600,16,16,44500,0.4412539919328387,18.823529411764707,0.0830595749520637,47.593582887700535,False,orphan_cancel,0,0,18,25800,0.1750858085637253,9204700,14077338,1.8773789675892123,1064100,10,239500,2.6019316218888178,9738.79434625323,10648.65,60.68638847545276,169.7299269158265,11.84720849131422,35.37224401015061,41.75041011657088,46.68919139135442,46.90836688358115,1.2275552510686627,0.1419102787339255,0.0319401482537122,1937269,0.2583576579011306,9.14254202885282,21.04651971275544,901300,84.70068602574946,0.3885381839448268,-1456476,-6.873538493629661,8.016032064128243,False,3000,3.945141038461775,2,1,8.039358324436284,2.744960612769464,0.6553874369589492,2.200188740671142,9.14254202885282,False,-0.7597340930674323,-6.552706552706544,-7.4074074074074066,-5.887939221272543,49.230769230769226,,,legacy,49.230769230769226,watch,20260701,0.7692307692307693,0.5384615384615384,0.8461538461538461,0.8461538461538461,1.0,0.9230769230769231,0.9230769230769231,0.5384615384615384,0.38461538461538464,0.9230769230769231,0.9230769230769231,0.46153846153846156,0.46153846153846156,0.46153846153846156,0.6153846153846154,0.6153846153846154,0.9230769230769231,0.23076923076923078,0.38461538461538464,0.38461538461538464,0.5384615384615384,0.15384615384615385,0.5384615384615384,0.15384615384615385,0.6153846153846154,0.23076923076923078,0.3076923076923077,0.23076923076923078,0.26153846153846155,excluded,,,
12,423,002120.SZ,韵达股份,0.1135531135531137,33.719008264462815,1.329501742662335,1.0570422154439258,1.0210416273716774,3.451865234124403,2815129913.0,6.99,7.0,6.59,6.88,102717539.0,703346548.0,6.36,8.176100628930815,10.0,7.0,True,False,True,77.78382581648522,70.0,True,AUCTION_TRIGGER,92500000,92500000,92500000,7593300,627,107,3520469,159,157,3700231,7.392408418196235,46.36283302384997,3.427329971369349,48.73020952681969,False,orphan_cancel,0,0,21,59900,0.2181224376880758,3922569,111494487,3.960544999544396,921400,0,0,0.0,347.9060026041666,368.25,98.02170465325148,579.0943426585443,0.0,0.0,0.5073205850553553,76.0029715219796,0.0595808667106013,0.1393388270248542,0.0327302834496221,0.0,7586198,0.2694794995061388,7.385494311735798,193.39871395506364,2802669,304.1750596917734,0.0,-3620671,-3.524880984541501,-1.5736766809728242,False,4500,20.887731743650907,1,1,14.398948411864373,3.4190642341414392,3.548486147608919,-41.86985305990635,7.385494311735798,False,0.8720930232558155,-1.8895348837209336,-1.017441860465118,-2.906976744186052,47.69230769230769,,,legacy,47.69230769230769,watch,20260701,0.38461538461538464,0.3076923076923077,0.3076923076923077,0.3076923076923077,0.3076923076923077,0.3076923076923077,0.38461538461538464,1.0,1.0,0.19230769230769232,0.23076923076923078,0.23076923076923078,0.6153846153846154,0.23076923076923078,0.9230769230769231,1.0,0.38461538461538464,0.6153846153846154,0.8461538461538461,0.38461538461538464,0.7692307692307693,0.3076923076923077,0.07692307692307693,0.9230769230769231,0.8461538461538461,0.9230769230769231,0.6153846153846154,0.8461538461538461,0.7538461538461538,excluded,,,
13,627,603137.SH,恒尚节能,0.3129496402877696,27.23214285714286,2.16796565566136,1.0199273741985098,1.013474144091073,0.2744150103081158,182933334.0,14.23,14.23,14.23,14.23,512000.0,7285760.0,12.94,9.9690880989181,10.0,14.23,True,False,True,69.82698289269051,28.84615384615385,False,NONE,0,0,93000000,1063764900,11722,138,512000,2,1,1028034700,207766.58203125,0.0481309356982919,100.0,96.64115633068924,False,launch_not_detected|orphan_cancel,0,0,14,16400,0.0,0,43000,0.0235058308181274,0,0,0,0.0,0.0,0.0,0.0,0.0,0.0,0.0,0.0,0.0,0.0,0.0,0.0,0.0,0,0.0,0.0,0.0,0,0.0,0.0390625,-512000,-100.0,0.0,False,3000,0.0,0,0,100.0,173.20462764867116,0.0001093294456657,100.0,0.0,False,33.09908643710471,60.99789177793393,150.24595924104003,73.36612789880535,37.88461538461539,,,legacy,37.88461538461539,invalid,20260701,0.15384615384615385,0.15384615384615385,0.3076923076923077,0.3076923076923077,0.15384615384615385,0.15384615384615385,0.15384615384615385,0.15384615384615385,0.15384615384615385,0.19230769230769232,0.23076923076923078,0.07692307692307693,0.07692307692307693,0.07692307692307693,0.15384615384615385,0.15384615384615385,0.7692307692307693,0.07692307692307693,0.3076923076923077,0.07692307692307693,1.0,1.0,0.8846153846153846,1.0,0.07692307692307693,1.0,1.0,1.0,1.0,excluded,,,
1,623,000972.SZ,中基健康,0.1982378854625551,33.77049180327869,2.310281201344579,1.0523845795503413,0.9925613502230852,1.704129909345776,771283579.0,3.35,3.69,3.35,3.69,13832200.0,49565777.0,3.35,10.149253731343276,10.0,3.69,True,False,True,69.44444444444444,53.57142857142857,True,CONTINUOUS_TRIGGER,100100000,100359999,93000000,601900,62,27,89400,12,12,484500,4.351440840936366,14.852965608905134,0.6463180115961308,80.49509885363018,True,,0,0,0,0,0.0,13416902,15648402,2.028877889542103,2545600,7,184200,1.372895173565403,1324.6487075718014,1423.119999999999,50.07117887571959,235.9029110476298,5.984242860237035,16.63864754870632,16.92120878575397,64.10570786013045,48.58158499732508,1.7395549918741366,0.3300472185989584,0.023882266524956,2806400,0.3638609814095368,20.288891138069143,20.91690019052088,2792600,109.70301697045883,15.86154046355605,2285610,16.52383568774309,10.149253731343276,False,16000,-53.27641300733072,6,2,1.385690493903395,7.870555221557492,0.9832570284761633,100.0,20.288891138069143,False,-3.794037940379402,-3.5230352303523005,-4.065040650406504,-8.943089430894313,71.07142857142857,,,legacy,71.07142857142857,watch,20260702,0.8571428571428571,1.0,1.0,1.0,0.42857142857142855,0.5714285714285714,0.5714285714285714,0.42857142857142855,0.7142857142857143,0.42857142857142855,0.42857142857142855,1.0,0.7142857142857143,1.0,0.5714285714285714,0.42857142857142855,0.8571428571428571,1.0,0.14285714285714285,0.5,0.2857142857142857,0.5714285714285714,0.8571428571428571,1.0,0.14285714285714285,1.0,0.2857142857142857,0.5714285714285714,0.4571428571428571,train,,,
2,457,301019.SZ,宁波色母,0.1211293260473588,38.21656050955413,1.526244220030775,1.4285004593848674,0.8735380435283492,3.441787154580004,120955548.0,14.6,17.39,14.5,17.39,5219532.0,105273711.0,14.49,20.01380262249828,20.0,17.39,True,False,True,76.41996891996891,78.57142857142856,True,CONTINUOUS_TRIGGER,94400000,94659999,93000000,30900,40,31,9900,16,16,15300,0.5920070994870804,32.03883495145632,0.1896721775055694,49.51456310679612,True,,0,0,0,0,0.0,1262359,6107798,5.049622031392889,179438,0,0,0.0,480.1970437654829,460.4199999999983,51.88207158185587,764.9604971747406,11.692394952624412,22.18095881161377,29.967703323697936,55.81779826499434,12.79425051901205,1.0436553104616582,0.148350367525101,0.0,700802,0.5793880575035715,13.426529428308898,55.51526942811039,373800,208.317078879613,0.0,-547236,-10.48438825549877,19.08185840707965,False,2300,12.362966641453678,46,3,8.732794521992213,18.427182852331832,3.4263595746761446,100.0,13.426529428308898,False,-2.357676825761934,-11.098332374928122,-9.085681426106962,-14.95112133410007,65.71428571428572,,,legacy,65.71428571428572,watch,20260702,0.7142857142857143,0.7142857142857143,0.35714285714285715,0.35714285714285715,0.7142857142857143,0.2857142857142857,0.2857142857142857,0.5714285714285714,1.0,0.7142857142857143,0.5714285714285714,0.8571428571428571,1.0,0.8571428571428571,0.8571428571428571,1.0,0.35714285714285715,0.5714285714285714,0.7142857142857143,0.9285714285714286,0.5714285714285714,1.0,0.8571428571428571,0.2857142857142857,0.7142857142857143,0.2857142857142857,0.42857142857142855,0.2857142857142857,0.34285714285714286,train,,,
3,707,000801.SZ,四川九洲,0.2112845138055221,37.83018867924528,2.478872706532768,2.0833009124046376,1.2157872198520008,2.9929410204569726,1015939973.0,12.3,13.6,12.12,13.1,63347313.0,819334307.0,12.36,5.987055016181242,10.0,13.6,True,False,True,58.63442113442113,50.0,True,CONTINUOUS_TRIGGER,112200000,112459999,93000000,581500,338,110,200300,110,110,287300,0.9179552730200252,34.44539982803095,0.3161933640342408,49.4067067927773,True,,0,0,0,0,0.0,57862150,72895395,7.175167523406424,2961179,11,224700,0.3883367624604339,2838.5450317060345,1741.6200000000026,46.67123153909767,162.57816047825025,23.18506657633704,30.13728404695136,25.0559355295301,69.82642020733762,46.718058901724845,5.6954299995832525,0.2914718466343877,0.0221174484685819,4017503,0.3954468872936058,6.342025904082151,6.943231456141882,3921103,132.4169528420943,0.0,891141,1.406754221761545,6.5040650406503975,False,3000,-15.872977911470374,3,2,30.62839650179009,10.27975104588192,6.0886167139719385,25.048881164457963,6.342025904082151,False,-11.755725190839684,-13.358778625954203,-15.343511450381676,-16.412213740458014,63.92857142857142,,,legacy,63.92857142857142,medium,20260702,1.0,0.8571428571428571,0.8571428571428571,0.7142857142857143,0.5714285714285714,1.0,0.8571428571428571,0.2857142857142857,0.42857142857142855,1.0,0.7142857142857143,0.14285714285714285,0.8571428571428571,0.14285714285714285,0.2857142857142857,0.5714285714285714,0.35714285714285715,0.8571428571428571,0.2857142857142857,0.5,1.0,0.7142857142857143,0.14285714285714285,0.42857142857142855,1.0,0.42857142857142855,0.14285714285714285,0.14285714285714285,0.14285714285714285,train,,,
4,539,600449.SH,宁夏建材,0.087759815242494,39.79779411764706,1.8896187631600456,1.3681209469613342,1.0229956449040092,1.536037614861906,478181042.0,11.22,12.39,11.18,12.39,10048904.0,120831966.0,11.26,10.035523978685612,10.0,12.39,True,False,True,73.06526806526807,39.285714285714285,True,CONTINUOUS_TRIGGER,110800000,111059999,93000000,276200,119,78,50500,22,21,95400,2.748558449757307,18.283852280955827,0.5025423668093556,34.54018826937002,True,,0,0,0,0,0.0,4644908,6289986,1.315398446933829,436400,4,51200,1.1022823272280098,2580.6939169833377,1749.8199999999997,63.45667126238023,188.94206349133108,7.567426523840731,41.99325409572759,37.60246704563362,53.00229843088389,39.44207248870126,0.9713701698780438,0.0912625055511924,0.0107072417145303,879600,0.183947066642596,8.753193383079388,18.936865918549948,840600,192.62144821264891,4.9140651868062015,-1621440,-16.13549099483884,10.427807486631014,False,4000,4.727878781606432,9,1,13.411704059451887,7.236272658421285,0.3332775371717894,39.30888623571551,8.753193383079388,False,7.344632768361592,3.2284100080710143,-0.8071025020177647,-0.8071025020177647,51.42857142857144,,,legacy,51.42857142857144,watch,20260702,0.5714285714285714,0.5714285714285714,0.7142857142857143,0.8571428571428571,0.8571428571428571,0.8571428571428571,1.0,0.8571428571428571,0.5714285714285714,0.5714285714285714,0.8571428571428571,0.5714285714285714,0.42857142857142855,0.5714285714285714,0.42857142857142855,0.8571428571428571,0.7142857142857143,0.2857142857142857,0.42857142857142855,0.14285714285714285,0.8571428571428571,0.42857142857142855,0.2857142857142857,0.8571428571428571,0.42857142857142855,0.8571428571428571,0.8571428571428571,0.8571428571428571,0.8571428571428571,train,,,
5,566,603337.SH,杰克科技,0.1005635023840485,31.51079136690649,2.262034406448576,0.9988722245052206,1.2982918859506822,1.1982745200257143,473725491.0,35.99,39.55,35.85,39.55,5670130.0,217562264.0,35.95,10.013908205841426,10.0,39.55,True,False,True,71.95609945609945,31.428571428571423,True,CONTINUOUS_TRIGGER,100600000,100859999,93000000,84900,90,52,19900,32,31,52800,1.497320167262479,23.439340400471146,0.3509619708895563,62.19081272084806,True,,0,0,0,0,0.0,2812066,4509111,0.9518404826562308,304100,0,0,0.0,1395.642693651718,1539.239999999998,74.29057497228017,130.6065875689483,12.190325547124427,53.09175531914894,46.83979678997577,42.34609002775895,44.26822665441533,0.5936066463436311,0.0641932945930494,0.0,739345,0.1560703432781919,13.03929539534367,26.291879351338128,440100,144.72213087800066,0.0,16960,0.2991113078536118,9.89163656571268,False,1700,8.951205704278385,76,3,8.607560006155838,2.157557529451165,0.2325819532476879,100.0,13.03929539534367,False,-0.6826801517066938,-6.321112515802785,-0.8596713021491675,-2.7560050568899985,49.285714285714285,,,legacy,49.285714285714285,watch,20260702,0.42857142857142855,0.2857142857142857,0.35714285714285715,0.35714285714285715,1.0,0.7142857142857143,0.7142857142857143,1.0,0.2857142857142857,0.8571428571428571,1.0,0.7142857142857143,0.14285714285714285,0.7142857142857143,0.7142857142857143,0.7142857142857143,0.35714285714285715,0.7142857142857143,0.5714285714285714,0.9285714285714286,0.42857142857142855,0.14285714285714285,0.8571428571428571,0.7142857142857143,0.5714285714285714,0.5714285714285714,0.7142857142857143,0.42857142857142855,0.5428571428571429,train,,,
6,616,001322.SZ,箭牌家居,0.1362530413625305,38.39285714285716,2.0647829661447186,0.7148639950402946,1.3004826973996748,3.841146452720838,785611975.0,6.12,6.78,6.06,6.47,21572098.0,142939536.0,6.16,5.032467532467533,10.0,6.78,True,False,True,69.83877233877233,76.42857142857143,True,CONTINUOUS_TRIGGER,94100000,94359999,93000000,58900,39,24,9400,7,6,37600,0.273037884400488,15.959252971137522,0.0435748066785159,63.83701188455009,True,,0,0,0,0,0.0,1594800,25255124,3.214707107793259,604100,0,0,0.0,569.5585788787484,473.489999999998,59.44319036869828,339.9398084422668,4.019312766491097,8.71694417238002,11.69425633308252,50.42638575369952,10.26511190520273,0.2030009789501999,0.0768954673838824,0.0,1652017,0.2102840909470607,7.658119298364026,103.58772259844496,497900,82.42012911769575,32.837221137181025,-4439688,-20.58069641626883,5.718954248366015,False,4700,16.860738348212585,5,2,0.2921752470207159,13.343775723377943,2.237999745357751,75.61288414799262,7.658119298364026,False,-1.7001545595053955,-1.8547140649149971,-1.5455950540958163,-5.56414219474497,47.85714285714285,,,legacy,47.85714285714285,watch,20260702,0.2857142857142857,0.42857142857142855,0.35714285714285715,0.35714285714285715,0.2857142857142857,0.42857142857142855,0.42857142857142855,0.7142857142857143,0.8571428571428571,0.2857142857142857,0.2857142857142857,0.42857142857142855,0.5714285714285714,0.42857142857142855,1.0,0.2857142857142857,1.0,0.14285714285714285,1.0,0.5,0.14285714285714285,0.8571428571428571,0.5714285714285714,0.14285714285714285,0.2857142857142857,0.14285714285714285,0.5714285714285714,0.7142857142857143,0.6571428571428571,train,,,
7,262,603338.SH,浙江鼎力,0.0586046511627909,39.38223938223939,1.4830504253174852,0.9184539311558912,0.9600492145337702,2.2601370326058814,506347879.00000006,42.72,46.97,42.55,46.97,10510930.0,475257075.0,42.7,9.999999999999986,10.0,46.97,True,False,True,82.72727272727272,55.71428571428572,False,NONE,0,0,93000000,128000,179,87,41900,52,51,59200,1.2177799680903594,32.734375,0.3986326614295785,46.25,False,launch_not_detected,0,0,0,0,0.0,0,7282110,1.4381634251893447,0,0,0,0.0,0.0,0.0,0.0,0.0,0.0,0.0,0.0,0.0,0.0,0.0,0.0,0.0,798300,0.157658407017836,7.594951160363546,0.0,0,0.0,0.0,-1495310,-14.226238781915589,9.948501872659165,False,1400,15.458251553383,37,2,10.356647876437586,6.353221043116091,0.3968812911725458,62.67942583732058,7.594951160363546,False,14.392165211837348,10.325739833936565,8.345752608047686,23.69597615499255,45.71428571428572,,,legacy,45.71428571428572,invalid,20260702,0.14285714285714285,0.14285714285714285,0.35714285714285715,0.35714285714285715,0.14285714285714285,0.14285714285714285,0.14285714285714285,0.14285714285714285,0.14285714285714285,0.14285714285714285,0.14285714285714285,0.2857142857142857,0.2857142857142857,0.2857142857142857,0.14285714285714285,0.14285714285714285,0.35714285714285715,0.42857142857142855,0.8571428571428571,0.5,0.7142857142857143,0.2857142857142857,0.42857142857142855,0.5714285714285714,0.8571428571428571,0.7142857142857143,1.0,1.0,1.0,excluded,,,
1,453,002090.SZ,金智科技,0.0418326693227093,37.2502937720329,1.902212557669865,2.25255395613188,0.8733298039059976,1.3936911702902024,398188681.0,8.72,9.59,8.72,9.59,12414896.0,115219583.0,8.72,9.977064220183474,10.0,9.59,True,False,True,76.49320388349514,27.500000000000004,True,CONTINUOUS_TRIGGER,95600000,95859999,93000000,199400,121,59,6100,12,12,165900,1.6061350815987503,3.059177532597793,0.0491345235594402,83.19959879638917,True,,0,0,0,0,0.0,3779700,14347708,3.6032435587992016,958300,4,64800,1.71442177950631,910.4638067675868,752.3899999999994,57.763843691298256,210.97978944199696,5.934333412704712,9.390253350894865,13.40318014657248,61.24295579014208,15.28889166691368,0.9492233657942676,0.2406648018204214,0.0162736921193397,1309200,0.3287888537444388,10.545396433445758,34.637669656321926,1126800,117.583220285923,0.0,426576,3.436001397031437,9.977064220183474,False,4100,10.269115423923004,11,3,7.378848746112883,11.910333533564204,2.2860690005399724,100.0,10.545396433445758,False,-5.213764337851934,-6.360792492179346,-7.507820646506779,-12.20020855057351,78.125,,,legacy,78.125,watch,20260703,0.75,0.75,1.0,1.0,0.5,1.0,1.0,0.5,0.5,0.5,0.5,0.75,0.5,0.75,0.5,1.0,0.625,0.75,0.5,1.0,1.0,0.75,0.875,0.5,0.25,0.25,0.75,0.75,0.75,train,,,
2,598,002249.SZ,大洋电机,0.1855072463768116,38.04945054945055,1.4088299441939067,2.21865814947627,0.910736938279185,1.6668406135020393,1863776633.0,7.68,8.33,7.64,8.33,68868425.0,561862366.0,7.57,10.039630118890353,10.0,8.33,True,False,True,70.93398058252428,58.75,True,CONTINUOUS_TRIGGER,94200000,94459999,93000000,1739100,541,79,150200,40,39,1377500,2.525250141846572,8.636651141394974,0.2180970451988701,79.20763613363235,True,,0,0,0,0,0.0,25313764,75155087,4.032408480142158,8632448,0,0,0.0,505.5751702127659,434.0749999999971,62.89482670376479,317.9463115136663,16.727069905526495,14.294699799958712,13.882218385223153,52.015986243689404,12.075937557741447,1.3581973049664262,0.4631696656752751,0.0,16112062,0.8644846015729611,23.395426859260976,63.64941223280741,8565375,99.22301298542428,0.0,4843495,7.0329690275333,8.463541666666675,False,7000,3.389598353672238,9,2,4.4335979750387855,15.561591172712165,3.3441961282492376,100.0,23.395426859260976,False,-10.444177671068433,-12.12484993997599,-20.168067226890752,-18.487394957983195,69.375,,,legacy,69.375,watch,20260703,1.0,1.0,0.5,0.5,0.75,0.5,0.5,0.75,1.0,1.0,0.75,1.0,1.0,1.0,1.0,0.5,0.625,1.0,0.25,0.5,0.5,1.0,0.875,1.0,0.5,0.75,0.25,0.25,0.25,train,,,
3,645,603338.SH,浙江鼎力,0.2572093023255814,39.38223938223939,1.97395032420525,0.9867254721926024,1.023898762328251,3.923975787105704,506347879.00000006,47.98,51.67,47.42,51.67,19605217.0,987589900.0,46.97,10.0063870555674,10.0,51.67,True,False,True,68.33203883495146,90.0,False,NONE,0,0,93000000,424400,375,120,255400,252,252,149800,2.1647299287735504,60.179076343072566,1.3027144764579754,35.296889726672944,False,launch_not_detected,0,0,0,0,0.0,0,13714412,2.7084959903623886,0,0,0,0.0,0.0,0.0,0.0,0.0,0.0,0.0,0.0,0.0,0.0,0.0,0.0,0.0,1387269,0.2739754736881202,7.076019612534766,0.0,0,0.0,0.0,-406811,-2.075014012851783,7.690704460191755,False,1400,19.03810092997185,22,2,6.068470421888277,3.235103903733346,0.9408981843488672,14.529914529914532,7.076019612534766,False,0.5999612928198061,-1.296690536094447,-2.4191987613702337,10.31546351848267,52.5,,,legacy,52.5,invalid,20260703,0.25,0.25,0.5,0.5,0.25,0.25,0.25,0.25,0.25,0.25,0.25,0.25,0.25,0.25,0.25,0.25,0.625,0.5,1.0,0.5,0.75,0.25,0.5,0.75,1.0,1.0,1.0,1.0,1.0,excluded,,,
4,599,603809.SH,豪能股份,0.0760295670538541,38.25983313468413,2.101112338703717,1.6483176894707088,1.1026189673598097,2.6754738813235424,920288807.0,9.19,10.02,9.11,9.82,40585021.0,397527631.0,9.11,7.793633369923181,10.0,10.02,True,False,True,70.926213592233,58.75,True,CONTINUOUS_TRIGGER,94300000,94559999,93000000,279500,171,61,43900,42,41,184100,0.6886777266913328,15.706618962432916,0.1081679864105528,65.86762075134168,True,,0,0,0,0,0.0,5582300,23720115,2.577464250306806,1780700,0,0,0.0,588.6944244322632,476.84999999999854,71.7804489189044,271.93719695025646,12.199272701216344,37.745118447895415,31.567633412751015,36.53332855632983,8.82745631695004,0.6065813207266357,0.1934936061870412,0.0,3538890,0.3845412410845501,8.719694884474743,63.39483725346183,1796600,100.8929072836525,0.0,-2076039,-5.115283789060994,6.8552774755168855,False,4300,11.3282262438647,8,2,1.485077961025816,5.948206322148608,1.16587161751713,7.50023297968826,8.719694884474743,False,-9.775967413441968,-7.230142566191455,-12.321792260692476,-14.867617107942976,45.0,,,legacy,45.0,watch,20260703,0.5,0.5,0.5,0.5,1.0,0.75,0.75,1.0,0.75,0.75,1.0,0.5,0.75,0.5,0.75,0.75,0.625,0.25,0.75,0.5,0.25,0.5,0.25,0.25,0.75,0.5,0.5,0.5,0.5,train,,,
1,709,600288.SH,大恒科技,0.3661202185792349,35.36789297658862,2.168141780302528,2.184714320054941,1.1514317647640118,2.446967172109382,436800000.0,12.95,14.11,12.88,14.11,23350997.0,320408233.0,12.82,10.062402496099844,10.0,14.1,True,False,True,60.61335403726707,40.0,True,CONTINUOUS_TRIGGER,112400000,112659999,93000000,549000,133,69,105100,23,22,323800,2.3510773437211268,19.14389799635701,0.4500878484974324,58.9799635701275,True,,0,0,0,0,0.0,18093903,18724803,4.2868138736263735,1703001,37,677800,3.746013228876048,4478.980787054768,5043.395,65.18386331572574,121.55474022763548,12.895515135678576,28.819373545146405,30.73246275278473,59.85552149804274,68.80563600774734,4.14237706043956,0.3898811813186813,0.1551739926739926,2207497,0.5053793498168497,9.453544959986075,12.200225678229843,2153801,126.47091810280791,0.0,2496405,10.690785494084045,8.93682588597844,False,4000,-6.174460131188403,13,2,2.25561833096519,5.435965888278389,1.1336304945054945,30.50955414012739,9.453544959986075,False,18.639262934089285,17.647058823529417,-20.269312544294827,-28.844790928419563,73.75,,,legacy,73.75,watch,20260706,1.0,0.75,1.0,0.75,0.75,0.75,1.0,0.5,0.5,0.75,0.5,1.0,0.75,1.0,0.5,1.0,0.625,1.0,0.5,0.5,0.5,0.5,0.75,0.75,0.5,0.5,1.0,1.0,1.0,train,,,
2,277,600521.SH,华海药业,0.1195729537366547,27.82228696285507,1.7831249576198682,1.209064990167014,0.8834478102755812,5.594563065343427,1497252196.0,16.2,16.95,16.01,16.8,101276988.0,1690858613.0,15.41,9.02011680726802,10.0,16.95,True,False,True,81.5625,73.75,True,CONTINUOUS_TRIGGER,102400000,102659999,93000000,3002100,1000,190,1409400,416,416,1257500,2.9642469225091883,46.94713700409714,1.3916290638501216,41.88734552479931,True,,0,0,0,0,0.0,50003771,63017277,4.208861885015396,6053982,73,1278800,2.557407120354983,2176.772912302577,2548.4600000000028,67.60115152115227,175.17985240099745,25.35812549017553,31.0329232660538,30.661023545604188,57.23192556817365,37.58319609583966,3.3397026321676537,0.4043394971250388,0.0854097929137383,7622688,0.5091118263419131,7.526574546233543,15.24422628045393,7585288,125.29419479608627,0.0,7650204,7.553743600668692,3.70370370370372,False,4000,1.980522959470319,4,1,6.086527547501792,6.4776709801533,2.4654821745207176,-10.501829430470613,7.526574546233543,False,-3.214285714285714,0.2380952380952372,-1.3690476190476253,-1.3690476190476253,67.5,,,legacy,67.5,watch,20260706,0.75,1.0,0.75,0.5,0.5,0.5,0.5,0.75,1.0,1.0,0.75,0.25,1.0,0.25,0.75,0.75,0.625,0.75,0.75,0.25,0.75,1.0,0.5,1.0,1.0,1.0,0.75,0.75,0.75,train,,,
3,672,603087.SH,甘李药业,0.3359164420485175,28.028224225793785,2.10958549403868,1.4573269154779411,1.3017534596142943,2.8877644883780844,561157260.0,61.33,67.09,60.71,67.09,23575723.0,1561694395.0,60.99,10.001639613051315,10.0,67.09,True,False,True,66.43245341614907,52.5,False,NONE,0,0,93000000,468600,433,209,108300,108,108,190400,1.987637876471487,23.111395646606915,0.4593708536531414,40.63166880068289,False,launch_not_detected,0,0,0,0,0.0,0,11122363,1.9820402929474707,0,0,0,0.0,0.0,0.0,0.0,0.0,0.0,0.0,0.0,0.0,0.0,0.0,0.0,0.0,2207037,0.3933009794794421,9.361481724229623,0.0,0,0.0,0.0,-3591587,-15.234260260014082,9.391814772541984,False,1700,16.727525174943732,75,3,1.6519854192409922,6.247123310852292,0.9625398056865556,100.0,9.361481724229623,False,-6.483827694142197,-2.65315248174095,-2.220897302131475,-3.577284245043977,55.625,,,legacy,55.625,invalid,20260706,0.25,0.25,0.25,0.25,0.25,0.25,0.25,0.25,0.25,0.25,0.25,0.75,0.5,0.75,0.25,0.25,0.625,0.5,1.0,0.875,0.25,0.75,1.0,0.5,0.75,0.75,0.5,0.5,0.5,excluded,,,
4,118,601368.SH,绿城水务,0.1750000000000001,25.742574257425744,1.4426244909114332,0.5441252032648275,0.7029436194182712,4.43324255935719,882973077.0,4.35,4.75,4.29,4.75,21299421.0,98115329.0,4.32,9.9537037037037,10.0,4.75,True,False,True,86.53532608695652,68.75,True,CONTINUOUS_TRIGGER,141100000,141359999,93000000,261500,89,41,21800,12,12,130900,1.2277329041010083,8.336520076481836,0.102350200035954,50.05736137667304,True,,0,0,0,0,0.0,7760500,6241200,0.7068392188361141,1309900,26,563500,7.261130081824625,8228.411347826088,4198.745000000003,73.18729463307777,170.11392285137842,5.5576315959023255,45.09824810606061,37.68893756845564,45.43199536112364,36.37023278707905,0.87890562035789,0.1483510691459055,0.063818480390654,1623200,0.1838334647206916,7.620864435704614,20.916178081309194,779900,59.53889609893886,0.0,-8159521,-38.30865167649392,9.195402298850585,False,8600,-7.88120015093368,5,3,8.215169438196389,4.088505181002251,0.1786011421048118,-25.845286885245898,7.620864435704614,False,-9.894736842105257,-10.947368421052628,-8.421052631578952,-8.842105263157896,48.125,,,legacy,48.125,medium,20260706,0.5,0.5,0.5,1.0,1.0,1.0,0.75,1.0,0.75,0.5,1.0,0.5,0.25,0.5,1.0,0.5,0.625,0.25,0.25,0.875,1.0,0.25,0.25,0.25,0.25,0.25,0.25,0.25,0.25,train,,,
1,213,000948.SZ,南天信息,0.0093370681605975,36.9109947643979,1.637521451878824,1.1985965871473332,1.005113382787073,2.2680115149583333,389093561.0,11.56,12.72,11.47,12.72,10578367.0,129341275.0,11.56,10.034602076124566,10.0,12.72,True,False,True,82.55967397632448,72.5,True,CONTINUOUS_TRIGGER,102500000,102759999,93000000,170700,83,46,31400,17,16,110100,1.6136706166462178,18.394844756883423,0.2968322048195151,64.49912126537785,True,,0,0,0,0,0.0,8996786,13323173,3.424156638767918,1279429,7,114800,1.2760112333448856,1735.8179151577858,1757.6500000000017,57.57862863471467,178.1346849816768,17.418442541592075,26.660772217873703,27.132022480027867,58.64702128071069,55.38343489122659,2.312242324668025,0.3288229691367213,0.0295044718049189,1490663,0.3831117112729604,14.091617354550094,16.56883913877689,848571,66.32419618439162,0.0,1080189,10.211301990184309,10.034602076124566,False,3200,-3.353873050537952,20,4,11.143189778081648,10.990030235941118,1.9734572271680435,100.0,14.091617354550094,False,5.73899371069182,6.446540880503138,13.128930817610062,13.67924528301887,87.5,,,legacy,87.5,watch,20260708,1.0,1.0,0.5,0.5,1.0,0.5,0.5,1.0,1.0,1.0,1.0,1.0,1.0,1.0,1.0,0.5,0.5,1.0,1.0,1.0,1.0,1.0,1.0,1.0,1.0,1.0,1.0,1.0,1.0,train,,,
2,41,002152.SZ,广电运通,0.0054644808743168,33.40635268346111,1.7231117357035006,0.802414103081318,0.8299396431384152,2.263460441083909,2482126213.0,9.25,10.08,9.21,10.08,45081284.0,438922369.0,9.16,10.043668122270732,10.0,10.08,True,False,True,88.11566078012808,62.5,True,CONTINUOUS_TRIGGER,131700000,131959999,93000000,347700,202,63,57900,20,20,184800,0.7712735067616974,16.652286453839515,0.1284346736885311,53.14926660914582,True,,0,0,0,0,0.0,48969339,50420439,2.031340660113322,3308046,34,748800,1.5291200887967875,9119.91407464494,10888.419999999998,50.93122862042308,115.92213101910518,16.852641200650066,22.81914637886896,21.33054930555628,71.9141093572858,55.53738220943308,1.9728786853595828,0.1332746893640738,0.0301676843054233,3788846,0.1526451789661672,8.404476678170923,7.737180197592621,3656346,110.5288741450391,6.572350512465438,3754242,8.327717551256969,8.97297297297297,False,4200,-23.5937933799756,8,2,3.2478733900190586,4.757598521038624,1.446447558224953,-15.698989021234228,8.404476678170923,False,0.4960317460317442,-1.0912698412698374,1.5873015873015817,-2.083333333333337,57.49999999999999,,,legacy,57.49999999999999,watch,20260708,0.5,0.5,1.0,1.0,0.5,1.0,1.0,0.5,0.5,0.5,0.5,0.5,0.5,0.5,0.5,1.0,1.0,0.5,0.5,0.5,0.5,0.5,0.5,0.5,0.5,0.5,0.5,0.5,0.5,train,,,
1,507,605319.SH,无锡振华,0.2285438765670203,36.8109339407745,1.8562100437252176,1.0780726270019154,0.6788344239011321,1.7906011300158755,348151697.0,22.19,24.23,21.84,24.23,6720713.0,157845692.0,22.03,9.986382206082611,10.0,24.23,True,False,True,74.00737434504171,75.0,True,CONTINUOUS_TRIGGER,100300000,100559999,93000000,83500,45,30,29800,20,20,34200,1.2424277007513935,35.688622754491014,0.4434053351184613,40.958083832335326,True,,0,0,0,0,0.0,2725360,5889598,1.6916757984379436,270660,0,0,0.0,1009.5009419973832,1047.4000000000017,68.08201485308362,116.33874979978688,9.579651862506235,37.15137956748695,34.97519593741744,55.09363900548918,38.25635762157973,0.7828081906491468,0.0777419734938129,0.0,636900,0.1829374969268065,9.476673085132486,23.36938973199871,299480,110.64804551836252,0.0,690607,10.27579960638105,9.193330328977025,False,2400,11.757978654943308,32,3,4.6798513989638,3.188564093082677,0.2903900824587967,22.55262747544051,9.476673085132486,False,-3.755674783326457,-6.43829962855963,-15.352868345026828,-6.851011143210894,71.875,,,legacy,71.875,watch,20260709,1.0,1.0,0.625,0.625,1.0,1.0,1.0,1.0,1.0,1.0,1.0,1.0,0.75,1.0,1.0,1.0,0.5,1.0,0.75,1.0,0.25,0.25,0.5,0.75,0.75,0.5,0.25,0.25,0.25,train,,,
2,600,000948.SZ,南天信息,0.1216216216216216,36.9109947643979,2.0529770458811303,1.283213664645999,1.0760574394921505,5.479103362312224,389093561.0,12.85,13.99,12.47,13.56,27359192.0,364050470.0,12.72,6.60377358490567,10.0,13.99,True,False,True,70.37065786920242,73.75,False,NONE,0,0,93000000,220300,127,38,169600,77,76,45200,0.8052138381864493,76.9859282796187,0.6199013479637849,20.517476168860643,False,launch_not_detected|orphan_cancel|unknown_link_gt_1pct,0,0,360,914530,2.3849388534573683,0,28572570,7.343367473511082,0,0,0,0.0,0.0,0.0,0.0,0.0,0.0,0.0,0.0,0.0,0.0,0.0,0.0,0.0,2283826,0.5869606256475676,8.347563773082188,0.0,0,0.0,0.0,2057656,7.520894622911378,5.525291828793777,False,2900,18.03844938110745,8,1,5.757753205180903,6.898238030723928,5.965419458586209,1.2561737227295828,8.347563773082188,False,2.507374631268444,-1.327433628318586,2.212389380530966,13.421828908554566,65.625,,,legacy,65.625,invalid,20260709,0.5,0.5,0.625,0.625,0.5,0.5,0.5,0.5,0.5,0.5,0.5,0.75,1.0,0.75,0.5,0.5,0.5,0.75,1.0,0.75,0.5,0.75,0.25,0.5,1.0,0.75,0.75,0.75,0.75,excluded,,,
3,597,001395.SZ,亚联机械,0.037760995113283,34.67777290661991,2.138782253058792,1.9133058162686305,1.2860843776112614,0.6647684490066659,53001000.0,26.03,26.03,26.03,26.03,628726.0,16365738.0,23.66,10.016906170752328,10.0,26.03,True,False,True,70.58024451775665,40.0,False,NONE,0,0,93000000,15877900,160,10,628726,4,2,14038620,2525.408524540102,3.959755383268568,100.0,88.4161003659174,False,launch_not_detected|orphan_cancel|unknown_link_gt_1pct,0,0,377,7122950,9.037323094639,0,481190,0.9078885304050868,0,0,0,0.0,0.0,0.0,0.0,0.0,0.0,0.0,0.0,0.0,0.0,0.0,0.0,0.0,0,0.0,0.0,0.0,0,0.0,77.48144660790233,-628726,-100.0,0.0,False,4000,0.0,0,0,100.0,17.41080356974397,0.919126054225392,100.0,0.0,False,15.981559738762964,24.58701498271225,11.409911640414894,6.031502112946607,55.00000000000001,,,legacy,55.00000000000001,invalid,20260709,0.5,0.5,0.625,0.625,0.5,0.5,0.5,0.5,0.5,0.5,0.5,0.375,0.375,0.375,0.5,0.5,1.0,0.375,0.375,0.375,0.875,1.0,0.875,1.0,0.5,1.0,1.0,1.0,1.0,excluded,,,
4,578,603329.SH,上海雅仕,0.1399491094147584,35.55811277330265,1.455314471786074,1.7373327402032333,1.1820346774884782,1.4994922620672106,206383053.0,10.16,10.16,10.16,10.16,5376520.0,54625443.0,9.24,9.956709956709965,10.0,10.16,True,False,True,71.84358626043083,46.25,False,NONE,0,0,93000000,0,0,0,0,0,0,0,0.0,0.0,0.0,0.0,False,launch_not_detected|orphan_cancel|unknown_link_gt_1pct,0,0,251,13334700,76.61461316985708,0,0,0.0,0,0,0,0.0,0.0,0.0,0.0,0.0,0.0,0.0,0.0,0.0,0.0,0.0,0.0,0.0,0,0.0,0.0,0.0,0,0.0,0.0,-5376520,-100.0,0.0,False,8000,0.0,0,0,100.0,5.025703345904085,0.0,100.0,0.0,False,-1.476377952755914,-3.149606299212604,-9.547244094488194,-5.708661417322835,52.5,,,legacy,52.5,invalid,20260709,0.5,0.5,0.625,0.625,0.5,0.5,0.5,0.5,0.5,0.5,0.5,0.375,0.375,0.375,0.5,0.5,0.5,0.375,0.375,0.375,0.875,0.5,0.875,0.25,0.25,0.25,0.5,0.5,0.5,excluded,,,
1,653,688722.SH,同益中,0.1009463722397475,34.68531468531468,2.20369478368817,2.102934715481832,1.059009732635654,4.385397041310628,224105200.0,15.4,18.31,15.4,18.31,20667438.0,360849629.0,15.26,19.986893840104837,20.0,18.31,True,False,True,66.58645449252862,85.0,True,CONTINUOUS_TRIGGER,95200000,95459999,93000000,187506,63,44,61217,18,17,117139,0.9071083964200988,32.64802192996491,0.2961529481917868,62.47213422503813,True,,0,0,0,0,0.0159645969098926,4077425,13818095,6.165896641398772,1051329,4,51796,1.2703115324009635,864.2437710781811,789.0500000000029,77.26964934977345,442.8373927633039,5.823773582591954,26.789091756712395,30.19881420259109,44.01704507133792,18.620922000946457,1.8194245381187049,0.469122983313194,0.0231123597310548,2198560,0.9810392619180636,10.6360982370344,53.92030509451431,641465,61.01467761281197,0.0,-1441134,-6.971855576709453,18.89610389610388,False,5000,13.082546931802822,29,2,6.750373735882696,7.222437498103569,0.9512117523377414,17.180803666143333,10.637796518368653,False,-19.006007646095025,-25.122883670125606,-29.000546149645,-23.81212452211906,73.125,,,legacy,73.125,watch,20260710,1.0,1.0,0.75,0.5,0.25,0.25,0.25,1.0,1.0,0.25,0.25,1.0,1.0,1.0,1.0,0.25,0.5,0.5,0.75,0.375,0.5,0.75,0.5,0.25,1.0,0.5,0.25,0.25,0.25,train,,,
2,562,600685.SH,中船防务,0.1308281141266526,39.07422852376981,2.08378047461503,1.3079846466911873,0.6661709798038375,1.813862127626908,821435181.0,25.88,28.45,25.84,28.45,19488581.0,536875226.0,25.86,10.015467904098996,10.0,28.45,True,False,True,72.41606830972249,37.5,True,CONTINUOUS_TRIGGER,130000000,130259999,93000000,411800,259,104,103900,58,57,283000,2.112826256058021,25.23069451189898,0.5330807382331919,68.7226809130646,True,,0,0,0,0,0.009748348437373,13511135,13517235,1.6455631938656887,1708900,41,630100,4.6635608333422764,9802.750424053103,10178.04,68.48987890358582,158.3160130139089,11.268927443919404,37.42745357938331,35.98418637664415,51.3677274337056,56.13991260656933,1.6448205911453406,0.2080383260331773,0.076707208867403,1709400,0.2080991951086156,8.770435167813458,12.651786841001886,1709400,100.0292585873954,0.0,-2200955,-11.292461176304474,9.91544965411222,False,2500,-4.539138875023146,54,5,13.10698839855508,2.524459687099766,0.3472254495513262,53.79989196233989,8.771290223746922,False,-10.509666080843584,-13.989455184534272,-9.52548330404218,-6.151142355008787,61.25000000000001,,,legacy,61.25000000000001,watch,20260710,0.5,0.75,1.0,1.0,0.75,1.0,1.0,0.5,0.5,0.5,0.75,0.5,0.25,0.5,0.25,0.5,0.5,0.25,0.25,1.0,1.0,0.25,1.0,0.75,0.5,1.0,0.5,0.5,0.5,train,,,
3,126,600718.SH,东软集团,0.0498220640569395,33.90070921985815,1.5706406944928202,0.933867700912803,0.7501884005425076,3.975280842762779,1196438852.0,7.5,8.06,7.48,8.0,44416433.0,348839308.0,7.33,9.140518417462484,10.0,8.06,True,False,True,85.12711042111391,68.75,True,CONTINUOUS_TRIGGER,102100000,102359999,93000000,698100,269,81,199400,93,92,400000,1.5712557033982406,28.563243088382755,0.4488015861017177,57.298381320727685,True,,0,0,0,0,0.0292598827448461,20404127,29843310,2.4943447757579174,1732000,16,261000,1.279152987040318,1864.4356487818231,2140.7700000000004,64.56624191762774,146.26341778695758,18.48550540780304,35.99055004589269,33.8355863007518,57.675934873371446,39.45723772797191,1.705404916088432,0.1447629351976276,0.0218147379252776,2976552,0.2487842980879728,6.699504807995186,14.587989968892078,2705452,156.2039260969977,0.0,2343599,5.274879380072215,6.666666666666665,False,4600,0.8076695464468341,2,2,10.03948264396994,7.792090823877726,1.2022476515164189,37.72171723370265,6.701465648986265,False,-3.125,-4.625000000000002,0.2499999999999946,5.624999999999991,59.375,,,legacy,59.375,watch,20260710,0.75,0.5,0.5,0.75,0.5,0.75,0.75,0.25,0.25,1.0,0.5,0.25,0.5,0.25,0.5,1.0,0.5,0.75,0.5,0.375,0.75,1.0,0.75,0.5,0.75,0.75,0.75,0.75,0.75,train,,,
4,502,603882.SH,金域医学,0.0769230769230769,34.7906976744186,2.1437489295540817,1.110781379074664,0.9693224931426988,2.589162599627492,460134577.0,22.97,25.18,22.61,24.62,13233441.0,324254389.0,22.89,7.557885539536913,10.0,25.18,True,False,True,74.22084222782844,43.75,True,CONTINUOUS_TRIGGER,100800000,101059999,93000000,342100,98,65,18500,19,19,208600,2.584922173894613,5.407775504238527,0.1397867881235029,60.97632271265712,True,,0,0,0,0,0.0075560426012704,3596996,8821000,1.91704784663466,447268,1,10000,0.278009761478745,1236.9008640120212,1214.8399999999965,69.6405556191889,171.96995253259138,13.722561826590852,48.44956334641184,43.93110250887129,43.63441049142118,28.621322200159412,0.7817269511567264,0.0972037361147932,0.0021732772323258,1195768,0.2598735369543854,9.035273949235936,33.2435176463916,627400,140.27384029262095,2.5672709873976496,898841,6.791680887768512,7.1832825424466895,False,2000,16.115285866626326,41,3,4.302992963455365,2.659026426523039,0.6318368897541035,10.539149456346909,9.035956709974377,False,13.891145410235572,7.108042242079615,5.483346872461414,12.753858651502847,51.24999999999999,,,legacy,51.24999999999999,watch,20260710,0.25,0.25,0.25,0.25,1.0,0.5,0.5,0.75,0.75,0.75,1.0,0.75,0.75,0.75,0.75,0.75,1.0,1.0,1.0,0.75,0.25,0.5,0.25,1.0,0.25,0.25,1.0,1.0,1.0,train,,,
1,596,600918.SH,中泰证券,0.1451612903225807,24.335378323108397,2.0499481478372474,1.1653463823244454,1.7497548764860786,2.5149111677271887,4562824063.0,5.39,5.78,5.37,5.55,133724630.0,739343125.0,5.25,5.714285714285716,10.0,5.78,True,False,True,70.81846392552364,37.5,True,CONTINUOUS_TRIGGER,100700000,100959999,93000000,0,0,0,0,0,0,0,0.0,0.0,0.0,0.0,False,orphan_cancel|unknown_link_gt_1pct,0,0,1963,11452152,47.02882184801362,10612088,41641652,0.9126289207088368,4393045,48,1045700,9.85385722395065,1402.2864459161146,1536.7300000000032,65.18819859013608,128.4591848697686,11.037281258881382,6.158146128654434,6.334285957673928,52.26910104778626,1.7985246860125417,0.2325771902110703,0.0962790793452515,0.022917824258875,13210929,0.2895340433379317,9.893838564129773,124.4894407208082,10168900,231.4772555254954,0.2112056727201869,23820072,17.83916535725442,2.968460111317261,False,7900,23.946606086582,1,1,29.41213885839193,0.4672721478106222,0.3625069643628729,9.007515188625318,9.8792040030322,False,3.063063063063054,2.7027027027027195,0.1801801801801783,2.882882882882876,83.75,,,legacy,83.75,watch,20260713,0.75,0.75,1.0,1.0,0.75,1.0,1.0,0.75,0.5,0.75,0.75,1.0,0.75,1.0,0.75,0.5,0.75,1.0,1.0,0.5,1.0,0.25,0.75,0.25,0.25,0.25,0.75,1.0,0.9,excluded,,,
2,590,000989.SZ,九芝堂,0.1386861313868612,32.16216216216215,1.9911279986611572,1.6903270750096375,1.0370565796926194,6.278814831667375,734250252.9999999,8.39,8.98,8.31,8.98,75773143.0,670064701.0,8.16,10.049019607843146,10.0,8.98,True,False,True,71.19278510473237,85.0,True,CONTINUOUS_TRIGGER,95900000,100159999,93000000,338000,82,44,134500,33,33,198100,0.4537202462712954,39.79289940828402,0.1805484411937551,58.6094674556213,False,orphan_cancel|unknown_link_gt_1pct,0,0,7449,95691824,46.225040168001065,9767268,33077021,4.504870221679039,1443500,0,0,0.0,1104.423315304487,1112.9599999999991,50.03601826017265,176.76129335682643,13.370698950822277,14.842268574383729,16.34519499208991,68.87585146634659,5.427968065021279,1.3302369267280325,0.1965950973938582,0.0,4961670,0.6757464474445337,6.66038501277189,50.79895422138514,4888670,338.667821267752,17.37382175621328,2748467,3.6894530299068897,7.032181168057217,False,3500,17.559621894246323,1,1,1.4082862761666113,7.1858606496115165,4.830463163626585,21.451317819938232,6.548058855101206,False,7.572383073496658,1.224944320712695,2.338530066815125,2.2271714922048824,62.5,,,legacy,62.5,watch,20260713,1.0,1.0,0.5,0.5,1.0,0.75,0.75,0.5,0.75,1.0,1.0,0.5,1.0,0.5,0.5,0.75,1.0,0.75,0.5,0.5,0.25,1.0,1.0,0.5,1.0,0.5,1.0,0.5,0.7,excluded,,,
3,605,601369.SH,陕鼓动力,0.2500000000000001,28.782287822878217,2.1460348856846854,0.949269186409763,1.115659985052471,3.1881311821448164,1706211292.0,9.96,9.96,9.09,9.43,51636688.0,494165321.0,9.05,4.198895027624294,10.0,9.96,True,False,True,70.34716834755625,43.75,False,NONE,0,0,93000000,111700800,1740,74,6282600,1180,1180,105150600,217.68311676649228,5.6244897082205325,12.24356449906504,94.13594173005028,False,launch_not_detected|orphan_cancel|unknown_link_gt_1pct,0,0,1233,5292044,39.66997332163427,0,27037239,1.5846360369768318,0,0,0,0.0,0.0,0.0,0.0,0.0,0.0,0.0,0.0,0.0,0.0,0.0,0.0,0.0,4721400,0.2767183655469559,9.201089584867043,0.0,0,0.0,0.0,-548688,-1.0692861105056823,-5.32128514056226,False,4100,19.503306810872022,3,2,10.761985767816606,0.8160185708113342,0.4089293648866556,3.778782766186817,9.143498901401268,False,-8.37751855779426,2.6511134676564074,-4.559915164369032,2.0148462354188768,57.49999999999999,,,legacy,57.49999999999999,invalid,20260713,0.25,0.25,0.5,0.5,0.25,0.25,0.25,0.25,0.25,0.375,0.375,0.75,0.5,0.75,0.25,0.25,0.375,0.5,0.75,1.0,0.75,0.5,0.5,1.0,0.5,1.0,0.25,0.75,0.5499999999999999,excluded,,,
4,13,000507.SZ,珠海港,0.0757575757575761,19.56043956043958,1.31642648467537,0.918655723819744,0.5870119443509507,5.614858167757467,902354455.0,5.0,5.12,4.87,4.89,46544540.0,235325661.0,4.65,5.161290322580636,10.0,5.12,True,False,True,90.96974398758726,68.75,True,AUCTION_TRIGGER,92500000,92500000,92500000,4158800,160,43,1204500,68,67,2931700,8.99313945507474,28.96268154275272,2.604654341068944,70.49389246898143,False,orphan_cancel|unknown_link_gt_1pct,0,0,2393,17420600,65.63750455733418,1155500,20215306,2.240284390239975,228000,0,0,0.0,316.3666666666668,261.3000000000029,98.40761575075724,476.3674429292392,0.0,0.0,0.2596278667243618,80.00865426222414,4.199451000710576,0.1280538920816875,0.0252672327084593,0.0,2212000,0.2451364857504915,4.783308760850564,191.43228039809603,1215600,533.1578947368422,0.0,-20655056,-44.66523974713337,-2.200000000000002,False,10000,8.863940382500356,1,1,8.399503037375815,1.069180735634535,1.5551241446466844,-17.988838286176204,4.752437127963882,False,1.22699386503069,0.6134969325153339,3.2719836400818103,3.885480572597144,41.25,,,legacy,41.25,watch,20260713,0.5,0.5,0.5,0.5,0.5,0.5,0.5,1.0,1.0,0.375,0.375,0.25,0.25,0.25,1.0,1.0,0.375,0.25,0.25,0.5,0.5,0.75,0.25,0.75,0.75,0.75,0.5,0.25,0.35,excluded,,,
1,517,603197.SH,保隆科技,0.0401606425702809,37.93638479441428,1.9528820341156188,1.444766312962592,1.0711258539736823,1.860749698720419,211152127.0,28.28,29.24,28.22,29.24,5676505.0,166832339.0,26.58,10.007524454477055,10.0,29.24,True,False,True,74.00736719658784,37.5,True,AUCTION_TRIGGER,92500000,92500000,92500000,0,0,0,0,0,0,0,0.0,0.0,0.0,0.0,False,orphan_cancel|unknown_link_gt_1pct,0,0,125,237949,9.701391965654924,0,2504696,1.186204484693635,0,0,0,0.0,0.0,0.0,0.0,0.0,0.0,0.0,0.0,0.0,0.0,0.0,0.0,0.0,1229949,0.582494250697271,21.66736398541004,0.0,87100,0.0,0.0,-1591607,-28.03850256451813,3.385689354275745,False,2000,16.335755892049775,8,2,8.420343550016842,8.175835709199369,0.540722471623504,100.0,21.66736398541004,False,-0.1709986320109324,-1.6073871409028715,-4.445964432284533,1.2653898768809846,65.0,,,legacy,65.0,watch,20260714,0.5,0.5,0.5,0.5,0.5,0.5,0.5,0.5,0.5,0.5,0.5,0.8333333333333334,0.5,0.8333333333333334,0.5,0.5,0.4166666666666667,0.6666666666666666,0.8333333333333334,0.5833333333333334,0.8333333333333334,0.5,0.75,0.16666666666666666,0.16666666666666666,0.16666666666666666,0.6666666666666666,0.6666666666666666,0.6666666666666666,excluded,,,
2,663,603367.SH,辰欣药业,0.0718181818181818,35.67839195979901,2.192421467823267,2.0319413586176207,1.2996467599697654,2.684667466924785,452754129.00000006,13.54,14.87,13.27,14.87,24698131.0,357973807.0,13.52,9.98520710059172,10.0,14.87,True,False,True,66.14967041488948,50.83333333333333,True,CONTINUOUS_TRIGGER,130600000,130859999,93000000,238500,131,60,129900,67,66,49300,0.9656601141195664,54.46540880503144,0.525950728822355,20.670859538784068,False,orphan_cancel,0,0,35,79000,0.5401218416081768,19024092,19817992,4.377208451698073,2045648,17,299948,1.5766744609939858,8544.0660878632,9617.100000000002,71.04815304719932,166.52367660785868,20.234437470129983,42.9870846307656,37.85052132842924,51.39654497045115,68.34539423246237,4.201859415842014,0.4518231571997436,0.0662496442964521,2689148,0.5939532801036034,10.888062744504836,14.135486729143237,2608448,127.51206463673124,0.0,177817,0.7199613606389893,9.818181818181817,False,3600,-5.577944339189067,14,3,7.8498179101621615,5.264103510804205,1.5255860869244549,19.01060070671378,10.888062744504836,False,-6.052454606590441,-6.993947545393409,-6.993947545393409,-2.824478816408882,62.91666666666668,,,legacy,62.91666666666668,watch,20260714,1.0,1.0,1.0,1.0,1.0,1.0,1.0,1.0,1.0,1.0,1.0,0.3333333333333333,0.6666666666666666,0.3333333333333333,1.0,1.0,0.4166666666666667,0.8333333333333334,0.16666666666666666,0.9166666666666666,0.6666666666666666,0.16666666666666666,0.3333333333333333,0.3333333333333333,1.0,0.5,0.3333333333333333,0.3333333333333333,0.3333333333333333,excluded,,,
3,404,600829.SH,人民同泰,0.0647887323943661,37.13527851458886,1.902651858244539,1.0643556334666076,0.8752488124658154,1.872546485344775,579888597.0,8.16,8.99,8.06,8.99,11557501.0,102163227.0,8.17,10.03671970624236,10.0,8.99,True,False,True,77.35362543621558,59.16666666666666,False,NONE,0,0,93000000,114500,106,53,41700,35,34,50500,0.9906985947913828,36.41921397379912,0.3608046410724948,44.10480349344978,False,launch_not_detected|orphan_cancel,0,0,55,55000,0.7380488221458947,0,4195300,0.72346654541993,0,0,0,0.0,0.0,0.0,0.0,0.0,0.0,0.0,0.0,0.0,0.0,0.0,0.0,0.0,2632300,0.4539320161868952,22.775684812832807,0.0,0,0.0,0.0,-5540101,-47.93511157818632,10.171568627450988,False,4800,9.284879144721684,9,3,5.111827962775131,9.932252556433696,0.3573962327802076,100.0,22.775684812832807,False,4.115684093437144,0.2224694104560498,2.8921023359288034,7.119021134593995,61.66666666666667,,,legacy,61.66666666666667,invalid,20260714,0.5,0.5,0.5,0.5,0.5,0.5,0.5,0.5,0.5,0.5,0.5,1.0,0.3333333333333333,1.0,0.5,0.5,0.4166666666666667,0.5,0.6666666666666666,0.9166666666666666,0.5,0.6666666666666666,0.75,0.5,0.6666666666666666,0.3333333333333333,1.0,1.0,1.0,excluded,,,
4,305,300532.SZ,今天国际,0.0175438596491228,39.9334442595674,1.5268164863340972,1.308952693410034,1.0258010498347483,7.09119297477765,604581510.0,6.72,7.3,6.72,7.3,56123729.0,402196534.0,6.08,20.065789473684205,20.0,7.3,True,False,True,79.50368359829392,92.5,False,NONE,0,0,93000000,1287400,138,56,559540,61,60,581860,2.293860409738633,43.46279322665838,0.9969758067928808,45.19652011806743,False,launch_not_detected|orphan_cancel|unknown_link_gt_1pct,0,0,495,1520979,3.870910822764468,0,58701837,9.709499220378076,0,0,0,0.0,0.0,0.0,0.0,0.0,0.0,0.0,0.0,0.0,0.0,0.0,0.0,0.0,8536568,1.4119796683825143,15.210265162530453,0.0,0,0.0,0.0,6296767,11.219438038409743,8.630952380952372,False,5600,25.88775596147576,4,2,0.7136698400356016,16.317452381234748,7.448610361901409,-5.89054762726747,15.210265162530453,False,-1.6438356164383603,-2.328767123287667,-8.21917808219178,-2.1917808219178103,59.583333333333336,,,legacy,59.583333333333336,invalid,20260714,0.5,0.5,0.5,0.5,0.5,0.5,0.5,0.5,0.5,0.5,0.5,0.5,1.0,0.5,0.5,0.5,0.4166666666666667,1.0,1.0,0.5833333333333334,0.16666666666666666,0.8333333333333334,0.16666666666666666,0.6666666666666666,0.8333333333333334,0.6666666666666666,0.5,0.5,0.5,excluded,,,
5,367,600354.SH,敦煌种业,0.0731707317073169,37.2043010752688,1.3277278036234657,2.059339876038377,0.5019749479406975,2.9420295093896502,527802080.0,5.41,5.41,5.23,5.41,31977621.0,172327452.0,4.92,9.959349593495936,10.0,5.41,True,False,True,78.11360992632802,54.16666666666666,False,NONE,0,0,93000000,144352300,884,66,8289101,322,321,121568699,451.4166329008653,5.742271512126928,25.921568712068986,84.2166692182944,False,launch_not_detected|orphan_cancel|unknown_link_gt_1pct,0,0,190,2951300,11.284766931223558,0,10934900,2.071780391619525,0,0,0,0.0,0.0,0.0,0.0,0.0,0.0,0.0,0.0,0.0,0.0,0.0,0.0,0.0,5138000,0.9734709647222308,16.067486696399335,0.0,0,0.0,10.544218178593786,-20160021,-63.04415516088579,0.0,False,10000,7.154378369798053,2,1,1.540154040721673,16.435005333817553,0.8228084284927409,100.0,16.067486696399335,False,3.512014787430684,-0.7393715341959317,7.948243992606274,10.351201478743066,51.24999999999999,,,legacy,51.24999999999999,invalid,20260714,0.5,0.5,0.5,0.5,0.5,0.5,0.5,0.5,0.5,0.5,0.5,0.6666666666666666,0.8333333333333334,0.6666666666666666,0.5,0.5,0.8333333333333334,0.3333333333333333,0.5,0.3333333333333333,0.3333333333333333,1.0,0.75,0.8333333333333334,0.5,0.8333333333333334,0.8333333333333334,0.8333333333333334,0.8333333333333334,excluded,,,
6,342,000008.SZ,神州高铁,0.1328671328671328,33.17972350230416,1.838485855942233,1.0916369849830725,0.6253126201736919,0.4146351222522009,2716296952.0,2.6,2.6,2.6,2.6,12294803.0,31966488.0,2.36,10.169491525423746,10.0,2.6,True,False,True,78.59635517642498,40.833333333333336,False,NONE,0,0,93000000,323669500,1448,33,10150803,345,342,311297997,2632.5716646293563,3.1361629687072767,82.5617376707866,96.17773593125088,False,launch_not_detected|orphan_cancel|unknown_link_gt_1pct,0,0,1100,76623100,19.952739381021395,0,9370003,0.3449550312641958,0,0,0,0.0,0.0,0.0,0.0,0.0,0.0,0.0,0.0,0.0,0.0,0.0,0.0,0.0,0,0.0,0.0,0.0,0,0.0,70.30533958128487,-12294803,-100.0,0.0,False,15100,0.0,0,0,100.0,6.309015657283704,0.3182237860126273,100.0,0.0,False,-11.923076923076923,-12.30769230769232,-9.615384615384617,-6.153846153846154,44.583333333333336,,,legacy,44.583333333333336,invalid,20260714,0.5,0.5,0.5,0.5,0.5,0.5,0.5,0.5,0.5,0.5,0.5,0.16666666666666666,0.16666666666666666,0.16666666666666666,0.5,0.5,1.0,0.16666666666666666,0.3333333333333333,0.16666666666666666,1.0,0.3333333333333333,0.75,1.0,0.3333333333333333,1.0,0.16666666666666666,0.16666666666666666,0.16666666666666666,excluded,,,
1,543,000008.SZ,神州高铁,0.3006993006993008,32.258064516129046,2.269740354993343,1.0456727597137876,0.5989833453939116,4.732020814857007,2716296952.0,2.86,2.86,2.52,2.53,134406319.0,355815667.0,2.6,-2.692307692307705,10.0,2.86,True,False,True,72.19034696646636,77.5,False,NONE,0,0,93000000,47332400,3174,52,18965700,2364,2364,28290800,35.215903799880124,40.06917037800745,14.110720493729168,59.77047434738149,False,launch_not_detected,0,0,0,0,0.0,0,238564284,8.782702635819915,0,0,0,0.0,0.0,0.0,0.0,0.0,0.0,0.0,0.0,0.0,0.0,0.0,0.0,0.0,15223650,0.5604560277841081,11.326588000672794,0.0,0,0.0,0.0,-6976827,-5.19084746305715,-11.538461538461542,False,15600,20.92399986045299,0,0,31.4158223640037,5.064125993246706,5.83178569203799,-12.809110724008438,11.326588000672794,False,-9.881422924901184,-9.881422924901184,-6.324110671936745,-4.347826086956519,67.5,,,legacy,67.5,invalid,20260715,0.5,0.5,0.5,0.5,0.5,0.5,0.5,0.5,0.5,0.5,0.5,0.75,0.75,0.75,0.5,0.5,0.625,1.0,1.0,0.5,1.0,0.25,0.25,0.75,1.0,0.75,0.75,0.5,0.6000000000000001,excluded,,,
2,547,002593.SZ,日上集团,0.0557029177718831,39.74025974025975,1.802364434070507,2.4686082665384688,0.9951851462930464,2.944675029216958,560504329.0,4.23,4.47,4.19,4.31,40744456.0,176846970.0,4.06,6.157635467980294,10.0,4.47,True,False,True,71.89765458422175,33.75,True,CONTINUOUS_TRIGGER,100400000,100659999,93000000,728000,174,60,235000,27,26,418600,1.7867461526544863,32.28021978021978,0.5767655849914893,57.49999999999999,True,,0,0,0,0,0.0,17955418,45497861,8.11730768987513,2230300,30,549900,3.0625853433208854,1474.165119592875,1703.6600000000035,48.10135859827936,165.9391821278603,19.119577166067646,18.64216917922948,19.351312233443966,68.22736736064847,23.458919171727317,3.2034396651377155,0.397909504816688,0.0981080736666353,2660700,0.4746974933711885,6.530213582922791,14.818368472402035,1011800,45.36609424741066,0.0,-2145004,-5.264529731357808,1.8912529550827228,False,5000,-2.769947400942106,0,0,2.8860237456941635,13.902354713124792,6.828116933241385,35.96484804101062,6.530213582922791,False,-3.24825986078886,-6.03248259860788,-1.1600928074245953,1.1600928074246175,62.5,,,legacy,62.5,watch,20260715,1.0,1.0,1.0,1.0,1.0,1.0,1.0,1.0,1.0,1.0,1.0,0.25,0.5,0.25,1.0,1.0,0.625,0.75,0.25,0.5,0.25,1.0,0.75,0.25,0.75,0.25,1.0,1.0,1.0,train,,,
3,544,600829.SH,人民同泰,0.1369216241737488,33.9522546419098,2.3628211768899905,1.129008568864818,0.9284146934462236,3.7567545810102914,579888597.0,9.25,9.89,9.15,9.89,24595442.0,237042331.0,8.99,10.011123470522795,10.0,9.89,True,False,True,72.13413452219422,77.5,False,NONE,0,0,93000000,7537100,1279,144,957600,590,589,6453000,30.645043379420773,12.705151848854335,3.893499295502692,85.61648379350147,False,launch_not_detected|orphan_cancel,0,0,15,14700,0.0,0,12798700,2.207096339919924,0,0,0,0.0,0.0,0.0,0.0,0.0,0.0,0.0,0.0,0.0,0.0,0.0,0.0,0.0,4118200,0.7101708882197592,16.74416123510775,0.0,0,0.0,0.0,-6923642,-28.15078868975861,6.918918918918915,False,4400,12.817321615646076,2,1,17.156916557281118,7.192726364302004,0.932955058607576,100.0,16.74375276524813,False,-11.526794742163805,-9.100101112234585,-8.493427704752277,-4.853387259858444,58.75,,,legacy,58.75,invalid,20260715,0.5,0.5,0.5,0.5,0.5,0.5,0.5,0.5,0.5,0.5,0.5,1.0,1.0,1.0,0.5,0.5,0.625,0.25,0.5,1.0,0.5,0.75,1.0,0.5,0.25,0.5,0.25,0.75,0.5499999999999999,excluded,,,
4,655,000567.SZ,海德股份,0.2857142857142857,34.03041825095057,2.1915003347042346,1.2277710026488653,1.2958226353890638,3.4446952116543548,1948764564.0,6.59,6.59,6.14,6.17,82414639.0,521493445.0,5.99,3.005008347245397,10.0,6.59,True,False,True,65.23938747819345,46.25,False,NONE,0,0,93000000,82003800,1248,72,12910925,609,608,69001075,99.5014975434158,15.744300873861944,15.665815147233731,84.1437530943688,False,launch_not_detected,0,0,0,0,0.0,0,94549127,4.85174703741175,0,0,0,0.0,0.0,0.0,0.0,0.0,0.0,0.0,0.0,0.0,0.0,0.0,0.0,0.0,5670460,0.2909771711140371,6.880403856407112,0.0,0,0.0,0.0,-16056419,-19.48248417371579,-6.373292867981794,False,3800,19.307305344139163,0,0,30.34203816516321,6.408824457668043,4.247101755078917,2.5538297812109625,6.880403856407112,False,-11.183144246353317,-13.128038897893024,-2.7552674230145846,1.134521880064843,56.25,,,legacy,56.25,invalid,20260715,0.5,0.5,0.5,0.5,0.5,0.5,0.5,0.5,0.5,0.5,0.5,0.5,0.25,0.5,0.5,0.5,0.625,0.5,0.75,0.5,0.75,0.5,0.5,1.0,0.5,1.0,0.5,0.25,0.35,excluded,,,
1,665,601199.SH,江南水务,0.3841059602649007,27.701375245579563,2.267857033989606,1.6872071645250837,1.519014234740121,3.0128623921295623,935210292.0,5.71,6.24,5.69,6.21,47539760.0,287065693.0,5.67,9.523809523809534,10.0,6.24,True,False,True,61.47925552539744,50.0,True,CONTINUOUS_TRIGGER,130600000,130859999,93000000,1121400,151,52,306000,19,18,732000,2.3588676089235623,27.287319422150887,0.6436717391926252,65.27554842161584,True,,0,0,0,0,0.0,20141300,26468412,2.8302096572735325,3581100,73,1894500,9.40604628301053,9860.446170944087,11264.739999999998,75.10686996370642,192.4130574611072,7.637540774428661,29.475175072783067,28.372051456460103,53.84806343185395,31.962929556228303,2.153665349097762,0.382919224759772,0.2025747595172958,3144956,0.3362832965914366,6.615422543151249,15.614463813160024,2810800,78.48984948758762,0.0,4104396,8.633606900834165,8.756567425569184,False,7800,-0.9769590759398028,3,2,12.094292567687472,4.319078109546724,0.9108933116831012,-1.5632782151892652,6.615422543151249,False,-5.636070853462149,-7.4074074074074066,-11.111111111111116,-11.433172302737516,75.0,,,legacy,75.0,medium,20260716,0.5,0.5,1.0,1.0,1.0,1.0,1.0,1.0,0.5,0.5,1.0,0.5,0.5,0.5,0.5,1.0,0.75,1.0,1.0,1.0,1.0,0.5,0.5,1.0,1.0,1.0,1.0,1.0,1.0,train,,,
2,591,002127.SZ,南极电商,0.3233082706766918,34.26294820717133,1.7088515297991198,1.7570616695145875,1.076943220286721,3.533250309296552,1994732997.0,2.93,3.23,2.92,3.23,123835778.0,391155968.0,2.94,9.863945578231291,10.0,3.23,True,False,True,68.19891430787128,85.0,True,CONTINUOUS_TRIGGER,95900000,100159999,93000000,2804900,473,41,307700,81,80,1895600,2.2650158502658257,10.970088060180398,0.2484742333512048,67.58173196905416,True,,0,0,0,0,0.0,50409596,133166916,6.675926863408677,11304200,57,3592200,7.12602417999938,1015.0492187671684,1141.0699999999997,54.656454695649614,395.0974674551774,13.411728195560228,17.64396290468982,17.59445959455815,59.98084174290943,19.479666046108257,2.5271350138496755,0.5667024116511369,0.1800842521481585,16801154,0.8422758346740278,13.567285861441434,33.32927722729617,4639200,41.03961359494701,0.0,5876436,4.7453458886494015,10.23890784982935,False,14600,-4.732125961206462,1,1,5.424757286285981,22.34880561310532,5.404548586810187,100.0,13.567285861441434,False,-5.882352941176472,-7.430340557275539,-5.572755417956666,-4.024767801857587,70.0,,,legacy,70.0,medium,20260716,1.0,1.0,0.5,0.5,0.5,0.5,0.5,0.5,1.0,1.0,0.5,1.0,1.0,1.0,1.0,0.5,0.75,0.5,0.5,0.5,0.5,1.0,1.0,0.5,0.5,0.5,0.5,0.5,0.5,train,,,
1,337,000503.SZ,国新健康,0.0527131782945736,36.94581280788179,1.8369080237445636,1.3541901339538027,1.0545967677703858,3.6564972351801233,979235472.0,7.07,7.07,6.59,6.78,48487750.0,332785693.0,6.43,5.44323483670297,10.0,7.07,True,False,True,76.8294573643411,85.0,False,NONE,0,0,93000000,118509400,948,56,5878100,292,292,112535800,244.4110110285588,4.9600284871917335,12.122855772849842,94.95938718785176,False,launch_not_detected,0,0,0,0,0.0,0,58357615,5.959507867991122,0,0,0,0.0,0.0,0.0,0.0,0.0,0.0,0.0,0.0,0.0,0.0,0.0,0.0,0.0,2588000,0.2642878116653845,5.337430588138241,0.0,0,0.0,0.0,-16976150,-35.011214172651854,-4.101838755304099,False,5300,10.317451315022868,0,0,13.94783995453983,13.993733266231189,5.343096170029265,31.028002273241373,5.337430588138241,False,-5.162241887905616,-3.8348082595870303,11.356932153392329,11.2094395280236,95.0,,,legacy,95.0,invalid,20260720,1.0,1.0,1.0,1.0,1.0,1.0,1.0,1.0,1.0,1.0,1.0,1.0,1.0,1.0,1.0,1.0,1.0,1.0,1.0,1.0,1.0,1.0,1.0,1.0,1.0,1.0,1.0,1.0,1.0,excluded,,,
1,16,002333.SZ,罗普斯金,0.0717299578059071,28.41409691629957,1.4212116970420765,0.7402181547609995,0.6011835688777036,4.572578735112114,666502712.9999999,4.66,5.18,4.65,4.98,22559199.0,111890393.0,4.71,5.732484076433142,10.0,5.18,True,False,True,89.16279069767441,85.0,True,CONTINUOUS_TRIGGER,134600000,134859999,93000000,364700,113,42,55200,24,23,215400,1.6166354133406953,15.135727995612832,0.2446895388439988,59.062242939402246,True,,0,0,0,0,0.0,14931607,6102011,0.9155268059651546,2627700,25,542800,3.6352416722459946,7083.534156981132,8587.919999999998,56.36303580719745,270.48803750484115,11.2961451503512,21.603174232977228,22.45242591771937,59.949334321483285,34.39576467231837,2.2402920061332146,0.3942519585812999,0.0814400285869504,3697000,0.5546864143072139,16.387993208446808,24.75955869987738,3340400,127.12257868097576,0.0,4892007,21.685198131369823,6.866952789699576,False,8100,-5.3534923824201375,7,2,16.71341999339793,6.261940002035672,2.2461267910847957,17.275396359365825,16.387993208446808,False,6.024096385542155,6.827309236947787,7.63052208835342,12.650602409638555,95.0,,,legacy,95.0,watch,20260722,1.0,1.0,1.0,1.0,1.0,1.0,1.0,1.0,1.0,1.0,1.0,1.0,1.0,1.0,1.0,1.0,1.0,1.0,1.0,1.0,1.0,1.0,1.0,1.0,1.0,1.0,1.0,1.0,1.0,train,,,
1,365,000011.SZ,深物业A,0.1197053406998159,39.64401294498383,1.8468375970243076,0.875978240835391,0.8493050220069612,2.7765379901067937,526475543.00000006,6.83,7.51,6.81,7.51,12804869.0,95190065.0,6.83,9.956076134699842,10.0,7.51,True,False,True,76.47286821705427,85.0,False,NONE,0,0,93000000,75700,29,16,11300,3,3,33000,0.6071022624062791,14.927344782034346,0.0906242478889161,43.59313077939234,False,launch_not_detected|orphan_cancel|unknown_link_gt_1pct,0,0,1509,57039579,44.15564626356627,0,7621251,1.4475982980276825,0,0,0,0.0,0.0,0.0,0.0,0.0,0.0,0.0,0.0,0.0,0.0,0.0,0.0,0.0,2383121,0.4526555946778329,19.112260907370068,0.0,0,0.0,0.0,-6860331,-55.01879089770054,9.956076134699842,False,9700,10.949494304667011,7,2,1.2222417664283425,8.040867341866248,1.3671088991117677,100.0,18.61105334228722,False,0.5326231691078487,6.391478029294273,7.856191744340868,14.64713715046604,95.0,,,legacy,95.0,invalid,20260723,1.0,1.0,1.0,1.0,1.0,1.0,1.0,1.0,1.0,1.0,1.0,1.0,1.0,1.0,1.0,1.0,1.0,1.0,1.0,1.0,1.0,1.0,1.0,1.0,1.0,1.0,1.0,1.0,1.0,excluded,,,
1,585,000011.SZ,深物业A,0.2449355432780847,39.64401294498383,2.2376513894939647,0.9608223244664512,0.931565634150384,4.949949585297072,526475543.00000006,7.9,8.26,7.74,8.26,25039293.0,204303352.0,7.51,9.986684420772306,10.0,8.26,True,False,True,68.36208567551851,85.0,False,NONE,0,0,93000000,95200,29,13,85500,20,20,9700,0.3802024282394874,89.81092436974791,0.3414633152781111,10.1890756302521,False,launch_not_detected|orphan_cancel|unknown_link_gt_1pct,0,0,356,2664519,13.39756677634628,0,24763795,4.703693329967276,0,0,0,0.0,0.0,0.0,0.0,0.0,0.0,0.0,0.0,0.0,0.0,0.0,0.0,0.0,5837554,1.1087987044442822,23.313573590116945,0.0,0,0.0,0.0,5159873,20.60710340343875,4.556962025316458,False,7200,27.072150160150287,6,2,2.461148262876885,8.770056009990192,3.3191737455504176,100.0,23.313573590116945,False,-5.32687651331718,-3.874092009685226,-6.0532687651331685,0.363196125907983,95.0,,,legacy,95.0,invalid,20260724,1.0,1.0,1.0,1.0,1.0,1.0,1.0,1.0,1.0,1.0,1.0,1.0,1.0,1.0,1.0,1.0,1.0,1.0,1.0,1.0,1.0,1.0,1.0,1.0,1.0,1.0,1.0,1.0,1.0,excluded,,,
1,630,001328.SZ,登康口腔,0.2014184397163119,35.06172839506172,2.286574309594884,0.9809806829094496,1.0754282632746364,2.266655837194327,161716900.0,28.55,31.42,28.27,31.42,3595849.0,109261998.0,28.56,10.014005602240903,10.0,31.42,True,False,True,67.71827706635622,66.66666666666667,True,CONTINUOUS_TRIGGER,143300000,143559999,93000000,47600,38,31,3300,10,10,40700,1.3237485778740987,6.932773109243698,0.0917724854408513,85.50420168067227,True,,0,0,0,0,0.0,4631428,3390699,2.096688101243593,378743,6,83700,1.8072179897863037,12009.23549900859,14489.35,57.02245614095696,105.0585534164659,12.54688618715437,36.44765342960289,27.798920764826747,64.02340703558384,98.45766604771224,2.8639109456092715,0.2342012492200877,0.0517571138205097,393243,0.2431675353658152,10.936026512792946,8.490750584916789,391143,103.27398790208665,3.0340539883626927,612833,17.04279017277978,10.052539404553418,False,1200,6.130819175109967,42,4,4.466955591253952,5.832971074760894,1.3450795804272777,10.891089108910892,10.936026512792946,False,1.3049013367281814,-1.5913430935709738,-1.0184595798854224,-6.683640992998097,68.33333333333331,,,legacy,68.33333333333331,watch,20260727,0.6666666666666666,1.0,0.6666666666666666,0.6666666666666666,1.0,1.0,1.0,1.0,0.3333333333333333,1.0,1.0,0.6666666666666666,0.6666666666666666,0.6666666666666666,0.6666666666666666,0.3333333333333333,0.3333333333333333,0.6666666666666666,0.6666666666666666,1.0,0.6666666666666666,0.6666666666666666,0.6666666666666666,0.6666666666666666,0.3333333333333333,0.3333333333333333,0.6666666666666666,0.3333333333333333,0.4666666666666667,train,,,
2,688,002577.SZ,雷柏科技,0.160756501182033,26.94006309148267,2.3284137594285155,1.8475737958407057,1.5730508561981464,0.8940652040534701,280673000.0,16.07,17.68,15.97,17.68,4636301.0,79040394.0,16.07,10.018668326073431,10.0,17.68,True,False,True,62.82887077997671,45.0,True,CONTINUOUS_TRIGGER,134800000,135059999,93000000,59700,39,30,6200,8,7,33200,1.287664454917832,10.385259631490786,0.1337272968256375,55.61139028475712,True,,0,0,0,0,0.0,5279000,4289300,1.5282196720026509,379300,4,66900,1.2672854707330934,9308.177315860215,11367.4,53.93445728357643,128.26632058521415,7.751468081075961,25.52814823557182,27.38965713203258,65.42526993748817,87.1276476656714,1.8808364181805877,0.135139468349289,0.0238355666558593,589200,0.209924004090169,12.708406982204131,11.16120477363137,576200,151.91141576588453,8.96622113188941,1021299,22.02831524527851,10.018668326073431,False,1200,8.677176050476447,32,3,8.796675631161477,4.978319966651584,0.9792537935604778,-23.893805309734518,12.708406982204131,False,-0.4524886877827927,0.9615384615384804,5.938914027149322,11.481900452488691,65.0,,,legacy,65.0,watch,20260727,0.3333333333333333,0.3333333333333333,0.3333333333333333,0.3333333333333333,0.6666666666666666,0.6666666666666666,0.6666666666666666,0.6666666666666666,0.6666666666666666,0.3333333333333333,0.6666666666666666,1.0,0.3333333333333333,1.0,1.0,0.6666666666666666,1.0,1.0,1.0,0.6666666666666666,1.0,0.3333333333333333,0.3333333333333333,0.3333333333333333,1.0,0.6666666666666666,0.3333333333333333,0.6666666666666666,0.5333333333333333,train,,,
3,72,000428.SZ,华天酒店,0.0447761194029851,32.5503355704698,1.6337344182274474,1.121283738956504,0.7762638639760837,3.125420908932354,1018926000.0,3.25,3.34,3.16,3.34,35708095.0,117270153.0,3.04,9.868421052631572,10.0,3.34,True,False,True,84.86418315871168,73.33333333333333,True,CONTINUOUS_TRIGGER,130300000,130559999,93000000,8633000,211,43,871200,61,60,7488200,24.176590770244115,10.09150932468435,2.439782911969961,86.7392563419437,True,,0,0,0,0,0.0,38016059,41273593,4.05069583070802,1584900,35,1043500,2.744892625508604,9220.920849389417,9901.269999999997,24.651476892962524,171.86515709517747,12.41011594600061,12.800395430152037,17.137762754419125,78.6932096249114,175.59784413030155,3.730993124132665,0.1555461338703694,0.1024117551225506,3053830,0.2997106757507414,8.552206439464216,8.0329999487848,2542400,160.41390624014133,5.500539863579953,-11084267,-31.041328303848186,2.7692307692307683,False,7700,-50.58309607387345,2,2,3.3684984741740545,10.920007929918366,3.559105175449444,100.0,8.552206439464216,False,14.67065868263473,19.46107784431139,29.34131736526948,27.8443113772455,61.66666666666667,,,legacy,61.66666666666667,watch,20260727,1.0,0.6666666666666666,1.0,1.0,0.3333333333333333,0.3333333333333333,0.3333333333333333,0.3333333333333333,1.0,0.6666666666666666,0.3333333333333333,0.3333333333333333,1.0,0.3333333333333333,0.3333333333333333,1.0,0.6666666666666666,0.3333333333333333,0.3333333333333333,0.3333333333333333,0.3333333333333333,1.0,1.0,1.0,0.6666666666666666,1.0,1.0,1.0,1.0,train,,,
1,618,000503.SZ,国新健康,0.0666666666666666,36.94581280788179,2.425759233760429,1.755529322777633,1.3671459443601162,2.1470624009459125,979235472.0,6.51,7.17,6.46,7.17,36909647.0,253578742.0,6.52,9.969325153374232,10.0,7.17,True,False,True,69.24151309408342,55.00000000000001,True,CONTINUOUS_TRIGGER,130000000,130259999,93000000,780900,216,64,102600,34,34,512500,2.1157070399508293,13.138686131386862,0.2779761074387951,65.62940197208349,True,,0,0,0,0,0.0,39792452,42862448,4.377133919838231,3391600,93,1647000,4.138975904274509,9717.766954155984,10338.449999999995,46.156678155947766,177.48555506680268,11.153326263985944,17.838896290126613,19.969744513356453,71.5070310319153,96.99103868427676,4.063624443539358,0.3463518323200612,0.1681924365583031,3818826,0.3899803580644799,10.346417022086394,9.596860228668492,3818826,112.59659157919566,6.517266339610346,3543917,9.601600903958794,10.138248847926269,False,4900,-28.35425925368509,5,1,17.69839892608374,11.965314099650998,2.6565730862331343,19.78191479094318,10.346417022086394,False,7.670850767085069,6.41562064156207,3.4867503486750278,-2.231520223152028,78.75,,,legacy,78.75,watch,20260728,1.0,1.0,1.0,1.0,1.0,1.0,1.0,1.0,1.0,1.0,1.0,0.5,0.5,0.5,1.0,1.0,1.0,1.0,0.5,0.75,1.0,1.0,0.5,0.5,0.5,0.5,0.5,0.5,0.5,train,,,
2,589,000428.SZ,华天酒店,0.2686567164179103,32.5503355704698,2.11107830044102,1.2255409617577675,0.8484410585677402,2.5248534007060184,1018926000.0,3.42,3.67,3.42,3.67,31528742.0,112758429.0,3.34,9.880239520958089,10.0,3.67,True,False,True,70.91367604267703,80.0,False,NONE,0,0,93000000,5849300,592,58,2460400,277,276,3191200,18.55227842582492,42.063152855897286,7.80367323250639,54.55695553314072,False,launch_not_detected,0,0,0,0,0.0,0,33550442,3.292726066466064,0,0,0,0.0,0.0,0.0,0.0,0.0,0.0,0.0,0.0,0.0,0.0,0.0,0.0,0.0,10008403,0.9822502321071402,31.743743534074405,0.0,0,0.0,0.0,-5335336,-16.922134095930627,7.309941520467844,False,12000,19.17204942715444,1,1,14.649491572798864,10.585822719216116,2.694772633145096,100.0,31.743743534074405,False,14.713896457765664,8.99182561307903,17.438692098092634,16.621253405994562,66.25,,,legacy,66.25,invalid,20260728,0.5,0.5,0.5,0.5,0.5,0.5,0.5,0.5,0.5,0.5,0.5,1.0,1.0,1.0,0.5,0.5,0.5,0.5,1.0,0.75,0.5,0.5,1.0,1.0,1.0,1.0,1.0,1.0,1.0,excluded,,,
1,349,002597.SZ,金禾实业,0.1100569259962046,34.14766558089033,2.044619341789533,1.291835122338176,0.8048577751487901,2.4653537510949133,565976294.0,19.58,21.54,19.55,21.54,18025386.0,376755228.0,19.58,10.010214504596537,10.0,21.54,True,False,True,77.25261932479627,37.5,True,CONTINUOUS_TRIGGER,102700000,102959999,93000000,76700,57,41,5800,5,5,49000,0.4255109987658516,7.561929595827902,0.0321768421491778,63.88526727509778,False,orphan_cancel,0,0,50,51800,0.5212093655026306,10429147,17603089,3.110216662184088,1155200,6,77500,0.7431096713853971,1947.7192102193185,1760.4800000000032,56.397642108218434,158.9880561524164,12.993325340989056,18.823914823914823,19.84726075871785,69.07609030728975,36.48661393437011,1.8426826548321829,0.2041074886433317,0.0136931530209991,1789400,0.3161616518164628,9.927110576161864,17.157683173897155,842496,72.93074792243767,0.0,6274786,34.81082735204672,10.010214504596537,False,2000,15.719496936154377,37,6,7.356220107909383,7.746066481010598,1.7207248966508832,-63.83689839572193,9.927110576161864,False,-2.042711234911787,-4.363974001856996,-5.478180129990717,-8.31012070566388,69.99999999999999,,,legacy,69.99999999999999,watch,20260729,0.6666666666666666,0.6666666666666666,0.8333333333333334,0.8333333333333334,0.6666666666666666,0.8333333333333334,0.8333333333333334,0.6666666666666666,0.6666666666666666,0.5,0.6666666666666666,0.3333333333333333,0.5,0.3333333333333333,0.5,0.6666666666666666,0.5,1.0,0.8333333333333334,1.0,0.8333333333333334,0.5,0.16666666666666666,0.16666666666666666,0.16666666666666666,0.16666666666666666,0.16666666666666666,0.16666666666666666,0.16666666666666666,excluded,,,
2,22,002945.SZ,华林证券,0.0572429906542056,29.8329355608592,1.8988339639275904,0.387928583333328,0.798991248039199,3.33258668005592,2700000000.0,13.15,14.37,13.14,14.37,34905752.0,485611215.0,13.06,10.03062787136293,10.0,14.37,True,False,True,88.95421032207994,83.33333333333334,True,CONTINUOUS_TRIGGER,103000000,103259999,93000000,175900,78,47,40900,29,29,60700,0.5039284069857599,23.251847640704945,0.1171726654105604,34.508243320068225,False,orphan_cancel,0,0,86,209900,0.2287588589983679,19709935,35796435,1.3257938888888887,4733053,32,1004500,5.096414574680231,1963.3545833333333,1761.9500000000007,60.54232548204751,245.8467418537969,13.404914831023037,13.574166036921085,16.2179885423265,59.76847209288108,21.34999412131273,0.7299975925925926,0.1752982592592592,0.0372037037037037,5913960,0.2190355555555555,16.942651744044937,30.00496957498845,2780029,58.73648573130282,0.0,5575182,15.972101102420025,9.277566539923953,False,3600,3.411615369295009,22,3,14.788522691512645,4.324007407407407,0.8470453703703704,4.556161690515939,16.942651744044937,False,3.6882393876130894,4.592901878914413,2.157272094641627,-3.131524008350728,67.5,,,legacy,67.5,watch,20260729,0.5,0.5,1.0,1.0,0.5,1.0,1.0,0.8333333333333334,1.0,0.6666666666666666,0.5,0.8333333333333334,0.16666666666666666,0.8333333333333334,1.0,0.5,0.5,0.8333333333333334,0.5,0.6666666666666666,1.0,0.16666666666666666,0.3333333333333333,0.5,1.0,0.5,0.8333333333333334,0.8333333333333334,0.8333333333333334,excluded,,,
3,654,600419.SH,天润乳业,0.1498881431767335,32.065217391304344,2.0083740130898,1.896637257038024,1.2453932850375715,2.844780147841353,315514808.0,7.98,8.83,7.98,8.83,17023652.0,146916118.0,8.03,9.96264009962642,10.0,8.83,True,False,True,67.17694994179277,34.166666666666664,True,CONTINUOUS_TRIGGER,95700000,95959999,93000000,337100,157,55,40700,23,22,261200,1.980186155121122,12.07356867398398,0.2390791353112716,77.4844259863542,True,,0,0,0,0,0.0,8303812,10699604,3.391157476196806,1252502,2,20000,0.2408532370434205,889.2397219003475,785.0699999999997,61.180720372763744,184.3165086388467,16.77181516151859,34.05672195691694,28.30663796338356,56.60990398144852,36.63156413206755,2.631829565349592,0.3969709085730137,0.0063388467016102,1554804,0.4927832103525232,9.13319891642522,18.723978818402923,1473602,117.65266642288796,5.206507078832927,-1611984,-9.469084541906756,10.65162907268169,False,4000,-0.8308323031979272,9,2,2.6926904989988,12.815150026175631,1.4529146917250235,100.0,9.13319891642522,False,0.0,-1.5855039637599155,1.1325028312570762,0.4530011325028171,58.33333333333333,,,legacy,58.33333333333333,watch,20260729,0.8333333333333334,1.0,0.6666666666666666,0.6666666666666666,1.0,0.5,0.5,1.0,0.8333333333333334,0.8333333333333334,1.0,0.16666666666666666,0.8333333333333334,0.16666666666666666,0.6666666666666666,1.0,1.0,0.6666666666666666,0.3333333333333333,0.4166666666666667,0.6666666666666666,0.8333333333333334,0.75,0.6666666666666666,0.6666666666666666,0.6666666666666666,0.6666666666666666,0.5,0.5666666666666667,train,,,
4,521,603719.SH,良品铺子,0.0774410774410773,36.53136531365311,1.955119003353812,1.5332406950288395,1.36607251456136,1.3273612379416924,397983400.0,8.58,9.45,8.55,9.45,8117400.0,74643827.0,8.59,10.011641443538988,10.0,9.45,True,False,True,72.9918509895227,29.166666666666664,False,NONE,0,0,93000000,230900,108,48,22600,15,14,156100,2.8445068618030405,9.78778692074491,0.2784142705792495,67.60502381983542,False,launch_not_detected,0,0,0,0,0.0,0,4814200,1.2096484426234864,0,0,0,0.0,0.0,0.0,0.0,0.0,0.0,0.0,0.0,0.0,0.0,0.0,0.0,0.0,1822400,0.4579085459343279,22.45053834971789,0.0,0,0.0,0.0,-868000,-10.693079064725158,10.139860139860124,False,3600,19.959592973119477,11,4,0.4741024328354886,8.344544018670126,0.541907024262821,100.0,22.45053834971789,False,4.0211640211640365,5.291005291005302,6.455026455026469,1.7989417989418,55.41666666666667,,,legacy,55.41666666666667,invalid,20260729,0.25,0.25,0.25,0.25,0.25,0.25,0.25,0.25,0.25,0.25,0.25,1.0,0.6666666666666666,1.0,0.25,0.25,0.5,0.5,1.0,0.8333333333333334,0.16666666666666666,0.6666666666666666,0.75,1.0,0.3333333333333333,1.0,1.0,1.0,1.0,excluded,,,
5,461,001318.SZ,阳光乳业,0.0713422007255139,39.894736842105246,1.8707184621527917,1.1995735335739004,1.4083672405557517,3.427759791811434,282660000.0,10.12,11.1,10.11,11.1,11622555.0,125666251.0,10.09,10.009910802775025,10.0,11.1,True,False,True,74.67597982149786,75.83333333333333,True,CONTINUOUS_TRIGGER,95700000,95959999,93000000,49900,51,30,9200,9,9,34100,0.4293376112223173,18.43687374749499,0.0791564333315695,68.33667334669339,False,orphan_cancel,0,0,37,75100,0.4581608777071823,7720000,13352555,4.723892662562796,881600,1,15000,0.194300518134715,1041.7009164908047,1146.6299999999974,50.1619170984456,136.8133925949471,23.120466321243523,25.615826419910658,24.009067357512954,64.57124352331606,34.561247505389304,2.731196490483266,0.3118941484468973,0.0053067289322861,1618100,0.5724545390221467,13.922067910197024,20.95984455958549,695700,78.91333938294011,0.0,-3330955,-28.659404063908493,9.683794466403173,False,3500,-6.625049311446579,7,1,1.3093915742859037,18.558338640062267,3.79128812000283,100.0,13.922067910197024,False,-1.3513513513513598,-0.7207207207207245,4.144144144144146,1.6216216216216273,53.75000000000001,,,legacy,53.75000000000001,watch,20260729,1.0,0.8333333333333334,0.5,0.5,0.8333333333333334,0.6666666666666666,0.6666666666666666,0.5,0.5,1.0,0.8333333333333334,0.6666666666666666,1.0,0.6666666666666666,0.8333333333333334,0.8333333333333334,0.5,0.3333333333333333,0.16666666666666666,0.16666666666666666,0.5,1.0,0.75,0.3333333333333333,0.8333333333333334,0.3333333333333333,0.5,0.6666666666666666,0.6,excluded,,,
6,316,605337.SH,李子园,0.1267175572519084,33.25031133250312,1.959992758705519,0.8135256516699416,0.9112618577872392,2.956085170741362,390102653.0,8.93,9.75,8.8,9.75,9381388.0,89252533.0,8.86,10.04514672686232,10.0,9.75,True,False,True,77.9569266589057,75.0,False,NONE,0,0,93000000,230800,105,57,26100,26,25,148800,2.460190325781217,11.30849220103986,0.278210431121706,64.47140381282496,False,launch_not_detected,0,0,0,0,0.0,0,4017784,1.0299299348779358,0,0,0,0.0,0.0,0.0,0.0,0.0,0.0,0.0,0.0,0.0,0.0,0.0,0.0,0.0,1216490,0.3118384329470325,12.967057753074492,0.0,0,0.0,0.0,-3704552,-39.48831452232868,9.182530795072786,False,4500,7.858218847786702,9,2,1.247140060247869,7.300129794298014,0.4234070153837175,100.0,12.967057753074492,False,-1.9487179487179485,-2.4615384615384595,1.025641025641022,-1.7435897435897465,40.0,,,legacy,40.0,invalid,20260729,0.25,0.25,0.25,0.25,0.25,0.25,0.25,0.25,0.25,0.25,0.25,0.5,0.3333333333333333,0.5,0.25,0.25,0.5,0.16666666666666666,0.6666666666666666,0.4166666666666667,0.3333333333333333,0.3333333333333333,0.75,0.8333333333333334,0.5,0.8333333333333334,0.3333333333333333,0.3333333333333333,0.3333333333333333,excluded,,,
1,351,000025.SZ,特  力Ａ,0.1877256317689531,30.72669826224328,1.1645019720881022,1.3193007826908532,0.9792465516366564,2.824530088702805,392778320.0,14.23,15.64,14.13,15.64,14636510.0,223174738.0,14.22,9.985935302391002,10.0,15.64,True,False,True,76.34160527336175,45.0,True,CONTINUOUS_TRIGGER,103500000,103759999,93000000,93600,49,31,8500,12,12,52900,0.6394967106229559,9.08119658119658,0.0580739534219564,56.51709401709402,False,orphan_cancel,0,0,37,57800,0.8614724411762094,7182415,14303321,3.641575991261433,853500,7,86700,1.2071148770991371,1564.651575679726,1139.3499999999983,58.118404464236605,269.5644835304912,9.07911893144576,30.50650016308653,21.3401759714525,66.7766343214643,25.45992863052736,1.8286179848215651,0.2172981441541885,0.0220735197400915,1994669,0.507835819451542,13.62803701155535,27.771564299751542,1886879,221.0754540128881,20.79594110891189,-4179572,-28.555796429613345,9.908643710470844,False,5000,-2.898375364072446,34,4,4.705336637032088,10.270958947021311,2.7987201533933947,100.0,13.62803701155535,False,-0.6393861892583175,-3.132992327365736,-3.900255754475712,-1.0230179028132946,75.0,,,legacy,75.0,watch,20260730,1.0,1.0,1.0,1.0,1.0,1.0,1.0,0.6666666666666666,0.6666666666666666,1.0,1.0,0.6666666666666666,1.0,0.6666666666666666,0.6666666666666666,1.0,1.0,0.3333333333333333,0.3333333333333333,1.0,1.0,1.0,1.0,0.3333333333333333,0.6666666666666666,0.3333333333333333,1.0,0.3333333333333333,0.6,excluded,,,
2,48,600569.SH,安阳钢铁,0.1209677419354838,32.29813664596273,1.5667564075541978,0.5846820763086966,0.7030269300917706,3.488210955315042,2872421386.0,1.77,1.94,1.76,1.84,58582874.0,109493090.0,1.76,4.545454545454541,10.0,1.94,True,False,True,85.5835595191935,58.33333333333333,True,CONTINUOUS_TRIGGER,93400000,93659999,93000000,4130800,285,26,159400,20,20,2911900,7.0512074911176255,3.8588166941028375,0.2720931718030768,70.49239856686356,True,,0,0,0,0,0.0,7153200,60585554,2.109215392117959,3364600,0,0,0.0,496.3669786096255,222.5450000000019,85.43309288150758,432.9515755915623,5.74288430352849,10.641730100317588,10.426103002851873,42.5376055471677,8.532186386075903,0.2490303141058705,0.1171346243416389,0.0,10924714,0.3803311747101718,18.648306670649173,152.72485041659675,5974180,177.5598882482316,0.0,5345754,9.125113936881965,3.9548022598870025,False,10000,16.92689232010024,2,2,2.558365290984937,1.6268859864281764,1.047924205922898,5.405078615367231,18.648306670649173,False,-1.0869565217391353,-2.717391304347827,-3.8043478260869614,-5.434782608695654,62.49999999999999,,,legacy,62.49999999999999,watch,20260730,0.6666666666666666,0.6666666666666666,0.5,0.5,0.6666666666666666,0.6666666666666666,0.6666666666666666,1.0,1.0,0.6666666666666666,0.6666666666666666,1.0,0.6666666666666666,1.0,1.0,0.6666666666666666,0.5,0.6666666666666666,0.6666666666666666,0.3333333333333333,0.6666666666666666,0.3333333333333333,0.6666666666666666,1.0,0.3333333333333333,1.0,0.6666666666666666,0.6666666666666666,0.6666666666666666,train,,,
3,512,603170.SH,宝立食品,0.3179396092362342,24.97652582159624,1.867977372470244,0.7485944601384925,1.0534018257611737,4.398226761103957,400010000.0,12.39,13.68,12.37,13.17,13170282.0,176561665.0,12.44,5.86816720257235,10.0,13.68,True,False,True,72.31485071733229,81.66666666666666,False,NONE,0,0,93000000,113000,77,49,12100,21,21,78400,0.8579922586319715,10.707964601769913,0.0918735073402376,69.38053097345133,False,launch_not_detected,0,0,0,0,0.0,0,9747673,2.436857328566786,0,0,0,0.0,0.0,0.0,0.0,0.0,0.0,0.0,0.0,0.0,0.0,0.0,0.0,0.0,1444100,0.361015974600635,10.964837351242746,0.0,0,0.0,0.0,1451082,11.017850642833617,6.299840510366828,False,2300,25.42922011844545,17,3,0.9266844153184516,5.659858503537412,0.5499362515937102,-35.883620689655174,10.964837351242746,False,-1.3667425968109326,-2.4297646165527764,-3.568716780561887,-5.542900531511008,57.49999999999999,,,legacy,57.49999999999999,invalid,20260730,0.3333333333333333,0.3333333333333333,0.5,0.5,0.3333333333333333,0.3333333333333333,0.3333333333333333,0.3333333333333333,0.3333333333333333,0.3333333333333333,0.3333333333333333,0.3333333333333333,0.3333333333333333,0.3333333333333333,0.3333333333333333,0.3333333333333333,0.5,1.0,1.0,0.6666666666666666,0.3333333333333333,0.6666666666666666,0.3333333333333333,0.6666666666666666,1.0,0.6666666666666666,0.3333333333333333,1.0,0.7333333333333333,excluded,,,
1,102,603107.SH,上海汽配,0.1232394366197182,32.11009174311927,1.385406975390104,0.8234549334334474,0.91795191923744,7.36862697196157,218173998.0,11.6,12.76,11.55,12.56,13238214.0,164353348.0,11.6,8.275862068965534,10.0,12.76,True,False,True,81.71738709052141,85.0,True,CONTINUOUS_TRIGGER,104400000,104659999,93000000,310600,63,38,3400,7,7,194000,2.346237944181897,1.0946555054732776,0.0256832228274901,62.45975531229878,True,,0,0,0,0,0.0,2149912,8467506,3.8810793575868745,590238,12,133300,6.200253777829047,1980.0561029411765,1781.1550000000025,71.57213876660998,236.579915414569,8.284059998734831,19.76861167002012,25.9391082053591,46.6068378612706,12.141879561699184,0.985411652950504,0.2705354466667471,0.0610980232392312,1510723,0.6924395270970833,11.411833952827775,70.26906217556812,527691,89.40308824575848,0.0,-326654,-2.467508079262052,8.275862068965534,False,2900,18.16754133148172,6,2,11.51651457279201,8.466387914842171,0.9096780634693232,18.72298959566872,11.411833952827775,False,-2.149681528662428,-4.458598726114649,-4.299363057324845,-5.891719745222934,95.0,,,legacy,95.0,medium,20260731,1.0,1.0,1.0,1.0,1.0,1.0,1.0,1.0,1.0,1.0,1.0,1.0,1.0,1.0,1.0,1.0,1.0,1.0,1.0,1.0,1.0,1.0,1.0,1.0,1.0,1.0,1.0,1.0,1.0,train,,,
1,772,002649.SZ,博彦科技,0.1911589008363201,38.939197930142285,1.9832574429848195,2.3452605602619423,1.2168402658862183,1.939158509221912,585166782.0,9.81,10.26,9.61,10.26,26612402.0,267961489.0,9.33,9.967845659163975,10.0,10.26,True,False,True,62.69133888781243,85.0,False,NONE,0,0,93000000,4332100,322,98,821849,85,83,3415251,16.2785005276863,18.9711456337573,3.088218042099319,78.83592253179751,False,launch_not_detected,0,0,0,0,0.0,0,28011202,4.786874932350484,0,0,0,0.0,0.0,0.0,0.0,0.0,0.0,0.0,0.0,0.0,0.0,0.0,0.0,0.0,5212022,0.8906899981892683,19.584936376656263,0.0,0,0.0,0.0,-3697396,-13.893507245231,4.587155963302747,False,5000,18.74225783903309,7,1,5.589149752829101,27.77984072240109,4.101343879769306,100.0,19.584936376656263,False,5.165692007797262,1.949317738791434,-9.844054580896689,-5.263157894736836,95.0,,100.0,v4,100.0,invalid,20260805,1.0,1.0,1.0,1.0,1.0,1.0,1.0,1.0,1.0,1.0,1.0,1.0,1.0,1.0,1.0,1.0,1.0,1.0,1.0,1.0,1.0,1.0,1.0,1.0,1.0,1.0,1.0,1.0,1.0,excluded,,,
1,865,002649.SZ,博彦科技,0.3022700119474312,38.8098318240621,2.2994889219229178,2.478489457386864,1.2859661827877975,3.871929396467576,585166782.0,10.78,11.29,10.77,11.29,56155742.0,623599748.0,10.26,10.038986354775826,10.0,11.29,True,False,True,53.66789381902733,70.83333333333334,False,NONE,0,0,93000000,37132000,2402,167,4729600,1043,1042,32246800,66.12324702253957,12.737261661100938,8.422290992076999,86.84369277173327,False,launch_not_detected,0,0,0,0,0.0,0,59906347,10.23748251656568,0,0,0,0.0,0.0,0.0,0.0,0.0,0.0,0.0,0.0,0.0,0.0,0.0,0.0,0.0,16681881,2.8507908365857992,29.706456376268697,0.0,0,0.0,0.0,-10449540,-18.608141621563828,4.730983302411862,False,5400,18.360156295325957,6,1,21.573120882514992,21.38668903458023,8.328222568177154,100.0,29.706456376268697,False,-8.237378210806023,-9.388839681133732,-16.20903454384409,-13.463241806908766,73.33333333333334,,100.0,v4,100.0,invalid,20260806,0.5,0.5,0.5,0.5,0.5,0.5,0.5,0.5,0.5,0.5,0.5,1.0,1.0,1.0,0.5,0.5,0.5,0.8333333333333334,1.0,0.4166666666666667,1.0,0.8333333333333334,0.75,0.8333333333333334,0.6666666666666666,0.8333333333333334,0.16666666666666666,0.16666666666666666,0.16666666666666666,excluded,,,
2,576,002376.SZ,新北洋,0.2770700636942674,30.839416058394157,1.2419748872581229,1.3735119608018371,0.9509462363227932,3.541862137597109,787464555.0,6.99,6.99,6.74,6.99,38308497.0,266856382.0,6.35,10.078740157480317,10.0,6.99,True,False,True,73.82290253826778,65.0,False,NONE,0,0,93000000,85423600,1085,76,8629600,516,516,76734000,222.9886492283944,10.102126344476234,22.526595078893333,89.82763545437092,False,launch_not_detected,0,0,0,0,0.0,0,39295172,4.990087712582822,0,0,0,0.0,0.0,0.0,0.0,0.0,0.0,0.0,0.0,0.0,0.0,0.0,0.0,0.0,5755834,0.7309324544772685,15.024953863368744,0.0,0,0.0,65.83367876603758,-18691655,-48.792451972208674,0.0,False,10000,13.001389743899376,0,0,2.173853852179201,13.068473920073773,3.8376052367207816,100.0,15.024953863368744,False,-6.7238912732475065,-4.864091559370531,-3.433476394849788,-3.0042918454935563,46.24999999999999,,83.33333333333334,v4,83.33333333333334,invalid,20260806,0.5,0.5,0.5,0.5,0.5,0.5,0.5,0.5,0.5,0.5,0.5,0.6666666666666666,0.6666666666666666,0.6666666666666666,0.5,0.5,1.0,0.16666666666666666,0.6666666666666666,0.16666666666666666,0.16666666666666666,0.3333333333333333,0.75,1.0,0.5,1.0,0.3333333333333333,0.5,0.43333333333333335,excluded,,,
3,692,002826.SZ,易明医药,0.1552013422818791,35.15358361774745,2.0470867927161764,2.467933337335941,0.8712928456076982,1.36429153676097,184729311.00000003,16.52,18.15,16.39,18.15,6219800.0,108308668.0,16.5,9.999999999999986,10.0,18.15,True,False,True,70.73435380740167,29.166666666666664,False,NONE,0,0,93000000,222000,86,38,20100,17,16,192700,3.569246599569118,9.054054054054054,0.3231615164474742,86.8018018018018,False,launch_not_detected,0,0,0,0,0.0,0,7280800,3.941334464242114,0,0,0,0.0,0.0,0.0,0.0,0.0,0.0,0.0,0.0,0.0,0.0,0.0,0.0,0.0,902000,0.4882820138922078,14.502074021672724,0.0,0,0.0,0.0,-729400,-11.72706517894466,9.866828087167058,False,2400,16.431396507926298,23,2,14.53692511368215,15.570566384021207,2.798418925516373,100.0,14.502074021672724,False,-3.526170798898054,-2.865013774104685,-2.0385674931129305,-4.407713498622579,64.16666666666666,,66.66666666666666,v4,66.66666666666666,invalid,20260806,0.5,0.5,0.5,0.5,0.5,0.5,0.5,0.5,0.5,0.5,0.5,0.5,0.3333333333333333,0.5,0.5,0.5,0.5,1.0,0.8333333333333334,0.75,0.6666666666666666,0.5,0.75,0.6666666666666666,0.3333333333333333,0.6666666666666666,0.5,0.6666666666666666,0.6,excluded,,,
4,49,002302.SZ,西部建设,0.0924574209245742,37.02830188679245,1.5498940429576191,0.5625412514932047,0.8254200524176319,2.4309619708954053,1262354304.0,4.59,5.08,4.59,5.08,17262902.0,85666166.0,4.62,9.956709956709965,10.0,5.08,True,False,True,87.95388490602596,36.66666666666666,False,NONE,0,0,93000000,215800,114,34,36500,27,27,126200,1.250079505751698,16.91380908248378,0.211436060982099,58.480074142724746,False,launch_not_detected,0,0,0,0,0.0,0,17662557,1.3991758846175726,0,0,0,0.0,0.0,0.0,0.0,0.0,0.0,0.0,0.0,0.0,0.0,0.0,0.0,0.0,4387493,0.3475643079044788,25.415732534425555,0.0,0,0.0,0.0,-5800116,-33.598730966554754,10.675381263616558,False,7200,11.728914408481264,5,2,3.53292877801162,9.00815243705146,1.2274764660682775,100.0,25.415732534425555,False,-2.559055118110232,-5.905511811023622,-7.480314960629919,-5.905511811023622,52.5,,50.0,v4,50.0,invalid,20260806,0.5,0.5,0.5,0.5,0.5,0.5,0.5,0.5,0.5,0.5,0.5,0.8333333333333334,0.16666666666666666,0.8333333333333334,0.5,0.5,0.5,0.5,0.5,0.75,0.3333333333333333,0.16666666666666666,0.75,0.3333333333333333,1.0,0.3333333333333333,0.6666666666666666,0.3333333333333333,0.4666666666666667,excluded,,,
5,593,600272.SH,开开实业,0.1094295692665891,29.75460122699387,1.966715066511983,2.12959053125,1.2810289490008837,3.9061775622740393,160000000.0,10.7,11.79,10.62,11.79,13309694.0,152111655.0,10.72,9.981343283582069,10.0,11.79,True,False,True,73.31912420073628,73.33333333333333,False,NONE,0,0,93000000,105700,60,33,8500,7,7,81700,0.794158002430409,8.04162724692526,0.0638632263070811,77.2942289498581,False,launch_not_detected,0,0,0,0,0.0,0,7035008,4.39688,0,0,0,0.0,0.0,0.0,0.0,0.0,0.0,0.0,0.0,0.0,0.0,0.0,0.0,0.0,1102100,0.6888125,8.28043078976872,0.0,0,0.0,0.0,-4718522,-35.45176921422837,10.186915887850455,False,3000,9.575907605388974,4,1,9.703123148735294,24.50465625,1.76246625,44.77529248741327,8.28043078976872,False,33.16369804919424,35.70822731128076,55.470737913486005,84.05428329092453,42.91666666666667,,33.33333333333333,v4,33.33333333333333,invalid,20260806,0.5,0.5,0.5,0.5,0.5,0.5,0.5,0.5,0.5,0.5,0.5,0.16666666666666666,0.5,0.16666666666666666,0.5,0.5,0.5,0.3333333333333333,0.3333333333333333,0.4166666666666667,0.5,1.0,0.16666666666666666,0.16666666666666666,0.16666666666666666,0.16666666666666666,1.0,1.0,1.0,excluded,,,
6,486,600127.SH,金健米业,0.2093862815884477,33.99602385685885,1.2262330945880593,1.9190474843485184,0.7380705565176031,3.857041898901852,641783218.0,5.59,6.17,5.52,6.17,47503809.0,283422997.0,5.61,9.982174688057045,10.0,6.17,True,False,True,75.8651424142608,60.0,True,CONTINUOUS_TRIGGER,112000000,112259999,93000000,845800,176,41,131300,61,61,648000,1.7804888024873962,15.52376448332939,0.2763988883501952,76.61385670371246,True,,0,0,0,0,0.0,12216805,23062947,3.593572775534932,3916200,95,2260300,18.501564034131672,4256.484620834427,5205.790000000001,68.17129355834034,212.61877562163545,10.039875401138024,35.116244552090784,35.045603167112844,32.89855244476768,18.308327654315047,1.90357190050426,0.6102060462416142,0.352190574107533,6879640,1.071956979716475,14.482291304261516,56.31292305967067,4015402,102.53311883969154,0.0,-15057021,-31.69644985731565,10.37567084078712,False,10000,-1.345361589846406,8,3,15.160118559808112,16.13247232027186,1.5016089124349774,87.10206829802007,14.482291304261516,False,-0.3241491085899439,-0.9724473257698428,39.3841166936791,74.7163695299838,65.83333333333334,100.0,16.666666666666664,v4,16.666666666666664,medium,20260806,1.0,1.0,1.0,1.0,1.0,1.0,1.0,1.0,1.0,1.0,1.0,0.3333333333333333,0.8333333333333334,0.3333333333333333,1.0,1.0,0.5,0.6666666666666666,0.16666666666666666,1.0,0.8333333333333334,0.6666666666666666,0.3333333333333333,0.5,0.8333333333333334,0.5,0.8333333333333334,0.8333333333333334,0.8333333333333334,test,100.0,100.0,100.0
1,889,600272.SH,开开实业,0.2339930151338765,28.42535787321065,2.3955575115899626,2.47632034375,1.4890961383068684,3.9682047901440862,160000000.0,11.9,12.97,11.6,12.97,15722474.0,195787168.0,11.79,10.008481764206966,10.0,12.97,True,False,True,58.73523145458066,85.0,False,NONE,0,0,93000000,1813600,474,123,581600,303,303,1192700,11.535080293343148,32.06881340979268,3.6991633759419793,65.76422584913983,False,launch_not_detected,0,0,0,0,0.0,0,11124076,6.9525475000000005,0,0,0,0.0,0.0,0.0,0.0,0.0,0.0,0.0,0.0,0.0,0.0,0.0,0.0,0.0,3327524,2.0797025,21.164124679105846,0.0,0,0.0,0.0,-1850602,-11.770424934396456,8.991596638655475,False,3400,16.231542186045274,17,2,9.669064197981047,21.96965125,3.7037975,100.0,21.164124679105846,False,33.15343099460293,35.69776407093293,27.2166538164996,56.43793369313799,70.0,,100.0,v4,100.0,invalid,20260807,0.5,0.5,0.5,0.5,0.5,0.5,0.5,0.5,0.5,0.5,0.5,1.0,1.0,1.0,0.5,0.5,0.6666666666666666,0.6666666666666666,1.0,0.3333333333333333,0.6666666666666666,1.0,1.0,1.0,1.0,1.0,1.0,1.0,1.0,excluded,,,
2,896,002698.SZ,博实股份,0.2773536895674299,38.268156424580994,2.327653966959569,2.1140889735103494,1.3920529819663277,3.557247901859903,844138325.0,12.98,14.21,12.98,13.68,63482060.0,875277274.0,12.92,5.882352941176472,10.0,14.21,True,False,True,55.49486732519853,53.333333333333336,True,CONTINUOUS_TRIGGER,95700000,95959999,93000000,625600,239,92,37100,22,22,456500,0.985475266555622,5.930306905370844,0.0584417077832697,72.96994884910487,True,,0,0,0,0,0.0,22206715,60470933,7.163628425471619,3209650,14,368000,1.6571564051684369,1025.1411483870968,1064.050000000003,60.671558130052105,172.22367813210752,25.088852628585546,18.774325139967114,17.68408789863787,67.86240108003368,16.670607412550883,2.6306962191297263,0.380227967969586,0.0435947508958321,4598150,0.5447152278034527,7.243227456701941,20.706124251155565,2632300,82.01205738943499,0.0,-1675116,-2.6387234440722307,5.392912172573183,False,4000,6.567285308636802,6,3,1.047313652758677,18.100967042338706,6.511413517446918,47.67020154384537,7.243227456701941,False,1.8274853801169664,-7.017543859649111,-7.017543859649111,-10.380116959064322,74.99999999999999,100.0,66.66666666666666,v4,66.66666666666666,watch,20260807,1.0,1.0,1.0,1.0,1.0,1.0,1.0,1.0,1.0,1.0,1.0,0.6666666666666666,0.6666666666666666,0.6666666666666666,1.0,1.0,0.6666666666666666,1.0,0.6666666666666666,0.6666666666666666,0.3333333333333333,0.6666666666666666,0.6666666666666666,0.6666666666666666,0.3333333333333333,0.3333333333333333,0.3333333333333333,0.3333333333333333,0.3333333333333333,test,100.0,100.0,100.0
3,621,603102.SH,百合股份,0.1703950499762017,35.22727272727273,1.882128244125063,1.104099453125,1.1508697195887236,3.034407353900481,64000000.0,33.41,36.85,32.77,36.85,2144184.0,77628320.0,33.5,10.000000000000009,10.0,36.85,True,False,True,73.76525276002324,46.66666666666666,False,NONE,0,0,93000000,16200,42,26,5000,12,12,8300,0.7555321744775635,30.8641975308642,0.2331889427399887,51.23456790123457,False,launch_not_detected,0,0,0,0,0.0,0,672700,1.05109375,0,0,0,0.0,0.0,0.0,0.0,0.0,0.0,0.0,0.0,0.0,0.0,0.0,0.0,0.0,151585,0.2368515625,7.069589177048238,0.0,0,0.0,0.0,-1299814,-60.62045048372714,10.291090855630692,False,1300,4.010849815127806,37,4,19.70959332728997,13.8707421875,0.21328125,40.66666666666666,7.069589177048238,False,12.103120759837172,5.183175033921295,5.888738127544113,9.850746268656696,49.99999999999999,,33.33333333333333,v4,33.33333333333333,invalid,20260807,0.5,0.5,0.5,0.5,0.5,0.5,0.5,0.5,0.5,0.5,0.5,0.3333333333333333,0.3333333333333333,0.3333333333333333,0.5,0.5,0.6666666666666666,0.3333333333333333,0.3333333333333333,1.0,1.0,0.3333333333333333,0.3333333333333333,0.3333333333333333,0.6666666666666666,0.6666666666666666,0.6666666666666666,0.6666666666666666,0.6666666666666666,excluded,,,
1,862,603797.SH,联泰环保,0.3416149068322979,35.082872928176776,1.7063054672506286,1.1440684222769428,1.0600522091257505,4.08681785942152,576605190.0,4.2,4.59,4.16,4.59,26959748.0,121521105.0,4.17,10.07194244604317,10.0,4.59,True,False,True,67.08672086720868,88.33333333333333,False,NONE,0,0,93000000,783200,89,33,111700,21,20,591100,2.90507166461645,14.26200204290092,0.4143213801553338,75.47242083758938,False,launch_not_detected,0,0,0,0,0.0,0,15726040,2.7273497139351104,0,0,0,0.0,0.0,0.0,0.0,0.0,0.0,0.0,0.0,0.0,0.0,0.0,0.0,0.0,2951540,0.5118823158702405,10.947950997168071,0.0,0,0.0,0.0,-2631468,-9.76072921749862,9.285714285714274,False,8600,21.325792807855624,3,1,3.7355680145080896,10.602048170950386,0.9129914352661308,100.0,10.947950997168071,False,1.5250544662309462,5.664488017429181,3.267973856209161,6.100217864923763,46.66666666666666,,100.0,v4,100.0,invalid,20260810,0.2222222222222222,0.2222222222222222,0.3888888888888889,0.3888888888888889,0.2222222222222222,0.2222222222222222,0.2222222222222222,0.2222222222222222,0.2222222222222222,0.2777777777777778,0.2222222222222222,0.2222222222222222,0.3333333333333333,0.2222222222222222,0.2222222222222222,0.2222222222222222,0.4444444444444444,0.5555555555555556,0.7777777777777778,0.16666666666666666,0.4444444444444444,0.7777777777777778,0.7777777777777778,0.6666666666666666,0.5555555555555556,0.4444444444444444,0.5555555555555556,0.8888888888888888,0.7555555555555555,excluded,,,
2,253,002783.SZ,凯龙股份,0.1750547045951859,30.78078078078079,1.2242406929418643,1.363493634991472,0.6120253090317386,5.30704657692792,461116586.0,7.5,8.21,7.4,8.21,33366969.0,266913626.0,7.46,10.05361930294908,10.0,8.21,True,False,True,82.57646147890051,87.77777777777777,True,CONTINUOUS_TRIGGER,101300000,101559999,93000000,718000,86,49,195500,31,31,504200,2.151828654259846,27.228412256267408,0.5859087770303619,70.22284122562674,True,,0,0,0,0,0.0,17730451,39065181,8.471866375242463,2969700,33,1142500,6.4437165191116685,1466.2891095041325,1445.5699999999997,57.88126314440619,330.361300243086,7.998442904808231,24.13678773897694,22.32327310794294,60.92757595393371,44.52751761779741,3.845112394200455,0.6440236786451226,0.2477681425235048,4288737,0.93007649913508,12.853241179922575,24.188538689737783,1966330,66.21308549685153,0.0,1466131,4.393959187602566,9.466666666666669,False,8700,-8.010239108023267,5,2,5.174785690582799,28.1404104601,5.28391229891696,100.0,12.853241179922575,False,-5.237515225334965,-4.506699147381255,-5.359317904993921,-1.705237515225344,71.11111111111111,83.33333333333334,88.88888888888889,v4,88.88888888888889,medium,20260810,1.0,1.0,0.8888888888888888,0.8888888888888888,0.6666666666666666,0.7777777777777778,0.8888888888888888,0.5555555555555556,0.8888888888888888,0.5555555555555556,0.6666666666666666,0.6666666666666666,0.8888888888888888,0.6666666666666666,0.6666666666666666,0.5555555555555556,0.4444444444444444,0.7777777777777778,0.3333333333333333,0.4444444444444444,0.5555555555555556,1.0,0.7777777777777778,0.5555555555555556,0.6666666666666666,0.7777777777777778,0.1111111111111111,0.1111111111111111,0.1111111111111111,test,50.0,50.0,66.66666666666666
3,858,600833.SH,第一医药,0.1664315937940761,32.61608154020386,1.7198141681201249,2.1770936972669097,1.517607349311002,2.752486061395008,223086347.0,10.08,11.01,10.08,11.01,13368271.0,144364804.0,10.01,9.990009990009984,10.0,11.01,True,False,True,67.29965156794425,44.44444444444444,True,CONTINUOUS_TRIGGER,94100000,94359999,93000000,614700,158,66,59600,18,18,526100,4.598201218392416,9.695786562550838,0.4458317758519408,85.58646494224826,True,,0,0,0,0,0.0,3522690,6053590,2.713563640898204,903800,0,0,0.0,469.95915778792494,370.84999999999854,68.81105064595522,305.20250214682017,16.004814502553447,41.95280716029292,30.18999684899892,44.15347362384996,25.85154804237586,1.5790701884593594,0.4051346091565164,0.0,2474900,1.1093910646176837,18.51323929624108,70.25596915993175,2460400,272.2283691082098,2.520575907169738,-4839891,-36.20431542717828,9.226190476190466,False,4800,1.3128100111076444,8,3,8.925722431511758,12.981746928690352,1.277666714404535,100.0,18.51323929624108,False,7.901907356948246,6.902815622161662,-4.995458673932774,-2.0890099909173565,56.38888888888888,66.66666666666666,77.77777777777779,v4,77.77777777777779,watch,20260810,0.6666666666666666,0.6666666666666666,0.3888888888888889,0.3888888888888889,0.8888888888888888,0.5555555555555556,0.5555555555555556,0.6666666666666666,0.7777777777777778,0.7777777777777778,0.8888888888888888,0.8888888888888888,1.0,0.8888888888888888,0.8888888888888888,1.0,1.0,0.1111111111111111,0.4444444444444444,0.7777777777777778,0.7777777777777778,0.8888888888888888,0.7777777777777778,0.7777777777777778,0.3333333333333333,0.5555555555555556,1.0,1.0,1.0,test,100.0,100.0,100.0
4,790,002626.SZ,金达威,0.2309417040358745,27.75193798449613,2.285544995841892,0.8831292978889609,1.1210694457526122,2.1248379866882763,609861032.0,16.17,16.46,15.75,16.46,11444083.0,186646728.0,14.96,10.026737967914446,10.0,16.46,True,False,True,69.95547812620983,38.888888888888886,True,AUCTION_TRIGGER,92500000,92500000,92500000,1054000,212,91,669600,55,55,280100,9.209999612900395,63.52941176470588,5.851058577607311,26.57495256166983,True,,0,0,0,0,0.0,993500,12054435,1.9765871842095333,329900,0,0,0.0,277.6867974882261,183.20999999999916,90.33719174635128,639.5282498920102,0.0,16.971153846153847,7.307498741821843,59.486663311524914,0.6588557597843357,0.1629059651084576,0.0540942907793459,0.0,4451827,0.7299740049631503,38.90068780521777,448.0953195772521,546600,165.68657168839042,0.0,884801,7.731515054548275,1.7934446505875057,False,3000,23.204506643302043,12,4,2.5664623787867398,6.867138217153708,1.7464827954444546,100.0,38.90068780521777,False,-0.36452004860269,-4.434993924665864,-0.8505467800729027,-0.1215066828675559,63.61111111111109,100.0,66.66666666666666,v4,66.66666666666666,watch,20260810,0.4444444444444444,0.5555555555555556,0.3888888888888889,0.3888888888888889,0.4444444444444444,0.4444444444444444,0.4444444444444444,1.0,1.0,0.2777777777777778,0.5555555555555556,1.0,0.7777777777777778,1.0,1.0,0.8888888888888888,0.4444444444444444,0.8888888888888888,0.8888888888888888,1.0,0.2222222222222222,0.3333333333333333,0.7777777777777778,0.8888888888888888,1.0,1.0,0.4444444444444444,0.2222222222222222,0.3111111111111111,test,66.66666666666666,16.666666666666664,83.33333333333334
5,477,600327.SH,大东方,0.1589595375722544,27.72277227722773,1.6053639335053038,1.4212172404741354,1.083216039707059,3.1704684199265345,884779518.0,3.58,3.94,3.56,3.94,39867496.0,153080942.0,3.58,10.05586592178771,10.0,3.94,True,False,True,77.49128919860627,75.55555555555556,True,CONTINUOUS_TRIGGER,110000000,110259999,93000000,350400,116,31,18000,19,19,156100,0.8789114821758558,5.136986301369863,0.0451495624405405,44.54908675799087,True,,0,0,0,0,0.0,22670900,28452496,3.2157724519115733,5591400,92,2209000,9.74376844324663,3038.865013900245,3133.0800000000017,77.73985152772937,213.56597769529083,13.933879995941933,44.71587275585851,38.87499834589717,36.461666718127645,44.33517469971026,2.5623219727380717,0.6319540502744776,0.2496667197940267,4577924,0.5174084511300814,11.482848082558284,20.19295219863349,2530100,45.2498479808277,0.0,-5115400,-12.831003983796723,10.05586592178771,False,8000,-15.649440336057223,6,1,3.0021899879456404,9.93905105294266,0.9218183552029288,24.8183933986882,11.482848082558284,False,6.091370558375631,2.284263959390876,1.7766497461928932,1.522842639593902,50.277777777777786,16.666666666666664,55.55555555555556,v4,55.55555555555556,medium,20260810,0.7777777777777778,0.8888888888888888,1.0,1.0,1.0,1.0,1.0,0.8888888888888888,0.6666666666666666,0.6666666666666666,1.0,0.3333333333333333,0.4444444444444444,0.3333333333333333,0.5555555555555556,0.4444444444444444,0.4444444444444444,0.3333333333333333,0.2222222222222222,0.16666666666666666,0.3333333333333333,0.4444444444444444,0.4444444444444444,0.1111111111111111,0.1111111111111111,0.1111111111111111,0.8888888888888888,0.5555555555555556,0.6888888888888889,test,33.33333333333333,66.66666666666666,50.0
6,318,600266.SH,城建发展,0.0790190735694823,35.56149732620322,1.6032095374884086,1.5717160689641942,0.8945966242495401,2.815251133729372,2075743507.0,4.3,4.43,4.16,4.18,91846989.0,393149619.0,4.03,3.722084367245637,10.0,4.43,True,False,True,81.29694154084399,47.77777777777778,False,NONE,0,0,93000000,10333800,496,72,4768440,190,189,5200760,11.251103724260355,46.14410962085584,5.191721636078892,50.32766262168805,False,launch_not_detected,0,0,0,0,0.0,0,77891174,3.752446953938611,0,0,0,0.0,0.0,0.0,0.0,0.0,0.0,0.0,0.0,0.0,0.0,0.0,0.0,0.0,14516552,0.6993422815027984,15.805147406628649,0.0,0,0.0,0.0,-500459,-0.544883403853337,-2.7906976744186074,False,6400,25.750673220218463,2,2,32.952927946639086,1.90684696189682,1.9952184294608035,13.796210225241328,15.805147406628649,False,5.2631578947368585,2.8708133971291794,-3.8277511961722577,0.9569377990430672,58.05555555555556,,44.44444444444444,v4,44.44444444444444,invalid,20260810,0.2222222222222222,0.2222222222222222,0.3888888888888889,0.3888888888888889,0.2222222222222222,0.2222222222222222,0.2222222222222222,0.2222222222222222,0.2222222222222222,0.2777777777777778,0.2222222222222222,0.7777777777777778,0.6666666666666666,0.7777777777777778,0.2222222222222222,0.2222222222222222,0.4444444444444444,0.6666666666666666,1.0,0.4444444444444444,1.0,0.1111111111111111,0.3333333333333333,1.0,0.8888888888888888,0.8888888888888888,0.6666666666666666,0.6666666666666666,0.6666666666666666,excluded,,,
7,637,002399.SZ,海普瑞,0.2985685071574643,22.47058823529411,1.6390136961418378,0.4412609269494674,1.264514381304792,2.4695787912586185,1247201704.0,9.96,10.96,9.96,10.96,13591114.0,144664287.0,9.96,10.040160642570273,10.0,10.96,True,False,True,74.09020518776617,50.0,True,CONTINUOUS_TRIGGER,94500000,94759999,93000000,194800,123,59,76100,25,25,100300,1.4332894271948569,39.06570841889117,0.5599246684267383,51.48870636550308,True,,0,0,0,0,0.0,3255422,15671454,1.25652923258033,434300,0,0,0.0,617.7258344003416,526.6600000000035,49.3337576510818,163.58821597557753,16.551525424353585,9.61977485633315,18.028384645677274,68.63079502442388,11.180834771895814,0.2610180846898522,0.0348219537070164,0.0,1660146,0.1331096641926974,12.214936906569983,50.996337801980815,657200,151.32396960626295,0.0,-1686830,-12.41127107020072,10.040160642570273,False,3900,7.701487898637301,6,3,12.764806573449937,5.521881487102267,0.9818418272462528,100.0,12.214936906569983,False,-2.098540145985406,-3.649635036496357,-8.759124087591253,-8.394160583941623,54.16666666666667,50.0,33.33333333333333,v4,33.33333333333333,watch,20260810,0.5555555555555556,0.4444444444444444,0.3888888888888889,0.3888888888888889,0.5555555555555556,0.6666666666666666,0.6666666666666666,0.4444444444444444,0.5555555555555556,0.8888888888888888,0.4444444444444444,0.5555555555555556,0.1111111111111111,0.5555555555555556,0.7777777777777778,0.7777777777777778,0.4444444444444444,0.4444444444444444,0.5555555555555556,0.7777777777777778,0.8888888888888888,0.2222222222222222,0.7777777777777778,0.2222222222222222,0.7777777777777778,0.6666666666666666,0.3333333333333333,0.3333333333333333,0.3333333333333333,test,83.33333333333334,33.33333333333333,33.33333333333333
8,922,600356.SH,恒丰纸业,0.2981366459627329,31.73076923076923,1.9149429898796293,2.0116858296686804,1.0308598737313743,2.598792472657793,298731378.0,8.23,9.06,8.23,9.06,15617539.0,137764852.0,8.24,9.951456310679616,10.0,9.06,True,False,True,63.56368563685637,35.55555555555556,False,NONE,0,0,93000000,256700,58,40,27500,16,16,51500,1.6436648565436591,10.712894429294897,0.1760840808529436,20.062329567588623,False,launch_not_detected,0,0,0,0,0.0,0,5188737,1.736923999995742,0,0,0,0.0,0.0,0.0,0.0,0.0,0.0,0.0,0.0,0.0,0.0,0.0,0.0,0.0,1501497,0.5026244681936292,9.614171605398264,0.0,0,0.0,0.0,-2335359,-14.953437926423618,10.085054678007287,False,4000,19.86458942090684,7,2,1.5997417241494938,10.170678488283878,0.6012297777436691,-34.92794100929093,9.614171605398264,False,-2.8697571743929284,-1.8763796909492256,-2.759381898454749,-2.428256070640189,34.72222222222222,,22.22222222222222,v4,22.22222222222222,invalid,20260810,0.2222222222222222,0.2222222222222222,0.3888888888888889,0.3888888888888889,0.2222222222222222,0.2222222222222222,0.2222222222222222,0.2222222222222222,0.2222222222222222,0.2777777777777778,0.2222222222222222,0.1111111111111111,0.2222222222222222,0.1111111111111111,0.2222222222222222,0.2222222222222222,0.4444444444444444,0.2222222222222222,0.6666666666666666,0.4444444444444444,0.1111111111111111,0.6666666666666666,0.1111111111111111,0.3333333333333333,0.4444444444444444,0.3333333333333333,0.2222222222222222,0.4444444444444444,0.35555555555555557,excluded,,,
9,955,601199.SH,江南水务,0.2781456953642384,19.92409867172677,2.204901512973385,2.114239489143684,1.7202115348635938,2.1161835625005496,935210292.0,5.52,6.06,5.47,6.06,41842420.0,245651161.0,5.51,9.981851179673315,10.0,6.06,True,False,True,60.84204413472706,16.666666666666664,True,CONTINUOUS_TRIGGER,105300000,105559999,93000000,725000,172,45,68100,44,43,524800,1.7326913691894492,9.393103448275864,0.1627534927473124,72.38620689655171,True,,0,0,0,0,0.0,32697671,33913271,3.626272218141928,4260700,7,128800,0.3939118477276256,1721.1185626860731,1229.8650000000016,76.24224061707636,147.11036309167068,18.969369408604056,30.18977634415742,26.481772967866736,60.48763534259061,52.87935305845121,3.496290757245003,0.4555873728558154,0.0137723035237939,5016300,0.5363820354534764,11.988551331400048,15.34145964096342,5016200,117.73182810336328,0.1022885387604254,8144476,19.46463899554567,9.782608695652172,False,10000,-24.965472838330097,12,3,7.428049616320806,10.001141005407156,1.0821094556559905,12.18518702498634,11.988551331400048,False,5.610561056105623,4.950495049504955,5.44554455445545,-0.3300330033003229,60.0,33.33333333333333,11.11111111111111,v4,11.11111111111111,watch,20260810,0.8888888888888888,0.7777777777777778,0.7777777777777778,0.7777777777777778,0.7777777777777778,0.8888888888888888,0.7777777777777778,0.7777777777777778,0.4444444444444444,1.0,0.7777777777777778,0.4444444444444444,0.5555555555555556,0.4444444444444444,0.4444444444444444,0.6666666666666666,0.8888888888888888,1.0,0.1111111111111111,0.7777777777777778,0.6666666666666666,0.5555555555555556,0.2222222222222222,0.4444444444444444,0.2222222222222222,0.2222222222222222,0.7777777777777778,0.7777777777777778,0.7777777777777778,test,16.666666666666664,83.33333333333334,16.666666666666664
1,964,600833.SH,第一医药,0.3074753173483779,32.61608154020386,2.1985246468306023,2.385346490971044,1.662776099115708,7.147253006542558,223086347.0,10.89,12.11,10.61,12.11,38033266.0,446405965.0,11.01,9.990917347865569,10.0,12.11,True,False,True,54.64949651432997,85.0,True,CONTINUOUS_TRIGGER,95800000,100059999,93000000,823200,495,111,464600,358,358,328000,2.1644210097549865,56.4382896015549,1.2215621976824182,39.844509232264336,True,,0,0,0,0,0.0,14708859,21332484,9.562433688512549,1614300,10,168000,1.1421688113265618,1243.8332287864964,1264.920000000002,58.440256990702,211.856309830452,20.07698217788341,26.07713531717601,25.64451804181412,63.38046343363547,28.723536390485112,6.593347911156572,0.7236211546374911,0.0753071634634817,2470500,1.107418734146021,6.49562937876542,16.796000287989706,2336900,144.76243573065724,2.3854478755545547,-7709334,-20.26997628865215,11.202938475665736,False,4000,1.2627997816437853,7,2,4.332066826109578,21.069037452121623,3.606642947091693,100.0,6.49562937876542,False,-3.3856317093311272,-6.771263418662265,-9.991742361684553,-8.918249380677123,71.25,100.0,100.0,v4,100.0,medium,20260811,1.0,1.0,1.0,1.0,1.0,1.0,1.0,0.5,0.5,1.0,1.0,0.5,1.0,0.5,0.5,1.0,1.0,0.5,0.5,1.0,0.5,1.0,0.75,0.5,1.0,1.0,1.0,1.0,1.0,test,75.0,100.0,100.0
2,528,600715.SH,文投控股,0.1141304347826086,39.860139860139874,1.916291591015484,1.096848061907957,1.0558635629548134,2.7986794296790163,2862372241.0,1.64,1.8,1.64,1.8,87866988.0,155548064.0,1.64,9.756097560975618,10.0,1.8,True,False,True,75.94887683965916,50.0,True,CONTINUOUS_TRIGGER,94100000,94359999,93000000,4334500,346,24,155600,102,102,3722200,4.933024448271745,3.5898027454146963,0.1770858470760372,85.87380320682894,True,,0,0,0,0,0.0,14647600,53192798,1.8583466272512668,10086400,0,0,0.0,756.3990668868704,590.0599999999977,85.11769846254677,520.9506690357565,4.346787186979436,15.624482064638334,15.392282694775936,15.747289658374068,8.695074423172443,0.511729389706585,0.35237904614657,0.0,20728500,0.7241720592133145,23.59077108686143,141.51465086430542,6699800,66.42409581218274,0.0,-2825588,-3.215756069845025,9.756097560975618,False,20000,12.141988979979605,1,1,4.518341170505511,3.753226029136858,0.929662453360831,100.0,23.59077108686143,False,-7.22222222222223,-9.999999999999998,-12.222222222222223,-2.777777777777779,73.75,50.0,50.0,v4,50.0,watch,20260811,0.5,0.5,0.5,0.5,0.5,0.5,0.5,1.0,1.0,0.5,0.5,1.0,0.5,1.0,1.0,0.5,0.5,1.0,1.0,0.5,1.0,0.5,0.75,1.0,0.5,0.5,0.5,0.5,0.5,test,75.0,50.0,50.0
1,660,000410.SZ,沈阳机床,0.1904761904761904,39.58333333333333,1.840921989299056,0.976753291822369,0.9014585288047856,2.0234029927857136,1971018333.0,5.26,5.76,5.21,5.76,38954527.0,220247169.0,5.24,9.923664122137389,10.0,5.76,True,False,True,73.49854791868346,24.090909090909093,False,NONE,0,0,93000000,2634200,479,71,1211401,148,146,1271499,6.762243576978872,45.98743451522284,3.1097823367230206,48.268886189355406,False,launch_not_detected,0,0,0,0,0.0,0,39009927,1.9791762637044936,0,0,0,0.0,0.0,0.0,0.0,0.0,0.0,0.0,0.0,0.0,0.0,0.0,0.0,0.0,9811599,0.4977933911485338,25.187313916043696,0.0,0,0.0,0.0,-16439927,-42.20286643449682,9.505703422053235,False,10000,14.443507425979012,3,1,4.369751527833454,14.128300855332531,1.7462762990951846,100.0,25.187313916043696,False,-5.729166666666663,-13.020833333333336,-10.416666666666664,-7.8125,51.81818181818183,,100.0,v4,100.0,invalid,20260812,0.22727272727272727,0.22727272727272727,0.3181818181818182,0.3181818181818182,0.22727272727272727,0.22727272727272727,0.22727272727272727,0.22727272727272727,0.22727272727272727,0.22727272727272727,0.22727272727272727,1.0,0.45454545454545453,1.0,0.22727272727272727,0.22727272727272727,0.36363636363636365,0.2727272727272727,0.9090909090909091,0.3181818181818182,0.36363636363636365,0.6363636363636364,0.7727272727272727,0.8181818181818182,1.0,0.9090909090909091,0.36363636363636365,0.09090909090909091,0.2,excluded,,,
2,138,603277.SH,银都股份,0.0934182590233546,29.587628865979383,1.3336039746037447,0.3240098777191655,1.2421368864801652,2.516335804240591,609746025.0,10.52,11.64,10.48,11.64,4971367.0,56330289.0,10.58,10.018903591682427,10.0,11.64,True,False,True,85.66698935140369,43.63636363636364,True,CONTINUOUS_TRIGGER,93900000,94159999,93000000,108200,78,46,38200,35,35,56800,2.176463737237665,35.304990757855826,0.7684003212798411,52.49537892791128,True,,0,0,0,0,0.0,1349459,2537238,0.4161139057856097,260535,0,0,0.0,371.6053660565723,269.1100000000006,76.79484889870682,250.70783466472668,12.08484288889103,32.19573400250941,29.43579612274252,51.257578036828086,25.19878335274785,0.2213149319013601,0.0427284458311966,0.0,967085,0.1586045599887264,19.45310012316532,71.66464486879556,967085,371.1919703686645,1.4009114392155253,-1399637,-28.15396650458516,10.646387832699622,False,3100,5.692297510926069,8,2,7.561759496619371,3.621425822333159,0.1539531151515092,100.0,19.45310012316532,False,1.2027491408934663,3.7800687285223233,3.0068728522336663,-2.9209621993127155,51.818181818181806,100.0,90.9090909090909,v4,90.9090909090909,watch,20260812,0.45454545454545453,0.45454545454545453,0.3181818181818182,0.3181818181818182,0.8181818181818182,0.45454545454545453,0.45454545454545453,1.0,0.9090909090909091,0.5454545454545454,0.9090909090909091,0.9090909090909091,0.18181818181818182,0.9090909090909091,0.9090909090909091,1.0,0.8181818181818182,0.5454545454545454,0.6363636363636364,0.6363636363636364,0.5454545454545454,0.09090909090909091,0.7727272727272727,0.6363636363636364,0.9090909090909091,0.8181818181818182,0.9090909090909091,1.0,0.9636363636363636,test,71.42857142857143,42.857142857142854,100.0
3,752,600216.SH,浙江医药,0.2453083109919571,30.49579045837232,1.4522957758785358,2.0635497833313696,0.9029755462157256,3.468635866337951,951389475.0,12.52,13.77,12.47,13.77,68097631.0,908486965.0,12.52,9.984025559105426,10.0,13.77,True,False,True,70.8325266214908,50.0,True,CONTINUOUS_TRIGGER,101800000,102059999,93000000,1479900,259,93,172900,52,51,1123900,2.1732033526981285,11.683221839313466,0.2539001687151202,75.94432056220015,True,,0,0,0,0,0.0,22148016,31684116,3.330299192136848,3487786,33,753500,3.4021105998839807,1691.1820408331275,1809.2799999999988,68.55523763392621,159.57962775674787,17.79933696995704,23.180856808568084,26.71253714102428,57.53984013737393,21.13175126459245,2.3279652110929647,0.3665991785330608,0.0791999512082052,5853600,0.615268526068149,8.5958937396809,26.429455351666714,3824500,109.65409001584383,0.0,-20798365,-30.54198023423164,9.984025559105426,False,5400,0.6567041957744463,9,2,8.005323434364806,11.176054160153496,1.404156483862721,100.0,8.5958937396809,False,-4.139433551198257,1.161946259985469,-5.010893246187365,-7.697893972403769,57.04545454545455,57.14285714285714,81.81818181818183,v4,81.81818181818183,watch,20260812,0.7272727272727273,0.6363636363636364,0.8181818181818182,0.8181818181818182,0.7272727272727273,0.6363636363636364,0.7272727272727273,0.6363636363636364,0.5454545454545454,0.8181818181818182,0.6363636363636364,0.2727272727272727,0.5454545454545454,0.2727272727272727,0.7272727272727273,0.8181818181818182,0.36363636363636365,0.45454545454545453,0.45454545454545453,0.6363636363636364,0.6363636363636364,0.45454545454545453,0.7727272727272727,0.5454545454545454,0.45454545454545453,0.45454545454545453,0.45454545454545453,0.9090909090909091,0.7272727272727273,test,85.71428571428571,71.42857142857143,71.42857142857143
4,836,301602.SZ,超研股份,0.1284280936454849,35.44776119402984,1.9830082268746756,1.594303505663473,1.7358202307037562,3.827878479826694,208499391.0,15.25,18.38,15.25,18.38,12724301.0,226785824.0,15.32,19.97389033942558,20.0,18.38,True,False,True,68.60212971926428,79.54545454545455,False,NONE,0,0,93000000,81500,88,62,10600,16,15,55000,0.6405066965957501,13.006134969325151,0.0833051654468092,67.48466257668711,False,launch_not_detected,0,0,0,0,0.0,0,13423100,6.437956454270891,0,0,0,0.0,0.0,0.0,0.0,0.0,0.0,0.0,0.0,0.0,0.0,0.0,0.0,0.0,2004497,0.961392256536615,15.7532975681729,0.0,0,0.0,0.0,-4960307,-38.98294295301565,20.52459016393442,False,3000,10.828390494692009,34,3,3.3690314198652294,30.235292150085947,5.803968031733963,100.0,15.7532975681729,False,2.557127312295981,-1.3601741022850944,-9.95647442872687,-10.010881392818282,50.0,,72.72727272727273,v4,72.72727272727273,invalid,20260812,0.22727272727272727,0.22727272727272727,0.3181818181818182,0.3181818181818182,0.22727272727272727,0.22727272727272727,0.22727272727272727,0.22727272727272727,0.22727272727272727,0.22727272727272727,0.22727272727272727,0.6363636363636364,0.8181818181818182,0.6363636363636364,0.22727272727272727,0.22727272727272727,0.36363636363636365,0.36363636363636365,0.7272727272727273,0.8636363636363636,0.2727272727272727,1.0,0.7727272727272727,0.09090909090909091,0.5454545454545454,0.2727272727272727,1.0,0.8181818181818182,0.8909090909090909,excluded,,,
5,967,603369.SH,今世缘,0.2406340057636886,32.37347294938917,2.419185205270572,1.378435409847517,1.4387276957999608,2.6357102747199157,1246800037.0,27.91,30.72,27.88,30.72,45298195.0,1366879883.0,27.93,9.98925886143931,10.0,30.72,True,False,True,61.332042594385285,46.81818181818182,True,CONTINUOUS_TRIGGER,135000000,135259999,93000000,326200,473,149,58900,80,80,146100,0.7201169936241388,18.056407112201104,0.1300272560529178,44.78847332924586,True,,0,0,0,0,0.0,32704081,30387845,2.4372669312007726,3302151,38,682300,2.086283971715946,12344.661080072414,13981.669999999998,75.98138287389882,88.52605871268935,26.251680944650303,36.44177406812695,33.07485998459948,56.82807904004397,51.09534496904347,2.623041388312054,0.2648500883867073,0.0547240920558298,3541751,0.2840672838382343,7.818746420249195,10.829691254739735,3540851,107.22862158635388,0.6236399165299791,-170271,-0.3758891496670011,10.068075958437838,False,2000,4.249688094636,26,5,1.0715118473537242,4.737304238626678,1.0160476920165509,0.6333596805485696,7.818746420249195,False,-3.548177083333337,-5.859374999999989,-8.528645833333325,-3.483072916666663,51.36363636363635,42.857142857142854,63.63636363636363,v4,63.63636363636363,watch,20260812,0.8181818181818182,0.5454545454545454,0.7272727272727273,0.7272727272727273,1.0,1.0,1.0,0.9090909090909091,0.45454545454545453,1.0,1.0,0.18181818181818182,0.2727272727272727,0.18181818181818182,0.45454545454545453,0.7272727272727273,0.7272727272727273,0.8181818181818182,0.5454545454545454,1.0,0.09090909090909091,0.18181818181818182,0.36363636363636365,0.18181818181818182,0.7272727272727273,0.36363636363636365,0.5454545454545454,0.45454545454545453,0.49090909090909085,test,14.285714285714285,100.0,85.71428571428571
6,316,002483.SZ,润邦股份,0.1454005934718102,29.32489451476792,1.2892080893138214,1.215083060320396,1.049342047500961,0.6808272089541867,885250799.0,5.75,5.75,5.75,5.75,7323340.0,42109205.0,5.23,9.94263862332696,10.0,5.75,True,False,True,81.29719264278799,21.81818181818182,False,NONE,0,0,93000000,97910800,6645,98,7323340,134,133,82326300,1336.9691971149775,7.479603884351879,100.0,84.08296122593217,False,launch_not_detected,0,0,0,0,0.0,0,6765640,0.7642625126848375,0,0,0,0.0,0.0,0.0,0.0,0.0,0.0,0.0,0.0,0.0,0.0,0.0,0.0,0.0,0,0.0,0.0,0.0,0,0.0,74.40348256396672,-7323340,-100.0,0.0,False,15000,0.0,0,0,100.0,9.74701181828586,0.6155114467171466,100.0,0.0,False,-3.130434782608693,-5.217391304347818,-7.304347826086954,-4.173913043478262,36.13636363636364,,54.54545454545454,v4,54.54545454545454,invalid,20260812,0.22727272727272727,0.22727272727272727,0.3181818181818182,0.3181818181818182,0.22727272727272727,0.22727272727272727,0.22727272727272727,0.22727272727272727,0.22727272727272727,0.22727272727272727,0.22727272727272727,0.09090909090909091,0.09090909090909091,0.09090909090909091,0.22727272727272727,0.22727272727272727,1.0,0.09090909090909091,0.36363636363636365,0.09090909090909091,1.0,0.2727272727272727,0.7727272727272727,1.0,0.2727272727272727,1.0,0.7272727272727273,0.5454545454545454,0.6181818181818182,excluded,,,
7,650,002562.SZ,兄弟科技,0.113022113022113,38.74092009685231,1.6566461496370646,2.40639927384638,0.8567429082252915,2.634001276411869,813577715.9999999,4.6,5.05,4.58,5.05,51568288.0,252794763.0,4.59,10.02178649237473,10.0,5.05,True,False,True,73.81219748305905,37.72727272727273,True,CONTINUOUS_TRIGGER,101900000,102159999,93000000,425900,160,44,34300,19,19,290000,0.8258951703031134,8.053533693355247,0.0665137458121549,68.0911011974642,True,,0,0,0,0,0.0,14907300,55497988,6.821473463267768,3936700,63,1261600,8.462967807718366,1803.529209805533,1940.9300000000003,60.811146216954114,184.24883857689863,15.589677540533833,25.68215644121052,23.45696403775332,50.13516867574946,17.255759974036756,1.8323141977502249,0.4838751016135256,0.1550681606918545,9716452,1.1942868897358052,18.84191307650159,65.17915383738169,3119600,79.2440368836843,0.0,-12083224,-23.4315011582312,9.782608695652172,False,8800,-0.1806187554645987,6,3,10.14429947869895,27.494263375325783,5.706816581490539,100.0,18.84191307650159,False,-2.178217821782169,-4.158415841584162,-2.5742574257425765,-2.178217821782169,70.0,28.57142857142857,45.45454545454545,v4,45.45454545454545,medium,20260812,0.6363636363636364,0.8181818181818182,0.9090909090909091,1.0,0.6363636363636364,0.7272727272727273,0.8181818181818182,0.5454545454545454,0.7272727272727273,0.7272727272727273,0.7272727272727273,0.8181818181818182,0.9090909090909091,0.8181818181818182,0.8181818181818182,0.6363636363636364,0.36363636363636365,0.6363636363636364,0.2727272727272727,0.8636363636363636,0.8181818181818182,0.9090909090909091,0.7727272727272727,0.2727272727272727,0.36363636363636365,0.18181818181818182,0.8181818181818182,0.7272727272727273,0.7636363636363637,test,100.0,85.71428571428571,57.14285714285714
8,671,002146.SZ,荣盛发展,0.1415929203539822,38.38383838383839,1.4916797635540284,2.296720104209784,0.9112500580454246,4.470906634345329,3910681351.0,1.15,1.27,1.14,1.27,401565231.0,493880801.0,1.15,10.43478260869566,10.0,1.27,True,False,True,73.20425943852857,78.63636363636364,True,CONTINUOUS_TRIGGER,93300000,93559999,93000000,39245000,876,20,2926200,71,70,31810900,9.773007464383788,7.456236463243725,0.728698546114915,81.05720473945726,True,,0,0,0,0,0.0,54392195,451300693,11.540206232466318,36429995,0,0,0.0,576.4315511265165,505.2350000000006,75.45953973727296,421.4340923110214,8.093072912391198,7.999827588225969,7.767658576749844,25.255829443911946,3.7247497654994937,1.3908623617746656,0.9315510963501152,0.0,49640102,1.2693466315609307,12.361653392247996,91.26328143219811,28628195,78.58413101621342,0.0,103606031,25.80054820533006,10.43478260869566,False,31700,19.04809208942693,1,1,3.0230984644877554,20.58853247642165,9.466365698788945,0.5010588770825578,12.361653392247996,False,-7.874015748031504,-11.023622047244109,-7.086614173228356,-7.086614173228356,60.45454545454546,71.42857142857143,36.36363636363637,v4,36.36363636363637,watch,20260812,0.5454545454545454,1.0,0.3181818181818182,0.3181818181818182,0.45454545454545453,0.5454545454545454,0.5454545454545454,0.8181818181818182,1.0,0.45454545454545453,0.45454545454545453,0.36363636363636365,1.0,0.36363636363636365,1.0,0.5454545454545454,0.36363636363636365,1.0,1.0,0.3181818181818182,0.18181818181818182,0.8181818181818182,0.2727272727272727,0.9090909090909091,0.18181818181818182,0.7272727272727273,0.18181818181818182,0.2727272727272727,0.23636363636363633,test,42.857142857142854,14.285714285714285,28.57142857142857
9,286,002573.SZ,清新环境,0.2733812949640287,23.344947735191624,1.1136906909165016,0.5961609500543564,0.8587609219897931,4.644614459427992,1412690868.0,3.25,3.58,3.22,3.58,39116531.0,136056485.0,3.25,10.153846153846157,10.0,3.58,True,False,True,82.10067763794773,92.72727272727272,False,NONE,0,0,93000000,704100,90,29,112300,19,18,497400,1.8000062428848815,15.949439000142029,0.2870908977076725,70.64337452066468,False,launch_not_detected,0,0,0,0,0.0,0,10091305,0.7143321464438036,0,0,0,0.0,0.0,0.0,0.0,0.0,0.0,0.0,0.0,0.0,0.0,0.0,0.0,0.0,6420388,0.4544793305763763,16.413490245338984,0.0,0,0.0,0.0,-16700455,-42.69411057948876,10.153846153846157,False,12200,12.199701451031023,4,2,13.896027994059011,11.737132571313545,2.483469582391326,7.382658954860036,16.413490245338984,False,-8.379888268156432,-12.569832402234638,-9.49720670391061,-8.379888268156432,51.818181818181806,,27.27272727272727,v4,27.27272727272727,invalid,20260812,0.22727272727272727,0.22727272727272727,0.3181818181818182,0.3181818181818182,0.22727272727272727,0.22727272727272727,0.22727272727272727,0.22727272727272727,0.22727272727272727,0.22727272727272727,0.22727272727272727,0.7272727272727273,0.36363636363636365,0.7272727272727273,0.22727272727272727,0.22727272727272727,0.36363636363636365,0.18181818181818182,0.8181818181818182,0.6363636363636364,0.9090909090909091,0.5454545454545454,0.45454545454545453,0.45454545454545453,0.6363636363636364,0.5454545454545454,0.09090909090909091,0.18181818181818182,0.14545454545454545,excluded,,,
10,540,600266.SH,城建发展,0.1198910081743867,34.75935828877004,1.5892794860201989,1.7883369729842014,1.0178939126751103,2.898246425637282,2075743507.0,4.15,4.6,4.14,4.6,107586642.0,473982116.0,4.18,10.047846889952153,10.0,4.6,True,False,True,76.16263310745401,55.00000000000001,True,CONTINUOUS_TRIGGER,134200000,134459999,93000000,2406100,323,49,564337,82,81,1203163,2.236430057924849,23.45442832799967,0.5245418850418251,50.00469639665849,True,,0,0,0,0,0.0,71429052,58988128,2.8417830912670654,8643814,147,4535500,6.349657279505823,9868.478716031632,11606.010000000002,73.10821372793804,228.0809852929128,13.538258914594024,30.860197862080454,30.37707822301772,57.52166359424734,53.94774009212036,3.441130937378382,0.4164201391381252,0.2185000210625734,14659440,0.7062259836325722,13.62570643296033,20.52307792073175,6105274,70.63171419468304,0.0,10678796,9.925763832279475,10.843373493975882,False,10000,-17.80787990390108,4,1,9.511027621024615,9.993096174960115,1.3401535356458665,-6.425068447682824,13.62570643296033,False,-6.521739130434778,-9.565217391304335,-9.565217391304335,-8.913043478260851,57.95454545454546,85.71428571428571,18.181818181818183,v4,18.181818181818183,medium,20260812,0.9090909090909091,0.7272727272727273,1.0,0.9090909090909091,0.9090909090909091,0.9090909090909091,0.9090909090909091,0.7272727272727273,0.8181818181818182,0.6363636363636364,0.8181818181818182,0.45454545454545453,0.6363636363636364,0.45454545454545453,0.5454545454545454,0.45454545454545453,0.36363636363636365,0.9090909090909091,0.09090909090909091,0.3181818181818182,0.7272727272727273,0.36363636363636365,0.18181818181818182,0.7272727272727273,0.8181818181818182,0.6363636363636364,0.2727272727272727,0.36363636363636365,0.32727272727272727,test,28.57142857142857,57.14285714285714,42.857142857142854
11,479,000715.SZ,中兴商业,0.197674418604651,23.75565610859729,1.5631924623786224,1.5508684549159404,0.9115629280050868,3.683818836268528,486231055.0,4.91,5.42,4.9,5.42,27778956.0,145834174.0,4.93,9.93914807302232,10.0,5.42,True,False,True,77.66505324298161,55.00000000000001,True,CONTINUOUS_TRIGGER,132100000,132359999,93000000,353600,73,33,16700,13,12,243900,1.272906008418747,4.722850678733032,0.0601174500582383,68.97624434389141,True,,0,0,0,0,0.0,20397539,20243139,4.163275626234938,2858820,11,250900,1.2300503506820113,4802.992110586649,1152.8700000000026,57.15560587970931,180.63498146440872,20.128246843896218,12.712916315044763,17.519466441515323,68.46501923589899,38.290715461013,4.195030076801656,0.5879550412509131,0.0516009821709146,4373520,0.8994736051978416,15.744004202317754,21.44141016227497,4373520,152.98339874493672,29.640015989081807,-3170282,-11.412531126079756,10.386965376782076,False,7300,-15.586986062399175,4,1,7.528715246559543,17.858484995369125,4.469843251784895,-16.247109349190616,15.744004202317754,False,-3.3210332103321027,-5.166051660516613,3.505535055350561,5.719557195571956,56.59090909090909,14.285714285714285,9.090909090909092,v4,9.090909090909092,watch,20260812,1.0,0.9090909090909091,0.6363636363636364,0.6363636363636364,0.5454545454545454,0.8181818181818182,0.6363636363636364,0.45454545454545453,0.6363636363636364,0.9090909090909091,0.5454545454545454,0.5454545454545454,0.7272727272727273,0.5454545454545454,0.6363636363636364,0.9090909090909091,0.9090909090909091,0.7272727272727273,0.18181818181818182,0.3181818181818182,0.45454545454545453,0.7272727272727273,0.09090909090909091,0.36363636363636365,0.09090909090909091,0.09090909090909091,0.6363636363636364,0.6363636363636364,0.6363636363636364,test,57.14285714285714,28.57142857142857,14.285714285714285
1,849,002330.SZ,得利斯,0.2320675105485231,31.778425655976665,1.8364928126150992,1.75308676734655,0.9451144469678784,4.927220506690096,635054340.0,3.95,4.38,3.89,4.15,54855010.0,229280017.0,3.98,4.271356783919611,10.0,4.38,True,False,True,69.20650280627056,48.63636363636364,False,NONE,0,0,93000000,520800,119,40,238100,51,51,255700,0.9494119133329846,45.71812596006144,0.4340533344174033,49.09754224270353,False,launch_not_detected,0,0,0,0,0.0,0,54880814,8.64190834441034,0,0,0,0.0,0.0,0.0,0.0,0.0,0.0,0.0,0.0,0.0,0.0,0.0,0.0,0.0,3016000,0.4749199887367119,5.498130435123428,0.0,0,0.0,0.0,-5275730,-9.617590079739298,5.063291139240511,False,5200,18.800470549545064,0,0,10.61420498068043,19.37174384163724,8.300427330360423,6.116680207716506,5.498130435123428,False,1.9277108433734869,-0.9638554216867434,0.9638554216867544,-1.2048192771084487,54.090909090909086,,100.0,v4,100.0,invalid,20260813,0.2727272727272727,0.3181818181818182,0.36363636363636365,0.36363636363636365,0.2727272727272727,0.2727272727272727,0.2727272727272727,0.2727272727272727,0.2727272727272727,0.3181818181818182,0.2727272727272727,0.09090909090909091,0.6363636363636364,0.09090909090909091,0.2727272727272727,0.3181818181818182,0.5,1.0,1.0,0.18181818181818182,0.6363636363636364,0.9090909090909091,0.2727272727272727,0.2727272727272727,0.6363636363636364,0.45454545454545453,0.5454545454545454,0.6363636363636364,0.6,excluded,,,
2,648,002644.SZ,佛慈制药,0.3142201834862385,22.926093514328816,1.2784494006191534,1.0035922253097436,1.1073042145246184,5.014904689277758,510657000.0,8.0,8.8,7.89,8.8,25700955.0,221910328.0,8.0,10.000000000000009,10.0,8.8,True,False,True,74.54228759434875,72.27272727272727,True,CONTINUOUS_TRIGGER,103100000,103359999,93000000,137200,69,34,31400,30,30,63700,0.5338323031186973,22.886297376093296,0.1221744483813928,46.42857142857143,True,,0,0,0,0,0.0,5288300,23629223,4.627220032232986,1152900,15,645300,12.20240909176862,1907.314562006184,1718.3799999999974,53.59378250099276,337.0084142508856,11.831779588903808,4.986976083353067,14.87434525272772,63.32469791804549,10.954456750731635,1.0355874882749088,0.2257679812476868,0.1263666218224757,3698300,0.7242238919666234,14.389737657608444,69.93362706351758,812200,70.44843438286061,0.0,-11815155,-45.97165747342852,10.000000000000009,False,5700,2.0034274990948777,9,2,6.314620572335458,22.32059875807049,4.638637676561762,100.0,14.389737657608444,False,-5.227272727272736,-3.1818181818181968,-1.1363636363636576,-3.6363636363636376,63.18181818181819,16.666666666666664,90.9090909090909,v4,90.9090909090909,medium,20260813,0.8181818181818182,0.8181818181818182,0.8181818181818182,0.9090909090909091,0.7272727272727273,0.8181818181818182,0.8181818181818182,0.7272727272727273,0.9090909090909091,0.9090909090909091,0.7272727272727273,0.7272727272727273,0.9090909090909091,0.7272727272727273,0.8181818181818182,0.6363636363636364,0.5,0.2727272727272727,0.45454545454545453,0.6363636363636364,0.36363636363636365,1.0,0.8181818181818182,0.18181818181818182,0.2727272727272727,0.09090909090909091,0.36363636363636365,0.5454545454545454,0.47272727272727266,test,66.66666666666666,66.66666666666666,66.66666666666666
3,750,601579.SH,会稽山,0.1579743008314436,29.048656499636884,1.897701551236104,1.671281864180792,1.180014725913927,2.4002036643357165,479463409.0,15.86,17.45,15.76,17.45,19233276.0,325595203.0,15.86,10.025220680958393,10.0,17.45,True,False,True,71.98180762531449,44.09090909090909,False,NONE,0,0,93000000,353100,228,80,113400,79,79,197300,1.835880689280391,32.11554800339847,0.5896031440509666,55.87652223166242,False,launch_not_detected,0,0,0,0,0.0,0,11775677,2.4560116119309536,0,0,0,0.0,0.0,0.0,0.0,0.0,0.0,0.0,0.0,0.0,0.0,0.0,0.0,0.0,1832900,0.3822815183796434,9.52983776658745,0.0,0,0.0,0.0,-3493122,-18.161866964317465,10.025220680958393,False,2900,16.526045796878286,9,3,6.286961972592402,9.34501510625183,1.1323652437468903,100.0,9.52983776658745,False,7.507163323782251,6.876790830945545,15.128939828080236,25.38681948424069,53.18181818181819,,81.81818181818183,v4,81.81818181818183,invalid,20260813,0.2727272727272727,0.3181818181818182,0.36363636363636365,0.36363636363636365,0.2727272727272727,0.2727272727272727,0.2727272727272727,0.2727272727272727,0.2727272727272727,0.3181818181818182,0.2727272727272727,0.45454545454545453,0.36363636363636365,0.45454545454545453,0.2727272727272727,0.3181818181818182,0.5,0.8181818181818182,0.8181818181818182,0.8181818181818182,0.2727272727272727,0.45454545454545453,0.8181818181818182,0.6363636363636364,0.45454545454545453,0.5454545454545454,0.9090909090909091,0.9090909090909091,0.9090909090909091,excluded,,,
4,972,600613.SH,神奇制药,0.3139158576051779,27.71362586605082,1.6810498789683197,2.0321747260866254,1.1557583033550396,2.398896714931205,479319978.0,5.3,5.83,5.1,5.83,23366740.0,131927351.0,5.3,10.000000000000009,10.0,5.83,True,False,True,63.89200696729244,31.363636363636367,True,CONTINUOUS_TRIGGER,100100000,100359999,93000000,408700,128,42,219300,85,84,154400,1.749067263982909,53.65793980915097,0.9385134597295128,37.77832150721801,True,,0,0,0,0,0.0,6101067,8120663,1.6942049930578942,1383500,20,564200,9.247562762382383,1511.7749186046512,1700.7799999999988,66.80908437819156,283.3313432240427,15.15308715672193,31.564064350949597,35.64568296004617,41.67795567562199,18.91477801353548,1.2728589001145283,0.2886380838480302,0.1177084256646611,3205996,0.6688634205019512,13.720339251431737,52.548119861656986,1371400,99.12540657752078,0.0,-11947948,-51.132284606239466,10.000000000000009,False,7440,-2.357624555243907,7,1,8.761227056572043,10.228970677287313,0.6691555009626575,100.0,13.720339251431737,False,33.10463121783875,46.82675814751287,99.14236706689536,55.91766723842196,56.36363636363637,83.33333333333334,72.72727272727273,v4,72.72727272727273,medium,20260813,0.9090909090909091,0.9090909090909091,0.7272727272727273,0.8181818181818182,1.0,0.7272727272727273,0.7272727272727273,0.9090909090909091,0.8181818181818182,1.0,0.9090909090909091,0.6363636363636364,0.8181818181818182,0.6363636363636364,0.7272727272727273,0.8181818181818182,0.5,0.18181818181818182,0.2727272727272727,0.45454545454545453,0.5454545454545454,0.5454545454545454,0.8181818181818182,0.5454545454545454,0.8181818181818182,0.7272727272727273,1.0,1.0,1.0,test,33.33333333333333,50.0,50.0
5,123,002543.SZ,万和电气,0.0956112852664577,28.760330578512395,1.3678295468655637,0.680455193819048,1.027788107422518,4.465138513429562,661176201.0,6.66,7.33,6.55,7.33,20088693.0,141613930.0,6.66,10.06006006006006,10.0,7.33,True,False,True,86.60344493903618,70.9090909090909,True,CONTINUOUS_TRIGGER,130000000,130259999,93000000,231500,106,41,153600,42,41,44000,1.1523895556570056,66.34989200863932,0.7646092256972616,19.00647948164147,True,,0,0,0,0,0.0,5639961,13233052,2.0014410651783274,1463103,32,849400,15.06038782892293,10131.776899109793,10066.795000000002,48.03045623897045,224.3814844197852,10.031913341244737,19.0320488589179,23.801192951511545,50.25708511104953,12.577214455913085,0.8530193602658122,0.2212879105126774,0.1284680239118286,2650800,0.400921871657023,13.195482652853524,47.00032500224736,1660306,113.47840856043628,0.0,-6119975,-30.46477438825911,10.06006006006006,False,5000,1.8707588393132395,8,3,14.491388879434847,12.94471880121408,2.5790504821875766,38.0572671257702,13.195482652853524,False,-6.139154160982264,3.6834924965893463,-2.7285129604365688,4.365620736698506,62.27272727272727,66.66666666666666,63.63636363636363,v4,63.63636363636363,medium,20260813,0.7272727272727273,0.7272727272727273,0.9090909090909091,1.0,0.8181818181818182,1.0,1.0,0.5454545454545454,0.6363636363636364,0.7272727272727273,0.8181818181818182,0.5454545454545454,0.45454545454545453,0.5454545454545454,0.6363636363636364,0.9090909090909091,0.5,0.45454545454545453,0.36363636363636365,0.8181818181818182,0.7272727272727273,0.7272727272727273,0.45454545454545453,0.36363636363636365,0.9090909090909091,0.6363636363636364,0.2727272727272727,0.8181818181818182,0.6,test,50.0,100.0,100.0
6,836,603998.SH,方盛制药,0.2568181818181815,20.047169811320757,1.2916365982451468,2.146391502476894,1.3639087679182615,4.218693912241675,439081360.0,9.55,10.57,9.45,10.57,39758680.0,414457095.0,9.61,9.989594172736748,10.0,10.57,True,False,True,69.57422101799884,41.81818181818182,True,CONTINUOUS_TRIGGER,110400000,110659999,93000000,173600,97,39,120800,58,58,46400,0.4366342142143551,69.5852534562212,0.3038330246376388,26.72811059907834,True,,0,0,0,0,0.0,10862600,20814698,4.740510505843382,1844600,36,711100,6.54631487857419,3847.0152888318353,4201.5250000000015,65.95566438974095,181.71546808941736,10.676081232854012,37.17903122554947,34.11061808406827,48.90818036197596,21.14557123123806,2.4739378597169326,0.420104374278152,0.1619517621973294,3429800,0.7811308592102384,8.626543939587531,31.574392870951705,1742000,94.43781849723516,0.0,-5004680,-12.5876412395985,10.688591983556003,False,5000,8.220594848722342,8,1,6.404344982146112,11.675649360291676,1.6520400683827707,3.945762711864407,8.626543939587531,False,-3.7842951750236553,-3.216650898770101,-4.16272469252601,1.7029328287606391,65.90909090909092,33.33333333333333,54.54545454545454,v4,54.54545454545454,medium,20260813,1.0,1.0,1.0,0.7272727272727273,0.9090909090909091,0.9090909090909091,0.9090909090909091,0.8181818181818182,0.5454545454545454,0.8181818181818182,1.0,0.36363636363636365,1.0,0.36363636363636365,0.5454545454545454,0.7272727272727273,0.5,0.9090909090909091,0.5454545454545454,0.45454545454545453,0.45454545454545453,0.6363636363636364,0.18181818181818182,0.09090909090909091,1.0,0.2727272727272727,0.45454545454545453,0.45454545454545453,0.45454545454545453,test,16.666666666666664,83.33333333333334,83.33333333333334
7,313,600179.SH,安通控股,0.3353115727002966,19.85472154963681,1.001803346562941,0.8044289851242269,0.7356382882817557,5.527126938285103,3862278495.0,4.74,4.74,4.51,4.58,171723897.0,800336105.0,4.31,6.264501160092828,10.0,4.74,True,False,True,81.64699051674086,70.0,False,NONE,0,0,93000000,96421200,7781,83,13695500,2536,2536,80115100,56.14897034394695,14.20382654436991,7.975302354103925,83.0886775937242,False,launch_not_detected,0,0,0,0,0.0,0,105120258,2.7217161614856566,0,0,0,0.0,0.0,0.0,0.0,0.0,0.0,0.0,0.0,0.0,0.0,0.0,0.0,0.0,11930395,0.3088952548461941,6.947428522426323,0.0,0,0.0,0.0,-46386345,-27.012166512852897,-3.3755274261603407,False,8500,15.36172860088308,0,0,5.545948640045982,6.444430750455243,1.666109450245638,16.175306567298676,6.947428522426323,False,-6.33187772925764,-6.113537117903933,1.7467248908296984,0.6550218340611424,40.00000000000001,,45.45454545454545,v4,45.45454545454545,invalid,20260813,0.2727272727272727,0.3181818181818182,0.36363636363636365,0.36363636363636365,0.2727272727272727,0.2727272727272727,0.2727272727272727,0.2727272727272727,0.2727272727272727,0.3181818181818182,0.2727272727272727,0.18181818181818182,0.18181818181818182,0.18181818181818182,0.2727272727272727,0.3181818181818182,0.5,0.6363636363636364,0.7272727272727273,0.18181818181818182,0.18181818181818182,0.2727272727272727,0.36363636363636365,0.9090909090909091,0.18181818181818182,0.9090909090909091,0.18181818181818182,0.09090909090909091,0.1272727272727273,excluded,,,
8,601,603277.SH,银都股份,0.2059447983014863,29.38144329896908,1.7062174661325855,0.3465665971336135,1.3286112045469547,9.90677657926324,609746025.0,12.53,12.8,12.0,12.49,20934763.0,260040544.0,11.64,7.302405498281783,10.0,12.8,True,False,True,75.52157925295144,80.45454545454545,False,NONE,0,0,93000000,1563600,1042,133,563600,433,433,856100,7.468916653128578,36.045024302890766,2.6921728227828514,54.75185469429522,False,launch_not_detected,0,0,0,0,0.0,0,12211596,2.00273482717661,0,0,0,0.0,0.0,0.0,0.0,0.0,0.0,0.0,0.0,0.0,0.0,0.0,0.0,0.0,1540750,0.2526871741394296,7.359768056605179,0.0,0,0.0,2.217612261759052,-5122557,-24.469142545344315,-0.3192338387869031,False,2135,13.337308857998536,2,1,20.590267917038283,2.228634454812559,0.7829435214440307,48.58312453682465,7.359768056605179,False,-7.36589271417134,-4.563650920736595,-4.1633306645316175,-8.326661329063256,49.090909090909086,,36.36363636363637,v4,36.36363636363637,invalid,20260813,0.2727272727272727,0.3181818181818182,0.36363636363636365,0.36363636363636365,0.2727272727272727,0.2727272727272727,0.2727272727272727,0.2727272727272727,0.2727272727272727,0.3181818181818182,0.2727272727272727,0.2727272727272727,0.09090909090909091,0.2727272727272727,0.2727272727272727,0.3181818181818182,1.0,0.7272727272727273,0.6363636363636364,0.45454545454545453,0.9090909090909091,0.09090909090909091,0.5454545454545454,0.8181818181818182,0.5454545454545454,0.8181818181818182,0.09090909090909091,0.2727272727272727,0.19999999999999998,excluded,,,
9,492,002724.SZ,海洋王,0.2467191601049867,22.96137339055795,1.5506251856022986,1.2359888165104895,0.8645468484473372,3.185417698959252,566478289.0,5.6,6.16,5.57,6.16,22303047.0,132488055.0,5.6,10.000000000000009,10.0,6.16,True,False,True,77.88658796206695,46.36363636363636,False,NONE,0,0,93000000,301800,144,52,71900,38,38,199300,1.3531783347808932,23.82372432074221,0.3223774760462101,66.03711066931743,False,launch_not_detected,0,0,0,0,0.0,0,12310354,2.173137830530342,0,0,0,0.0,0.0,0.0,0.0,0.0,0.0,0.0,0.0,0.0,0.0,0.0,0.0,0.0,3611860,0.6375990166147392,16.194468854412584,0.0,0,0.0,0.0,-6487939,-29.089922107952336,10.000000000000009,False,5500,17.442908137170672,9,3,20.274769332318108,13.086467997010914,3.217828353524066,0.9014672235278076,16.194468854412584,False,5.032467532467533,-4.220779220779214,9.9025974025974,11.688311688311682,59.09090909090908,,27.27272727272727,v4,27.27272727272727,invalid,20260813,0.2727272727272727,0.3181818181818182,0.36363636363636365,0.36363636363636365,0.2727272727272727,0.2727272727272727,0.2727272727272727,0.2727272727272727,0.2727272727272727,0.3181818181818182,0.2727272727272727,0.8181818181818182,0.7272727272727273,0.8181818181818182,0.2727272727272727,0.3181818181818182,0.5,0.5454545454545454,0.9090909090909091,0.8181818181818182,0.8181818181818182,0.8181818181818182,0.09090909090909091,0.45454545454545453,0.36363636363636365,0.36363636363636365,0.7272727272727273,0.36363636363636365,0.5090909090909091,excluded,,,
10,368,002322.SZ,理工能科,0.2366548042704626,27.808069792802613,1.3414083380503952,1.0621960220271318,0.7657678160813418,1.4392937112011808,351380929.00000006,11.56,11.56,11.56,11.56,5371954.0,63711374.0,10.5,10.095238095238091,10.0,11.55,True,False,True,80.45093864911942,38.63636363636363,True,AUCTION_TRIGGER,92500000,92500000,92500000,3224000,514,105,1565100,165,165,1477600,60.0154059398126,48.54528535980149,29.134650073325275,45.83126550868487,True,,0,0,0,0,0.0,1480300,5187783,1.4763985668670137,0,0,0,0.0,250.4453859060402,157.90999999999983,99.62169830439775,1118.071472163829,0.0,3.951845066736456,2.9318381409173817,97.0681618590826,10.975522128447118,0.4212806893683179,0.0,0.0,1154800,0.3286461798841678,21.496833368267858,78.01121394311964,1154800,0.0,0.0,-3062354,-57.006333263464285,0.0,False,8800,-5.232732819380061,0,0,100.0,3.689727850881742,1.1139429254568336,100.0,21.496833368267858,False,6.92041522491349,-0.6055363321799345,4.844290657439432,8.737024221453282,44.54545454545455,100.0,18.181818181818183,v4,18.181818181818183,watch,20260813,0.5454545454545454,0.3181818181818182,0.36363636363636365,0.36363636363636365,0.5454545454545454,0.5454545454545454,0.5454545454545454,1.0,1.0,0.3181818181818182,0.5454545454545454,1.0,0.2727272727272727,1.0,0.9090909090909091,0.3181818181818182,0.5,0.09090909090909091,0.09090909090909091,0.18181818181818182,1.0,0.18181818181818182,0.8181818181818182,1.0,0.7272727272727273,1.0,0.8181818181818182,0.7272727272727273,0.7636363636363637,test,100.0,16.666666666666664,16.666666666666664
11,481,000972.SZ,中基健康,0.19811320754717,26.22950819672132,1.2538144127028823,1.1922371226835056,1.145958218611696,1.7506818517344376,771283579.0,3.47,3.82,3.45,3.82,16098446.0,60160346.0,3.47,10.086455331412104,10.0,3.82,True,False,True,78.09560673504936,40.45454545454546,True,CONTINUOUS_TRIGGER,93900000,94159999,93000000,580400,62,21,38900,6,5,446400,3.605316935560116,6.7022742935906265,0.2416382301745149,76.91247415575465,True,,0,0,0,0,0.0,3281000,14143347,1.8337414908194227,1179100,0,0,0.0,546.3431415929203,444.8899999999994,49.13745809204511,278.4036853387977,2.3529411764705883,4.223358238301219,5.358122523620847,58.70466321243524,4.930289544717546,0.425394769100873,0.1528750296393902,0.0,3217701,0.41718780064939,19.987649739608408,98.07074062785736,2035101,172.59782885251462,0.0,-6363444,-39.52831223585183,10.086455331412104,False,20000,-2.9232635249389918,12,6,3.385289483654314,8.098616604930985,1.6064708671828212,100.0,19.987649739608408,False,2.356020942408388,-5.759162303664911,-2.617801047120405,-0.2617801047120394,47.27272727272727,50.0,9.090909090909092,v4,9.090909090909092,watch,20260813,0.6363636363636364,0.6363636363636364,0.36363636363636365,0.36363636363636365,0.6363636363636364,0.6363636363636364,0.6363636363636364,0.6363636363636364,0.7272727272727273,0.6363636363636364,0.6363636363636364,0.9090909090909091,0.5454545454545454,0.9090909090909091,1.0,1.0,0.5,0.36363636363636365,0.18181818181818182,1.0,0.09090909090909091,0.36363636363636365,0.8181818181818182,0.7272727272727273,0.09090909090909091,0.18181818181818182,0.6363636363636364,0.18181818181818182,0.36363636363636365,test,83.33333333333334,33.33333333333333,33.33333333333333
1,1016,002724.SZ,海洋王,0.3947368421052631,32.18884120171674,2.000323374737108,1.3730871599211405,0.9604441083090108,2.5358819413744933,566478289.0,6.76,6.78,6.75,6.78,19724700.0,133662850.0,6.16,10.064935064935066,10.0,6.78,True,False,True,62.6417650474163,78.57142857142858,False,NONE,0,0,93000000,15289500,1223,95,3649600,516,515,11341700,77.51448691234847,23.8699761274077,18.502689521260145,74.17966578370778,False,launch_not_detected,0,0,0,0,0.0,0,19063380,3.3652445945726264,0,0,0,0.0,0.0,0.0,0.0,0.0,0.0,0.0,0.0,0.0,0.0,0.0,0.0,0.0,2701100,0.4768232167852773,13.69399788082962,0.0,0,0.0,23.648109814179573,-10890300,-55.21148610625257,0.2958579881656931,False,11300,12.258234599258795,0,0,0.0921117099461048,12.105847890668231,2.4297665536834017,100.0,13.69399788082962,False,-14.15929203539823,-9.144542772861351,2.212389380530966,1.179941002949847,54.285714285714285,,100.0,v4,100.0,invalid,20260814,0.42857142857142855,0.42857142857142855,0.5714285714285714,0.5714285714285714,0.42857142857142855,0.42857142857142855,0.42857142857142855,0.42857142857142855,0.42857142857142855,0.42857142857142855,0.42857142857142855,0.8571428571428571,0.5714285714285714,0.8571428571428571,0.42857142857142855,0.42857142857142855,0.8571428571428571,0.42857142857142855,0.8571428571428571,0.21428571428571427,0.14285714285714285,0.5714285714285714,0.6428571428571429,0.8571428571428571,0.5714285714285714,0.8571428571428571,0.14285714285714285,0.42857142857142855,0.3142857142857143,excluded,,,
2,973,600645.SH,中源协和,0.2423880597014926,35.77586206896552,1.722681644998272,2.1938777241169225,0.936618493521101,4.405083070295866,467770165.0,22.19,22.33,21.48,22.33,45206308.0,998376167.0,20.3,9.999999999999986,10.0,22.33,True,False,True,64.97484033288175,71.07142857142857,True,AUCTION_TRIGGER,92500210,92500210,92500210,18125800,888,131,555000,170,168,17491500,40.09573177265438,3.061933818093546,1.2277047707589834,96.50056825078066,True,,0,0,0,0,0.0,1173600,25910270,5.539102734352457,606000,0,0,0.0,370.2218694885353,427.25,94.25698704839807,712.3494713629309,4.822767552828903,4.977105315548477,3.825835037491479,44.53817314246762,37.52971819773471,0.2508924441557746,0.1295508019413764,0.0,2985083,0.6381516444085313,6.603244396777547,254.35267552828904,425100,70.14851485148515,0.0,-15140454,-33.49190559866114,0.6309148264984188,False,3200,11.715643754849433,2,1,6.60809274240762,15.771041746538067,2.89415080587707,100.0,6.603244396777547,False,-8.553515450067161,-10.300044782803395,-12.001791312136136,-16.614420062695913,60.71428571428572,100.0,85.71428571428571,v4,85.71428571428571,watch,20260814,0.8571428571428571,0.8571428571428571,0.5714285714285714,0.5714285714285714,0.8571428571428571,0.8571428571428571,1.0,1.0,1.0,0.8571428571428571,0.8571428571428571,0.2857142857142857,0.7142857142857143,0.2857142857142857,1.0,0.8571428571428571,0.42857142857142855,0.7142857142857143,0.5714285714285714,0.5,0.5714285714285714,0.8571428571428571,0.6428571428571429,0.7142857142857143,0.14285714285714285,0.42857142857142855,0.5714285714285714,0.2857142857142857,0.39999999999999997,test,100.0,50.0,100.0
3,1049,601579.SH,会稽山,0.2781557067271352,28.104575163398703,2.3989625852840235,1.8090790532046577,1.277306939586938,6.6250516882765655,479463409.0,18.0,19.2,17.96,18.68,57464851.0,1081551487.0,17.45,7.04871060171921,10.0,19.2,True,False,True,59.05554480356107,67.85714285714286,False,NONE,0,0,93000000,2192800,724,124,1562500,455,454,594000,3.815897825959733,71.25592849325064,2.719053426241373,27.088653775994164,False,launch_not_detected,0,0,0,0,0.0,0,36796731,7.674565005230669,0,0,0,0.0,0.0,0.0,0.0,0.0,0.0,0.0,0.0,0.0,0.0,0.0,0.0,0.0,4424291,0.9227588418535606,7.699125505432877,0.0,0,0.0,0.0,-3482717,-6.060603898546609,3.777777777777769,False,2200,21.51454808435856,2,1,5.193644478152106,10.961862785237068,3.820202888516984,37.626426987351685,7.699125505432877,False,-1.124197002141336,-0.1070663811563177,3.4796573875802927,28.854389721627417,57.49999999999999,,71.42857142857143,v4,71.42857142857143,invalid,20260814,0.42857142857142855,0.42857142857142855,0.5714285714285714,0.5714285714285714,0.42857142857142855,0.42857142857142855,0.42857142857142855,0.42857142857142855,0.42857142857142855,0.42857142857142855,0.42857142857142855,0.42857142857142855,0.8571428571428571,0.42857142857142855,0.42857142857142855,0.42857142857142855,0.42857142857142855,1.0,1.0,0.5,0.2857142857142857,0.42857142857142855,0.14285714285714285,0.2857142857142857,1.0,0.5714285714285714,0.8571428571428571,1.0,0.9428571428571428,excluded,,,
4,387,002651.SZ,利君股份,0.0729166666666666,30.303030303030297,1.4637366856410707,1.429128437985631,1.1073047127581312,2.2074386535853945,565463641.0,7.62,8.39,7.6,8.39,17838757.0,146682212.0,7.63,9.960681520314552,10.0,8.39,True,False,True,80.39868395587382,41.42857142857142,True,CONTINUOUS_TRIGGER,94200000,94459999,93000000,331800,146,49,38000,25,24,210400,1.859995065799708,11.452682338758288,0.2130193264026187,63.41169379144063,True,,0,0,0,0,0.0,2834643,17740850,3.1373988906918946,1021800,0,0,0.0,492.70459259259263,415.9300000000003,62.49263134722786,356.3639304914931,9.752303905641734,9.95304088878708,16.268115596919966,47.68501712561335,5.997295663593602,0.5012953609160523,0.1807012734175069,0.0,5226600,0.9243034602113348,29.29912661515598,184.3830069606649,5226600,511.5091015854374,47.05348584545437,-5909471,-33.12714557410026,10.104986876640432,False,5000,6.353503217741012,13,2,5.410567895844692,13.948571452006052,2.874437686436501,100.0,29.29912661515598,False,-4.052443384982118,-6.674612634088206,1.907032181168056,3.45649582836709,66.42857142857142,50.0,57.14285714285714,v4,57.14285714285714,watch,20260814,1.0,1.0,0.5714285714285714,0.5714285714285714,1.0,1.0,0.8571428571428571,0.8571428571428571,0.8571428571428571,1.0,1.0,1.0,1.0,1.0,0.8571428571428571,1.0,1.0,0.8571428571428571,0.2857142857142857,0.7857142857142857,0.42857142857142855,0.7142857142857143,0.6428571428571429,0.14285714285714285,0.2857142857142857,0.14285714285714285,0.7142857142857143,0.7142857142857143,0.7142857142857143,test,50.0,100.0,50.0
5,520,603025.SH,大豪科技,0.1899563318777293,38.64013266998341,1.3857894224549565,0.7573115395764546,0.8915747865849226,2.4854361063252286,1109174773.0,14.7,15.18,14.7,15.18,20877436.0,315161430.0,13.8,9.999999999999986,10.0,15.18,True,False,True,77.79562608863944,66.78571428571429,False,NONE,0,0,93000000,4151300,613,119,1850600,335,335,2119100,19.88414669310925,44.5788066388842,8.86411530611326,51.04666008238383,False,launch_not_detected,0,0,0,0,0.0,0,6512107,0.5871127939906726,0,0,0,0.0,0.0,0.0,0.0,0.0,0.0,0.0,0.0,0.0,0.0,0.0,0.0,0.0,2808052,0.2531658732559363,13.45017654466765,0.0,0,0.0,0.0,-10871822,-52.07450761673991,3.2653061224489743,False,5700,12.2243219904973,6,2,9.234483527142586,3.5702470849469994,0.2012176127990606,100.0,13.45017654466765,False,-9.090909090909085,-9.025032938076416,-9.552042160737804,-11.528326745718054,60.0,,42.85714285714285,v4,42.85714285714285,invalid,20260814,0.42857142857142855,0.42857142857142855,0.5714285714285714,0.5714285714285714,0.42857142857142855,0.42857142857142855,0.42857142857142855,0.42857142857142855,0.42857142857142855,0.42857142857142855,0.42857142857142855,0.7142857142857143,0.2857142857142857,0.7142857142857143,0.42857142857142855,0.42857142857142855,0.42857142857142855,0.5714285714285714,0.7142857142857143,0.7857142857142857,0.8571428571428571,0.14285714285714285,0.6428571428571429,0.5714285714285714,0.8571428571428571,0.7142857142857143,0.42857142857142855,0.5714285714285714,0.5142857142857142,excluded,,,
6,1028,000950.SZ,重药控股,0.3604651162790696,36.534446764091854,1.5229435334079084,1.942114470501724,1.0780424847266483,1.807717649453208,1712778096.0,5.79,6.29,5.66,6.29,60132121.0,370880608.0,5.72,9.96503496503498,10.0,6.29,True,False,True,61.12250822527579,30.0,False,NONE,0,0,93000000,2343100,415,72,660600,146,145,1467600,3.896586318649895,28.19341897486236,1.09858090653413,62.63497076522555,False,launch_not_detected,0,0,0,0,0.0,0,58287619,3.4031039476814984,0,0,0,0.0,0.0,0.0,0.0,0.0,0.0,0.0,0.0,0.0,0.0,0.0,0.0,0.0,7047606,0.411472216772207,11.720201920035384,0.0,0,0.0,0.0,-37065709,-61.640448372010695,8.635578583765113,False,10000,6.681766638499248,10,3,6.789657752647359,17.29207657966219,3.2565990381511742,100.0,11.720201920035384,False,-10.015898251192368,-12.877583465818754,-11.287758346581878,-15.421303656597772,55.35714285714286,,28.57142857142857,v4,28.57142857142857,invalid,20260814,0.42857142857142855,0.42857142857142855,0.5714285714285714,0.5714285714285714,0.42857142857142855,0.42857142857142855,0.42857142857142855,0.42857142857142855,0.42857142857142855,0.42857142857142855,0.42857142857142855,0.5714285714285714,0.42857142857142855,0.5714285714285714,0.42857142857142855,0.42857142857142855,0.42857142857142855,0.2857142857142857,0.42857142857142855,1.0,0.7142857142857143,1.0,0.6428571428571429,0.42857142857142855,0.7142857142857143,0.2857142857142857,0.2857142857142857,0.14285714285714285,0.19999999999999998,excluded,,,
7,1059,002907.SZ,华森制药,0.3149100257069407,32.48463564530289,2.080922649198499,1.7664693183160698,1.6970721713751382,0.9020350743664688,339045651.0,15.22,15.22,15.22,15.22,5402412.0,82440807.0,13.84,9.97109826589595,10.0,15.22,True,False,True,56.99438745887362,29.28571428571429,False,NONE,0,0,93000000,43432000,1536,59,5402412,57,56,33669600,803.9372043450221,12.438782464542273,100.0,77.52256400810462,False,launch_not_detected,0,0,0,0,0.0,0,4818100,1.4210770690581722,0,0,0,0.0,0.0,0.0,0.0,0.0,0.0,0.0,0.0,0.0,0.0,0.0,0.0,0.0,0,0.0,0.0,0.0,0,0.0,0.0,-5402412,-100.0,0.0,False,5300,0.0,0,0,100.0,8.277115461363048,1.243700365293876,100.0,0.0,False,5.847568988173446,-6.5045992115637326,1.708278580814726,-4.796320630749018,40.71428571428572,,14.285714285714285,v4,14.285714285714285,invalid,20260814,0.42857142857142855,0.42857142857142855,0.5714285714285714,0.5714285714285714,0.42857142857142855,0.42857142857142855,0.42857142857142855,0.42857142857142855,0.42857142857142855,0.42857142857142855,0.42857142857142855,0.14285714285714285,0.14285714285714285,0.14285714285714285,0.42857142857142855,0.42857142857142855,0.42857142857142855,0.14285714285714285,0.14285714285714285,0.21428571428571427,1.0,0.2857142857142857,0.6428571428571429,1.0,0.42857142857142855,1.0,1.0,0.8571428571428571,0.9142857142857143,excluded,,,
1,1022,002863.SZ,今飞凯达,0.2014925373134328,35.00000000000001,1.7170425746811564,1.944687952190257,1.0461310525843504,3.729077035464433,599483554.0,4.87,4.99,4.76,4.99,43473895.0,215558164.0,4.54,9.911894273127754,10.0,4.99,True,False,True,65.29332042594386,65.0,False,NONE,0,0,93000000,3738500,351,57,2499500,236,234,1195400,8.599413510107617,66.85836565467433,5.749427328745216,31.975391199679017,False,launch_not_detected,0,0,0,0,0.0,0,45455966,7.582520937680302,0,0,0,0.0,0.0,0.0,0.0,0.0,0.0,0.0,0.0,0.0,0.0,0.0,0.0,0.0,6016466,1.0036081823856005,13.839261469440451,0.0,0,0.0,0.0,-18834425,-43.323527832047255,2.4640657084188837,False,9400,11.28323330587241,0,0,1.1484822572651614,33.03218223064048,6.846232182042479,100.0,13.839261469440451,False,-6.012024048096187,-7.214428857715438,-3.4068136272545124,-3.206412825651306,39.0,,100.0,v4,100.0,invalid,20260817,0.25,0.25,0.35,0.35,0.25,0.25,0.25,0.25,0.25,0.25,0.25,0.3,0.7,0.3,0.25,0.25,0.45,0.2,0.7,0.1,0.1,1.0,0.6,0.7,1.0,1.0,0.5,0.5,0.5,excluded,,,
2,828,002651.SZ,利君股份,0.1520833333333334,27.84992784992786,1.8053081766227848,1.5072667333530598,1.1678471387623297,3.684548504719619,565463641.0,8.64,9.23,8.51,9.23,31403574.0,282098302.0,8.39,10.011918951132293,10.0,9.23,True,False,True,71.15198451113262,81.0,False,NONE,0,0,93000000,5452900,1477,142,1745200,700,700,3547800,17.363947173656094,32.00498817143171,5.557329239022284,65.06262722587981,False,launch_not_detected,0,0,0,0,0.0,0,32382288,5.726679073960124,0,0,0,0.0,0.0,0.0,0.0,0.0,0.0,0.0,0.0,0.0,0.0,0.0,0.0,0.0,8997557,1.591182234827367,28.651378979984887,0.0,0,0.0,0.0,-9720346,-30.952992802666344,6.828703703703698,False,5000,14.009870341509536,3,1,19.735681812434223,11.36401977788701,5.176296383660855,100.0,28.651378979984887,False,-15.276273022751896,-6.717226435536306,-7.908992416034676,-7.042253521126762,58.5,,90.0,v4,90.0,invalid,20260817,0.25,0.25,0.35,0.35,0.25,0.25,0.25,0.25,0.25,0.25,0.25,1.0,0.9,1.0,0.25,0.25,0.45,0.5,1.0,0.2,0.8,0.5,0.6,0.9,0.8,0.9,0.1,0.6,0.4,excluded,,,
3,1127,001318.SZ,阳光乳业,0.2173366834170854,30.000000000000004,2.244009807634543,2.1864573515884778,2.53647179413515,1.147471554241414,282660000.0,11.25,12.35,11.25,12.35,7091650.0,85492446.0,11.23,9.973285841495994,10.0,12.35,True,False,True,56.41819941916747,19.0,True,CONTINUOUS_TRIGGER,93700000,93959999,93000000,142800,96,51,20500,18,17,90300,2.013635754725628,14.355742296918766,0.2890723597470264,63.23529411764706,True,,0,0,0,0,0.0,2639910,7811960,2.7637302766574683,455700,0,0,0.0,312.9685956084172,296.5400000000009,62.582057721664754,187.1196634746212,30.368838331609787,42.87729196050776,21.49353576447682,61.24451212351937,19.956004596955573,0.9339524517087668,0.1612184249628529,0.0,1411600,0.4993985707210076,19.905099659458656,53.47151986241955,1402300,307.72438007461045,44.8908223051053,-2581050,-36.39562020122257,9.777777777777777,False,3400,4.462995212679701,7,2,3.641175680006616,20.21906177032477,2.296525861458997,100.0,19.905099659458656,False,-8.906882591093112,-11.497975708502029,-5.344129554655874,-2.348178137651813,50.0,66.66666666666666,80.0,v4,80.0,watch,20260817,0.7,0.6,0.35,0.35,0.6,0.5,0.5,0.8,0.6,1.0,1.0,0.8,0.3,0.8,0.9,1.0,1.0,0.3,0.5,0.45,0.2,0.8,0.6,0.4,0.4,0.3,0.2,0.1,0.14,test,100.0,100.0,100.0
4,233,600824.SH,益民集团,0.1620370370370371,22.25705329153605,1.2146032946062677,0.818123724797337,0.9638368657270856,3.971118507694588,1054027073.0,3.54,3.89,3.49,3.89,34243930.0,130838825.0,3.54,9.887005649717516,10.0,3.89,True,False,True,84.13746369796709,76.0,True,CONTINUOUS_TRIGGER,100300000,100559999,93000000,443600,135,38,110300,31,29,265200,1.2954120628093797,24.864743011722272,0.3221008803604026,59.78358881875564,True,,0,0,0,0,0.0,7607800,10444948,0.9909563300182898,1357400,32,606000,7.965509082783459,1489.0061627118644,1636.9700000000012,68.60459002602593,277.4736386746952,8.208680564683615,34.67877144793636,34.078182917532004,48.079602513210126,17.341175501760457,0.721784116829796,0.1287822708515951,0.0574937793841657,3484448,0.3305842979993361,10.17537414660058,45.80099371697469,2036274,150.01281862383968,0.0,-19402834,-56.66065197540119,9.887005649717516,False,14600,-6.926483029255112,6,2,4.971408899891893,11.166079412459268,0.220637027223683,100.0,10.17537414660058,False,-6.683804627249367,-7.969151670951158,-5.398457583547556,-0.5141388174807249,41.25,50.0,70.0,v4,70.0,medium,20260817,0.6,0.5,0.7,0.9,1.0,0.8,0.8,0.9,0.8,0.5,0.9,0.2,0.1,0.2,0.8,0.9,0.45,0.1,0.3,0.45,0.4,0.4,0.6,0.2,0.6,0.4,0.4,0.4,0.4,test,83.33333333333334,83.33333333333334,83.33333333333334
5,705,000505.SZ,京粮控股,0.1506550218340612,27.439024390243905,1.6139439864739675,1.5348835450647331,1.0499962048202451,2.2923265801419475,661975251.0,5.67,6.17,5.67,6.17,23291297.0,140149063.0,5.61,9.982174688057045,10.0,6.17,True,False,True,74.39496611810262,48.0,False,NONE,0,0,93000000,3536400,226,58,283800,50,50,3207100,15.18335367927342,8.025110281642348,1.218480877213493,90.68827055762922,False,launch_not_detected,0,0,0,0,0.0,0,24512347,3.7029098841642334,0,0,0,0.0,0.0,0.0,0.0,0.0,0.0,0.0,0.0,0.0,0.0,0.0,0.0,0.0,4197411,0.6340737049699763,18.02137081503018,0.0,0,0.0,0.0,-7347227,-31.544945736598525,8.818342151675495,False,8530,12.765227286398009,8,2,10.94822975153764,10.138611662386756,3.1354190309450103,100.0,18.02137081503018,False,21.393841166936788,7.94165316045381,14.10048622366289,19.12479740680713,50.24999999999999,,60.0,v4,60.0,invalid,20260817,0.25,0.25,0.35,0.35,0.25,0.25,0.25,0.25,0.25,0.25,0.25,0.5,0.5,0.5,0.25,0.25,0.45,0.4,0.9,0.45,0.7,0.3,0.6,0.8,0.2,0.7,1.0,0.9,0.9400000000000001,excluded,,,
6,751,600313.SH,农发种业,0.1255230125523012,27.4,1.8488184950670097,2.4523662944129825,0.7905778902031819,2.209372244464404,1082198663.0,5.65,6.16,5.65,6.16,58635580.0,354317481.0,5.6,10.000000000000009,10.0,6.16,True,False,True,73.35914811229429,36.75,False,NONE,0,0,93000000,1460200,414,66,226000,31,31,988400,2.4902968470679405,15.477331872346252,0.3854315076272802,67.68935762224353,False,launch_not_detected,0,0,0,0,0.0,0,25930951,2.396135930173479,0,0,0,0.0,0.0,0.0,0.0,0.0,0.0,0.0,0.0,0.0,0.0,0.0,0.0,0.0,10412911,0.9621995809100348,17.758690201410133,0.0,0,0.0,0.0,-16968400,-28.938743336383816,9.02654867256636,False,8800,12.394181143940248,6,3,3.8987365479965472,15.837988241905638,1.2828558632214833,100.0,17.758690201410133,False,12.337662337662335,7.954545454545459,16.55844155844155,26.62337662337661,49.0,,50.0,v4,50.0,invalid,20260817,0.25,0.25,0.35,0.35,0.25,0.25,0.25,0.25,0.25,0.25,0.25,0.4,0.6,0.4,0.25,0.25,0.45,0.6,0.8,0.8,0.3,0.6,0.6,0.6,0.5,0.5,0.9,1.0,0.96,excluded,,,
7,712,001356.SZ,富岭股份,0.0725190839694656,35.39603960396038,1.1928867052123238,1.9025898644679389,1.3813950523839018,2.9645305532941992,211696500.0,8.71,9.52,8.71,9.52,11854287.0,108978576.0,8.65,10.057803468208082,10.0,9.52,True,False,True,74.16069699903196,62.5,True,CONTINUOUS_TRIGGER,101700000,101959999,93000000,244800,155,65,32200,22,22,163200,2.0650756979310523,13.153594771241831,0.2716316890252446,66.66666666666666,True,,0,0,0,0,0.0,9565988,13162420,6.2175898042716815,1878088,17,925800,9.678038483845055,1709.980249567581,1869.050000000003,55.01156806803438,264.4438694506369,11.09869675772121,13.983010403741533,17.216203909099615,63.15082143109525,33.7354747695918,4.518727517932511,0.8871606285413315,0.437324188165605,2213700,1.0456951343078418,18.67425683214857,23.14136292038,680876,36.25367927381464,0.0,464593,3.919198176997064,9.299655568312271,False,3300,-3.6032196622200896,5,2,19.970685779617963,18.768142127999283,3.9631359044670087,100.0,18.67425683214857,False,-3.886554621848737,-0.7352941176470673,-0.6302521008403228,-1.2605042016806678,73.25,33.33333333333333,40.0,v4,40.0,medium,20260817,0.8,0.9,1.0,1.0,0.5,0.9,0.9,0.6,0.7,0.6,0.5,0.6,0.8,0.6,0.6,0.5,0.45,0.9,0.4,0.45,0.9,0.7,0.6,0.5,0.3,0.1,0.7,0.8,0.76,test,50.0,33.33333333333333,66.66666666666666
8,263,601366.SH,利群股份,0.1397515527950311,25.57377049180329,1.4540696919035028,0.93451996882413,0.8653606794197366,3.13811447974862,959741113.0,3.54,3.85,3.46,3.85,28145662.0,104989725.0,3.5,10.000000000000009,10.0,3.85,True,False,True,83.61858664085189,66.75,True,CONTINUOUS_TRIGGER,94100000,94359999,93000000,431700,98,33,278400,43,43,88600,1.5338065240746517,64.48922863099375,0.9891399960676,20.523511697938385,True,,0,0,0,0,0.0,4394619,15156548,1.5792329613371476,2125419,0,0,0.0,631.0296948682385,589.619999999999,80.61720481343207,307.61431869578644,14.699795363375074,24.16571617793149,28.06614179750281,23.56973380399985,8.256334493038395,0.4578962952064345,0.2214575338297506,0.0,5276748,0.5498095193094016,18.747997471155596,120.07293465030756,2165300,101.87638296260644,0.0,-5939766,-21.10366421653184,8.757062146892647,False,10200,6.738871517749343,5,3,6.978935397261258,5.885415476621351,0.6554892683856506,100.0,18.747997471155596,False,-5.714285714285716,-8.831168831168835,-3.3766233766233777,0.7792207792207684,53.25,83.33333333333334,30.0,v4,30.0,watch,20260817,0.5,0.7,0.35,0.35,0.9,0.6,0.6,1.0,0.9,0.8,0.6,0.7,0.4,0.7,1.0,0.6,0.45,0.7,0.6,0.8,0.5,0.1,0.6,0.3,0.9,0.6,0.6,0.2,0.36,test,33.33333333333333,16.666666666666664,50.0
9,673,002478.SZ,常宝股份,0.1228710462287104,38.87884267631101,1.404565329780365,2.219677608949401,0.620149313781171,1.809157052315184,722887188.0,6.24,6.86,6.18,6.86,29029309.0,189685326.0,6.24,9.935897435897443,10.0,6.86,True,False,True,75.16166505324298,21.0,True,CONTINUOUS_TRIGGER,135600000,135859999,93000000,315800,96,43,83000,25,24,121700,1.087866059781168,26.28245725142495,0.2859179321147465,38.53704876504116,True,,0,0,0,0,0.0,34019209,28861939,3.992592409868523,1761200,31,876800,2.5773673926398466,8801.20686922154,10813.339999999997,55.60114581147375,119.04078599920332,13.10524298198703,25.61740070738788,26.976029924740462,67.84689497042685,75.70953549049342,4.706019080808498,0.2436341422612127,0.1212914012801676,2629531,0.3637539914457579,9.058193565682188,7.7295477387495986,2545431,144.52821939586647,9.075827468025505,6705957,23.100642870968784,9.935897435897443,False,5000,-26.48657603251941,9,3,8.253240821539706,9.854469851248767,2.771851034659643,-35.96530732207955,9.058193565682188,False,-7.434402332361523,-8.309037900874639,0.7288629737609353,0.0,55.00000000000001,16.666666666666664,20.0,v4,20.0,watch,20260817,0.9,0.8,0.8,0.7,0.8,1.0,1.0,0.7,0.5,0.7,0.8,0.1,0.2,0.1,0.5,0.8,0.9,1.0,0.2,0.8,0.6,0.2,0.1,0.1,0.7,0.2,0.3,0.3,0.3,test,16.666666666666664,66.66666666666666,33.33333333333333
10,681,000735.SZ,罗 牛 山,0.0542740841248304,28.025477707006385,1.661604417795814,2.098459788405291,1.0840353228287931,3.649748589730093,1150897517.0,5.4,5.62,5.22,5.62,88145522.0,480537096.0,5.11,9.980430528375738,10.0,5.62,True,False,True,74.87899322362051,59.0,True,CONTINUOUS_TRIGGER,95100000,95359999,93000000,47104600,2502,98,3415700,1083,1082,41265700,53.43958369206776,7.251308789375136,3.875069229268391,87.60439532444815,True,,0,0,0,0,0.0,73920635,104235356,9.056875565402752,12642500,42,1932300,2.6140197524006656,834.9867396191786,850.9000000000015,45.169417172890896,340.17131594570776,20.60409924779461,24.48424350839176,23.54206102260891,59.35513676255621,77.46411326488033,6.422868579357618,1.0984905096463078,0.1678950533351441,21107350,1.8339904021184883,23.946026435693465,28.55407018622067,13280400,105.04567925647616,0.0,2436176,2.763811416307683,4.074074074074074,False,8100,-28.405557573304748,6,4,21.588075120769208,22.136653892876545,7.503684882830449,100.0,23.946026435693465,False,6.4056939501779375,-5.3380782918149405,1.2455516014235002,19.928825622775804,75.5,100.0,10.0,v4,10.0,medium,20260817,1.0,1.0,0.9,0.8,0.7,0.7,0.7,0.5,1.0,0.9,0.7,0.9,1.0,0.9,0.7,0.7,0.45,0.8,0.1,1.0,1.0,0.9,0.6,1.0,0.1,0.8,0.8,0.7,0.74,test,66.66666666666666,50.0,16.666666666666664
1,1026,000735.SZ,罗 牛 山,0.1234735413839891,28.025477707006385,2.160625944214601,2.371661941816488,1.2216371950715323,4.372800984652417,1150897517.0,5.72,6.18,5.71,6.18,119357345.0,706971859.0,5.62,9.964412811387891,10.0,6.18,True,False,True,65.05517909002906,36.315789473684205,False,NONE,0,0,93000000,17612700,2735,108,7306300,1067,1066,9625700,14.756276624618284,41.483134329205626,6.121366054179573,54.65204085688168,False,launch_not_detected,0,0,0,0,0.0,0,141289812,12.276489427859282,0,0,0,0.0,0.0,0.0,0.0,0.0,0.0,0.0,0.0,0.0,0.0,0.0,0.0,0.0,19155300,1.6643792967710431,16.04869813416175,0.0,0,0.0,0.0,1222121,1.023917715327867,8.041958041958042,False,7900,24.238159788155475,3,1,22.05075939078085,20.677922793711268,10.131475155489452,100.0,16.04869813416175,False,-12.135922330097094,-11.165048543689316,-4.53074433656957,10.194174757281548,61.18421052631579,,100.0,v4,100.0,invalid,20260818,0.23684210526315788,0.23684210526315788,0.2894736842105263,0.2894736842105263,0.23684210526315788,0.23684210526315788,0.23684210526315788,0.23684210526315788,0.23684210526315788,0.23684210526315788,0.23684210526315788,0.7368421052631579,1.0,0.7368421052631579,0.23684210526315788,0.23684210526315788,0.39473684210526316,0.7894736842105263,0.9473684210526315,0.3157894736842105,1.0,0.7368421052631579,0.7105263157894737,1.0,0.8421052631578947,1.0,0.10526315789473684,0.05263157894736842,0.07368421052631578,excluded,,,
2,766,000798.SZ,中水渔业,0.1673469387755101,29.55882352941177,1.5908230140928286,1.90046002061709,0.8819700707890308,5.316210257444406,365836212.0,8.4,9.28,8.38,8.9,36961329.0,329435580.0,8.44,5.450236966824651,10.0,9.28,True,False,True,73.26040658276864,36.05263157894736,True,CONTINUOUS_TRIGGER,94400000,94659999,93000000,189200,118,48,31900,28,27,131800,0.5118863556015532,16.86046511627907,0.0863064204211921,69.66173361522199,True,,0,0,0,0,0.0,2929298,30752129,8.405982784448906,1047898,0,0,0.0,618.9218623481781,554.6949999999997,57.50859079547387,322.56009330305506,8.302330455965901,7.5467447623338595,14.945560335616245,49.28143193352128,3.3494466608600573,0.8007129704262299,0.2864391128125939,0.0,2776400,0.7589188573820024,7.511634660106512,94.7803876560186,1194196,113.96109163296428,17.696685094846025,-4509723,-12.201192765552342,5.952380952380953,False,3300,14.688600618229936,0,0,4.252122661368706,30.140920002747023,9.92822410920874,28.324926997610834,7.511634660106512,False,-2.022471910112356,1.2359550561797716,12.35955056179774,29.438202247191004,46.44736842105264,9.090909090909092,94.73684210526316,v4,94.73684210526316,watch,20260818,0.47368421052631576,0.5263157894736842,0.2894736842105263,0.2894736842105263,0.5263157894736842,0.47368421052631576,0.47368421052631576,0.8947368421052632,0.9473684210526315,0.5789473684210527,0.47368421052631576,0.15789473684210525,0.631578947368421,0.15789473684210525,0.9473684210526315,0.7368421052631579,0.8421052631578947,0.5263157894736842,0.7368421052631579,0.05263157894736842,0.5263157894736842,0.8947368421052632,0.3684210526315789,0.10526315789473684,0.15789473684210525,0.10526315789473684,0.9473684210526315,0.8421052631578947,0.8842105263157893,test,90.9090909090909,9.090909090909092,90.9090909090909
3,774,000019.SZ,深粮控股,0.2727272727272727,20.0,1.5505781556394518,2.027910385396912,0.7094536353521483,6.464944824847268,416208907.00000006,6.34,6.96,6.27,6.96,54566356.0,370254388.0,6.33,9.952606635071092,10.0,6.96,True,False,True,73.06001936108423,59.210526315789465,True,CONTINUOUS_TRIGGER,100200000,100459999,93000000,2169800,512,79,808200,135,134,1169300,3.976442920249247,37.24767259655268,1.4811324399232375,53.88975942483179,True,,0,0,0,0,0.0,28638401,57913982,13.91464262921216,2786075,17,368600,1.2870830323243256,1203.6244015327218,1266.1299999999974,48.66049260222315,215.15978099882895,16.11947887732978,14.948547126395862,13.791779087107551,76.47976226046977,25.08198458405396,6.880775619729828,0.669393411131396,0.0885612954938515,4117149,0.989202520838892,7.545215223827665,14.376322895960566,3812809,136.85234604237144,38.28414562874448,-10785134,-19.76517178460661,9.77917981072556,False,8000,-12.16880965993038,5,1,1.635234330540895,46.82900743399996,11.05115946016984,100.0,7.545215223827665,False,-8.62068965517241,-4.454022988505746,13.793103448275868,10.488505747126451,54.07894736842106,81.81818181818183,89.47368421052632,v4,89.47368421052632,medium,20260818,0.9473684210526315,0.8421052631578947,0.7894736842105263,0.6842105263157895,0.47368421052631576,0.7368421052631579,0.7368421052631579,0.631578947368421,0.5789473684210527,0.8947368421052632,0.5263157894736842,0.21052631578947367,0.8421052631578947,0.21052631578947367,0.5263157894736842,0.8947368421052632,1.0,0.47368421052631576,0.21052631578947367,0.3157894736842105,0.21052631578947367,1.0,0.7105263157894737,0.7368421052631579,0.6842105263157895,0.7894736842105263,0.5789473684210527,0.5263157894736842,0.5473684210526316,test,81.81818181818183,63.63636363636363,63.63636363636363
4,903,603280.SH,南方路机,0.1354279523293607,36.56291100394564,1.6801803167069658,1.4884310113509849,1.2806207472093836,3.5262813070081225,108406667.0,26.3,29.22,26.2,29.22,5689861.0,160333534.0,26.56,10.01506024096386,10.0,29.22,True,False,True,69.33591481122943,46.31578947368421,True,CONTINUOUS_TRIGGER,104700000,104959999,93000000,117800,163,82,45300,53,53,64800,2.0703493459682054,38.455008488964346,0.7961530167432913,55.00848896434635,True,,0,0,0,0,0.0,1972684,3412484,3.147854365820508,366900,3,41200,2.0885250754809186,3134.650030229746,3457.4400000000023,67.1038544439961,217.37721081138403,6.237542353463605,16.060606060606062,43.83286932929957,37.56810518055603,32.756230776112105,1.8197072694800216,0.3384478188965998,0.0380050426234393,555800,0.5126990944200877,9.768252686664928,28.174811576512,555400,151.37639683837557,4.729705929583731,-1764661,-31.01413197967402,11.102661596958164,False,1800,8.044133239810252,35,4,21.72104395157731,12.164842223218614,0.6524017568033893,100.0,9.768252686664928,False,-9.103353867214237,-9.6851471594798,-7.837097878165633,-7.255304585900058,59.99999999999999,54.54545454545454,84.21052631578947,v4,84.21052631578947,watch,20260818,0.6842105263157895,0.631578947368421,0.631578947368421,0.7368421052631579,1.0,1.0,1.0,0.9473684210526315,0.631578947368421,0.47368421052631576,0.6842105263157895,0.42105263157894735,0.3157894736842105,0.42105263157894735,0.7894736842105263,1.0,0.7894736842105263,0.3684210526315789,0.5789473684210527,0.9736842105263158,0.9473684210526315,0.47368421052631576,0.7105263157894737,0.42105263157894735,0.7368421052631579,0.47368421052631576,0.47368421052631576,0.10526315789473684,0.25263157894736843,test,45.45454545454545,90.9090909090909,100.0
5,1078,000505.SZ,京粮控股,0.2729257641921397,26.82926829268293,2.0484770751203616,1.6377514164800655,1.1203669342031572,7.123599735407683,661975251.0,6.22,6.79,6.11,6.79,77230571.0,508426813.0,6.17,10.048622366288496,10.0,6.79,True,False,True,62.48015488867375,84.73684210526315,True,CONTINUOUS_TRIGGER,101700000,101959999,93000000,3497500,1097,106,1666000,641,641,1749400,4.528647081995548,47.63402430307362,2.157176851638194,50.01858470335955,True,,0,0,0,0,0.0,70585071,88681171,13.396448109810075,6523680,43,862480,1.2219014414535334,2019.5855585213944,2175.9100000000035,44.21939874509725,252.4176315765933,18.31119359503088,23.031628410276053,19.22970368620866,71.5280020048432,38.21926811857963,10.662796062748878,0.9854869936821852,0.1302888587899791,8121480,1.2268555339087746,10.515887549245234,11.50594578278458,8065780,123.63849851617492,21.86966709009027,-7593935,-9.832809600747352,9.163987138263677,False,5800,-30.83953632817243,2,1,7.007880482086155,25.245097871491275,10.36133086492081,100.0,10.515887549245234,True,-0.7363770250368162,2.798232695139924,13.991163475699553,13.696612665684826,60.92105263157895,100.0,78.94736842105263,v4,78.94736842105263,medium,20260818,1.0,1.0,0.8947368421052632,0.631578947368421,0.7368421052631579,0.9473684210526315,0.9473684210526315,0.5789473684210527,0.7368421052631579,0.9473684210526315,0.8947368421052632,0.47368421052631576,0.9473684210526315,0.47368421052631576,0.47368421052631576,0.8421052631578947,0.8947368421052632,0.6842105263157895,0.05263157894736842,0.3157894736842105,0.5789473684210527,0.8421052631578947,0.7105263157894737,0.8421052631578947,1.0,0.8421052631578947,1.0,0.8947368421052632,0.9368421052631579,test,36.36363636363637,100.0,54.54545454545454
6,1096,600371.SH,万向德农,0.3151364764267991,30.505709624796083,1.6688513637985216,2.033804062506405,1.132693087959715,1.8198623443309223,292578000.0,7.35,8.14,7.35,8.14,10829024.0,87294607.0,7.4,10.000000000000009,10.0,8.14,True,False,True,60.96999031945789,19.07894736842105,False,NONE,0,0,93000000,375300,191,66,92000,65,65,174500,3.465686288995204,24.513722355448976,0.8495687145951473,46.49613642419398,False,launch_not_detected,0,0,0,0,0.0,0,3016040,1.030849893019981,0,0,0,0.0,0.0,0.0,0.0,0.0,0.0,0.0,0.0,0.0,0.0,0.0,0.0,0.0,2133040,0.7290500311028171,19.69743533673949,0.0,0,0.0,0.0,-6114544,-56.46440528712468,10.748299319727897,False,5000,8.13554388650353,5,1,1.054087309119307,15.32432377007157,0.5547580474266691,100.0,19.69743533673949,False,-4.914004914004922,6.511056511056501,71.4987714987715,94.47174447174449,41.71052631578948,,73.68421052631578,v4,73.68421052631578,invalid,20260818,0.23684210526315788,0.23684210526315788,0.2894736842105263,0.2894736842105263,0.23684210526315788,0.23684210526315788,0.23684210526315788,0.23684210526315788,0.23684210526315788,0.23684210526315788,0.23684210526315788,0.8947368421052632,0.5789473684210527,0.8947368421052632,0.23684210526315788,0.23684210526315788,0.39473684210526316,0.10526315789473684,0.631578947368421,0.3157894736842105,0.10526315789473684,0.631578947368421,0.7105263157894737,0.631578947368421,0.2631578947368421,0.5263157894736842,0.8947368421052632,0.9473684210526315,0.9263157894736842,excluded,,,
7,972,600359.SH,新农开发,0.3152866242038217,28.436911487758955,1.7273867325909429,1.6936718273320357,0.8130441837157757,5.687429945003425,381512820.0,6.31,6.93,6.21,6.93,36749756.0,246587204.0,6.3,10.000000000000009,10.0,6.93,True,False,True,67.20619554695062,63.28947368421052,True,CONTINUOUS_TRIGGER,102100000,102359999,93000000,596400,166,47,162800,57,55,318200,1.6228679178169236,27.29711602951039,0.442996138532185,53.35345405767941,True,,0,0,0,0,0.0,12856341,22428460,5.878822106161465,1406400,22,351000,2.730170271619273,1693.984732014904,1690.8549999999996,49.18973446643955,195.62642587320025,12.98814336054092,29.51818349640022,29.650084732506706,59.410566350099145,22.252776317752968,3.3698319757642743,0.368637677758771,0.0920021508058366,2615200,0.6854815521009228,7.116237724136182,20.341713089284116,1263800,89.86063708759954,0.0,-1945622,-5.294244674712942,9.825673534072909,False,3900,7.172006801895502,2,1,0.9711754204856198,8.033704345767463,2.4264476879178005,26.861875690521448,7.116237724136182,False,-5.339105339105343,-1.7316017316017285,12.409812409812403,14.862914862914868,47.36842105263159,27.27272727272727,68.42105263157895,v4,68.42105263157895,watch,20260818,0.7368421052631579,0.7368421052631579,0.8421052631578947,0.7894736842105263,0.8947368421052632,0.7894736842105263,0.8421052631578947,0.7368421052631579,0.47368421052631576,0.6842105263157895,1.0,0.10526315789473684,0.47368421052631576,0.10526315789473684,0.6842105263157895,0.6842105263157895,0.39473684210526316,0.7368421052631579,0.47368421052631576,0.3157894736842105,0.05263157894736842,0.10526315789473684,0.3157894736842105,0.3157894736842105,0.3684210526315789,0.3157894736842105,0.8421052631578947,0.7894736842105263,0.8105263157894737,test,18.181818181818183,81.81818181818183,72.72727272727273
8,829,603739.SH,蔚蓝生物,0.246376811594203,28.65168539325844,1.434091115520061,1.4676951522202963,0.9848709802319968,2.5959446722081774,253028866.00000003,12.54,13.81,12.54,13.81,9640540.0,129767698.0,12.55,10.039840637450204,10.0,13.81,True,False,True,71.31461761858664,38.42105263157895,True,CONTINUOUS_TRIGGER,94900000,95159999,93000000,187500,141,57,37200,40,39,119000,1.9449117995464984,19.84,0.3858705010300253,63.46666666666667,True,,0,0,0,0,0.0,2096040,4347772,1.718290908358258,586440,6,112600,5.372034884830442,790.5437247474749,820.1849999999977,69.6332131066201,260.6729537468885,13.659090475372606,26.896090878717004,30.452663117116085,41.56886318963379,15.048949540170986,0.8283797944223484,0.2317680228626563,0.0445008515352552,2268276,0.8964494983746241,23.528516037483374,108.21720959523672,417640,71.21615169497306,0.0,-3310788,-34.342350117317075,10.127591706539096,False,3000,6.587348841454939,15,2,13.316008983789152,8.207087328921594,0.7191400841989308,100.0,23.528516037483374,False,-11.006517016654604,-9.196234612599577,-5.1412020275163,-1.5930485155684293,57.49999999999999,18.181818181818183,63.1578947368421,v4,63.1578947368421,medium,20260818,0.5263157894736842,0.47368421052631576,0.6842105263157895,1.0,0.9473684210526315,0.5789473684210527,0.5263157894736842,1.0,0.8421052631578947,0.7368421052631579,0.9473684210526315,0.9473684210526315,0.7894736842105263,0.9473684210526315,1.0,0.631578947368421,0.39473684210526316,0.2631578947368421,0.42105263157894735,0.7368421052631579,0.8421052631578947,0.2631578947368421,0.7105263157894737,0.3684210526315789,0.21052631578947367,0.21052631578947367,0.15789473684210525,0.21052631578947367,0.1894736842105263,test,63.63636363636363,72.72727272727273,81.81818181818183
9,669,000998.SZ,隆平高科,0.2746666666666669,19.047619047619047,1.3063082978627194,1.401000319420417,0.970376224003734,6.214627575091495,1315050546.0,8.33,9.22,8.3,9.22,114497443.0,1022271720.0,8.38,10.023866348448696,10.0,9.22,True,False,True,75.22362052274929,78.94736842105264,False,NONE,0,0,93000000,977100,576,82,378000,245,245,415900,0.8533815030262291,38.68590727663494,0.3301383769766806,42.56473237130283,False,launch_not_detected,0,0,0,0,0.0,0,116972230,8.894884714188013,0,0,0,0.0,0.0,0.0,0.0,0.0,0.0,0.0,0.0,0.0,0.0,0.0,0.0,0.0,8776252,0.6673699369727496,7.66502008258822,0.0,0,0.0,0.0,21808423,19.04708299905003,10.684273709483794,False,5000,25.86116442792526,7,2,1.4349056662806448,14.829734156849664,7.165978090092364,-37.7446630392873,7.66502008258822,False,-9.436008676789598,-3.2537960954446943,8.134490238611702,10.086767895878523,48.42105263157895,,57.89473684210527,v4,57.89473684210527,invalid,20260818,0.23684210526315788,0.23684210526315788,0.2894736842105263,0.2894736842105263,0.23684210526315788,0.23684210526315788,0.23684210526315788,0.23684210526315788,0.23684210526315788,0.23684210526315788,0.23684210526315788,0.2631578947368421,0.42105263157894735,0.2631578947368421,0.23684210526315788,0.23684210526315788,0.39473684210526316,0.8947368421052632,1.0,0.7368421052631579,0.15789473684210525,0.5789473684210527,0.15789473684210525,0.15789473684210525,0.7894736842105263,0.15789473684210525,0.3684210526315789,0.7368421052631579,0.5894736842105263,excluded,,,
10,403,605577.SH,龙版传媒,0.162913907284768,25.49707602339182,1.4098888863153576,0.7593135290508546,1.0562855801433535,3.3493970534148128,444444445.0,9.9,10.76,9.75,10.76,11303300.0,118868379.0,9.78,10.020449897750506,10.0,10.76,True,False,True,80.77250726040657,46.05263157894737,False,NONE,0,0,93000000,368100,118,54,109200,59,59,221200,3.256571089858714,29.665851670741645,0.9660895490697408,60.09236620483564,False,launch_not_detected,0,0,0,0,0.0,0,5649500,1.271137498411078,0,0,0,0.0,0.0,0.0,0.0,0.0,0.0,0.0,0.0,0.0,0.0,0.0,0.0,0.0,2191700,0.4931324993835843,19.38991268036768,0.0,0,0.0,0.0,-4604300,-40.73412189360629,8.686868686868676,False,3900,9.046915502552352,9,1,7.997435188211924,8.613764989232795,0.5951924992560094,100.0,19.38991268036768,False,-9.572490706319693,-7.15613382899628,8.550185873605942,73.51301115241637,46.1842105263158,,52.63157894736842,v4,52.63157894736842,invalid,20260818,0.23684210526315788,0.23684210526315788,0.2894736842105263,0.2894736842105263,0.23684210526315788,0.23684210526315788,0.23684210526315788,0.23684210526315788,0.23684210526315788,0.23684210526315788,0.23684210526315788,0.8421052631578947,0.2631578947368421,0.8421052631578947,0.23684210526315788,0.23684210526315788,0.39473684210526316,0.15789473684210525,0.6842105263157895,0.3157894736842105,0.631578947368421,0.3157894736842105,0.7105263157894737,0.5789473684210527,0.42105263157894735,0.5789473684210527,0.2631578947368421,0.3157894736842105,0.29473684210526313,excluded,,,
11,979,002041.SZ,登海种业,0.2391752577319588,19.612903225806445,1.7901058371953222,1.9242442556818136,1.1981524824711107,2.791390335359789,880000000.0,8.91,9.8,8.89,9.8,47267588.0,448275755.0,8.91,9.988776655443331,10.0,9.8,True,False,True,66.96030977734753,26.84210526315789,True,CONTINUOUS_TRIGGER,95200000,95459999,93000000,1668200,559,100,581400,136,135,842600,3.529268301145385,34.851936218678816,1.2300183373012392,50.50953123126723,True,,0,0,0,0,0.0,36036083,52197809,5.931569204545455,3824100,10,233500,0.6479616555439724,807.1729522993807,839.6100000000006,42.615419661454325,231.57678111656048,14.48417132350372,17.386870293005753,15.785916577004222,73.6022197529071,39.59958566110883,4.095009431818182,0.4345568181818182,0.0265340909090909,6099019,0.6930703409090909,12.903173735033825,16.924755667812175,5520919,144.37172145079887,24.206871913013774,-5140754,-10.875854295759709,9.988776655443331,False,5100,-18.20839049371421,6,2,3.1281279610028494,23.33753409090909,4.725876590909091,100.0,12.903173735033825,False,-5.510204081632663,14.387755102040822,21.224489795918377,22.65306122448978,54.868421052631575,72.72727272727273,47.368421052631575,v4,47.368421052631575,watch,20260818,0.7894736842105263,0.7894736842105263,0.5789473684210527,0.5789473684210527,0.631578947368421,0.631578947368421,0.5789473684210527,0.47368421052631576,0.6842105263157895,0.8421052631578947,0.7368421052631579,0.5789473684210527,0.5263157894736842,0.5789473684210527,0.631578947368421,0.9473684210526315,0.9473684210526315,0.631578947368421,0.10526315789473684,0.7368421052631579,0.3684210526315789,0.7894736842105263,0.7105263157894737,0.6842105263157895,0.47368421052631576,0.7368421052631579,0.7894736842105263,1.0,0.9157894736842105,test,72.72727272727273,45.45454545454545,36.36363636363637
12,581,603071.SH,物产环能,0.2733812949640289,37.20073664825048,0.8200702610113335,0.528024714605636,0.8773749516066589,3.630466176330849,557954442.0,12.68,13.2,12.68,13.2,10695852.0,139507729.0,12.0,9.999999999999986,10.0,13.2,True,False,True,76.94288480154889,52.63157894736842,False,NONE,0,0,93000000,834600,270,106,384500,55,54,346200,7.80302494836316,46.0699736400671,3.5948515368387666,41.48094895758448,False,launch_not_detected,0,0,0,0,0.0,0,6416500,1.150004286550693,0,0,0,0.0,0.0,0.0,0.0,0.0,0.0,0.0,0.0,0.0,0.0,0.0,0.0,0.0,1549900,0.2777825362307985,14.490664231330053,0.0,0,0.0,0.0,-2127652,-19.892309654247278,4.100946372239744,False,4000,16.39233601960835,4,2,8.320658690479608,8.056320842051832,0.4294436641477621,100.0,14.490664231330053,False,-5.606060606060592,-4.015151515151516,-4.09090909090909,-4.09090909090909,51.44736842105264,,42.10526315789473,v4,42.10526315789473,invalid,20260818,0.23684210526315788,0.23684210526315788,0.2894736842105263,0.2894736842105263,0.23684210526315788,0.23684210526315788,0.23684210526315788,0.23684210526315788,0.23684210526315788,0.23684210526315788,0.23684210526315788,0.6842105263157895,0.05263157894736842,0.6842105263157895,0.23684210526315788,0.23684210526315788,0.39473684210526316,0.42105263157894735,0.8421052631578947,0.7368421052631579,0.6842105263157895,0.15789473684210525,0.7105263157894737,0.8947368421052632,0.9473684210526315,0.9473684210526315,0.7368421052631579,0.5789473684210527,0.6421052631578947,excluded,,,
13,35,605268.SH,王力安防,0.0804597701149425,27.9811097992916,1.3096175726186814,0.5571509136306831,0.5620883729200881,3.354041520848598,440550000.0,9.24,10.16,9.16,10.16,8232590.0,81393973.0,9.24,9.956709956709965,10.0,10.16,True,False,True,91.11132623426911,37.63157894736842,False,NONE,0,0,93000000,33700,32,23,1500,4,4,24600,0.4093486982832863,4.451038575667656,0.0182202684695824,72.99703264094956,False,launch_not_detected,0,0,0,0,0.0,0,4943790,1.1221859039836568,0,0,0,0.0,0.0,0.0,0.0,0.0,0.0,0.0,0.0,0.0,0.0,0.0,0.0,0.0,2136200,0.4848938826466916,25.94809166981473,0.0,0,0.0,0.0,-1002190,-12.173447238353909,9.956709956709965,False,3000,16.039909676055775,6,2,11.512997602541695,8.168448530246284,0.5900578821927137,100.0,25.94809166981473,False,-8.956692913385833,-6.594488188976378,-3.838582677165359,-3.543307086614167,56.71052631578948,,36.84210526315789,v4,36.84210526315789,invalid,20260818,0.23684210526315788,0.23684210526315788,0.2894736842105263,0.2894736842105263,0.23684210526315788,0.23684210526315788,0.23684210526315788,0.23684210526315788,0.23684210526315788,0.23684210526315788,0.23684210526315788,1.0,0.21052631578947367,1.0,0.23684210526315788,0.23684210526315788,0.39473684210526316,0.5789473684210527,0.7894736842105263,0.7368421052631579,0.7894736842105263,0.21052631578947367,0.7105263157894737,0.05263157894736842,0.05263157894736842,0.05263157894736842,0.5263157894736842,0.42105263157894735,0.46315789473684205,excluded,,,
14,509,601952.SH,苏垦农发,0.324175824175824,19.183673469387763,1.248277263977627,0.8414195791001394,0.8766401559793758,5.336209062958067,1378000000.0,8.44,9.38,8.42,9.38,61872073.0,557972538.0,8.53,9.964830011723349,10.0,9.38,True,False,True,78.4085188770571,55.00000000000001,False,NONE,0,0,93000000,956200,487,91,339900,225,224,461400,1.5454468448147842,35.546956703618484,0.5493593208037494,48.253503451160846,False,launch_not_detected,0,0,0,0,0.0,0,38883301,2.821719956458636,0,0,0,0.0,0.0,0.0,0.0,0.0,0.0,0.0,0.0,0.0,0.0,0.0,0.0,0.0,4107870,0.2981037735849057,6.639295890409231,0.0,0,0.0,0.0,8031335,12.98054939908026,11.13744075829386,False,4300,23.837276310428454,6,1,4.127729452742643,3.2755335994194485,1.254821915820029,-18.24873008742528,6.639295890409231,False,-10.021321961620478,-4.690831556503216,5.330490405117261,12.899786780383792,42.89473684210527,,31.57894736842105,v4,31.57894736842105,invalid,20260818,0.23684210526315788,0.23684210526315788,0.2894736842105263,0.2894736842105263,0.23684210526315788,0.23684210526315788,0.23684210526315788,0.23684210526315788,0.23684210526315788,0.23684210526315788,0.23684210526315788,0.05263157894736842,0.10526315789473684,0.05263157894736842,0.23684210526315788,0.23684210526315788,0.39473684210526316,0.8421052631578947,0.8947368421052632,0.3157894736842105,0.47368421052631576,0.05263157894736842,0.21052631578947367,0.2631578947368421,0.631578947368421,0.3684210526315789,0.21052631578947367,0.47368421052631576,0.3684210526315789,excluded,,,
15,1083,000972.SZ,中基健康,0.2783018867924529,26.22950819672132,1.9594393891567603,1.4953969932763167,1.403050252457778,5.734113248989773,771283579.0,3.63,4.0,3.59,3.91,66135837.0,257783164.0,3.64,7.417582417582413,10.0,4.0,True,False,True,62.20716360116166,56.315789473684205,True,CONTINUOUS_TRIGGER,95500000,95759999,93000000,2026300,252,42,715600,79,78,1065200,3.0638457028978103,35.315599861817105,1.0820154888188684,52.56872131471154,True,,0,0,0,0,0.0,14003800,74236969,9.625119867876768,2690300,14,459600,3.281966323426498,1056.374905977166,1086.9800000000032,43.12686556506091,322.85717055801683,7.200188520258786,19.515619161120256,23.60930604550193,57.1794798554678,9.078890163588616,1.8156486642897915,0.3488081521828951,0.059588977713734,6433100,0.8340771377942172,9.727101510789076,45.93824533340951,1427800,53.07214808757388,0.0,-20668589,-31.25172363056356,7.713498622589543,False,14000,-2.798785173006883,2,1,8.81245387187976,30.27238052996329,7.641232175124527,25.67115015097447,9.727101510789076,False,-6.905370843989767,-6.905370843989767,0.5115089514066584,1.534526854219953,52.10526315789474,63.63636363636363,26.31578947368421,v4,26.31578947368421,watch,20260818,0.631578947368421,0.6842105263157895,0.7368421052631579,0.8421052631578947,0.8421052631578947,0.6842105263157895,0.6842105263157895,0.5263157894736842,1.0,0.5263157894736842,0.7894736842105263,0.3684210526315789,0.6842105263157895,0.3684210526315789,0.8947368421052632,0.5789473684210527,0.39473684210526316,0.3157894736842105,0.3157894736842105,0.3157894736842105,0.7368421052631579,0.9473684210526315,0.2631578947368421,0.5263157894736842,0.5789473684210527,0.631578947368421,0.631578947368421,0.3684210526315789,0.4736842105263158,test,54.54545454545454,36.36363636363637,45.45454545454545
16,194,603708.SH,家家悦,0.1922398589065255,21.818181818181827,1.2226238180392852,0.5765874282957981,0.8659429537125329,5.578987260583117,638338675.0,9.8,10.27,9.73,10.27,20533912.0,209247176.0,9.34,9.95717344753746,10.0,10.27,True,False,True,85.32236205227493,60.26315789473685,False,NONE,0,0,93000000,921000,165,73,250100,44,43,614900,4.485263207517399,27.15526601520087,1.2179851554832806,66.76438653637351,False,launch_not_detected,0,0,0,0,0.0,0,5040560,0.789637256429747,0,0,0,0.0,0.0,0.0,0.0,0.0,0.0,0.0,0.0,0.0,0.0,0.0,0.0,0.0,2641100,0.4137458849724247,12.862137521578935,0.0,0,0.0,0.0,-12955284,-63.09213753326692,4.795918367346919,False,5800,7.191586289061725,3,2,2.712516597890257,12.641330246831748,0.3906775662621413,100.0,12.862137521578935,False,-12.171372930866598,-9.639727361246353,-6.815968841285292,-4.576436222005831,39.60526315789473,,21.052631578947366,v4,21.052631578947366,invalid,20260818,0.23684210526315788,0.23684210526315788,0.2894736842105263,0.2894736842105263,0.23684210526315788,0.23684210526315788,0.23684210526315788,0.23684210526315788,0.23684210526315788,0.23684210526315788,0.23684210526315788,0.5263157894736842,0.15789473684210525,0.5263157894736842,0.23684210526315788,0.23684210526315788,0.39473684210526316,0.05263157894736842,0.5263157894736842,0.7368421052631579,0.3157894736842105,0.5263157894736842,0.7105263157894737,0.7894736842105263,0.3157894736842105,0.6842105263157895,0.05263157894736842,0.15789473684210525,0.11578947368421051,excluded,,,
17,670,002385.SZ,大北农,0.2028301886792451,31.439393939393945,1.2578726748052642,1.691543708280814,0.8193779578959572,5.402437477035688,3565612571.0,3.07,3.38,3.07,3.38,320585256.0,1049420951.0,3.07,10.097719869706845,10.0,3.38,True,False,True,75.20232333010648,67.63157894736841,True,CONTINUOUS_TRIGGER,102000000,102259999,93000000,7969100,955,48,1254200,151,151,5111200,2.48579741296649,15.738289141810242,0.391221984332305,64.13773198981065,True,,0,0,0,0,0.0,195145361,328230187,9.205436105694051,27387954,354,8936661,4.579489337694274,1939.3840353714256,1994.1100000000008,50.96192422427095,205.95641988064224,23.6864928600583,15.733556822149383,15.896649984930978,70.06870739807133,24.05252941513941,5.472982751608097,0.768113569678123,0.2506346615637395,29954513,0.8400944410962478,9.34369639257521,15.349846312769891,13717786,50.0869323791036,0.0,93659154,29.21505348330804,10.097719869706845,False,10000,-11.45466496438002,3,1,4.111258210393091,11.37229555723372,8.388938255176463,-52.51277696670349,9.34369639257521,False,-5.917159763313606,-3.5502958579881727,4.4378698224851965,6.804733727810652,59.21052631578948,36.36363636363637,15.789473684210526,v4,15.789473684210526,medium,20260818,0.8947368421052632,0.8947368421052632,1.0,0.9473684210526315,0.6842105263157895,0.8947368421052632,0.8947368421052632,0.7894736842105263,0.5263157894736842,1.0,0.5789473684210527,0.3157894736842105,0.7368421052631579,0.3157894736842105,0.5789473684210527,0.5263157894736842,0.39473684210526316,1.0,0.2631578947368421,0.3157894736842105,0.42105263157894735,0.3684210526315789,0.05263157894736842,0.47368421052631576,0.10526315789473684,0.2631578947368421,0.6842105263157895,0.6842105263157895,0.6842105263157895,test,9.090909090909092,54.54545454545454,18.181818181818183
18,479,000852.SZ,石化机械,0.0981210855949895,34.23799582463465,1.5001813473403391,1.3446894644255487,0.8938951196613671,2.2655254251047188,950258873.0,5.42,5.79,5.34,5.79,28948954.0,162804627.0,5.26,10.076045627376429,10.0,5.79,True,False,True,78.92545982575024,39.47368421052632,True,CONTINUOUS_TRIGGER,94500000,94759999,93000000,2285400,305,59,806200,152,151,1448300,7.894585759471655,35.276100463813776,2.7849020037131567,63.37183862781133,True,,0,0,0,0,0.0,14170040,29493432,3.1037260306644883,3150600,0,0,0.0,773.1897498085272,842.75,49.02173882360248,266.1713183849544,13.839057617339115,23.010048157066123,20.30368298184056,57.46208197012852,24.872194000515528,1.4911768153518732,0.3315517581070774,0.0,5480242,0.5767104265702552,18.930708169973947,38.67485201170921,3669158,116.45902367802958,0.0,-9988830,-34.50497727828093,6.826568265682664,False,10000,-15.896567454561572,4,2,16.5159886859509,18.865522342773215,2.707817283385682,100.0,18.930708169973947,False,-9.153713298791022,-7.772020725388606,-4.835924006908465,4.145077720207269,48.94736842105263,90.9090909090909,10.526315789473683,v4,10.526315789473683,watch,20260818,0.5789473684210527,0.5789473684210527,0.2894736842105263,0.2894736842105263,0.7894736842105263,0.5263157894736842,0.631578947368421,0.6842105263157895,0.8947368421052632,0.7894736842105263,0.8421052631578947,0.7894736842105263,0.3684210526315789,0.7894736842105263,0.8421052631578947,0.7894736842105263,0.39473684210526316,0.21052631578947367,0.15789473684210525,0.7368421052631579,0.8947368421052632,0.6842105263157895,0.7105263157894737,0.9473684210526315,0.5263157894736842,0.8947368421052632,0.42105263157894735,0.2631578947368421,0.3263157894736842,test,100.0,27.27272727272727,27.27272727272727
19,476,000713.SZ,国投丰乐,0.2971887550200804,16.827852998065772,1.1965618493839547,0.986169449807228,0.9180752424904692,7.823795706194819,614014980.0,5.86,6.5,5.86,6.5,47374868.0,297375899.0,5.91,9.983079526226724,10.0,6.5,True,False,True,78.96030977734752,80.78947368421052,True,CONTINUOUS_TRIGGER,102000000,102259999,93000000,680400,188,50,297000,72,72,165700,1.4362045293719867,43.65079365079365,0.6269146755195181,24.3533215755438,True,,0,0,0,0,0.0,26064533,40713355,6.630677805287421,4976482,51,1180000,4.527224792402764,1766.1544551901998,1514.239999999998,52.27209326942478,258.61592683416615,10.8420549871352,15.76876749802073,15.749827553020038,65.15724643905955,24.18728638990614,4.24493438254552,0.8104821807441897,0.19217772178783,6552340,1.0671303165926018,13.830835370348684,25.13891194597655,1497730,30.09616029958513,0.0,10222846,21.578626878707084,10.921501706484626,False,5000,-2.2580010143774967,8,4,1.729111809849811,11.744632028358655,4.518355561944108,-39.72918300441429,13.830835370348684,False,-9.53846153846154,-3.999999999999993,9.846153846153838,8.615384615384603,65.39473684210526,45.45454545454545,5.263157894736842,v4,5.263157894736842,watch,20260818,0.8421052631578947,0.9473684210526315,0.9473684210526315,0.8947368421052632,0.5789473684210527,0.8421052631578947,0.7894736842105263,0.8421052631578947,0.7894736842105263,0.631578947368421,0.631578947368421,0.631578947368421,0.8947368421052632,0.631578947368421,0.7368421052631579,0.47368421052631576,0.39473684210526316,0.9473684210526315,0.3684210526315789,0.9736842105263158,0.2631578947368421,0.42105263157894735,0.10526315789473684,0.21052631578947367,0.8947368421052632,0.42105263157894735,0.3157894736842105,0.631578947368421,0.5052631578947369,test,27.27272727272727,18.181818181818183,9.090909090909092
1,327,002040.SZ,南 京 港,0.1574675324675325,33.28748280605227,0.9208719299120144,1.1455631234365211,0.6834480902721309,5.661459342253056,486075445.00000006,8.2,9.06,8.16,9.06,31524710.0,278959265.0,8.24,9.951456310679616,10.0,9.06,True,False,True,82.3876839659179,75.55555555555554,True,CONTINUOUS_TRIGGER,111900000,112159999,93000000,34100,28,17,10500,14,14,9600,0.1081691155921815,30.791788856304983,0.033307205680877,28.152492668621704,False,orphan_cancel|unknown_link_gt_1pct,0,0,211,700300,4.666069886130594,9228070,27963580,5.7529299798306,900650,6,180200,1.9527376797098417,2180.976191471572,1538.1650000000009,47.906767070470856,204.02807089998635,13.50228162551866,12.841091492776885,17.351407173981126,72.88869720320717,22.103232670498794,1.898485120967178,0.1852901662210071,0.037072434300811,4533306,0.9326342333544536,14.3801671767956,49.12518002139126,2307817,256.2390495753067,0.0,-12755158,-40.46082580934131,10.48780487804879,False,6000,-1.393202348253164,11,1,8.884398661712362,27.757234270494774,5.417582861030965,100.0,14.3801671767956,False,-3.973509933774844,-3.0905077262693315,-2.3178807947019986,10.154525386313471,53.61111111111111,,100.0,v4,100.0,watch,20260819,0.6666666666666666,0.4444444444444444,0.5555555555555556,0.5555555555555556,0.4444444444444444,0.5555555555555556,0.4444444444444444,0.7777777777777778,0.7777777777777778,0.6666666666666666,0.4444444444444444,0.7777777777777778,0.7777777777777778,0.7777777777777778,0.8888888888888888,1.0,0.4444444444444444,0.2222222222222222,0.3333333333333333,0.2777777777777778,0.5555555555555556,1.0,0.8888888888888888,0.3333333333333333,0.5555555555555556,0.2222222222222222,0.5555555555555556,0.5555555555555556,0.5555555555555556,excluded,,,
2,443,603366.SH,日出东方,0.1053370786516853,31.179321486268165,1.3360120875277717,1.3918230220428196,0.8957572290253383,3.546351174279659,813048101.0,6.96,7.63,6.85,7.63,40131186.0,296530383.0,6.94,9.942363112391917,10.0,7.63,True,False,True,79.70759101471727,29.444444444444446,True,CONTINUOUS_TRIGGER,105200000,105459999,93000000,347500,130,48,81700,29,29,220000,0.8659101178818888,23.510791366906474,0.2035823212401447,63.30935251798561,False,orphan_cancel|unknown_link_gt_1pct,0,0,170,442200,2.0956270766580385,8547851,22721861,2.794651506110584,2067000,32,526900,6.164122420945335,3184.414848253484,3485.82,62.64877569812576,234.1195402243838,8.80104250764315,42.61011141726831,39.65032848607211,36.168155013464784,16.721287529354353,1.051333984974156,0.2542285010515017,0.06480551388681,6405685,0.787860520444165,15.96186317543668,74.93912797497289,1422000,68.79535558780842,0.0,-7129052,-17.76436908692407,9.626436781609192,False,5000,7.625037545613529,11,3,16.402371905109746,14.795931243433284,1.4822310002541903,100.0,15.96186317543668,False,-4.062909567496719,-4.456094364351248,2.752293577981657,2.752293577981657,65.27777777777777,,88.88888888888889,v4,88.88888888888889,watch,20260819,0.4444444444444444,0.7777777777777778,0.6666666666666666,0.6666666666666666,1.0,0.6666666666666666,0.6666666666666666,0.8888888888888888,1.0,0.4444444444444444,1.0,0.8888888888888888,0.5555555555555556,0.8888888888888888,1.0,0.4444444444444444,0.4444444444444444,0.3333333333333333,0.7777777777777778,0.8333333333333334,0.7777777777777778,0.5555555555555556,0.8888888888888888,0.6666666666666666,0.4444444444444444,0.6666666666666666,0.4444444444444444,0.4444444444444444,0.4444444444444444,excluded,,,
3,1079,000523.SZ,红棉股份,0.2827225130890052,33.20000000000001,1.6423187776008803,1.4291615265866895,1.10096474368329,6.196042180919461,1794818054.0000002,3.13,3.34,3.08,3.21,158933743.0,515164159.0,3.04,5.592105263157898,10.0,3.34,True,False,True,63.64252517428351,71.66666666666666,True,CONTINUOUS_TRIGGER,131000000,131259999,93000000,2256600,138,29,1298600,66,65,952600,1.4198369442541852,57.54675175042099,0.8170700415707192,42.21395019055216,False,orphan_cancel|unknown_link_gt_1pct,0,0,1300,9005940,10.934346396158304,126065145,137678185,7.6708714119052415,11863297,274,8638000,6.852012901742191,10053.929888472636,11112.045000000002,46.38624498468629,130.2238698492675,27.21263280187398,19.04871107481998,29.070654699996577,61.518895647167184,69.83828097473297,7.023839810338791,0.6609749090478002,0.4812744100021182,17262877,0.9618176595408816,10.861681524734491,13.69361610618066,17102977,144.16714847482953,0.0,4954573,3.1173826944980463,2.5559105431310014,False,8300,-17.14106550677536,0,0,8.760795372516945,18.661256457363447,8.544958061804742,17.45703579273808,10.861681524734491,False,-4.361370716510904,2.180685358255441,4.672897196261672,35.82554517133958,60.55555555555557,,77.77777777777779,v4,77.77777777777779,watch,20260819,1.0,1.0,1.0,0.7777777777777778,0.8888888888888888,1.0,1.0,0.6666666666666666,0.4444444444444444,1.0,0.6666666666666666,0.3333333333333333,0.8888888888888888,0.3333333333333333,0.4444444444444444,0.7777777777777778,0.4444444444444444,0.7777777777777778,0.2222222222222222,0.1111111111111111,0.4444444444444444,0.7777777777777778,0.5555555555555556,0.7777777777777778,0.7777777777777778,0.8888888888888888,0.3333333333333333,0.8888888888888888,0.6666666666666666,excluded,,,
4,1148,000025.SZ,特  力Ａ,0.2912154031287605,27.804107424960517,1.7882428325415738,2.010642529862641,1.5040674682907376,3.2644388818175805,392778320.0,14.99,16.59,14.94,15.69,25780475.0,412488442.0,15.08,4.045092838196274,10.0,16.59,True,False,True,58.8400464756003,12.22222222222222,False,NONE,0,0,93000000,24800,22,14,2300,4,4,17500,0.0961968311289842,9.274193548387096,0.008921480306317,70.56451612903226,False,launch_not_detected|orphan_cancel|unknown_link_gt_1pct,0,0,141,343900,1.048467881216308,0,31927029,8.128511013540667,0,0,0,0.0,0.0,0.0,0.0,0.0,0.0,0.0,0.0,0.0,0.0,0.0,0.0,0.0,4738872,1.2065003995128856,18.38163183572064,0.0,0,0.0,0.0,1087195,4.217125557228872,4.6697798532354895,False,3300,21.14327606454109,7,2,5.953846552584348,19.14621967933465,6.369828406007745,-17.160845941652283,18.38163183572064,False,-0.1912045889101321,1.7208413001912115,-1.019757807520716,-0.3824091778202643,56.11111111111112,,66.66666666666666,v4,66.66666666666666,invalid,20260819,0.2222222222222222,0.2222222222222222,0.2222222222222222,0.2222222222222222,0.2222222222222222,0.2222222222222222,0.2222222222222222,0.2222222222222222,0.2222222222222222,0.2222222222222222,0.2222222222222222,1.0,1.0,1.0,0.2222222222222222,0.2222222222222222,0.4444444444444444,0.8888888888888888,1.0,0.5555555555555556,0.2222222222222222,0.8888888888888888,0.2222222222222222,0.2222222222222222,0.1111111111111111,0.1111111111111111,1.0,0.7777777777777778,0.8666666666666667,excluded,,,
5,814,000059.SZ,华锦股份,0.2866043613707166,34.417344173441734,1.0949758424541045,1.352980088687997,0.7972658040323567,3.802707326984081,1599412987.0000002,4.6,5.07,4.58,5.07,82289595.0,403313485.0,4.61,9.97830802603037,10.0,5.07,True,False,True,71.94422927962819,46.11111111111111,True,CONTINUOUS_TRIGGER,130300000,130559999,93000000,50300,35,12,39600,30,30,2500,0.0611255894502822,78.72763419483101,0.0481227304618524,4.970178926441352,False,orphan_cancel|unknown_link_gt_1pct,0,0,501,1648787,3.260573830749805,56936059,68079207,4.256512079953493,5959715,92,3913315,6.8731750471173285,8466.387136767687,8952.089999999997,44.06395953748749,150.86074613215533,14.82572230719376,20.834079847450703,23.057047204478977,66.47557042892625,36.33253390054964,3.5598097216150717,0.3726188950846626,0.2446719535109039,8830830,0.5521294419750762,10.73140534960708,15.51008298624954,8815930,147.9253622027228,31.998436740392265,-5814647,-7.066078038177245,10.217391304347846,False,9200,-18.04061133123817,5,1,7.850473306381775,16.217812541745978,4.448333268410555,8.707564202827212,10.73140534960708,False,-8.08678500986193,-5.3254437869822535,15.976331360946736,17.554240631163708,51.388888888888886,,55.55555555555556,v4,55.55555555555556,watch,20260819,0.8888888888888888,0.8888888888888888,0.8888888888888888,0.8888888888888888,0.6666666666666666,0.7777777777777778,0.7777777777777778,0.4444444444444444,0.5555555555555556,0.8888888888888888,0.7777777777777778,0.2222222222222222,0.3333333333333333,0.2222222222222222,0.5555555555555556,0.8888888888888888,1.0,0.4444444444444444,0.1111111111111111,0.2777777777777778,0.3333333333333333,0.6666666666666666,0.4444444444444444,0.1111111111111111,1.0,0.3333333333333333,0.2222222222222222,0.2222222222222222,0.2222222222222222,excluded,,,
6,756,002543.SZ,万和电气,0.1300940438871473,25.12396694214878,1.9164492703382503,0.9806532570581696,1.443318239421555,5.39334050649368,661176201.0,6.84,7.57,6.76,7.57,34969589.0,254631803.0,6.88,10.029069767441868,10.0,7.57,True,False,True,73.17002323780015,80.55555555555556,True,CONTINUOUS_TRIGGER,110100000,110359999,93000000,78300,34,21,52300,22,22,21400,0.2239088369039739,66.79438058748404,0.1495585206906492,27.330779054916988,False,orphan_cancel|unknown_link_gt_1pct,0,0,364,939100,2.1824105510648124,16281177,34941666,5.284773702857462,1596800,6,165700,1.0177396879844745,2001.7109766808,1672.2200000000012,44.46802586815437,204.4793988147128,14.563148597917705,16.83569070840739,20.54503799080373,69.64731726705017,25.767783544725106,2.462456600127989,0.2415089952700823,0.0250613981188956,4813726,0.7280549409853909,13.765463471703942,29.56620396670339,1843000,115.41833667334669,0.0,2789715,7.97754586134827,10.672514619883056,False,5200,3.0828872481172143,5,2,20.06093622367819,13.08256405314867,4.261891755538249,23.728541807637853,13.765463471703942,False,-2.5099075297225992,-4.623513870541618,-1.0568031704095149,-5.151915455746369,62.77777777777778,,44.44444444444444,v4,44.44444444444444,watch,20260819,0.7777777777777778,0.5555555555555556,0.4444444444444444,0.4444444444444444,0.5555555555555556,0.4444444444444444,0.5555555555555556,0.5555555555555556,0.8888888888888888,0.7777777777777778,0.5555555555555556,0.6666666666666666,0.4444444444444444,0.6666666666666666,0.7777777777777778,0.6666666666666666,0.4444444444444444,1.0,0.4444444444444444,0.5555555555555556,0.8888888888888888,0.4444444444444444,0.6666666666666666,0.4444444444444444,0.8888888888888888,0.5555555555555556,0.7777777777777778,0.3333333333333333,0.5111111111111111,excluded,,,
7,586,603113.SH,金能科技,0.1437908496732026,33.08457711442787,1.720781620661628,1.079569234740949,0.767620452881339,4.1361261417133095,848490616.0,4.69,5.15,4.64,5.15,37887096.0,187294643.0,4.68,10.042735042735051,10.0,5.15,True,False,True,76.80673896204492,61.66666666666667,True,CONTINUOUS_TRIGGER,135500000,135759999,93000000,153700,81,40,32800,16,16,84000,0.4056790206354163,21.340273259596614,0.0865730115604531,54.65191932335719,False,orphan_cancel|unknown_link_gt_1pct,0,0,116,560500,1.998569644926072,14868006,12162100,1.433380613840519,2052400,53,1148800,7.72665816788075,8603.598545539033,9861.905000000002,66.53466510573107,189.16846655200476,11.58008679845838,22.81502877896481,29.050297666008472,57.14556477849148,25.10666428485308,1.7522887960849294,0.2418883557811793,0.1353933653875554,3924196,0.4624913848192753,10.357605660776956,26.393559432246665,1927700,93.92418631845644,0.0,95508,0.2520858289059684,9.80810234541578,False,6200,3.43005703049925,3,2,16.148038023699876,6.571395481408601,1.1406717785079192,-21.24365624304149,10.357605660776956,False,-3.300970873786402,2.3300970873786357,11.6504854368932,8.737864077669899,53.333333333333336,,33.33333333333333,v4,33.33333333333333,watch,20260819,0.5555555555555556,0.6666666666666666,0.7777777777777778,1.0,0.7777777777777778,0.8888888888888888,0.8888888888888888,1.0,0.6666666666666666,0.5555555555555556,0.8888888888888888,0.1111111111111111,0.2222222222222222,0.1111111111111111,0.6666666666666666,0.5555555555555556,0.4444444444444444,0.6666666666666666,0.5555555555555556,0.5555555555555556,0.6666666666666666,0.2222222222222222,0.1111111111111111,0.5555555555555556,0.3333333333333333,0.4444444444444444,0.6666666666666666,1.0,0.8666666666666667,excluded,,,
8,216,603848.SH,好太太,0.0531914893617021,25.533661740558287,1.6128935818522123,0.4849639100397099,0.9809129680824328,4.571583161047249,402406511.0,13.28,14.66,13.27,14.66,8921565.0,129214263.0,13.33,9.977494373593409,10.0,14.66,True,False,True,84.72308288148722,63.33333333333333,False,NONE,0,0,93000000,135200,104,50,22900,24,24,92800,1.5154291875920871,16.937869822485208,0.2566814230462929,68.63905325443787,False,launch_not_detected|orphan_cancel|unknown_link_gt_1pct,0,0,284,3070500,23.434229308422903,0,2943700,0.7315239489253692,0,0,0,0.0,0.0,0.0,0.0,0.0,0.0,0.0,0.0,0.0,0.0,0.0,0.0,0.0,994900,0.2472375502890409,11.151630907805972,0.0,0,0.0,0.0,-4385965,-49.161385922761305,10.391566265060238,False,3300,7.460574461991815,19,4,1.7794436683591923,12.947628474132715,0.2719140893821173,100.0,11.151630907805972,False,-12.755798090040935,-6.616643929058663,-5.320600272851294,-5.525238744884042,39.44444444444445,,22.22222222222222,v4,22.22222222222222,invalid,20260819,0.2222222222222222,0.2222222222222222,0.2222222222222222,0.2222222222222222,0.2222222222222222,0.2222222222222222,0.2222222222222222,0.2222222222222222,0.2222222222222222,0.2222222222222222,0.2222222222222222,0.4444444444444444,0.1111111111111111,0.4444444444444444,0.2222222222222222,0.2222222222222222,0.4444444444444444,0.1111111111111111,0.6666666666666666,1.0,0.1111111111111111,0.3333333333333333,0.8888888888888888,0.8888888888888888,0.2222222222222222,0.7777777777777778,0.1111111111111111,0.1111111111111111,0.1111111111111111,excluded,,,
9,1013,600444.SH,国机通用,0.240454076367389,37.52151462994837,1.5629155770852736,1.5706343090733106,0.879135716811453,4.689677774540232,146421932.0,14.33,15.35,14.2,14.3,10785101.0,157612069.0,13.95,2.508960573476715,10.0,15.35,True,False,True,66.76800929512007,44.44444444444444,False,NONE,0,0,93000000,184500,130,50,94900,87,86,81200,1.7106932980970693,51.43631436314363,0.8799175825984382,44.01084010840109,False,launch_not_detected|orphan_cancel|unknown_link_gt_1pct,0,0,197,351309,8.381850109702265,0,7441950,5.082537771732175,0,0,0,0.0,0.0,0.0,0.0,0.0,0.0,0.0,0.0,0.0,0.0,0.0,0.0,0.0,1323200,0.9036897559854626,12.26877708423871,0.0,0,0.0,0.7357969602754845,-411699,-3.817293876061058,-0.2093510118632235,False,1600,20.2718917514078,5,3,33.73463846813375,1.7089652935326656,1.8682583699278053,-0.302571860816944,12.26877708423871,False,-1.74825174825175,0.2797202797202747,2.7272727272727115,0.9090909090909038,52.5,,11.11111111111111,v4,11.11111111111111,invalid,20260819,0.2222222222222222,0.2222222222222222,0.2222222222222222,0.2222222222222222,0.2222222222222222,0.2222222222222222,0.2222222222222222,0.2222222222222222,0.2222222222222222,0.2222222222222222,0.2222222222222222,0.5555555555555556,0.6666666666666666,0.5555555555555556,0.2222222222222222,0.2222222222222222,0.8888888888888888,0.5555555555555556,0.8888888888888888,0.8333333333333334,1.0,0.1111111111111111,0.3333333333333333,1.0,0.6666666666666666,1.0,0.8888888888888888,0.6666666666666666,0.7555555555555555,excluded,,,
1,1111,002017.SZ,东信和平,0.0455166135639508,38.08353808353806,1.8935747736221544,2.45550701310606,1.2386595217246632,2.320941868061036,580172389.0,13.42,14.53,13.42,14.53,33064541.0,470577316.0,13.21,9.99242997728993,10.0,14.53,True,False,True,63.34430673896204,33.75,False,NONE,0,0,93000000,480900,205,91,155500,65,64,299400,1.454428174278905,32.33520482428779,0.4702923291752333,62.258265751715534,False,launch_not_detected,0,0,0,0,0.0,0,35137887,6.0564562647603,0,0,0,0.0,0.0,0.0,0.0,0.0,0.0,0.0,0.0,0.0,0.0,0.0,0.0,0.0,5138696,0.8857188134818321,15.541410358607427,0.0,0,0.0,0.0,-7448015,-22.52568695872717,8.271236959761552,False,3100,15.98764973026542,9,2,2.264976813608107,30.512844691752477,5.184190349327362,100.0,15.541410358607427,False,13.420509291121816,11.424638678596022,17.412250516173433,2.271163110805241,63.74999999999999,,100.0,v4,100.0,invalid,20260821,0.375,0.5,0.625,0.625,0.375,0.375,0.375,0.375,0.375,0.5,0.375,0.75,0.75,0.75,0.375,0.5,0.5,0.5,0.75,0.875,0.5,1.0,0.875,0.5,0.25,0.25,0.75,0.75,0.75,excluded,,,
2,333,600335.SH,国机汽车,0.1899224806201551,23.95604395604396,1.1757848265996924,0.677933559233522,0.9330375112472118,6.201455320751691,1487456892.0,5.4,5.54,5.21,5.26,62535286.0,338957303.0,5.04,4.36507936507935,10.0,5.54,True,False,True,81.22192099147946,62.5,True,AUCTION_TRIGGER,92500750,92500750,92500750,3199800,310,66,1374900,109,108,1784000,5.116791182501348,42.96831051940747,2.1985987239268403,55.75348459278705,True,,0,0,0,0,0.0,2422700,48917185,3.288645557601813,1030900,0,0,0.0,327.94706860706856,299.9100000000035,93.32975605729143,612.2476558326374,0.0,5.420707101126303,4.148264333181987,53.300037148635816,0.2710469733839548,0.1628753083891052,0.0693062101862915,0.0,10730986,0.7214317307422177,17.15988953820408,442.9349898873159,1049500,101.8042487147153,0.0,1511208,2.4165684634431828,-2.592592592592602,True,4300,23.126714412084084,1,1,20.22119203505213,3.1122294198224063,1.8600740060976504,42.92905173059424,17.15988953820408,False,-0.5703422053231821,-0.3802281368821214,-1.520912547528519,-2.4714828897338337,77.5,50.0,75.0,v4,75.0,watch,20260821,0.75,1.0,0.625,0.625,1.0,1.0,1.0,0.75,0.75,0.5,1.0,1.0,0.25,1.0,1.0,1.0,0.5,1.0,1.0,0.375,1.0,0.25,0.5,0.75,0.5,0.75,0.5,0.5,0.5,test,50.0,100.0,50.0
3,1240,000017.SZ,深中华A,0.3646788990825687,36.96098562628336,1.811516362563308,2.0948826683996,1.198313386104074,4.501508881826314,440821951.0,7.11,7.11,6.7,7.11,41570096.0,294182280.0,6.46,10.061919504643967,10.0,7.11,True,False,True,52.420604182804034,58.75,True,AUCTION_TRIGGER,92500000,92500000,92500000,24873400,2532,81,15277100,1399,1399,9526300,59.83483896693431,61.41942798330747,36.75021582822421,38.29914687979931,True,,0,0,0,0,0.0,3092700,42418596,9.622614278570715,0,0,0,0.0,275.0746943765282,220.11999999999895,97.11902221359978,854.7890106691395,7.763442946292884,1.2206572769953052,1.9594529052284413,98.04054709477155,7.094041832378736,0.7015757706675546,0.0,0.0,5720928,1.2977865523761087,13.762123618862946,184.98166650499564,2024600,0.0,78.7020650613845,-26079040,-62.73509688310559,0.0,False,8500,5.299838614758071,3,1,0.8517477592027192,17.314269361327696,9.062456147969815,100.0,13.762123618862946,False,33.05203938115331,61.04078762306608,33.895921237693386,5.485232067510548,48.125,100.0,50.0,v4,50.0,watch,20260821,1.0,0.5,0.625,0.625,0.75,0.75,0.75,1.0,1.0,1.0,0.75,0.5,1.0,0.5,0.75,0.5,1.0,0.25,0.25,0.375,0.25,0.5,0.875,1.0,0.75,1.0,1.0,1.0,1.0,test,100.0,50.0,100.0
4,898,001367.SZ,海森药业,0.2876465284039673,26.93682955899881,1.633571750925808,1.2926416923954656,0.8458970077679222,7.003609961329182,121613372.0,20.65,21.97,20.37,21.8,11009851.0,236157370.0,19.97,9.163745618427654,10.0,21.97,True,False,True,69.49070487993804,80.0,False,NONE,0,0,93000000,144800,88,31,98600,67,67,34800,1.3151858276737804,68.0939226519337,0.8955616202253781,24.03314917127072,False,launch_not_detected,0,0,0,0,0.0,0,12869353,10.5821858142376,0,0,0,0.0,0.0,0.0,0.0,0.0,0.0,0.0,0.0,0.0,0.0,0.0,0.0,0.0,945596,0.7775427853443617,8.588635759012544,0.0,0,0.0,0.0,-2329605,-21.159278177334095,5.569007263922532,False,1700,15.697160660939009,8,2,5.079052699000619,29.208054522162254,7.9531097945380544,34.32205421939196,8.588635759012544,False,-6.376146788990833,-5.045871559633031,-6.467889908256885,-9.587155963302752,55.625,,25.0,v4,25.0,invalid,20260821,0.375,0.5,0.625,0.625,0.375,0.375,0.375,0.375,0.375,0.5,0.375,0.25,0.5,0.25,0.375,0.5,0.5,0.75,0.5,0.875,0.75,0.75,0.25,0.25,1.0,0.5,0.25,0.25,0.25,excluded,,,
1,1299,600604.SH,市北高新,0.182370820668693,37.53213367609254,2.487638253297157,1.7302449663598527,2.1331870033386537,1.1562056970290164,1407454804.0,4.92,4.94,4.92,4.94,28156402.0,139040865.0,4.49,10.022271714922049,10.0,4.94,True,False,True,52.74680603948896,50.0,True,AUCTION_TRIGGER,92500810,92500810,92500810,48596200,1000,77,2447300,247,247,45925300,172.593785242873,5.0359904683905325,8.69180657386551,94.50389125075624,True,,0,0,0,0,0.0,4336200,4336200,0.3080880457174523,1678700,0,0,0.0,290.65662585033783,275.1999999999971,82.83058899497256,731.6503596853732,1.2730040127300402,5.005850994669093,4.847562381808957,56.43881739772151,153.97705999509455,0.3080880457174523,0.119272035963721,0.0,1813800,0.1288709232328571,6.441874213899915,41.82925141829252,1813800,108.04789420384822,0.0,-21173402,-75.1992459832048,0.4065040650406581,False,20000,-5.669403356295311,0,0,2.56842698989844,12.741958000379244,0.0110269970700956,100.0,6.441874213899915,False,0.809716599190291,-2.8340080971660075,-2.429149797570851,-8.502024291497989,62.5,100.0,100.0,v4,100.0,watch,20260824,0.5,0.5,0.5,0.5,0.5,0.5,0.5,1.0,1.0,0.5,0.5,0.5,0.5,0.5,1.0,1.0,0.5,0.5,1.0,0.5,0.5,1.0,1.0,1.0,0.5,1.0,1.0,0.5,0.7,test,100.0,50.0,100.0
2,1163,002052.SZ,同洲电子,0.0670578373847443,38.791946308724825,2.4614243751473297,1.8849015643247635,0.9112116009124548,2.4788389697250577,689387154.0,8.24,9.08,8.15,9.08,32210701.0,280641495.0,8.25,10.06060606060606,10.0,9.08,True,False,True,63.39334107626791,85.0,True,CONTINUOUS_TRIGGER,140400000,140659999,93000000,467400,117,54,84000,33,33,103600,1.451070561922884,17.971758664955072,0.2607828994469881,22.165169020111254,True,,0,0,0,0,0.0,40072366,14680608,2.129515746677229,2191357,3,95400,0.2380692969314564,5296.048635222996,1958.6600000000035,52.91277285698578,110.7842361362754,26.27920697270533,24.099044822701455,28.20563427674822,66.32586655851566,93.17872653563175,5.812752060651249,0.317870297884895,0.0138383779631611,2444257,0.3545550545608222,7.588338422066629,6.099607395280827,2339157,106.74467921018802,3.427432392731844,-3183671,-9.883892312682049,10.194174757281548,False,5400,-39.78425058181752,9,2,20.905029760098586,7.374970610490952,4.409839351314632,35.08700930797248,7.588338422066629,False,-2.5330396475770955,-2.422907488986792,-2.9735682819383213,-7.15859030837005,82.5,50.0,50.0,v4,50.0,medium,20260824,1.0,1.0,1.0,1.0,1.0,1.0,1.0,0.5,0.5,1.0,1.0,1.0,1.0,1.0,0.5,0.5,1.0,1.0,0.5,1.0,1.0,0.5,0.5,0.5,1.0,0.5,0.5,1.0,0.8,test,50.0,100.0,50.0
1,962,002094.SZ,青岛金王,0.105691056910569,30.12048192771084,1.4429812690186925,2.4203643205547443,0.9815245721924428,2.2351592815802164,690453549.0,4.68,5.14,4.62,5.14,37352845.0,185731183.0,4.67,10.064239828693776,10.0,5.14,True,False,True,69.26248548199767,44.375,True,CONTINUOUS_TRIGGER,103400000,103659999,93000000,300700,104,32,48800,21,20,157700,0.8050256948299387,16.228799467908214,0.1306460056790855,52.44429664117061,True,,0,0,0,0,0.0,21824287,43464295,6.295035352189927,2797787,44,762400,3.493355819596764,2391.73573698686,2686.0800000000017,56.44027225265137,150.3415069501914,17.983176265964612,36.0459195482109,32.88858875435427,54.29180802103638,38.91189546606155,3.160862455064301,0.4052100252148896,0.1104201725234379,7702703,1.11560046452886,20.621462702506328,35.29417936998354,7697303,275.1211225157598,38.08888185090051,-7047839,-18.868278975804923,9.82905982905984,False,6000,-12.720246610398751,10,3,11.102982107212584,24.507137409181453,5.011446179125947,100.0,20.621462702506328,False,12.64591439688716,11.867704280155644,15.369649805447484,-4.085603112840463,71.25,50.0,100.0,v4,100.0,watch,20260825,0.875,0.875,0.875,1.0,1.0,0.875,0.875,0.75,0.75,1.0,1.0,0.875,0.875,0.875,0.75,1.0,1.0,0.75,0.25,0.75,0.75,0.875,0.875,0.25,0.375,0.375,1.0,1.0,1.0,test,50.0,100.0,100.0
2,956,002574.SZ,明牌珠宝,0.2129380053908354,29.396984924623126,1.3256725662683009,1.4391276799242374,0.9970707792073592,5.54224928567872,528000000.0,4.95,5.25,4.9,4.99,42113303.0,214414535.0,4.77,4.612159329140475,10.0,5.25,True,False,True,69.40379403794037,65.0,False,NONE,0,0,93000000,2880600,379,51,1259800,300,300,1589700,6.840118904945546,43.73394431715615,2.991453793116156,55.186419495938345,False,launch_not_detected,0,0,0,0,0.0,0,45170267,8.55497481060606,0,0,0,0.0,0.0,0.0,0.0,0.0,0.0,0.0,0.0,0.0,0.0,0.0,0.0,0.0,4509266,0.8540276515151515,10.707462200245846,0.0,0,0.0,0.0,-9629271,-22.86515260985347,0.8080808080808133,False,5000,16.304546333019758,0,0,22.750240449962927,21.93778409090909,7.307625,41.38570986699659,10.707462200245846,False,5.210420841683372,4.4088176352705455,5.410821643286568,-2.2044088176352727,57.1875,,87.5,v4,87.5,invalid,20260825,0.3125,0.3125,0.4375,0.4375,0.3125,0.3125,0.3125,0.3125,0.3125,0.3125,0.3125,0.5,0.75,0.5,0.3125,0.3125,0.4375,0.5,0.875,0.1875,1.0,0.75,0.625,0.875,0.75,0.875,0.625,0.5,0.55,excluded,,,
3,1036,300542.SZ,新晨科技,0.1114167812929848,30.59051306873184,1.4651346310074065,2.124302341525303,1.1569686980187266,8.832776143188935,251951537.0,11.92,14.34,11.91,13.95,47274894.0,654005633.0,11.95,16.736401673640167,20.0,14.34,True,False,True,67.8474641889276,88.75,True,CONTINUOUS_TRIGGER,94000000,94259999,93000000,38900,47,40,5500,10,9,25600,0.082284690051341,14.138817480719796,0.0116340821409351,65.80976863753213,True,,0,0,0,0,0.0,2161000,50716922,20.1296338986017,755300,0,0,0.0,423.6602172636525,409.4000000000015,61.453031004164735,486.2310130101955,9.77325312355391,1.9840309702395356,9.27811198519204,55.77047663118927,1.6899033131623733,0.8577046307123739,0.2997798739366293,0.0,5796298,2.3005606828268723,12.26083764460688,268.2229523368811,867500,114.85502449357872,0.0,845700,1.7888987757434212,17.03020134228188,False,3300,22.47309322364636,14,4,2.914976297025531,61.67729788447372,16.31312175722111,38.03435876947663,12.26083764460688,False,-9.03225806451613,-3.9426523297490967,-6.379928315412176,-13.835125448028672,67.5,25.0,75.0,v4,75.0,watch,20260825,0.75,0.75,0.4375,0.4375,0.75,0.75,0.75,0.875,0.875,0.75,0.625,0.625,1.0,0.625,1.0,0.75,0.4375,0.875,1.0,0.9375,0.25,1.0,0.5,0.125,0.25,0.125,0.125,0.125,0.125,test,75.0,50.0,50.0
4,951,600838.SH,上海九百,0.0898876404494381,32.973805855161785,1.6717170130350372,1.879818339851992,0.9288931718733648,1.853455474781687,400881981.0,7.29,8.02,7.26,8.02,13967368.0,110387309.0,7.29,10.013717421124824,10.0,8.02,True,False,True,69.50445218737902,36.25,False,NONE,0,0,93000000,114800,58,33,7500,8,7,76700,0.8219157682392273,6.533101045296168,0.0536965876462909,66.81184668989548,False,launch_not_detected,0,0,0,0,0.0,0,4941121,1.2325625082161027,0,0,0,0.0,0.0,0.0,0.0,0.0,0.0,0.0,0.0,0.0,0.0,0.0,0.0,0.0,3391000,0.8458848640542913,24.27801716114303,0.0,0,0.0,0.0,-6003968,-42.98567919167019,10.013717421124824,False,5000,12.383865020238602,6,2,3.8134654586954015,6.71723880749831,0.6470482892569821,100.0,24.27801716114303,False,7.231920199501252,7.231920199501252,9.351620947630934,-3.2418952618453845,51.5625,,62.5,v4,62.5,invalid,20260825,0.3125,0.3125,0.4375,0.4375,0.3125,0.3125,0.3125,0.3125,0.3125,0.3125,0.3125,1.0,0.625,1.0,0.3125,0.3125,0.4375,0.25,0.625,0.5625,0.5,0.25,0.875,0.375,0.125,0.25,0.875,0.875,0.875,excluded,,,
5,305,000795.SZ,英洛华,0.1372093023255815,27.72898368883312,0.9903787468234532,1.1196829871906304,0.7728215093368721,4.786149630252765,1116249027.0,8.63,9.42,8.6,9.02,59819454.0,548382074.0,8.56,5.373831775700921,10.0,9.42,True,False,True,81.86798296554393,65.625,False,NONE,0,0,93000000,700100,178,57,174700,45,45,462700,1.1703550487104075,24.953578060277103,0.2920454606623457,66.09055849164405,False,launch_not_detected,0,0,0,0,0.0,0,71787874,6.431170129924781,0,0,0,0.0,0.0,0.0,0.0,0.0,0.0,0.0,0.0,0.0,0.0,0.0,0.0,0.0,8019406,0.7184244560152258,13.4060167115534,0.0,0,0.0,0.0,-11618742,-19.423015796834253,4.5191193511007866,False,4500,15.188946726260658,2,1,3.232340861462963,20.91002942482296,5.311533588463321,9.497023096100346,13.4060167115534,False,-2.882483370288247,-3.547671840354772,-6.541019955654104,-9.866962305986682,51.24999999999999,,50.0,v4,50.0,invalid,20260825,0.3125,0.3125,0.4375,0.4375,0.3125,0.3125,0.3125,0.3125,0.3125,0.3125,0.3125,0.75,0.5,0.75,0.3125,0.3125,0.4375,0.625,0.75,0.375,0.375,0.625,0.25,0.625,0.5,0.625,0.25,0.25,0.25,excluded,,,
6,1109,002627.SZ,三峡旅游,0.2333333333333333,39.37153419593344,1.2870963768912935,1.6454382719339835,0.7727556860071272,4.56704640964293,698158144.0,7.01,7.18,6.8,6.88,52465139.0,368378555.0,6.53,5.359877488514542,10.0,7.18,True,False,True,65.92140921409214,51.24999999999999,True,AUCTION_TRIGGER,92500000,92500000,92500000,1982500,252,68,1021200,101,100,946100,3.7786996047032297,51.51071878940732,1.9464353272751265,47.72257250945776,True,,0,0,0,0,0.0,1550600,53669743,7.687333229761766,535000,0,0,0.0,276.6118997912319,225.8000000000029,96.6013156197601,668.2505073207648,0.083838514123565,5.010303967027306,4.733651489745904,60.76357539017154,0.4210414843273359,0.2220986768293001,0.0766302025691187,0.0,3157022,0.4521929633180645,6.017370886980782,203.6000257964659,796500,148.8785046728972,0.0,-17961185,-34.23451332131227,-1.854493580599148,False,4400,11.38217702997032,0,0,5.604722461447796,12.552771997743822,7.421015345199497,15.31326281529699,6.017370886980782,False,5.232558139534893,5.523255813953476,7.122093023255816,-3.924418604651159,46.25,100.0,37.5,v4,37.5,watch,20260825,0.625,0.625,0.4375,0.4375,0.625,0.625,0.625,1.0,1.0,0.625,0.75,0.25,0.25,0.25,0.875,0.875,0.4375,0.375,0.5,0.1875,0.625,0.5,0.375,0.75,0.875,0.75,0.75,0.75,0.75,test,100.0,25.0,75.0
7,1222,002880.SZ,卫光生物,0.1290106951871657,38.34141087775984,2.206086625976017,0.9806979056437352,1.302033521077044,1.570283301423686,226800000.0,21.19,22.55,21.19,22.55,3492660.0,78240666.0,20.5,10.000000000000009,10.0,22.55,True,False,True,61.98025551684088,33.125,False,NONE,0,0,93000000,341100,147,67,176500,72,71,156800,9.766195392623388,51.74435649369686,5.053454959830043,45.96892406918792,False,launch_not_detected,0,0,0,0,0.0,0,3382510,1.4914065255731923,0,0,0,0.0,0.0,0.0,0.0,0.0,0.0,0.0,0.0,0.0,0.0,0.0,0.0,0.0,181900,0.0802028218694885,5.208064913275269,0.0,0,0.0,0.0,-2990660,-85.6270006241661,6.418121755545059,False,2900,2.737168805437689,18,4,1.156814718385025,6.248853615520282,1.448350970017637,100.0,5.208064913275269,False,0.6208425720620969,-0.4434589800443533,0.7538802660753907,-10.421286031042133,35.3125,,25.0,v4,25.0,invalid,20260825,0.3125,0.3125,0.4375,0.4375,0.3125,0.3125,0.3125,0.3125,0.3125,0.3125,0.3125,0.125,0.125,0.125,0.3125,0.3125,0.4375,0.125,0.375,0.9375,0.125,0.125,0.875,1.0,1.0,1.0,0.5,0.375,0.425,excluded,,,
8,1019,002478.SZ,常宝股份,0.1289537712895377,32.73056057866184,1.7135821430188043,2.357586913731786,0.6677741924645468,2.882797638812648,722869863.0,6.24,6.92,6.14,6.92,49130475.0,325471700.0,6.29,10.015898251192358,10.0,6.92,True,False,True,68.10685249709641,50.625,True,CONTINUOUS_TRIGGER,143100000,143359999,93000000,461700,144,53,128400,52,51,140400,0.9397425935735406,27.810266406757638,0.2613449188105753,30.4093567251462,True,,0,0,0,0,0.0,58874936,40640000,5.622035456193863,3579536,50,1495600,2.5403000013452246,9287.838563502732,11347.85,48.44706412929264,125.83070968212364,15.911935768388776,28.65051184220889,27.204347194534527,66.71575490120279,71.18897995592349,8.144610671091153,0.4951840135020264,0.2068975449872918,4060382,0.561703040592799,8.264487571105308,6.896622358961036,3965182,110.77363099574916,2.6167058226080657,4104805,8.354905992665449,10.897435897435903,False,4000,-26.393146005610568,6,2,14.889728459343305,12.148217057431816,5.741094507352564,-9.401472017775308,8.264487571105308,False,-1.300578034682076,4.9132947976878505,-0.5780346820809301,-5.924855491329484,64.6875,75.0,12.5,v4,12.5,medium,20260825,1.0,1.0,1.0,0.875,0.875,1.0,1.0,0.625,0.625,0.875,0.875,0.375,0.375,0.375,0.625,0.625,0.875,1.0,0.125,0.5625,0.875,0.375,0.125,0.5,0.625,0.5,0.375,0.625,0.525,test,25.0,75.0,25.0
1,705,002078.SZ,太阳纸业,0.3910034602076128,29.690189328743564,0.9764179189624418,0.5838946365544609,0.801362974965143,5.20901947696686,2776577688.0,14.98,15.27,14.7,15.1,84450125.0,1283136822.0,13.88,8.789625360230534,10.0,15.27,True,False,True,74.00232243081092,77.0,True,AUCTION_TRIGGER,92500000,92500000,92500000,79400,42,27,25900,2,2,45100,0.1198729117655655,32.61964735516373,0.039102121092294,56.80100755667507,False,orphan_cancel|unknown_link_gt_1pct,0,0,792,4872200,4.156994049955541,296400,43709375,1.5742176128874807,37700,0,0,0.0,599.8817808219173,599.8899999999994,99.8987854251012,479.70640419594935,0.0,44.534412955465584,22.267206477732792,65.01349527665316,0.1034168067498896,0.0106750119501788,0.0013577866076981,0.0,3319010,0.1195360034168797,5.010823587897099,1119.7739541160597,1398600,3709.814323607427,0.0,-17882216,-26.997396734770582,0.8010680907877044,False,4300,19.032752117795035,3,2,0.4488877142571018,4.434419412506639,2.3058688138532646,100.0,3.930142199315868,False,-1.2582781456953571,-2.0529801324503327,-3.973509933774833,-7.947019867549665,56.00000000000001,,100.0,v4,100.0,watch,20260826,0.6,0.6,0.5,0.5,0.8,0.8,0.7,1.0,0.8,0.5,1.0,0.4,0.4,0.4,0.8,1.0,0.6,0.4,0.8,0.6,0.6,0.6,0.7,1.0,1.0,1.0,0.2,0.2,0.2,excluded,,,
2,1246,000997.SZ,新 大 陆,0.2279825109306682,35.35620052770447,1.6551287212692007,2.14180991501264,1.0401253384243507,4.18980302829346,1007439381.0,20.32,20.69,19.93,20.69,90405209.0,1852710333.0,18.81,9.994683678894225,10.0,20.69,True,False,True,59.8954906135088,63.0,True,AUCTION_TRIGGER,92500000,92500000,92500000,81300,69,51,100,1,1,37400,0.1052996538672152,0.1230012300123001,0.0001295198694553,46.002460024600246,False,orphan_cancel|unknown_link_gt_1pct,0,0,1306,3183372,7.780652298587181,254300,76602646,7.60369779509344,89500,0,0,0.0,599.8708791208794,599.8899999999994,98.62367282736923,628.888142738559,0.0,0.0,0.1572945340149429,64.64805348014157,0.0081597517756882,0.025242213556073,0.0088839092145833,0.0,9122180,0.90548177607919,11.81503562748381,3587.172630751081,1507200,1684.0223463687148,0.0,3736883,4.840005983299889,1.8208661417322916,False,2900,26.33084418162618,3,1,2.27116562499983,19.912106255056152,6.071928113360103,22.74952991456336,10.090325658115564,False,-0.966650555824078,-0.1933301111648244,-1.498308361527323,-5.0749154180763645,72.0,,80.0,v4,80.0,watch,20260826,0.8,0.8,0.5,0.5,0.6,0.6,0.7,0.8,1.0,0.5,0.4,0.6,1.0,0.6,1.0,0.8,0.6,0.8,1.0,0.3,1.0,1.0,0.2,0.8,0.6,0.6,0.4,0.4,0.4,excluded,,,
3,1259,605169.SH,洪通燃气,0.2956810631229235,36.4692218350755,1.7157295342638492,1.3203274533370997,1.0965921148670827,1.6753945569654451,282880000.0,12.2,12.41,12.0,12.41,6257502.0,77086801.0,11.28,10.017730496453916,10.0,12.41,True,False,True,59.39229727114379,35.0,False,NONE,0,0,93000000,0,0,0,0,0,0,0,0.0,0.0,0.0,0.0,False,launch_not_detected|orphan_cancel|unknown_link_gt_1pct,0,0,490,2022100,51.279315265767856,0,671400,0.2373444570135746,0,0,0,0.0,0.0,0.0,0.0,0.0,0.0,0.0,0.0,0.0,0.0,0.0,0.0,0.0,675200,0.2386877828054298,27.49884335433758,0.0,0,0.0,0.0,-599776,-24.42705312750471,1.7213114754098369,False,5800,16.00162256208418,6,1,0.1374727018492042,0.7549137443438914,0.0633484162895927,100.0,10.790248249221497,False,-0.6446414182111226,2.41740531829171,3.5455278001611523,3.7872683319903455,48.0,,60.0,v4,60.0,invalid,20260826,0.3,0.3,0.5,0.5,0.3,0.3,0.3,0.3,0.3,0.5,0.4,0.8,0.6,1.0,0.3,0.3,0.6,0.6,0.6,0.3,0.2,0.2,0.7,0.3,0.3,0.3,0.6,0.6,0.6,excluded,,,
4,700,600095.SH,湘财股份,0.0922659430122116,30.833333333333336,1.464065715143037,1.1711329286430798,1.3576505350948858,2.4398743156657576,2859187743.0,7.88,8.67,7.87,8.67,81698921.0,685897781.0,7.88,10.025380710659904,10.0,8.67,True,False,True,74.11167021482485,55.00000000000001,True,CONTINUOUS_TRIGGER,101500000,101759999,93000000,0,0,0,0,0,0,0,0.0,0.0,0.0,0.0,False,orphan_cancel|unknown_link_gt_1pct,0,0,1060,3552905,7.316492739570947,39285214,48572247,1.6988127876148351,10426208,110,2089700,5.319304102556244,1383.363583252191,1466.989999999998,63.72719008225334,164.39156523321455,23.35320102876365,25.881004255687724,27.039188331772863,46.421035150782174,30.0800763851161,1.373999105031838,0.3646562918271436,0.0730871907630446,16901190,0.5911185804912007,24.08293338885982,43.02175877163352,7529177,72.21395352941357,0.0,6597179,9.400487327305642,10.025380710659904,False,5800,-0.6373220683298139,13,4,1.2324097450442608,5.075890813931767,0.8972466765362739,100.0,20.687164277236903,False,9.803921568627436,10.726643598615905,5.9976931949250245,-1.6147635524798254,78.0,,40.0,v4,40.0,watch,20260826,1.0,1.0,1.0,1.0,1.0,1.0,1.0,0.6,0.6,1.0,0.8,1.0,0.8,0.8,0.6,0.6,0.6,1.0,0.2,0.9,0.8,0.8,0.7,0.3,0.3,0.3,0.8,0.8,0.8,excluded,,,
5,542,002942.SZ,新农股份,0.1737193763919823,29.69334330590876,1.1460212897893287,1.158085868049931,0.9107146298059484,3.643775248916768,138758083.0,15.71,17.28,15.71,17.28,5855320.0,100050865.0,15.71,9.993634627625724,10.0,17.28,True,False,True,77.14341010257402,55.00000000000001,False,NONE,0,0,93000000,400,3,3,100,1,1,300,0.0119249206992773,25.0,0.0029812301748193,75.0,False,launch_not_detected|orphan_cancel|unknown_link_gt_1pct,0,0,223,846500,2.3417563023205896,0,3706920,2.6714984236269683,0,0,0,0.0,0.0,0.0,0.0,0.0,0.0,0.0,0.0,0.0,0.0,0.0,0.0,0.0,142700,0.1028408557647773,4.254215459467194,0.0,0,0.0,0.0,-3035520,-90.49583820267596,9.993634627625724,False,6500,0.2444608743351856,9,4,0.4381956355714697,0.7874135880069777,2.303663996280491,100.0,2.4370999364680324,False,27.314814814814813,15.04629629629628,9.37499999999998,-6.018518518518534,41.0,,20.0,v4,20.0,invalid,20260826,0.3,0.3,0.5,0.5,0.3,0.3,0.3,0.3,0.3,0.5,0.4,0.2,0.2,0.2,0.3,0.3,0.6,0.2,0.4,0.9,0.4,0.4,0.7,0.6,0.8,0.8,1.0,1.0,1.0,excluded,,,
1,1184,600095.SH,湘财股份,0.1994572591587516,30.833333333333336,1.901824358066333,1.2064394733941703,1.3962892817770758,5.904501884134306,2859187743.0,9.0,9.54,8.99,9.54,203672070.0,1916435926.0,8.67,10.034602076124566,10.0,9.54,True,False,True,62.7927230501258,91.36363636363636,False,NONE,0,0,93000000,11991700,2109,163,5392498,643,642,6140402,5.88774887003407,44.96858660573563,2.647637449749492,51.20543375834953,False,launch_not_detected,0,0,0,0,0.0,0,120345943,4.209095513039907,0,0,0,0.0,0.0,0.0,0.0,0.0,0.0,0.0,0.0,0.0,0.0,0.0,0.0,0.0,21104041,0.7381131599933555,10.361774690069188,0.0,0,0.0,0.0,-15372818,-7.54782823192203,5.999999999999983,False,7200,20.95117165549503,0,0,10.086876804904026,9.060814968665737,2.947550688349464,100.0,10.361774690069188,False,3.039832285115307,-0.8385744234800652,-4.192872117400404,-9.748427672955971,56.81818181818181,,100.0,v4,100.0,invalid,20260827,0.36363636363636365,0.36363636363636365,0.4090909090909091,0.4090909090909091,0.36363636363636365,0.36363636363636365,0.36363636363636365,0.36363636363636365,0.36363636363636365,0.4090909090909091,0.4090909090909091,0.45454545454545453,0.5454545454545454,0.45454545454545453,0.36363636363636365,0.36363636363636365,0.5,0.8181818181818182,0.8181818181818182,0.22727272727272727,0.7272727272727273,0.5454545454545454,0.8181818181818182,0.7272727272727273,0.8181818181818182,0.9090909090909091,0.7272727272727273,0.6363636363636364,0.6727272727272727,excluded,,,
2,1170,000576.SZ,甘化科工,0.22495894909688,37.96610169491525,1.4583620609693342,1.7652999763878698,0.882675952766524,4.432004102510156,433815261.0,7.66,8.0,7.66,8.0,33940911.0,268783460.0,7.27,10.041265474552974,10.0,8.0,True,False,True,63.32688213663634,71.81818181818183,False,NONE,0,0,93000000,20984800,506,64,892800,199,198,20068800,61.82745065387314,4.254508024856087,2.630453849632969,95.63493576302848,False,launch_not_detected|orphan_cancel,0,0,96,21027300,0.1894468890360662,0,36440367,8.399973508539157,0,0,0,0.0,0.0,0.0,0.0,0.0,0.0,0.0,0.0,0.0,0.0,0.0,0.0,0.0,4350500,1.002846232281349,12.817864552899009,0.0,0,0.0,0.0,-6529829,-19.23881477429996,4.438642297650119,False,5000,16.79920435842161,0,0,3.785945105031437,32.39286687980301,7.591933701013806,100.0,12.817864552899009,False,5.624999999999991,5.3749999999999964,6.25,3.3749999999999947,53.63636363636364,,90.9090909090909,v4,90.9090909090909,invalid,20260827,0.36363636363636365,0.36363636363636365,0.4090909090909091,0.4090909090909091,0.36363636363636365,0.36363636363636365,0.36363636363636365,0.36363636363636365,0.36363636363636365,0.4090909090909091,0.4090909090909091,0.8181818181818182,0.9090909090909091,0.8181818181818182,0.36363636363636365,0.36363636363636365,0.5,0.45454545454545453,0.6363636363636364,0.22727272727272727,0.45454545454545453,1.0,0.8181818181818182,0.9090909090909091,0.18181818181818182,0.8181818181818182,0.8181818181818182,0.9090909090909091,0.8727272727272728,excluded,,,
3,1325,603093.SH,南华期货,0.1869565217391303,39.090909090909086,1.9729503636971035,1.7369801730173533,1.155476166167748,4.295833472225161,882038990.0,12.16,13.52,12.09,13.52,59120157.0,759566497.0,12.29,10.008136696501223,10.0,13.52,True,False,True,57.13760402554674,60.9090909090909,False,NONE,0,0,93000000,2064900,769,135,734500,205,205,1240600,3.492717382330362,35.57072981742457,1.242385063354957,60.08039130224224,False,launch_not_detected,0,0,0,0,0.0,0,44194088,5.010446080167045,0,0,0,0.0,0.0,0.0,0.0,0.0,0.0,0.0,0.0,0.0,0.0,0.0,0.0,0.0,3640690,0.4127583974490742,6.158119640988098,0.0,0,0.0,0.0,3531555,5.9735210107781,11.184210526315772,False,3030,23.295836308418465,6,1,11.849749342500104,5.239742859893302,2.3920613758809006,29.90893121185366,6.158119640988098,False,2.5887573964497035,-2.071005917159763,0.3698224852071163,-6.508875739644959,57.04545454545455,,81.81818181818183,v4,81.81818181818183,invalid,20260827,0.36363636363636365,0.36363636363636365,0.4090909090909091,0.4090909090909091,0.36363636363636365,0.36363636363636365,0.36363636363636365,0.36363636363636365,0.36363636363636365,0.4090909090909091,0.4090909090909091,0.18181818181818182,0.36363636363636365,0.18181818181818182,0.36363636363636365,0.36363636363636365,0.5,0.9090909090909091,1.0,0.45454545454545453,0.8181818181818182,0.36363636363636365,0.45454545454545453,0.5454545454545454,0.45454545454545453,0.6363636363636364,0.5454545454545454,0.45454545454545453,0.49090909090909085,excluded,,,
4,1232,002190.SZ,成飞集成,0.0897597977243994,38.01571709233793,1.7192274216803327,2.0867188720605947,1.593872436086883,3.005494936868,358729343.0,23.27,25.52,22.96,25.52,22498152.0,561663454.0,23.2,10.000000000000009,10.0,25.52,True,False,True,61.20766402167601,36.81818181818182,True,CONTINUOUS_TRIGGER,102400000,102659999,93000000,277500,169,78,172300,72,71,88100,1.2334346394317186,62.09009009009009,0.765840678825532,31.747747747747745,False,orphan_cancel,0,0,90,173800,0.4710920256917101,10227327,24618628,6.862730490379762,1687300,13,226300,2.212699369053126,1975.9746735488543,2290.519999999997,62.53736680170684,235.9522286801549,11.322049250991975,25.85700807212496,23.32939975420753,60.17264335050595,24.471552152372336,2.8509870183661,0.4703546093802535,0.0630837717671732,2836873,0.7908115283449227,12.6093600932201,27.738166580573797,771873,45.74604397558229,0.0,-5412726,-24.05853600775744,9.669101847872795,False,2567,4.749163397953752,48,5,2.0465139075882885,23.42905637356797,5.083299806896477,100.0,12.6093600932201,False,2.9780564263322877,1.1755485893417017,0.5094043887147404,-5.054858934169271,62.727272727272734,,72.72727272727273,v4,72.72727272727273,watch,20260827,0.9090909090909091,0.8181818181818182,0.8181818181818182,0.8181818181818182,1.0,0.8181818181818182,0.9090909090909091,0.8181818181818182,0.8181818181818182,0.9090909090909091,1.0,0.6363636363636364,0.6363636363636364,0.6363636363636364,0.8181818181818182,0.8181818181818182,0.5,0.36363636363636365,0.45454545454545453,1.0,0.2727272727272727,0.9090909090909091,0.8181818181818182,0.45454545454545453,1.0,0.5454545454545454,0.6363636363636364,0.7272727272727273,0.6909090909090909,excluded,,,
5,756,002670.SZ,国盛证券,0.03757225433526,25.428571428571423,1.6186998916623447,1.6500733907373415,1.422365184565271,2.9153386030309543,1623350634.0000002,10.99,12.12,10.97,11.7,78091650.0,914594666.0,11.02,6.170598911070768,10.0,12.12,True,False,True,72.75982194697117,31.36363636363636,False,NONE,0,0,93000000,362700,201,76,167700,72,72,132800,0.4644542662371713,46.236559139784944,0.2147476714860039,36.6142817755721,False,launch_not_detected|orphan_cancel,0,0,122,777500,0.8252482819866144,0,92755260,5.713815491077696,0,0,0,0.0,0.0,0.0,0.0,0.0,0.0,0.0,0.0,0.0,0.0,0.0,0.0,0.0,10263775,0.6322586621172317,13.143242587395706,0.0,0,0.0,0.0,8145098,10.430177874330994,6.460418562329373,False,4600,22.84310422433128,11,2,2.654535422989828,11.158920088240158,4.537109633457043,25.82081721417232,13.143242587395706,False,7.435897435897454,8.461538461538453,5.042735042735047,-1.6239316239316182,60.9090909090909,,63.63636363636363,v4,63.63636363636363,invalid,20260827,0.36363636363636365,0.36363636363636365,0.4090909090909091,0.4090909090909091,0.36363636363636365,0.36363636363636365,0.36363636363636365,0.36363636363636365,0.36363636363636365,0.4090909090909091,0.4090909090909091,0.9090909090909091,0.45454545454545453,0.9090909090909091,0.36363636363636365,0.36363636363636365,0.5,1.0,0.9090909090909091,0.5909090909090909,0.36363636363636365,0.6363636363636364,0.36363636363636365,0.2727272727272727,0.9090909090909091,0.36363636363636365,0.9090909090909091,1.0,0.9636363636363636,excluded,,,
6,1206,688575.SH,亚辉龙,0.1345707656612529,27.81774580335732,2.078908433511625,1.9327599812596747,1.611851634326438,4.948747254102127,571388300.0,10.36,11.4,10.36,10.76,54651809.0,604644769.0,9.5,13.263157894736842,20.0,11.4,True,False,True,62.03019160054191,78.18181818181819,False,NONE,0,0,93000000,2441881,250,98,1041322,80,79,1242359,4.468069849252383,42.644256620203855,1.905375172485141,50.8771311951729,False,launch_not_detected,0,0,0,0,0.0,0,38037433,6.6570199284794604,0,0,0,0.0,0.0,0.0,0.0,0.0,0.0,0.0,0.0,0.0,0.0,0.0,0.0,0.0,6633262,1.160902664615289,12.137314612952702,0.0,0,0.0,0.0,-9176959,-16.79168387637452,3.861003861003876,False,5109,18.803985061134934,0,0,4.06440870047813,8.536099356602156,4.723142388459826,19.0421579429982,12.137314612952702,False,-2.509293680297397,-5.855018587360583,-9.293680297397769,-10.408921933085493,48.63636363636363,,54.54545454545454,v4,54.54545454545454,invalid,20260827,0.36363636363636365,0.36363636363636365,0.4090909090909091,0.4090909090909091,0.36363636363636365,0.36363636363636365,0.36363636363636365,0.36363636363636365,0.36363636363636365,0.4090909090909091,0.4090909090909091,0.5454545454545454,1.0,0.5454545454545454,0.36363636363636365,0.36363636363636365,0.5,0.5454545454545454,0.7272727272727273,0.22727272727272727,0.5454545454545454,0.45454545454545453,0.2727272727272727,0.6363636363636364,0.7272727272727273,0.7272727272727273,0.18181818181818182,0.18181818181818182,0.18181818181818182,excluded,,,
7,1338,001324.SZ,长青科技,0.3869257950530037,25.0,2.3904823833768125,1.9678651811594152,0.8538584005408041,5.1543452360710384,138000000.0,18.46,20.41,18.41,19.36,13997418.0,277093243.0,18.55,4.366576819406998,10.0,20.41,True,False,True,55.784788078188505,61.81818181818181,True,CONTINUOUS_TRIGGER,130000000,130259999,93000000,21300,24,16,8700,8,8,11600,0.1521709218085792,40.845070422535215,0.0621543201753352,54.460093896713616,False,orphan_cancel,0,0,22,28100,0.3275604114987492,9299521,13055421,9.46045,1078247,23,511600,5.501358618363247,10557.501445052796,11065.765000000005,52.10901722787658,115.02946653943047,13.401711765584484,22.56499491816493,22.10477292325056,66.30057612644781,31.81230995602189,6.738783333333333,0.7813384057971015,0.3707246376811594,1172694,0.8497782608695652,8.377930844102819,12.610262399536492,1172694,108.75931025080526,0.0,-1486860,-10.622387643206768,4.875406283856987,False,2000,1.5285819141787436,11,3,0.4055726718417223,14.472608695652172,7.523066666666667,5.700313343355491,8.377930844102819,False,-0.1549586776859568,-0.9814049586776784,7.541322314049581,0.723140495867769,58.63636363636364,,45.45454545454545,v4,45.45454545454545,watch,20260827,1.0,1.0,1.0,0.9090909090909091,0.9090909090909091,1.0,1.0,0.7272727272727273,0.7272727272727273,1.0,0.9090909090909091,0.2727272727272727,0.7272727272727273,0.2727272727272727,0.7272727272727273,0.9090909090909091,0.5,0.7272727272727273,0.2727272727272727,0.8181818181818182,0.09090909090909091,0.7272727272727273,0.18181818181818182,0.09090909090909091,0.5454545454545454,0.2727272727272727,0.2727272727272727,0.5454545454545454,0.4363636363636363,excluded,,,
8,1353,000816.SZ,智慧农业,0.2927927927927928,33.18181818181818,1.7890883173241137,2.2488536737752445,1.1353878924386878,3.298796577280653,1439509071.9999998,2.85,3.14,2.82,3.04,106790136.0,324336403.0,2.85,6.666666666666665,10.0,3.14,True,False,True,54.19585833172055,41.81818181818182,True,CONTINUOUS_TRIGGER,102000000,102259999,93000000,365800,72,22,31900,20,20,306000,0.3425410002287102,8.72061235647895,0.0298716727919514,83.65226899945326,False,orphan_cancel,0,0,46,889600,0.6841924051861868,26512789,119308411,8.288131927799341,10573100,191,5031500,18.977633775156587,2062.330469443496,2268.594999999997,63.47955320732195,298.06340043001734,8.530600081341875,19.11273758048532,19.323881768907828,40.79687353903054,12.175292107503262,1.841793811216773,0.7344934606983847,0.3495288843862181,13498200,0.9376946809543972,12.639931463332909,50.91203343412871,13498200,127.66549072646625,0.0,-16281700,-15.246445608047546,6.666666666666665,False,9400,2.0302155996879714,5,3,8.132162747616766,17.289234562045195,6.924134480202847,-31.680228407642566,12.639931463332909,False,0.3289473684210398,-4.605263157894745,1.3157894736842035,-7.236842105263164,66.36363636363636,,36.36363636363637,v4,36.36363636363637,watch,20260827,0.8181818181818182,0.9090909090909091,0.9090909090909091,1.0,0.8181818181818182,0.9090909090909091,0.8181818181818182,0.9090909090909091,0.9090909090909091,0.8181818181818182,0.8181818181818182,0.7272727272727273,0.8181818181818182,0.7272727272727273,0.9090909090909091,1.0,0.5,0.6363636363636364,0.36363636363636365,0.8181818181818182,0.6363636363636364,0.8181818181818182,0.09090909090909091,0.18181818181818182,0.2727272727272727,0.18181818181818182,0.45454545454545453,0.36363636363636365,0.4,excluded,,,
9,1147,002942.SZ,新农股份,0.2902746844840387,29.2445774121167,1.5679645052695546,1.3159970291604517,1.0348954082789263,1.2373851843505572,138758083.0,19.01,19.01,19.01,19.01,2259530.0,42953665.0,17.28,10.011574074074067,10.0,19.01,True,False,True,64.27327269208438,33.18181818181819,False,NONE,0,0,93000000,7257700,674,40,0,0,0,1089600,321.2039671967179,0.0,0.0,15.013020653926176,False,launch_not_detected|orphan_cancel|unknown_link_gt_1pct,0,0,174,1904600,52.11548419361549,0,2083930,1.5018440403216005,0,0,0,0.0,0.0,0.0,0.0,0.0,0.0,0.0,0.0,0.0,0.0,0.0,0.0,0.0,0,0.0,0.0,0.0,0,0.0,81.03587914300762,-2259530,-100.0,0.0,False,8100,0.0,0,0,100.0,2.264300523667512,1.3195843877433793,100.0,0.0,False,16.201998947922135,-5.10257759074173,-6.785902156759615,-13.729615991583389,35.45454545454545,,27.27272727272727,v4,27.27272727272727,invalid,20260827,0.36363636363636365,0.36363636363636365,0.4090909090909091,0.4090909090909091,0.36363636363636365,0.36363636363636365,0.36363636363636365,0.36363636363636365,0.36363636363636365,0.4090909090909091,0.4090909090909091,0.09090909090909091,0.09090909090909091,0.09090909090909091,0.36363636363636365,0.36363636363636365,1.0,0.09090909090909091,0.09090909090909091,0.22727272727272727,1.0,0.09090909090909091,0.8181818181818182,1.0,0.09090909090909091,0.09090909090909091,1.0,0.2727272727272727,0.5636363636363636,excluded,,,
10,1315,605339.SH,南侨食品,0.2548359966358283,36.925795053003526,1.9810740860087277,0.7764264105242389,2.4983993216873484,2.852741841342895,424290616.0,14.23,15.79,14.16,14.45,9397800.0,140908927.0,14.35,0.6968641114982521,10.0,15.79,True,False,True,57.51886975033869,25.454545454545453,False,NONE,0,0,93000000,66200,42,32,27700,10,10,20100,0.7044201834471898,41.842900302114806,0.2947498350677818,30.362537764350456,False,launch_not_detected,0,0,0,0,0.0,0,7451833,1.7563039857567817,0,0,0,0.0,0.0,0.0,0.0,0.0,0.0,0.0,0.0,0.0,0.0,0.0,0.0,0.0,1395900,0.3289961991523282,14.853476345527678,0.0,0,0.0,0.0,-2503600,-26.64027751175807,1.5460295151089154,False,2400,13.111579305794974,9,2,13.122825886030215,3.2010370929344334,0.4276000768303581,72.636714966753,14.853476345527678,False,-3.87543252595155,-6.92041522491349,-8.027681660899654,-11.695501730103809,53.18181818181817,,18.181818181818183,v4,18.181818181818183,invalid,20260827,0.36363636363636365,0.36363636363636365,0.4090909090909091,0.4090909090909091,0.36363636363636365,0.36363636363636365,0.36363636363636365,0.36363636363636365,0.36363636363636365,0.4090909090909091,0.4090909090909091,1.0,0.2727272727272727,1.0,0.36363636363636365,0.36363636363636365,0.5,0.2727272727272727,0.5454545454545454,0.5909090909090909,0.9090909090909091,0.18181818181818182,0.5454545454545454,0.36363636363636365,0.6363636363636364,0.45454545454545453,0.09090909090909091,0.09090909090909091,0.09090909090909091,excluded,,,
11,766,603237.SH,五芳斋,0.346590909090909,33.750000000000014,1.0697070035949914,0.6033815120107844,0.7685111445734624,3.1405089796647907,189806926.0,15.7,15.88,15.7,15.88,3596699.0,57087483.0,14.44,9.972299168975084,10.0,15.88,True,False,True,72.54693245597058,52.27272727272728,True,AUCTION_TRIGGER,92501010,92501010,92501010,449700,197,61,128937,53,52,308500,12.50313134349024,28.671781187458308,3.5848704603860373,68.60128974872137,True,,0,0,0,0,0.0,385681,448681,0.2363881073549444,255944,0,0,0.0,319.5321226415115,269.63500000000204,97.95167508899844,813.631116258632,0.0,0.0,0.3111379611647968,33.32728342853291,2.666333768825248,0.2031964839892091,0.1348443944558693,0.0,318444,0.1677725922393369,8.853785095722493,82.56668075430214,101700,39.7352545869409,0.0,-2756411,-76.63724431763681,1.146496815286624,False,5000,1.4985685485496565,5,3,0.8574383254815358,3.6818234967885206,0.0282919075355553,100.0,8.853785095722493,False,0.0,1.76322418136019,-2.518891687657432,-6.863979848866508,41.5909090909091,100.0,9.090909090909092,v4,9.090909090909092,watch,20260827,0.7272727272727273,0.7272727272727273,0.4090909090909091,0.4090909090909091,0.7272727272727273,0.7272727272727273,0.7272727272727273,1.0,1.0,0.4090909090909091,0.4090909090909091,0.36363636363636365,0.18181818181818182,0.36363636363636365,1.0,0.7272727272727273,0.5,0.18181818181818182,0.18181818181818182,0.8181818181818182,0.18181818181818182,0.2727272727272727,0.8181818181818182,0.8181818181818182,0.36363636363636365,1.0,0.36363636363636365,0.8181818181818182,0.6363636363636364,test,100.0,100.0,100.0
1,1028,002905.SZ,金逸影视,0.1572398190045249,26.363636363636367,1.8212495164463276,1.687993418040287,0.987605662572938,3.95118833283756,349440000.0,8.05,8.79,7.95,8.13,23306180.0,192411385.0,7.99,1.7521902377972465,10.0,8.79,True,False,True,68.10334817108574,43.66666666666666,True,CONTINUOUS_TRIGGER,101900000,102159999,93000000,62000,42,28,6300,7,7,36900,0.2660238614822334,10.161290322580644,0.0270314568925495,59.51612903225807,True,,0,0,0,0,0.0,3338740,28723146,8.219764766483518,1534740,15,936200,28.04051827935089,1981.8664897834708,2130.019999999997,65.48398497636832,465.1057162227316,4.01948040278668,10.002805836139167,20.007547757537274,34.02481175533285,6.263574725673619,0.9554544413919416,0.4391998626373626,0.2679143772893773,3429240,0.981353021978022,14.713865592731198,102.71060340128312,2242540,146.11856079857176,0.0,-3003160,-12.885680965306198,0.9937888198757738,False,2500,14.089310217290008,5,2,31.95333672376426,19.1389652014652,6.918414606227106,41.49514449612144,14.713865592731198,False,1.8450184501844769,4.0590405904058935,5.412054120541199,5.2890528905289,75.99999999999999,9.090909090909092,100.0,v4,100.0,medium,20260828,0.5333333333333333,0.7333333333333333,0.9333333333333333,1.0,0.4666666666666667,0.5333333333333333,0.6,0.6666666666666666,1.0,0.4,0.3333333333333333,0.7333333333333333,1.0,0.7333333333333333,1.0,0.8666666666666667,0.43333333333333335,0.6666666666666666,0.8666666666666667,0.6,1.0,0.8666666666666667,0.4,0.06666666666666667,0.26666666666666666,0.06666666666666667,0.6666666666666666,0.8,0.7466666666666666,test,72.72727272727273,63.63636363636363,90.9090909090909
2,1098,600929.SH,雪天盐业,0.3568904593639576,31.24999999999998,1.373629423442957,1.0943150379610078,0.8744941287274124,1.6076108956058963,1640113256.0,5.58,6.04,5.58,6.04,28853410.0,171880314.0,5.49,10.018214936247729,10.0,6.04,True,False,True,66.50861234759047,36.333333333333336,False,NONE,0,0,93000000,1076600,178,52,233800,72,71,680800,3.731274743609161,21.716514954486343,0.8103028376888555,63.23611369125023,False,launch_not_detected,0,0,0,0,0.0,0,13743900,0.837984812921968,0,0,0,0.0,0.0,0.0,0.0,0.0,0.0,0.0,0.0,0.0,0.0,0.0,0.0,0.0,9562800,0.58305729589201,33.142703063520045,0.0,0,0.0,0.0,-6033810,-20.911947669270287,8.24372759856631,False,10000,21.243936158672405,2,1,5.276430738820691,5.394036032350683,0.5817281193903112,100.0,33.142703063520045,False,-10.596026490066224,0.9933774834437026,,,48.333333333333336,,93.33333333333331,v4,93.33333333333331,invalid,20260828,0.16666666666666666,0.16666666666666666,0.23333333333333334,0.23333333333333334,0.16666666666666666,0.16666666666666666,0.16666666666666666,0.16666666666666666,0.16666666666666666,0.16666666666666666,0.16666666666666666,1.0,0.6,1.0,0.16666666666666666,0.16666666666666666,0.43333333333333335,0.4,1.0,0.16666666666666666,0.26666666666666666,0.2,0.7666666666666667,0.8,0.6,0.7333333333333333,0.06666666666666667,0.6,0.38666666666666666,excluded,,,
3,662,601360.SH,三六零,0.0737179487179486,21.92448233861144,1.5088035454239512,1.5330062848959496,1.272815382448871,2.1944436860049685,6999557879.0,8.88,9.54,8.81,9.25,235471844.0,2205186436.0,8.67,6.689734717416385,10.0,9.54,True,False,True,75.45964776466035,28.33333333333333,False,NONE,0,0,93000000,10917400,2654,145,4131100,950,950,6154000,4.63639296085013,37.83959550808801,1.7543923425511545,56.36873248209281,False,launch_not_detected,0,0,0,0,0.0,0,113313966,1.6188731911191616,0,0,0,0.0,0.0,0.0,0.0,0.0,0.0,0.0,0.0,0.0,0.0,0.0,0.0,0.0,29549497,0.4221623352619754,12.54905745758716,0.0,0,0.0,0.0,-44715436,-18.989716664383877,4.143337066069441,False,6400,18.426699881791382,9,2,13.795272933160993,6.135465874043957,1.273767722779909,100.0,12.54905745758716,False,-3.351351351351361,-3.459459459459457,-6.054054054054059,-5.729729729729726,50.5,,86.66666666666667,v4,86.66666666666667,invalid,20260828,0.16666666666666666,0.16666666666666666,0.23333333333333334,0.23333333333333334,0.16666666666666666,0.16666666666666666,0.16666666666666666,0.16666666666666666,0.16666666666666666,0.16666666666666666,0.16666666666666666,0.3333333333333333,0.2,0.3333333333333333,0.16666666666666666,0.16666666666666666,0.43333333333333335,0.5333333333333333,0.9333333333333333,0.6,0.8,0.4,0.7666666666666667,0.8666666666666667,0.9333333333333333,0.8,0.26666666666666666,0.26666666666666666,0.26666666666666666,excluded,,,
4,898,605188.SH,国光连锁,0.0831435079726651,34.61178671655753,1.3016232616907764,1.4282030107543773,1.5874023531987085,1.6247885240144218,507746500.0,12.2,13.37,12.09,13.37,11782399.0,150446212.0,12.15,10.041152263374476,10.0,13.37,True,False,True,70.76059609057481,40.66666666666666,True,CONTINUOUS_TRIGGER,111100000,111359999,93000000,173100,75,36,24800,26,26,134100,1.469140537508533,14.326978625072211,0.2104834507811185,77.46967071057192,True,,0,0,0,0,0.0,8240936,9065536,1.7854452960286284,869000,13,233500,2.833416010026045,3918.399233208955,4496.465,62.77684961999462,179.95367303309112,20.80952940297073,48.63166640702082,40.48530409652496,48.96977721948089,60.154133296623215,1.6230414192909255,0.1711483978717726,0.045987515423543,1491400,0.2937292526881032,12.657863648990327,18.097458832346227,685000,78.82623705408515,0.0,-682063,-5.788829592343631,9.590163934426222,False,2000,1.2960009247692257,10,2,5.06239258461376,4.430557374595394,0.7211543555691668,58.10534949146512,12.657863648990327,False,13.46297681376216,6.955871353777132,3.216155572176516,-1.8698578908002967,47.66666666666666,36.36363636363637,80.0,v4,80.0,watch,20260828,0.6,0.4,0.6,0.6666666666666666,1.0,0.6666666666666666,0.7333333333333333,0.6,0.4666666666666667,0.9333333333333333,0.9333333333333333,0.4,0.13333333333333333,0.4,0.4666666666666667,0.4,0.43333333333333335,0.7333333333333333,0.6,0.6,0.2,0.13333333333333333,0.4666666666666667,0.4,0.4,0.4,0.8,0.8666666666666667,0.8400000000000001,test,27.27272727272727,100.0,100.0
5,1123,600689.SH,上海三毛,0.3060453400503777,32.37327188940093,1.3264767862382498,1.5185547216017583,0.8693031442756132,4.224153715531567,152204143.0,11.1,12.22,11.05,12.22,9763300.0,116423363.0,11.11,9.990999099909992,10.0,12.22,True,False,True,65.70543835881557,60.0,True,CONTINUOUS_TRIGGER,135000000,135259999,93000000,55900,53,25,12900,21,20,37300,0.5725523132547398,23.07692307692308,0.1321274569049399,66.7262969588551,True,,0,0,0,0,0.0,4802400,2152900,1.4144818646625144,279300,1,8000,0.166583374979177,4930.282947916667,434.6750000000029,60.66341829085458,95.31134825448532,18.694819257038148,35.68798751950078,37.118940529735134,57.06521739130434,52.89297675990699,3.155236056879214,0.183503546286516,0.0052560987121093,895000,0.5880260434172282,9.166982475187693,18.636515075795437,739000,264.5900465449337,0.1805847068447719,-2584500,-26.47158235432692,10.090090090090095,False,3500,1.0385832659039465,8,2,5.566983592218857,14.583440084150666,1.1055546628582902,11.641741674883114,9.166982475187693,False,-3.682487725040928,3.6006546644844484,-2.0458265139116194,0.0818330605564687,44.66666666666667,18.181818181818183,73.33333333333333,v4,73.33333333333333,watch,20260828,0.8,0.4666666666666667,0.4666666666666667,0.4666666666666667,0.8666666666666667,0.7333333333333333,0.4,0.5333333333333333,0.3333333333333333,0.8666666666666667,0.8666666666666667,0.2,0.6666666666666666,0.2,0.5333333333333333,1.0,0.8666666666666667,0.26666666666666666,0.5333333333333333,0.6,0.3333333333333333,0.8,0.26666666666666666,0.13333333333333333,0.6666666666666666,0.13333333333333333,0.2,0.7333333333333333,0.52,test,63.63636363636363,81.81818181818183,81.81818181818183
6,1056,002679.SZ,福建金森,0.2471083070452155,32.7891156462585,1.3290347853105562,1.4736239798774955,0.9135151270771243,3.746331034353529,235756000.0,9.7,10.67,9.64,10.67,13015342.0,136470109.0,9.7,10.000000000000009,10.0,10.67,True,False,True,67.48790400619315,54.66666666666666,False,NONE,0,0,93000000,148200,105,60,18900,23,22,102700,1.1386562104937388,12.753036437246964,0.145213241419242,69.2982456140351,False,launch_not_detected,0,0,0,0,0.0,0,13415342,5.690350192571982,0,0,0,0.0,0.0,0.0,0.0,0.0,0.0,0.0,0.0,0.0,0.0,0.0,0.0,0.0,1063400,0.4510595700639644,8.170357720911214,0.0,0,0.0,0.0,-8536542,-65.58830340378302,10.000000000000009,False,3000,6.770471340668574,9,2,8.691583529310012,32.765783267446004,5.245101715332802,100.0,8.170357720911214,False,14.71415182755389,0.0937207122774008,0.2811621368322248,2.3430178069353325,40.16666666666666,,66.66666666666666,v4,66.66666666666666,invalid,20260828,0.16666666666666666,0.16666666666666666,0.23333333333333334,0.23333333333333334,0.16666666666666666,0.16666666666666666,0.16666666666666666,0.16666666666666666,0.16666666666666666,0.16666666666666666,0.16666666666666666,0.13333333333333333,0.3333333333333333,0.13333333333333333,0.16666666666666666,0.16666666666666666,0.43333333333333335,0.06666666666666667,0.6666666666666666,0.6,0.5333333333333333,1.0,0.7666666666666667,0.26666666666666666,0.3333333333333333,0.26666666666666666,0.8666666666666667,0.5333333333333333,0.6666666666666667,excluded,,,
7,645,600691.SH,潞化科技,0.194139194139194,28.971962616822424,1.3431580016447031,1.2135822290802931,0.7447117199645004,2.8060571912622043,2375585952.0,2.67,2.94,2.65,2.94,80897756.0,230246334.0,2.67,10.1123595505618,10.0,2.94,True,False,True,75.78285271917942,62.0,True,CONTINUOUS_TRIGGER,94400000,94659999,93000000,2792700,222,37,217000,46,46,2442700,3.452135310156193,7.770258173094138,0.2682398260836802,87.46732552726752,True,,0,0,0,0,0.0,13302300,46697142,1.9657104791635005,5819200,0,0,0.0,648.6804590060145,629.0599999999977,73.72785157453974,409.02327875408514,12.833870834366987,17.99948545333705,19.5883418656924,36.66583974199951,11.656194765155169,0.5599586909832004,0.2449585120294565,0.0,11568442,0.4869721506081713,14.300077742576692,86.96572773129458,3771700,64.8147511685455,0.0,-16228272,-20.06022515630718,10.1123595505618,False,10000,8.538432141430475,2,1,6.1229725156679935,9.27214070341497,0.8381949717810083,100.0,14.300077742576692,False,6.4625850340136015,2.3809523809523725,5.442176870748305,-1.7006802721088343,49.16666666666667,72.72727272727273,60.0,v4,60.0,watch,20260828,0.3333333333333333,0.6,0.23333333333333334,0.23333333333333334,0.4,0.4,0.4666666666666667,1.0,0.9333333333333333,0.6,0.4666666666666667,0.6,0.4,0.6,0.9333333333333333,0.3333333333333333,0.43333333333333335,0.4666666666666667,0.7333333333333333,0.16666666666666666,0.4,0.6,0.7666666666666667,0.7333333333333333,0.13333333333333333,0.4666666666666667,0.7333333333333333,0.6666666666666666,0.6933333333333334,test,90.9090909090909,9.090909090909092,63.63636363636363
8,73,600551.SH,时代出版,0.1190476190476192,12.210200927357027,0.951173826859858,0.6122819515594016,1.0009758382182306,4.459390132721648,678055239.0,7.17,7.5,7.17,7.5,18513648.0,138324673.0,6.82,9.97067448680351,10.0,7.5,True,False,True,89.35552544997097,70.33333333333333,False,NONE,0,0,93000000,16994500,494,84,461900,77,76,16487900,91.79444267277847,2.717938156462385,2.494916182915436,97.01903557033158,False,launch_not_detected,0,0,0,0,0.0,0,6112733,0.9015095892504416,0,0,0,0.0,0.0,0.0,0.0,0.0,0.0,0.0,0.0,0.0,0.0,0.0,0.0,0.0,5184458,0.7646070263605765,28.00343832830785,0.0,0,0.0,0.0,-7420332,-40.080334248550045,4.602510460251041,False,8000,13.881937260555024,4,2,1.8462264565639364,6.505841628044702,0.4834204960696425,100.0,28.00343832830785,False,14.933333333333332,7.333333333333347,-0.1333333333333297,0.2666666666666595,44.16666666666667,,53.333333333333336,v4,53.333333333333336,invalid,20260828,0.16666666666666666,0.16666666666666666,0.23333333333333334,0.23333333333333334,0.16666666666666666,0.16666666666666666,0.16666666666666666,0.16666666666666666,0.16666666666666666,0.16666666666666666,0.16666666666666666,0.9333333333333333,0.8666666666666667,0.9333333333333333,0.16666666666666666,0.16666666666666666,0.43333333333333335,0.2,0.8,0.6,0.06666666666666667,0.4666666666666667,0.7666666666666667,1.0,0.06666666666666667,1.0,0.9333333333333333,0.9333333333333333,0.9333333333333333,excluded,,,
9,884,601003.SH,柳钢股份,0.1538461538461539,28.5276073619632,1.3912726714446184,1.1562228762742104,1.6727089754305144,1.3443650130112357,2562793200.0,3.67,4.05,3.66,4.05,39835688.0,156533939.0,3.68,10.05434782608694,10.0,4.05,True,False,True,71.0160634797755,38.0,True,CONTINUOUS_TRIGGER,100800000,101059999,93000000,683700,155,35,53500,38,38,467400,1.716300218035647,7.8250694749158995,0.1343016844594224,68.36331724440544,True,,0,0,0,0,0.0,19386252,20759853,0.8100479195902346,3924800,26,496500,2.5610932943613856,1384.1916657148297,1340.5800000000015,71.68959734970947,215.33973404985383,11.734088672735709,22.799455667939824,21.03899196193261,58.7157331907168,27.167076918566085,0.7564501107619608,0.1531454040068469,0.0193733930619138,5123901,0.1999342358173886,12.862589444921849,26.43059112199718,5093001,129.7645994700367,0.0,-6905326,-17.334521748438235,10.354223433242504,False,10000,-10.33721069408918,8,2,2.224598721799232,2.771745336299472,0.2514944631505967,100.0,12.862589444921849,False,-4.19753086419753,-6.913580246913575,-7.901234567901227,-12.098765432098755,40.833333333333336,27.27272727272727,46.66666666666666,v4,46.66666666666666,watch,20260828,0.4,0.3333333333333333,0.5333333333333333,0.5333333333333333,0.5333333333333333,0.4666666666666667,0.5333333333333333,0.9333333333333333,0.6666666666666666,0.5333333333333333,0.6666666666666666,0.4666666666666667,0.06666666666666667,0.4666666666666667,0.7333333333333333,0.8,0.43333333333333335,0.6,0.26666666666666666,0.6,0.13333333333333333,0.06666666666666667,0.7666666666666667,0.4666666666666667,0.2,0.2,0.13333333333333333,0.06666666666666667,0.09333333333333334,test,100.0,27.27272727272727,72.72727272727273
10,906,000567.SZ,海德股份,0.3988095238095237,23.8721804511278,1.3667603934237122,0.8689857083218132,0.8583784821521802,5.003221134166664,1948764564.0,6.5,7.01,6.3,7.01,84726976.0,568131933.0,6.37,10.047095761381474,10.0,7.01,True,False,True,70.6057673698471,86.33333333333333,True,CONTINUOUS_TRIGGER,130800000,131059999,93000000,2487200,486,87,1805500,335,335,547300,2.935546761399817,72.59166934705694,2.130962398563593,22.00466387906079,True,,0,0,0,0,0.0,102299792,107562364,5.519515593983266,6867743,129,3882617,3.7953322524839535,9831.145334518636,10470.915,45.84464551012968,265.0005423661997,16.48799149073539,29.53641080979325,26.51835597085085,66.76829411344258,60.375041592420345,5.24946901692533,0.3524152238227994,0.1992347906835194,8244029,0.4230387370693179,9.730111222192091,8.058695759616013,8011829,116.65883536993158,4.5198119663801055,6737454,7.951958535614442,7.846153846153836,False,5000,-36.26325693483974,3,1,11.154831799071676,6.823774531647324,3.913998304825498,4.362258586437831,9.730111222192091,False,-1.4265335235377985,-4.1369472182596345,-11.697574893009977,-12.83880171184022,52.5,100.0,40.0,v4,40.0,medium,20260828,0.9333333333333333,0.6666666666666666,0.8,0.8,0.8,0.9333333333333333,0.8666666666666667,0.3333333333333333,0.7333333333333333,0.8,0.8,0.26666666666666666,0.26666666666666666,0.26666666666666666,0.4,0.6666666666666666,0.9333333333333333,0.8666666666666667,0.13333333333333333,0.16666666666666666,0.6,0.5333333333333333,0.13333333333333333,0.6666666666666666,1.0,0.9333333333333333,0.4666666666666667,0.2,0.30666666666666664,test,9.090909090909092,90.9090909090909,45.45454545454545
11,102,601222.SH,林洋能源,0.1602209944751381,24.190476190476183,0.876392625040971,0.7285013283006149,0.5509836108275353,6.639494569716927,2041220156.0,5.83,6.09,5.81,6.09,98731382.0,593354039.0,5.54,9.927797833935005,10.0,6.09,True,False,True,87.82659183278498,78.0,True,CONTINUOUS_TRIGGER,102100000,102359999,93000000,6183200,468,90,1929200,113,112,4074100,6.2626490936792525,31.20067279078794,1.95398865175411,65.88983050847457,True,,0,0,0,0,0.0,71701060,72177160,3.535981152637609,15482405,227,6605300,9.21227663858805,2248.2447929140176,2425.1800000000003,70.86896762753577,158.17208456098504,36.66145381951117,20.682109845113576,21.80809879240279,56.598908021722416,34.919536525883935,3.5126568679640258,0.7584877581426351,0.3235956680412086,15929205,0.7803766268512194,16.133882335405776,22.216135995757945,15836505,102.2871123704618,0.0,13447262,13.620048385426225,4.459691252144071,False,9000,-17.79890106268339,3,2,8.455970466717602,6.0556568891729095,1.8908625258548544,100.0,16.133882335405776,False,-1.8062397372742067,-2.6272577996716007,-2.6272577996716007,-2.463054187192104,69.5,90.9090909090909,33.33333333333333,v4,33.33333333333333,medium,20260828,0.8666666666666667,1.0,1.0,0.9333333333333333,0.6,0.6,0.6666666666666666,0.8666666666666667,0.4,1.0,0.5333333333333333,0.8,0.9333333333333333,0.8,0.6,0.5333333333333333,0.43333333333333335,1.0,0.2,0.6,0.4666666666666667,0.3333333333333333,0.7666666666666667,0.9333333333333333,0.7333333333333333,0.8666666666666667,0.4,0.4666666666666667,0.44,test,18.181818181818183,72.72727272727273,36.36363636363637
12,913,000912.SZ,泸天化,0.2237960339943342,27.129337539432186,1.4445345631603246,1.5893656568877508,0.8477636027365263,4.528546688070887,1568000000.0,3.99,4.36,3.93,4.36,112857060.0,474238107.0,3.96,10.1010101010101,10.0,4.36,True,False,True,70.41610218695568,78.33333333333333,True,CONTINUOUS_TRIGGER,142400000,142659999,93000000,1446900,219,51,308100,57,56,1002400,1.2820642324015885,21.29380053908356,0.2730002004305268,69.27914852443155,True,,0,0,0,0,0.0,110250773,78956680,5.035502551020408,6925500,101,3011500,2.731500122906168,9123.294076767046,11651.93,50.99382114989797,188.86595942232915,14.00860926390058,26.30900898397608,24.905883426323005,68.81252796295587,56.97249689120025,7.031299298469388,0.4416772959183673,0.1920599489795918,8037800,0.5126147959183673,7.1221064947110975,7.290470425998737,7855200,113.42430149447694,20.804580928641357,504956,0.4474296955812955,9.273182957393477,False,8000,-38.82630116361352,4,1,12.926686268376423,19.863660714285714,5.81810637755102,-18.4937445807011,7.1221064947110975,False,0.4587155963302614,-3.440366972477072,-0.4587155963302836,-7.568807339449545,52.16666666666667,54.54545454545454,26.666666666666668,v4,26.666666666666668,medium,20260828,1.0,0.8,0.7333333333333333,0.6,0.6666666666666666,0.8666666666666667,0.9333333333333333,0.4666666666666667,0.6,0.6666666666666666,0.7333333333333333,0.06666666666666667,0.4666666666666667,0.06666666666666667,0.3333333333333333,0.6,1.0,0.8,0.06666666666666667,0.16666666666666666,0.6666666666666666,0.9333333333333333,0.06666666666666667,0.3333333333333333,0.5333333333333333,0.6,0.6,0.3333333333333333,0.43999999999999995,test,45.45454545454545,54.54545454545454,27.27272727272727
13,1163,601086.SH,国芳集团,0.1734104046242774,31.661442006269592,1.2819063231697148,2.0674120345345304,1.5322436243659754,1.30708300231866,666000000.0,7.74,8.34,7.72,8.34,17997179.0,147100140.0,7.58,10.026385224274414,10.0,8.34,True,False,True,64.84420359976777,20.0,True,CONTINUOUS_TRIGGER,93600000,93859999,93000000,364100,224,67,114800,37,37,176700,2.023094841697135,31.52979950563032,0.6378777473958558,48.53062345509476,True,,0,0,0,0,0.0,5324912,7725712,1.1600168168168168,1587900,0,0,0.0,289.61233647798747,247.5899999999965,65.8866099571223,319.45323717300846,16.020922035894678,54.72424941685584,38.09467649418431,32.08511239246771,18.75742859478144,0.7995363363363364,0.2384234234234234,0.0,3509600,0.526966966966967,19.50083399181616,65.90907042219665,3480400,219.18256817179923,0.0,-7701971,-42.79543477341644,7.751937984496116,False,4700,-0.6391001611974855,7,5,13.366200827653833,6.047972372372373,0.559851051051051,100.0,19.50083399181616,False,33.09352517985611,51.67865707434054,96.04316546762593,92.56594724220622,48.333333333333336,81.81818181818183,20.0,v4,20.0,watch,20260828,0.4666666666666667,0.5333333333333333,0.23333333333333334,0.23333333333333334,0.9333333333333333,0.3333333333333333,0.3333333333333333,0.7333333333333333,0.8666666666666667,0.7333333333333333,1.0,0.8666666666666667,0.5333333333333333,0.8666666666666667,0.8666666666666667,0.9333333333333333,0.43333333333333335,0.13333333333333333,0.4666666666666667,1.0,0.7333333333333333,0.26666666666666666,0.7666666666666667,0.6,0.8,0.6666666666666666,1.0,1.0,1.0,test,81.81818181818183,45.45454545454545,54.54545454545454
14,1335,000565.SZ,渝三峡Ａ,0.2311212814645308,35.72854291417167,1.563573516866046,2.395527380542016,1.0224051909985248,2.23263176011319,433592220.0,6.04,6.62,5.99,6.62,23189945.0,146280396.0,6.02,9.966777408637872,10.0,6.62,True,False,True,58.165279659376814,30.66666666666667,True,CONTINUOUS_TRIGGER,143000000,143259999,93000000,140100,69,30,47000,14,13,41000,0.6041411482433443,33.547466095645966,0.2026740468767821,29.26481084939329,True,,0,0,0,0,0.0,12697620,9731150,2.2443091806398185,1984920,24,1081950,8.520888166443791,10808.308560758402,13151.62,49.98275267333563,269.65027478205,3.014738195031825,17.87941787941788,18.698779771327224,65.66899938728675,29.34547710225272,2.9284704416513745,0.4577849667136555,0.2495316913204761,3241870,0.7476771608125257,13.9796364329454,25.53132004265366,2340750,117.9266670697056,0.0,2003695,8.640361156527106,9.60264900662251,False,4300,-2.6433913491386027,8,2,25.403268629417664,10.724269914252613,3.887944299369578,9.279055845377576,13.9796364329454,False,-2.114803625377637,-4.380664652567978,7.703927492447127,0.302114803625364,69.33333333333334,45.45454545454545,13.333333333333334,v4,13.333333333333334,medium,20260828,0.7333333333333333,0.9333333333333333,0.8666666666666667,0.8666666666666667,0.3333333333333333,1.0,1.0,0.4,0.8,0.3333333333333333,0.4,0.5333333333333333,0.8,0.5333333333333333,0.6666666666666666,0.7333333333333333,0.43333333333333335,0.9333333333333333,0.3333333333333333,0.6,0.9333333333333333,0.6666666666666666,0.2,0.2,0.8666666666666667,0.3333333333333333,0.3333333333333333,0.13333333333333333,0.21333333333333332,test,36.36363636363637,36.36363636363637,18.181818181818183
15,415,603086.SH,先达股份,0.1358695652173913,20.8,1.1003749706748769,1.5709514558073,0.9717791116036688,3.296284977034722,434813143.0,5.77,6.33,5.7,6.33,22515945.0,136762547.0,5.75,10.086956521739122,10.0,6.33,True,False,True,79.9032320495452,57.66666666666666,True,CONTINUOUS_TRIGGER,133500000,133759999,93000000,421500,115,40,60600,21,20,311900,1.8720067045820197,14.377224199288255,0.2691426009434647,73.9976275207592,True,,0,0,0,0,0.0,9788651,6710175,1.5432318705232884,1929696,17,281100,2.871692943184919,7261.437448699304,8845.839999999997,70.48954958144897,182.08773811353907,11.556239976274563,21.67917093970961,25.825417618832255,54.46097730933507,32.35342775974981,2.2512316284790868,0.4437989124905546,0.0646484598097808,3223546,0.7413635148558515,14.316725325097392,32.93146318118809,1675696,86.83730494336932,0.0,-5315063,-23.605773597332917,9.705372616984407,False,5000,-2.290199234364802,9,3,13.926193402696732,12.615351187762968,0.8306637134011379,22.91905756074877,14.316725325097392,False,-0.4739336492891044,-2.843601895734593,-3.3175355450236976,-9.320695102685615,61.66666666666666,63.63636363636363,6.666666666666667,v4,6.666666666666667,watch,20260828,0.6666666666666666,0.8666666666666667,0.6666666666666666,0.7333333333333333,0.7333333333333333,0.8,0.8,0.8,0.5333333333333333,0.4666666666666667,0.6,0.6666666666666666,0.7333333333333333,0.6666666666666666,0.8,0.4666666666666667,0.43333333333333335,0.3333333333333333,0.4,0.9333333333333333,0.8666666666666667,0.7333333333333333,0.3333333333333333,0.5333333333333333,0.4666666666666667,0.5333333333333333,0.5333333333333333,0.4,0.45333333333333337,test,54.54545454545454,18.181818181818183,9.090909090909092
1,1334,002660.SZ,茂硕电源,0.3255813953488372,37.41379310344828,1.551124147905461,1.6351829649872387,1.0375545754328113,4.642811824398116,346352168.0,7.62,8.38,7.53,8.38,26294526.0,215427689.0,7.62,9.973753280839915,10.0,8.38,True,False,True,56.571151984511125,65.0,True,CONTINUOUS_TRIGGER,101300000,101559999,93000000,121500,83,35,60900,23,23,10600,0.4620733608204231,50.123456790123456,0.2316071413494961,8.724279835390947,True,,0,0,0,0,0.0,3800600,31595726,9.122427667321546,702400,11,244900,6.443719412724307,1794.3329228410837,1883.16,41.94600852496974,310.1670777584594,7.206756827869283,11.34087237479806,23.96200599905278,57.556701573435774,7.881868644447137,1.0973224224194835,0.2027993657599971,0.0707083779536209,1799900,0.5196733747599929,6.845150964120821,47.35831184549808,1094400,155.80865603644648,0.0,-8773274,-33.36540084426698,9.973753280839915,False,4700,9.751276748628213,5,1,5.448303001614016,21.455878399467675,7.465703520585441,100.0,6.845150964120821,False,-4.295942720763735,-5.131264916467792,-9.54653937947495,-2.863961813842486,51.810344827586206,16.666666666666664,100.0,v4,100.0,medium,20260831,0.7586206896551724,0.7586206896551724,0.7931034482758621,0.896551724137931,0.7931034482758621,0.7586206896551724,0.7586206896551724,0.6206896551724138,0.7931034482758621,0.7241379310344828,0.6896551724137931,0.1724137931034483,0.3793103448275862,0.1724137931034483,0.7931034482758621,0.9310344827586207,0.43103448275862066,0.3103448275862069,0.3793103448275862,0.4482758620689655,0.1724137931034483,0.9310344827586207,0.8103448275862069,0.034482758620689655,0.7931034482758621,0.06896551724137931,0.3793103448275862,0.20689655172413793,0.27586206896551724,test,91.66666666666666,50.0,100.0
2,700,002375.SZ,亚厦股份,0.2941176470588235,24.6875,1.1133192481712584,0.9829347284793364,0.9064872798566646,2.279408743513524,1330996461.0000002,3.91,4.07,3.86,4.07,29821109.0,120519238.0,3.7,10.000000000000009,10.0,4.07,True,False,True,74.3136495643756,41.37931034482759,False,NONE,0,0,93000000,2774800,183,47,1361100,60,59,780000,9.304818274866976,49.05218394118495,4.5642165755807405,28.110134063716306,False,launch_not_detected,0,0,0,0,0.0,0,31178109,2.3424637039662266,0,0,0,0.0,0.0,0.0,0.0,0.0,0.0,0.0,0.0,0.0,0.0,0.0,0.0,0.0,9869400,0.7415046011906712,33.095348667281286,0.0,0,0.0,0.0,-3174091,-10.643772503564506,4.092071611253201,False,12500,20.29575090584324,3,1,0.643123848317331,7.6652645585058385,1.9564897250316575,100.0,33.095348667281286,False,-5.896805896805901,-5.159705159705174,-5.896805896805901,-4.422604422604426,54.741379310344826,,96.55172413793105,v4,96.55172413793105,invalid,20260831,0.3103448275862069,0.3103448275862069,0.3793103448275862,0.3793103448275862,0.3103448275862069,0.3103448275862069,0.3103448275862069,0.3103448275862069,0.3103448275862069,0.3103448275862069,0.3275862068965517,1.0,0.5862068965517241,1.0,0.3103448275862069,0.3103448275862069,0.43103448275862066,0.6551724137931034,0.896551724137931,0.4482758620689655,0.10344827586206896,0.41379310344827586,0.8103448275862069,0.5172413793103449,0.7586206896551724,0.7931034482758621,0.1724137931034483,0.1724137931034483,0.1724137931034483,excluded,,,
3,1311,600159.SH,大龙地产,0.3253012048192771,31.753554502369678,1.9694192336696936,1.90201527432124,0.7703220860018298,6.370750301284367,830003232.0,2.7,2.92,2.66,2.7,100573686.0,282313298.0,2.65,1.8867924528301885,10.0,2.92,True,False,True,57.86253630203292,60.517241379310335,False,NONE,0,0,93000000,10711900,245,41,681600,115,115,9991000,10.650797863767268,6.36301683174787,0.6777120607869538,93.27010147592864,False,launch_not_detected,0,0,0,0,0.0,0,71014365,8.55591427383743,0,0,0,0.0,0.0,0.0,0.0,0.0,0.0,0.0,0.0,0.0,0.0,0.0,0.0,0.0,9527100,1.1478389038369432,9.472756124300744,0.0,0,0.0,8.819935912918774,-24282648,-24.14413646925499,0.0,False,8900,16.375455305476226,0,0,24.181345897918163,10.96629657461382,5.081989247000908,45.57109557109557,9.472756124300744,False,0.7407407407407307,3.333333333333321,0.3703703703703542,4.444444444444429,49.91379310344828,,93.10344827586206,v4,93.10344827586206,invalid,20260831,0.3103448275862069,0.3103448275862069,0.3793103448275862,0.3793103448275862,0.3103448275862069,0.3103448275862069,0.3103448275862069,0.3103448275862069,0.3103448275862069,0.3103448275862069,0.3275862068965517,0.41379310344827586,0.7931034482758621,0.41379310344827586,0.3103448275862069,0.3103448275862069,0.9310344827586207,0.4827586206896552,0.7931034482758621,0.1206896551724138,0.7931034482758621,0.5862068965517241,0.4482758620689655,0.6206896551724138,0.10344827586206896,0.27586206896551724,0.7586206896551724,0.7586206896551724,0.7586206896551724,excluded,,,
4,768,000965.SZ,天保基建,0.2083333333333333,21.45328719723183,1.5295736775112283,1.3616985901261955,0.927215853487082,8.903033790458542,1109830895.0,3.62,3.62,3.37,3.62,134547558.0,480043388.0,3.29,10.030395136778123,10.0,3.62,True,False,True,73.07260406582769,88.44827586206897,False,NONE,0,0,93000000,140615100,1224,55,23262610,538,534,117187790,104.50958909265378,16.543465104387796,17.289507402282247,83.3394066497837,False,launch_not_detected,0,0,0,0,0.0,0,119998095,10.81228640693049,0,0,0,0.0,0.0,0.0,0.0,0.0,0.0,0.0,0.0,0.0,0.0,0.0,0.0,0.0,5290555,0.4766992001966209,3.932107783033862,0.0,0,0.0,59.3068881844682,-72032626,-53.53692558284856,0.0,False,12000,9.507099341037463,2,1,7.903662240904966,23.085913462518988,11.356180618850043,100.0,3.932107783033862,False,-7.734806629834257,-8.011049723756901,-10.773480662983426,-5.8011049723756924,35.77586206896552,,89.65517241379311,v4,89.65517241379311,invalid,20260831,0.3103448275862069,0.3103448275862069,0.3793103448275862,0.3793103448275862,0.3103448275862069,0.3103448275862069,0.3103448275862069,0.3103448275862069,0.3103448275862069,0.3103448275862069,0.3275862068965517,0.10344827586206896,0.2413793103448276,0.10344827586206896,0.3103448275862069,0.3103448275862069,0.9655172413793104,0.10344827586206896,0.3448275862068966,0.4482758620689655,0.20689655172413793,0.9655172413793104,0.8103448275862069,0.8620689655172413,0.20689655172413793,0.896551724137931,0.10344827586206896,0.034482758620689655,0.06206896551724138,excluded,,,
5,466,601599.SH,浙文影业,0.1384083044982698,17.09090909090909,1.3266498679834506,1.575140560584038,0.9941120038093484,4.715261230897742,1160542453.0,3.13,3.47,3.13,3.34,86195800.0,285028322.0,3.15,6.0317460317460325,10.0,3.47,True,False,True,78.95643756050337,62.06896551724138,True,CONTINUOUS_TRIGGER,104400000,104659999,93000000,1162500,180,33,84500,20,19,924900,1.348673601265955,7.268817204301076,0.0980326187586866,79.56129032258065,True,,0,0,0,0,0.0,21055800,52981000,4.5651927564600685,6689900,91,3180400,15.104626753673571,2955.605243614509,3347.790000000001,73.57355218039685,267.9081954890593,9.084907721387932,34.14625639165405,34.7623932598144,33.46536346279885,16.277243206745574,1.8143067447098375,0.5764459527272459,0.2740442619551462,11159400,0.961567581707414,12.946570482552511,52.99917362436953,7658000,114.4710683268808,3.344479475331594,11566200,13.418519231795518,6.709265175718859,False,10000,10.266857549903824,0,0,14.599569071789208,7.37703302267737,2.9787622081929994,14.76055988511467,12.946570482552511,False,-2.395209580838331,-0.5988023952095856,-2.9940119760478945,-2.095808383233533,61.81034482758619,8.333333333333332,86.20689655172413,v4,86.20689655172413,medium,20260831,0.8275862068965517,0.9310344827586207,0.9310344827586207,0.9655172413793104,0.9310344827586207,0.896551724137931,0.896551724137931,0.9310344827586207,0.7586206896551724,0.7931034482758621,0.9310344827586207,0.5517241379310345,0.7241379310344828,0.5517241379310345,0.8275862068965517,0.8275862068965517,0.8620689655172413,0.9655172413793104,0.41379310344827586,0.1206896551724138,0.4827586206896552,0.3793103448275862,0.20689655172413793,0.10344827586206896,0.13793103448275862,0.034482758620689655,0.5172413793103449,0.5172413793103449,0.5172413793103449,test,8.333333333333332,100.0,91.66666666666666
6,1392,002285.SZ,世联行,0.2429378531073447,39.47368421052633,2.007326841571527,2.390572942918248,1.0660073912625845,4.612234585616197,1979009381.0,2.56,2.56,2.39,2.41,218203263.0,542674812.0,2.33,3.433476394849788,10.0,2.56,True,False,True,50.675701839303,48.79310344827586,False,NONE,0,0,93000000,258732000,5188,47,37601740,1121,1118,218761160,118.57384552494064,14.53308442712923,17.23243707863342,84.55125767203128,False,launch_not_detected,0,0,0,0,0.0,0,228481876,11.545264928686056,0,0,0,0.0,0.0,0.0,0.0,0.0,0.0,0.0,0.0,0.0,0.0,0.0,0.0,0.0,14221568,0.7186205450331818,6.517578062065919,0.0,0,0.0,0.0,-54073961,-24.781463052640053,-5.859375,False,10000,15.528832857096184,0,0,15.502523266507223,25.433583328729053,11.9540827482313,42.74162131196829,6.517578062065919,False,-5.809128630705396,-2.0746887966805128,-6.639004149377604,31.950207468879665,43.53448275862068,,82.75862068965517,v4,82.75862068965517,invalid,20260831,0.3103448275862069,0.3103448275862069,0.3793103448275862,0.3793103448275862,0.3103448275862069,0.3103448275862069,0.3103448275862069,0.3103448275862069,0.3103448275862069,0.3103448275862069,0.3275862068965517,0.13793103448275862,0.5172413793103449,0.13793103448275862,0.3103448275862069,0.3103448275862069,0.43103448275862066,0.41379310344827586,0.6206896551724138,0.1206896551724138,0.5862068965517241,1.0,0.3793103448275862,0.896551724137931,0.1724137931034483,0.8620689655172413,0.20689655172413793,0.3103448275862069,0.2689655172413793,excluded,,,
7,1184,002103.SZ,广博股份,0.1976047904191616,25.35460992907803,1.5594328844725975,2.2929606109708187,1.331081035302648,2.5856188852145787,388135588.0,6.64,7.29,6.6,6.9,23011481.0,159772462.0,6.63,4.072398190045257,10.0,7.29,True,False,True,63.01452081316554,27.93103448275862,True,CONTINUOUS_TRIGGER,103000000,103259999,93000000,2373800,113,38,68800,22,22,2271800,10.315720226785926,2.898306512764344,0.2989811911714852,95.70309208863424,True,,0,0,0,0,0.0,5178736,30069336,7.7471216063804995,1576400,35,477400,9.21846566420841,2598.9902498512797,2802.829999999998,58.54324298438846,381.02275392137375,11.433291830284457,20.905815109343937,29.28900025025412,40.27113952130404,18.774384838594266,1.3342595113952809,0.4061467303534146,0.1229982549294088,4950400,1.2754305848398524,21.512739662431983,95.59089322182092,1637800,103.89495052017254,0.0,535909,2.328876615981388,3.915662650602414,False,4000,15.859648494592763,1,1,12.094339578988246,12.527812832251806,5.878649550682273,13.37122345198923,21.512739662431983,False,-1.7391304347826098,-0.4347826086956607,-5.65217391304349,-4.34782608695653,68.10344827586206,58.333333333333336,79.3103448275862,v4,79.3103448275862,medium,20260831,0.7931034482758621,0.7931034482758621,0.8620689655172413,0.9310344827586207,0.8620689655172413,0.8620689655172413,0.8620689655172413,0.6896551724137931,0.8275862068965517,0.8275862068965517,0.7931034482758621,0.8620689655172413,0.896551724137931,0.8620689655172413,0.896551724137931,0.7586206896551724,0.43103448275862066,0.7931034482758621,0.6896551724137931,0.4482758620689655,0.4482758620689655,0.7586206896551724,0.1724137931034483,0.5862068965517241,0.06896551724137931,0.13793103448275862,0.6206896551724138,0.5517241379310345,0.5793103448275863,test,50.0,75.0,66.66666666666666
8,1390,000912.SZ,泸天化,0.3371104815864023,37.53943217665616,1.935734652698364,1.90227287308673,1.0146675167461885,6.909457547689582,1568000000.0,4.27,4.8,4.21,4.64,206092803.0,936440902.0,4.36,6.422018348623837,10.0,4.8,True,False,True,51.192642787996135,68.10344827586206,False,NONE,0,0,93000000,5230600,1374,83,3149000,984,984,1935900,2.5379828523172643,60.20341834588766,1.5279524341274549,37.01105035751157,False,launch_not_detected,0,0,0,0,0.0,0,237324310,15.135478954081632,0,0,0,0.0,0.0,0.0,0.0,0.0,0.0,0.0,0.0,0.0,0.0,0.0,0.0,0.0,17078236,1.0891732142857142,8.28667267920074,0.0,0,0.0,0.0,7398221,3.5897522340942687,8.665105386416872,False,6500,23.391249620686654,1,1,11.687988553205743,13.776664540816329,13.42363112244898,1.3945943460971388,8.28667267920074,False,-9.69827586206895,-7.327586206896552,-9.69827586206895,-9.913793103448276,52.06896551724138,,75.86206896551724,v4,75.86206896551724,invalid,20260831,0.3103448275862069,0.3103448275862069,0.3793103448275862,0.3793103448275862,0.3103448275862069,0.3103448275862069,0.3103448275862069,0.3103448275862069,0.3103448275862069,0.3103448275862069,0.3275862068965517,0.3103448275862069,0.7586206896551724,0.3103448275862069,0.3103448275862069,0.3103448275862069,0.43103448275862066,0.8275862068965517,0.9655172413793104,0.4482758620689655,0.41379310344827586,0.8275862068965517,0.06896551724137931,0.3103448275862069,0.9655172413793104,0.3793103448275862,0.06896551724137931,0.10344827586206896,0.0896551724137931,excluded,,,
9,1151,603086.SH,先达股份,0.2409420289855073,26.6,1.5954977045109109,1.7380269597784392,1.0751307996648205,9.527653650067258,434813143.0,6.94,6.96,6.35,6.4,72002095.0,481116246.0,6.33,1.105845181674581,10.0,6.96,True,False,True,64.081316553727,66.72413793103448,False,NONE,0,0,93000000,13139700,1498,99,3236000,650,649,9643100,18.24905233660215,24.627655121502013,4.494313672400782,73.38904236778617,False,launch_not_detected,0,0,0,0,0.0,0,47968003,11.031865934190495,0,0,0,0.0,0.0,0.0,0.0,0.0,0.0,0.0,0.0,0.0,0.0,0.0,0.0,0.0,5102947,1.1735953896867373,7.087220170468651,0.0,0,0.0,0.0,-15788783,-21.928227227277205,-7.78097982708934,False,5000,15.921657557325242,1,1,22.383790261215974,11.27073911838953,5.998113769067923,46.66666666666666,7.087220170468651,False,-4.843750000000002,-2.187500000000009,-6.562499999999993,-7.187500000000002,49.82758620689656,,72.41379310344827,v4,72.41379310344827,invalid,20260831,0.3103448275862069,0.3103448275862069,0.3793103448275862,0.3793103448275862,0.3103448275862069,0.3103448275862069,0.3103448275862069,0.3103448275862069,0.3103448275862069,0.3103448275862069,0.3275862068965517,0.2413793103448276,0.8275862068965517,0.2413793103448276,0.3103448275862069,0.3103448275862069,0.43103448275862066,0.5517241379310345,0.7241379310344828,0.4482758620689655,0.7586206896551724,0.6896551724137931,0.4827586206896552,0.7241379310344828,0.4482758620689655,0.7586206896551724,0.27586206896551724,0.27586206896551724,0.27586206896551724,excluded,,,
10,962,601595.SH,上海电影,0.052093023255814,26.70527670527672,1.9098483454190995,1.512439245872374,1.2764047531288734,2.5220893513345013,448200000.0,17.16,18.33,16.8,18.33,17096620.0,302904735.0,16.66,10.024009603841533,10.0,18.33,True,False,True,69.2565343659245,44.13793103448276,True,CONTINUOUS_TRIGGER,103300000,103559999,93000000,327000,177,68,138100,71,70,165700,1.9126587594506983,42.23241590214067,0.8077620020799432,50.67278287461774,True,,0,0,0,0,0.0,13780551,14365551,3.205165327978581,2089900,28,517400,3.7545668529509455,2183.340466913185,2037.2799999999988,65.6469832011797,228.2675308237656,16.86518920760135,35.51617612112571,37.26288593250008,47.57153759671874,64.5332878662566,3.0746432396251677,0.4662873717090584,0.1154395359214636,2635300,0.5879741186970102,15.414157886178671,19.12332823266646,2606700,124.7284559069812,0.0,1008420,5.89835885689686,6.818181818181812,False,2000,6.833514460753061,17,3,19.88040924404222,5.305399375278894,0.99609906291834,100.0,15.414157886178671,False,-1.800327332242213,12.547735951991278,27.44135297326789,31.478450627386813,66.20689655172413,66.66666666666666,68.96551724137932,v4,68.96551724137932,watch,20260831,0.896551724137931,0.8620689655172413,0.8275862068965517,0.7586206896551724,1.0,0.7931034482758621,0.7931034482758621,0.7931034482758621,0.6896551724137931,0.9310344827586207,0.9655172413793104,0.6551724137931034,0.4482758620689655,0.6551724137931034,0.6551724137931034,0.896551724137931,0.43103448275862066,0.896551724137931,0.3103448275862069,0.8793103448275862,0.6551724137931034,0.27586206896551724,0.8103448275862069,0.27586206896551724,0.6551724137931034,0.3448275862068966,0.5862068965517241,0.896551724137931,0.7724137931034483,test,25.0,83.33333333333334,75.0
11,949,002133.SZ,广宇集团,0.2887700534759357,25.877192982456165,1.3376060483480123,1.5957631018894267,0.8020332425886393,2.5366371461396247,769870201.0,3.1,3.1,3.1,3.1,31163360.0,96606416.0,2.82,9.929078014184412,10.0,3.1,True,False,True,69.75605033881898,36.89655172413793,False,NONE,0,0,93000000,39970400,380,32,12241200,167,167,27648500,128.26088072659687,30.62566299061305,39.28074508011973,69.17243760382684,False,launch_not_detected,0,0,0,0,0.0,0,25116560,3.2624408591702334,0,0,0,0.0,0.0,0.0,0.0,0.0,0.0,0.0,0.0,0.0,0.0,0.0,0.0,0.0,887900,0.1153311296951991,2.849179292605162,0.0,0,0.0,71.09682652961683,-29387560,-94.30164141478969,0.0,False,32800,0.8394473509916773,0,0,100.0,9.867650404097144,2.877908506033993,100.0,2.849179292605162,False,-9.999999999999998,-7.741935483870977,-9.677419354838722,-5.8064516129032295,36.55172413793103,,65.51724137931035,v4,65.51724137931035,invalid,20260831,0.3103448275862069,0.3103448275862069,0.3793103448275862,0.3793103448275862,0.3103448275862069,0.3103448275862069,0.3103448275862069,0.3103448275862069,0.3103448275862069,0.3103448275862069,0.3275862068965517,0.034482758620689655,0.034482758620689655,0.034482758620689655,0.3103448275862069,0.3103448275862069,1.0,0.034482758620689655,0.20689655172413793,0.1206896551724138,1.0,0.5517241379310345,0.8103448275862069,0.9655172413793104,0.5517241379310345,0.9655172413793104,0.034482758620689655,0.06896551724137931,0.05517241379310345,excluded,,,
12,1008,000514.SZ,渝 开 发,0.1858407079646017,28.248587570621478,1.803976700166018,1.1976854524734637,0.9905421112781064,5.904119706596721,843770965.0,4.59,4.59,4.17,4.36,59665393.0,261051115.0,4.17,4.556354916067162,10.0,4.59,True,False,True,68.13455953533398,70.17241379310344,False,NONE,0,0,93000000,55533200,755,63,1378900,333,332,54080600,93.07438903486312,2.483019166912766,2.311054919222605,97.38426742921352,False,launch_not_detected,0,0,0,0,0.0,0,68193592,8.08200267948305,0,0,0,0.0,0.0,0.0,0.0,0.0,0.0,0.0,0.0,0.0,0.0,0.0,0.0,0.0,4122841,0.488620866445671,6.90993688753546,0.0,0,0.0,0.0,-14513705,-24.325164505327237,-5.010893246187353,False,5000,14.166951016311918,1,1,22.251858603079803,12.77939209486783,7.833332473107794,66.78890402583272,6.90993688753546,False,-4.587155963302758,-1.6055045871559703,-4.587155963302758,0.917431192660545,46.37931034482759,,62.06896551724138,v4,62.06896551724138,invalid,20260831,0.3103448275862069,0.3103448275862069,0.3793103448275862,0.3793103448275862,0.3103448275862069,0.3103448275862069,0.3103448275862069,0.3103448275862069,0.3103448275862069,0.3103448275862069,0.3275862068965517,0.20689655172413793,0.3103448275862069,0.20689655172413793,0.3103448275862069,0.3103448275862069,0.43103448275862066,0.4482758620689655,0.5517241379310345,0.4482758620689655,0.7241379310344828,0.7931034482758621,0.5517241379310345,0.8275862068965517,0.034482758620689655,0.4827586206896552,0.3103448275862069,0.3448275862068966,0.3310344827586207,excluded,,,
13,1291,601882.SH,海天精工,0.3025099075297229,24.61712989222915,1.8289241721138043,1.575105708812256,1.3521593669789531,1.2592710739185564,522000000.0,20.85,21.91,20.85,21.91,10353792.0,223856257.0,19.92,9.989959839357422,10.0,21.91,True,False,True,59.09390125847048,27.75862068965517,False,NONE,0,0,93000000,1164700,329,116,237100,90,90,859600,11.249018717007257,20.35717352107839,2.289982259639753,73.80441315360179,False,launch_not_detected,0,0,0,0,0.0,0,4396061,0.8421572796934865,0,0,0,0.0,0.0,0.0,0.0,0.0,0.0,0.0,0.0,0.0,0.0,0.0,0.0,0.0,2667947,0.5111009578544061,25.767824966929997,0.0,0,0.0,0.0,-3020898,-29.17673061232059,5.083932853717021,False,3600,16.710138662240848,10,2,11.488864414801393,2.7136398467432947,0.3364176245210728,100.0,25.767824966929997,False,2.7841168416248285,6.57234139662255,-0.9584664536741228,7.348242811501593,52.93103448275861,,58.620689655172406,v4,58.620689655172406,invalid,20260831,0.3103448275862069,0.3103448275862069,0.3793103448275862,0.3793103448275862,0.3103448275862069,0.3103448275862069,0.3103448275862069,0.3103448275862069,0.3103448275862069,0.3103448275862069,0.3275862068965517,0.9655172413793104,0.3448275862068966,0.9655172413793104,0.3103448275862069,0.3103448275862069,0.43103448275862066,0.3448275862068966,0.8275862068965517,0.7413793103448276,0.3793103448275862,0.10344827586206896,0.8103448275862069,0.6551724137931034,0.27586206896551724,0.4482758620689655,0.8275862068965517,0.8275862068965517,0.8275862068965517,excluded,,,
14,126,601330.SH,绿色动力,0.1323529411764705,30.83832335329342,0.6545192226705288,0.7707340276929766,0.3563104826468773,3.645051078226064,989095236.0,7.48,7.81,7.48,7.81,27787290.0,214854259.0,7.1,10.000000000000009,10.0,7.81,True,False,True,86.7647628267183,62.58620689655173,False,NONE,0,0,93000000,2058700,304,81,590000,55,54,1371900,7.408782936371269,28.65886238888619,2.123272906425924,66.63914120561519,False,launch_not_detected,0,0,0,0,0.0,0,12187666,1.2322034882392257,0,0,0,0.0,0.0,0.0,0.0,0.0,0.0,0.0,0.0,0.0,0.0,0.0,0.0,0.0,5651566,0.5713874452429372,20.33867282487785,0.0,0,0.0,0.0,-6427158,-23.129848214777333,4.411764705882337,False,7500,15.639042166400538,4,2,9.211897850872823,5.823999338320542,0.6743601381576162,100.0,20.33867282487785,False,1.1523687580025754,2.5608194622279257,6.274007682458405,7.29833546734957,50.34482758620689,,55.172413793103445,v4,55.172413793103445,invalid,20260831,0.3103448275862069,0.3103448275862069,0.3793103448275862,0.3793103448275862,0.3103448275862069,0.3103448275862069,0.3103448275862069,0.3103448275862069,0.3103448275862069,0.3103448275862069,0.3275862068965517,0.7931034482758621,0.41379310344827586,0.7931034482758621,0.3103448275862069,0.3103448275862069,0.43103448275862066,0.5172413793103449,0.6551724137931034,0.7413793103448276,0.27586206896551724,0.3103448275862069,0.8103448275862069,0.4482758620689655,0.4827586206896552,0.41379310344827586,0.7931034482758621,0.6896551724137931,0.7310344827586207,excluded,,,
15,1162,605577.SH,龙版传媒,0.1456953642384105,27.8362573099415,2.01495644374269,1.3567421120540677,1.8720500526381316,2.1547641002457234,444444445.0,9.58,10.62,9.56,10.62,12993152.0,133946298.0,9.65,10.05181347150257,10.0,10.62,True,False,True,63.87221684414327,40.172413793103445,True,CONTINUOUS_TRIGGER,104000000,104259999,93000000,220400,98,43,50000,21,20,136900,1.6962781625274606,22.686025408348456,0.384818094947246,62.11433756805808,True,,0,0,0,0,0.0,4600100,5331526,1.1995933485005084,899700,7,276500,6.0107388969805005,2528.731518810961,2435.5999999999985,67.78983065585531,220.68758110268547,3.056455294450121,33.696381561967684,31.162366035520968,49.279363492098,38.581092563221,1.0350224987062218,0.2024324997469593,0.0622124999222343,1471926,0.3311833495860208,11.328475184466402,31.997695702267343,1440426,160.10070023341115,0.0,-5630100,-43.3312871272498,10.855949895615868,False,5000,-3.5918920982375946,18,5,9.6009010671176,11.051009986186235,0.2132099997334875,100.0,11.328475184466402,False,33.14500941619587,61.11111111111112,41.24293785310735,,51.12068965517241,41.66666666666667,51.72413793103448,v4,51.72413793103448,medium,20260831,0.7241379310344828,0.7241379310344828,0.7586206896551724,0.8275862068965517,0.896551724137931,0.8275862068965517,0.8275862068965517,0.896551724137931,0.6551724137931034,0.6896551724137931,0.896551724137931,0.4482758620689655,0.1724137931034483,0.4482758620689655,0.7241379310344828,0.9655172413793104,0.43103448275862066,0.20689655172413793,0.1724137931034483,1.0,0.3103448275862069,0.6206896551724138,0.8103448275862069,0.20689655172413793,0.41379310344827586,0.1724137931034483,0.9655172413793104,1.0,0.9862068965517241,test,75.0,58.333333333333336,83.33333333333334
16,1325,600622.SH,光大嘉宝,0.2945205479452056,37.36842105263158,1.7636133895477168,1.4253635443468784,1.018956887135584,4.151176865946989,1499685402.0,2.49,2.56,2.31,2.32,88735428.0,216099503.0,2.33,-0.4291845493562318,10.0,2.56,True,False,True,56.93320425943853,42.75862068965517,False,NONE,0,0,93000000,14412600,405,42,2941800,197,197,10802100,16.242216130405097,20.41130677324008,3.315248561149668,74.94900295574706,False,launch_not_detected,0,0,0,0,0.0,0,76568566,5.105641883150104,0,0,0,0.0,0.0,0.0,0.0,0.0,0.0,0.0,0.0,0.0,0.0,0.0,0.0,0.0,11489000,0.7660940077617693,12.947477979144924,0.0,0,0.0,0.0,-11883498,-13.392055763792564,-6.8273092369478094,False,8000,20.729094809797957,0,0,24.55860043666139,2.337568462908863,2.6779199788463366,20.184683967521096,12.947477979144924,False,3.4482758620689724,6.465517241379337,2.586206896551735,7.327586206896575,51.810344827586206,,48.27586206896552,v4,48.27586206896552,invalid,20260831,0.3103448275862069,0.3103448275862069,0.3793103448275862,0.3793103448275862,0.3103448275862069,0.3103448275862069,0.3103448275862069,0.3103448275862069,0.3103448275862069,0.3103448275862069,0.3275862068965517,0.5862068965517241,0.6206896551724138,0.5862068965517241,0.3103448275862069,0.3103448275862069,0.43103448275862066,0.6206896551724138,0.9310344827586207,0.1206896551724138,0.8275862068965517,0.06896551724137931,0.2413793103448276,0.6896551724137931,0.3448275862068966,0.5862068965517241,0.8620689655172413,0.7931034482758621,0.8206896551724139,excluded,,,
17,1359,601086.SH,国芳集团,0.2832369942196531,31.661442006269592,1.7208036118491037,1.9390044069069028,1.402406053324418,1.9630983265161075,666000000.0,9.17,9.17,9.12,9.17,25350999.0,232455626.0,8.34,9.95203836930456,10.0,9.17,True,False,True,55.34946757018393,22.241379310344826,False,NONE,0,0,93000000,30709600,5847,125,14930420,2695,2694,15661680,121.13763248541014,48.6180868523198,58.89479937260066,50.99929663688228,False,launch_not_detected,0,0,0,0,0.0,0,3222720,0.4838918918918918,0,0,0,0.0,0.0,0.0,0.0,0.0,0.0,0.0,0.0,0.0,0.0,0.0,0.0,0.0,856600,0.1286186186186186,3.3789595431722432,0.0,0,0.0,3.676260325850661,-23637799,-93.24208091365551,0.0,False,7000,1.4839651881174387,1,1,0.0391926333852894,9.308528528528528,0.1412462462462462,100.0,3.3789595431722432,False,33.15158124318431,51.79934569247546,96.18320610687022,92.69356597600876,29.568965517241374,,44.82758620689656,v4,44.82758620689656,invalid,20260831,0.3103448275862069,0.3103448275862069,0.3793103448275862,0.3793103448275862,0.3103448275862069,0.3103448275862069,0.3103448275862069,0.3103448275862069,0.3103448275862069,0.3103448275862069,0.3275862068965517,0.06896551724137931,0.06896551724137931,0.06896551724137931,0.3103448275862069,0.3103448275862069,0.896551724137931,0.06896551724137931,0.2413793103448276,0.4482758620689655,0.034482758620689655,0.5172413793103449,0.8103448275862069,0.9310344827586207,0.7241379310344828,1.0,1.0,0.9655172413793104,0.9793103448275863,excluded,,,
18,576,300413.SZ,芒果超媒,0.0154756486117432,23.09920347574221,1.4522297585467598,1.663742032766136,1.0989763008417792,3.8551890107002778,1021699958.0,15.5,16.98,15.4,16.98,65532244.0,1086735444.0,14.15,20.0,20.0,16.98,True,False,True,76.6969990319458,60.689655172413794,False,NONE,0,0,93000000,6297500,1606,271,2551640,617,616,3493360,9.609773167541768,40.51830091306074,3.8937168090871417,55.47217149662564,False,launch_not_detected,0,0,0,0,0.0,0,60542532,5.925666486128994,0,0,0,0.0,0.0,0.0,0.0,0.0,0.0,0.0,0.0,0.0,0.0,0.0,0.0,0.0,12039481,1.1783773607632857,18.37184302738053,0.0,0,0.0,0.0,-25197862,-38.45108981770867,9.548387096774192,False,6000,13.536223481069868,25,4,8.15614609774621,20.87079463303648,5.628178855225126,100.0,18.37184302738053,False,18.669022379269727,30.153121319199077,1.8256772673733712,12.014134275618373,48.5344827586207,,41.37931034482759,v4,41.37931034482759,invalid,20260831,0.3103448275862069,0.3103448275862069,0.3793103448275862,0.3793103448275862,0.3103448275862069,0.3103448275862069,0.3103448275862069,0.3103448275862069,0.3103448275862069,0.3103448275862069,0.3275862068965517,0.7241379310344828,0.8620689655172413,0.7241379310344828,0.3103448275862069,0.3103448275862069,0.43103448275862066,0.2413793103448276,0.5172413793103449,0.9655172413793104,0.2413793103448276,0.896551724137931,0.8103448275862069,0.5517241379310345,0.6206896551724138,0.6551724137931034,0.9310344827586207,0.9310344827586207,0.9310344827586208,excluded,,,
19,308,600606.SH,绿地控股,0.1149425287356323,20.833333333333325,1.4699784207769615,0.7435901891882291,1.0067279422724271,2.4047256662702825,14054218314.0,1.39,1.43,1.31,1.32,251307752.0,342049952.0,1.3,1.538461538461533,10.0,1.43,True,False,True,81.51210067763795,27.241379310344826,False,NONE,0,0,93000000,76718200,1779,27,22945784,443,442,50285816,30.52758993284059,29.90917930816937,9.130551611475957,65.54613637963351,False,launch_not_detected,0,0,0,0,0.0,0,286757699,2.04036747254985,0,0,0,0.0,0.0,0.0,0.0,0.0,0.0,0.0,0.0,0.0,0.0,0.0,0.0,0.0,39052562,0.2778707511686943,15.53973631501825,0.0,0,0.0,0.0,14487026,5.764655441269476,-5.035971223021574,True,25400,26.027785645068363,1,1,37.585891025433305,1.1809819179673802,1.26828614738708,-1.220971127283617,15.53973631501825,False,-0.7575757575757569,0.0,-2.2727272727272707,21.21212121212121,57.75862068965516,,37.93103448275862,v4,37.93103448275862,invalid,20260831,0.3103448275862069,0.3103448275862069,0.3793103448275862,0.3793103448275862,0.3103448275862069,0.3103448275862069,0.3103448275862069,0.3103448275862069,0.3103448275862069,0.3103448275862069,0.3275862068965517,0.6896551724137931,0.13793103448275862,0.6896551724137931,0.3103448275862069,0.3103448275862069,0.43103448275862066,0.8620689655172413,1.0,0.4482758620689655,0.9310344827586207,0.034482758620689655,0.034482758620689655,0.7931034482758621,0.5172413793103449,0.8275862068965517,0.6896551724137931,0.6206896551724138,0.6482758620689656,excluded,,,
20,677,000797.SZ,中国武夷,0.144927536231884,22.274881516587698,1.581382533491907,1.4563574067606024,0.9354565457348758,4.322931924717111,1570574028.9999998,2.72,2.76,2.5,2.52,98879162.0,258974066.0,2.51,0.3984063745019917,10.0,2.76,True,False,True,74.66021297192643,47.241379310344826,True,AUCTION_TRIGGER,92500000,92500000,92500000,6041200,428,46,3723400,162,162,1974300,6.109679610755601,61.63345030788585,3.765606346866087,32.6805932596173,True,,0,0,0,0,0.0,6642854,130919076,8.335746904165827,3042084,0,0,0.0,338.4101636661211,328.6299999999974,94.1802123003155,684.4253963323708,0.1204301645045939,5.650237226337087,5.518712288423018,48.68645314197783,0.7236105014724943,0.4229570766702141,0.1936924935615372,0.0,12581324,0.8010653281979108,12.723938740500248,189.3963648756995,2071470,68.09378044787718,0.0,-9698770,-9.80870974614449,-7.352941176470596,False,7200,16.043516833202933,1,1,29.56895513537686,6.621241538433717,7.484984459780597,29.186182379148637,12.723938740500248,False,0.0,3.174603174603185,0.3968253968253954,7.936507936507953,58.44827586206897,83.33333333333334,34.48275862068966,v4,34.48275862068966,watch,20260831,0.6551724137931034,0.6896551724137931,0.3793103448275862,0.3793103448275862,0.6551724137931034,0.6551724137931034,0.6551724137931034,0.9655172413793104,1.0,0.6206896551724138,0.6551724137931034,0.4827586206896552,0.6551724137931034,0.4827586206896552,0.9655172413793104,0.7241379310344828,0.43103448275862066,0.6896551724137931,0.7586206896551724,0.4482758620689655,0.896551724137931,0.3448275862068966,0.3103448275862069,0.41379310344827586,1.0,0.6206896551724138,0.7241379310344828,0.7241379310344828,0.7241379310344828,test,66.66666666666666,8.333333333333332,50.0
21,1189,605188.SH,国光连锁,0.1526195899772209,34.61178671655753,1.7875648394042218,1.3332018536809165,1.468321631071836,4.915261997914625,507746500.0,14.09,14.71,13.54,13.62,33272813.0,466232935.0,13.37,1.8698578908002967,10.0,14.71,True,False,True,62.89254598257503,62.24137931034483,False,NONE,0,0,93000000,1556600,867,129,859000,420,420,660300,4.678293957291799,55.18437620454838,2.58168733734656,42.419375562122575,False,launch_not_detected,0,0,0,0,0.0,0,21221135,4.179474403073187,0,0,0,0.0,0.0,0.0,0.0,0.0,0.0,0.0,0.0,0.0,0.0,0.0,0.0,0.0,2479100,0.4882554581863194,7.450827797457342,0.0,0,0.0,0.0,-5615921,-16.878407605632866,-3.3356990773598327,False,1800,14.700404200871144,1,1,25.72210244745946,4.255291961638337,2.3570220572667657,43.85972571851421,7.450827797457342,False,13.436123348017626,9.251101321585908,-1.8355359765051429,-2.2026431718061623,46.72413793103448,,31.03448275862069,v4,31.03448275862069,invalid,20260831,0.3103448275862069,0.3103448275862069,0.3793103448275862,0.3793103448275862,0.3103448275862069,0.3103448275862069,0.3103448275862069,0.3103448275862069,0.3103448275862069,0.3103448275862069,0.3275862068965517,0.27586206896551724,0.27586206896551724,0.27586206896551724,0.3103448275862069,0.3103448275862069,0.43103448275862066,0.5862068965517241,0.5862068965517241,0.4482758620689655,0.8620689655172413,0.20689655172413793,0.41379310344827586,0.3448275862068966,0.896551724137931,0.5172413793103449,0.896551724137931,0.8620689655172413,0.8758620689655172,excluded,,,
22,1258,600691.SH,潞化科技,0.293040293040293,37.38317757009344,1.7446093125061255,1.3305851014730994,0.8165102419373108,4.369288709532134,2375585952.0,3.08,3.23,3.01,3.23,138109689.0,437009792.0,2.94,9.863945578231291,10.0,3.23,True,False,True,60.65053242981606,63.9655172413793,True,CONTINUOUS_TRIGGER,95800000,100059999,93000000,28402100,2521,59,5830600,1295,1295,22046700,20.564885929183436,20.528763718175767,4.221716841314443,77.62348558733333,True,,0,0,0,0,0.0,57600643,71400965,3.005614885872166,3113200,0,0,0.0,1297.175731013173,1623.1699999999985,67.23574769816372,426.4732172239384,23.74660991197616,23.71784534484445,23.20474096096462,71.39045826276626,62.38964378523798,2.424692019731223,0.1310497731045683,0.0,32599063,1.3722535685376875,23.603748032478737,56.59496370552669,14388822,462.1875240909675,0.0,-36828119,-26.665847462736664,4.870129870129869,False,15500,-16.183191897564843,1,1,3.708517943702599,7.82015354332252,1.4619703391813963,100.0,23.603748032478737,False,-6.501547987616096,-5.572755417956666,-6.19195046439629,-8.668730650154789,45.77586206896552,100.0,27.58620689655172,v4,27.58620689655172,watch,20260831,0.8620689655172413,0.6551724137931034,0.3793103448275862,0.3793103448275862,0.7586206896551724,0.7241379310344828,0.7241379310344828,0.8275862068965517,0.8620689655172413,0.9655172413793104,0.8275862068965517,0.896551724137931,1.0,0.896551724137931,0.8620689655172413,1.0,0.43103448275862066,0.3793103448275862,0.06896551724137931,0.4482758620689655,0.13793103448275862,0.4482758620689655,0.8103448275862069,0.7586206896551724,0.3793103448275862,0.7241379310344828,0.13793103448275862,0.13793103448275862,0.13793103448275862,test,83.33333333333334,33.33333333333333,58.333333333333336
23,1191,000917.SZ,电广传媒,0.108272506082725,30.35714285714284,2.0061175002759413,2.3368284033127464,1.0330973217767483,3.2334715319077856,1417459363.0,7.14,7.76,7.09,7.53,107104195.0,799888803.0,7.05,6.808510638297882,10.0,7.76,True,False,True,62.84607938044532,37.93103448275862,True,CONTINUOUS_TRIGGER,131800000,132059999,93000000,1505400,345,80,860900,141,141,484300,1.405547187017278,57.18745848279527,0.8037967140316026,32.17085160090342,True,,0,0,0,0,0.0,76576415,79388115,5.6007330490221605,8294400,153,4758800,6.214446053657643,9387.038966983995,9906.260000000002,46.52855973996694,208.2798837913808,13.30699537187788,20.66718002919199,20.696299245662,68.47216731156715,33.29332992045737,5.402371101343524,0.5851596325446121,0.3357274377113836,9940800,0.7013111105323447,9.2814291727789,12.981542685172712,9874500,119.0502025462963,0.0,158657,0.1481333200814403,5.462184873949583,False,5400,-13.92471415335319,3,1,15.089598221479797,18.23335516673997,6.711003608503449,7.19991175270083,9.2814291727789,False,-5.3120849933599,-3.452855245683939,-8.63213811420983,-6.640106241699872,60.3448275862069,50.0,24.13793103448276,v4,24.13793103448276,medium,20260831,1.0,0.9655172413793104,0.9655172413793104,0.8620689655172413,0.7241379310344828,0.9655172413793104,0.9655172413793104,0.6551724137931034,0.6206896551724138,0.8620689655172413,0.7586206896551724,0.3793103448275862,0.4827586206896552,0.3793103448275862,0.6206896551724138,0.8620689655172413,0.43103448275862066,0.7586206896551724,0.10344827586206896,0.4482758620689655,0.5172413793103449,0.8620689655172413,0.13793103448275862,0.13793103448275862,0.9310344827586207,0.3103448275862069,0.2413793103448276,0.2413793103448276,0.24137931034482762,test,58.333333333333336,41.66666666666667,33.33333333333333
24,1101,000402.SZ,金 融 街,0.1754385964912278,30.6382978723404,1.7519081481084886,1.5011822484059405,1.050424218082003,3.4140043163675005,2988667172.0,2.81,2.81,2.59,2.61,153170468.0,416810895.0,2.55,2.35294117647058,10.0,2.81,True,False,True,65.49273959341723,40.689655172413794,False,NONE,0,0,93000000,208711000,1772,50,42550776,850,847,165661324,136.26060083592614,20.387414175582503,27.7800130505575,79.37354715371974,False,launch_not_detected,0,0,0,0,0.0,0,183842920,6.151334672605023,0,0,0,0.0,0.0,0.0,0.0,0.0,0.0,0.0,0.0,0.0,0.0,0.0,0.0,0.0,13852644,0.4635057436231645,9.043939201125898,0.0,0,0.0,0.0,-52631972,-34.36169692972408,-7.11743772241994,False,11700,12.803247424954009,0,0,15.2653982139376,4.70819572411056,4.847317371343617,24.50232299112857,9.043939201125898,False,-2.298850574712641,-1.1494252873563091,-5.363984674329492,6.130268199233724,37.49999999999999,,20.689655172413797,v4,20.689655172413797,invalid,20260831,0.3103448275862069,0.3103448275862069,0.3793103448275862,0.3793103448275862,0.3103448275862069,0.3103448275862069,0.3103448275862069,0.3103448275862069,0.3103448275862069,0.3103448275862069,0.3275862068965517,0.3448275862068966,0.20689655172413793,0.3448275862068966,0.3103448275862069,0.3103448275862069,0.43103448275862066,0.27586206896551724,0.4827586206896552,0.1206896551724138,0.5517241379310345,0.2413793103448276,0.27586206896551724,1.0,0.3103448275862069,0.9310344827586207,0.5517241379310345,0.4482758620689655,0.4896551724137931,excluded,,,
25,784,600551.SH,时代出版,0.3503401360544218,15.919629057187024,1.3772437830840922,0.706745464730487,1.127824642421578,9.23201048203118,678055239.0,7.15,8.25,7.12,8.25,44240945.0,340864937.0,7.5,10.000000000000009,10.0,8.25,True,False,True,72.66602129719263,92.58620689655172,True,CONTINUOUS_TRIGGER,130500000,130759999,93000000,2522700,759,113,1316300,472,471,1173200,5.702183802809818,52.17822174654141,2.975298109025474,46.50572798985214,True,,0,0,0,0,0.0,22083478,29007087,4.277982873899747,6397379,116,5040790,22.82606933563635,9973.98877307067,11141.809999999998,62.55933508299735,610.6527095646286,13.633459367224674,25.66650187904601,26.330779961381083,44.70014641715404,36.19712689229401,3.256884797847569,0.9434893548547598,0.743418782138486,5682496,0.8380579742117441,12.844427260764888,25.73188879034362,1611964,25.197256563977216,0.0,-4106937,-9.283113188472806,15.384615384615374,False,5000,-3.8364777244247374,12,3,49.368375640529614,8.139976778499605,1.3662895686290832,70.72605532592831,12.844427260764888,False,-3.515151515151516,-1.2121212121212088,-8.484848484848484,-7.151515151515153,69.05172413793102,75.0,17.24137931034483,v4,17.24137931034483,medium,20260831,0.9310344827586207,1.0,1.0,1.0,0.8275862068965517,1.0,1.0,0.7586206896551724,0.9310344827586207,0.896551724137931,0.8620689655172413,0.5172413793103449,0.6896551724137931,0.5172413793103449,0.6896551724137931,0.6206896551724138,0.43103448275862066,0.7241379310344828,0.13793103448275862,0.8793103448275862,0.9655172413793104,0.4827586206896552,0.5862068965517241,0.3793103448275862,0.8620689655172413,0.5517241379310345,0.4482758620689655,0.41379310344827586,0.42758620689655175,test,41.66666666666667,66.66666666666666,16.666666666666664
26,889,002098.SZ,浔兴股份,0.2319587628865979,23.267326732673265,1.3427205311695514,1.1977445530726198,1.2559017497551783,2.491550284630645,358000000.0,7.96,8.15,7.8,8.15,10683582.0,86425158.0,7.41,9.986504723346831,10.0,8.15,True,False,True,70.85769603097773,41.89655172413793,True,AUCTION_TRIGGER,92500000,92500000,92500000,872500,177,56,447800,80,80,402500,8.16673658703607,51.323782234957015,4.191478101632954,46.13180515759313,True,,0,0,0,0,0.0,876900,9819482,2.742872067039106,449700,0,0,0.0,279.687061403509,225.15499999999884,96.94377922226025,664.3975043977525,0.228076177443266,0.0,0.2166723685711027,48.50039913331052,0.3566219644310307,0.2449441340782122,0.1256145251396648,0.0,2617802,0.7312296089385475,24.50303652838533,298.5291367316684,281800,62.663998221036245,0.0,-4884378,-45.71854271348317,2.386934673366836,False,6700,4.593066258114554,6,2,0.0578110426799657,11.70354748603352,2.7457206703910617,100.0,24.50303652838533,False,-4.294478527607371,0.3680981595092003,-1.3496932515337567,1.9631901840490904,46.89655172413793,91.66666666666666,13.79310344827586,v4,13.79310344827586,watch,20260831,0.6206896551724138,0.6206896551724138,0.3793103448275862,0.3793103448275862,0.6206896551724138,0.6206896551724138,0.6206896551724138,1.0,0.9655172413793104,0.6551724137931034,0.3275862068965517,0.9310344827586207,0.5517241379310345,0.9310344827586207,1.0,0.6896551724137931,0.43103448275862066,0.13793103448275862,0.27586206896551724,0.7413793103448276,0.06896551724137931,0.7241379310344828,0.8103448275862069,0.4827586206896552,0.8275862068965517,0.6896551724137931,0.41379310344827586,0.6551724137931034,0.5586206896551724,test,100.0,16.666666666666664,41.66666666666667
27,931,601929.SH,吉视传媒,0.0566893424036281,25.35885167464116,1.8810475607307853,2.1951321545084634,0.9198963542861956,2.739095189481149,3489788167.9999995,2.32,2.57,2.31,2.57,209829653.0,516461955.0,2.34,9.82905982905984,10.0,2.57,True,False,True,70.11423039690223,35.689655172413794,True,CONTINUOUS_TRIGGER,131000000,131259999,93000000,2959700,405,27,556700,68,68,1608600,1.410525136787983,18.809338784336248,0.265310451616674,54.3501030509849,True,,0,0,0,0,0.0,132581427,167772561,4.807528506698748,18995202,219,7218102,5.444278405602016,8338.178738390698,8699.740000000002,62.37276658668035,232.46515919251243,24.573803991414277,38.39728549397331,36.87205222191491,48.80075095284651,58.010276078567415,3.7991253513815,0.5443081667299642,0.2068349611070147,45103936,1.2924548376198175,21.495501400843477,34.01979977180363,20944134,110.2601277943767,0.0,17061683,8.131206793731865,10.775862068965523,False,14000,-19.259332712140548,6,2,19.77029690150288,11.087212901571167,2.7163435554406985,34.32561381747169,21.495501400843477,False,-3.5019455252918275,-0.3891050583657462,-3.8910505836575737,-4.280155642023342,64.74137931034481,25.0,10.344827586206897,v4,10.344827586206897,medium,20260831,0.9655172413793104,0.896551724137931,0.896551724137931,0.7931034482758621,0.9655172413793104,0.9310344827586207,0.9310344827586207,0.7241379310344828,0.7241379310344828,1.0,1.0,0.8275862068965517,0.9310344827586207,0.8275862068965517,0.7586206896551724,0.7931034482758621,0.43103448275862066,0.9310344827586207,0.034482758620689655,0.7413793103448276,0.6206896551724138,0.6551724137931034,0.3448275862068966,0.1724137931034483,0.2413793103448276,0.10344827586206896,0.4827586206896552,0.5862068965517241,0.5448275862068965,test,33.33333333333333,91.66666666666666,25.0
28,1268,603366.SH,日出东方,0.1671348314606741,28.594507269789982,1.7144312235005412,2.4342087480012395,1.489881173335678,2.8852324820901,813048101.0,7.3,8.12,7.23,7.72,57102467.0,443739363.0,7.38,4.607046070460696,10.0,8.12,True,False,True,60.24394966118102,32.241379310344826,True,CONTINUOUS_TRIGGER,94500000,94759999,93000000,678100,327,75,298600,135,134,313700,1.1875143678118143,44.034803126382535,0.5229196139634388,46.26161333136706,True,,0,0,0,0,0.0,7253724,52029152,6.399271080764753,3371800,0,0,0.0,789.0724048646529,671.9400000000023,67.68109732325078,430.5663813649096,7.733958446723365,15.68518572469046,17.203770091059432,36.31252029991767,9.379314557460363,0.8921641894345929,0.4147110110524691,0.0,10842239,1.3335298350324785,18.987339023373544,149.47134740720767,1822410,54.048579393795606,0.0,7888045,13.81384275393916,5.753424657534256,False,5000,17.10744826488845,4,3,10.307116885371528,2.9336881754797925,3.9481250814704256,2.210519188465904,18.987339023373544,False,-1.5544041450777255,-1.0362694300518172,-6.476683937823835,-2.979274611398963,61.98275862068965,33.33333333333333,6.896551724137931,v4,6.896551724137931,watch,20260831,0.6896551724137931,0.8275862068965517,0.3793103448275862,0.3793103448275862,0.6896551724137931,0.6896551724137931,0.6896551724137931,0.8620689655172413,0.896551724137931,0.7586206896551724,0.7241379310344828,0.7586206896551724,0.9655172413793104,0.7586206896551724,0.9310344827586207,0.6551724137931034,0.43103448275862066,1.0,0.8620689655172413,0.8793103448275862,0.3448275862068966,0.13793103448275862,0.10344827586206896,0.06896551724137931,0.6896551724137931,0.20689655172413793,0.6551724137931034,0.4827586206896552,0.5517241379310345,test,16.666666666666664,25.0,8.333333333333332
29,63,601136.SH,首创证券,0.1089630931458699,14.643399089529584,0.9882044072532976,0.36836641942524,1.0506872987962996,4.182528583415597,2733333800.0,14.42,15.86,14.16,15.86,42112558.0,639914622.0,14.42,9.986130374479885,10.0,15.86,True,False,True,89.56243949661182,66.89655172413792,False,NONE,0,0,93000000,804200,310,82,248800,135,135,403200,1.90964414937701,30.937577716985825,0.5907976428313854,50.13678189505099,False,launch_not_detected,0,0,0,0,0.0,0,10075934,0.3686316687702028,0,0,0,0.0,0.0,0.0,0.0,0.0,0.0,0.0,0.0,0.0,0.0,0.0,0.0,0.0,5779008,0.2114270858539121,13.72276649639758,0.0,0,0.0,0.0,-18261582,-43.36374437287804,9.986130374479885,False,5000,12.437563161088432,18,3,20.01862386776855,3.0347822135737683,0.1968017590826264,47.92626728110599,13.72276649639758,False,-4.5397225725094525,-1.387137452711218,-9.899117276166455,-8.51197982345523,44.741379310344826,,3.4482758620689653,v4,3.4482758620689653,invalid,20260831,0.3103448275862069,0.3103448275862069,0.3793103448275862,0.3793103448275862,0.3103448275862069,0.3103448275862069,0.3103448275862069,0.3103448275862069,0.3103448275862069,0.3103448275862069,0.3275862068965517,0.6206896551724138,0.10344827586206896,0.6206896551724138,0.3103448275862069,0.3103448275862069,0.43103448275862066,0.1724137931034483,0.4482758620689655,0.8793103448275862,0.6896551724137931,0.1724137931034483,0.5172413793103449,0.2413793103448276,0.5862068965517241,0.2413793103448276,0.3448275862068966,0.3793103448275862,0.36551724137931035,excluded,,,
1,1322,605188.SH,国光连锁,0.1668564920273348,37.60523854069224,1.8730256054301797,1.5170131945764225,1.631014765265523,3.876088086521228,507746500.0,13.78,14.98,13.78,14.98,29855884.0,437708468.0,13.62,9.985315712187967,10.0,14.98,True,False,True,58.16615027110768,61.60714285714285,False,NONE,0,0,93000000,2828900,1007,171,1040600,194,193,1731600,9.475184188148642,36.78461592845276,3.485410112123962,61.21107144119623,False,launch_not_detected,0,0,0,0,0.0,0,19198196,3.7810592490544006,0,0,0,0.0,0.0,0.0,0.0,0.0,0.0,0.0,0.0,0.0,0.0,0.0,0.0,0.0,3667900,0.7223880420642979,12.285350519180742,0.0,0,0.0,0.0,-3038244,-10.176365904958637,8.70827285921627,False,2900,18.1913890072724,4,2,9.256120119676073,11.201660671220775,2.109934780446542,100.0,12.285350519180742,False,-4.539385847797062,-0.734312416555416,-19.69292389853138,,56.42857142857143,,100.0,v4,100.0,invalid,20260901,0.25,0.25,0.32142857142857145,0.32142857142857145,0.25,0.25,0.25,0.25,0.25,0.25,0.25,0.35714285714285715,0.6428571428571429,0.35714285714285715,0.25,0.25,0.4642857142857143,0.5714285714285714,1.0,0.5714285714285714,0.9285714285714286,0.5714285714285714,0.7142857142857143,0.7142857142857143,0.9285714285714286,0.7857142857142857,0.21428571428571427,0.2857142857142857,0.2571428571428571,excluded,,,
2,1393,605577.SH,龙版传媒,0.2741721854304633,27.8362573099415,2.445307695233195,1.468505821914363,2.026263043499183,3.945511574618296,444444445.0,11.4,11.68,11.22,11.68,25751141.0,298788842.0,10.62,9.981167608286269,10.0,11.68,True,False,True,54.02594887683967,62.5,False,NONE,0,0,93000000,14976200,1685,152,1985500,708,708,12755600,58.15742300506218,13.257702220857093,7.710337961335383,85.17247365820435,False,launch_not_detected,0,0,0,0,0.0,0,12907661,2.9042237213697204,0,0,0,0.0,0.0,0.0,0.0,0.0,0.0,0.0,0.0,0.0,0.0,0.0,0.0,0.0,2545680,0.5727779992840275,9.885697880338585,0.0,0,0.0,0.0,-7882129,-30.608853409641156,2.4561403508771784,False,3900,14.11403867502415,1,1,0.4299314339640481,16.110651129861687,1.3237379983453277,100.0,9.885697880338585,False,33.13356164383563,59.84589041095892,34.58904109589043,,39.285714285714285,,92.85714285714286,v4,92.85714285714286,invalid,20260901,0.25,0.25,0.32142857142857145,0.32142857142857145,0.25,0.25,0.25,0.25,0.25,0.25,0.25,0.21428571428571427,0.5,0.21428571428571427,0.25,0.25,0.4642857142857143,0.35714285714285715,0.7142857142857143,0.2857142857142857,0.07142857142857142,0.7142857142857143,0.7142857142857143,0.9285714285714286,0.5714285714285714,0.8571428571428571,1.0,1.0,1.0,excluded,,,
3,320,600830.SH,香溢融通,0.2500000000000003,18.68421052631579,0.9586716572891592,0.9552111530088055,0.8096305411573798,3.416765452311325,454322747.0,8.39,9.23,8.38,9.23,14827879.0,133899067.0,8.39,10.011918951132293,10.0,9.23,True,False,True,81.93648334624322,61.07142857142858,False,NONE,0,0,93000000,583900,73,42,75700,12,12,164600,3.937852473708479,12.964548724096591,0.5105248026369786,28.18975852029457,False,launch_not_detected,0,0,0,0,0.0,0,8494329,1.8696684363902207,0,0,0,0.0,0.0,0.0,0.0,0.0,0.0,0.0,0.0,0.0,0.0,0.0,0.0,0.0,2476000,0.5449870199873572,16.698274918482948,0.0,0,0.0,0.0,-2825383,-19.054532344106665,10.011918951132293,False,5200,16.09805421260856,6,2,3.051288764648709,12.594482749946923,0.7503954011794175,100.0,16.698274918482948,False,6.067172264355358,4.875406283856987,-10.18418201516794,,50.71428571428571,,85.71428571428571,v4,85.71428571428571,invalid,20260901,0.25,0.25,0.32142857142857145,0.32142857142857145,0.25,0.25,0.25,0.25,0.25,0.25,0.25,0.5714285714285714,0.42857142857142855,0.5714285714285714,0.25,0.25,0.4642857142857143,0.42857142857142855,0.7857142857142857,0.5714285714285714,0.5714285714285714,0.6428571428571429,0.7142857142857143,0.6428571428571429,0.5,0.5714285714285714,0.7857142857142857,0.6428571428571429,0.7,excluded,,,
4,1224,300413.SZ,芒果超媒,0.1442876649977241,23.09920347574221,2.4369579198173765,1.8907642501831203,1.2489346668578198,7.111332959040444,1021699958.0,20.38,20.38,19.66,20.38,137376286.0,2793793896.0,16.98,20.02355712603061,20.0,20.38,True,False,True,62.4903175832688,88.21428571428571,False,NONE,0,0,93000000,64183500,10505,491,24297900,5850,5850,38781100,46.72094570965472,37.85692584542756,17.687113771586457,60.42222689632071,False,launch_not_detected,0,0,0,0,0.0,0,126652903,12.39629129944625,0,0,0,0.0,0.0,0.0,0.0,0.0,0.0,0.0,0.0,0.0,0.0,0.0,0.0,0.0,15994473,1.5654765251541685,11.642819489238484,0.0,0,0.0,73.09002660037571,-75656692,-55.072599647947975,0.0,False,8900,11.89351486762424,12,3,2.009660682676088,23.454899662431032,10.933421316632764,100.0,11.642819489238484,False,4.268891069676162,1.1776251226693013,-17.909715407262016,,40.35714285714285,,78.57142857142857,v4,78.57142857142857,invalid,20260901,0.25,0.25,0.32142857142857145,0.32142857142857145,0.25,0.25,0.25,0.25,0.25,0.25,0.25,0.2857142857142857,1.0,0.2857142857142857,0.25,0.25,0.9285714285714286,0.14285714285714285,0.5714285714285714,0.7857142857142857,0.14285714285714285,1.0,0.7142857142857143,0.8571428571428571,1.0,0.9285714285714286,0.7142857142857143,0.42857142857142855,0.5428571428571429,excluded,,,
5,557,603585.SH,苏利股份,0.1754901960784313,22.15973003374576,1.2378048875096452,1.362386335151734,0.9350938246168004,3.9911090157955553,270796011.0,10.66,11.75,10.61,11.22,14724350.0,165473818.0,10.68,5.0561797752809,10.0,11.75,True,False,True,77.47482571649884,62.49999999999999,True,CONTINUOUS_TRIGGER,94700000,94959999,93000000,98200,82,42,14900,18,17,59900,0.6669224787511843,15.173116089613034,0.101192921928642,60.9979633401222,True,,0,0,0,0,0.0,3797880,11811352,4.361715653189589,494340,4,82280,2.166471821121257,459.2990454057919,285.75,70.6794316829389,190.14421160364515,20.35293374198237,22.53068325800412,27.751798371723176,59.23199258533708,50.80317297537752,1.402487424380856,0.1825506949583537,0.0303844948439805,1083852,0.4002466638993437,7.360949719342449,28.538342443679102,979620,198.16725330744023,0.0,-164772,-1.1190443041628324,5.253283302063805,False,2200,13.60752766675609,4,1,2.2429798076743546,1.7424303934816825,1.5011971502046977,2.761688911273399,7.360949719342449,False,,,,,46.78571428571429,50.0,71.42857142857143,v4,71.42857142857143,watch,20260901,0.7142857142857143,0.6428571428571429,0.7142857142857143,0.6428571428571429,0.9285714285714286,0.5714285714285714,0.5714285714285714,0.8571428571428571,0.5,0.8571428571428571,0.8571428571428571,0.14285714285714285,0.2857142857142857,0.14285714285714285,0.5714285714285714,1.0,0.4642857142857143,0.7142857142857143,0.6428571428571429,0.2857142857142857,0.21428571428571427,0.07142857142857142,0.07142857142857142,0.21428571428571427,0.6428571428571429,0.2857142857142857,,,,validation,25.0,50.0,100.0
6,634,002945.SZ,华林证券,0.2348130841121495,22.434367541766107,1.2575663599001108,0.5450886851851791,1.175178745429506,3.695524503335152,2700000000.0,14.54,16.04,14.46,16.04,54388492.0,856969748.0,14.58,10.013717421124824,10.0,16.04,True,False,True,75.96630518977537,69.28571428571429,True,CONTINUOUS_TRIGGER,94200000,94459999,93000000,226200,150,79,64700,34,34,92600,0.4158968040518572,28.603006189213087,0.1189589886036921,40.93722369584439,True,,0,0,0,0,0.0,5768000,62169627,2.3025787777777778,1988300,0,0,0.0,572.9609306220095,480.7749999999978,67.42718446601941,273.9959143570319,13.212552011095704,11.488121697041535,14.152219140083217,51.376560332871016,3.4373080246460965,0.2136296296296296,0.0736407407407407,0.0,8131236,0.3011568888888888,14.950287645408515,140.97149791955616,1651600,83.06593572398532,0.0,-1640010,-3.01536214683062,10.316368638239348,False,3600,18.160481448906506,13,4,4.2142836515600575,7.1124370370370364,1.8772683703703703,100.0,14.950287645408515,False,,,,,58.92857142857143,37.5,64.28571428571429,v4,64.28571428571429,watch,20260901,0.5,0.5,0.32142857142857145,0.32142857142857145,0.5714285714285714,0.6428571428571429,0.6428571428571429,0.6428571428571429,0.7857142857142857,0.6428571428571429,0.6428571428571429,0.42857142857142855,0.14285714285714285,0.42857142857142855,1.0,0.7142857142857143,0.4642857142857143,0.6428571428571429,0.9285714285714286,0.9642857142857143,0.7142857142857143,0.35714285714285715,0.7142857142857143,0.07142857142857142,0.8571428571428571,0.35714285714285715,,,,validation,100.0,37.5,62.5
7,623,600967.SH,内蒙一机,0.0709030100334448,23.55289421157687,1.441242190260041,1.311471603054443,1.2602822458487752,3.069882601443468,1701794667.0,11.05,12.19,11.01,12.19,68515340.0,815818083.0,11.08,10.018050541516232,10.0,12.19,True,False,True,76.16189000774594,53.92857142857142,True,CONTINUOUS_TRIGGER,104700000,104959999,93000000,506100,287,85,45100,45,45,377600,0.7386666985816607,8.911282355265758,0.0658246751749316,74.60976091681486,True,,0,0,0,0,0.0,25681897,31589694,1.8562576680116016,7873410,136,2298701,8.950666689458338,3087.100094938587,3182.6600000000035,72.7638577477357,251.01918633361933,15.922028656995238,29.945390330640336,29.39396961213574,39.94859881261886,21.483114584266826,1.509106680024635,0.4626533478260101,0.1350751089173556,12148142,0.7138429938445682,17.730543262282577,47.30235465082661,5100141,64.77677397722206,0.0,-21505386,-31.387695076752152,10.316742081447948,False,5000,0.23451974404564,31,4,2.999087121336924,17.798065822708327,0.6522147010582916,100.0,17.730543262282577,False,,,,,58.03571428571428,25.0,57.14285714285714,v4,57.14285714285714,medium,20260901,0.7857142857142857,0.7142857142857143,0.7857142857142857,0.8571428571428571,1.0,0.9285714285714286,0.9285714285714286,1.0,0.7142857142857143,0.7142857142857143,1.0,0.6428571428571429,0.5714285714285714,0.6428571428571429,0.7857142857142857,0.6428571428571429,0.4642857142857143,0.2857142857142857,0.2857142857142857,0.9642857142857143,0.5,0.7857142857142857,0.7142857142857143,0.2857142857142857,0.2857142857142857,0.07142857142857142,,,,validation,75.0,100.0,75.0
8,681,000635.SZ,英 力 特,0.1801125703564728,31.96428571428571,1.3118889305946513,1.209942853796094,0.7353603676743725,0.695447568034424,366819816.0,7.22,7.22,7.22,7.22,3086612.0,22285339.0,6.56,10.060975609756095,10.0,7.22,True,False,True,75.1839659178931,37.14285714285714,False,NONE,0,0,93000000,114423500,1508,48,3086612,12,11,104062100,3707.090492747388,2.697533286431546,100.0,90.9446923053394,False,launch_not_detected,0,0,0,0,0.0,0,2920712,0.796225250819056,0,0,0,0.0,0.0,0.0,0.0,0.0,0.0,0.0,0.0,0.0,0.0,0.0,0.0,0.0,0,0.0,0.0,0.0,0,0.0,82.61524286175262,-3086612,-100.0,0.0,False,7000,0.0,0,0,100.0,10.031028421866935,0.6951674606368594,100.0,0.0,False,6.509695290858741,4.986149584487531,0.1385041551246635,,34.642857142857146,,50.0,v4,50.0,invalid,20260901,0.25,0.25,0.32142857142857145,0.32142857142857145,0.25,0.25,0.25,0.25,0.25,0.25,0.25,0.07142857142857142,0.07142857142857142,0.07142857142857142,0.25,0.25,1.0,0.07142857142857142,0.21428571428571427,0.07142857142857142,1.0,0.5,0.7142857142857143,1.0,0.07142857142857142,1.0,0.8571428571428571,0.7142857142857143,0.7714285714285714,excluded,,,
9,1047,600318.SH,新力金融,0.2068965517241378,21.76165803108807,1.5512021260108086,2.2969808169027988,0.9460432360580132,2.735637552428546,512727632.0,6.78,7.49,6.76,7.49,32218302.0,233738082.0,6.81,9.985315712187967,10.0,7.49,True,False,True,67.50387296669248,30.53571428571428,True,CONTINUOUS_TRIGGER,110500000,110759999,93000000,574900,146,46,127000,27,27,313900,1.784389506312282,22.090798399721688,0.3941858885052353,54.60080013915464,True,,0,0,0,0,0.0,13133095,16082474,3.1366505326165064,3169461,70,1738300,13.236026998967112,3890.5365091946737,4329.585000000003,68.67186295385818,245.6973840334637,9.752461243903284,16.87753839982618,20.28352037352962,55.583089896174506,28.432826782739824,2.561417442779834,0.6181568540858355,0.3390299042825919,5930618,1.156680005106493,18.40760571429245,45.15780933588008,5830818,183.9687568327864,0.0,-6008506,-18.64935650550423,10.47197640117994,False,5000,1.1703658374050874,15,3,2.9502855692267063,19.94717460439113,1.0086435130923468,68.64411449376395,18.40760571429245,False,,,,,67.14285714285714,100.0,42.85714285714285,v4,42.85714285714285,medium,20260901,0.8571428571428571,0.8571428571428571,1.0,1.0,0.6428571428571429,1.0,1.0,0.7142857142857143,0.5714285714285714,0.5714285714285714,0.7142857142857143,0.8571428571428571,0.9285714285714286,0.8571428571428571,0.7142857142857143,0.9285714285714286,0.4642857142857143,0.5,0.35714285714285715,0.7857142857142857,0.42857142857142855,0.8571428571428571,0.35714285714285715,0.5,0.7142857142857143,0.5,,,,validation,62.5,87.5,87.5
10,80,003039.SZ,顺控发展,0.160737812911726,14.471243042671622,0.9939441937374884,0.5108825039201589,0.854182557840443,4.666372712028545,617518730.0,12.0,13.2,11.93,12.52,14721450.0,185659885.0,12.0,4.333333333333322,10.0,13.2,True,False,True,89.36289697908597,71.42857142857143,True,CONTINUOUS_TRIGGER,95600000,95859999,93000000,117800,102,59,14000,20,19,75200,0.8001929157793559,11.884550084889645,0.0950993278515363,63.83701188455009,True,,0,0,0,0,0.0,2194500,18212349,2.9492788016324623,903500,6,89500,4.078377762588289,1117.99379823338,1205.8700000000026,67.31054910002278,312.9038058667033,6.64524948735475,7.896182367481461,20.346320346320347,38.48257006151743,6.1277931182050684,0.3553738361911711,0.1463113515601381,0.0144934875092776,2669800,0.4323431614778713,18.135441821287984,121.65869218500798,1168444,129.32418372993914,0.0,753908,5.121153147278291,4.333333333333322,False,2000,16.13699737457927,12,2,5.494595971145102,2.225778641564443,2.245514561153473,14.29263565891473,18.135441821287984,False,,,,,63.57142857142857,62.5,35.714285714285715,v4,35.714285714285715,watch,20260901,0.5714285714285714,0.5714285714285714,0.6428571428571429,0.7142857142857143,0.7142857142857143,0.7142857142857143,0.7142857142857143,0.5714285714285714,0.9285714285714286,0.5,0.5,0.7142857142857143,0.35714285714285715,0.7142857142857143,0.9285714285714286,0.8571428571428571,0.4642857142857143,0.7857142857142857,0.8571428571428571,0.5714285714285714,0.8571428571428571,0.14285714285714285,0.14285714285714285,0.35714285714285715,0.35714285714285715,0.21428571428571427,,,,validation,50.0,25.0,37.5
11,836,605300.SH,佳禾食品,0.2445193929173692,33.01204819277106,1.219153322861824,0.6465998397437795,0.9673835157901012,2.775030235108558,454398597.0,9.88,10.73,9.69,10.73,8153429.0,85592985.0,9.75,10.051282051282053,10.0,10.73,True,False,True,72.23857474825716,54.642857142857146,False,NONE,0,0,93000000,228500,81,40,54900,27,27,154300,2.802501867619133,24.02625820568928,0.6733363349334373,67.527352297593,False,launch_not_detected,0,0,0,0,0.0,0,3200252,0.7042829843948659,0,0,0,0.0,0.0,0.0,0.0,0.0,0.0,0.0,0.0,0.0,0.0,0.0,0.0,0.0,1507250,0.3317021685258416,18.486087264634303,0.0,0,0.0,0.0,-3372725,-41.36572477665532,8.603238866396756,False,4000,10.479639915917586,14,1,2.640967663628301,6.213839388240893,0.2106298316761748,100.0,18.486087264634303,False,-3.821062441752099,5.125815470643036,-9.59925442684064,,42.5,,28.57142857142857,v4,28.57142857142857,invalid,20260901,0.25,0.25,0.32142857142857145,0.32142857142857145,0.25,0.25,0.25,0.25,0.25,0.25,0.25,0.9285714285714286,0.21428571428571427,0.9285714285714286,0.25,0.25,0.4642857142857143,0.21428571428571427,0.5,0.2857142857142857,0.35714285714285715,0.2857142857142857,0.7142857142857143,0.5714285714285714,0.7857142857142857,0.6428571428571429,0.2857142857142857,0.7857142857142857,0.5857142857142857,excluded,,,
12,1194,000158.SZ,常山北明,0.0482425913163335,36.15771812080537,1.6006251433654506,2.254392004313444,1.2362563943439164,2.6247417473958947,1590643645.0,12.63,13.88,12.61,13.88,94121515.0,1266982945.0,12.62,9.984152139461177,10.0,13.88,True,False,True,63.55925639039505,24.64285714285714,True,CONTINUOUS_TRIGGER,102300000,102559999,93000000,538800,460,89,64200,49,49,313000,0.5724514740333281,11.915367483296215,0.068209696794617,58.09205642167781,True,,0,0,0,0,0.0,51333112,103360645,6.498039037524335,13381451,136,2685005,5.230551773288165,1882.2465165648955,2074.019999999997,58.58379869897621,299.48888526974696,17.661724853151313,21.67698214983628,23.410842498697527,50.52128341644279,24.68507545803953,3.227191216672544,0.8412601428398503,0.1687999074110656,17308510,1.0881450445803655,18.389536122532665,33.718022004978,7599179,56.78890129329024,0.0,12768053,13.565498812890976,9.897070467141722,False,3700,4.974413129665411,20,3,3.439312760900083,20.97999140467443,5.311707576086283,28.821888774375363,18.389536122532665,False,,,,,71.42857142857143,12.5,21.428571428571427,v4,21.428571428571427,medium,20260901,0.9285714285714286,0.9285714285714286,0.8571428571428571,0.7857142857142857,0.7857142857142857,0.8571428571428571,0.8571428571428571,0.5,0.8571428571428571,0.7857142857142857,0.7857142857142857,0.7857142857142857,0.8571428571428571,0.7857142857142857,0.6428571428571429,0.5714285714285714,0.4642857142857143,0.8571428571428571,0.42857142857142855,0.7857142857142857,0.6428571428571429,0.9285714285714286,0.2857142857142857,0.14285714285714285,0.42857142857142855,0.14285714285714285,,,,validation,37.5,75.0,50.0
13,1283,000564.SZ,供销大集,0.1223404255319148,27.34375,2.1956055418866134,2.217476749951069,1.4034990164188368,1.4244401902785857,15094879524.999998,1.51,1.66,1.5,1.66,476796375.0,773429258.0,1.51,9.93377483443707,10.0,1.66,True,False,True,60.400852052672334,17.857142857142858,True,CONTINUOUS_TRIGGER,93500000,93759999,93000000,62295100,1707,28,3780100,169,169,54960500,13.06534681602812,6.06805350661609,0.7928122356215481,88.22604025035677,True,,0,0,0,0,0.0,167885476,499581378,3.309608249423906,77533262,0,0,0.0,390.0668263140349,198.7300000000032,70.38921103574201,438.59406123405415,20.765405579217585,9.988555116052767,9.83867121417936,43.97909560681711,16.684435992198978,1.1122014966860096,0.5136394886199002,0.0,162471745,1.0763368116381176,34.07570894388616,96.77534285336272,79094606,102.01377313390994,0.0,89123933,18.692242154735343,9.93377483443707,False,33900,-1.060679624504276,5,1,2.6061176667285526,8.926390553620536,2.787094208358712,100.0,34.07570894388616,False,,,,,53.0357142857143,87.5,14.285714285714285,v4,14.285714285714285,watch,20260901,0.6428571428571429,0.7857142857142857,0.32142857142857145,0.32142857142857145,0.5,0.5,0.5,0.7857142857142857,1.0,0.9285714285714286,0.5714285714285714,1.0,0.7857142857142857,1.0,0.8571428571428571,0.7857142857142857,0.4642857142857143,0.9285714285714286,0.14285714285714285,0.2857142857142857,0.2857142857142857,0.42857142857142855,0.7142857142857143,0.7857142857142857,0.14285714285714285,0.7142857142857143,,,,validation,87.5,12.5,25.0
14,891,601933.SH,永辉超市,0.0923076923076922,26.52329749103941,1.6785775203988582,1.553896544474496,1.0626525152520088,3.2108765526127696,8925037165.0,3.1,3.4,3.09,3.28,445303125.0,1454914999.0,3.09,6.148867313915862,10.0,3.4,True,False,True,71.38845855925638,39.64285714285714,True,CONTINUOUS_TRIGGER,101900000,102159999,93000000,7543800,1035,43,537600,108,108,5427700,1.6940819806732774,7.1263819295315365,0.1207267521421503,71.94915029560698,True,,0,0,0,0,0.0,289145356,479431077,5.371754404341464,75476525,655,27227239,9.416453847524355,1859.7818412637907,1980.1800000000003,72.03174032648133,246.20412024304483,38.97884253067512,25.62524926089864,24.538636200679637,49.35804813686857,35.32881225569661,3.239710386124762,0.8456718286393825,0.3050658333028913,72017729,0.8069179732093587,16.172742780549765,24.907102087435916,35477686,47.00492769109336,0.0,153498509,34.470566313676784,5.806451612903207,False,10200,-15.151521786423574,5,1,4.849967143768555,2.7024386402092926,4.089886845866149,17.416224418020388,16.172742780549765,False,,,,,62.142857142857146,75.0,7.142857142857142,v4,7.142857142857142,medium,20260901,1.0,1.0,0.9285714285714286,0.9285714285714286,0.8571428571428571,0.7857142857142857,0.7857142857142857,0.9285714285714286,0.6428571428571429,1.0,0.9285714285714286,0.5,0.7142857142857143,0.5,0.5,0.5,0.4642857142857143,1.0,0.07142857142857142,0.2857142857142857,0.7857142857142857,0.21428571428571427,0.21428571428571427,0.42857142857142855,0.21428571428571427,0.42857142857142855,,,,validation,12.5,62.5,12.5
1,1113,600967.SH,内蒙一机,0.1896853146853146,23.55289421157687,1.9249330133771607,1.4490343505113312,1.3891852549105854,2.636443422032175,1701794667.0,12.5,13.41,12.5,13.41,65013612.0,845514047.0,12.19,10.008203445447084,10.0,13.41,True,False,True,65.27885360185903,53.5,False,NONE,0,0,93000000,8300200,2090,196,3062900,536,535,4742500,12.766864883618526,36.90152044529047,4.7111672552511,57.13717741741164,False,launch_not_detected,0,0,0,0,0.0,0,37157818,2.1834489624710995,0,0,0,0.0,0.0,0.0,0.0,0.0,0.0,0.0,0.0,0.0,0.0,0.0,0.0,0.0,20421431,1.199993829807906,31.411008205481643,0.0,0,0.0,0.0,-5508330,-8.472579557647098,7.279999999999998,False,5000,20.778656322002227,11,2,28.146176122035893,5.2678278254353,1.283899369511892,100.0,31.411008205481643,False,-0.521998508575694,7.606263982102912,0.4474272930648837,,65.75,,100.0,v4,100.0,invalid,20260902,0.35,0.35,0.4,0.4,0.35,0.35,0.35,0.35,0.35,0.35,0.45,1.0,0.9,1.0,0.35,0.35,0.4,1.0,1.0,0.55,0.7,0.2,0.75,0.8,0.6,0.9,0.7,0.9,0.8200000000000001,excluded,,,
2,1018,000852.SZ,石化机械,0.150313152400835,23.3820459290188,1.8405053824456743,1.7360742129055564,1.1781822767445824,3.526911090681044,950258873.0,5.82,6.06,5.68,6.06,58184155.0,348293126.0,5.51,9.981851179673315,10.0,6.06,True,False,True,67.49419054996126,45.0,False,NONE,0,0,93000000,32013600,585,56,1899600,252,252,30066500,55.02116512648504,5.93372816552965,3.26480637211282,93.91789739360772,False,launch_not_detected,0,0,0,0,0.0,0,60955036,6.414571621684821,0,0,0,0.0,0.0,0.0,0.0,0.0,0.0,0.0,0.0,0.0,0.0,0.0,0.0,0.0,11934410,1.2559114509841574,20.511443364606738,0.0,0,0.0,0.0,-28616247,-49.18219917432848,4.123711340206171,False,10000,10.468434232653202,4,2,3.79767826420896,28.797489586819147,6.210679813352293,100.0,20.511443364606738,False,-6.930693069306926,-0.4950495049504844,-8.745874587458735,,49.25,,90.0,v4,90.0,invalid,20260902,0.35,0.35,0.4,0.4,0.35,0.35,0.35,0.35,0.35,0.35,0.45,0.8,1.0,0.8,0.35,0.35,0.4,0.3,0.6,0.55,0.2,0.9,0.75,0.9,0.1,0.7,0.3,0.5,0.42,excluded,,,
3,1227,600657.SH,信达地产,0.2409090909090908,32.14285714285714,1.8886320807453605,1.028387149839381,1.2998456474032507,4.240873260083851,2851878595.0,2.83,3.05,2.69,3.05,124377828.0,363209889.0,2.77,10.10830324909746,10.0,3.05,True,False,True,61.36134779240899,77.5,True,CONTINUOUS_TRIGGER,104300000,104559999,93000000,2572800,273,42,1575200,119,119,735200,2.0685358808484744,61.225124378109456,1.2664636658553,28.575870646766173,True,,0,0,0,0,0.0,46070484,76114724,2.6689328267145256,5084200,92,2237500,4.856688720700221,2835.154514402645,3466.8150000000023,61.07815146895352,209.8664055080397,30.012491294860283,53.165497050846,47.27968562257779,41.68461525170866,31.530240261150084,1.615443381102273,0.1782754710847009,0.0784570564792923,7860900,0.2756393632527685,6.320177901804171,17.06276843108486,7855900,154.51595137878132,6.84793310564694,-25992292,-20.897850057326934,7.773851590105996,False,10000,-5.229023616652961,0,0,15.718282328962696,9.671654553724087,1.498202485719768,46.0162778008694,6.320177901804171,False,,,,,53.75,75.0,80.0,v4,80.0,watch,20260902,0.8,0.8,0.9,0.9,1.0,0.8,0.8,1.0,0.7,1.0,1.0,0.4,0.3,0.4,0.7,0.9,0.8,0.8,0.1,0.15,0.6,0.5,0.3,0.6,0.9,0.6,,,,validation,75.0,100.0,100.0
4,317,002059.SZ,云南旅游,0.1842751842751842,21.144278606965194,1.0986197425343351,0.9200942894959874,0.981654524203235,7.794259098689119,990393246.0,4.76,5.25,4.73,5.25,71025589.0,368884408.0,4.77,10.062893081761024,10.0,5.25,True,False,True,81.59178931061193,94.5,False,NONE,0,0,93000000,549100,167,45,123900,53,53,335600,0.7731016493224716,22.56419595702058,0.1744441711000805,61.11819340739392,False,launch_not_detected,0,0,0,0,0.0,0,61424792,6.202060873100906,0,0,0,0.0,0.0,0.0,0.0,0.0,0.0,0.0,0.0,0.0,0.0,0.0,0.0,0.0,4160300,0.4200654655918362,5.857466384404077,0.0,0,0.0,0.0,-53759587,-75.69044869166801,10.294117647058831,False,11100,3.850443253627928,8,2,3.630399174978925,25.8965417056166,6.759803872895151,100.0,5.857466384404077,False,15.61904761904762,14.476190476190464,-15.61904761904762,,40.25,,70.0,v4,70.0,invalid,20260902,0.35,0.35,0.4,0.4,0.35,0.35,0.35,0.35,0.35,0.35,0.45,0.3,0.4,0.3,0.35,0.35,0.4,0.2,0.5,0.55,0.1,0.8,0.75,0.2,0.3,0.2,1.0,1.0,1.0,excluded,,,
5,1328,000985.SZ,大庆华科,0.3176369863013699,34.61249059443192,1.590634257180702,1.598680456188117,1.198994156952359,4.759063157539969,129639500.0,17.2,18.7,16.71,17.49,9863260.0,176264348.0,17.0,2.882352941176469,10.0,18.7,True,False,True,56.67699457784663,55.00000000000001,False,NONE,0,0,93000000,200800,65,33,44600,45,45,151200,2.0358380494887083,22.21115537848605,0.4521831524262769,75.2988047808765,False,launch_not_detected,0,0,0,0,0.0,0,9620400,7.42088638107984,0,0,0,0.0,0.0,0.0,0.0,0.0,0.0,0.0,0.0,0.0,0.0,0.0,0.0,0.0,805000,0.6209527188858334,8.16160174222316,0.0,0,0.0,0.0,-3086900,-31.296954556607044,1.685066821615333,False,2100,13.128012442133738,19,2,9.936556768410584,39.05692323713066,6.681582388083879,35.28527952678634,8.16160174222316,False,3.030303030303028,1.8867924528302105,-5.374499714122338,,53.0,,60.0,v4,60.0,invalid,20260902,0.35,0.35,0.4,0.4,0.35,0.35,0.35,0.35,0.35,0.35,0.45,0.5,0.8,0.5,0.35,0.35,0.4,0.6,0.8,0.55,0.5,1.0,0.2,0.5,0.2,0.3,0.8,0.7,0.74,excluded,,,
6,1393,603530.SH,神马电力,0.3816025067144137,38.361758347345656,2.3919320793858185,1.1055178198145468,1.149330477254224,1.7013395425026254,427464774.00000006,45.42,50.39,44.63,50.39,8040019.0,393086567.0,45.81,9.99781707050862,10.0,50.39,True,False,True,49.53524399690163,33.5,True,CONTINUOUS_TRIGGER,93900000,94159999,93000000,34100,76,50,10800,37,37,18400,0.4241283509404642,31.67155425219941,0.1343280407670678,53.95894428152492,True,,0,0,0,0,0.0,605104,5004352,1.1707051210727364,144104,0,0,0.0,471.1849999999999,403.2649999999994,50.65311087019752,216.8233419109926,5.073508025066766,0.0,45.793780903778526,30.39146989608398,7.313415552873693,0.1415564595739062,0.0337113158241198,0.0,461300,0.1079153249713156,5.737548630171148,76.23482905417912,190112,131.92694165325042,0.0,-1645403,-20.465163079838494,10.942316160281806,False,1200,13.712604410511966,62,3,4.648222865250476,4.341081915676167,0.341339003526873,100.0,5.737548630171148,False,,,,,57.75,25.0,50.0,v4,50.0,watch,20260902,0.7,0.7,0.4,0.4,0.9,0.7,0.7,0.9,0.8,0.7,0.45,0.2,0.2,0.2,1.0,0.8,0.4,0.9,0.9,0.9,0.4,0.1,0.75,0.1,0.5,0.1,,,,validation,50.0,25.0,75.0
7,1371,002265.SZ,建设工业,0.2037141249296566,37.30308758664147,2.260356599916772,1.630235655438398,1.6444236381137738,1.060620947171521,1033040407.0,19.3,21.44,19.26,21.44,17861910.0,377639477.0,19.49,10.005130836326328,10.0,21.44,True,False,True,53.43532145623547,24.0,False,NONE,0,0,93000000,212800,224,84,98900,99,98,65300,1.191361954012757,46.47556390977444,0.5536921863339362,30.686090225563916,False,launch_not_detected,0,0,0,0,0.0,0,16688653,1.6154888895841613,0,0,0,0.0,0.0,0.0,0.0,0.0,0.0,0.0,0.0,0.0,0.0,0.0,0.0,0.0,5192750,0.5026666880417583,29.07163903524315,0.0,0,0.0,0.0,-7430610,-41.600310381140645,11.088082901554408,False,3100,12.493484739313992,37,5,4.542054330687492,10.324939787181044,1.5074679455399076,100.0,29.07163903524315,False,-2.985074626865669,1.0727611940298587,-6.38992537313433,,55.50000000000001,,40.0,v4,40.0,invalid,20260902,0.35,0.35,0.4,0.4,0.35,0.35,0.35,0.35,0.35,0.35,0.45,0.9,0.7,0.9,0.35,0.35,0.4,0.5,0.7,1.0,0.3,0.6,0.75,0.3,0.7,0.4,0.5,0.6,0.56,excluded,,,
8,1118,000635.SZ,英 力 特,0.3039399624765478,31.96428571428571,1.7325653881829506,1.1955208003266593,0.7284956466667359,2.353008404783939,366819816.0,7.94,7.94,7.94,7.94,10318900.0,81932066.0,7.22,9.972299168975084,10.0,7.94,True,False,True,65.04260263361735,36.5,False,NONE,0,0,93000000,40085800,3609,89,10318900,985,984,27133300,388.469701227844,25.74203333848894,100.0,67.68805911320219,False,launch_not_detected,0,0,0,0,0.0,0,10509800,2.865112390765716,0,0,0,0.0,0.0,0.0,0.0,0.0,0.0,0.0,0.0,0.0,0.0,0.0,0.0,0.0,0,0.0,0.0,0.0,0,0.0,57.00510713351229,-10318900,-100.0,0.0,False,10000,0.0,0,0,100.0,7.212778275860647,1.6035938472855022,100.0,0.0,False,-6.92695214105794,-5.16372795969774,-7.304785894206544,,38.75,,30.0,v4,30.0,invalid,20260902,0.35,0.35,0.4,0.4,0.35,0.35,0.35,0.35,0.35,0.35,0.45,0.1,0.1,0.1,0.35,0.35,1.0,0.1,0.3,0.15,1.0,0.3,0.75,1.0,0.4,1.0,0.4,0.3,0.34,excluded,,,
9,1247,001278.SZ,一彬科技,0.2706453851492018,38.6255924170616,1.445394577129892,2.248449753748092,0.7451618646371297,1.842991511245598,85348376.00000001,16.45,18.22,16.31,18.22,3536729.0,61707944.0,16.56,10.024154589371982,10.0,18.22,True,False,True,60.60224632068165,38.0,True,CONTINUOUS_TRIGGER,131600000,131859999,93000000,51200,25,17,34200,16,16,15400,1.447665342750321,66.796875,0.9669952094152536,30.078125,True,,0,0,0,0,0.0,2301400,3027556,3.547291866455666,228300,2,61200,2.6592508907621446,10262.57816488123,11633.399999999998,43.40836012861736,305.9140577213648,10.093855913791606,0.0,34.11401755453202,55.9659337794386,47.99632654919277,2.6964777865251937,0.2674919086919708,0.0717061095573745,414912,0.4861393027560359,11.731518021312914,18.02867819588077,414912,181.73981603153743,46.39804180642622,-1559705,-44.1002123713748,10.759878419452896,False,1500,3.62764577099348,13,2,29.21258275884668,20.17788832912298,3.7984659485495063,32.229446555168224,11.731518021312914,False,,,,,63.74999999999999,50.0,20.0,v4,20.0,watch,20260902,1.0,1.0,0.8,0.8,0.8,0.9,0.9,0.8,1.0,0.8,0.45,0.6,0.5,0.6,0.8,1.0,0.9,0.4,0.4,0.55,0.8,0.7,0.1,0.4,1.0,0.5,,,,validation,25.0,50.0,50.0
10,437,003039.SZ,顺控发展,0.2292490118577075,22.44897959183674,1.1901358399291335,0.6002138024218254,1.0035422177697757,5.356770748282719,617518730.0,12.46,13.77,12.18,13.77,19854510.0,258174121.0,12.52,9.984025559105426,10.0,13.77,True,False,True,79.10147172734314,77.5,True,CONTINUOUS_TRIGGER,130600000,130859999,93000000,1164000,531,108,706200,253,252,396700,5.862647831651348,60.6701030927835,3.5568744834297097,34.080756013745706,True,,0,0,0,0,0.0,11874846,19582063,3.1710881061048948,1535324,39,629800,5.303647727305264,10677.232684319832,11914.825,40.6109350807581,274.0820488355401,12.370274107133683,16.531753317199367,22.83172345982424,64.23906465818588,28.453696414567776,1.922993655593248,0.2486279242088738,0.1019888093110957,3022200,0.4894102564306025,15.221730478364863,25.45043531511904,667224,43.4581886298918,0.0,-4748660,-23.91728629918341,10.513643659711056,False,3100,-3.153087132344238,17,2,34.20119439893314,8.759086546249375,2.791526663490839,76.77902621722846,15.221730478364863,False,,,,,67.25,100.0,10.0,v4,10.0,medium,20260902,0.9,0.9,1.0,1.0,0.7,1.0,1.0,0.7,0.9,0.9,0.9,0.7,0.6,0.7,0.9,0.7,0.4,0.7,0.2,0.55,0.9,0.4,0.4,0.7,0.8,0.8,,,,validation,100.0,75.0,25.0
1,704,002761.SZ,浙江建投,0.2946428571428571,18.7793427230047,1.3009688462196556,0.9743601467520364,0.9736203471403536,4.796598521385367,1081789109.0,7.39,8.12,7.35,7.7,50558652.0,394863102.0,7.38,4.336043360433606,10.0,8.12,True,False,True,74.49951597289449,78.88888888888889,True,CONTINUOUS_TRIGGER,103100000,103359999,93000000,703800,170,59,28900,23,23,351500,1.3920466075717368,4.1062801932367154,0.0571613341273418,49.94316567206592,True,,0,0,0,0,0.0,9003222,64608467,5.97237173701293,2213700,41,763200,8.476965246441774,2180.171611095545,2537.5599999999977,55.86333425966837,315.57382691586264,7.356255349473777,29.556662038588595,27.10609601762569,48.306039771095286,9.102540945909713,0.8322529710363353,0.2046332304127495,0.0705497951172292,7489734,0.6923469590966274,14.813951131450262,83.18948483109713,4599834,207.7894023580431,0.0,-2621272,-5.184616077184969,4.1948579161028565,False,4500,10.523585557621274,2,1,7.3411161700795216,14.116605420548748,5.068404973191498,-2.663684233110498,14.813951131450262,False,,,,,57.22222222222224,14.285714285714285,100.0,v4,100.0,medium,20260903,0.4444444444444444,0.4444444444444444,0.7777777777777778,0.8888888888888888,0.6666666666666666,0.7777777777777778,0.8888888888888888,0.5555555555555556,0.8888888888888888,0.4444444444444444,0.7777777777777778,0.6666666666666666,0.5555555555555556,0.6666666666666666,0.7777777777777778,1.0,0.4444444444444444,0.8888888888888888,0.6666666666666666,0.3333333333333333,0.3333333333333333,0.6666666666666666,0.1111111111111111,0.3333333333333333,0.1111111111111111,0.1111111111111111,,,,validation,57.14285714285714,100.0,100.0
2,1083,002868.SZ,绿康生化,0.0561717352415026,33.12469908521906,1.7902911529725891,1.6315360683451856,1.0867117703586595,4.59377796845554,107433221.0,22.27,24.57,21.95,23.48,8052028.0,190905113.0,22.34,5.102954341987465,10.0,24.57,True,False,True,66.76089060987415,69.44444444444444,True,CONTINUOUS_TRIGGER,103200000,103459999,93000000,35400,45,32,17800,22,22,10500,0.4396407960826763,50.282485875706215,0.2210623211941141,29.66101694915254,True,,0,0,0,0,0.0,1115600,5457748,5.080130660887473,208400,2,30000,2.6891358910003587,2566.010432178006,2933.9199999999983,44.27214055216923,251.02838941436383,6.4718537110075305,11.07296137339056,24.82968806023664,56.48978128361419,6.383485005268239,1.0384125037077685,0.1939809660924157,0.027924323333841,625000,0.5817567361216881,7.762019704849512,56.0236643958408,156500,75.09596928982725,0.0,-1394276,-17.31583645759801,5.43331836551415,False,1500,16.415740233392135,14,2,7.895151373489567,12.395420965736474,6.515675444562907,39.317319848293295,7.762019704849512,False,,,,,57.22222222222222,42.857142857142854,88.88888888888889,v4,88.88888888888889,watch,20260903,0.5555555555555556,0.3333333333333333,0.6666666666666666,0.6666666666666666,0.5555555555555556,1.0,1.0,0.4444444444444444,0.4444444444444444,0.3333333333333333,0.3333333333333333,0.2222222222222222,0.2222222222222222,0.2222222222222222,0.5555555555555556,0.3333333333333333,0.4444444444444444,0.6666666666666666,1.0,0.6666666666666666,0.4444444444444444,0.4444444444444444,0.4444444444444444,0.1111111111111111,0.7777777777777778,0.3333333333333333,,,,validation,71.42857142857143,42.857142857142854,85.71428571428571
3,1425,601999.SH,出版传媒,0.3363363363363363,25.14071294559099,2.255985936777664,1.8014165713857295,1.4898506969524714,4.5876552092951695,550914700.0,6.49,7.1,6.43,6.73,45529123.0,315542939.0,6.45,4.341085271317824,10.0,7.1,True,False,True,52.44530493707648,58.333333333333336,False,NONE,0,0,93000000,692500,126,42,182500,60,60,498800,1.521004478825564,26.353790613718413,0.4008423355749681,72.028880866426,False,launch_not_detected,0,0,0,0,0.0,0,26783494,4.861640831148634,0,0,0,0.0,0.0,0.0,0.0,0.0,0.0,0.0,0.0,0.0,0.0,0.0,0.0,0.0,5149852,0.9347820996608004,11.311116183810526,0.0,0,0.0,0.0,-11753223,-25.814736207416072,3.6979969183359,False,5900,15.628179352367496,2,1,1.2963854518109297,25.681752184140304,1.8629441182092252,8.063677184269347,11.311116183810526,False,19.167904903417508,9.509658246656748,2.6745913818722045,,41.94444444444445,,77.77777777777779,v4,77.77777777777779,invalid,20260903,0.16666666666666666,0.16666666666666666,0.2222222222222222,0.2222222222222222,0.16666666666666666,0.16666666666666666,0.16666666666666666,0.16666666666666666,0.16666666666666666,0.16666666666666666,0.16666666666666666,0.4444444444444444,0.8888888888888888,0.4444444444444444,0.16666666666666666,0.16666666666666666,0.4444444444444444,0.4444444444444444,0.8888888888888888,0.3333333333333333,0.1111111111111111,1.0,0.2222222222222222,0.4444444444444444,0.4444444444444444,0.4444444444444444,0.8888888888888888,0.8888888888888888,0.8888888888888888,excluded,,,
4,700,600185.SH,珠免集团,0.1364764267990074,20.70588235294117,1.7095250034629124,1.1825668100930105,1.044144693845838,2.518107153078389,1885005795.0,4.88,5.28,4.87,5.28,56132267.0,289260749.0,4.8,10.000000000000009,10.0,5.28,True,False,True,74.58083252662149,41.66666666666666,True,CONTINUOUS_TRIGGER,93500000,93759999,93000000,1921500,458,68,617500,100,100,1183700,3.423164790404777,32.13635180848296,1.1000802800285976,61.60291438979964,True,,0,0,0,0,0.0,11084640,38160284,2.0244120257465843,4454680,0,0,0.0,354.61730785744953,234.11000000000055,68.81919484981019,276.368559368096,22.040409070569726,29.61695058349333,27.53341560934771,32.27872082449227,8.868303858100013,0.588042754531691,0.2363218199018852,0.0,11221288,0.5952919630148936,19.990797806188727,101.23276894874348,6943100,155.86080257167745,0.0,1886701,3.361170144793902,8.196721311475418,False,9305,10.059041442242124,2,1,11.567083658044972,5.234423377462349,1.3737052728795458,100.0,19.990797806188727,False,,,,,51.66666666666666,71.42857142857143,66.66666666666666,v4,66.66666666666666,watch,20260903,0.3333333333333333,0.5555555555555556,0.2222222222222222,0.2222222222222222,0.8888888888888888,0.3333333333333333,0.3333333333333333,0.8888888888888888,0.5555555555555556,0.7777777777777778,0.8888888888888888,0.8888888888888888,0.4444444444444444,0.8888888888888888,0.8888888888888888,0.6666666666666666,0.4444444444444444,1.0,0.5555555555555556,0.3333333333333333,0.5555555555555556,0.1111111111111111,0.7777777777777778,0.6666666666666666,0.5555555555555556,0.6666666666666666,,,,validation,42.857142857142854,57.14285714285714,71.42857142857143
5,1242,600865.SH,百大集团,0.1142672692059393,30.74901445466489,1.8880615330998964,2.0773877007906787,1.1608872548542717,3.1379347468200702,376240316.0,9.38,10.32,9.31,10.32,24526004.0,246986051.0,9.38,10.021321961620464,10.0,10.32,True,False,True,62.46272991287511,39.44444444444444,True,CONTINUOUS_TRIGGER,100100000,100359999,93000000,520800,210,71,118700,43,43,309100,2.123460470772165,22.791858678955453,0.483976109601874,59.350998463901696,True,,0,0,0,0,0.0,4871700,10885600,2.89325719150204,1747100,21,265900,5.45805365683437,1356.7607296607075,1440.9199999999985,69.88525566024181,307.22711727941,10.811421064515466,22.23987291501191,27.5324835273108,36.60529178726112,12.304491184132564,1.294837313500449,0.4643574666782919,0.0706729153395671,5512900,1.4652603045336587,22.47777501789529,113.16172999158404,3124200,178.82204796519946,0.0,-7403604,-30.18675198780853,10.021321961620464,False,5000,8.092227335525184,11,2,12.116653608775904,22.097578718810134,1.3317286284652174,100.0,22.47777501789529,False,,,,,68.88888888888889,57.14285714285714,55.55555555555556,v4,55.55555555555556,medium,20260903,0.6666666666666666,1.0,0.8888888888888888,0.7777777777777778,0.7777777777777778,0.6666666666666666,0.6666666666666666,1.0,0.7777777777777778,0.5555555555555556,0.6666666666666666,1.0,1.0,1.0,1.0,0.7777777777777778,0.4444444444444444,0.3333333333333333,0.4444444444444444,0.6666666666666666,0.6666666666666666,0.8888888888888888,0.7777777777777778,0.5555555555555556,0.3333333333333333,0.5555555555555556,,,,validation,85.71428571428571,71.42857142857143,57.14285714285714
6,1307,002059.SZ,云南旅游,0.3022113022113022,30.597014925373145,1.6017643966223865,1.2478721154364525,1.3172155215151786,2.025713551630203,990393246.0,5.78,5.78,5.78,5.78,25035472.0,144705028.0,5.25,10.095238095238091,10.0,5.78,True,False,True,60.13939980638915,37.22222222222222,False,NONE,0,0,93000000,67309000,5998,98,25035472,1425,1424,33907300,268.8545276877544,37.19483575747671,100.0,50.37558127442095,False,launch_not_detected,0,0,0,0,0.0,0,23290172,2.3516085246001364,0,0,0,0.0,0.0,0.0,0.0,0.0,0.0,0.0,0.0,0.0,0.0,0.0,0.0,0.0,2300,0.0002322309859532,0.0091869647993854,0.0,0,0.0,76.62117175182476,-25030872,-99.98162607040123,0.0,False,10000,0.0,0,0,100.0,10.515257491972031,1.936854080687057,100.0,0.0091869647993854,False,8.650519031141869,9.169550173010377,-22.6643598615917,,34.166666666666664,,44.44444444444444,v4,44.44444444444444,invalid,20260903,0.16666666666666666,0.16666666666666666,0.2222222222222222,0.2222222222222222,0.16666666666666666,0.16666666666666666,0.16666666666666666,0.16666666666666666,0.16666666666666666,0.16666666666666666,0.16666666666666666,0.1111111111111111,0.1111111111111111,0.1111111111111111,0.16666666666666666,0.16666666666666666,1.0,0.1111111111111111,0.3333333333333333,0.1111111111111111,1.0,0.3333333333333333,0.7777777777777778,1.0,0.6666666666666666,1.0,0.6666666666666666,0.7777777777777778,0.7333333333333334,excluded,,,
7,1097,002670.SZ,国盛证券,0.1228323699421964,25.428571428571423,1.6569204009043983,1.8722697280198264,1.61389868608262,3.539557212927335,1623350634.0000002,12.26,13.42,12.26,12.69,107579541.0,1397237253.0,12.2,4.016393442622945,10.0,13.42,True,False,True,66.4704743465634,31.11111111111111,True,CONTINUOUS_TRIGGER,94800000,95059999,93000000,1189500,561,124,197900,44,44,822600,1.1056935072812777,16.637242538881882,0.1839569105430557,69.15510718789407,True,,0,0,0,0,0.0,21675236,97208602,5.988145750155907,5866760,13,247400,1.1413947234530688,713.2774912442396,681.9350000000013,61.99175870564916,285.5307018793245,22.07726827057385,22.08280661456364,21.37000953530564,51.56334168633735,9.2549418852791,1.3352159136804205,0.36139820178861,0.015240083985454,13139726,0.8094200799751557,12.213963619718363,60.620913193286576,6499551,110.7860386312036,0.0,-13648765,-12.687138161334971,3.507340946166382,False,4000,11.121247487010564,3,2,4.215221814614814,13.37697447808432,6.793627679083408,38.49769856037607,12.213963619718363,False,,,,,61.66666666666667,28.57142857142857,33.33333333333333,v4,33.33333333333333,watch,20260903,0.7777777777777778,0.7777777777777778,0.5555555555555556,0.5555555555555556,0.4444444444444444,0.4444444444444444,0.4444444444444444,0.7777777777777778,0.6666666666666666,0.8888888888888888,0.5555555555555556,0.5555555555555556,0.7777777777777778,0.5555555555555556,0.6666666666666666,0.5555555555555556,0.4444444444444444,0.7777777777777778,0.7777777777777778,0.6666666666666666,0.2222222222222222,0.5555555555555556,0.3333333333333333,0.2222222222222222,0.2222222222222222,0.2222222222222222,,,,validation,14.285714285714285,28.57142857142857,28.57142857142857
8,1449,600657.SH,信达地产,0.368181818181818,36.160714285714256,2.3940472432002333,1.218711659428121,1.537105147235026,3.870811919088241,2851878595.0,3.02,3.36,2.84,3.36,134534624.0,414701309.0,3.05,10.163934426229517,10.0,3.36,True,False,True,47.78509196515005,68.33333333333334,True,CONTINUOUS_TRIGGER,102400000,102659999,93000000,9302800,1067,58,5658200,820,820,3499600,6.914799865943803,60.82254805004945,4.2057574710284245,37.61878144214645,True,,0,0,0,0,0.0,66746675,83746572,2.9365405717770394,10750050,221,7912050,11.85384889958938,2198.2206385124487,2421.209999999999,56.69080444831147,322.3238959037119,25.234178331729638,35.57080765057153,35.191303536842845,48.70295037168518,33.95893015615073,2.3404458772201,0.3769462703933931,0.2774329178623398,20926798,0.733789931895751,15.554953347920309,31.352569996932434,11128350,103.51905339975164,0.0,-32410628,-24.090919524181373,11.258278145695355,False,11900,-14.866920800997669,5,3,39.76752809957123,7.42394155106031,1.535111700643765,100.0,15.554953347920309,False,,,,,68.05555555555556,100.0,22.22222222222222,v4,22.22222222222222,medium,20260903,0.8888888888888888,0.8888888888888888,1.0,1.0,1.0,0.8888888888888888,0.7777777777777778,0.6666666666666666,1.0,1.0,1.0,0.7777777777777778,0.6666666666666666,0.7777777777777778,0.4444444444444444,0.4444444444444444,0.4444444444444444,0.5555555555555556,0.2222222222222222,0.9444444444444444,0.8888888888888888,0.2222222222222222,0.7777777777777778,0.7777777777777778,1.0,0.8888888888888888,,,,validation,28.57142857142857,85.71428571428571,42.857142857142854
9,1320,001299.SZ,美能能源,0.337248322147651,33.25635103926097,1.7844305910453957,1.588736360578834,0.7492881213747501,4.108748317547212,282337678.0,10.33,11.36,10.09,11.36,18430207.0,199814092.0,10.33,9.970958373668925,10.0,11.36,True,False,True,59.34559535333979,60.55555555555555,True,CONTINUOUS_TRIGGER,95800000,100059999,93000000,1336600,274,71,773500,132,131,535300,7.252224568069149,57.870716743977255,4.196914337424425,40.04937902139758,True,,0,0,0,0,0.0,10236571,18541985,6.567308030350806,793750,1,20500,0.2002623730153388,1188.1806148686417,1352.489999999998,33.34504298363192,216.8640766357552,14.16206657483253,16.69603006812309,18.85125399901979,73.39468460678874,29.181782928428312,3.625648221134694,0.2811349890041952,0.0072608091648327,1652100,0.5851503815229365,8.964088140735479,16.139193485787377,1604832,202.1835590551181,19.726853854652852,-8085745,-43.87224191242128,9.970958373668925,False,5100,-15.542592657803572,16,3,25.60722692513548,16.99266649065521,5.928895540466972,100.0,8.964088140735479,False,,,,,54.16666666666665,85.71428571428571,11.11111111111111,v4,11.11111111111111,watch,20260903,1.0,0.6666666666666666,0.4444444444444444,0.4444444444444444,0.3333333333333333,0.5555555555555556,0.5555555555555556,0.3333333333333333,0.3333333333333333,0.6666666666666666,0.4444444444444444,0.3333333333333333,0.3333333333333333,0.3333333333333333,0.3333333333333333,0.8888888888888888,0.8888888888888888,0.2222222222222222,0.1111111111111111,0.9444444444444444,0.7777777777777778,0.7777777777777778,0.7777777777777778,0.8888888888888888,0.8888888888888888,0.7777777777777778,,,,validation,100.0,14.285714285714285,14.285714285714285
1,1367,600059.SH,古越龙山,0.3211267605633802,19.69486823855757,1.7238156961074411,1.8665974788821984,2.0677292014139934,4.236459649838241,911542413.0,8.59,9.19,8.55,9.19,72082631.0,655276947.0,8.35,10.059880239520956,10.0,9.19,True,False,True,58.46600813480535,55.00000000000001,False,NONE,0,0,93000000,1511500,321,95,405100,62,62,876800,2.0968990435435133,26.80119086999669,0.561993915011232,58.00860072775389,False,launch_not_detected,0,0,0,0,0.0,0,29345251,3.2192962808412955,0,0,0,0.0,0.0,0.0,0.0,0.0,0.0,0.0,0.0,0.0,0.0,0.0,0.0,0.0,5840700,0.6407491211272909,8.102784150595168,0.0,0,0.0,0.0,-23139947,-32.10197335888031,6.984866123399303,False,8000,13.967581177773605,1,1,3.4019242789246897,21.561529249434937,1.68733969814743,100.0,8.102784150595168,False,2.285092491838969,-5.984766050054391,16.430903155603914,,48.75,,100.0,v4,100.0,invalid,20260904,0.21875,0.21875,0.28125,0.28125,0.21875,0.21875,0.21875,0.21875,0.21875,0.21875,0.21875,0.5,0.75,0.5,0.21875,0.21875,0.34375,0.3125,0.875,0.3125,0.4375,1.0,0.8125,0.75,0.75,0.8125,0.5,0.3125,0.3875,excluded,,,
2,455,603613.SH,国联股份,0.1133455210237659,22.815249266862185,1.5607287038213324,1.174122821504159,0.7763373892990687,4.666665382190534,720537813.0,19.05,20.8,19.05,20.68,39479984.0,810266162.0,18.91,9.360126916975142,10.0,20.8,True,False,True,79.27367809413131,56.25,False,NONE,0,0,93000000,434600,142,74,26900,30,30,354800,1.100810983104755,6.189599631845375,0.0681357925575653,81.63828808099402,False,launch_not_detected,0,0,0,0,0.0,0,13076839,1.8148719975644083,0,0,0,0.0,0.0,0.0,0.0,0.0,0.0,0.0,0.0,0.0,0.0,0.0,0.0,0.0,3088362,0.4286190043436346,7.822601954448614,0.0,0,0.0,0.0,-9660672,-24.469797150880304,8.55643044619423,False,4000,16.347696594811183,24,2,3.164792916073404,12.391462375618586,1.1575164897001733,100.0,7.822601954448614,False,-3.3849129593810368,-6.528046421663447,2.852998065764023,,49.21875,,93.75,v4,93.75,invalid,20260904,0.21875,0.21875,0.28125,0.28125,0.21875,0.21875,0.21875,0.21875,0.21875,0.21875,0.21875,0.375,0.4375,0.375,0.21875,0.21875,0.34375,0.4375,0.9375,0.71875,0.3125,0.75,0.8125,0.375,0.1875,0.125,0.125,0.1875,0.16249999999999998,excluded,,,
3,892,002564.SZ,天沃科技,0.0930626057529611,34.860050890585235,1.646440531324605,1.2925542766730689,0.8062897909165972,1.4664425043507896,858904477.0,4.48,4.93,4.48,4.93,16280161.0,78292653.0,4.48,10.044642857142838,10.0,4.93,True,False,True,71.29575828006972,34.6875,True,CONTINUOUS_TRIGGER,94600000,94859999,93000000,422100,80,26,24100,26,25,358600,2.5927262021548803,5.709547500592277,0.148032934072335,84.9561715233357,True,,0,0,0,0,0.0,4713200,16753061,1.95051503963694,1141700,13,563100,11.947296953237716,654.1564401019542,676.2300000000032,69.96096070610201,371.4835918834305,18.94678774505644,9.284509418048918,11.612068233896292,64.16447424255283,14.238188430691809,0.5487455387894083,0.1329251425010327,0.0655602590368148,5583000,0.65001407601232,34.29327265252476,118.45455316982093,2529100,221.5205395462906,0.0,-234561,-1.440778134810829,10.044642857142838,False,8000,4.37772083457897,5,2,7.423679308679855,8.426024306309444,1.5515882565367043,100.0,34.29327265252476,False,,,,,65.78125,50.0,87.5,v4,87.5,medium,20260904,0.5,0.4375,0.6875,1.0,0.4375,0.625,0.625,0.8125,1.0,0.8125,0.5,1.0,0.8125,1.0,1.0,1.0,0.34375,0.6875,0.5,0.71875,0.8125,0.3125,0.8125,0.8125,0.0625,0.375,,,,validation,100.0,90.0,100.0
4,826,601949.SH,中国出版,0.2405797101449275,26.62192393736018,1.2536454516974629,0.6521472681179705,1.1772541623687045,4.305037878637025,1903968054.0,5.29,5.83,5.27,5.83,53454259.0,306336551.0,5.3,10.000000000000009,10.0,5.83,True,False,True,72.70385434824715,60.46875000000001,True,CONTINUOUS_TRIGGER,94600000,94859999,93000000,692600,298,55,172600,89,88,434500,1.2956872154939048,24.92058908460872,0.3228928867950447,62.734623159110605,True,,0,0,0,0,0.0,21754233,25716733,1.350691412388582,3485200,6,73000,0.3355668756512813,517.2793742293464,405.2199999999975,64.18433138966564,233.1980422730063,21.092028388222197,49.54413964369129,41.38975619135825,42.589453739876745,32.30226987151763,1.1425734247114632,0.1830492897545223,0.0038340979433261,7399900,0.3886567311071071,13.843424524882106,34.01590853605365,6631000,190.2616779524848,0.2246041880317361,-20587823,-38.51484125895375,10.207939508506623,False,8900,-11.372844958902151,3,1,0.9221782823448968,7.941923746163863,0.6314756161344711,100.0,13.843424524882106,False,,,,,41.5625,70.0,81.25,v4,81.25,watch,20260904,0.625,0.5625,0.5625,0.5625,1.0,0.4375,0.4375,0.75,0.75,0.9375,1.0,0.9375,0.25,0.9375,0.8125,0.9375,0.75,0.25,0.125,0.3125,0.0625,0.25,0.8125,0.5625,0.6875,0.5625,,,,validation,90.0,60.0,80.0
5,1472,600865.SH,百大集团,0.1749515816655907,35.61103810775295,2.377751066903332,2.3375047478962845,1.2907830233637747,6.546787145038221,376240316.0,10.06,11.35,9.81,11.35,57576605.0,602024510.0,10.32,9.980620155038755,10.0,11.35,True,False,True,51.0575246949448,68.75,True,CONTINUOUS_TRIGGER,135000000,135259999,93000000,4850400,1663,148,2104000,816,816,2597000,8.424254955636929,43.3778657430315,3.6542620045068657,53.5419759195118,True,,0,0,0,0,0.0,36736700,29748704,7.906835800127278,2527600,58,1141800,3.108063598526813,10536.914991545344,12971.629999999996,53.6771076335109,210.61222865575317,19.576603233278984,37.371779400229286,33.33805703832952,59.78162981432737,54.42003049676166,9.764158288661442,0.6718046664621662,0.3034762494724249,3942600,1.047894080548242,6.847572898749414,10.732047244308824,3911200,154.7396739990505,1.7063310818840112,-6467009,-11.232008208889704,12.823061630218668,False,3500,-6.317322808456664,6,2,45.540827848971794,19.406479554413306,4.791963868114548,63.31399097356544,6.847572898749414,False,,,,,65.78125,100.0,75.0,v4,75.0,medium,20260904,0.9375,0.9375,0.9375,0.75,0.8125,1.0,1.0,0.5,0.6875,0.875,0.9375,0.1875,1.0,0.1875,0.5,0.875,0.8125,0.625,0.3125,0.71875,0.9375,0.875,0.5625,0.9375,0.9375,0.9375,,,,validation,40.0,100.0,90.0
6,1434,605398.SH,新炬网络,0.3051081454210767,37.64906303236797,1.943963575941659,1.3531427281822634,0.9666957245218736,1.8640844949042137,162716379.0,26.66,26.66,26.66,26.66,4104313.0,109420985.0,24.24,9.983498349834983,10.0,26.66,True,False,True,54.72206081735425,27.1875,False,NONE,0,0,93000000,19265900,3827,119,3800100,2347,2347,15421500,469.4062075675028,19.72448730658833,92.58796782798971,80.0455727477045,False,launch_not_detected,0,0,0,0,0.0,0,1768068,1.0865949764036968,0,0,0,0.0,0.0,0.0,0.0,0.0,0.0,0.0,0.0,0.0,0.0,0.0,0.0,0.0,47400,0.0291304417485838,1.154882680731221,0.0,0,0.0,0.0048729227035072,-4009513,-97.69023463853756,0.0,False,3000,0.4572750664971214,0,0,100.0,10.16142327011837,0.0001229132563231,100.0,1.154882680731221,False,-9.639909977494376,-21.08027006751688,-23.443360840210048,,37.5,,68.75,v4,68.75,invalid,20260904,0.21875,0.21875,0.28125,0.28125,0.21875,0.21875,0.21875,0.21875,0.21875,0.21875,0.21875,0.0625,0.0625,0.0625,0.21875,0.21875,0.6875,0.0625,0.4375,0.0625,1.0,0.5625,0.8125,1.0,0.5,1.0,0.0625,0.0625,0.0625,excluded,,,
7,1310,002868.SZ,绿康生化,0.09695885509839,33.12469908521906,1.994978141682317,1.9089920519091523,1.260071055541902,6.774359337803146,107433221.0,23.5,25.83,23.1,25.83,13893477.0,346250944.0,23.48,10.008517887563873,10.0,25.83,True,False,True,60.736006197946935,79.6875,True,CONTINUOUS_TRIGGER,105000000,105259999,93000000,632500,375,124,157200,90,90,442200,4.552496110224964,24.85375494071146,1.1314662269207345,69.91304347826087,True,,0,0,0,0,0.0,10845990,15581857,14.503760433655804,684290,7,110500,1.0188097167708987,2779.3438648377387,2988.9100000000035,44.42369945021155,142.8926431329596,15.49236169312345,22.211808809746955,23.432623485730677,70.2582244682136,52.9068425420073,10.09556438785355,0.6369445071371359,0.1028545909463144,724790,0.6746423436378213,5.216764673090832,6.682561942247781,710290,103.7995586666472,17.59004996641978,-2441857,-17.575564417747984,9.91489361702127,False,1800,-3.1742953905635,9,1,12.76374269421121,20.174020473611236,10.39808440631227,46.14003590664273,5.216764673090832,True,,,,,60.9375,90.0,62.5,v4,62.5,medium,20260904,1.0,0.875,0.75,0.625,0.6875,0.6875,0.6875,0.4375,0.5,0.6875,0.625,0.125,0.875,0.125,0.4375,0.5625,0.9375,0.5625,0.375,0.3125,0.875,0.9375,0.5,0.875,0.625,0.875,,,,validation,60.0,40.0,70.0
8,1326,000702.SZ,正虹科技,0.3111702127659577,31.85840707964602,1.5360654900121136,1.8883570088555717,0.8500891581599522,2.7710546600867936,346624948.0,5.7,6.26,5.6,6.26,18137984.0,110905654.0,5.69,10.017574692442864,10.0,6.26,True,False,True,60.26341274452838,34.375,False,NONE,0,0,93000000,221600,70,31,75800,32,31,115900,1.221745481747034,34.205776173285194,0.4179075248936155,52.3014440433213,False,launch_not_detected,0,0,0,0,0.0,0,14330684,4.134348690908422,0,0,0,0.0,0.0,0.0,0.0,0.0,0.0,0.0,0.0,0.0,0.0,0.0,0.0,0.0,1451800,0.4188388655740959,8.00419715884632,0.0,0,0.0,0.0,-10408184,-57.38335638624447,9.824561403508758,False,5700,6.869010359695984,4,2,4.577146746981942,18.4473738456933,4.910865215622045,100.0,8.00419715884632,False,-0.6389776357827448,-6.38977635782747,-10.22364217252396,,45.46875,,56.25,v4,56.25,invalid,20260904,0.21875,0.21875,0.28125,0.28125,0.21875,0.21875,0.21875,0.21875,0.21875,0.21875,0.21875,0.4375,0.375,0.4375,0.21875,0.21875,0.34375,0.125,0.625,0.71875,0.625,0.8125,0.8125,0.5,0.8125,0.6875,0.25,0.25,0.25,excluded,,,
9,1152,600802.SH,福建水泥,0.1992687385740403,35.890410958904106,1.5905221438132096,1.30757768057673,0.8471110773068332,4.107145819448742,458248400.0,4.77,5.21,4.74,5.21,24609828.0,126192109.0,4.74,9.915611814345992,10.0,5.21,True,False,True,65.74472206081735,40.0,False,NONE,0,0,93000000,179800,63,33,84700,30,29,67900,0.7306024243647701,47.10789766407119,0.3441714424009789,37.76418242491658,False,launch_not_detected,0,0,0,0,0.0,0,7649571,1.669306646788074,0,0,0,0.0,0.0,0.0,0.0,0.0,0.0,0.0,0.0,0.0,0.0,0.0,0.0,0.0,2336840,0.5099504984632789,9.495556003073244,0.0,0,0.0,0.0,-13772366,-55.96286979331997,9.224318658280929,False,6213,7.395094350110858,3,1,5.369682618976914,7.074394585993099,0.6643145944426647,100.0,9.495556003073244,False,2.879078694817672,2.303262955854124,10.172744721689076,,44.375,,50.0,v4,50.0,invalid,20260904,0.21875,0.21875,0.28125,0.28125,0.21875,0.21875,0.21875,0.21875,0.21875,0.21875,0.21875,0.625,0.5,0.625,0.21875,0.21875,0.34375,0.1875,0.6875,0.3125,0.6875,0.1875,0.8125,0.125,1.0,0.625,0.625,0.6875,0.6625,excluded,,,
10,1191,600975.SH,新五丰,0.3111888111888111,26.49164677804294,1.5288332429032905,1.1475149667301117,1.079175098003056,4.016354818152552,1249661740.0,5.1,5.59,5.04,5.59,57594751.0,315029453.0,5.08,10.039370078740165,10.0,5.59,True,False,True,64.58454386984312,50.9375,False,NONE,0,0,93000000,379300,129,31,46300,19,19,205600,0.6585669586452418,12.206696546269445,0.0803892701958204,54.205114684945954,False,launch_not_detected,0,0,0,0,0.0,0,33333384,2.6673925377598584,0,0,0,0.0,0.0,0.0,0.0,0.0,0.0,0.0,0.0,0.0,0.0,0.0,0.0,0.0,6477484,0.5183389866765065,11.246656835099436,0.0,0,0.0,0.0,-326731,-0.5672930159902939,9.607843137254912,False,6200,22.724923318098902,6,2,2.3048443408267767,10.095591547837577,1.0954658818313503,-3.693980873804613,11.246656835099436,False,5.366726296958846,-1.073345259391767,-6.797853309481217,,53.28125,,43.75,v4,43.75,invalid,20260904,0.21875,0.21875,0.28125,0.28125,0.21875,0.21875,0.21875,0.21875,0.21875,0.21875,0.21875,0.8125,0.5625,0.8125,0.21875,0.21875,0.34375,0.75,1.0,0.71875,0.25,0.5,0.3125,0.0625,0.3125,0.1875,0.75,0.625,0.675,excluded,,,
11,402,603230.SH,内蒙新华,0.18,17.058823529411747,1.1724462949947396,0.7544446754525119,1.3316368515652306,5.421403326179028,353523000.0,9.35,10.34,9.35,9.8,14459617.0,145637558.0,9.4,4.255319148936176,10.0,10.34,True,False,True,80.11814836335463,67.1875,True,CONTINUOUS_TRIGGER,94000000,94259999,93000000,264900,144,59,35000,23,22,187900,1.831998731363355,13.21253303133258,0.242053437514977,70.93242733106833,True,,0,0,0,0,0.0,1413300,10050340,2.8429097965337475,505500,0,0,0.0,604.7597742663659,478.4600000000028,58.862237316917856,355.56309084229946,6.021368428500672,35.39531478770132,37.30984221325975,26.92280478313168,7.66626806228685,0.3997759693145848,0.1429892821683455,0.0,1450200,0.4102137626123336,10.029311288120564,102.61091063468476,621300,122.9080118694362,0.0,-4324547,-29.907756201288045,4.81283422459895,False,3000,11.646919831970653,1,1,3.3260676386769195,6.014347015611431,0.883874599389573,16.807990293315353,10.029311288120564,False,,,,,45.15625,60.0,37.5,v4,37.5,watch,20260904,0.4375,0.5,0.28125,0.28125,0.9375,0.5625,0.5625,0.6875,0.9375,0.4375,0.8125,0.75,0.3125,0.75,0.9375,0.75,0.34375,0.375,0.8125,0.3125,0.375,0.125,0.375,0.6875,0.375,0.5,,,,validation,50.0,20.0,60.0
12,1039,600616.SH,金枫酒业,0.3171806167400882,23.28767123287672,1.3396222646896203,1.17523757484903,1.062443801226843,5.19402939628765,669004950.0,4.37,4.81,4.35,4.62,40837524.0,191476023.0,4.37,5.720823798626995,10.0,4.81,True,False,True,68.38853379817935,60.3125,True,CONTINUOUS_TRIGGER,94500000,94759999,93000000,345900,72,31,80500,11,10,231900,0.8470151128653147,23.27262214512865,0.1971226267292797,67.04249783174328,True,,0,0,0,0,0.0,5774222,24707966,3.693241133716574,1651680,0,0,0.0,533.7954391891894,460.9400000000023,70.61747885689189,293.57818926110536,10.368496396570828,9.083221760270591,13.84948483103005,57.546142146942046,11.118166713535324,0.8631060203665161,0.2468860656412183,0.0,3920420,0.5860076222156503,9.600043332695684,67.89520735434141,1771020,107.22537053182216,0.0,-9526018,-23.326629694787567,5.720823798626995,False,5000,9.278476334657311,1,1,1.163540086199656,11.888737295591012,1.3877761293096562,34.34779070713646,9.600043332695684,False,,,,,50.78125,30.0,31.25,v4,31.25,watch,20260904,0.5625,0.6875,0.28125,0.28125,0.5,0.5,0.5,0.875,0.875,0.5,0.4375,0.6875,0.625,0.6875,0.875,0.625,0.34375,0.5,0.75,0.3125,0.125,0.6875,0.4375,0.1875,0.5625,0.4375,,,,validation,80.0,10.0,50.0
13,528,600150.SH,中国船舶,0.3511680482290882,19.11209068010073,0.8958762637091648,0.942226030734058,0.7819425000727953,4.7631150671293705,7525621287.999999,34.5,37.75,34.5,37.47,337744691.0,12392923871.0,34.32,9.178321678321666,10.0,37.75,True,False,True,77.84621344179742,60.3125,True,CONTINUOUS_TRIGGER,135700000,135959999,93000000,2920900,2109,295,476380,214,213,1830900,0.8648248448707665,16.309356705125133,0.1410473688245184,62.6827347735287,True,,0,0,0,0,0.0,214535578,180870104,2.4033909903014514,18057426,168,4673413,2.178386001784748,10177.967142336838,12873.055,77.56819430668045,97.60043711442876,38.72769019225333,25.117146689616348,23.02581392816813,68.557201733691,34.38032487089486,2.850735770375375,0.2399459833142749,0.0621000289697277,24082478,0.3200065094745172,7.130379437999812,11.22540057202074,23110341,127.98247657224236,0.0,79069205,23.410939418733896,8.608695652173903,False,2281,5.985300891080476,23,2,5.532441524049172,3.762920311330979,2.148854224937714,-34.444207219519015,7.130379437999812,False,,,,,57.96875,20.0,25.0,v4,25.0,watch,20260904,0.75,0.625,0.625,0.6875,0.625,0.9375,0.9375,1.0,0.4375,1.0,0.6875,0.25,0.1875,0.25,0.5625,0.8125,0.34375,1.0,0.5625,0.71875,0.75,0.0625,0.0625,0.25,0.4375,0.3125,,,,validation,10.0,50.0,40.0
14,1064,000876.SZ,新 希 望,0.2463465553235908,28.350515463917517,1.545800126822498,0.8192008734785052,1.12263784778376,4.905554111980003,4500008269.0,7.0,7.7,6.98,7.7,180838829.0,1360256301.0,7.0,10.000000000000009,10.0,7.7,True,False,True,67.69126476854541,73.59375,True,CONTINUOUS_TRIGGER,130000000,130259999,93000000,1807100,593,66,120400,60,59,1157100,0.9992876032171166,6.662608599413425,0.0665786217848159,64.03076752808367,True,,0,0,0,0,0.0,107868979,148086824,3.290812264060753,12322815,227,8019500,7.434482160065685,8829.959677257526,8762.150000000001,56.06726007854399,158.85633748004366,16.078016275652335,16.84536354023985,16.628750143264078,71.94737701188402,23.520536068058703,2.3970840174471686,0.2738398301374321,0.1782107836388955,14049250,0.3122049818615567,7.768934402909676,13.02436542020111,13436252,109.03557344648928,39.77660444893339,15119611,8.360821115469621,10.000000000000009,False,6600,-9.590493975162822,9,3,3.480103315476664,11.372239102878858,3.3504230656337044,-28.77218112635299,7.768934402909676,False,,,,,58.4375,10.0,18.75,v4,18.75,medium,20260904,0.6875,0.75,0.8125,0.9375,0.5625,0.8125,0.8125,0.625,0.5625,0.75,0.5625,0.3125,0.125,0.3125,0.625,0.6875,1.0,0.875,0.1875,0.9375,0.5625,0.625,0.1875,0.3125,0.25,0.0625,,,,validation,70.0,80.0,30.0
15,1212,603363.SH,傲农生物,0.1138888888888888,27.3076923076923,2.0988955174682915,1.906020317246767,1.0437766639159207,3.681109082009276,2146589668.0,3.02,3.31,2.98,3.28,150610499.0,487403433.0,3.01,8.97009966777409,10.0,3.31,True,False,True,63.98799147782297,23.125,True,CONTINUOUS_TRIGGER,111800000,112059999,93000000,1755500,319,38,702500,90,90,712300,1.1655893922773604,40.01708914839077,0.4664349462118175,40.57533466248932,True,,0,0,0,0,0.0,66789480,95327555,4.440883901617662,11762600,171,4223900,6.324199559571357,4017.66613084922,4786.244999999999,75.40660595051796,240.5325000679881,13.611544812147065,36.34261079921687,33.75097395577866,48.63756986878772,35.02253916574568,3.1114227835741173,0.5479668599616124,0.1967725859751972,13282400,0.6187675361530716,8.81903989973501,19.886964234487227,7501800,63.77671603216976,11.561434106216456,4795245,3.183871663555142,8.609271523178808,False,11300,-7.661564151646559,8,4,3.465481053168827,9.62788748501514,2.4348308285997025,-16.105216134933475,8.81903989973501,False,,,,,60.62499999999999,80.0,12.5,v4,12.5,medium,20260904,0.8125,0.8125,0.875,0.8125,0.875,0.75,0.75,0.9375,0.8125,0.625,0.875,0.5625,0.6875,0.5625,0.75,0.4375,0.875,0.8125,0.25,1.0,0.5,0.4375,0.25,0.4375,0.875,0.75,,,,validation,30.0,70.0,20.0
16,1204,002567.SZ,唐人神,0.3147208121827412,24.92012779552717,1.5152242875492656,1.4383265611284402,1.0438579929961476,4.599810283959067,1431666421.0,3.76,4.13,3.74,4.05,94719470.0,382086250.0,3.75,7.999999999999985,10.0,4.13,True,False,True,64.16618245206276,43.125,True,CONTINUOUS_TRIGGER,135400000,135659999,93000000,1504600,231,39,91900,26,26,1114900,1.5884801720279895,6.107935663963844,0.0970233469422918,74.09942841951349,True,,0,0,0,0,0.0,84826521,68567126,4.789322777585771,10931917,187,5642100,6.6513396205415525,9077.299005899446,10318.64,53.924598652348365,166.77163417937967,13.574636639878229,25.3959150487218,23.446963008184667,63.66565593324286,52.95530264263514,5.925019945690268,0.7635798981975285,0.3940931991726863,11284567,0.7882120328084443,11.913672025403011,13.30311188879242,11261667,103.01639684970164,0.0,8737240,9.224333708792924,7.71276595744681,False,9500,-31.881168676302767,4,1,1.8541040398696331,8.557000304193068,5.115535220058081,-30.34019899817963,11.913672025403011,False,,,,,59.375,40.0,6.25,v4,6.25,medium,20260904,0.875,1.0,1.0,0.875,0.75,0.875,0.875,0.5625,0.625,0.5625,0.75,0.875,0.9375,0.875,0.6875,0.5,0.34375,0.9375,0.0625,0.3125,0.1875,0.375,0.125,0.625,0.125,0.25,,,,validation,20.0,30.0,10.0
1,1293,002224.SZ,三 力 士,0.3282828282828282,22.397476340694,1.6917674564048653,1.8011871020634864,1.1188838477400491,4.467648523942355,806380369.0000001,3.9,4.2,3.9,3.97,64890000.0,263609655.0,3.82,3.9267015706806463,10.0,4.2,True,False,True,60.06974041069353,48.63636363636364,False,NONE,0,0,93000000,2258200,306,56,619500,40,40,1421900,3.4800431499460625,27.433353998760072,0.9546925566343042,62.96607917810646,False,launch_not_detected,0,0,0,0,0.0,0,79068681,9.80538267543068,0,0,0,0.0,0.0,0.0,0.0,0.0,0.0,0.0,0.0,0.0,0.0,0.0,0.0,0.0,8693500,1.0780892410340903,13.397287717676068,0.0,0,0.0,0.0,-3405248,-5.247723840345199,1.7948717948718107,False,8000,21.926490984743413,0,0,20.72848172394073,22.8247991984537,8.756541418234846,16.92199124622357,13.397287717676068,False,0.0,-3.2745591939546737,-4.282115869017645,,54.54545454545454,,100.0,v4,100.0,invalid,20260907,0.22727272727272727,0.22727272727272727,0.22727272727272727,0.22727272727272727,0.22727272727272727,0.22727272727272727,0.22727272727272727,0.22727272727272727,0.22727272727272727,0.22727272727272727,0.22727272727272727,0.7272727272727273,0.9090909090909091,0.7272727272727273,0.22727272727272727,0.22727272727272727,0.5,0.5454545454545454,0.9090909090909091,0.09090909090909091,0.9090909090909091,0.9090909090909091,0.45454545454545453,0.8181818181818182,0.2727272727272727,0.7272727272727273,0.7272727272727273,0.6363636363636364,0.6727272727272727,excluded,,,
2,535,603628.SH,清源股份,0.1334867663981588,20.80459770114944,1.4489885064972978,1.5072762382862754,0.8661018283862219,4.433758934475843,272173673.0,9.94,10.85,9.84,10.85,18189093.0,193102668.0,9.86,10.040567951318469,10.0,10.85,True,False,True,77.4447888415343,64.0909090909091,True,CONTINUOUS_TRIGGER,101900000,102159999,93000000,171800,102,62,53600,31,30,100800,0.9445220825469416,31.19906868451688,0.2946820932742496,58.67287543655413,True,,0,0,0,0,0.0,6313038,11125777,4.087749148316781,1507300,7,515700,8.168808741528247,1741.2585702030317,1682.0400000000009,76.36953872287795,273.8861510323308,10.792553442573924,32.04776820673453,31.01201038232306,45.11200471151924,24.069495933634517,2.3194888507824194,0.5538008079128212,0.1894746080014873,1923511,0.7067219172223171,10.57507925216502,30.4688645941938,940800,62.41624096065813,0.0,-2587733,-14.226839128262196,9.1549295774648,False,4300,2.86973627547014,15,2,3.373951343674919,13.407750866484433,1.1640402119274778,100.0,10.57507925216502,False,,,,,57.04545454545456,28.57142857142857,90.9090909090909,v4,90.9090909090909,medium,20260907,0.5454545454545454,0.9090909090909091,0.9090909090909091,0.8181818181818182,0.8181818181818182,0.6363636363636364,0.5454545454545454,1.0,1.0,0.6363636363636364,0.8181818181818182,0.45454545454545453,0.45454545454545453,0.45454545454545453,0.9090909090909091,0.45454545454545453,0.5,0.2727272727272727,0.45454545454545453,0.5454545454545454,0.36363636363636365,0.7272727272727273,0.8636363636363636,0.2727272727272727,0.45454545454545453,0.2727272727272727,,,,validation,71.42857142857143,57.14285714285714,71.42857142857143
3,208,002011.SZ,盾安环境,0.1975308641975307,15.621788283658788,1.043029174491445,0.9842707647994337,0.8023040296282019,7.960801715187566,1061515502.0,11.0,11.94,11.0,11.94,83175943.0,976147550.0,10.85,10.046082949308754,10.0,11.94,True,False,True,84.49244478884154,86.81818181818183,True,CONTINUOUS_TRIGGER,100800000,101059999,93000000,934400,234,92,278200,72,71,525300,1.1234017509125205,29.77311643835616,0.3344717113697166,56.21789383561644,True,,0,0,0,0,0.0,33340895,93097930,8.770284543616585,5929328,65,2728500,8.183643540462846,1611.9225983581164,1766.5300000000025,51.69662062161199,198.43769670052632,15.708057627127287,13.717343743653776,15.342272605459453,66.87377768353248,17.188906412518822,3.140876881890322,0.5585719651600528,0.2570381680587082,7999456,0.7535882410504825,9.617511640354952,23.992925204917263,3703312,62.45753313022993,0.0,3756969,4.51689378502147,8.545454545454545,False,5000,9.15904494163655,5,2,1.437943532234501,16.54272591112852,6.269099685743449,25.587042061655893,9.617511640354952,False,,,,,70.00000000000001,42.857142857142854,81.81818181818183,v4,81.81818181818183,medium,20260907,0.8181818181818182,1.0,1.0,0.9090909090909091,0.45454545454545453,0.5454545454545454,0.6363636363636364,0.45454545454545453,0.6363636363636364,0.7272727272727273,0.45454545454545453,0.36363636363636365,0.5454545454545454,0.36363636363636365,0.7272727272727273,0.5454545454545454,0.5,1.0,0.6363636363636364,0.5454545454545454,0.18181818181818182,0.8181818181818182,0.5454545454545454,0.36363636363636365,0.36363636363636365,0.36363636363636365,,,,validation,42.857142857142854,71.42857142857143,85.71428571428571
4,1340,603668.SH,天马科技,0.2132653061224489,33.943089430894304,2.0137478579787382,1.6842356545712078,0.9957400911615302,3.4699720755562438,505796732.0,12.04,13.12,11.7,13.12,29560029.0,375507858.0,11.93,9.974853310980713,10.0,13.12,True,False,True,58.051142967841926,47.27272727272727,True,CONTINUOUS_TRIGGER,132300000,132559999,93000000,366500,196,60,192700,134,133,77300,1.2398499338414046,52.57844474761255,0.6518938124181137,21.091405184174626,True,,0,0,0,0,0.0,18228668,17798674,3.5189381176152,1135300,12,356400,1.9551620557245328,8521.644816466041,9918.9,60.79903918377361,157.57649996891098,16.83005582196132,38.49164647403329,38.09646980240136,55.67542839663327,55.936660278648574,3.603951320112523,0.2244577570738436,0.0704630887176234,1775244,0.3509797291454228,6.005555677905458,9.738747779047817,1638000,144.27904518629438,3.248284248846124,198751,0.6723640223762973,8.97009966777409,False,3800,0.1847630122419704,14,2,8.889258839482396,7.788776697750589,1.4153565151939336,-3.3169533169533167,6.005555677905458,False,,,,,47.72727272727273,71.42857142857143,72.72727272727273,v4,72.72727272727273,watch,20260907,0.9090909090909091,0.45454545454545453,0.5454545454545454,0.5454545454545454,0.9090909090909091,0.8181818181818182,0.8181818181818182,0.8181818181818182,0.45454545454545453,0.8181818181818182,1.0,0.09090909090909091,0.18181818181818182,0.09090909090909091,0.45454545454545453,1.0,1.0,0.8181818181818182,0.36363636363636365,0.5454545454545454,0.5454545454545454,0.2727272727272727,0.2727272727272727,0.45454545454545453,0.8181818181818182,0.5454545454545454,,,,validation,28.57142857142857,100.0,100.0
5,1168,002564.SZ,天沃科技,0.1692047377326564,34.860050890585235,2.0593869598960324,1.3031776931813517,0.8061051071813099,3.0702978402703773,858904477.0,5.36,5.42,5.05,5.42,34366002.0,181942410.0,4.93,9.93914807302232,10.0,5.42,True,False,True,64.16505230530802,32.27272727272727,False,NONE,0,0,93000000,13578000,2106,92,4410000,1023,1023,8900800,39.50997849560737,32.47901016349978,12.832449931184897,65.5531006039181,False,launch_not_detected,0,0,0,0,0.0,0,40484002,4.71344638246658,0,0,0,0.0,0.0,0.0,0.0,0.0,0.0,0.0,0.0,0.0,0.0,0.0,0.0,0.0,11440006,1.331929953370123,33.28873111280154,0.0,0,0.0,0.0,-1484390,-4.319356089195362,1.1194029850746243,False,7300,21.945235293881435,6,3,13.286326129990432,9.004482113090674,3.81870194862193,100.0,33.28873111280154,False,-1.6605166051660514,-6.273062730627299,-8.671586715867152,,60.22727272727273,,63.63636363636363,v4,63.63636363636363,invalid,20260907,0.22727272727272727,0.22727272727272727,0.22727272727272727,0.22727272727272727,0.22727272727272727,0.22727272727272727,0.22727272727272727,0.22727272727272727,0.22727272727272727,0.22727272727272727,0.22727272727272727,1.0,1.0,1.0,0.22727272727272727,0.22727272727272727,0.5,0.6363636363636364,1.0,0.9090909090909091,0.6363636363636364,0.36363636363636365,0.8636363636363636,1.0,0.5454545454545454,1.0,0.45454545454545453,0.36363636363636365,0.4,excluded,,,
6,1316,601949.SH,中国出版,0.3942028985507247,30.42505592841165,1.642534340586352,0.755040680425192,1.3629970211382705,9.01281095339738,1903968054.0,6.11,6.41,5.88,6.41,129565767.0,794651255.0,5.83,9.94854202401372,10.0,6.41,True,False,True,58.95001937233631,83.63636363636363,False,NONE,0,0,93000000,8908800,2703,113,5313900,1572,1570,3132300,6.875890295929789,59.64776400862068,4.101314817207851,35.159617456896555,False,launch_not_detected,0,0,0,0,0.0,0,82333738,4.324323500440412,0,0,0,0.0,0.0,0.0,0.0,0.0,0.0,0.0,0.0,0.0,0.0,0.0,0.0,0.0,15491165,0.8136252584414423,11.956217570957612,0.0,0,0.0,0.0,-7734095,-5.969242631813387,4.909983633387882,False,4400,21.621394021462475,1,1,19.42200786771366,5.958730755048687,2.810953150582641,67.1795550920523,11.956217570957612,False,8.42433697347893,-10.608424336973476,-6.084243369734798,,48.4090909090909,,54.54545454545454,v4,54.54545454545454,invalid,20260907,0.22727272727272727,0.22727272727272727,0.22727272727272727,0.22727272727272727,0.22727272727272727,0.22727272727272727,0.22727272727272727,0.22727272727272727,0.22727272727272727,0.22727272727272727,0.22727272727272727,0.6363636363636364,0.6363636363636364,0.6363636363636364,0.22727272727272727,0.22727272727272727,0.5,0.45454545454545453,0.8181818181818182,0.22727272727272727,0.8181818181818182,0.18181818181818182,0.6363636363636364,0.9090909090909091,1.0,0.9090909090909091,0.9090909090909091,0.09090909090909091,0.4181818181818182,excluded,,,
7,361,002516.SZ,旷达科技,0.1896551724137932,27.16297786720323,1.1076387888013977,0.7779734100437845,0.7583068847053385,6.875973274193619,1460498682.0,5.45,5.95,5.43,5.88,78126812.0,454881443.0,5.41,8.687615526802217,10.0,5.95,True,False,True,80.70127857419605,66.81818181818183,True,CONTINUOUS_TRIGGER,111800000,112059999,93000000,434600,102,38,61900,23,23,295700,0.5562750979778875,14.242982052462033,0.0792301623673061,68.03957662218131,True,,0,0,0,0,0.0,38749099,63690772,4.360892124379199,4170800,76,2199300,5.675744873448541,3579.003818126705,3970.64,52.1649135635386,201.61044400056065,8.913920811423253,21.93437418476218,21.11351285871189,68.12288203139897,23.92046023841341,2.653141661650606,0.2855736914660221,0.1505855518464617,5738048,0.3928827920708798,7.34453109388362,14.80821012122114,5737948,137.57427831591062,0.0,3478856,4.452832402786383,7.889908256880718,False,5800,-2.367952758650897,2,1,6.21021692810986,11.169253489268128,4.2848302275975625,-24.200840168033608,7.34453109388362,False,,,,,47.95454545454545,14.285714285714285,45.45454545454545,v4,45.45454545454545,medium,20260907,0.6363636363636364,0.5454545454545454,0.6363636363636364,0.7272727272727273,0.6363636363636364,0.7272727272727273,0.7272727272727273,0.5454545454545454,0.7272727272727273,0.5454545454545454,0.6363636363636364,0.18181818181818182,0.2727272727272727,0.18181818181818182,0.5454545454545454,0.9090909090909091,0.5,0.9090909090909091,0.2727272727272727,0.22727272727272727,0.45454545454545453,0.6363636363636364,0.09090909090909091,0.18181818181818182,0.09090909090909091,0.09090909090909091,,,,validation,57.14285714285714,28.57142857142857,57.14285714285714
8,1279,002483.SZ,润邦股份,0.2166172106824924,31.64556962025316,1.4330959970980106,1.8886713255595664,1.6691938804762962,2.914238949326049,885250799.0,5.54,6.02,5.52,6.02,48724554.0,288188835.0,5.47,10.05484460694699,10.0,6.02,True,False,True,60.54436265013561,37.27272727272727,True,CONTINUOUS_TRIGGER,95100000,95359999,93000000,855800,92,46,165100,11,11,651100,1.756403968315441,19.291890628651554,0.3388435325647106,76.08086001402197,True,,0,0,0,0,0.0,24768894,52811042,5.9656587782418935,4145100,4,77100,0.3112775241397537,740.7230221093515,683.7799999999988,54.95113346603203,201.62534953943825,18.589396845898733,16.495521439518907,15.51053510907673,67.75436157948756,25.66771981124753,2.7979521767141606,0.468240187377679,0.0087093962622901,7461175,0.842831772468132,15.312967256714142,30.123165773974403,4817800,116.22880027019856,0.0,-6829410,-14.01636226367511,8.664259927797824,False,10000,-10.357506812684218,8,2,1.2017144267148965,23.836905907158638,4.699116346123739,100.0,15.312967256714142,False,,,,,50.681818181818194,57.14285714285714,36.36363636363637,v4,36.36363636363637,watch,20260907,0.7272727272727273,0.7272727272727273,0.45454545454545453,0.45454545454545453,0.5454545454545454,0.45454545454545453,0.45454545454545453,0.6363636363636364,0.8181818181818182,1.0,0.5454545454545454,0.9090909090909091,0.7272727272727273,0.9090909090909091,0.8181818181818182,0.7272727272727273,0.5,0.36363636363636365,0.09090909090909091,0.5454545454545454,0.09090909090909091,1.0,0.8636363636363636,0.6363636363636364,0.18181818181818182,0.45454545454545453,,,,validation,100.0,14.285714285714285,14.285714285714285
9,1298,603355.SH,莱克电气,0.3263525305410121,38.66090712742982,1.811454581604767,0.4650375740968841,0.9434531730359962,2.312444282293309,573396882.0,27.51,30.07,27.45,30.07,6166158.0,183127697.0,27.34,9.985369422092184,10.0,30.07,True,False,True,59.87214258039519,37.27272727272728,False,NONE,0,0,93000000,28500,26,17,15600,8,8,9100,0.4622002874399261,54.736842105263165,0.2529938415460648,31.929824561403507,False,launch_not_detected,0,0,0,0,0.0,0,2580263,0.4499959942230729,0,0,0,0.0,0.0,0.0,0.0,0.0,0.0,0.0,0.0,0.0,0.0,0.0,0.0,0.0,720620,0.1256756049119918,11.686693724033669,0.0,0,0.0,0.0,-2434624,-39.48364605642606,9.30570701563067,False,2560,10.871712985622487,28,3,2.230029781012936,2.8198095433661603,0.1502791569068909,100.0,11.686693724033669,False,-1.6627868307283022,-0.4323245759893512,2.394413036248744,,41.13636363636363,,27.27272727272727,v4,27.27272727272727,invalid,20260907,0.22727272727272727,0.22727272727272727,0.22727272727272727,0.22727272727272727,0.22727272727272727,0.22727272727272727,0.22727272727272727,0.22727272727272727,0.22727272727272727,0.22727272727272727,0.22727272727272727,0.5454545454545454,0.09090909090909091,0.5454545454545454,0.22727272727272727,0.22727272727272727,0.5,0.09090909090909091,0.7272727272727273,0.9090909090909091,0.2727272727272727,0.09090909090909091,0.8636363636363636,0.09090909090909091,0.9090909090909091,0.18181818181818182,0.36363636363636365,0.8181818181818182,0.6363636363636364,excluded,,,
10,1448,603536.SH,惠发食品,0.2934648581997532,36.945169712793735,2.0613873594777408,2.4070350895967096,1.2470590047127952,4.196479991289352,240532260.0,10.5,11.04,10.24,10.63,24296343.0,257801664.0,10.04,5.8764940239044,10.0,11.04,True,False,True,46.87911662146455,37.27272727272727,True,CONTINUOUS_TRIGGER,131000000,131259999,93000000,546200,190,61,247000,49,48,218300,2.2480749469169083,45.221530574880994,1.0166138994662697,39.96704503844746,True,,0,0,0,0,0.0,12910548,16588748,6.8966832141351855,1290700,21,398200,3.0842997524194944,10606.601214322338,12177.635000000002,57.84609607585983,164.30257432219568,17.163330324940507,38.24460507571361,41.27555236230096,48.72719577821174,47.08162047267772,5.367491246288544,0.5366016184273993,0.1655495192204155,2032600,0.8450425734992887,8.365868065000564,15.743715913530547,1003100,77.71751762609436,0.0,-226097,-0.9305803758203446,1.238095238095238,False,2100,5.295035553292938,4,3,22.91680599483575,10.156579412674208,3.077098681066731,1.820034806953824,8.365868065000564,False,,,,,65.45454545454545,100.0,18.181818181818183,v4,18.181818181818183,medium,20260907,1.0,0.8181818181818182,0.7272727272727273,0.6363636363636364,1.0,1.0,0.9090909090909091,0.7272727272727273,0.5454545454545454,0.9090909090909091,0.9090909090909091,0.2727272727272727,0.8181818181818182,0.2727272727272727,0.6363636363636364,0.6363636363636364,0.5,0.7272727272727273,0.5454545454545454,0.9090909090909091,1.0,0.45454545454545453,0.36363636363636365,0.7272727272727273,0.7272727272727273,0.8181818181818182,,,,validation,14.285714285714285,85.71428571428571,42.857142857142854
11,1111,603999.SH,读者传媒,0.2944162436548223,27.926078028747447,1.4585924033581017,1.217239045138884,0.9867630588218738,3.2222958636939194,576000000.0,5.98,6.63,5.98,6.63,22592473.0,144016950.0,6.03,9.950248756218905,10.0,6.63,True,False,True,65.67996900426192,43.63636363636363,True,CONTINUOUS_TRIGGER,134400000,134659999,93000000,357100,105,50,154400,23,22,148600,1.5806149242714598,43.23718846261552,0.6834134536754786,41.61299355922711,True,,0,0,0,0,0.0,9444386,8912986,1.5473934027777778,2021400,42,969000,10.26006349168702,10258.65327764344,12432.46,64.90204868797188,224.50868930962145,8.019579038806759,27.34320262176517,28.21993933750696,50.37686939098,28.03234510892189,1.6396503472222224,0.3509375,0.1682291666666666,3388300,0.5882465277777779,14.99747283088487,35.87633965829012,2359500,116.72603146334224,0.0,-6332101,-28.02748065694269,10.869565217391289,False,5300,-4.788763053960494,11,2,19.320644100065223,10.429167881944444,0.5103633680555555,-10.221886040038296,14.99747283088487,False,,,,,51.818181818181806,85.71428571428571,9.090909090909092,v4,9.090909090909092,medium,20260907,0.45454545454545453,0.6363636363636364,0.8181818181818182,1.0,0.7272727272727273,0.9090909090909091,1.0,0.9090909090909091,0.9090909090909091,0.45454545454545453,0.7272727272727273,0.8181818181818182,0.36363636363636365,0.8181818181818182,1.0,0.8181818181818182,0.5,0.18181818181818182,0.18181818181818182,0.5454545454545454,0.7272727272727273,0.5454545454545454,0.18181818181818182,0.5454545454545454,0.6363636363636364,0.6363636363636364,,,,validation,85.71428571428571,42.857142857142854,28.57142857142857
1,458,002095.SZ,生 意 宝,0.2604395604395604,21.34831460674156,1.023811704089802,0.9188347954119808,0.818568875203511,6.167549981418502,251708415.0,14.95,16.31,14.75,16.31,14264214.0,230197386.0,14.83,9.97977073499663,10.0,16.31,True,False,True,79.09337466098411,78.125,True,CONTINUOUS_TRIGGER,94600000,94859999,93000000,61700,49,30,8000,13,13,6700,0.4325509979028638,12.965964343598054,0.0560844081559628,10.85899513776337,True,,0,0,0,0,0.0,1160100,14710309,5.844186417049267,480900,2,32800,2.827342470476683,728.6142770270271,731.9500000000007,68.67511421429188,360.1011665895411,12.361003361779158,25.47452547452547,23.325575381432635,35.2211016291699,8.31241034381565,0.4608904314939172,0.1910543991944012,0.0130309509119907,2089089,0.8299639088347524,14.645665018766543,180.07835531419704,634000,131.83614056976504,0.0,-7934382,-55.62438981916564,9.096989966555192,False,4000,5.934431438002823,13,2,2.091123240406736,35.03561849531332,5.374243844807493,100.0,14.645665018766543,False,,,,,45.46875,9.090909090909092,100.0,v4,100.0,watch,20260908,0.375,0.375,0.5,0.625,0.75,0.5,0.5,0.8125,1.0,0.5625,0.75,0.6875,0.75,0.6875,1.0,0.9375,0.4375,0.1875,0.5,0.46875,0.125,1.0,0.75,0.0625,0.3125,0.0625,,,,validation,100.0,72.72727272727273,100.0
2,606,000928.SZ,中钢国际,0.2682926829268293,24.15966386554622,0.991859799615866,1.0694133695181007,0.8435856349383741,5.865737542718827,1434627071.0,5.44,5.96,5.4,5.96,89992695.0,528322477.0,5.42,9.963099630996307,10.0,5.96,True,False,True,76.33281673769856,70.0,True,CONTINUOUS_TRIGGER,105900000,110159999,93000000,833700,212,56,60900,45,43,683900,0.9264085268254272,7.304785894206549,0.0676721593902705,82.03190596137699,True,,0,0,0,0,0.0,22092487,74908950,5.2214928544311565,2863309,53,1412100,6.391765671289068,3366.158294855268,3734.5800000000017,58.507260862029696,200.25430158048485,13.555558502761594,26.89105450327386,25.54533584199914,61.49410883437433,15.051023863659156,1.539946334945467,0.1995855966947664,0.0984297611933185,6483404,0.4519226028183599,7.204366976675162,29.3466462150685,3352800,117.09529079816394,0.0,-25404737,-28.229776872445036,9.558823529411754,False,10000,3.654447730451899,6,4,1.7204888926817714,19.57213171812509,5.74391823950184,100.0,7.204366976675162,False,,,,,50.15625,27.27272727272727,93.75,v4,93.75,medium,20260908,0.75,0.5,0.75,0.9375,0.9375,0.875,0.875,0.5,0.4375,0.6875,0.9375,0.1875,0.1875,0.1875,0.5625,0.75,0.4375,0.4375,0.375,0.96875,0.0625,0.8125,0.75,0.3125,0.1875,0.1875,,,,validation,77.27272727272727,100.0,90.9090909090909
3,1463,605300.SH,佳禾食品,0.3756432246998283,36.14457831325302,1.9407784292877672,1.2529756006266854,1.7506078158202454,4.950235431046671,454398597.0,10.48,11.54,10.43,11.28,28184183.0,315655874.0,10.49,7.530981887511912,10.0,11.54,True,False,True,49.79852770244091,54.37499999999999,True,CONTINUOUS_TRIGGER,95400000,95659999,93000000,390800,205,78,156600,72,72,208800,1.3865933243479152,40.07164790174002,0.5556307947617286,53.428863868986696,True,,0,0,0,0,0.0,5763138,20267626,4.460318789232529,1681799,4,146600,2.5437530734124363,979.7839243186028,936.9499999999972,69.05855802862955,283.1322756413826,10.589699569921802,10.21812170017599,19.805199875484504,51.01279893002736,10.742323096610606,1.2683001307770323,0.3701153593130482,0.0322624235567347,3478099,0.7654290798789593,12.340606076819755,60.35078458992306,1682000,100.01195148766293,1.709972211787003,134345,0.476668065914843,7.6335877862595325,False,3000,14.22474442491379,6,1,4.081071698168096,9.693515845076432,1.9326505534963168,7.101548037733584,12.340606076819755,False,,,,,60.0,90.9090909090909,87.5,v4,87.5,watch,20260908,0.6875,0.75,0.6875,0.5625,0.6875,0.625,0.625,0.875,0.8125,0.5,0.4375,0.4375,0.6875,0.4375,0.75,0.5625,0.9375,0.8125,0.875,0.1875,0.5,0.375,0.1875,0.5625,0.9375,0.8125,,,,validation,18.181818181818183,27.27272727272727,63.63636363636363
4,1195,002790.SZ,瑞尔特,0.1481942714819426,31.782945736434097,1.4879281780735476,1.9986898608540504,1.1914967643090717,2.326722527218657,260697500.0,6.36,6.99,6.32,6.99,12123468.0,82816843.0,6.35,10.078740157480317,10.0,6.99,True,False,True,63.90546299883765,40.3125,False,NONE,0,0,93000000,205300,87,34,44200,25,25,151700,1.6934098394947714,21.52946906965417,0.3645821476165071,73.89186556259133,False,launch_not_detected,0,0,0,0,0.0,0,12727488,4.882090545555673,0,0,0,0.0,0.0,0.0,0.0,0.0,0.0,0.0,0.0,0.0,0.0,0.0,0.0,0.0,1778800,0.6823233824643504,14.672369325344862,0.0,0,0.0,0.0,-6353068,-52.403058266825965,9.905660377358494,False,4100,13.25940729170894,13,3,13.22650522803625,28.543503485840876,4.084913741021682,100.0,14.672369325344862,False,33.19027181688126,7.868383404864088,,,54.21875000000001,,81.25,v4,81.25,invalid,20260908,0.1875,0.1875,0.25,0.25,0.1875,0.1875,0.1875,0.1875,0.1875,0.1875,0.1875,0.75,0.625,0.75,0.1875,0.1875,0.4375,0.25,0.8125,0.78125,0.8125,0.9375,0.75,0.625,0.5625,0.6875,1.0,0.9375,0.9625,excluded,,,
5,263,605077.SH,华康股份,0.1572535991140642,23.67101303911734,1.0428042839837115,1.195498687089266,0.667513002058568,5.666712476191816,299429678.0,11.54,12.53,11.54,12.53,20285004.0,245906659.0,11.39,10.008779631255482,10.0,12.53,True,False,True,83.15769081751259,72.1875,True,CONTINUOUS_TRIGGER,110200000,110459999,93000000,222200,153,66,35400,35,35,150100,1.0953904667704282,15.931593159315932,0.1745131526717963,67.55175517551754,True,,0,0,0,0,0.0,16778270,17507728,5.84702495655758,1301161,19,614500,3.6624753326773263,3559.7707952088817,4064.4000000000015,56.92989801689924,157.85414042236337,18.949879814784243,34.64718529994485,36.69728166253135,55.54768161437384,64.13616679592471,5.603409158393444,0.4345464379786695,0.205223478215142,1549619,0.5175235168238734,7.639234382206678,9.23586877550546,1534919,117.96534018465049,0.0,1416714,6.984045948425743,8.578856152512992,False,2400,0.3988019918556584,9,3,4.715848654011571,7.994715874489902,2.564257842203604,100.0,7.639234382206678,False,,,,,60.78125,45.45454545454545,75.0,v4,75.0,medium,20260908,0.9375,0.8125,0.875,0.75,1.0,0.9375,0.9375,0.4375,0.375,0.9375,1.0,0.25,0.3125,0.25,0.4375,0.8125,0.4375,0.9375,0.3125,0.78125,0.5625,0.1875,0.75,0.375,0.4375,0.5,,,,validation,9.090909090909092,90.9090909090909,81.81818181818183
6,1424,001368.SZ,通达创智,0.3598355037697053,32.489224137931046,1.702793812626052,1.6918070559545986,1.059087865624095,4.221221677566585,108080599.0,23.95,26.2,23.76,25.25,7718568.0,198752738.0,23.81,6.047879042419146,10.0,26.19,True,False,True,54.531189461449046,43.125,True,CONTINUOUS_TRIGGER,94200000,94459999,93000000,89200,46,30,21600,7,7,54200,1.1556547794875942,24.2152466367713,0.2798446551225564,60.76233183856502,True,,0,0,0,0,0.0,658793,8124593,7.5171613362357474,209100,0,0,0.0,531.6922345337027,514.989999999998,59.35096456701877,274.7481567109104,5.373463288164871,11.1716621253406,17.50064132436137,50.75949501588512,4.24681106650871,0.6095386277420612,0.1934667293988627,0.0,508100,0.4701121243785852,6.582827280915319,77.12589538747376,198100,94.73935915829746,0.0,-626212,-8.113059313592883,5.406520841931495,False,1300,19.60467278386353,20,2,3.269612859775812,10.601625181592487,5.526673663235342,36.57142857142857,6.582827280915319,False,,,,,47.96875,81.81818181818183,68.75,v4,68.75,watch,20260908,0.5,0.4375,0.25,0.25,0.5625,0.4375,0.4375,0.5625,0.75,0.4375,0.5625,0.125,0.25,0.125,0.875,0.4375,0.4375,0.6875,0.9375,0.46875,0.375,0.4375,0.4375,0.5,0.75,0.625,,,,validation,54.54545454545454,9.090909090909092,54.54545454545454
7,1324,600097.SH,开创国际,0.2648514851485147,28.91566265060241,1.467538069484648,1.8252876476085096,1.3106785432220185,3.163030755082913,240936559.00000003,9.62,10.57,9.58,9.9,13910330.0,138905128.0,9.61,3.017689906347565,10.0,10.57,True,False,True,60.06974041069353,26.875,False,NONE,0,0,93000000,268700,88,42,72200,45,45,172500,1.931657983671128,26.87011537030145,0.5190387287720709,64.19799032378117,False,launch_not_detected,0,0,0,0,0.0,0,8907428,3.697001416875054,0,0,0,0.0,0.0,0.0,0.0,0.0,0.0,0.0,0.0,0.0,0.0,0.0,0.0,0.0,2239700,0.9295808030528068,16.10098394502503,0.0,0,0.0,0.0,-623470,-4.482064767694224,2.910602910602922,False,2200,22.60499930627095,4,1,28.39725329920599,1.9991154600991872,1.3764735471298897,15.834902508655771,16.10098394502503,False,-4.545454545454552,-8.7878787878788,,,53.75,,62.5,v4,62.5,invalid,20260908,0.1875,0.1875,0.25,0.25,0.1875,0.1875,0.1875,0.1875,0.1875,0.1875,0.1875,0.8125,0.9375,0.8125,0.1875,0.1875,0.4375,0.75,1.0,0.1875,0.875,0.0625,0.3125,0.6875,0.8125,0.75,0.4375,0.4375,0.4375,excluded,,,
8,191,002093.SZ,国脉科技,0.1210268948655257,20.833333333333325,1.1001162287310169,0.9410290521091752,0.7840832517654007,2.8758021800051066,1007500000.0,7.0,7.69,6.98,7.69,27265100.0,206173399.0,6.99,10.014306151645204,10.0,7.69,True,False,True,85.67125145292522,52.81249999999999,True,CONTINUOUS_TRIGGER,93800000,94059999,93000000,200800,116,50,27500,16,16,94500,0.7364726335131726,13.695219123505977,0.100861540944284,47.06175298804781,True,,0,0,0,0,0.0,6114279,27411900,2.7207841191067,2200800,0,0,0.0,395.0328070175439,266.1850000000013,67.0626904660386,320.99547064377003,13.49627650292046,11.139028475711893,15.0434744636285,48.96209348641107,8.130617529369047,0.6068763275434244,0.2184416873449131,0.0,6697400,0.6647543424317618,24.56400306619085,109.53703617384814,2927300,133.0107233733188,0.0,-9276542,-34.023502572886215,9.857142857142854,False,5700,4.1620203116805,12,2,2.669830764583595,15.919890818858562,2.410719602977668,100.0,24.56400306619085,False,,,,,49.21875,36.36363636363637,56.25,v4,56.25,watch,20260908,0.4375,0.5625,0.25,0.25,0.4375,0.375,0.375,0.75,0.9375,0.625,0.5,0.9375,0.5625,0.9375,0.9375,1.0,0.4375,0.375,0.4375,0.46875,0.3125,0.75,0.75,0.25,0.375,0.25,,,,validation,90.9090909090909,18.181818181818183,72.72727272727273
9,1186,603077.SH,和邦生物,0.253012048192771,23.18840579710144,1.581542334325226,2.0033706649349656,0.989186581204542,3.352934716272196,8831707728.0,2.31,2.53,2.3,2.53,593240866.0,1458194906.0,2.3,10.000000000000009,10.0,2.53,True,False,True,64.1747384734599,42.8125,True,CONTINUOUS_TRIGGER,102200000,102459999,93000000,15990800,983,34,881800,110,109,13069800,2.695498728504654,5.514420791955375,0.1486411423315534,81.73324661680466,True,,0,0,0,0,0.0,356871791,457267632,5.177567533743005,95658171,592,19220700,5.385883806097748,1935.887266097474,1866.574999999997,76.77764953969142,217.30364124424784,37.429039046686654,26.34104058159947,25.14465874384563,48.05070905702379,35.46680986741058,4.040801643249306,1.0831220183694017,0.217632881340296,78982307,0.8943039039844457,13.313699633093046,22.131843701818397,29360000,30.692621124859265,0.0,84478246,14.24012586482874,9.523809523809511,False,20000,-20.60653471569843,3,2,2.561598177161679,10.833419135538676,3.0698099659758125,100.0,13.313699633093046,False,,,,,62.65625,63.63636363636363,50.0,v4,50.0,medium,20260908,0.875,1.0,0.9375,0.875,0.8125,0.8125,0.75,1.0,0.5,1.0,0.875,0.625,0.8125,0.625,0.5,0.375,0.4375,1.0,0.125,0.46875,0.25,0.5,0.75,0.75,0.125,0.375,,,,validation,45.45454545454545,81.81818181818183,36.36363636363637
10,152,000789.SZ,万年青,0.1801801801801801,16.621983914209103,1.050804270970589,0.439791415370622,0.8501690648223231,9.771615974533573,797420215.0,4.15,4.54,4.13,4.38,34268917.0,151724246.0,4.13,6.0532687651331685,10.0,4.54,True,False,True,86.92754746222394,80.3125,True,CONTINUOUS_TRIGGER,101600000,101859999,93000000,219100,79,23,23000,10,10,149800,0.639354899952047,10.497489730716568,0.0671162149652993,68.370607028754,True,,0,0,0,0,0.0,5813900,43170064,5.413715778449384,2410500,25,800100,13.761846608988805,1905.061286930396,1925.9000000000012,61.86208913122001,310.41355444391814,4.456561000361203,10.162233882154274,11.422625088150811,47.116393470819936,5.031089835724893,0.7290886148402947,0.3022872952875918,0.1003360568179225,4428912,0.5554050319629782,12.923991732799726,76.17798723748258,2677609,111.08106202032772,2.7249832485410077,-5379325,-15.697388394269945,5.542168674698789,False,5400,10.790600706757088,6,4,3.576955568420915,12.38661851580976,4.055379132820203,7.238403146063168,12.923991732799726,False,,,,,63.90625,18.181818181818183,43.75,v4,43.75,medium,20260908,0.5625,0.6875,0.8125,1.0,0.375,0.75,0.8125,0.6875,0.875,0.375,0.375,0.5625,0.375,0.5625,0.8125,0.625,1.0,0.5625,0.6875,0.96875,0.4375,0.625,0.25,0.125,0.25,0.125,,,,validation,63.63636363636363,54.54545454545454,45.45454545454545
11,173,603888.SH,新华网,0.1345724907063197,17.202141900937097,1.138178753406341,0.9764603235287224,0.7936301521408007,7.583688896780448,742211985.0,16.95,18.43,16.86,17.72,54962069.0,982198388.0,16.75,5.791044776119403,10.0,18.43,True,False,True,86.08291359938009,70.625,True,CONTINUOUS_TRIGGER,100200000,100459999,93000000,633900,296,116,142200,69,67,422200,1.1533408613129177,22.432560340747752,0.25872388464852,66.603565231109,True,,0,0,0,0,0.0,17684054,35688584,4.808408476454338,4047468,8,114500,0.6474759690283687,1117.502962705045,991.1800000000004,69.19451840624328,234.39601486300853,16.53107370063448,25.653470945526724,25.19591378764168,51.91641577208485,18.793015233833355,2.3826149883580765,0.5453250663959569,0.0154268594840866,7061105,0.9513596038199248,12.84723287982481,39.92922098066428,3844080,94.9749324763037,0.0,-4737725,-8.619990270016945,4.542772861356936,False,2500,7.911110478755813,11,2,6.97287498177967,13.385575685631109,2.071194121178197,32.41878250167506,12.84723287982481,False,,,,,60.78125,72.72727272727273,37.5,v4,37.5,watch,20260908,0.8125,0.875,0.5625,0.5,0.875,0.6875,0.6875,0.9375,0.5625,0.875,0.8125,0.5,1.0,0.5,0.625,0.5,0.4375,0.625,0.625,0.46875,0.6875,0.6875,0.375,0.4375,0.625,0.5625,,,,validation,36.36363636363637,45.45454545454545,27.27272727272727
12,1456,000930.SZ,中粮科技,0.2809278350515463,28.02850356294537,2.4943037637774284,1.7234142469589608,1.6390938649213216,1.2609016642138602,1856302967.0,5.33,5.83,5.33,5.83,40338501.0,232696012.0,5.3,10.000000000000009,10.0,5.83,True,False,True,51.39868268113135,26.875,False,NONE,0,0,93000000,2081900,596,74,575400,65,65,1219500,5.161074279879661,27.638215091983287,1.426428810530168,58.57630049474039,False,launch_not_detected,0,0,0,0,0.0,0,38049358,2.0497385758905597,0,0,0,0.0,0.0,0.0,0.0,0.0,0.0,0.0,0.0,0.0,0.0,0.0,0.0,0.0,6846144,0.3688053147414917,16.97173625762643,0.0,0,0.0,0.0,-26045813,-64.56812314369341,9.380863039399625,False,10000,7.0060684704173815,7,2,2.099628535741139,8.263764198357821,1.959737103625499,100.0,16.97173625762643,False,0.8576329331046351,-14.75128644939966,,,39.21875,,31.25,v4,31.25,invalid,20260908,0.1875,0.1875,0.25,0.25,0.1875,0.1875,0.1875,0.1875,0.1875,0.1875,0.1875,0.875,0.125,0.875,0.1875,0.1875,0.4375,0.125,0.5625,0.46875,0.1875,0.25,0.75,0.9375,0.875,0.875,0.75,0.0625,0.3375,excluded,,,
13,518,600880.SH,博瑞传播,0.1465116279069768,18.9801699716714,1.4278028938188647,1.4845017156090812,0.813229654651144,0.9062812242857576,1093030175.0,4.58,4.58,4.58,4.58,14705366.0,67350576.0,4.16,10.096153846153854,10.0,4.58,True,False,True,78.06664083688491,34.375,False,NONE,0,0,93000000,90351600,1280,55,14705366,66,65,62489000,614.4124532500585,16.275711774888325,100.0,69.16202922803802,False,launch_not_detected,0,0,0,0,0.0,0,5322400,0.4869398962384547,0,0,0,0.0,0.0,0.0,0.0,0.0,0.0,0.0,0.0,0.0,0.0,0.0,0.0,0.0,0,0.0,0.0,0.0,0,0.0,0.2454886195964112,-14705366,-100.0,0.0,False,11600,0.0,0,0,100.0,5.16173306926316,0.0033027450500165,100.0,0.0,False,4.366812227074246,5.895196506550215,,,31.25,,25.0,v4,25.0,invalid,20260908,0.1875,0.1875,0.25,0.25,0.1875,0.1875,0.1875,0.1875,0.1875,0.1875,0.1875,0.0625,0.0625,0.0625,0.1875,0.1875,0.875,0.0625,0.25,0.0625,1.0,0.125,0.75,1.0,0.5,1.0,0.8125,0.875,0.8500000000000001,excluded,,,
14,647,002312.SZ,川发龙蟒,0.1024390243902439,37.913486005089055,1.1737444807315136,1.152164396560622,0.765410405578254,2.128662705995884,1884636265.0,8.56,9.34,8.52,9.34,46222012.0,421160180.0,8.49,10.011778563015316,10.0,9.34,True,False,True,75.78361100348702,40.9375,True,CONTINUOUS_TRIGGER,94800000,95059999,93000000,1405700,333,72,64000,45,45,1116300,3.0411917161892474,4.552891797680871,0.1384621681981303,79.4123924023618,True,,0,0,0,0,0.0,19213194,47934011,2.5434091389512763,5323918,21,587100,3.0557126524616365,770.3687695154389,751.7799999999988,60.59126868754877,269.9790341693826,14.040351645853368,16.505516117708517,16.32277277791501,55.96752939672602,16.17968512491408,1.0194643049596628,0.2824904783417186,0.0311518997539824,11355152,0.6025115939281791,24.566546345927133,59.10080333337602,6889652,129.40943117455978,0.0,-9097508,-19.68219816999745,9.112149532710268,False,5600,-2.7503129894042693,13,3,6.004390493626842,9.034109295355195,2.1299496749310403,100.0,24.566546345927133,False,,,,,57.96875,54.54545454545454,18.75,v4,18.75,watch,20260908,0.625,0.625,0.625,0.6875,0.5,0.5625,0.5625,0.625,0.6875,0.75,0.625,1.0,0.5,1.0,0.6875,0.875,0.4375,0.5,0.1875,0.78125,0.625,0.3125,0.75,0.8125,0.0625,0.3125,,,,validation,77.27272727272727,36.36363636363637,18.181818181818183
15,463,002383.SZ,合众思壮,0.0990312163616792,20.55016181229774,1.4065026153194686,1.3919220993351296,0.8883909177775102,3.5813456703336723,740360304.9999999,7.08,7.81,7.04,7.81,36906622.0,282833517.0,7.1,10.000000000000009,10.0,7.81,True,False,True,78.98295234405269,52.1875,False,NONE,0,0,93000000,271700,166,46,62900,46,45,159400,0.7361822493535171,23.150533676849467,0.1704301195595738,58.66764814133235,False,launch_not_detected,0,0,0,0,0.0,0,11358000,1.5341179049300868,0,0,0,0.0,0.0,0.0,0.0,0.0,0.0,0.0,0.0,0.0,0.0,0.0,0.0,0.0,4146600,0.5600786498136202,11.23538209484466,0.0,0,0.0,0.0,-18192422,-49.29311059679209,10.310734463276836,False,6100,11.02187027574618,12,3,7.642600840769578,27.223893371754997,4.495125113440544,-5.980289971627398,11.23538209484466,False,5.5057618437900135,-4.99359795134443,,,46.09375,,12.5,v4,12.5,invalid,20260908,0.1875,0.1875,0.25,0.25,0.1875,0.1875,0.1875,0.1875,0.1875,0.1875,0.1875,0.375,0.4375,0.375,0.1875,0.1875,0.4375,0.3125,0.75,0.78125,0.75,0.875,0.125,0.1875,0.6875,0.4375,0.875,0.6875,0.7625,excluded,,,
16,1467,002483.SZ,润邦股份,0.3798219584569732,31.64556962025316,1.848628925119779,2.0978857823092407,1.854096084574864,5.252749532791437,885250799.0,6.18,6.62,6.15,6.41,97551704.0,619360597.0,6.02,6.478405315614633,10.0,6.62,True,False,True,48.24680356450989,49.0625,True,CONTINUOUS_TRIGGER,141000000,141259999,93000000,3931200,787,103,1921700,354,354,1749700,4.02986297399787,48.88329263329263,1.9699297103000888,44.508038258038255,True,,0,0,0,0,0.0,101210873,88360351,9.981391838314511,5811310,89,3831100,3.7852652451678783,12084.90763400029,15164.32,43.3724200758549,242.5977170318544,14.997448940095596,19.651958972461216,18.096561621398127,76.1616540942197,48.82184118485517,11.433016848369997,0.6564591646304744,0.4327700132355373,8086020,0.9134157245759232,8.2889582328567,7.989279965997328,6602773,113.61935604880826,0.0,5992876,6.143281720635039,3.721682847896446,False,6300,-36.147348077077154,1,1,43.23080020202967,11.625586795996782,8.807367368442218,-10.08913416335635,8.2889582328567,True,,,,,61.5625,100.0,6.25,v4,6.25,medium,20260908,1.0,0.9375,1.0,0.8125,0.625,1.0,1.0,0.375,0.625,0.8125,0.6875,0.3125,0.875,0.3125,0.375,0.6875,0.4375,0.875,0.0625,0.1875,0.9375,0.5625,0.0625,0.875,1.0,0.9375,,,,validation,27.27272727272727,63.63636363636363,9.090909090909092
1,1093,002162.SZ,悦心健康,0.2586750788643532,30.487804878048784,1.3658343484046471,1.4051704713157305,0.970020128468438,8.540173706427145,918321621.0,4.51,4.51,4.27,4.51,110202267.0,491451011.0,4.1,10.000000000000009,10.0,4.51,True,False,True,66.32241813602016,83.57142857142856,False,NONE,0,0,93000000,115263000,1398,50,18273300,576,575,96834800,104.59222222715256,15.853569662424194,16.581600812259154,84.01204202562835,False,launch_not_detected,0,0,0,0,0.0,0,115032624,12.526398308550768,0,0,0,0.0,0.0,0.0,0.0,0.0,0.0,0.0,0.0,0.0,0.0,0.0,0.0,0.0,6393539,0.6962200228976205,5.801640178599956,0.0,0,0.0,49.50648217570343,-29044521,-26.35564747501973,0.0,False,7200,15.68414105310556,0,0,5.032776770405648,31.284050536364315,11.420139154057878,58.3424039807184,5.801640178599956,False,-12.195121951219512,-13.303769401330367,,,52.14285714285714,,100.0,v4,100.0,invalid,20260909,0.42857142857142855,0.42857142857142855,0.5,0.5,0.42857142857142855,0.42857142857142855,0.42857142857142855,0.42857142857142855,0.42857142857142855,0.42857142857142855,0.42857142857142855,0.42857142857142855,0.2857142857142857,0.42857142857142855,0.42857142857142855,0.42857142857142855,0.8571428571428571,0.5714285714285714,0.7142857142857143,0.21428571428571427,0.42857142857142855,0.8571428571428571,0.5714285714285714,0.7142857142857143,0.5714285714285714,0.7142857142857143,0.14285714285714285,0.2857142857142857,0.22857142857142854,excluded,,,
2,1001,605077.SH,华康股份,0.2834994462901438,25.677031093279837,1.4987592797813616,1.47428839104061,0.8087717184904575,7.699765008460385,299429678.0,13.1,13.78,12.8,13.78,33990280.0,457738082.0,12.53,9.97605746209098,10.0,13.78,True,False,True,68.0682038364658,69.28571428571429,False,NONE,0,0,93000000,2734500,1490,175,1517700,801,801,1064500,8.044946967191798,55.50191991223259,4.465100022712376,38.92850612543427,False,launch_not_detected,0,0,0,0,0.0,0,24387388,8.144612839613046,0,0,0,0.0,0.0,0.0,0.0,0.0,0.0,0.0,0.0,0.0,0.0,0.0,0.0,0.0,5596588,1.869082596415176,16.465260068466634,0.0,0,0.0,0.0,-1095252,-3.222250596346956,5.190839694656479,False,3000,21.67295473882533,4,1,1.3694989718269055,18.60371903415666,4.189998828372651,100.0,16.465260068466634,False,-9.433962264150942,-17.997097242380256,,,63.21428571428571,,85.71428571428571,v4,85.71428571428571,invalid,20260909,0.42857142857142855,0.42857142857142855,0.5,0.5,0.42857142857142855,0.42857142857142855,0.42857142857142855,0.42857142857142855,0.42857142857142855,0.42857142857142855,0.42857142857142855,1.0,1.0,1.0,0.42857142857142855,0.42857142857142855,0.2857142857142857,0.8571428571428571,1.0,0.5714285714285714,0.14285714285714285,0.42857142857142855,0.8571428571428571,0.5714285714285714,1.0,0.5714285714285714,0.2857142857142857,0.14285714285714285,0.19999999999999998,excluded,,,
3,1396,002790.SZ,瑞尔特,0.2278953922789539,35.46511627906976,1.932543152049258,2.1538671832296004,1.275775394848711,3.956553835165849,260697500.0,7.69,7.69,7.69,7.69,22216358.0,170843793.0,6.99,10.014306151645204,10.0,7.69,True,False,True,53.115675256733184,42.14285714285714,False,NONE,0,0,93000000,60509100,1529,75,22216358,404,403,20142600,272.36282382557937,36.7157303612184,100.0,33.28854668140825,False,launch_not_detected,0,0,0,0,0.0,0,21638098,8.300078826992971,0,0,0,0.0,0.0,0.0,0.0,0.0,0.0,0.0,0.0,0.0,0.0,0.0,0.0,0.0,314800,0.1207529799863826,1.416973925249134,0.0,0,0.0,61.17388817735112,-21586758,-97.16605214950174,0.0,False,34200,1.1419513495416307,0,0,100.0,22.612721640982365,5.213172354932441,100.0,1.416973925249134,False,8.972691807542276,-8.192457737321202,,,42.85714285714285,,71.42857142857143,v4,71.42857142857143,invalid,20260909,0.42857142857142855,0.42857142857142855,0.5,0.5,0.42857142857142855,0.42857142857142855,0.42857142857142855,0.42857142857142855,0.42857142857142855,0.42857142857142855,0.42857142857142855,0.14285714285714285,0.14285714285714285,0.14285714285714285,0.42857142857142855,0.42857142857142855,1.0,0.14285714285714285,0.14285714285714285,0.21428571428571427,1.0,0.7142857142857143,0.8571428571428571,1.0,0.8571428571428571,1.0,0.8571428571428571,0.7142857142857143,0.7714285714285714,excluded,,,
4,667,000993.SZ,闽东电力,0.1763224181360202,30.454042081949066,1.1465963414364462,1.9891891270440385,0.5015298318322158,3.194768137385672,457951455.0,10.41,11.47,10.35,11.47,29102806.0,327480755.0,10.43,9.971236816874418,10.0,11.47,True,False,True,74.90021313698895,25.0,False,NONE,0,0,93000000,845300,278,80,74000,23,22,686200,2.9045309239253423,8.754288418313024,0.2542710142795165,81.17827990062699,False,launch_not_detected,0,0,0,0,0.0,0,26349812,5.753843930903113,0,0,0,0.0,0.0,0.0,0.0,0.0,0.0,0.0,0.0,0.0,0.0,0.0,0.0,0.0,4149442,0.9060877424223928,14.257876027486835,0.0,0,0.0,0.0,-17137770,-58.887002167419865,10.18251681075888,False,5000,8.553398596685144,22,2,8.912518736790823,38.33434703248186,5.472055766260203,100.0,14.257876027486835,False,33.129904097646026,61.11595466434176,,,56.42857142857143,,57.14285714285714,v4,57.14285714285714,invalid,20260909,0.42857142857142855,0.42857142857142855,0.5,0.5,0.42857142857142855,0.42857142857142855,0.42857142857142855,0.42857142857142855,0.42857142857142855,0.42857142857142855,0.42857142857142855,0.8571428571428571,0.7142857142857143,0.8571428571428571,0.42857142857142855,0.42857142857142855,0.2857142857142857,0.2857142857142857,0.42857142857142855,0.9285714285714286,0.5714285714285714,1.0,0.8571428571428571,0.42857142857142855,0.14285714285714285,0.42857142857142855,1.0,1.0,1.0,excluded,,,
5,891,603066.SH,音飞储存,0.2418952618453862,33.293269230769226,0.9390781034644756,1.372063663292159,0.9008978986016716,5.206551215645251,294180074.0,9.26,10.22,9.22,9.75,21015400.0,205960322.0,9.29,4.951560818083967,10.0,10.22,True,False,True,70.7479170703352,50.71428571428571,True,CONTINUOUS_TRIGGER,101800000,102059999,93000000,173700,58,31,41100,15,14,127700,0.8265367302073717,23.661485319516405,0.1955708670784282,73.51755900978699,True,,0,0,0,0,0.0,2511800,12977106,4.411279738817388,660700,6,233100,9.28019746795127,1689.873728100911,1522.0299999999988,69.77068237917031,253.7734039226442,4.009077155824508,23.70428150459352,23.779759534994824,49.91639461740584,11.563424916965651,0.8538307730522905,0.2245903303430401,0.0792371817813874,2824200,0.960024233320439,13.438716369900169,112.43729596305438,956300,144.74042682003935,1.2316891111092656,-2088600,-9.93842610656947,5.291576673866083,False,3000,14.65877404189309,6,1,9.884868421052632,11.994626121414328,1.6654764999481235,26.912181303116142,13.438716369900169,False,,,,,70.0,100.0,42.85714285714285,v4,42.85714285714285,medium,20260909,1.0,1.0,1.0,1.0,1.0,1.0,1.0,1.0,0.8571428571428571,0.8571428571428571,1.0,0.7142857142857143,0.8571428571428571,0.7142857142857143,0.8571428571428571,1.0,0.5714285714285714,0.7142857142857143,0.5714285714285714,0.5714285714285714,0.7142857142857143,0.2857142857142857,0.14285714285714285,0.2857142857142857,0.7142857142857143,0.2857142857142857,,,,validation,50.0,100.0,50.0
6,766,002121.SZ,科陆电子,0.084126984126984,39.4144144144144,1.328441079962562,1.5091520669442744,0.6854567979284824,4.409740248984101,1411302549.0,4.97,5.47,4.95,5.26,93921209.0,495017175.0,4.97,5.835010060362178,10.0,5.47,True,False,True,73.23968223212555,42.85714285714285,True,CONTINUOUS_TRIGGER,93900000,94159999,93000000,667900,149,32,58800,20,20,424800,0.7111279838827458,8.80371313070819,0.0626056676932257,63.60233567899386,True,,0,0,0,0,0.0,5724771,107821802,7.639878640933426,3091100,0,0,0.0,440.1278356940509,319.76000000000204,69.61151808517756,427.5555131432458,6.730400220375628,10.2493585208655,12.237537536435957,33.767289556211075,2.121215241170926,0.4056374024163971,0.2190246168116288,0.0,10119528,0.7170346292628995,10.774486516671647,176.7673851058846,3782800,122.37714729384362,3.5158204455207667,3157965,3.3623555676332915,5.835010060362178,False,4600,20.500200332813005,6,2,2.255538596659238,11.032857561996794,6.570960143571597,30.022871179276198,10.774486516671647,False,,,,,63.57142857142857,50.0,28.57142857142857,v4,28.57142857142857,watch,20260909,0.8571428571428571,0.8571428571428571,0.5,0.5,0.8571428571428571,0.8571428571428571,0.8571428571428571,0.8571428571428571,1.0,1.0,0.8571428571428571,0.5714285714285714,0.42857142857142855,0.5714285714285714,1.0,0.8571428571428571,0.7142857142857143,1.0,0.8571428571428571,0.9285714285714286,0.2857142857142857,0.14285714285714285,0.2857142857142857,0.14285714285714285,0.2857142857142857,0.14285714285714285,,,,validation,100.0,50.0,100.0
7,830,603214.SH,爱婴室,0.3234100135317997,23.063683304647164,1.0801257351710152,1.5740673331425965,0.7980578589294044,9.707715610228384,138540036.0,15.41,15.41,14.53,14.71,21169746.0,319746972.0,14.01,4.996431120628131,10.0,15.41,True,False,True,71.9317961635342,71.42857142857143,False,NONE,0,0,93000000,28029100,988,54,4428600,472,472,23593100,132.4016830433393,15.800007848985516,20.91947631303654,84.17359101790639,False,launch_not_detected,0,0,0,0,0.0,0,10948185,7.902542338014118,0,0,0,0.0,0.0,0.0,0.0,0.0,0.0,0.0,0.0,0.0,0.0,0.0,0.0,0.0,1077546,0.7777867186348933,5.090028005059674,0.0,0,0.0,0.0,-8956254,-42.30685620885578,-4.542504866969499,False,2300,7.806357242075554,1,1,11.14054305251278,20.30662096839646,2.9385577754577747,46.77234620071441,5.090028005059674,False,-9.177430319510549,-12.304554724677097,,,46.78571428571428,,14.285714285714285,v4,14.285714285714285,invalid,20260909,0.42857142857142855,0.42857142857142855,0.5,0.5,0.42857142857142855,0.42857142857142855,0.42857142857142855,0.42857142857142855,0.42857142857142855,0.42857142857142855,0.42857142857142855,0.2857142857142857,0.5714285714285714,0.2857142857142857,0.42857142857142855,0.42857142857142855,0.2857142857142857,0.42857142857142855,0.2857142857142857,0.5714285714285714,0.8571428571428571,0.5714285714285714,0.42857142857142855,0.8571428571428571,0.42857142857142855,0.8571428571428571,0.42857142857142855,0.42857142857142855,0.42857142857142855,excluded,,,
1,1221,000993.SZ,闽东电力,0.3073047858942067,28.349944629014413,1.625815822512275,2.2377093768596,0.5641886898575036,5.415724885224964,457951455.0,11.77,12.62,11.75,12.62,55498305.0,678574299.0,11.47,10.026155187445497,10.0,12.62,True,False,True,62.96956774568715,72.85714285714285,False,NONE,0,0,93000000,5799900,1779,184,2735400,789,789,2856700,10.45058943692064,47.162882118657215,4.928799176839725,49.25429748788772,False,launch_not_detected,0,0,0,0,0.0,0,66438830,14.507832495040333,0,0,0,0.0,0.0,0.0,0.0,0.0,0.0,0.0,0.0,0.0,0.0,0.0,0.0,0.0,11702848,2.5554778508128115,21.086856616611986,0.0,0,0.0,0.0,821253,1.4797803284262463,7.22175021240441,False,4400,21.968620483094035,4,2,22.938508096595992,30.62813721161777,11.7510092854711,100.0,21.086856616611986,False,33.12202852614898,42.39302694136291,,,64.64285714285714,,100.0,v4,100.0,invalid,20260910,0.21428571428571427,0.21428571428571427,0.21428571428571427,0.21428571428571427,0.21428571428571427,0.21428571428571427,0.21428571428571427,0.21428571428571427,0.21428571428571427,0.21428571428571427,0.21428571428571427,1.0,1.0,1.0,0.21428571428571427,0.21428571428571427,0.5714285714285714,0.8571428571428571,1.0,0.6428571428571429,0.8571428571428571,0.7142857142857143,0.8571428571428571,1.0,1.0,1.0,0.8571428571428571,1.0,0.9428571428571428,excluded,,,
2,610,002242.SZ,九阳股份,0.1708333333333333,23.4375,1.6846285864095407,0.8520514298607219,0.8215445501293774,3.082625245182101,761765625.0,8.48,9.35,8.38,8.85,20008195.0,178487078.0,8.5,4.117647058823515,10.0,9.35,True,False,True,75.97596433417328,33.57142857142857,True,CONTINUOUS_TRIGGER,95700000,95959999,93000000,267600,183,55,65900,46,45,118500,1.3374519790515838,24.626307922272048,0.3293650426737644,44.28251121076233,True,,0,0,0,0,0.0,2674625,26308202,3.453582195967428,738300,6,214000,8.001121652568118,1474.0960839642123,1510.1600000000035,49.33775762957424,237.83095933672132,8.24414637566014,28.57836450650822,30.72673739309249,41.66939290554751,7.165688858990029,0.3511086497241195,0.0969195741800504,0.028092630197116,3352101,0.4400436157774905,16.753640195929716,125.32975650792166,1862201,252.2282270079913,0.0,-827691,-4.136759962605323,4.363207547169812,False,3000,13.926058797407762,5,1,6.139407750647129,6.115686829528439,2.5136554304350502,16.527722901779434,16.753640195929716,False,,,,,55.00000000000001,40.0,85.71428571428571,v4,85.71428571428571,medium,20260910,0.42857142857142855,0.42857142857142855,0.42857142857142855,0.8571428571428571,0.8571428571428571,0.7142857142857143,0.7142857142857143,0.7142857142857143,0.5714285714285714,0.7142857142857143,0.7142857142857143,0.8571428571428571,0.14285714285714285,0.8571428571428571,1.0,1.0,0.5714285714285714,0.7142857142857143,0.8571428571428571,0.2857142857142857,0.42857142857142855,0.2857142857142857,0.2857142857142857,0.42857142857142855,0.5714285714285714,0.5714285714285714,,,,validation,40.0,90.0,100.0
3,1357,600812.SH,华北制药,0.3239436619718308,27.00729927007297,1.9901350220026848,1.2796309655578282,1.2193615637762536,5.135138018179908,1715730370.0,4.9,5.28,4.72,5.18,112742043.0,573472726.0,4.8,7.916666666666661,10.0,5.28,True,False,True,57.57511145570847,62.142857142857146,True,CONTINUOUS_TRIGGER,130700000,130959999,93000000,1707100,372,69,804200,148,146,376300,1.5141645073790262,47.10913244683967,0.7133097632442229,22.043231210825372,True,,0,0,0,0,0.0,28506200,46069702,2.685136476310086,4508500,98,1762900,6.184268685408789,9094.074594954624,11196.379999999996,62.346787716356445,205.6506813605656,17.944868133949807,47.3168264700992,39.423353516077206,44.76078888101536,21.137367539099856,1.6614615267316155,0.2627743891949642,0.102749244917778,11284635,0.6577161072226051,10.009251828086883,39.58659870484316,3017977,66.93971387379395,0.0,2017753,1.7897076780842087,5.714285714285694,False,5800,9.467129312176825,2,1,12.665513592365324,6.008917007163544,2.621790392391317,30.19346118104249,10.009251828086883,False,,,,,54.28571428571429,100.0,71.42857142857143,v4,71.42857142857143,medium,20260910,0.7142857142857143,0.5714285714285714,0.7142857142857143,0.5714285714285714,1.0,0.8571428571428571,0.8571428571428571,1.0,0.42857142857142855,0.8571428571428571,1.0,0.14285714285714285,0.5714285714285714,0.14285714285714285,0.7142857142857143,0.42857142857142855,0.5714285714285714,1.0,0.5714285714285714,0.2857142857142857,0.7142857142857143,0.14285714285714285,0.42857142857142855,0.5714285714285714,0.8571428571428571,0.8571428571428571,,,,validation,20.0,90.0,80.0
4,1041,002912.SZ,中新赛克,0.1590662323561346,35.757575757575744,1.2971202923131069,1.721052423223567,0.940551949430098,4.1282225956105325,162222836.0,19.51,21.37,19.29,21.37,11525750.0,243382977.0,19.43,9.984559958826566,10.0,21.37,True,False,True,67.63520062027524,44.285714285714285,False,NONE,0,0,93000000,38800,50,37,17000,9,9,21200,0.3366375290111272,43.81443298969072,0.147495824566731,54.63917525773196,False,launch_not_detected,0,0,0,0,0.0,0,10721584,6.609170610233937,0,0,0,0.0,0.0,0.0,0.0,0.0,0.0,0.0,0.0,0.0,0.0,0.0,0.0,0.0,1248091,0.769368253431348,10.82871830466564,0.0,0,0.0,0.0,-4267198,-37.02316985879443,9.533572526909271,False,2700,11.42115697460035,25,5,0.8003572227300437,35.09419598606943,7.153814645430067,100.0,10.82871830466564,False,33.130556855404755,9.499298081422536,,,42.85714285714286,,57.14285714285714,v4,57.14285714285714,invalid,20260910,0.21428571428571427,0.21428571428571427,0.21428571428571427,0.21428571428571427,0.21428571428571427,0.21428571428571427,0.21428571428571427,0.21428571428571427,0.21428571428571427,0.21428571428571427,0.21428571428571427,0.2857142857142857,0.7142857142857143,0.2857142857142857,0.21428571428571427,0.21428571428571427,0.5714285714285714,0.2857142857142857,0.7142857142857143,1.0,0.14285714285714285,0.8571428571428571,0.8571428571428571,0.14285714285714285,0.7142857142857143,0.2857142857142857,1.0,0.8571428571428571,0.9142857142857143,excluded,,,
5,80,002204.SZ,大连重工,0.1198738170347002,16.901408450704224,0.9196216684771952,0.8930962976648225,0.7889906583548096,5.053595979951121,1931370032.0,5.34,5.89,5.29,5.89,87169448.0,497354239.0,5.35,10.093457943925245,10.0,5.89,True,False,True,89.03857336693157,70.0,True,CONTINUOUS_TRIGGER,100400000,100659999,93000000,2612800,297,52,395400,117,116,2150400,2.9973804583459103,15.133190447030008,0.4535992931835475,82.30251071647275,True,,0,0,0,0,0.0,16823969,94295568,4.882314959725957,5298856,89,2095200,12.453660607672305,1399.7045808808607,1459.8799999999974,48.38011767615596,351.37809881331566,7.860808588032943,26.17187170299777,23.650263502030946,44.85386296182548,9.671637475552211,0.8710898854829079,0.2743573687178346,0.1084825779258026,11934756,0.6179424865384885,13.691443818710429,70.93900375113626,4095138,77.28343627379192,0.0,-20218006,-23.193913078352864,10.299625468164786,False,10000,4.023797420398945,5,2,10.021787088834415,14.17997563710774,4.203110572029421,100.0,13.691443818710429,False,,,,,61.07142857142856,80.0,42.85714285714285,v4,42.85714285714285,medium,20260910,0.5714285714285714,0.7142857142857143,0.8571428571428571,1.0,0.42857142857142855,0.5714285714285714,0.5714285714285714,0.5714285714285714,1.0,0.5714285714285714,0.5714285714285714,0.5714285714285714,0.42857142857142855,0.5714285714285714,0.8571428571428571,0.7142857142857143,0.5714285714285714,0.5714285714285714,0.2857142857142857,0.6428571428571429,0.5714285714285714,0.5714285714285714,0.8571428571428571,0.7142857142857143,0.42857142857142855,0.7142857142857143,,,,validation,100.0,60.0,60.0
6,983,003029.SZ,吉大正元,0.1725239616613419,26.928281461434377,1.2736508416115382,1.8514431046579731,1.12145581716257,5.803858629455666,175583038.00000003,17.48,19.23,17.22,18.33,18867300.0,351991520.0,17.48,4.86270022883295,10.0,19.23,True,False,True,69.07540220973057,69.28571428571428,True,CONTINUOUS_TRIGGER,100500000,100759999,93000000,97200,70,42,14100,18,18,58100,0.5151770523604332,14.506172839506174,0.0747324736448776,59.77366255144033,True,,0,0,0,0,0.0,6480415,22685378,12.92002818632173,1257200,6,93800,1.4474381656113071,1074.1015397766128,1116.5649999999987,56.36228544005284,253.3335409680421,18.343115371469267,32.81505728314239,29.580050043091376,51.01995782677498,17.865327842351583,3.69079785485885,0.716014493381758,0.0534220167667904,2528300,1.4399454689922837,13.400433554350649,39.01447669632269,870100,69.20935412026726,0.0,-4509832,-23.90290078601602,4.86270022883295,False,1900,8.07363003715423,8,1,1.811813356745387,39.12769751711437,10.289520107289633,38.98458748866727,13.400433554350649,False,,,,,57.14285714285714,20.0,28.57142857142857,v4,28.57142857142857,watch,20260910,1.0,1.0,0.5714285714285714,0.42857142857142855,0.5714285714285714,0.42857142857142855,0.42857142857142855,0.8571428571428571,0.8571428571428571,1.0,0.8571428571428571,0.42857142857142855,0.8571428571428571,0.42857142857142855,0.5714285714285714,0.5714285714285714,0.5714285714285714,0.42857142857142855,0.42857142857142855,0.2857142857142857,0.2857142857142857,1.0,0.5714285714285714,0.2857142857142857,0.2857142857142857,0.14285714285714285,,,,validation,80.0,40.0,40.0
7,850,000532.SZ,华金资本,0.1775599128540305,28.438469493278173,1.2993857043932633,1.5603637500578988,0.9131525808880396,2.326645936126449,343549746.0,11.27,12.43,11.15,12.43,12472278.0,148934013.0,11.3,9.999999999999986,10.0,12.43,True,False,True,71.52742779608451,32.85714285714286,True,CONTINUOUS_TRIGGER,144400000,144659999,93000000,561900,119,57,39200,36,36,507000,4.505191433353233,6.976330307883965,0.3142970353932136,90.22957821676457,True,,0,0,0,0,0.0,6885300,5685600,1.6549568341115877,1058500,23,477200,6.930707449203376,12949.695104039169,15867.77,41.78321932232437,240.79974549447144,5.500123451410977,25.08075791909744,30.572378836071053,54.05428957343906,33.12466255162048,2.004163903529709,0.3081067625065279,0.1389027369561787,1967500,0.5726972652164325,15.77498513102418,28.57537071732532,1463200,138.23334907888523,0.0,-5291678,-42.42751805243597,10.29281277728482,False,3600,-6.500817252469837,18,3,24.86157925633232,7.73730742330399,3.0294238669004865,11.066235864297251,15.77498513102418,False,,,,,60.00000000000001,60.0,14.285714285714285,v4,14.285714285714285,medium,20260910,0.8571428571428571,0.8571428571428571,1.0,0.7142857142857143,0.7142857142857143,1.0,1.0,0.42857142857142855,0.7142857142857143,0.42857142857142855,0.42857142857142855,0.7142857142857143,0.2857142857142857,0.7142857142857143,0.42857142857142855,0.8571428571428571,0.5714285714285714,0.14285714285714285,0.14285714285714285,0.8571428571428571,1.0,0.42857142857142855,0.14285714285714285,0.8571428571428571,0.14285714285714285,0.42857142857142855,,,,validation,60.0,20.0,20.0
1,1070,002218.SZ,拓日新能,0.1507128309572301,39.14373088685015,1.3757328355089948,2.058299454774964,0.5402173998154121,5.237296260249114,1387677849.0,4.0,4.41,3.88,4.41,149590618.0,631058502.0,4.01,9.975062344139651,10.0,4.41,True,False,True,67.32312463655747,59.44444444444444,True,CONTINUOUS_TRIGGER,100000000,100259999,93000000,574300,237,48,427100,139,138,71700,0.3839144511054831,74.3687967960996,0.2855125580134979,12.484764060595507,True,,0,0,0,0,0.0,22378900,169377850,12.205848073604294,3907600,37,797400,3.563177814816635,1249.3131300624857,1346.1399999999994,44.20592611790571,219.9912339942088,13.750452435106284,35.57923812055952,33.3059265647552,49.23298285438516,9.246702891487486,1.6126869803482755,0.2815927344243426,0.057462904706206,16661562,1.2006793948614798,11.13810626813508,74.45210443766226,5683200,145.43965605486744,0.0,4423884,2.957327176761847,10.250000000000004,False,6500,13.739481308914709,3,1,9.777859988225677,24.589042784381867,10.4344290070166,43.08647953319715,11.13810626813508,False,,,,,62.77777777777778,50.0,100.0,v4,100.0,watch,20260911,0.7777777777777778,0.6666666666666666,0.7777777777777778,0.7777777777777778,0.7777777777777778,0.7777777777777778,0.7777777777777778,0.5555555555555556,0.7777777777777778,0.6666666666666666,0.6666666666666666,0.3333333333333333,0.8888888888888888,0.3333333333333333,0.8888888888888888,1.0,0.4444444444444444,0.8888888888888888,0.7777777777777778,0.4444444444444444,0.2222222222222222,1.0,0.4444444444444444,0.1111111111111111,1.0,0.3333333333333333,,,,validation,50.0,83.33333333333334,100.0
2,151,603693.SH,江苏新能,0.0739130434782608,33.30291970802919,0.9307309934033005,0.5884818891566596,0.3633561902141853,6.461256594591476,891475880.0,11.6,12.8,11.32,12.8,33896877.0,423665538.0,11.64,9.965635738831624,10.0,12.8,True,False,True,86.26090327582865,74.99999999999999,True,CONTINUOUS_TRIGGER,100100000,100359999,93000000,144600,153,56,62200,104,103,75300,0.4265879715113578,43.015214384508994,0.1834977304841387,52.074688796680505,True,,0,0,0,0,0.0,9020280,19322537,2.167477262536817,1895720,2,47700,0.5288084183639532,921.6507992622196,792.1900000000023,68.37244520125762,209.1449181881099,18.62580762459702,35.82657398507757,32.64266741165463,46.34113353465746,21.235171605927,1.011836685923572,0.2126496120119368,0.0053506775752586,4203767,0.4715514008073891,12.40163511228483,46.60350898198282,1197670,63.17757896735805,0.0,-5496403,-16.215071966659348,10.344827586206897,False,3900,8.040487033657998,6,2,6.299551598648298,17.163154206707194,1.0180562596937563,100.0,12.40163511228483,False,,,,,51.94444444444445,16.666666666666664,88.88888888888889,v4,88.88888888888889,watch,20260911,0.4444444444444444,0.4444444444444444,0.6666666666666666,0.6666666666666666,0.6666666666666666,0.6666666666666666,0.6666666666666666,0.8888888888888888,0.6666666666666666,0.7777777777777778,0.7777777777777778,0.4444444444444444,0.2222222222222222,0.4444444444444444,0.7777777777777778,0.4444444444444444,0.4444444444444444,0.5555555555555556,0.5555555555555556,0.7222222222222222,0.1111111111111111,0.8888888888888888,0.7777777777777778,0.2222222222222222,0.7777777777777778,0.1111111111111111,,,,validation,83.33333333333334,66.66666666666666,83.33333333333334
3,696,600682.SH,南京新百,0.1441241685144123,19.921104536489143,1.6878989893833185,1.239616049950674,0.8788259322226415,4.522294783088256,1164060275.0,5.7,6.29,5.6,5.97,65256162.0,385549211.0,5.72,4.370629370629375,10.0,6.29,True,False,True,74.65594107385152,47.22222222222223,True,CONTINUOUS_TRIGGER,102100000,102359999,93000000,671500,191,50,168100,81,79,441000,1.0290215964585845,25.03350707371556,0.2576001941395205,65.67386448250187,True,,0,0,0,0,0.0,25348664,55415904,4.760569979935102,4221900,123,2020100,7.969256289009946,1707.26995376364,1860.755000000001,55.4234140308144,193.87010035835868,19.18604862173407,46.57156977369395,41.37261040660762,41.972073952299816,34.109793340282565,2.177607512635031,0.362687404653509,0.1735391236506202,7211800,0.6195383653995066,11.05152337950859,28.450414585952142,3224600,76.37793410549753,0.2124572379349183,4168302,6.387599074551764,4.73684210526315,False,4300,3.8839228699965527,0,0,11.431403882866416,1.965879558942942,2.50894164393678,35.43185109554098,11.05152337950859,False,,,,,59.16666666666666,33.33333333333333,77.77777777777779,v4,77.77777777777779,medium,20260911,0.8888888888888888,0.8888888888888888,1.0,1.0,1.0,1.0,1.0,0.6666666666666666,0.5555555555555556,0.8888888888888888,1.0,0.2222222222222222,0.4444444444444444,0.2222222222222222,0.5555555555555556,0.6666666666666666,0.8888888888888888,1.0,0.4444444444444444,0.16666666666666666,0.4444444444444444,0.1111111111111111,0.3333333333333333,0.3333333333333333,0.4444444444444444,0.2222222222222222,,,,validation,16.666666666666664,100.0,66.66666666666666
4,1430,002912.SZ,中新赛克,0.264386536373507,35.757575757575744,1.6580766853161637,1.9418726904762,1.057397983930386,1.0905261840668807,162222836.0,23.51,23.51,23.51,23.51,3435333.0,80764679.0,21.37,10.014038371548908,10.0,23.51,True,False,True,55.237449118046136,29.444444444444446,False,NONE,0,0,93000000,13872800,2502,103,3435333,575,574,9127000,403.8269361369044,24.76308315552736,100.0,65.79061184476097,False,launch_not_detected,0,0,0,0,0.0,0,3387373,2.088098743385302,0,0,0,0.0,0.0,0.0,0.0,0.0,0.0,0.0,0.0,0.0,0.0,0.0,0.0,0.0,0,0.0,0.0,0.0,0,0.0,63.67414745528309,-3435333,-100.0,0.0,False,4000,0.0,0,0,100.0,8.371571065370846,1.3484038708335735,100.0,0.0,False,8.93236920459377,4.423649510846439,,,36.388888888888886,,66.66666666666666,v4,66.66666666666666,invalid,20260911,0.2222222222222222,0.2222222222222222,0.3333333333333333,0.3333333333333333,0.2222222222222222,0.2222222222222222,0.2222222222222222,0.2222222222222222,0.2222222222222222,0.2222222222222222,0.2222222222222222,0.1111111111111111,0.1111111111111111,0.1111111111111111,0.2222222222222222,0.2222222222222222,1.0,0.1111111111111111,0.2222222222222222,0.16666666666666666,1.0,0.5555555555555556,0.7777777777777778,1.0,0.3333333333333333,1.0,0.8888888888888888,0.8888888888888888,0.8888888888888888,excluded,,,
5,1389,600088.SH,中视传媒,0.1747881355932203,26.87559354226021,1.9900729625404936,2.088318719537825,1.4817618123880367,2.3371198601310965,397706400.0,12.05,13.4,12.03,13.4,19410662.0,251197721.0,12.18,10.016420361247944,10.0,13.4,True,False,True,57.8949408800155,35.55555555555556,False,NONE,0,0,93000000,363900,155,68,72700,35,35,224000,1.874742860392912,19.978015938444628,0.3745364274541486,61.55537235504259,False,launch_not_detected,0,0,0,0,0.0,0,9041846,2.273497736018329,0,0,0,0.0,0.0,0.0,0.0,0.0,0.0,0.0,0.0,0.0,0.0,0.0,0.0,0.0,2597300,0.6530697016693722,13.380790413021462,0.0,0,0.0,0.0,-7467710,-38.47220666662477,11.203319502074692,False,3700,11.019716895796751,16,3,22.36184542724537,13.36817913918408,0.7345086727294305,100.0,13.380790413021462,False,12.313432835820892,17.611940298507456,,,53.88888888888887,,55.55555555555556,v4,55.55555555555556,invalid,20260911,0.2222222222222222,0.2222222222222222,0.3333333333333333,0.3333333333333333,0.2222222222222222,0.2222222222222222,0.2222222222222222,0.2222222222222222,0.2222222222222222,0.2222222222222222,0.2222222222222222,0.6666666666666666,0.6666666666666666,0.6666666666666666,0.2222222222222222,0.2222222222222222,0.4444444444444444,0.3333333333333333,0.6666666666666666,0.8888888888888888,0.8888888888888888,0.6666666666666666,0.7777777777777778,0.5555555555555556,0.2222222222222222,0.4444444444444444,1.0,1.0,1.0,excluded,,,
6,1375,000839.SZ,国安股份,0.2783505154639175,35.34482758620692,1.5340313540157935,1.7083337994254038,0.9543626552577446,2.812164681992805,3919826352.0,3.15,3.15,2.83,2.83,188313004.0,564151622.0,2.86,-1.0489510489510412,10.0,3.15,True,False,True,58.36596239581314,27.77777777777778,False,NONE,0,0,93000000,304819700,2436,55,26038200,1302,1302,278462200,161.8686407870165,8.542164433597959,13.827085462456964,91.3530851188424,False,launch_not_detected,0,0,0,0,0.0,0,307803098,7.852467695232231,0,0,0,0.0,0.0,0.0,0.0,0.0,0.0,0.0,0.0,0.0,0.0,0.0,0.0,0.0,33059000,0.8433791967119263,17.555346310550064,0.0,0,0.0,0.0,1573452,0.8355514311693525,-10.158730158730156,True,12300,23.45099120186092,1,1,19.552794043331534,6.8842743470591365,6.178145618017928,-5.535270149833527,17.555346310550064,False,-1.7667844522968323,-0.3533568904593775,,,58.333333333333336,,44.44444444444444,v4,44.44444444444444,invalid,20260911,0.2222222222222222,0.2222222222222222,0.3333333333333333,0.3333333333333333,0.2222222222222222,0.2222222222222222,0.2222222222222222,0.2222222222222222,0.2222222222222222,0.2222222222222222,0.2222222222222222,1.0,0.7777777777777778,1.0,0.2222222222222222,0.2222222222222222,0.4444444444444444,0.7777777777777778,1.0,0.4444444444444444,0.7777777777777778,0.3333333333333333,0.1111111111111111,0.8888888888888888,0.1111111111111111,0.8888888888888888,0.5555555555555556,0.7777777777777778,0.6888888888888889,excluded,,,
7,1030,603136.SH,天目湖,0.2806691449814125,21.824907521578307,1.1981690180959077,1.5338606278512728,1.1368338704212058,7.720039298954251,270126710.0,9.71,10.58,9.5,10.58,31986958.0,324158175.0,9.62,9.97920997920998,10.0,10.58,True,False,True,68.11009885636751,80.55555555555556,True,CONTINUOUS_TRIGGER,93800000,94059999,93000000,588800,126,55,214800,56,55,359100,1.840750220761849,36.48097826086957,0.6715236878730387,60.98845108695652,True,,0,0,0,0,0.0,3615035,18776225,6.950895377950592,1383900,0,0,0.0,464.9950265251986,374.1100000000006,71.0615526544003,361.4967040892842,9.651358838849417,39.40480069512328,39.126453824098526,22.59175913926145,7.437203000047707,1.3382738049117764,0.5123151279634658,0.0,4037535,1.4946818846607208,12.62244130873589,111.6873003995812,1187900,85.83712696004046,0.0,-2745530,-8.58327947284015,8.959835221421208,False,4800,15.861011228388769,4,1,16.2011140693405,7.65269047255638,2.050952310491621,14.361001317523057,12.62244130873589,False,,,,,58.88888888888889,66.66666666666666,33.33333333333333,v4,33.33333333333333,watch,20260911,0.5555555555555556,1.0,0.3333333333333333,0.3333333333333333,0.8888888888888888,0.4444444444444444,0.5555555555555556,1.0,0.8888888888888888,0.4444444444444444,0.8888888888888888,0.5555555555555556,1.0,0.5555555555555556,1.0,0.7777777777777778,0.4444444444444444,0.6666666666666666,0.8888888888888888,0.4444444444444444,0.6666666666666666,0.4444444444444444,0.2222222222222222,0.4444444444444444,0.6666666666666666,0.5555555555555556,,,,validation,33.33333333333333,33.33333333333333,50.0
8,1029,002242.SZ,九阳股份,0.2437499999999999,23.4375,1.8850404798321168,0.9371356577031116,0.8925673477075876,4.661327507723207,761765625.0,8.71,9.74,8.56,9.74,33276179.0,314171578.0,8.85,10.056497175141256,10.0,9.74,True,False,True,68.17406474122892,76.66666666666667,True,CONTINUOUS_TRIGGER,100500000,100759999,93000000,1035500,453,86,629500,269,268,328700,3.1118356467549955,60.79188797682279,1.891743640398136,31.743119266055047,True,,0,0,0,0,0.0,11815551,34316925,4.504919081902652,2012300,31,485700,4.110684300715219,1521.6001187648455,1592.4599999999991,43.92177732549248,376.5554956094427,12.388757832791716,17.948009359052303,21.03736846466153,61.93168646980577,18.786354647268848,1.5510743215802103,0.2641626156339097,0.0637597686296227,4842088,0.6356401288125859,14.551213947971611,40.98063645106352,1355248,67.34820851761665,0.0,-16154203,-48.54584716592611,11.825487944890911,False,6200,-6.6279544896065135,8,2,13.980753780134656,14.9079712017722,3.907327007568765,100.0,14.551213947971611,False,,,,,58.05555555555556,100.0,22.22222222222222,v4,22.22222222222222,watch,20260911,0.6666666666666666,0.5555555555555556,0.8888888888888888,0.8888888888888888,0.4444444444444444,0.8888888888888888,0.8888888888888888,0.4444444444444444,1.0,0.5555555555555556,0.4444444444444444,0.8888888888888888,0.5555555555555556,0.8888888888888888,0.6666666666666666,0.5555555555555556,0.4444444444444444,0.2222222222222222,0.1111111111111111,0.7222222222222222,0.5555555555555556,0.7777777777777778,0.7777777777777778,0.7777777777777778,0.8888888888888888,0.7777777777777778,,,,validation,100.0,50.0,33.33333333333333
9,857,605011.SH,杭州热电,0.2537659327925842,34.5466578424884,1.1874402001075062,1.0259162959260135,0.6710463871813792,4.104994161436411,400100000.0,17.36,19.03,16.87,19.03,16849733.0,311733603.0,17.3,10.000000000000009,10.0,19.03,True,False,True,71.511920914906,53.333333333333336,True,CONTINUOUS_TRIGGER,95300000,95559999,93000000,494100,333,87,172400,198,196,295500,2.9323906794250094,34.89172232341631,1.0231616133027153,59.80570734669095,True,,0,0,0,0,0.0,9536200,10113000,2.527618095476131,1405000,0,0,0.0,499.6167242817978,341.8799999999974,61.77858056668275,125.65134363685752,29.818051215368808,35.099337748344375,30.39151863425683,54.8751494305908,40.1090153772763,2.3834541364658834,0.3511622094476381,0.0,2399850,0.5998125468632842,14.242658919283766,25.165684444537657,1781300,126.78291814946618,0.0,-2853125,-16.932760893006435,9.61981566820278,False,3000,1.986387558782089,13,4,10.087094978809672,5.094161209697576,1.2294811297175707,100.0,14.242658919283766,False,,,,,55.55555555555556,83.33333333333334,11.11111111111111,v4,11.11111111111111,watch,20260911,1.0,0.7777777777777778,0.3333333333333333,0.3333333333333333,0.5555555555555556,0.5555555555555556,0.4444444444444444,0.7777777777777778,0.4444444444444444,1.0,0.5555555555555556,0.7777777777777778,0.3333333333333333,0.7777777777777778,0.4444444444444444,0.8888888888888888,0.4444444444444444,0.4444444444444444,0.3333333333333333,1.0,0.3333333333333333,0.2222222222222222,0.7777777777777778,0.6666666666666666,0.5555555555555556,0.6666666666666666,,,,validation,66.66666666666666,16.666666666666664,16.666666666666664
1,410,601279.SH,英利汽车,0.146131805157593,23.344947735191624,1.1512457774306777,0.6814110574952474,0.9977210497153246,4.371078041108603,1585785985.0,3.39,3.72,3.35,3.54,47232650.0,168495374.0,3.38,4.7337278106508895,10.0,3.72,True,False,True,79.8623764295406,64.66666666666666,True,CONTINUOUS_TRIGGER,94000000,94259999,93000000,252500,72,29,41800,14,14,155800,0.5345878327809259,16.554455445544555,0.0884981045950206,61.7029702970297,True,,0,0,0,0,0.0,3408299,30968796,1.952898833318924,1167900,0,0,0.0,411.1491141034728,226.09999999999852,72.540584027399,200.4516321865247,19.068162740416845,51.71058835856866,40.39255358758137,25.34108656546858,5.692035064727471,0.2149280566381093,0.0736480212996711,0.0,4634400,0.2922462453216851,9.811856840554151,135.9739858504198,2818600,241.3391557496361,3.197032949426886,-3384558,-7.165716935213248,4.424778761061954,False,4900,13.063844607490791,2,1,3.629990812610605,3.4952272579203054,1.2911702583876727,43.60955609871481,9.811856840554151,False,,,,,43.83333333333333,25.0,100.0,v4,100.0,watch,20260914,0.5333333333333333,0.5333333333333333,0.4,0.4,1.0,0.6666666666666666,0.6,0.8666666666666667,0.6666666666666666,0.8,1.0,0.2,0.13333333333333333,0.2,0.8666666666666667,0.9333333333333333,1.0,0.6,0.6,0.36666666666666664,0.4666666666666667,0.13333333333333333,0.6,0.2,0.4666666666666667,0.2,,,,validation,62.5,87.5,100.0
2,1458,600738.SH,丽尚国潮,0.3820754716981131,28.32861189801701,1.252257053837457,1.932450222883305,1.5030082259293152,2.9932154950949474,760666196.0,4.34,4.78,4.26,4.55,43998758.0,199318139.0,4.34,4.838709677419351,10.0,4.77,True,False,True,56.62337662337663,45.33333333333333,True,CONTINUOUS_TRIGGER,110100000,110359999,93000000,435100,91,46,120000,24,24,285100,0.988891550075118,27.57986669731096,0.2727349712916896,65.52516662836129,True,,0,0,0,0,0.0,9377201,37278623,4.900786073580165,1680700,53,931500,9.93366783968905,3660.38656990808,4138.199999999997,59.88140810888025,207.83599372741423,12.97402071257724,24.475371366692467,31.12975822956125,50.946983006976176,32.32183735731813,1.232761630437959,0.2209510569600755,0.1224584456228419,4959132,0.6519458898105155,11.271072697097496,52.88499201414153,3618800,215.31504730171952,0.0,5358606,12.178993779778963,4.827586206896561,False,4700,16.225323905733884,2,1,14.48437366395453,4.58398955854218,2.31292833735969,29.68332388434437,11.271072697097496,False,,,,,67.83333333333334,50.0,93.33333333333331,v4,93.33333333333331,medium,20260914,0.8,0.7333333333333333,0.8666666666666667,0.9333333333333333,0.8666666666666667,0.9333333333333333,0.8666666666666667,0.6666666666666666,0.7333333333333333,0.6,0.8666666666666667,0.3333333333333333,0.4,0.3333333333333333,0.7333333333333333,0.8666666666666667,0.43333333333333335,1.0,0.7333333333333333,0.36666666666666664,0.9333333333333333,0.26666666666666666,0.3333333333333333,0.4,0.6666666666666666,0.4666666666666667,,,,validation,12.5,100.0,87.5
3,767,002339.SZ,积成电子,0.1498637602179837,25.40453074433657,1.217329204846193,2.146470475825315,0.6955102706934787,4.565742744567741,478793604.0,7.25,8.01,7.25,7.7,46922884.0,362376795.0,7.28,5.769230769230771,10.0,8.01,True,False,True,73.77980228726497,63.66666666666666,False,NONE,0,0,93000000,193000,117,42,36700,21,21,114600,0.4113131665138059,19.015544041450777,0.0782134363267185,59.37823834196892,False,launch_not_detected,0,0,0,0,0.0,0,49464300,10.33102773027018,0,0,0,0.0,0.0,0.0,0.0,0.0,0.0,0.0,0.0,0.0,0.0,0.0,0.0,0.0,6963510,1.4543865961918738,14.840328228759342,0.0,0,0.0,0.0,3788406,8.073685325906226,6.20689655172415,False,2700,23.093482489268983,2,1,2.3716526719066824,17.39507364012323,9.383372213969675,16.85930904537541,14.840328228759342,False,6.883116883116891,3.766233766233773,,,52.83333333333333,,86.66666666666667,v4,86.66666666666667,invalid,20260914,0.26666666666666666,0.26666666666666666,0.4,0.4,0.26666666666666666,0.26666666666666666,0.26666666666666666,0.26666666666666666,0.26666666666666666,0.26666666666666666,0.26666666666666666,0.5333333333333333,1.0,0.5333333333333333,0.26666666666666666,0.26666666666666666,0.43333333333333335,0.8666666666666667,0.9333333333333333,0.36666666666666664,0.26666666666666666,0.8,0.26666666666666666,0.13333333333333333,0.6,0.13333333333333333,0.8666666666666667,0.8,0.8266666666666667,excluded,,,
4,1568,600088.SH,中视传媒,0.3040254237288137,27.25546058879393,2.456995675518145,2.201522580476448,1.4924678461558785,4.897851502105591,397706400.0,14.47,14.74,13.18,14.74,42883610.0,605659323.0,13.4,10.000000000000009,10.0,14.74,True,False,True,47.45105640628029,73.33333333333333,False,NONE,0,0,93000000,7557900,1548,153,2978800,770,769,4489700,17.62421587175147,39.41306447558184,6.946243564849135,59.40406726736263,False,launch_not_detected,0,0,0,0,0.0,0,29366213,7.383892489534993,0,0,0,0.0,0.0,0.0,0.0,0.0,0.0,0.0,0.0,0.0,0.0,0.0,0.0,0.0,3038684,0.7640520745957319,7.085886659262128,0.0,0,0.0,0.0,-9550124,-22.26986953756925,1.8659295093296449,False,3400,17.140751443267018,5,1,18.351727534796588,12.483791309367916,2.7328046518738445,53.69708409257535,7.085886659262128,False,9.905020352781534,0.4748982360922582,,,51.16666666666667,,80.0,v4,80.0,invalid,20260914,0.26666666666666666,0.26666666666666666,0.4,0.4,0.26666666666666666,0.26666666666666666,0.26666666666666666,0.26666666666666666,0.26666666666666666,0.26666666666666666,0.26666666666666666,0.13333333333333333,0.5333333333333333,0.13333333333333333,0.26666666666666666,0.26666666666666666,0.43333333333333335,0.4666666666666667,0.8,0.36666666666666664,1.0,0.6,0.6666666666666666,0.9333333333333333,0.9333333333333333,1.0,0.9333333333333333,0.5333333333333333,0.6933333333333334,excluded,,,
5,1242,000572.SZ,海马汽车,0.082766439909297,30.84112149532712,1.764372232400655,2.330298981868177,0.9207231371099632,1.4005034021105085,1642253066.9999998,3.93,4.33,3.9,4.33,53596434.0,227811707.0,3.94,9.898477157360407,10.0,4.33,True,False,True,64.27602248497772,21.666666666666664,True,CONTINUOUS_TRIGGER,93300000,93559999,93000000,941800,203,39,156900,46,45,669800,1.7572064589222485,16.659588022934805,0.2927433567688477,71.11913357400722,True,,0,0,0,0,0.0,6361800,52930134,3.2230193423654607,2210100,0,0,0.0,289.69052990556145,149.60499999999956,66.49533150995002,391.28251224537183,14.005470149957558,6.770658615677067,7.77295733911786,57.486874783866206,6.971172746306219,0.3873824398831219,0.1345773099414769,0.0,17220000,1.0485594666269549,32.12900320942994,270.67810996887675,11385800,515.1712592190398,3.1624625282275347,-11276434,-21.039522890646044,10.178117048346058,False,8600,10.373264758621817,1,1,4.128690595273205,9.459425171528697,2.997633859800245,100.0,32.12900320942994,False,,,,,56.16666666666668,75.0,73.33333333333333,v4,73.33333333333333,watch,20260914,0.6,0.6,0.4,0.4,0.6,0.5333333333333333,0.5333333333333333,0.7333333333333333,0.9333333333333333,0.6666666666666666,0.6,1.0,0.8,1.0,1.0,1.0,0.9333333333333333,0.5333333333333333,0.4666666666666667,0.36666666666666664,0.5333333333333333,0.4666666666666667,0.8666666666666667,0.7333333333333333,0.5333333333333333,0.5333333333333333,,,,validation,87.5,25.0,75.0
6,1091,002362.SZ,汉王科技,0.1149851632047477,33.7463556851312,1.4165753873336482,1.735304513248615,0.9555068297962488,3.7384116129482505,207672672.0,15.29,16.8,15.21,15.91,13472313.0,217571983.0,15.27,4.191224623444656,10.0,16.8,True,False,True,67.45493312657491,49.0,True,CONTINUOUS_TRIGGER,95800000,100059999,93000000,50900,51,35,8100,8,8,19600,0.3778118872386649,15.913555992141454,0.0601233062206912,38.50687622789784,True,,0,0,0,0,0.0,6513497,15825506,7.620408524430215,1225059,1,20000,0.3070547203752454,827.1663640379943,843.9700000000012,59.36717250349544,185.9565222327673,24.02856714296483,12.731142743115608,20.246574152102934,60.94541841348817,22.81257865668649,3.136424709747077,0.5898989925838678,0.0096305401222939,1920291,0.9246719760990024,14.253610348868824,29.481720802205015,845316,69.00206439036813,0.0,342063,2.5390072216997925,4.054937867887509,False,1200,14.87921932930151,8,2,2.999181279869005,14.16811355901464,5.741423695843814,38.52541703321981,14.253610348868824,False,,,,,68.16666666666667,12.5,66.66666666666666,v4,66.66666666666666,watch,20260914,0.9333333333333333,0.8666666666666667,0.8,0.8,0.6666666666666666,0.8,0.8,0.6,0.6,1.0,0.6666666666666666,0.4666666666666667,0.7333333333333333,0.4666666666666667,0.6666666666666666,0.6,0.43333333333333335,0.8,0.6666666666666666,0.7666666666666667,0.4,0.7333333333333333,0.4666666666666667,0.06666666666666667,0.3333333333333333,0.06666666666666667,,,,validation,50.0,50.0,25.0
7,1559,002561.SZ,徐家汇,0.3436754176610979,33.16831683168318,1.7769479876601717,1.9285867678748867,1.8470701476671367,5.511438559724049,414439567.0,7.37,8.25,7.28,7.76,44051973.0,349847333.0,7.5,3.4666666666666623,10.0,8.25,True,False,True,49.04051172707889,63.66666666666666,True,CONTINUOUS_TRIGGER,105400000,105659999,93000000,454300,156,57,332000,82,81,70900,1.0312818451968089,73.07946290997138,0.7536552335578703,15.60642747083425,True,,0,0,0,0,0.0,18776536,45664981,11.018489699367915,2808181,61,1428300,7.6068344022560925,3620.899078111253,4238.330000000002,50.73417162782315,236.2597201036584,19.3842996386554,21.71200399301223,25.085947695570688,59.95825321560911,27.6255254219828,4.530584793319215,0.6775851592374624,0.3446340826815891,4464943,1.0773447700277132,10.135625480384272,23.779375492902417,2240703,79.79197209866457,0.0,-11208011,-25.44269924073548,5.29172320217095,False,5000,-1.3470770083328616,4,1,5.582701580224851,24.99078472398848,9.797139374001905,43.1285192754647,10.135625480384272,False,,,,,61.16666666666667,100.0,60.0,v4,60.0,medium,20260914,1.0,0.9333333333333333,1.0,0.8666666666666667,0.7333333333333333,0.8666666666666667,0.9333333333333333,0.5333333333333333,0.8,0.8666666666666667,0.8,0.26666666666666666,0.8666666666666667,0.26666666666666666,0.5333333333333333,0.6666666666666666,0.43333333333333335,0.4,0.13333333333333333,0.36666666666666664,0.8,1.0,0.5333333333333333,0.5333333333333333,1.0,0.7333333333333333,,,,validation,75.0,62.5,50.0
8,401,600609.SH,金杯汽车,0.1216216216216216,13.861386138613874,1.2442311284868306,1.269297855466595,1.030038608251713,6.384172562759599,1304558558.0,3.28,3.63,3.28,3.52,105713814.0,376223172.0,3.3,6.666666666666665,10.0,3.63,True,False,True,80.0271370420624,83.33333333333333,True,CONTINUOUS_TRIGGER,93900000,94159999,93000000,1012800,196,37,133700,28,27,645200,0.9580583290656792,13.201026856240125,0.1264735373184057,63.70458135860979,True,,0,0,0,0,0.0,6808600,66219494,5.076007787762333,2635900,0,0,0.0,547.400095902354,442.9300000000003,67.4896454484035,300.35938107203486,11.626472402549716,36.48792194507829,32.13729694797755,29.14842992685721,5.387186200660588,0.5219083465626999,0.2020530227513175,0.0,17113910,1.311854488635381,16.188906021307677,251.35725406104044,3673500,139.364164042642,0.0,-2759718,-2.6105557027769333,7.317073170731714,False,8900,19.68064930473514,2,1,2.654841182824212,12.185651385685055,3.082559364882109,-8.748252173384401,16.188906021307677,False,,,,,54.16666666666666,37.5,53.333333333333336,v4,53.333333333333336,watch,20260914,0.6666666666666666,0.6666666666666666,0.4,0.4,0.9333333333333333,0.7333333333333333,0.7333333333333333,0.8,0.8666666666666667,0.5333333333333333,0.9333333333333333,0.6666666666666666,0.9333333333333333,0.6666666666666666,0.9333333333333333,0.7333333333333333,0.43333333333333335,0.6666666666666666,0.8666666666666667,0.36666666666666664,0.3333333333333333,0.5333333333333333,0.06666666666666667,0.3333333333333333,0.2,0.26666666666666666,,,,validation,37.5,37.5,62.5
9,1497,603230.SH,内蒙新华,0.3100000000000001,25.882352941176467,1.818151850117456,1.6148013849169598,2.7896277853792024,2.697967904849976,353523000.0,9.91,11.06,9.91,10.42,15401874.0,161872218.0,10.05,3.681592039800985,10.0,11.06,True,False,True,54.66757123473543,36.33333333333333,False,NONE,0,0,93000000,867000,279,85,259700,47,46,498800,5.629185123836229,29.953863898500572,1.6861584505885454,57.53171856978086,False,launch_not_detected,0,0,0,0,0.0,0,13278030,3.7559168710380937,0,0,0,0.0,0.0,0.0,0.0,0.0,0.0,0.0,0.0,0.0,0.0,0.0,0.0,0.0,2835300,0.8020128817644113,18.408798825389688,0.0,0,0.0,0.0,384874,2.498877733969256,5.146316851664978,False,3400,23.41143681606537,4,1,5.415196111074116,1.5597287870944747,1.2133388775270633,9.290207962293502,18.408798825389688,False,17.562380038387726,42.32245681381959,,,56.50000000000001,,46.66666666666666,v4,46.66666666666666,invalid,20260914,0.26666666666666666,0.26666666666666666,0.4,0.4,0.26666666666666666,0.26666666666666666,0.26666666666666666,0.26666666666666666,0.26666666666666666,0.26666666666666666,0.26666666666666666,0.9333333333333333,0.6,0.9333333333333333,0.26666666666666666,0.26666666666666666,0.43333333333333335,0.7333333333333333,1.0,0.36666666666666664,0.6666666666666666,0.06666666666666667,0.2,0.8,0.7333333333333333,0.8666666666666667,1.0,1.0,1.0,excluded,,,
10,1373,600798.SH,宁波海运,0.2441860465116279,21.0,1.636878016689094,2.2609830353246605,1.3030278768187713,4.12880255401434,1206534201.0,3.45,3.76,3.44,3.6,112631808.0,414135750.0,3.42,5.263157894736836,10.0,3.76,True,False,True,60.35471990695871,52.0,False,NONE,0,0,93000000,1335000,194,42,201800,20,19,524600,1.185277963397338,15.116104868913856,0.179167859935268,39.29588014981273,False,launch_not_detected,0,0,0,0,0.0,0,60084867,4.979955557844979,0,0,0,0.0,0.0,0.0,0.0,0.0,0.0,0.0,0.0,0.0,0.0,0.0,0.0,0.0,7272162,0.6027315258840309,6.456579299517237,0.0,0,0.0,0.0,-35964922,-31.93140786659484,4.347826086956519,False,8400,12.574778165684778,1,1,0.2150787571166606,13.256742400458483,3.2708189264168235,30.052296927112224,6.456579299517237,False,-1.6666666666666718,-2.777777777777779,,,34.833333333333336,,40.0,v4,40.0,invalid,20260914,0.26666666666666666,0.26666666666666666,0.4,0.4,0.26666666666666666,0.26666666666666666,0.26666666666666666,0.26666666666666666,0.26666666666666666,0.26666666666666666,0.26666666666666666,0.06666666666666667,0.3333333333333333,0.06666666666666667,0.26666666666666666,0.26666666666666666,0.43333333333333335,0.3333333333333333,0.5333333333333333,0.36666666666666664,0.06666666666666667,0.6666666666666666,0.4,0.6,0.26666666666666666,0.3333333333333333,0.3333333333333333,0.26666666666666666,0.29333333333333333,excluded,,,
11,1478,600697.SH,欧亚集团,0.2863777089783283,29.130434782608702,1.6182937430519413,2.351955480387363,1.0222599026518966,2.800127748257452,155376015.0,10.94,12.16,10.9,12.16,10232716.0,123196762.0,11.05,10.045248868778266,10.0,12.16,True,False,True,55.90036828842799,51.33333333333333,False,NONE,0,0,93000000,78400,80,52,30000,31,31,40000,0.7661699982682995,38.265306122448976,0.2931772952557268,51.02040816326531,False,launch_not_detected,0,0,0,0,0.0,0,2285300,1.470819032139549,0,0,0,0.0,0.0,0.0,0.0,0.0,0.0,0.0,0.0,0.0,0.0,0.0,0.0,0.0,1433500,0.9226005699785776,14.00898842496948,0.0,0,0.0,0.0,-6917516,-67.60195435894049,11.151736745886652,False,6400,5.426711735183504,24,4,0.6950343295647545,23.70217822873112,0.3723869478825287,100.0,14.00898842496948,False,-7.236842105263164,-3.0427631578947456,,,40.66666666666667,,33.33333333333333,v4,33.33333333333333,invalid,20260914,0.26666666666666666,0.26666666666666666,0.4,0.4,0.26666666666666666,0.26666666666666666,0.26666666666666666,0.26666666666666666,0.26666666666666666,0.26666666666666666,0.26666666666666666,0.4,0.6666666666666666,0.4,0.26666666666666666,0.26666666666666666,0.43333333333333335,0.06666666666666667,0.3333333333333333,1.0,0.2,0.9333333333333333,0.8666666666666667,0.26666666666666666,0.8666666666666667,0.6,0.13333333333333333,0.2,0.17333333333333334,excluded,,,
12,443,000868.SZ,安凯客车,0.129032258064516,17.554858934169282,1.3424675155369292,1.0935886707423483,0.9708864520175878,1.472723736141369,939513985.0,3.55,3.91,3.54,3.91,15131380.0,58036629.0,3.55,10.140845070422545,10.0,3.91,True,False,True,79.27117658460944,44.0,False,NONE,0,0,93000000,221600,79,35,35800,14,14,125400,1.4645062115947125,16.15523465703971,0.2365944150500483,56.58844765342961,False,launch_not_detected,0,0,0,0,0.0,0,15192580,1.6170679992592127,0,0,0,0.0,0.0,0.0,0.0,0.0,0.0,0.0,0.0,0.0,0.0,0.0,0.0,0.0,2591900,0.2758766810693084,17.12930347397263,0.0,0,0.0,0.0,-7700380,-50.89013692075673,10.140845070422545,False,10000,9.300539673182486,8,3,4.364972301741084,7.440655606632614,1.3701531010206305,100.0,17.12930347397263,False,3.836317135549861,2.0460358056265893,,,48.16666666666667,,26.666666666666668,v4,26.666666666666668,invalid,20260914,0.26666666666666666,0.26666666666666666,0.4,0.4,0.26666666666666666,0.26666666666666666,0.26666666666666666,0.26666666666666666,0.26666666666666666,0.26666666666666666,0.26666666666666666,0.8,0.06666666666666667,0.8,0.26666666666666666,0.26666666666666666,0.43333333333333335,0.26666666666666666,0.4,0.9,0.6,0.3333333333333333,0.8666666666666667,0.6666666666666666,0.4,0.4,0.7333333333333333,0.6,0.6533333333333333,excluded,,,
13,542,601567.SH,三星电气,0.00146484375,33.46303501945525,1.593335725170722,1.0038092436614732,0.721261101012651,2.487764621309481,1405209400.0,12.88,14.17,12.83,14.17,35091467.0,480692244.0,12.88,10.015527950310554,10.0,14.17,True,False,True,77.50533049040511,49.66666666666667,True,CONTINUOUS_TRIGGER,130000000,130259999,93000000,353400,207,86,134900,61,60,167600,1.0070824340287623,38.17204301075269,0.3844239398711943,47.42501414827391,True,,0,0,0,0,0.0,21708556,26467556,1.8835310950809183,3639500,30,2455300,11.3102870591669,9901.620183937628,9972.4,74.1327612946711,146.04966254409936,16.088587375410874,20.29903591437793,26.963341090029203,56.27137981909068,44.16529237720383,1.5448627087180031,0.2590005446875035,0.1747284070260276,6107000,0.4345971497201769,17.403091184532126,28.131765189725197,5305700,145.78101387553235,1.9545416976327508,3746941,10.6776413764634,10.015527950310554,False,3500,1.980105305942325,19,2,6.2559695431349,4.279009804517391,0.6345320491024327,-4.85678704856787,17.403091184532126,False,,,,,67.16666666666669,62.5,20.0,v4,20.0,medium,20260914,0.8666666666666667,0.8,0.9333333333333333,1.0,0.8,1.0,1.0,0.9333333333333333,0.5333333333333333,0.7333333333333333,0.7333333333333333,0.8666666666666667,0.26666666666666666,0.8666666666666667,0.6,0.8,0.8666666666666667,0.9333333333333333,0.2,0.7666666666666667,0.8666666666666667,0.2,0.13333333333333333,0.4666666666666667,0.8,0.6666666666666666,,,,validation,25.0,75.0,37.5
14,151,002232.SZ,启明信息,0.0936639118457301,19.11421911421911,1.0555655690834873,0.87771981661269,0.8202564817829792,2.1913506910343488,408548455.00000006,14.42,15.28,14.38,15.28,7857988.0,119071579.0,13.89,10.007199424046064,10.0,15.28,True,False,True,86.52258189571623,45.0,False,NONE,0,0,93000000,1114900,243,79,90000,25,24,923800,14.18811023890594,8.07247286752175,1.1453313494497577,82.85944927796216,False,launch_not_detected,0,0,0,0,0.0,0,7572670,1.8535549228793435,0,0,0,0.0,0.0,0.0,0.0,0.0,0.0,0.0,0.0,0.0,0.0,0.0,0.0,0.0,1215440,0.297502042933928,15.467572615280146,0.0,0,0.0,0.0,-5265708,-67.01089388275982,5.963938973647709,False,3500,5.2781958944197935,12,3,5.435968647856519,9.457629695356452,1.7539339366734357,100.0,15.467572615280146,False,2.2905759162303863,3.0759162303664933,,,44.5,,13.333333333333334,v4,13.333333333333334,invalid,20260914,0.26666666666666666,0.26666666666666666,0.4,0.4,0.26666666666666666,0.26666666666666666,0.26666666666666666,0.26666666666666666,0.26666666666666666,0.26666666666666666,0.26666666666666666,0.6,0.2,0.6,0.26666666666666666,0.26666666666666666,0.43333333333333335,0.13333333333333333,0.26666666666666666,0.9,0.7333333333333333,0.4,0.8666666666666667,0.8666666666666667,0.13333333333333333,0.8,0.6666666666666666,0.7333333333333333,0.7066666666666666,excluded,,,
15,1430,000839.SZ,国安股份,0.2628865979381444,35.77586206896552,1.4420745743333818,1.7953328114673537,1.0029647540777071,2.552632124510502,3919826352.0,3.08,3.11,3.06,3.11,179638751.0,558290975.0,2.83,9.893992932862194,10.0,3.11,True,False,True,58.17406474122892,42.0,True,AUCTION_TRIGGER,92500000,92500000,92500000,249236300,2711,56,9492000,731,731,238841300,138.74305995369562,3.808434004196018,5.283937873738612,95.82925922106853,True,,0,0,0,0,0.0,39577600,172656201,4.404690042249096,28260700,0,0,0.0,359.5105211379953,385.9199999999983,91.36304374191462,896.5361647305849,23.92565491591203,5.449227501795437,5.820211432729625,22.773993369987064,129.56235706626572,1.0096773797085794,0.7209681619080048,0.0,29293066,0.7473051959318018,16.306652009621242,74.01425553848642,6269500,22.184517722490952,0.0,-108513619,-60.40657619580088,0.9740259740259604,False,30000,-7.303621254859426,1,1,0.402981242181003,19.556547437589145,3.844574669056666,100.0,16.306652009621242,False,,,,,47.83333333333334,87.5,6.666666666666667,v4,6.666666666666667,watch,20260914,0.7333333333333333,1.0,0.4,0.4,0.5333333333333333,0.6,0.6666666666666666,1.0,1.0,0.9333333333333333,0.5333333333333333,0.7333333333333333,0.4666666666666667,0.7333333333333333,0.8,0.5333333333333333,0.43333333333333335,0.2,0.06666666666666667,0.36666666666666664,0.13333333333333333,0.8666666666666667,0.8666666666666667,1.0,0.06666666666666667,0.9333333333333333,,,,validation,100.0,12.5,12.5
1,956,600163.SH,中闽能源,0.261501210653753,25.0,1.5896745628585514,1.24816400639441,0.6427174590825425,8.207176513100642,1902996143.0,5.6,6.29,5.51,6.29,194941066.0,1179112060.0,5.72,9.96503496503498,10.0,6.29,True,False,True,70.01163467132054,67.5,True,CONTINUOUS_TRIGGER,101400000,101659999,93000000,1501300,376,58,1049900,239,239,342500,0.7701301889874759,69.9327249716912,0.5385730269885771,22.81356157996403,False,orphan_cancel|unknown_link_gt_1pct,0,0,137,1595200,1.6028131291741268,33628560,97131380,5.104129104900661,6810934,110,2587100,7.693163192238978,1855.361102103643,1984.6600000000035,59.925920110763,226.0192217935189,22.479490647235565,37.23379786992975,35.260433393520266,44.48614510998984,13.40381764404633,1.7671375805831049,0.3579058226183698,0.1359487779056418,10986003,0.5773003292944666,5.635550900291066,32.668669131238445,6943568,101.94736874560816,0.0,-33993700,-17.437936858311833,12.321428571428571,False,9300,9.151481709861994,4,1,14.510654096110509,22.194740412566357,2.9287969502731674,62.44168423213498,5.635550900291066,False,-1.748807631160576,,,,59.68750000000001,,100.0,v4,100.0,watch,20260915,0.5,0.625,0.875,0.875,1.0,0.875,0.875,0.75,0.625,0.875,1.0,0.125,0.5,0.125,0.625,0.75,0.4375,0.75,0.625,0.4375,0.875,0.75,0.5,0.25,1.0,0.375,0.375,,,excluded,,,
2,728,002232.SZ,启明信息,0.2213039485766758,19.11421911421911,1.5490479611936312,0.933212255079995,0.872115892361646,2.499687715095449,408548455.00000006,16.81,16.81,16.76,16.81,9530370.0,160198942.0,15.28,10.01308900523561,10.0,16.81,True,False,True,74.0643785146403,43.75,False,NONE,0,0,93000000,10761900,3104,196,2763400,1672,1672,7900400,112.92216356762644,25.677621981248667,28.99572629394242,73.41082894284466,False,launch_not_detected|orphan_cancel,0,0,187,294100,0.8121405569773261,0,9119070,2.2320657166602182,0,0,0,0.0,0.0,0.0,0.0,0.0,0.0,0.0,0.0,0.0,0.0,0.0,0.0,0.0,1229000,0.3008211106807392,12.895616854329894,0.0,0,0.0,65.87793707377354,-6339570,-66.51966293019053,0.0,False,3200,7.736320835392539,0,0,0.0100819536809843,6.795179289076003,1.536921734289755,100.0,12.895616854329894,False,-7.911957168352157,,,,37.1875,,87.5,v4,87.5,invalid,20260915,0.25,0.25,0.375,0.375,0.25,0.25,0.25,0.25,0.25,0.25,0.25,0.625,0.25,0.625,0.25,0.25,1.0,0.125,0.5,0.1875,0.125,0.25,0.875,1.0,0.375,1.0,0.125,,,excluded,,,
3,1217,000868.SZ,安凯客车,0.2580645161290323,22.57053291536051,1.8358111389210696,1.132746044221999,1.0056503119816629,9.60108341165673,939513985.0,4.3,4.3,3.9,4.0,102177682.0,421644594.0,3.91,2.3017902813299296,10.0,4.3,True,False,True,64.72367655613729,72.5,False,NONE,0,0,93000000,58615000,4445,75,22870600,2402,2402,35637100,57.36575625193768,39.01834001535443,22.38316582676049,60.79860104068925,False,launch_not_detected|orphan_cancel,0,0,64,333800,0.118078623079353,0,115709409,12.315879363945816,0,0,0,0.0,0.0,0.0,0.0,0.0,0.0,0.0,0.0,0.0,0.0,0.0,0.0,0.0,9322900,0.9923109340410724,9.124203855006224,0.0,0,0.0,0.0,-25776182,-25.226822037321224,-6.976744186046513,False,5500,14.869981098220649,0,0,7.222098427601999,9.252411500825078,11.4395307271557,25.7710872944449,9.124203855006224,False,-0.2499999999999946,,,,49.6875,,75.0,v4,75.0,invalid,20260915,0.25,0.25,0.375,0.375,0.25,0.25,0.25,0.25,0.25,0.25,0.25,0.375,0.625,0.375,0.25,0.25,0.4375,0.625,1.0,0.1875,0.625,0.375,0.25,0.875,0.625,0.875,0.5,,,excluded,,,
4,1215,603000.SH,人民网,0.1484184914841849,28.23779193205944,1.775049339497479,1.5815150538759477,1.0033117312485338,4.2836448482288265,1105691056.0,17.18,18.23,16.92,17.23,74906686.0,1321013575.0,16.57,3.9831019915509858,10.0,18.23,True,False,True,64.77603257707969,47.5,True,CONTINUOUS_TRIGGER,94100000,94359999,93000000,1452500,643,162,727800,220,220,617700,1.9390792432066744,50.10671256454389,0.9716088627923012,42.52667814113597,False,orphan_cancel|unknown_link_gt_1pct,0,0,105,179200,1.7234776612597706,19928404,52740894,4.769948505398782,6896603,0,0,0.0,503.84696497191845,447.6100000000006,80.16900400052106,247.07575319735216,31.3316761342253,27.816083809541254,24.44751722215186,40.945581994423634,14.993720320239504,1.8023483044254636,0.6237368894842539,0.0,12492603,1.1298457134304611,16.677553990307352,62.68742343842487,9138000,132.5000148623895,0.0,-2853004,-3.808744121986654,0.2910360884749829,False,2700,10.40403923356054,5,1,12.766254597980009,14.321042133852623,2.668772695580166,50.433364396343016,16.677553990307352,False,0.6964596633778353,,,,67.1875,,62.5,v4,62.5,watch,20260915,0.625,1.0,0.375,0.375,0.875,0.625,0.625,1.0,0.75,1.0,0.75,0.875,0.75,0.875,0.75,0.875,0.4375,1.0,0.75,0.4375,0.75,0.625,0.375,0.625,0.75,0.625,0.625,,,excluded,,,
5,638,603266.SH,天龙股份,0.0720588235294118,29.51510892480673,1.45873555783152,1.1472799972848815,0.8192382709593429,4.12553682136714,198886750.0,15.23,16.73,15.13,16.73,9413600.0,154471731.0,15.21,9.993425378040754,10.0,16.73,True,False,True,75.79212720573977,56.25,False,NONE,0,0,93000000,20000,35,29,800,3,3,8500,0.2124585705787371,4.0,0.0084983428231494,42.5,False,launch_not_detected|orphan_cancel,0,0,25,13200,0.3186878558681057,0,4814300,2.4206237972112272,0,0,0,0.0,0.0,0.0,0.0,0.0,0.0,0.0,0.0,0.0,0.0,0.0,0.0,0.0,986700,0.4961114805284917,10.481643579501997,0.0,0,0.0,0.0,-2879400,-30.587660406220785,9.848982271831908,False,2300,13.000339933712926,11,3,4.044578215244448,9.484141100400102,0.6651524045719486,64.02714932126696,10.481643579501997,False,2.390914524805732,,,,51.24999999999999,,50.0,v4,50.0,invalid,20260915,0.25,0.25,0.375,0.375,0.25,0.25,0.25,0.25,0.25,0.25,0.25,0.5,0.375,0.5,0.25,0.25,0.4375,0.375,0.875,0.875,0.5,0.5,0.625,0.125,0.125,0.125,0.75,,,excluded,,,
6,1142,601218.SH,吉鑫科技,0.1972157772621809,27.720207253886,1.346797719543943,2.457762595933829,0.7678514730049507,3.285873787090983,969033512.0,4.68,5.18,4.57,5.18,78258155.0,391875999.0,4.71,9.97876857749469,10.0,5.18,True,False,True,66.13535000969556,35.0,True,CONTINUOUS_TRIGGER,100800000,101059999,93000000,863400,281,50,570600,192,192,185700,1.10327160153469,66.08756080611535,0.7291252905208409,21.507991660875607,False,orphan_cancel,0,0,50,339800,0.6979464312696869,18878600,28118673,2.901723485492832,5738400,76,2182700,11.56176835146674,1417.1775107438018,1655.869999999999,64.71401481042027,308.5212747211851,11.181973239541067,22.212149499156283,23.02554214825252,46.57813609059993,13.926535835147147,1.9481885575903592,0.5921776624790247,0.2252450480783785,12596473,1.2999006581312122,16.096051587211583,66.72355471274352,3618000,63.04893350062736,0.0,-32727009,-41.81929538205954,10.68376068376069,False,10000,-1.9168609328957475,4,2,16.56050172615864,29.38861489033828,1.1784215776430238,100.0,16.096051587211583,False,7.14285714285714,,,,68.125,,37.5,v4,37.5,watch,20260915,0.875,0.875,1.0,1.0,0.625,0.75,0.75,0.875,0.875,0.625,0.625,0.75,0.875,0.75,0.875,0.5,0.4375,0.25,0.125,0.625,1.0,0.875,0.875,0.375,0.875,0.5,1.0,,,excluded,,,
7,1277,002362.SZ,汉王科技,0.1624629080118694,27.478134110787146,1.6075146445766442,2.009527209242048,1.1065014574863148,3.12214432682184,207672672.0,15.9,17.5,15.84,17.5,13029454.0,223167956.0,15.91,9.99371464487744,10.0,17.5,True,False,True,63.12197013767694,38.75,True,CONTINUOUS_TRIGGER,93300000,93559999,93000000,591200,351,103,199400,105,105,353600,4.537411928389325,33.72801082543979,1.5303787864019476,59.8105548037889,False,orphan_cancel|unknown_link_gt_1pct,0,0,233,531000,2.465951374478163,4062600,13362700,6.434500924608896,779900,0,0,0.0,245.7699149722736,145.0500000000029,37.50799980308177,410.7892052757142,9.560380052183332,36.27854997555354,22.825284300694136,57.97764978092847,18.22869937604446,1.9562516150415783,0.3755429120688542,0.0,3553100,1.7109136054261391,27.269753590595585,87.45877024565549,2805000,359.6614950634697,0.0,-3676254,-28.214950526706644,10.062893081761004,False,3400,4.5412493877333615,25,3,3.7328558598055226,30.09856780770847,5.593299247384846,100.0,27.269753590595585,False,-5.428571428571427,,,,63.74999999999999,,25.0,v4,25.0,watch,20260915,1.0,0.75,0.375,0.375,0.5,0.5,0.5,0.5,1.0,0.5,0.875,1.0,1.0,1.0,1.0,1.0,0.4375,0.5,0.375,0.875,0.375,1.0,0.875,0.75,0.5,0.75,0.25,,,excluded,,,
8,617,605507.SH,国邦医药,0.2746913580246915,17.782426778242687,1.2316821878944322,0.5689820092697254,0.9985816338662604,6.160978769320472,782352899.9999999,16.25,17.73,16.25,17.73,27425272.0,473697090.0,16.12,9.987593052109167,10.0,17.73,True,False,True,76.26720961799496,73.75,True,CONTINUOUS_TRIGGER,130000000,130259999,93000000,304700,101,59,45080,29,28,239820,1.1110190630014536,14.794880210042663,0.1643739394818035,78.70692484410895,False,orphan_cancel|unknown_link_gt_1pct,0,0,93,180060,2.276950981561824,14498414,16516734,2.1111615998355733,1414980,24,550420,3.796415249281749,9677.246985128437,10013.089999999997,57.6364490626354,117.07516815492802,13.255732661517325,22.07726894004789,23.27538722511304,66.96506252339049,43.8078790977898,1.853180834377939,0.1808621147822166,0.0703544397930908,1749780,0.2236561019969377,6.380173731731813,12.06876834942084,1264120,89.33836520657536,0.9286962130795112,-1772368,-6.4625357225262885,9.107692307692306,False,3000,0.2184116897728489,15,3,2.3151186191760704,2.450202204145981,0.6732744264129399,-0.4416690090016024,6.380173731731813,False,2.4816694867456413,,,,48.125,,12.5,v4,12.5,watch,20260915,0.75,0.5,0.75,0.75,0.75,1.0,1.0,0.625,0.5,0.75,0.5,0.25,0.125,0.25,0.5,0.625,0.875,0.875,0.25,0.875,0.25,0.125,0.125,0.5,0.25,0.25,0.875,,,excluded,,,
1,1645,600616.SH,金枫酒业,0.3480176211453746,33.69863013698631,1.9468330642114,1.9051646553586736,1.6863539138132244,4.340121061813435,669004950.0,4.4,4.88,4.35,4.88,55317646.0,266433465.0,4.44,9.909909909909898,10.0,4.88,True,False,True,46.4179104477612,62.3076923076923,True,CONTINUOUS_TRIGGER,95200000,95459999,93000000,491700,113,35,371500,61,61,108500,0.8888664568264528,75.55419971527354,0.6715759379927337,22.06630058979052,True,,0,0,0,0,0.0,7181400,17242836,2.577385413964426,1631200,14,771700,10.745815579134987,905.1853863636366,962.2700000000004,64.10588464644776,304.4893878858872,11.476870805135489,30.2450151212261,34.54479627927702,42.740969727351214,8.12887084891501,1.0734449722681425,0.2438248027910705,0.1153504170634313,6040596,0.9029224671656016,10.91983559821038,84.11446236109951,1645000,100.84600294261894,0.0,-28921574,-52.28272728741928,10.90909090909089,False,10200,3.357731455167127,4,2,4.291825114240137,28.13508151172873,1.0914789195505952,100.0,10.91983559821038,False,,,,,47.69230769230769,66.66666666666666,100.0,v4,100.0,medium,20260916,0.6153846153846154,0.5384615384615384,0.6923076923076923,1.0,0.9230769230769231,0.5384615384615384,0.5384615384615384,0.9230769230769231,0.6923076923076923,0.7692307692307693,0.7692307692307693,0.15384615384615385,0.6153846153846154,0.15384615384615385,0.8461538461538461,0.6153846153846154,0.3076923076923077,0.15384615384615385,0.5384615384615384,0.3076923076923077,0.23076923076923078,1.0,0.7692307692307693,0.15384615384615385,1.0,0.6153846153846154,,,,validation,88.88888888888889,66.66666666666666,100.0
2,1136,002961.SZ,瑞达期货,0.0841320553780616,21.074727120067173,1.947553555435162,1.7603658136146596,1.159848369464047,2.2407775330172166,476931183.0,12.74,13.97,12.72,13.97,18812971.0,387631351.0,12.7,10.000000000000009,10.0,13.97,True,False,True,67.0362473347548,39.03846153846154,True,CONTINUOUS_TRIGGER,101200000,101459999,93000000,109400,147,68,47000,52,52,56000,0.5815136801093246,42.96160877513711,0.2498276322224703,51.18829981718464,True,,0,0,0,0,0.0,3334465,21491348,4.506173797405065,491500,4,50000,1.4994909228316986,1586.3720243959651,1749.8499999999983,51.96035945796402,1302.234321229637,7.593422033219722,32.566104945883,28.816166911333603,56.4438373172308,8.609830951209142,0.6991501329448613,0.1030547000320589,0.0104836927804739,2793298,0.5856815615262465,14.847723945356636,83.77049991527876,134100,27.28382502543235,0.0,-6272507,-33.34139514699725,9.675732217573207,False,3000,8.149154112872443,19,3,6.551519568413247,17.377538511672448,3.8098259555404246,100.0,14.847723945356636,False,,,,,51.53846153846155,11.11111111111111,92.3076923076923,v4,92.3076923076923,watch,20260916,0.46153846153846156,0.38461538461538464,0.5384615384615384,0.5384615384615384,0.8461538461538461,0.6923076923076923,0.6923076923076923,0.5384615384615384,1.0,0.5384615384615384,0.9230769230769231,0.6153846153846154,0.3076923076923077,0.6153846153846154,0.7692307692307693,0.38461538461538464,0.3076923076923077,0.38461538461538464,0.6153846153846154,0.6153846153846154,0.38461538461538464,0.8461538461538461,0.7692307692307693,0.07692307692307693,0.7692307692307693,0.15384615384615385,,,,validation,100.0,55.55555555555556,88.88888888888889
3,1592,002846.SZ,英联股份,0.2050724637681159,37.44292237442921,1.8228074255145963,2.187404422450038,0.9581197689810824,4.065663890792735,271391801.0,12.73,12.75,12.37,12.75,24115735.0,305941905.0,11.59,10.008628127696294,10.0,12.75,True,False,True,53.07811591393682,63.84615384615384,False,NONE,0,0,93000000,7511000,2009,157,2057000,1025,1025,5323900,31.145639973237387,27.386499800292903,8.529700629070605,70.88137398482226,False,launch_not_detected,0,0,0,0,0.0,0,26309685,9.694355136395592,0,0,0,0.0,0.0,0.0,0.0,0.0,0.0,0.0,0.0,0.0,0.0,0.0,0.0,0.0,9255229,3.410283201591635,38.37838241297643,0.0,0,0.0,35.04044676926381,-4694967,-19.46847981203973,0.157109190887672,False,4000,16.506455225188034,8,5,1.4411311463358305,25.0634321852634,7.811470325148105,100.0,38.37838241297643,False,-7.76470588235294,,,,53.46153846153846,,84.61538461538461,v4,84.61538461538461,invalid,20260916,0.19230769230769232,0.19230769230769232,0.2692307692307692,0.2692307692307692,0.19230769230769232,0.19230769230769232,0.19230769230769232,0.19230769230769232,0.19230769230769232,0.19230769230769232,0.19230769230769232,1.0,1.0,1.0,0.19230769230769232,0.19230769230769232,0.9230769230769231,0.46153846153846156,0.8461538461538461,1.0,0.07692307692307693,0.9230769230769231,0.7692307692307693,0.9230769230769231,0.3076923076923077,0.9230769230769231,0.07692307692307693,,,excluded,,,
4,428,000561.SZ,烽火电子,0.1267427122940431,21.68674698795181,1.2939974294859558,1.0247854884813985,0.7965663774414331,3.613768536238737,776247360.0,7.68,8.4,7.62,7.95,28747060.0,230797646.0,7.64,4.057591623036649,10.0,8.4,True,False,True,79.70730761775538,52.30769230769232,True,CONTINUOUS_TRIGGER,94000000,94259999,93000000,352800,126,44,113800,20,20,170100,1.2272559350417052,32.2562358276644,0.3958665686160602,48.21428571428572,True,,0,0,0,0,0.0,2437800,41065472,5.290255930789897,815300,0,0,0.0,520.8162704081633,508.9599999999991,55.65673968332104,339.9813884129325,6.066945606694561,29.478177061820183,25.641972270079584,40.91393879727623,3.6678533387414234,0.3140493772500559,0.1050309530199239,0.0,4149000,0.5344945714211511,14.432780256485358,170.19443760767905,1132200,138.86912792836992,0.4245619330947596,890686,3.098355101356452,3.515625,False,2400,17.061831714269214,4,2,3.7513855895243218,3.665700067566091,4.154381793968356,29.87816691719045,14.432780256485358,False,,,,,46.73076923076924,22.22222222222222,76.92307692307693,v4,76.92307692307693,watch,20260916,0.38461538461538464,0.46153846153846156,0.2692307692307692,0.2692307692307692,0.6923076923076923,0.46153846153846156,0.46153846153846156,0.6923076923076923,0.8461538461538461,0.38461538461538464,0.6923076923076923,0.5384615384615384,0.23076923076923078,0.5384615384615384,1.0,0.9230769230769231,0.6153846153846154,0.7692307692307693,0.9230769230769231,0.3076923076923077,0.15384615384615385,0.07692307692307693,0.46153846153846156,0.3076923076923077,0.5384615384615384,0.3076923076923077,,,,validation,44.44444444444444,44.44444444444444,77.77777777777779
5,568,000055.SZ,方大集团,0.2125000000000001,17.252396166134186,1.132219967747868,1.2594717049638464,0.7970443834075684,2.717772229685566,675854429.0,3.51,3.82,3.49,3.82,23134208.0,85135468.0,3.47,10.086455331412104,10.0,3.82,True,False,True,77.41810428377593,59.23076923076923,True,CONTINUOUS_TRIGGER,103500000,103759999,93000000,1288100,81,27,432900,26,26,838400,5.567945096715651,33.60763915845043,1.87125489664483,65.08811427684186,True,,0,0,0,0,0.0,18144900,28225601,4.176284091496277,2162500,56,1311900,7.230130780549906,2629.739107565945,2839.239999999998,56.7371547928068,135.56830459654182,16.806375345138303,43.791998782827726,35.56536547459616,52.51668512915475,46.46625464766289,2.684734940162684,0.3199653515920068,0.1941098472848803,4003201,0.5923170476108547,17.304249188042228,22.06240320971733,2060300,95.27398843930636,0.0,-3408406,-14.733186457042317,8.83190883190883,False,7000,-32.22544294578833,3,2,11.2867557053725,10.306317013127098,3.057671461970992,100.0,17.304249188042228,False,,,,,59.23076923076923,100.0,69.23076923076923,v4,69.23076923076923,medium,20260916,0.7692307692307693,0.6153846153846154,0.8461538461538461,0.9230769230769231,1.0,0.8461538461538461,0.9230769230769231,0.8461538461538461,0.38461538461538464,0.9230769230769231,1.0,0.8461538461538461,0.38461538461538464,0.8461538461538461,0.6153846153846154,0.5384615384615384,0.3076923076923077,0.6153846153846154,0.15384615384615385,0.3076923076923077,0.7692307692307693,0.46153846153846156,0.7692307692307693,0.7692307692307693,0.6153846153846154,0.8461538461538461,,,,validation,66.66666666666666,100.0,66.66666666666666
6,1291,000753.SZ,漳州发展,0.1104815864022663,25.82938388625593,1.6052343212071754,2.3948769164146704,1.1744695250901491,2.3650616210075865,991481071.0,5.0,5.5,4.99,5.5,56157800.0,298219013.0,5.0,10.000000000000009,10.0,5.5,True,False,True,63.80887768947471,35.57692307692308,True,CONTINUOUS_TRIGGER,102800000,103059999,93000000,1242400,163,50,175400,56,55,995500,2.2123373778887347,14.117836445589182,0.3123341726349679,80.12717321313588,True,,0,0,0,0,0.0,51382642,64059411,6.4609817447538544,8482971,131,2571300,5.004219129098111,2320.20627654921,2754.4199999999983,56.17138565977204,196.6155752995006,24.0532026360186,25.99890229799492,23.02269898850277,60.46789108275126,40.3320126500682,5.182412806749389,0.8555857744660866,0.2593392930241832,9495471,0.95770572709199,16.90855232932914,18.479919736318735,9480571,111.76003077223773,24.32948762237837,-620458,-1.1048474121137224,10.000000000000009,False,6800,-24.90900818764268,6,3,6.966046756841325,12.32772904849537,4.947350124448317,100.0,16.90855232932914,False,,,,,66.53846153846155,33.33333333333333,61.53846153846154,v4,61.53846153846154,medium,20260916,0.9230769230769231,0.9230769230769231,0.9230769230769231,0.8461538461538461,0.6153846153846154,0.7692307692307693,0.7692307692307693,0.7692307692307693,0.5384615384615384,1.0,0.6153846153846154,0.7692307692307693,0.6923076923076923,0.7692307692307693,0.5384615384615384,0.8461538461538461,0.7692307692307693,0.6923076923076923,0.23076923076923078,0.6153846153846154,0.46153846153846156,0.6153846153846154,0.7692307692307693,0.6153846153846154,0.15384615384615385,0.23076923076923078,,,,validation,55.55555555555556,88.88888888888889,55.55555555555556
7,1353,001216.SZ,华瓷股份,0.3132313231323133,36.91119691119693,1.653788829117658,0.9186412321962484,0.6802438395870188,1.8434156218078004,246836199.00000003,18.07,18.07,18.07,18.07,4180017.0,75532907.0,16.43,9.981740718198417,10.0,18.07,True,False,True,62.07404535762745,32.69230769230769,False,NONE,0,0,93000000,25439800,3921,166,4180017,204,203,18219100,608.6051803138599,16.431013608597553,100.0,71.61652214246968,False,launch_not_detected,0,0,0,0,0.0,0,4172517,1.6903991460344925,0,0,0,0.0,0.0,0.0,0.0,0.0,0.0,0.0,0.0,0.0,0.0,0.0,0.0,0.0,0,0.0,0.0,0.0,0,0.0,58.93755934485434,-4180017,-100.0,0.0,False,7000,0.0,0,0,100.0,7.106210544102567,0.9980707894468914,100.0,0.0,False,33.14886552296623,,,,34.61538461538461,,53.84615384615385,v4,53.84615384615385,invalid,20260916,0.19230769230769232,0.19230769230769232,0.2692307692307692,0.2692307692307692,0.19230769230769232,0.19230769230769232,0.19230769230769232,0.19230769230769232,0.19230769230769232,0.19230769230769232,0.19230769230769232,0.07692307692307693,0.07692307692307693,0.07692307692307693,0.19230769230769232,0.19230769230769232,1.0,0.07692307692307693,0.38461538461538464,0.07692307692307693,1.0,0.23076923076923078,0.7692307692307693,1.0,0.23076923076923078,1.0,1.0,,,excluded,,,
8,1477,002093.SZ,国脉科技,0.1833740831295843,29.666666666666664,1.720235739057085,1.738623473945404,1.4041162867128385,3.880165886917242,1007500000.0,7.42,8.25,7.39,7.78,67967436.0,529769954.0,7.5,3.733333333333344,10.0,8.25,True,False,True,58.309749951541015,52.69230769230769,True,CONTINUOUS_TRIGGER,95400000,95659999,93000000,1017800,378,77,388300,166,166,548400,1.497481823501478,38.15091373550796,0.5713029986889604,53.88091963057576,True,,0,0,0,0,0.0,16456644,86369725,8.57267741935484,4412531,39,798400,4.851535951072405,1131.4130229662424,1193.800000000003,50.365943384325504,312.39135463969103,14.98343161582641,11.237460676418529,13.842998608950891,59.343934279674514,7.774860007960282,1.633413796526055,0.4379683374689826,0.0792456575682382,11103566,1.1020909181141438,16.336596837344285,67.471630303238,7272124,164.80618493105203,0.0,2328380,3.425728756341493,4.851752021563338,False,4100,8.658943674144188,2,1,18.591431296635346,6.78605459057072,7.266585210918114,16.63403315882364,16.336596837344285,False,,,,,64.23076923076923,55.55555555555556,46.15384615384615,v4,46.15384615384615,watch,20260916,0.6923076923076923,0.6923076923076923,0.6153846153846154,0.6923076923076923,0.38461538461538464,0.6153846153846154,0.6153846153846154,0.46153846153846156,0.7692307692307693,0.8461538461538461,0.38461538461538464,0.6923076923076923,0.9230769230769231,0.6923076923076923,0.6923076923076923,1.0,0.3076923076923077,0.8461538461538461,0.6923076923076923,0.15384615384615385,0.9230769230769231,0.15384615384615385,0.23076923076923078,0.38461538461538464,0.6923076923076923,0.46153846153846156,,,,validation,11.11111111111111,22.22222222222222,44.44444444444444
9,1493,301300.SZ,远翔新材,0.2220625224577793,35.44009305932532,1.7593308953132454,1.795349980753557,0.8391994138405408,4.790021791694211,39074763.0,32.75,38.36,32.65,36.36,3360338.0,122111686.0,31.97,13.731623396934634,20.0,38.36,True,False,True,57.53246753246752,91.92307692307692,False,NONE,0,0,93000000,37000,35,23,19600,17,17,9600,1.1010797128146037,52.972972972972975,0.5832746586801685,25.945945945945947,False,launch_not_detected,0,0,0,0,0.0,0,4633393,11.857763539090437,0,0,0,0.0,0.0,0.0,0.0,0.0,0.0,0.0,0.0,0.0,0.0,0.0,0.0,0.0,378648,0.9690346682333044,11.268152191833083,0.0,0,0.0,0.0,181936,5.414217260287506,11.022900763358766,False,1300,19.57782223097796,53,4,4.989991826081157,15.7766791829294,6.061866581250921,-17.599999999999998,11.268152191833083,False,-7.3157315731573025,,,,50.1923076923077,,38.46153846153847,v4,38.46153846153847,invalid,20260916,0.19230769230769232,0.19230769230769232,0.2692307692307692,0.2692307692307692,0.19230769230769232,0.19230769230769232,0.19230769230769232,0.19230769230769232,0.19230769230769232,0.19230769230769232,0.19230769230769232,0.23076923076923078,0.7692307692307693,0.23076923076923078,0.19230769230769232,0.19230769230769232,0.3076923076923077,0.9230769230769231,1.0,0.8846153846153846,0.3076923076923077,0.7692307692307693,0.07692307692307693,0.23076923076923078,0.8461538461538461,0.5384615384615384,0.15384615384615385,,,excluded,,,
10,1625,002095.SZ,生 意 宝,0.2637362637362636,30.89887640449436,1.905663795553553,2.1569759397992274,1.9216004636511643,3.228126727694843,251708415.0,15.03,16.35,14.72,16.35,17526436.0,274567652.0,14.86,10.026917900403776,10.0,16.35,True,False,True,49.44756735801512,55.00000000000001,True,CONTINUOUS_TRIGGER,142200000,142459999,93000000,570600,229,84,317700,74,73,198100,3.2556533456088848,55.678233438485805,1.812690269715988,34.71784086926043,True,,0,0,0,0,0.0,15458159,13942445,5.539125499638143,2359668,39,763500,4.939139259726854,13057.186227361384,15981.685,49.807114805844606,260.9537398724201,10.328817293184784,30.87192229500791,27.78709935639813,56.94802983977587,47.97356975485489,6.141296070693544,0.9374609108718116,0.3033271652836874,2480668,0.9855324066142168,14.15386448220277,16.04762895762684,2479868,105.09393694367174,32.54356447597218,-3248538,-18.535074672340684,8.782435129740529,False,3000,-7.938824527702039,25,3,10.823320404636847,12.879823664218776,5.171388489335964,21.627862262254705,14.15386448220277,False,,,,,64.61538461538461,88.88888888888889,30.76923076923077,v4,30.76923076923077,medium,20260916,1.0,1.0,1.0,0.7692307692307693,0.7692307692307693,1.0,1.0,0.38461538461538464,0.6153846153846154,0.6923076923076923,0.8461538461538461,0.46153846153846156,0.8461538461538461,0.46153846153846156,0.46153846153846156,0.6923076923076923,0.8461538461538461,0.5384615384615384,0.3076923076923077,0.6153846153846154,0.6923076923076923,0.6923076923076923,0.3076923076923077,0.6923076923076923,0.9230769230769231,0.7692307692307693,,,,validation,22.22222222222222,77.77777777777779,33.33333333333333
11,1511,001209.SZ,洪兴股份,0.1609139523578026,35.42695836273819,1.702372455671422,2.221584752673439,1.0048329559289737,2.0249906604147405,96126596.0,17.48,19.23,17.2,19.23,4324436.0,80848625.0,17.48,10.011441647597264,10.0,19.23,True,False,True,56.8210893584028,32.30769230769231,False,NONE,0,0,93000000,83900,55,33,7200,22,22,72000,1.9401373959517496,8.581644815256258,0.166495700248541,85.81644815256257,False,launch_not_detected,0,0,0,0,0.0,0,4319936,4.494007048788038,0,0,0,0.0,0.0,0.0,0.0,0.0,0.0,0.0,0.0,0.0,0.0,0.0,0.0,0.0,597600,0.6216801851591623,13.81914312062891,0.0,0,0.0,0.0,-1834236,-42.41561211681708,10.011441647597264,False,2400,13.173972282165812,31,3,9.300706386052058,12.008851327680429,4.077681061337072,25.396825396825395,13.81914312062891,False,0.9880395215808636,,,,43.46153846153846,,23.07692307692308,v4,23.07692307692308,invalid,20260916,0.19230769230769232,0.19230769230769232,0.2692307692307692,0.2692307692307692,0.19230769230769232,0.19230769230769232,0.19230769230769232,0.19230769230769232,0.19230769230769232,0.19230769230769232,0.19230769230769232,0.38461538461538464,0.46153846153846156,0.38461538461538464,0.19230769230769232,0.19230769230769232,0.3076923076923077,0.23076923076923078,0.7692307692307693,0.6153846153846154,0.6153846153846154,0.5384615384615384,0.38461538461538464,0.5384615384615384,0.07692307692307693,0.07692307692307693,0.5384615384615384,,,excluded,,,
12,387,002489.SZ,浙江永强,0.1575757575757574,17.599999999999994,1.3294317314461046,0.965060809065896,0.7650547374664874,4.5147778945495896,1913042953.0,2.75,3.04,2.74,3.04,83351955.0,244852944.0,2.76,10.144927536231885,10.0,3.04,True,False,True,80.40317891064159,91.15384615384616,True,CONTINUOUS_TRIGGER,140800000,141059999,93000000,1363000,213,34,413500,44,44,529900,1.6352345904784116,30.33749082905356,0.4960891439198996,38.877476155539256,True,,0,0,0,0,0.0,79546321,42707581,2.2324423470485453,9307083,68,2214803,2.784293443313362,5818.975787032317,2790.9400000000023,54.49152827570744,175.4201612675671,9.80686460659821,23.310976608388287,22.69436697141531,65.60542755962277,56.68148995425483,4.158104284864952,0.4865067449429087,0.1157738249696267,9969683,0.5211426635437391,11.960946806826549,12.533179252878332,9884583,106.20495164811574,23.05041075521264,10095445,12.111827491028857,10.545454545454549,False,10300,-37.79943733773251,8,3,11.707628441485951,8.794726732933947,3.054654047801717,-6.660340574495163,11.960946806826549,False,,,,,57.692307692307686,44.44444444444444,15.384615384615383,v4,15.384615384615383,watch,20260916,0.8461538461538461,0.7692307692307693,0.7692307692307693,0.6153846153846154,0.5384615384615384,0.9230769230769231,0.8461538461538461,0.6153846153846154,0.46153846153846156,0.6153846153846154,0.5384615384615384,0.3076923076923077,0.15384615384615385,0.3076923076923077,0.38461538461538464,0.7692307692307693,0.6923076923076923,1.0,0.07692307692307693,0.6153846153846154,0.8461538461538461,0.38461538461538464,0.15384615384615385,0.46153846153846156,0.46153846153846156,0.38461538461538464,,,,validation,33.33333333333333,33.33333333333333,22.22222222222222
13,1644,603230.SH,内蒙新华,0.3260000000000002,30.117647058823536,2.109012687396584,1.939120806849904,3.3499013145035184,1.7002035399777256,353523000.0,10.09,11.14,10.01,11.14,11655300.0,127062155.0,10.13,9.970384995064151,10.0,11.14,True,False,True,46.46443109129677,16.923076923076923,True,CONTINUOUS_TRIGGER,93500000,93759999,93000000,674900,262,93,201700,73,72,424500,5.790498743061097,29.885909023559048,1.7305431863615692,62.89820714179879,True,,0,0,0,0,0.0,3090500,4841200,1.3694158513024612,1739000,0,0,0.0,408.9758333333335,228.5199999999968,78.21711697136385,529.4428360234797,7.332146901795826,11.533242876526458,20.964245267756027,22.76654263064229,12.869681604077115,0.8742005470648302,0.4919057600212715,0.0,2980000,0.8429437405769921,25.56776745343321,96.42452677560264,1016500,58.45313398504888,0.0,-4237700,-36.358566489065055,10.406342913776022,False,6100,2.9317134694087668,23,4,8.009815642106588,8.450143272149194,0.2802929370932018,100.0,25.56776745343321,False,,,,,55.000000000000014,77.77777777777779,7.6923076923076925,v4,7.6923076923076925,watch,20260916,0.5384615384615384,0.8461538461538461,0.2692307692307692,0.2692307692307692,0.46153846153846156,0.38461538461538464,0.38461538461538464,1.0,0.9230769230769231,0.46153846153846156,0.46153846153846156,0.9230769230769231,0.5384615384615384,0.9230769230769231,0.9230769230769231,0.46153846153846156,0.3076923076923077,0.3076923076923077,0.46153846153846156,0.8846153846153846,0.5384615384615384,0.3076923076923077,0.7692307692307693,0.8461538461538461,0.38461538461538464,0.6923076923076923,,,,validation,77.77777777777779,11.11111111111111,11.11111111111111
1,1543,600448.SH,华纺股份,0.3788819875776398,34.48275862068968,1.3245555574496648,2.155027124256398,0.7666032301319784,5.31935357361876,629819662.0,2.94,3.22,2.84,3.22,72198440.0,228342563.0,2.93,9.897610921501698,10.0,3.22,True,False,True,55.78763805464057,67.27272727272727,True,CONTINUOUS_TRIGGER,100100000,100359999,93000000,420900,88,37,237000,44,44,73700,0.5829765850896501,56.30791161796152,0.3282619402856904,17.510097410311236,True,,0,0,0,0,0.0,6706200,25801295,4.096616310463804,2261300,51,1502300,22.40165816706928,1368.547400806994,1491.1650000000009,63.6813694789896,271.219298655696,13.827502907757,30.786154297447933,35.30762577912976,30.972831111508757,6.004146349976537,1.0647809848781762,0.3590392832162803,0.2385285964603626,10363795,1.645517856189126,14.354596858325472,154.5404998359727,1392900,61.59731128112148,0.0,-35212450,-48.7717601654551,9.523809523809534,False,17000,6.706377589321874,2,2,5.092593497735658,24.75816005883919,2.264464077655296,100.0,14.354596858325472,False,,,,,55.00000000000001,50.0,100.0,v4,100.0,medium,20260917,0.45454545454545453,0.6363636363636364,1.0,1.0,0.8181818181818182,0.5454545454545454,0.6363636363636364,0.7272727272727273,0.7272727272727273,0.6363636363636364,0.6363636363636364,0.45454545454545453,0.9090909090909091,0.45454545454545453,1.0,0.45454545454545453,0.4090909090909091,0.2727272727272727,0.5454545454545454,0.5,0.18181818181818182,0.9090909090909091,0.7727272727272727,0.09090909090909091,1.0,0.5454545454545454,,,,validation,75.0,62.5,100.0
2,1141,600822.SH,上海物贸,0.179700499168053,24.563758389261725,1.480180015524652,1.1440343514321871,1.4226798025041238,3.661675299388426,396147908.0,8.5,9.38,8.4,9.38,16594962.0,150938290.0,8.53,9.964830011723349,10.0,9.38,True,False,True,66.68862623522573,58.63636363636363,True,CONTINUOUS_TRIGGER,101100000,101359999,93000000,132700,43,31,34800,14,13,30100,0.7996402763682134,26.224566691785984,0.2097021975705638,22.6827430293896,True,,0,0,0,0,0.0,3239559,10393556,2.6236554049908047,581000,5,71200,2.197830013282672,1246.0935354539429,892.5299999999988,64.88537483033956,224.32995196233767,14.560623837997705,27.25136071251856,34.06509960151984,48.000360542901056,15.502650744243946,0.8177650151821576,0.1466623925728266,0.017973084941799,2733038,0.6899034286961324,16.469082604708586,84.364507638231,349500,60.15490533562823,0.0,-1526244,-9.19703220772666,10.352941176470589,False,3400,13.494583476599706,6,1,13.272427894699725,13.760466456887109,1.111785752507369,100.0,16.469082604708586,False,,,,,52.727272727272734,25.0,90.9090909090909,v4,90.9090909090909,watch,20260917,0.36363636363636365,0.2727272727272727,0.36363636363636365,0.45454545454545453,0.6363636363636364,0.45454545454545453,0.36363636363636365,0.8181818181818182,0.45454545454545453,0.7272727272727273,0.45454545454545453,0.8181818181818182,0.45454545454545453,0.8181818181818182,0.8181818181818182,0.36363636363636365,0.4090909090909091,0.45454545454545453,0.8181818181818182,0.22727272727272727,0.6363636363636364,0.45454545454545453,0.7727272727272727,0.2727272727272727,0.5454545454545454,0.36363636363636365,,,,validation,87.5,50.0,75.0
3,1222,600609.SH,金杯汽车,0.0990990990990991,19.8019801980198,1.7985820019133274,1.947609786788884,1.565261044201448,3.2492252356712283,1304558558.0,3.23,3.58,3.22,3.58,82555373.0,284158161.0,3.25,10.153846153846157,10.0,3.58,True,False,True,64.83239682232126,55.00000000000001,True,CONTINUOUS_TRIGGER,102700000,102959999,93000000,1624100,319,42,406100,69,69,966700,1.967285642328816,25.00461794224493,0.4919122586969597,59.52219690905732,True,,0,0,0,0,0.0,39537728,72329722,5.544382929876882,6258900,122,3093200,7.82341362659989,2235.6413498014995,2346.8700000000026,69.75168628809425,256.900698945883,21.57711237226378,52.27909884313251,46.930567178771625,37.23923640731203,42.68593274964672,3.030736164163817,0.4797714875747264,0.2371070260534828,10522501,0.8065947623027283,12.745991711526758,26.613823131162217,5393514,86.17351291760534,0.0,4565315,5.530003480209579,10.83591331269349,False,11000,-10.461019902362988,3,1,20.21873352113676,6.3340303502113855,2.2665555193881914,100.0,12.745991711526758,False,,,,,57.27272727272727,75.0,81.81818181818183,v4,81.81818181818183,medium,20260917,0.8181818181818182,0.8181818181818182,0.9090909090909091,0.6363636363636364,1.0,0.8181818181818182,0.8181818181818182,1.0,0.6363636363636364,1.0,1.0,0.36363636363636365,0.6363636363636364,0.36363636363636365,0.5454545454545454,0.7272727272727273,0.4090909090909091,0.7272727272727273,0.18181818181818182,0.22727272727272727,0.8181818181818182,0.36363636363636365,0.7727272727272727,0.7272727272727273,0.45454545454545453,0.7272727272727273,,,,validation,50.0,100.0,87.5
4,628,600516.SH,方大炭素,0.1392405063291139,37.8048780487805,0.7140423569563835,0.8997271015184929,0.6997203407449225,3.9263167689396496,4025970368.0,5.21,5.76,5.16,5.51,142221977.0,779287620.0,5.24,5.15267175572518,10.0,5.76,True,False,True,76.29916682813409,56.36363636363636,True,CONTINUOUS_TRIGGER,134900000,135159999,93000000,1240400,387,59,349000,122,122,709700,0.872157753790752,28.1360851338278,0.2453910481078462,57.21541438245728,True,,0,0,0,0,0.0,47956088,38456699,0.9552156495156796,12542931,238,5920195,12.345033231234376,9735.82293353705,12649.839999999997,61.6453931771916,233.7687626141482,11.707039156321509,39.74899412889711,35.65203233424711,38.192933919046936,23.01844812633985,1.1911684293847242,0.3115505046856817,0.1470501384475167,21117910,0.5245421120794499,14.848556070908788,44.0359313712161,15251258,121.59245713780932,0.3132335734231555,18763575,13.19316141977129,5.758157389635321,False,7300,2.2122017049446585,3,1,29.09341399056825,1.5935015942968809,2.151402322492206,-4.908671278450818,14.848556070908788,False,,,,,55.22727272727271,62.5,72.72727272727273,v4,72.72727272727273,medium,20260917,0.5454545454545454,0.45454545454545453,0.7272727272727273,0.8181818181818182,0.9090909090909091,1.0,1.0,0.6363636363636364,0.5454545454545454,0.45454545454545453,0.9090909090909091,0.6363636363636364,0.2727272727272727,0.6363636363636364,0.6363636363636364,0.9090909090909091,0.8181818181818182,0.9090909090909091,0.36363636363636365,0.22727272727272727,1.0,0.09090909090909091,0.18181818181818182,0.36363636363636365,0.6363636363636364,0.45454545454545453,,,,validation,25.0,87.5,62.5
5,1641,000504.SZ,南华生物,0.3571428571428571,35.47008547008548,1.9893307948515289,1.5598816674883318,0.959691927358376,2.433656956415925,329122398.00000006,8.26,9.1,8.21,9.1,12494200.0,111924712.0,8.27,10.036275695284155,10.0,9.1,True,False,True,49.19782987793063,46.36363636363637,True,CONTINUOUS_TRIGGER,95900000,100159999,93000000,73700,43,25,3700,5,5,43000,0.5898737013974484,5.020352781546811,0.0296137407757199,58.34464043419268,True,,0,0,0,0,0.0,2629200,12437400,3.7789588540856456,857000,9,260500,9.907956792940816,1167.4084883720932,1248.6200000000026,58.84299406663624,371.9628681785868,5.99421877377149,21.14971050454921,23.668796592119275,43.73573710634414,10.817019096860944,0.7988517390420811,0.2603894493987005,0.0791498851439457,1902800,0.5781435756310938,15.229466472443216,72.37182412901262,892500,104.14235705950992,0.0,-7083400,-56.693505786685016,10.169491525423725,False,6600,-1.979318403739335,15,3,5.967023537103628,26.12247009697589,3.379046843235506,100.0,15.229466472443216,False,,,,,47.04545454545455,12.5,63.63636363636363,v4,63.63636363636363,medium,20260917,0.2727272727272727,0.36363636363636365,0.5454545454545454,0.7272727272727273,0.36363636363636365,0.36363636363636365,0.45454545454545453,0.45454545454545453,0.9090909090909091,0.36363636363636365,0.2727272727272727,0.7272727272727273,0.36363636363636365,0.7272727272727273,0.7272727272727273,0.8181818181818182,0.4090909090909091,0.18181818181818182,0.2727272727272727,0.7272727272727273,0.2727272727272727,1.0,0.7727272727272727,0.18181818181818182,0.09090909090909091,0.09090909090909091,,,,validation,100.0,37.5,37.5
6,780,600699.SH,均胜电子,0.0118667275216795,35.1123595505618,1.3779101893082444,1.6186265655299883,0.6687486094068101,2.428134380729198,1395670563.0,18.0,19.87,17.98,19.87,54853242.0,1051148483.0,18.06,10.022148394241428,10.0,19.87,True,False,True,73.72795969773298,35.0,True,CONTINUOUS_TRIGGER,130000000,130259999,93000000,926300,600,126,90100,65,63,707300,1.688687789866641,9.72687034438087,0.164256471841719,76.35755154917413,True,,0,0,0,0,0.0,34790929,46891400,3.3597756693532843,4870628,85,1558300,4.479041074183446,9601.624210057287,10203.669999999998,68.59923458784328,170.67206311295664,18.967964321964494,33.547040929943535,34.156880375341515,51.84341297698604,46.46130669906439,2.4927751521259247,0.3489812086837,0.111652422950759,6443126,0.4616509204113664,11.746117029874004,18.519557209869276,3916972,80.4202661340591,0.0,7616004,13.88432793088146,10.388888888888893,False,3000,7.033265235261756,21,4,6.886092705081529,4.761025901210471,1.3093593491517956,37.25921849201981,11.746117029874004,False,,,,,57.04545454545455,37.5,54.54545454545454,v4,54.54545454545454,watch,20260917,0.7272727272727273,0.5454545454545454,0.6363636363636364,0.5454545454545454,0.7272727272727273,0.9090909090909091,0.9090909090909091,0.9090909090909091,0.2727272727272727,0.9090909090909091,0.8181818181818182,0.2727272727272727,0.18181818181818182,0.2727272727272727,0.2727272727272727,0.6363636363636364,0.4090909090909091,1.0,0.6363636363636364,0.9545454545454546,0.36363636363636365,0.2727272727272727,0.36363636363636365,0.6363636363636364,0.2727272727272727,0.2727272727272727,,,,validation,37.5,75.0,50.0
7,1652,001209.SZ,洪兴股份,0.2459893048128342,35.70924488355682,2.044841771252865,2.307020837396548,1.0434760882479224,8.274352261116963,96126596.0,20.18,21.15,18.29,19.26,18349705.0,370161233.0,19.23,0.1560062402496065,10.0,21.15,True,False,True,47.77368726990893,62.27272727272727,False,NONE,0,0,93000000,7051700,834,93,670123,283,282,6370777,38.42991949919085,9.50299927677014,3.6519949720714537,90.3438461647546,False,launch_not_detected|orphan_cancel,0,0,1,100,0.0035423298884629,0,22608958,23.519981920508243,0,0,0,0.0,0.0,0.0,0.0,0.0,0.0,0.0,0.0,0.0,0.0,0.0,0.0,0.0,3219302,3.349023198532901,17.544353376289987,0.0,0,0.0,0.0,-4296265,-23.41351987424184,-4.558969276511393,False,1900,15.941171165107724,13,4,16.835903570512286,22.99415658076564,17.535062824860667,47.30713245997089,17.544162154105475,False,,,,,55.90909090909091,,45.45454545454545,v4,45.45454545454545,invalid,20260917,0.13636363636363635,0.13636363636363635,0.18181818181818182,0.18181818181818182,0.13636363636363635,0.13636363636363635,0.13636363636363635,0.13636363636363635,0.13636363636363635,0.13636363636363635,0.13636363636363635,0.9090909090909091,1.0,0.9090909090909091,0.13636363636363635,0.13636363636363635,0.4090909090909091,0.36363636363636365,1.0,0.9545454545454546,0.7272727272727273,0.8181818181818182,0.45454545454545453,1.0,0.18181818181818182,1.0,,,,excluded,,,
8,921,002510.SZ,天汽模,0.1330049261083744,22.266401590457253,1.3143498424033289,1.9126529021202456,0.933608161685328,4.125014206280375,1015096290.0,5.51,6.13,5.51,5.94,80088259.0,478239429.0,5.57,6.642728904847406,10.0,6.13,True,False,True,71.05793450881612,55.90909090909091,True,CONTINUOUS_TRIGGER,102400000,102659999,93000000,780000,297,55,92900,36,35,583000,0.9739255288343824,11.91025641025641,0.1159970277291206,74.74358974358975,False,orphan_cancel,0,0,1,300,0.0,13178902,91376451,9.001752040685716,4211100,73,1638100,12.429715313157349,2141.1744768032518,2042.32,54.23896467247423,400.8128446144073,4.373657228804039,27.65647779341776,26.142542072169597,41.90411310441492,8.753090762030425,1.2982908251984646,0.4148473441864318,0.1613738535090104,11517599,1.1346311786835512,14.381132944842763,87.3942229785152,2018800,47.939968179335565,0.0,3754741,4.688253992386075,7.803992740471877,False,7600,9.862083529621987,2,1,7.49657575064207,20.28153407988517,7.521503501899312,-11.278293503085967,14.381132944842763,False,,,,,61.59090909090907,,36.36363636363637,v4,36.36363636363637,watch,20260917,0.6363636363636364,0.7272727272727273,0.8181818181818182,0.9090909090909091,0.45454545454545453,0.7272727272727273,0.7272727272727273,0.36363636363636365,1.0,0.2727272727272727,0.5454545454545454,0.5454545454545454,0.8181818181818182,0.5454545454545454,0.9090909090909091,0.2727272727272727,0.4090909090909091,0.6363636363636364,0.7272727272727273,0.22727272727272727,0.45454545454545453,0.7272727272727273,0.09090909090909091,0.45454545454545453,0.36363636363636365,0.18181818181818182,,,,excluded,,,
9,1453,603266.SH,天龙股份,0.1798084008843037,29.51510892480673,1.7179810216335096,1.6478770204651587,1.150876674567641,5.1809953353244085,198886750.0,16.67,18.34,16.52,17.88,16980241.0,298415652.0,16.67,7.258548290341915,10.0,18.34,True,False,True,59.24820771168379,65.0,True,CONTINUOUS_TRIGGER,100400000,100659999,93000000,1449400,448,121,527400,109,109,772100,8.535803467100378,36.38747067752173,3.105962983682033,53.27031875258727,True,,0,0,0,0,0.0,6301123,15148016,7.616402802097173,1058600,4,63400,1.0061698525802465,1494.6648535564857,1483.715,59.04979160064008,217.79059411954984,13.310325794306824,33.257170344537315,29.41539151037045,53.78442858519029,28.127745654493364,3.168196473621294,0.5322627072944779,0.0318774377880879,1588100,0.7984946206823733,9.352635218781645,25.20344389404873,836400,79.01001322501418,0.3875744477688901,2232405,13.147074885450682,7.258548290341915,False,1900,13.841381874379758,12,3,8.824345483635701,2.438683321035715,2.4658163502596326,13.256551586722363,9.352635218781645,False,,,,,60.909090909090914,87.5,27.27272727272727,v4,27.27272727272727,watch,20260917,0.9090909090909091,0.9090909090909091,0.45454545454545453,0.36363636363636365,0.5454545454545454,0.6363636363636364,0.5454545454545454,0.5454545454545454,0.36363636363636365,0.5454545454545454,0.7272727272727273,0.09090909090909091,0.5454545454545454,0.09090909090909091,0.45454545454545453,0.5454545454545454,0.9090909090909091,0.8181818181818182,0.9090909090909091,0.7272727272727273,0.5454545454545454,0.18181818181818182,0.2727272727272727,0.9090909090909091,0.8181818181818182,0.8181818181818182,,,,validation,12.5,25.0,25.0
10,1538,002836.SZ,新宏泽,0.2021803766105054,34.44302176696543,1.7330976433663747,1.5325581380208275,1.1956512294740578,2.090864013720478,230400000.0,9.8,10.84,9.7,10.84,7382870.0,78515261.0,9.85,10.050761421319798,10.0,10.84,True,False,True,55.98914938965316,39.09090909090909,False,NONE,0,0,93000000,97000,34,20,32000,19,17,63200,1.314368486592764,32.98969072164948,0.4336060986697778,65.15463917525773,False,launch_not_detected,0,0,0,0,0.0,0,7881430,3.420759548611111,0,0,0,0.0,0.0,0.0,0.0,0.0,0.0,0.0,0.0,0.0,0.0,0.0,0.0,0.0,718344,0.31178125,9.73369810446384,0.0,0,0.0,0.0,-4718882,-63.94175044071994,10.612244897959178,False,4800,6.377315896948091,10,3,2.8977955925074546,13.930208333333333,3.015245659722222,100.0,9.729874696425645,False,,,,,30.454545454545457,,18.181818181818183,v4,18.181818181818183,invalid,20260917,0.13636363636363635,0.13636363636363635,0.18181818181818182,0.18181818181818182,0.13636363636363635,0.13636363636363635,0.13636363636363635,0.13636363636363635,0.13636363636363635,0.13636363636363635,0.13636363636363635,0.18181818181818182,0.09090909090909091,0.18181818181818182,0.13636363636363635,0.13636363636363635,0.4090909090909091,0.09090909090909091,0.45454545454545453,0.7272727272727273,0.09090909090909091,0.5454545454545454,0.7727272727272727,0.5454545454545454,0.7272727272727273,0.6363636363636364,,,,excluded,,,
11,1628,000868.SZ,安凯客车,0.181159420289855,34.7962382445141,1.990893822386473,1.913045472122479,1.698399023936942,2.960568004935201,939513985.0,3.72,4.06,3.69,4.06,53211265.0,207150577.0,3.69,10.027100271002707,10.0,4.06,True,False,True,50.75372989730672,44.09090909090909,True,CONTINUOUS_TRIGGER,94500000,94759999,93000000,3528000,530,65,1719300,138,138,1625100,6.630548844244405,48.73299319727892,3.2312649172078807,46.06292517006803,True,,0,0,0,0,0.0153171692405305,40894001,60201710,6.407750279523514,6186300,0,0,0.0,675.579482176756,679.8700000000026,43.52608100146523,318.37421967956175,17.655401338695132,21.200677908995573,19.18409744255643,65.68825583977464,32.60825926197744,4.352676133926841,0.6584574683047427,0.0,9435800,1.004327785498584,17.73371110672374,23.073799993304643,9407400,152.06827990883082,24.770604717143097,-3852953,-7.241267874455219,9.139784946236553,False,10000,-28.310263452491824,2,2,23.81882559885069,14.621091563634362,5.067098389174058,100.0,17.73271129712853,False,,,,,61.81818181818183,100.0,9.090909090909092,v4,9.090909090909092,watch,20260917,1.0,1.0,0.18181818181818182,0.18181818181818182,0.2727272727272727,0.2727272727272727,0.2727272727272727,0.2727272727272727,0.8181818181818182,0.8181818181818182,0.36363636363636365,1.0,0.7272727272727273,1.0,0.36363636363636365,1.0,1.0,0.5454545454545454,0.09090909090909091,0.5,0.9090909090909091,0.6363636363636364,0.7727272727272727,0.8181818181818182,0.9090909090909091,0.9090909090909091,,,,validation,62.5,12.5,12.5
1,1242,601155.SH,新城控股,0.1365269461077844,25.8,1.8530187381893843,0.9910082747450176,1.251764089599088,1.7840453656260304,2255622856.0,11.09,12.25,11.09,12.24,39879496.0,472947499.0,11.14,9.874326750448835,10.0,12.25,True,False,True,65.11431893043984,16.176470588235293,True,CONTINUOUS_TRIGGER,142000000,142259999,93000000,384700,154,59,43900,18,17,292200,0.964656123036259,11.41148947231609,0.1100816319243352,75.95528983623603,True,,0,0,0,0,0.0,22474466,9033166,0.400473242943589,1648100,27,849100,3.7780652941876354,6369.474635772629,3191.5599999999977,63.98416763272595,98.581378957506,24.28800755488473,34.67290467050544,33.246173679944164,59.42061537746881,42.42791082414883,0.9963751670726996,0.0730662927809949,0.0376437043870777,2121200,0.0940405438062292,5.3190240919794975,9.438266519880829,2116900,128.44487591772344,3.78051616314964,-363306,-0.9110095072415156,10.369702434625784,False,2700,2.415827923201437,3,1,13.635730434476208,2.6695046487860203,0.5937606530442073,1.6603940668585344,5.3190240919794975,False,,,,,41.76470588235295,21.428571428571427,100.0,v4,100.0,watch,20260918,0.29411764705882354,0.23529411764705882,0.4117647058823529,0.5882352941176471,0.9411764705882353,0.8823529411764706,0.6470588235294118,0.5882352941176471,0.23529411764705882,0.8823529411764706,0.8235294117647058,0.058823529411764705,0.058823529411764705,0.058823529411764705,0.23529411764705882,0.9411764705882353,0.8823529411764706,0.7058823529411765,0.6470588235294118,0.17647058823529413,0.8235294117647058,0.17647058823529413,0.35294117647058826,0.23529411764705882,0.47058823529411764,0.23529411764705882,,,,validation,35.714285714285715,100.0,100.0
2,1697,002836.SZ,新宏泽,0.3002973240832507,38.79641485275289,2.2306655355059237,1.6178510633680503,1.2621939520806822,3.3968960428032635,230400000.0,11.19,11.92,11.19,11.92,12662028.0,148224485.0,10.84,9.963099630996307,10.0,11.92,True,False,True,44.41387328037202,43.52941176470589,False,NONE,0,0,93000000,9202000,935,83,722400,257,256,8449800,72.6739823983962,7.850467289719626,5.705247216322693,91.82569006737666,False,launch_not_detected,0,0,0,0,0.0,0,19189342,8.328707465277779,0,0,0,0.0,0.0,0.0,0.0,0.0,0.0,0.0,0.0,0.0,0.0,0.0,0.0,0.0,4468396,1.939407986111111,35.289733998376875,0.0,0,0.0,0.0,-19036,-0.150339266348171,6.523681858802499,False,4300,25.32851767505174,7,2,21.149644856299123,35.350347222222226,6.417641493055555,100.0,35.289733998376875,False,,,,,63.52941176470588,,94.11764705882352,v4,94.11764705882352,invalid,20260918,0.11764705882352941,0.11764705882352941,0.14705882352941177,0.14705882352941177,0.11764705882352941,0.11764705882352941,0.11764705882352941,0.11764705882352941,0.11764705882352941,0.11764705882352941,0.11764705882352941,1.0,1.0,1.0,0.11764705882352941,0.11764705882352941,0.4117647058823529,0.7647058823529411,1.0,0.6176470588235294,1.0,0.9411764705882353,0.8235294117647058,1.0,0.29411764705882354,1.0,,,,excluded,,,
3,381,000910.SZ,大亚圣象,0.1129943502824859,17.400419287211744,1.2396045565358416,0.7781529009125605,0.9588015942627616,2.503814644534026,547235125.0,5.21,5.69,5.2,5.69,10662059.0,59706498.0,5.17,10.058027079303676,10.0,5.69,True,False,True,81.25363301685721,45.588235294117645,False,NONE,0,0,93000000,355100,126,41,73600,46,45,264600,3.3305011724283275,20.72655589974655,0.6902981872450715,74.51422134609969,False,launch_not_detected,0,0,0,0,0.0,0,11052279,2.0196581862321064,0,0,0,0.0,0.0,0.0,0.0,0.0,0.0,0.0,0.0,0.0,0.0,0.0,0.0,0.0,3545139,0.6478273849837399,33.250041103693015,0.0,0,0.0,0.0,-2861181,-26.83516382717447,9.213051823416516,False,8200,17.38386553666604,1,1,4.747383023594938,12.306465159742809,1.8499870599497796,100.0,33.250041103693015,False,,,,,47.20588235294117,,88.23529411764706,v4,88.23529411764706,invalid,20260918,0.11764705882352941,0.11764705882352941,0.14705882352941177,0.14705882352941177,0.11764705882352941,0.11764705882352941,0.11764705882352941,0.11764705882352941,0.11764705882352941,0.11764705882352941,0.11764705882352941,0.9411764705882353,0.5882352941176471,0.9411764705882353,0.11764705882352941,0.11764705882352941,0.4117647058823529,0.11764705882352941,0.9411764705882353,0.17647058823529413,0.47058823529411764,0.7647058823529411,0.8235294117647058,0.7647058823529411,0.7058823529411765,0.8235294117647058,,,,excluded,,,
4,761,001238.SZ,浙江正特,0.0691823899371069,29.20353982300883,1.510112229768028,0.363633238583526,1.0768692764005954,3.053282170306768,145422996.0,24.73,26.31,24.02,26.31,1614595.0,41566884.0,23.92,9.991638795986614,10.0,26.31,True,False,True,74.53788025576438,47.35294117647059,True,CONTINUOUS_TRIGGER,95700000,95959999,93000000,20800,19,16,4300,3,3,9400,1.2882487558799576,20.673076923076923,0.266320656263645,45.19230769230769,True,,0,0,0,0,0.0,628620,1953794,1.3435247888855213,127180,0,0,0.0,988.434794651385,935.6800000000004,64.83726257516464,183.37846050380588,15.128376443638448,43.82022471910113,29.970411377302664,49.79797015685152,32.885026895289535,0.4322700104459407,0.0874552192556946,0.0,183612,0.1262606362476537,11.372015892530325,29.20874296077121,98740,77.63799339518792,0.0,-95959,-5.943224152186772,6.389001213101486,False,1700,14.61877436756586,36,2,5.542064149977142,8.090329812762212,0.843636174295295,100.0,11.372015892530325,False,,,,,46.47058823529412,57.14285714285714,82.35294117647058,v4,82.35294117647058,watch,20260918,0.23529411764705882,0.29411764705882354,0.14705882352941177,0.14705882352941177,0.7647058823529411,0.29411764705882354,0.23529411764705882,0.6470588235294118,0.47058823529411764,0.7058823529411765,0.9411764705882353,0.4117647058823529,0.11764705882352941,0.4117647058823529,0.7647058823529411,0.5294117647058824,0.4117647058823529,0.5882352941176471,0.8823529411764706,0.6176470588235294,0.5294117647058824,0.4117647058823529,0.8235294117647058,0.4117647058823529,0.6470588235294118,0.4117647058823529,,,,validation,78.57142857142857,64.28571428571429,92.85714285714286
5,1401,601811.SH,新华文轩,0.3697318007662835,21.19514472455648,1.7025346550039302,0.6059937386341905,1.8823140137017145,6.0603266208721,791903900.0,12.38,13.9,12.37,13.9,29082829.0,389949465.0,12.64,9.968354430379756,10.0,13.9,True,False,True,61.37957760124008,82.05882352941177,True,CONTINUOUS_TRIGGER,105400000,105659999,93000000,1381800,548,100,704100,182,181,503900,4.751257176528459,50.9552757273122,2.421016194813785,36.46692719641048,True,,0,0,0,0,0.0,17598197,18455331,2.330501339872174,2960885,46,1102400,6.264278096216335,3810.763762553445,4292.040000000001,66.25444640720865,209.5230875709006,13.179105791348968,35.23582281044802,30.83330638928522,52.34175978368694,43.36615946130963,2.222264216655581,0.3738944839140203,0.1392088105640091,3300685,0.4168037308567365,11.34925697909237,18.75581345066202,3269585,110.42593683982996,0.2345141763693953,-3721779,-12.79716976639377,12.277867528271402,False,4000,-4.907507450530345,17,3,9.70107614149817,10.976685428623346,0.6117516279437442,100.0,11.34925697909237,False,,,,,57.35294117647059,100.0,76.47058823529412,v4,76.47058823529412,medium,20260918,0.7058823529411765,0.6470588235294118,0.7647058823529411,0.8235294117647058,0.8235294117647058,0.5882352941176471,0.7647058823529411,0.7058823529411765,0.5882352941176471,0.5882352941176471,0.8823529411764706,0.35294117647058826,0.47058823529411764,0.35294117647058826,0.5882352941176471,0.8235294117647058,0.8235294117647058,0.23529411764705882,0.4117647058823529,0.9411764705882353,0.7058823529411765,0.6470588235294118,0.8235294117647058,0.8235294117647058,1.0,0.9411764705882353,,,,validation,85.71428571428571,92.85714285714286,85.71428571428571
6,1000,600640.SH,国脉文化,0.2037572254335261,21.047120418848152,1.5304817200209468,0.8924624396441505,1.0470331928405756,3.38005200912804,791551340.0,11.0,12.06,10.93,12.06,23877696.0,282017303.0,10.96,10.036496350364963,10.0,12.06,True,False,True,70.02131369889557,53.82352941176472,True,CONTINUOUS_TRIGGER,101000000,101259999,93000000,262900,143,56,69300,32,31,169700,1.1010275028210428,26.359832635983267,0.2902290070197727,64.54925827310764,True,,0,0,0,0,0.0,15971604,16457389,2.0791309632550177,2403314,13,200000,1.252222381671872,1417.9610277064712,1626.6500000000017,62.33012038114644,171.81758472069063,26.04501088306472,32.834578712163704,32.802979588023845,52.14960250704939,78.00213219901954,2.017759707159361,0.3036207354534956,0.0252668386614063,2720914,0.3437444752478089,11.395211665313102,17.0359470470217,2714114,112.93214286605912,0.0,-1863412,-7.8039857781923345,9.636363636363644,False,3700,-3.0598597117577846,7,2,3.297884457809664,3.8784353520265658,0.9291298780442973,100.0,11.395211665313102,False,,,,,48.38235294117648,50.0,70.58823529411765,v4,70.58823529411765,watch,20260918,0.6470588235294118,0.5294117647058824,0.35294117647058826,0.35294117647058826,0.8823529411764706,0.35294117647058826,0.5294117647058824,0.5294117647058824,0.4117647058823529,0.9411764705882353,0.7647058823529411,0.47058823529411764,0.29411764705882354,0.47058823529411764,0.5294117647058824,0.8823529411764706,0.4117647058823529,0.47058823529411764,0.5882352941176471,0.6176470588235294,0.4117647058823529,0.23529411764705882,0.8235294117647058,0.29411764705882354,0.7647058823529411,0.5294117647058824,,,,validation,42.857142857142854,85.71428571428571,78.57142857142857
7,834,000410.SZ,沈阳机床,0.1532091097308487,33.33333333333333,1.1578068919021518,0.8262294027074331,0.8103476141441301,4.171022428861956,1971018333.0,5.05,5.57,5.02,5.57,67925655.0,366852649.0,5.06,10.079051383399218,10.0,5.57,True,False,True,73.34431311761287,76.1764705882353,True,CONTINUOUS_TRIGGER,132000000,132259999,93000000,915900,211,44,187100,80,79,655000,1.348385966981106,20.42799432252429,0.2754482087806146,71.51435746260508,True,,0,0,0,0,0.0,20842200,20842200,1.0574330867981836,2266700,48,800300,3.8398057786606015,8013.850845588236,11099.255,43.85045724539636,240.52344793997847,11.730047691702412,24.683350903729504,23.23363176632025,65.89083685983246,16.539700647715506,1.0574330867981836,0.1150014671121782,0.0406033767723458,7758872,0.3936478859732656,11.422594305494735,37.22674189864794,5315792,234.51678651784533,0.0,-18155127,-26.72793806699398,10.297029702970306,False,10000,-3.7679666099649687,7,1,10.857475713917191,10.122615130439783,3.179163427903032,22.73865291954595,11.422594305494735,False,,,,,45.588235294117645,71.42857142857143,64.70588235294117,v4,64.70588235294117,watch,20260918,0.35294117647058826,0.35294117647058826,0.47058823529411764,0.6470588235294118,0.47058823529411764,0.9411764705882353,0.9411764705882353,0.23529411764705882,0.7647058823529411,0.47058823529411764,0.47058823529411764,0.5294117647058824,0.4117647058823529,0.5294117647058824,0.8823529411764706,1.0,0.4117647058823529,0.17647058823529413,0.47058823529411764,0.17647058823529413,0.7647058823529411,0.5882352941176471,0.47058823529411764,0.47058823529411764,0.5882352941176471,0.47058823529411764,,,,validation,100.0,57.14285714285714,71.42857142857143
8,674,001233.SZ,海安集团,0.0312991781780031,26.078184110971,1.2295222512058988,2.4696993436794523,0.5748442308718966,3.486448396520145,37713127.0,41.78,45.58,41.78,45.58,3247281.0,147176213.0,41.44,9.990347490347483,10.0,45.58,True,False,True,75.88645611315637,49.41176470588236,False,NONE,0,0,93000000,65700,62,44,2100,7,7,55700,2.023231127826634,3.1963470319634704,0.0646694881040476,84.779299847793,False,launch_not_detected,0,0,0,0,0.0,0,3298541,8.746400159286711,0,0,0,0.0,0.0,0.0,0.0,0.0,0.0,0.0,0.0,0.0,0.0,0.0,0.0,0.0,461221,1.222972043660023,14.203298082303316,0.0,0,0.0,0.0,-1675533,-51.59802924354252,9.095260890378151,False,2000,7.397265589272994,38,4,1.2589547360513722,48.84479613689949,7.707928859890085,100.0,14.203298082303316,False,,,,,43.382352941176464,,58.82352941176471,v4,58.82352941176471,invalid,20260918,0.11764705882352941,0.11764705882352941,0.14705882352941177,0.14705882352941177,0.11764705882352941,0.11764705882352941,0.11764705882352941,0.11764705882352941,0.11764705882352941,0.11764705882352941,0.11764705882352941,0.7647058823529411,0.9411764705882353,0.7647058823529411,0.11764705882352941,0.11764705882352941,0.4117647058823529,0.058823529411764705,0.7647058823529411,1.0,0.058823529411764705,1.0,0.8235294117647058,0.6470588235294118,0.11764705882352941,0.17647058823529413,,,,excluded,,,
9,622,600621.SH,华鑫股份,0.1622464898595944,11.872509960159338,1.336910608906112,0.9825429122823792,1.0232316530460452,4.081081711655226,1060899292.0,12.97,14.1,12.93,14.1,42540342.0,584159415.0,12.82,9.98439937597504,10.0,14.1,True,False,True,76.96957953884906,61.17647058823529,True,CONTINUOUS_TRIGGER,111400000,111659999,93000000,347400,177,78,148200,41,40,144600,0.8166365940358449,42.659758203799655,0.3483751964194364,41.62348877374784,True,,0,0,0,0,0.0,24044883,26114163,2.461511964134669,5445250,108,2424500,10.083226439488186,4431.222224655135,4795.0,75.69542342959207,214.78269013279893,14.114354392990808,29.70414385751493,26.055052960748448,51.29875657951839,38.12288109954547,2.2664623476815366,0.5132673799541003,0.2285325306824693,6934150,0.6536105785241677,16.300174549607522,28.838360328058155,2490250,45.73251916808228,0.0,-3875790,-9.110857641906122,8.712413261372397,False,4600,-3.207837398204274,9,2,3.20535110508562,12.179388842499105,0.7294205075216508,94.7904959477198,16.300174549607522,False,,,,,64.8529411764706,35.714285714285715,52.94117647058824,v4,52.94117647058824,medium,20260918,0.7647058823529411,0.8235294117647058,0.8823529411764706,0.8823529411764706,0.5294117647058824,0.7058823529411765,0.8823529411764706,0.9411764705882353,0.7058823529411765,0.6470588235294118,0.5882352941176471,0.8235294117647058,0.6470588235294118,0.8235294117647058,0.7058823529411765,0.23529411764705882,0.4117647058823529,0.4117647058823529,0.5294117647058824,0.6176470588235294,0.35294117647058826,0.7058823529411765,0.5882352941176471,0.11764705882352941,0.9411764705882353,0.5882352941176471,,,,validation,64.28571428571429,71.42857142857143,64.28571428571429
10,1525,002623.SZ,亚玛顿,0.208594881699662,38.65814696485623,1.318991026387892,2.145845941948853,0.8702985259869502,4.198281202457934,192636138.0,16.88,18.52,16.88,18.52,17354329.0,313267974.0,16.84,9.976247030878849,10.0,18.52,True,False,True,57.51792288316218,63.23529411764706,True,CONTINUOUS_TRIGGER,100800000,101059999,93000000,165000,118,65,69500,26,26,69900,0.9507714184743185,42.12121212121212,0.400476445963425,42.36363636363637,True,,0,0,0,0,0.0,14132052,18870413,9.795884196972429,1499329,3,96700,0.6842601484908207,1481.0273029948137,1610.8899999999994,47.50373123450154,157.8213161145201,16.00420802301039,13.509060955518946,15.538599773054898,73.85197846710443,59.39683983172153,7.336137521610821,0.7783217705496152,0.050198265498865,1571529,0.8158017578197088,9.05554458486986,11.120317134411902,1568929,104.6420765555792,27.5689137851426,-1166471,-6.721498710782768,9.715639810426534,False,3000,-7.922501642097485,20,2,2.705066735778152,28.419018657859517,6.719914619550773,100.0,9.05554458486986,False,,,,,57.20588235294118,64.28571428571429,47.05882352941176,v4,47.05882352941176,medium,20260918,1.0,1.0,0.5294117647058824,0.29411764705882354,0.29411764705882354,0.4117647058823529,0.47058823529411764,0.29411764705882354,0.35294117647058826,0.7647058823529411,0.29411764705882354,0.23529411764705882,0.7647058823529411,0.23529411764705882,0.29411764705882354,0.7058823529411765,0.9411764705882353,0.5294117647058824,0.35294117647058826,0.6176470588235294,0.23529411764705882,0.8823529411764706,0.8235294117647058,0.17647058823529413,0.8823529411764706,0.6470588235294118,,,,validation,71.42857142857143,28.57142857142857,57.14285714285714
11,1709,600163.SH,中闽能源,0.3123486682808717,39.655172413793125,2.186875573198117,2.3685556282286115,1.219641046586715,3.662536978680427,1902996143.0,6.04,6.52,5.86,6.18,165083442.0,1035184245.0,5.93,4.215851602023601,10.0,6.52,True,False,True,40.37977136213912,37.64705882352941,True,CONTINUOUS_TRIGGER,95200000,95459999,93000000,9026800,721,92,3666700,267,265,5183900,5.468022650024464,40.62015332122125,2.221119184079043,57.42788141977224,True,,0,0,0,0,0.0,49671441,113083351,5.942384666199504,11203493,43,1052100,2.1181185381756893,961.7357601376629,974.255000000001,73.35789392540474,289.70986496039694,28.325294609431605,29.42243985093203,29.402370267454085,48.04242945156352,18.30967820503767,2.6101703454687453,0.5887291490952854,0.0552865019653379,18904522,0.993408319272668,11.451494935512672,38.05913744278126,6902037,61.60611694941925,0.0,-17272662,-10.462988771460193,2.3178807947019875,False,6900,4.319407151687569,3,2,2.7243935854211934,14.999228508683322,3.352532753924768,49.28252386835381,11.451494935512672,False,,,,,59.852941176470594,92.85714285714286,41.17647058823529,v4,41.17647058823529,watch,20260918,0.8235294117647058,0.8823529411764706,0.5882352941176471,0.47058823529411764,0.6470588235294118,0.23529411764705882,0.29411764705882354,0.8823529411764706,0.8823529411764706,1.0,0.5294117647058824,0.5882352941176471,0.8823529411764706,0.5882352941176471,0.9411764705882353,0.35294117647058826,0.4117647058823529,0.35294117647058826,0.7058823529411765,0.6176470588235294,0.29411764705882354,0.8235294117647058,0.5294117647058824,0.8823529411764706,0.8235294117647058,0.8823529411764706,,,,validation,50.0,35.714285714285715,50.0
12,792,600606.SH,绿地控股,0.1621621621621623,19.166666666666664,1.4627177549361483,0.8204211111132395,1.075589579402363,3.1093586220736547,14054218314.0,1.33,1.45,1.31,1.45,358520784.0,502158648.0,1.32,9.84848484848484,10.0,1.45,True,False,True,73.97403603952722,33.23529411764706,True,CONTINUOUS_TRIGGER,110200000,110459999,93000000,37787800,990,22,2197400,129,128,31376000,10.539918935355225,5.815104345847073,0.6129072840586001,83.03208972207962,True,,0,0,0,0,0.0,156439681,299653224,2.132123020328372,55325715,1025,45771956,29.25853319785279,4058.625687254552,4299.269999999997,69.86672006829264,330.82067623186964,11.497146941893854,29.87709504367338,29.470781776907355,35.163692899629474,40.70230081835367,1.1131154896332005,0.3936591403656204,0.3256812650647715,50893335,0.3621214205083395,14.19536530969987,32.53224161202425,49451925,89.38325514636367,0.0,67666486,18.873797285905745,9.022556390977442,False,36300,-8.431816047797106,3,2,7.899281584623514,2.4623206447225536,0.8879096169702492,0.2049242739833341,14.19536530969987,False,,,,,59.55882352941176,78.57142857142857,35.294117647058826,v4,35.294117647058826,medium,20260918,0.4117647058823529,0.7058823529411765,0.9411764705882353,1.0,0.7058823529411765,0.6470588235294118,0.8235294117647058,0.7647058823529411,1.0,0.4117647058823529,0.6470588235294118,0.7058823529411765,0.35294117647058826,0.7058823529411765,0.8235294117647058,0.5882352941176471,0.4117647058823529,1.0,0.29411764705882354,0.6176470588235294,0.5882352941176471,0.11764705882352941,0.29411764705882354,0.9411764705882353,0.17647058823529413,0.7058823529411765,,,,validation,21.428571428571427,78.57142857142857,42.857142857142854
13,853,600261.SH,阳光照明,0.2727272727272727,15.384615384615374,1.3255819946270846,0.8717926963505904,0.9627627903483292,7.652662966673144,1335052966.0,3.18,3.51,3.18,3.51,89068535.0,305600528.0,3.19,10.03134796238243,10.0,3.51,True,False,True,72.85409804301491,88.52941176470588,True,CONTINUOUS_TRIGGER,101300000,101559999,93000000,983600,95,33,26300,19,18,807700,1.1043181523082195,2.673851159007727,0.029527823714626,82.11671411142741,True,,0,0,0,0,0.0,19512900,48196046,3.610047483314606,4481800,40,1192600,6.11185420926669,1594.9038471177946,1498.1450000000004,80.40629532258147,244.89125044387296,10.911243331334656,13.17323448035028,14.351531550922722,62.68007318235629,11.005794582789534,1.4615824612909027,0.3357020368583638,0.0893297891823117,9525775,0.7135128899447724,10.694882317307677,48.81783333077093,2988300,66.67633540095498,0.0,10506705,11.796202778006846,10.377358490566024,False,11000,12.12746903269488,5,2,1.89048549403699,5.29258237684032,1.245544365915442,-43.746419606964295,10.694882317307677,False,,,,,55.44117647058824,14.285714285714285,29.411764705882355,v4,29.411764705882355,medium,20260918,0.47058823529411764,0.5882352941176471,0.7058823529411765,0.7647058823529411,0.23529411764705882,0.47058823529411764,0.35294117647058826,1.0,0.8235294117647058,0.35294117647058826,0.23529411764705882,0.29411764705882354,0.7058823529411765,0.29411764705882354,1.0,0.4117647058823529,0.4117647058823529,0.8823529411764706,0.8235294117647058,0.6176470588235294,0.11764705882352941,0.29411764705882354,0.058823529411764705,0.35294117647058826,0.058823529411764705,0.058823529411764705,,,,validation,28.57142857142857,14.285714285714285,35.714285714285715
14,590,000002.SZ,万  科Ａ,0.033175355450237,16.040955631399314,1.4622938042505684,1.3750557027222827,1.0644422693697264,3.2998813698894818,9715113154.0,3.03,3.32,3.01,3.32,440825270.0,1419831684.0,3.02,9.93377483443707,10.0,3.32,True,False,True,77.51986049215269,35.88235294117647,True,CONTINUOUS_TRIGGER,142000000,142259999,93000000,8196700,1241,39,592400,92,90,5901600,1.8593988497982432,7.227298790976857,0.134384310590906,71.99970719923871,True,,0,0,0,0,0.0,363310946,168892814,1.7384544196529694,47836502,696,19252400,5.299152203358057,5481.809319352746,3231.965,61.29139555294324,187.50189722734996,23.19288557851489,23.406629422653545,21.983104797508638,64.85007418411224,55.15260229977288,3.7396470863585782,0.4923926385798635,0.1981695909745859,50823802,0.5231416371004833,11.529239691726383,13.989064342696684,49779902,104.06258802117262,31.969541809615404,-17055228,-3.868931561024167,9.570957095709565,False,20000,-39.9266566546877,5,1,8.81008039787709,8.458498495837489,3.670477701571401,-10.04199979576159,11.529239691726383,False,,,,,55.882352941176464,42.857142857142854,23.52941176470588,v4,23.52941176470588,medium,20260918,0.8823529411764706,0.7647058823529411,0.8235294117647058,0.7058823529411765,0.35294117647058826,0.8235294117647058,0.7058823529411765,0.47058823529411764,0.5294117647058824,0.8235294117647058,0.35294117647058826,0.6470588235294118,0.5294117647058824,0.6470588235294118,0.4117647058823529,0.6470588235294118,1.0,0.6470588235294118,0.058823529411764705,0.17647058823529413,0.6470588235294118,0.47058823529411764,0.17647058823529413,0.5882352941176471,0.23529411764705882,0.35294117647058826,,,,validation,57.14285714285714,42.857142857142854,21.428571428571427
15,93,601369.SH,陕鼓动力,0.0940366972477064,22.50922509225093,0.7058374618508367,0.4546464694244861,0.681248309992977,5.382736264058402,1706211292.0,8.38,9.24,8.31,9.02,41755120.0,367794729.0,8.4,7.380952380952377,10.0,9.24,True,False,True,89.20170509591165,70.58823529411765,True,CONTINUOUS_TRIGGER,134400000,134659999,93000000,687000,168,54,55500,38,38,537200,1.645307210229548,8.078602620087336,0.1329178313940901,78.19505094614266,True,,0,0,0,0,0.0,26625713,16750473,0.9817349749435372,3061700,18,417800,1.569159856864678,5443.87232466603,1580.760000000002,73.10484042248935,154.61758107557105,13.137124252785268,47.4405560822465,41.06805327616954,47.43291193741929,51.21409302619655,1.560516749879768,0.1794443639164474,0.0244870023987627,3590507,0.2104374186734663,8.598962235050456,13.48511117805559,3345907,109.2826534278342,0.0,3719966,8.909005650085547,7.637231503579933,False,5900,-10.962590934956,8,2,16.10983355029928,0.8755114369504478,0.6974375949681618,-16.196382428940566,8.598962235050456,False,,,,,40.14705882352941,28.57142857142857,17.647058823529413,v4,17.647058823529413,watch,20260918,0.5294117647058824,0.4117647058823529,0.29411764705882354,0.4117647058823529,1.0,0.7647058823529411,0.4117647058823529,0.8235294117647058,0.29411764705882354,0.5294117647058824,1.0,0.11764705882352941,0.17647058823529413,0.11764705882352941,0.35294117647058826,0.7647058823529411,0.4117647058823529,0.8235294117647058,0.23529411764705882,0.6176470588235294,0.8823529411764706,0.058823529411764705,0.11764705882352941,0.5294117647058824,0.35294117647058826,0.29411764705882354,,,,validation,14.285714285714285,21.428571428571427,28.57142857142857
16,1018,002005.SZ,德豪润达,0.2702702702702701,26.88679245283019,1.1550388405030858,0.7839775308072245,0.9939778122727224,4.6984059469192685,1751993158.0,2.45,2.66,2.41,2.66,64533699.0,168037975.0,2.42,9.917355371900838,10.0,2.66,True,False,True,69.64735516372795,68.82352941176471,True,CONTINUOUS_TRIGGER,104500000,104759999,93000000,411300,69,20,35000,13,12,117000,0.6373414299403479,8.509603695599319,0.0542352298757893,28.44638949671772,True,,0,0,0,0,0.0,34082468,71253812,4.067014284538661,4258000,36,1005500,2.9501971512156926,2362.333252653928,1836.4150000000009,57.59559430966091,214.2761860914813,7.639411559045548,24.35394630448256,22.729891509030388,64.77688176806915,31.31146720723385,1.9453539441276744,0.2430374788027568,0.0573917766407167,5567708,0.3177927935720854,8.627597807464902,16.33598834450604,2285208,53.668576796618126,0.0,-7230917,-11.204869877364382,8.571428571428562,False,20000,-20.6781886158424,3,2,2.651167254904562,9.910598064104995,2.557944464301384,10.728789780698516,8.627597807464902,False,,,,,39.55882352941177,7.142857142857142,11.76470588235294,v4,11.76470588235294,watch,20260918,0.5882352941176471,0.47058823529411764,0.6470588235294118,0.5294117647058824,0.4117647058823529,0.5294117647058824,0.5882352941176471,0.4117647058823529,0.6470588235294118,0.23529411764705882,0.4117647058823529,0.17647058823529413,0.23529411764705882,0.17647058823529413,0.47058823529411764,0.29411764705882354,0.4117647058823529,0.29411764705882354,0.17647058823529413,0.6176470588235294,0.17647058823529413,0.5294117647058824,0.4117647058823529,0.058823529411764705,0.4117647058823529,0.11764705882352941,,,,validation,92.85714285714286,7.142857142857142,14.285714285714285
17,1583,000797.SZ,中国武夷,0.1557971014492754,30.805687203791464,1.6815959842890718,2.3039867864770307,1.4649610118054728,2.301914848789891,1570574028.9999998,2.54,2.79,2.51,2.69,83296672.0,221152182.0,2.54,5.905511811023612,10.0,2.79,True,False,True,55.27804689013757,11.764705882352942,True,CONTINUOUS_TRIGGER,132200000,132459999,93000000,2683400,177,27,521000,39,38,2046700,3.2214972526153267,19.41566669151077,0.6254751690439686,76.27263918908847,True,,0,0,0,0,0.0,60387222,60182222,3.831861528890722,10174100,197,7439600,12.319824879508449,10115.21662232293,11469.980000000003,50.4835443498295,330.21694686793705,10.754924278517068,30.73761919894455,28.09552987882105,55.05636937562718,46.91615770675688,3.8449140814106766,0.6477949980159772,0.4736866815973563,14908710,0.9492522940477072,17.898326117999048,24.688517713234106,7169110,70.46431625401756,0.0,9923396,11.913316296718312,5.905511811023612,False,8600,-25.428079527595056,2,1,20.295645515405365,5.494124976391037,5.003461317263384,0.0502962467549314,17.898326117999048,False,,,,,68.82352941176471,85.71428571428571,5.88235294117647,v4,5.88235294117647,medium,20260918,0.9411764705882353,0.9411764705882353,1.0,0.9411764705882353,0.5882352941176471,1.0,1.0,0.35294117647058826,0.9411764705882353,0.29411764705882354,0.7058823529411765,0.8823529411764706,0.8235294117647058,0.8823529411764706,0.6470588235294118,0.47058823529411764,0.4117647058823529,0.9411764705882353,0.11764705882352941,0.17647058823529413,0.9411764705882353,0.35294117647058826,0.23529411764705882,0.7058823529411765,0.5294117647058824,0.7647058823529411,,,,validation,7.142857142857142,50.0,7.142857142857142
1,1277,002022.SZ,科华生物,0.3713355048859936,35.34675615212528,1.0934588130536045,1.0392007743740517,0.7479910594175915,4.427317687209552,514324049.0,5.68,6.17,5.68,6.17,23663391.0,142866176.0,5.61,9.982174688057045,10.0,6.17,True,False,True,64.45456306917265,67.82608695652173,True,CONTINUOUS_TRIGGER,95400000,95659999,93000000,569500,121,50,48600,22,21,377000,2.40667113179172,8.533801580333627,0.2053805390782749,66.19841966637401,False,orphan_cancel,0,0,10,33000,0.2017884926129141,6658131,25305528,4.9201525865262425,2015731,16,536300,8.054812979798685,1106.547016891892,1235.0600000000013,57.32886601360051,342.0008650283588,12.119016582881894,10.078069552874378,17.359225884861683,52.36604686810759,14.716825665434005,1.294540088674718,0.3919184809497407,0.1042727830912685,3813243,0.7414086522716732,16.114524752602026,57.2719731708493,2763800,137.1115491104716,0.0,-3572439,-15.096902214902336,8.626760563380277,False,5500,5.276462701393895,4,1,2.758865802878047,10.589821748739576,3.706456471764166,100.0,16.114524752602026,False,,,,,61.84782608695652,,100.0,v4,100.0,watch,20260921,0.6956521739130435,0.7391304347826086,0.6956521739130435,0.9565217391304348,0.4782608695652174,0.5652173913043478,0.5652173913043478,0.6521739130434783,0.8695652173913043,0.6956521739130435,0.4782608695652174,0.8260869565217391,0.7391304347826086,0.8260869565217391,0.782608695652174,0.9565217391304348,0.41304347826086957,0.5217391304347826,0.6086956521739131,0.34782608695652173,0.2608695652173913,0.4782608695652174,0.7608695652173914,0.4782608695652174,0.17391304347826086,0.21739130434782608,,,,excluded,,,
2,1460,600606.SH,绿地控股,0.3472222222222222,20.833333333333325,1.9160794973603903,0.9210846897194372,1.2028611236033029,4.296608410236931,14054218314.0,1.54,1.6,1.41,1.6,556201343.0,847489744.0,1.45,10.344827586206897,10.0,1.6,True,False,True,60.11431893043985,74.13043478260869,False,NONE,0,0,93000000,94199600,2711,30,31629900,1567,1565,60981400,16.93624101874921,33.577531114781806,5.686771597744956,64.73636830729642,False,launch_not_detected|orphan_cancel,0,0,156,2348000,0.8097413026203355,0,403183618,2.868772983257075,0,0,0,0.0,0.0,0.0,0.0,0.0,0.0,0.0,0.0,0.0,0.0,0.0,0.0,0.0,77193972,0.5492583811872612,13.878782022286488,0.0,0,0.0,0.0,3923345,0.7053821515134314,3.896103896103909,False,30000,24.276988486164083,1,1,9.948583539263138,3.4043759482758804,1.6880351983978723,100.0,13.878782022286488,False,,,,,51.52173913043478,,95.65217391304348,v4,95.65217391304348,invalid,20260921,0.21739130434782608,0.21739130434782608,0.2826086956521739,0.2826086956521739,0.21739130434782608,0.21739130434782608,0.21739130434782608,0.21739130434782608,0.21739130434782608,0.21739130434782608,0.21739130434782608,0.6521739130434783,0.4782608695652174,0.6521739130434783,0.21739130434782608,0.21739130434782608,0.41304347826086957,0.6956521739130435,0.9565217391304348,0.34782608695652173,0.5217391304347826,0.08695652173913043,0.7608695652173914,0.8260869565217391,0.7391304347826086,0.8260869565217391,,,,excluded,,,
3,1131,000910.SZ,大亚圣象,0.2598870056497177,19.287211740041958,1.6867438287166394,0.8423726364421467,1.0361829855476383,10.790336878677788,547235125.0,6.0,6.26,5.81,6.26,49740852.0,302079817.0,5.69,10.017574692442864,10.0,6.26,True,False,True,67.63805464057354,93.47826086956522,False,NONE,0,0,93000000,9819600,1124,101,3014400,485,483,6699700,19.7415195059385,30.69778809727484,6.060209825115178,68.22783005417736,False,launch_not_detected|orphan_cancel|unknown_link_gt_1pct,0,0,172,594033,3.289549604015629,0,44297275,8.094742639190056,0,0,0,0.0,0.0,0.0,0.0,0.0,0.0,0.0,0.0,0.0,0.0,0.0,0.0,0.0,3549835,0.6486855170343826,7.1366590182251,0.0,0,0.0,0.0,-10226802,-20.560166520669974,4.333333333333322,False,5000,16.87075042462079,0,0,13.296548169117973,12.750606971729017,8.002648221822383,29.85347169643255,7.1366590182251,False,,,,,44.45652173913043,,91.30434782608695,v4,91.30434782608695,invalid,20260921,0.21739130434782608,0.21739130434782608,0.2826086956521739,0.2826086956521739,0.21739130434782608,0.21739130434782608,0.21739130434782608,0.21739130434782608,0.21739130434782608,0.21739130434782608,0.21739130434782608,0.17391304347826086,0.5652173913043478,0.17391304347826086,0.21739130434782608,0.21739130434782608,0.41304347826086957,0.43478260869565216,0.8260869565217391,0.13043478260869565,0.6956521739130435,0.7391304347826086,0.43478260869565216,0.8695652173913043,0.6956521739130435,0.8695652173913043,,,,excluded,,,
4,1243,600825.SH,新华传媒,0.303951367781155,28.306264501160115,1.353091694369006,0.925476896874621,0.9727233227475952,0.2571778369344574,1044887850.0,5.84,5.84,5.84,5.84,2486960.0,14523846.0,5.31,9.981167608286269,10.0,5.84,True,False,True,65.06878511916295,28.260869565217394,False,NONE,0,0,93000000,2098996000,121294,106,2486960,4,3,1792108200,84400.07076913178,0.1184833129743934,100.0,85.37930515351148,False,launch_not_detected|orphan_cancel,0,0,581,2120900,0.0,0,341700,0.0327020741986807,0,0,0,0.0,0.0,0.0,0.0,0.0,0.0,0.0,0.0,0.0,0.0,0.0,0.0,0.0,0,0.0,0.0,0.0,0,0.0,0.5951040627915205,-2486960,-100.0,0.0,False,5000,0.0,0,0,100.0,199.1887359011783,0.0014164199535864,100.0,0.0,False,,,,,38.586956521739125,,86.95652173913044,v4,86.95652173913044,invalid,20260921,0.21739130434782608,0.21739130434782608,0.2826086956521739,0.2826086956521739,0.21739130434782608,0.21739130434782608,0.21739130434782608,0.21739130434782608,0.21739130434782608,0.21739130434782608,0.21739130434782608,0.06521739130434782,0.06521739130434782,0.06521739130434782,0.21739130434782608,0.21739130434782608,0.8695652173913043,0.06521739130434782,0.3695652173913043,0.13043478260869565,0.9782608695652174,1.0,0.7608695652173914,1.0,0.043478260869565216,0.9782608695652174,,,,excluded,,,
5,79,600894.SH,广日股份,0.0511945392491468,15.74468085106384,0.8770013413997582,0.6151788855111251,0.9068627077305031,3.5723364172751904,843144445.0,7.49,7.92,7.49,7.92,18529161.0,144019157.0,7.2,9.999999999999986,10.0,7.92,True,False,True,89.996124782019,65.54347826086956,False,NONE,0,0,93000000,1911000,544,96,736500,187,186,905800,10.313472909000035,38.54003139717426,3.974815697267674,47.399267399267394,False,launch_not_detected|orphan_cancel|unknown_link_gt_1pct,0,0,37,224500,1.608815423429048,0,10359384,1.2286606478205522,0,0,0,0.0,0.0,0.0,0.0,0.0,0.0,0.0,0.0,0.0,0.0,0.0,0.0,0.0,2630484,0.3119849766667205,14.196454982500288,0.0,0,0.0,0.0,-2061847,-11.127578847201985,5.74098798397864,False,5800,17.2298087323004,5,1,15.521338246286923,4.46118102574939,0.4322184676197446,100.0,14.196454982500288,False,,,,,53.04347826086956,,82.6086956521739,v4,82.6086956521739,invalid,20260921,0.21739130434782608,0.21739130434782608,0.2826086956521739,0.2826086956521739,0.21739130434782608,0.21739130434782608,0.21739130434782608,0.21739130434782608,0.21739130434782608,0.21739130434782608,0.21739130434782608,0.6956521739130435,0.2608695652173913,0.6956521739130435,0.21739130434782608,0.21739130434782608,0.41304347826086957,0.5652173913043478,0.8695652173913043,0.34782608695652173,0.8260869565217391,0.21739130434782608,0.7608695652173914,0.782608695652174,0.782608695652174,0.782608695652174,,,,excluded,,,
6,335,600218.SH,全柴动力,0.1028880866425991,15.107913669064745,1.197639119473063,1.1602761684627343,0.8357716749623799,7.512737744528789,435599919.0,7.52,8.27,7.51,8.27,37970594.0,310227849.0,7.52,9.97340425531914,10.0,8.27,True,False,True,82.61577213718272,78.04347826086956,True,CONTINUOUS_TRIGGER,93300000,93559999,93000000,330500,71,33,17100,6,6,278400,0.8704104023234401,5.173978819969743,0.0450348498630282,84.23600605143722,False,orphan_cancel|unknown_link_gt_1pct,0,0,107,283700,1.4517681761839174,1042600,20065370,4.606375971341721,855300,0,0,0.0,478.7632736572888,177.5899999999965,90.93612123537312,357.4315679023171,4.968348359869557,4.648526077097506,8.056781124112796,9.90792250143871,0.3565917351727497,0.2393480702185346,0.196349898770298,0.0,3753400,0.8616622355248876,9.88501786408714,360.0038365624401,1130509,132.17689699520636,0.0,-3936054,-10.36605853466501,9.97340425531914,False,5000,21.041282630448183,7,2,0.4906142815335647,15.041762898032127,1.763667224189727,30.793942175309773,9.88501786408714,False,,,,,50.76086956521738,,78.26086956521739,v4,78.26086956521739,watch,20260921,0.43478260869565216,0.5652173913043478,0.2826086956521739,0.2826086956521739,0.43478260869565216,0.4782608695652174,0.43478260869565216,1.0,0.9130434782608695,0.4782608695652174,0.43478260869565216,0.391304347826087,0.8695652173913043,0.391304347826087,1.0,0.8695652173913043,0.41304347826086957,0.6086956521739131,0.9130434782608695,0.6086956521739131,0.043478260869565216,0.8260869565217391,0.4782608695652174,0.13043478260869565,0.08695652173913043,0.08695652173913043,,,,excluded,,,
7,366,600308.SH,华泰股份,0.1754385964912282,17.12328767123288,1.0692150187505027,0.5878240564735013,0.9369060938582277,4.467040073603538,1516870176.0,3.24,3.54,3.21,3.42,39830487.0,136750007.0,3.22,6.211180124223592,10.0,3.54,True,False,True,82.02092617709746,61.95652173913043,True,CONTINUOUS_TRIGGER,105900000,110159999,93000000,916400,110,34,153700,26,25,587000,2.300750176617223,16.77215189873418,0.3858853144326354,64.05499781754692,False,orphan_cancel,0,0,20,5900,0.1410979484132343,6975840,26446769,1.743509063494172,2880596,87,2046836,29.34178536204959,3907.689993355482,3976.1900000000014,87.80665840959655,284.192914943353,3.175703571182825,44.99572770448861,40.0290144269364,18.67709121768848,11.88953577193269,0.4598837863893765,0.1899039249091281,0.1349381135172374,4712628,0.3106810374785825,11.83171071947978,67.5564233124613,3831028,132.99428312751945,0.0,-9752229,-24.484332817723267,5.555555555555536,False,9000,2.8690384830092586,3,2,6.787429716435864,4.074348350824191,0.6675345827354444,11.212239965366331,11.83171071947978,False,,,,,50.0,,73.91304347826086,v4,73.91304347826086,watch,20260921,0.5217391304347826,0.5217391304347826,0.782608695652174,1.0,1.0,0.782608695652174,0.782608695652174,0.9565217391304348,0.782608695652174,0.43478260869565216,1.0,0.6086956521739131,0.21739130434782608,0.6086956521739131,0.8695652173913043,0.9130434782608695,0.41304347826086957,0.34782608695652173,0.4782608695652174,0.6086956521739131,0.43478260869565216,0.17391304347826086,0.34782608695652173,0.43478260869565216,0.43478260869565216,0.30434782608695654,,,,excluded,,,
8,936,002869.SZ,金溢科技,0.1227701993704092,32.62357414448669,1.2350514582339107,1.4353398412179066,0.7731515341778934,3.3691440284553305,158455279.0,15.43,17.04,15.43,17.04,7662686.0,129065234.0,15.49,10.00645577792123,10.0,17.04,True,False,True,71.47064522379384,57.391304347826086,True,CONTINUOUS_TRIGGER,93500000,93759999,93000000,85800,91,51,37900,28,28,32000,1.119711808626897,44.17249417249417,0.494604633414445,37.2960372960373,False,orphan_cancel,0,0,19,23800,0.179440994972259,560436,8581973,5.416022144645619,165636,0,0,0.0,326.09843607305925,240.49499999999895,60.38798364130784,286.8629349190967,17.09383408631851,27.91380999020568,25.819183635598,44.625969780670765,6.265427031722297,0.3536871750419877,0.1045317019699924,0.0,1114600,0.7034161354763069,14.545813308805815,198.88087132161388,214036,129.22070081383274,0.0,-3288046,-42.90983605487684,10.434219053791317,False,2600,7.607097563439242,22,6,2.5240321834193367,20.8176718429179,4.745179237606846,100.0,14.545813308805815,False,,,,,49.13043478260869,,69.56521739130434,v4,69.56521739130434,watch,20260921,0.4782608695652174,0.43478260869565216,0.2826086956521739,0.2826086956521739,0.782608695652174,0.43478260869565216,0.4782608695652174,0.7391304347826086,0.8260869565217391,0.8695652173913043,0.8260869565217391,0.7391304347826086,0.6521739130434783,0.7391304347826086,0.9565217391304348,0.7391304347826086,0.41304347826086957,0.21739130434782608,0.6521739130434783,1.0,0.21739130434782608,0.8695652173913043,0.7608695652173914,0.17391304347826086,0.8695652173913043,0.391304347826087,,,,excluded,,,
9,179,600587.SH,新华医疗,0.1512027491408933,18.84955752212389,0.90024779488301,0.6649623418935516,0.7077913660481177,6.179410206026449,606644549.0,12.33,13.4,12.3,13.4,24927480.0,326271286.0,12.18,10.016420361247944,10.0,13.4,True,False,True,86.65374927339663,85.21739130434783,True,CONTINUOUS_TRIGGER,102600000,102859999,93000000,430200,203,76,193300,63,63,210300,1.7258062186791443,44.93258949325895,0.7754494236882349,48.88423988842399,False,orphan_cancel,0,0,6,7300,0.3113030278231092,7476645,11032593,1.8186255886064175,1571050,16,371900,4.974156189039335,2149.0730216465577,2040.3899999999996,68.69511659307082,189.27746343490375,18.84815983639721,20.9827291069766,28.10275196963344,50.8844809403148,27.032419642900123,1.2324589435979587,0.2589737272987513,0.0613044328203466,4405053,0.7261341105366135,17.671473410067925,58.9175091234103,2010990,128.00292797810383,0.0,-8513790,-34.15423460373852,8.67802108678022,False,4500,4.056936360995977,13,4,12.931028038109796,11.175349735154382,0.8398377614038366,100.0,17.671473410067925,False,,,,,61.73913043478261,,65.21739130434783,v4,65.21739130434783,watch,20260921,0.6521739130434783,0.6086956521739131,0.6086956521739131,0.8260869565217391,0.8260869565217391,0.6521739130434783,0.6521739130434783,0.8695652173913043,0.4782608695652174,0.9130434782608695,0.6521739130434783,0.9130434782608695,0.6956521739130435,0.9130434782608695,0.8260869565217391,0.6956521739130435,0.41304347826086957,0.30434782608695654,0.5652173913043478,0.8913043478260869,0.6521739130434783,0.5217391304347826,0.7608695652173914,0.30434782608695654,0.9130434782608695,0.5652173913043478,,,,excluded,,,
10,1394,000829.SZ,天音控股,0.3304042179261864,33.714285714285694,1.1824095945853847,1.6798789665764429,0.7313184646432013,3.169109265910426,1024129669.0,8.88,9.77,8.88,9.77,54521796.0,524072549.0,8.88,10.022522522522516,10.0,9.77,True,False,True,61.80778918814184,49.56521739130434,True,CONTINUOUS_TRIGGER,101000000,101259999,93000000,259800,132,58,26700,38,37,138300,0.4765066800073864,10.277136258660509,0.0489712407859785,53.23325635103926,False,orphan_cancel,0,0,74,175300,0.5188750568671655,18461790,56318018,5.499110093645768,2809774,31,820200,4.442689468355994,1362.810784396415,1378.1699999999985,56.51066879213771,219.33242384953135,14.30630507659333,17.077452453332175,19.361611198047427,65.41898699963546,17.36623643138975,1.8026809064155724,0.274357250361038,0.080087514777389,8076400,0.7886110757718903,14.813158392654564,43.74657061964197,1580552,56.25192631151118,0.0,-9074796,-16.644345318338377,10.022522522522516,False,5700,2.176608415467458,10,2,1.7441186156641852,14.879961455349656,4.835920440461334,100.0,14.813158392654564,False,,,,,57.28260869565216,,60.86956521739131,v4,60.86956521739131,watch,20260921,0.7391304347826086,0.6521739130434783,0.6521739130434783,0.7391304347826086,0.6086956521739131,0.6086956521739131,0.6086956521739131,0.6086956521739131,0.5652173913043478,0.782608695652174,0.5217391304347826,0.782608695652174,0.8260869565217391,0.782608695652174,0.7391304347826086,0.43478260869565216,0.41304347826086957,0.4782608695652174,0.43478260869565216,0.6086956521739131,0.13043478260869565,0.782608695652174,0.7608695652173914,0.08695652173913043,0.2608695652173913,0.13043478260869565,,,,excluded,,,
11,1401,000756.SZ,新华制药,0.2547033285094067,27.48538011695905,1.5330533450096044,1.488111448087823,0.975591937913023,2.862606646914029,498872911.0,14.17,14.67,14.0,14.67,21251376.0,309278677.0,13.34,9.97001499250374,10.0,14.67,True,False,True,61.565588064328615,31.956521739130437,False,NONE,0,0,93000000,5811100,1009,155,1404400,402,400,4344400,27.344582299047364,24.16754142933352,6.608513255800472,74.76037239076939,False,launch_not_detected|orphan_cancel,0,0,48,128100,0.6776031820245428,0,20428276,4.094885801486223,0,0,0,0.0,0.0,0.0,0.0,0.0,0.0,0.0,0.0,0.0,0.0,0.0,0.0,0.0,5612428,1.1250215989378505,26.40971577558084,0.0,0,0.0,0.0,-8326120,-39.17920420776518,3.5285815102328755,False,5000,15.093615585174344,15,5,2.289578536330459,11.958416399161829,3.508381315978089,100.0,26.40971577558084,False,,,,,50.43478260869566,,56.52173913043478,v4,56.52173913043478,invalid,20260921,0.21739130434782608,0.21739130434782608,0.2826086956521739,0.2826086956521739,0.21739130434782608,0.21739130434782608,0.21739130434782608,0.21739130434782608,0.21739130434782608,0.21739130434782608,0.21739130434782608,1.0,0.9565217391304348,1.0,0.21739130434782608,0.21739130434782608,0.41304347826086957,0.2608695652173913,0.782608695652174,0.9565217391304348,0.17391304347826086,0.6521739130434783,0.7608695652173914,0.9130434782608695,0.6521739130434783,0.9130434782608695,,,,excluded,,,
12,1578,300110.SZ,华仁药业,0.264,29.46058091286308,1.687985400329628,1.8781968462093923,0.9576024216376524,8.459339291412526,1181425107.0,2.74,3.29,2.74,3.29,187708417.0,601594888.0,2.74,20.07299270072991,20.0,3.29,True,False,True,56.335981398953685,83.04347826086958,True,CONTINUOUS_TRIGGER,103500000,103759999,93000000,894300,170,40,72000,32,32,561700,0.476430420272523,8.0509896008051,0.0383573635912128,62.80890081628089,False,orphan_cancel,0,0,45,552200,0.3347479085074805,38662168,180820364,15.305275207766512,7148268,75,2199216,5.68828938925515,2211.905955036897,2208.1100000000006,57.44237622680652,387.3496313599271,11.30872950528796,22.212392770744724,20.58213600437513,60.92881289016178,13.71387624029667,3.2725026555576666,0.6050546884136939,0.1861494213191797,16615390,1.4063853816507728,8.851702158886141,42.97583622315231,8205406,114.78872924182473,0.0,-107107927,-57.06080138111228,20.07299270072991,False,25945,-9.131996462364285,8,3,3.529451542211649,33.14722174767528,14.335259001737128,100.0,8.851702158886141,False,,,,,58.04347826086955,,52.17391304347826,v4,52.17391304347826,watch,20260921,0.8260869565217391,0.9565217391304348,0.9130434782608695,0.8695652173913043,0.6521739130434783,0.6956521739130435,0.6956521739130435,0.6956521739130435,0.9565217391304348,0.6521739130434783,0.6956521739130435,0.30434782608695654,1.0,0.30434782608695654,0.6956521739130435,0.6086956521739131,0.41304347826086957,0.17391304347826086,0.30434782608695654,0.8043478260869565,0.30434782608695654,0.9565217391304348,0.7608695652173914,0.043478260869565216,0.13043478260869565,0.043478260869565216,,,,excluded,,,
13,866,002178.SZ,延华智能,0.1553884711779448,30.000000000000004,1.0513476252011,1.4133416003150794,0.7985017242953009,4.67328274478029,711830932.9999999,4.6,5.08,4.6,5.08,47016041.0,237639734.0,4.62,9.956709956709965,10.0,5.08,True,False,True,72.9286959891494,66.73913043478261,False,NONE,0,0,93000000,642600,146,42,78900,35,35,476800,1.366767567690355,12.278244631185808,0.1678150655007298,74.19856831621537,False,launch_not_detected|orphan_cancel,0,0,51,462500,0.9827496960026898,0,42187641,5.926637779311005,0,0,0,0.0,0.0,0.0,0.0,0.0,0.0,0.0,0.0,0.0,0.0,0.0,0.0,0.0,3862000,0.5425445595239398,8.214217781543963,0.0,0,0.0,0.0,-39105241,-83.17425322987106,10.43478260869566,False,10300,2.873487369980812,8,4,0.9535389870299424,21.837418520838572,6.104685675411637,100.0,8.214217781543963,False,,,,,37.93478260869564,,47.82608695652174,v4,47.82608695652174,invalid,20260921,0.21739130434782608,0.21739130434782608,0.2826086956521739,0.2826086956521739,0.21739130434782608,0.21739130434782608,0.21739130434782608,0.21739130434782608,0.21739130434782608,0.21739130434782608,0.21739130434782608,0.2608695652173913,0.43478260869565216,0.2608695652173913,0.21739130434782608,0.21739130434782608,0.41304347826086957,0.13043478260869565,0.5217391304347826,0.8913043478260869,0.08695652173913043,0.9130434782608695,0.7608695652173914,0.21739130434782608,0.30434782608695654,0.17391304347826086,,,,excluded,,,
14,1406,600743.SH,华远控股,0.1988636363636364,31.382978723404275,1.7527563430858415,1.533055099999928,0.7873795582412695,0.4556796034286867,2346100874.0,2.33,2.33,2.33,2.33,16389437.0,38187388.0,2.12,9.905660377358494,10.0,2.33,True,False,True,61.4938965316799,17.391304347826086,False,NONE,0,0,93000000,190158700,3307,43,16389437,20,19,145663400,1160.2515693492094,8.618820490464017,100.0,76.6009654041598,False,launch_not_detected|orphan_cancel,0,0,23,86200,0.0,0,4658600,0.198567762010049,0,0,0,0.0,0.0,0.0,0.0,0.0,0.0,0.0,0.0,0.0,0.0,0.0,0.0,0.0,0,0.0,0.0,0.0,0,0.0,0.4637133051001081,-16389437,-100.0,0.0,False,30000,0.0,0,0,100.0,4.656449396983602,0.003239417402817,100.0,0.0,False,,,,,34.891304347826086,,43.47826086956522,v4,43.47826086956522,invalid,20260921,0.21739130434782608,0.21739130434782608,0.2826086956521739,0.2826086956521739,0.21739130434782608,0.21739130434782608,0.21739130434782608,0.21739130434782608,0.21739130434782608,0.21739130434782608,0.21739130434782608,0.06521739130434782,0.06521739130434782,0.06521739130434782,0.21739130434782608,0.21739130434782608,0.8260869565217391,0.06521739130434782,0.3695652173913043,0.13043478260869565,0.9782608695652174,0.2608695652173913,0.7608695652173914,0.9565217391304348,0.21739130434782608,0.9782608695652174,,,,excluded,,,
15,1363,603258.SH,电魂网络,0.1772464962901896,37.302325581395344,1.5182857788589963,1.161614327590358,0.9116187952199007,1.68891486318118,241341350.0,13.05,14.19,12.99,14.19,4734798.0,65391130.0,12.9,9.999999999999986,10.0,14.19,True,False,True,62.654524316992834,34.23913043478261,False,NONE,0,0,93000000,153300,119,58,26400,21,21,120200,3.2377305219779178,17.22113502935421,0.557573945076432,78.40834964122635,False,launch_not_detected|orphan_cancel,0,0,5,3900,0.4118443912496373,0,2330492,0.9656414037627616,0,0,0,0.0,0.0,0.0,0.0,0.0,0.0,0.0,0.0,0.0,0.0,0.0,0.0,0.0,1025319,0.4248418267321368,21.65496817393265,0.0,0,0.0,0.0,-1069034,-22.57823881821357,8.735632183908027,False,2100,11.856894422951097,17,2,11.45367405534826,3.91546952066026,0.4650554080351336,100.0,21.65496817393265,False,,,,,49.56521739130434,,39.130434782608695,v4,39.130434782608695,invalid,20260921,0.21739130434782608,0.21739130434782608,0.2826086956521739,0.2826086956521739,0.21739130434782608,0.21739130434782608,0.21739130434782608,0.21739130434782608,0.21739130434782608,0.21739130434782608,0.21739130434782608,0.9565217391304348,0.30434782608695654,0.9565217391304348,0.21739130434782608,0.21739130434782608,0.41304347826086957,0.391304347826087,0.6956521739130435,0.6086956521739131,0.5652173913043478,0.13043478260869565,0.7608695652173914,0.6086956521739131,0.4782608695652174,0.43478260869565216,,,,excluded,,,
16,1440,603997.SH,继峰股份,0.3236514522821577,22.524977293369663,1.547743346980663,1.4252814616752565,1.134442699128705,3.306974091295101,1272264864.0,12.8,13.83,12.78,13.74,59966536.0,809154023.0,12.57,9.307875894988072,10.0,13.83,True,False,True,60.60647161402829,40.21739130434782,False,NONE,0,0,93000000,1340700,110,55,619200,33,33,679300,2.235746950599248,46.18482882076528,1.032575901999742,50.66756172148877,False,launch_not_detected|orphan_cancel|unknown_link_gt_1pct,0,0,94,194300,1.7934586049792838,0,35688893,2.80514647616646,0,0,0,0.0,0.0,0.0,0.0,0.0,0.0,0.0,0.0,0.0,0.0,0.0,0.0,0.0,3389535,0.266417402217908,5.652377519355128,0.0,0,0.0,0.0,10369174,17.29160076880212,7.343750000000004,False,2900,33.70411123964205,8,2,3.83528462662994,4.771706797681398,1.2277023788027837,-44.47481396527781,5.652377519355128,False,,,,,47.06521739130434,,34.78260869565217,v4,34.78260869565217,invalid,20260921,0.21739130434782608,0.21739130434782608,0.2826086956521739,0.2826086956521739,0.21739130434782608,0.21739130434782608,0.21739130434782608,0.21739130434782608,0.21739130434782608,0.21739130434782608,0.21739130434782608,0.13043478260869565,0.17391304347826086,0.13043478260869565,0.21739130434782608,0.21739130434782608,0.41304347826086957,0.9565217391304348,1.0,0.6086956521739131,0.391304347826087,0.30434782608695654,0.043478260869565216,0.391304347826087,1.0,0.6086956521739131,,,,excluded,,,
17,1269,600383.SH,金地集团,0.0869565217391305,20.68965517241381,1.8067980358736973,2.0998096122961694,1.3681599907482391,3.9351531439386864,4514583572.0,2.21,2.48,2.2,2.47,373043309.0,895001518.0,2.25,9.777777777777796,10.0,2.48,True,False,True,64.65801201317575,41.95652173913044,True,CONTINUOUS_TRIGGER,131300000,131559999,93000000,9073800,769,30,4135400,336,336,4131600,2.432371733009692,45.5751724745972,1.1085576125425158,45.533293658665606,False,orphan_cancel,0,0,43,706400,0.2521423055466195,202361758,238931260,5.292431875264884,27551600,260,13652900,6.746778707071719,8156.207128046463,9562.46,71.11180710339549,265.2742050199617,19.29440739489919,30.64439184229521,29.42705113285288,56.957925815212576,44.97840169008366,4.482401416934054,0.6102799861958121,0.3024177043631877,33533501,0.7427817087710786,8.989171013384937,16.571066258477554,16805400,60.99609460067656,0.0,98246861,26.336583080223537,11.764705882352944,False,20000,-10.008311394214015,3,1,14.149643593646449,11.175881007702388,3.063208949274934,-1.409852684417383,8.989171013384937,False,,,,,64.78260869565217,,30.434782608695656,v4,30.434782608695656,watch,20260921,0.8695652173913043,1.0,1.0,0.9130434782608695,0.8695652173913043,0.8695652173913043,0.9130434782608695,0.9130434782608695,0.7391304347826086,0.9565217391304348,0.8695652173913043,0.34782608695652173,0.782608695652174,0.34782608695652173,0.5652173913043478,0.4782608695652174,0.41304347826086957,1.0,0.2608695652173913,0.34782608695652173,0.782608695652174,0.5652173913043478,0.21739130434782608,0.5217391304347826,0.9565217391304348,0.6521739130434783,,,,excluded,,,
18,1156,600675.SH,中华企业,0.256198347107438,22.0,1.5858295787627026,0.642554232962797,1.3540589434274488,2.976090921271886,6046135331.0,2.29,2.54,2.27,2.45,115620235.0,278777174.0,2.31,6.060606060606055,10.0,2.54,True,False,True,67.10908738616547,36.08695652173913,True,CONTINUOUS_TRIGGER,111600000,111859999,93000000,5109900,382,31,773300,95,93,2570000,4.419555106422331,15.133368559071606,0.6688275629261607,50.29452631166951,False,orphan_cancel,0,0,58,273600,0.5623029567445526,58193072,85778316,1.418729672824123,8272667,57,2414100,4.148431964547258,3456.51071785552,3497.959999999999,62.74313203468619,237.3378745853824,13.241236001426424,31.30301150820346,31.967219396838164,53.81688390673034,47.315358769163545,0.9624837820223776,0.136825700172208,0.0399279848669996,11816672,0.1954417384508921,10.220245617040996,20.305977316337582,10855767,131.22451320716766,0.0,11713871,10.131332979906157,6.986899563318794,False,10300,-11.260778011738172,0,0,18.719400093722843,1.5907151715059749,0.5628872186420467,-18.09994688372209,10.220245617040996,False,,,,,47.17391304347826,,26.08695652173913,v4,26.08695652173913,watch,20260921,0.6086956521739131,0.4782608695652174,0.5652173913043478,0.6521739130434783,0.9130434782608695,0.7391304347826086,0.7391304347826086,0.782608695652174,0.6521739130434783,0.7391304347826086,0.9130434782608695,0.4782608695652174,0.13043478260869565,0.4782608695652174,0.6521739130434783,0.8260869565217391,0.41304347826086957,0.8695652173913043,0.21739130434782608,0.13043478260869565,0.8695652173913043,0.043478260869565216,0.13043478260869565,0.6956521739130435,0.391304347826087,0.5217391304347826,,,,excluded,,,
19,1233,002482.SZ,广田集团,0.188679245283019,22.80701754385965,1.6311238521352809,1.4891206119958489,1.0447003424722512,2.872730989298459,3743709801.0,1.34,1.47,1.33,1.41,160150025.0,226459841.0,1.34,5.223880597014907,10.0,1.47,True,False,True,65.27998449912808,21.95652173913044,True,CONTINUOUS_TRIGGER,133600000,133859999,93000000,16091600,440,24,2044700,115,115,12841600,10.04782859072298,12.70662954585001,1.2767403564251707,79.80312709736756,False,orphan_cancel,0,0,18,227200,0.1420230811702964,102270551,82145551,2.194228595871873,17372100,138,4943400,4.833649522431927,8555.978206948477,10577.410000000003,45.36888727626,250.7490276507252,8.957515052402524,38.05111898117299,37.0324297949661,45.981155415892886,51.73771218580827,2.731796972422436,0.464034364932871,0.1320454913113069,18262871,0.4878281696706758,11.40360171657794,17.85740941202126,18262871,105.1275953972174,0.0,-13577661,-8.478088592243429,5.223880597014907,False,26300,-31.157353238002926,1,1,13.391383109771002,6.279290129197704,4.302838883424447,21.42638993713876,11.40360171657794,False,,,,,55.434782608695656,,21.73913043478261,v4,21.73913043478261,watch,20260921,0.782608695652174,0.8260869565217391,0.7391304347826086,0.782608695652174,0.9565217391304348,0.9565217391304348,1.0,0.43478260869565216,0.6956521739130435,0.5217391304347826,0.9565217391304348,0.5652173913043478,0.34782608695652173,0.5652173913043478,0.6086956521739131,0.5652173913043478,0.41304347826086957,0.6521739130434783,0.17391304347826086,0.34782608695652173,0.7391304347826086,0.391304347826087,0.391304347826087,0.7391304347826086,0.34782608695652173,0.6956521739130435,,,,excluded,,,
20,1255,600503.SH,华丽家族,0.1893491124260355,24.33862433862435,1.513442508640106,1.8738895487084064,0.9385380086523254,2.930219635559893,1602290000.0,2.21,2.43,2.18,2.43,87980269.0,206028592.0,2.21,9.954751131221728,10.0,2.43,True,False,True,64.85177291222631,30.434782608695656,True,CONTINUOUS_TRIGGER,94000000,94259999,93000000,1342000,187,28,311000,53,51,715300,1.5253420059445375,23.17436661698957,0.3534883486205299,53.30104321907601,False,orphan_cancel,0,0,156,88500,0.4361205124298949,14239700,61666292,3.84863489131181,6362000,0,0,0.0,582.0960606060605,524.130000000001,67.5442600616586,402.63888089365474,14.668848360569395,19.025776971641843,18.674550727894548,36.64754173191851,8.31766040633497,0.8887092848360784,0.3970567125801197,0.0,15036101,0.9384132085951982,17.090310328557873,105.59282147798056,9222600,144.96384784658915,0.0,5243375,5.959716945170968,9.954751131221728,False,11900,14.61404033670322,2,2,8.499473040406858,5.987359341941845,1.3738722703131143,10.685247240774146,17.090310328557873,False,,,,,58.3695652173913,,17.391304347826086,v4,17.391304347826086,watch,20260921,0.5652173913043478,0.782608695652174,0.2826086956521739,0.2826086956521739,0.5652173913043478,0.5217391304347826,0.5217391304347826,0.8260869565217391,1.0,0.8260869565217391,0.6086956521739131,0.8695652173913043,0.9130434782608695,0.8695652173913043,0.9130434782608695,1.0,0.41304347826086957,0.782608695652174,0.7391304347826086,0.6086956521739131,0.4782608695652174,0.34782608695652173,0.2608695652173913,0.2608695652173913,0.6086956521739131,0.2608695652173913,,,,excluded,,,
21,1118,000402.SZ,金 融 街,0.1491228070175437,19.57446808510639,1.582068490374658,1.7540497848383303,1.0834695879536564,3.1725974044977883,2988667172.0,2.51,2.77,2.5,2.77,166316154.0,445019119.0,2.52,9.92063492063493,10.0,2.77,True,False,True,67.87831815539624,37.391304347826086,True,CONTINUOUS_TRIGGER,133900000,134159999,93000000,5206600,505,39,998000,173,173,3679700,3.130543771472734,19.167979103445624,0.6000619759401122,70.67376022740368,False,orphan_cancel,0,0,69,471800,0.5365985074426385,143869018,119975656,4.014353191416524,15819667,174,4911900,3.414147165444613,7438.3597039312035,8531.779999999999,50.62625783683322,215.2091814355014,9.02862977767736,23.27278205927441,21.995293663573904,67.00882465187884,55.11669960814511,4.813818659630929,0.5293218043216757,0.1643508533174332,16539867,0.5534195026785672,9.944834943694044,11.496475912555406,16529567,104.48745223271769,27.08631370403935,12414450,7.46436813347668,10.358565737051803,False,13500,-41.16161981475353,5,2,12.302130196037336,12.224475961152626,3.8595871457579616,11.200205369816675,9.944834943694044,False,,,,,58.47826086956521,,13.043478260869565,v4,13.043478260869565,watch,20260921,0.9130434782608695,0.8695652173913043,0.8260869565217391,0.6086956521739131,0.7391304347826086,0.8260869565217391,0.8695652173913043,0.5652173913043478,0.5217391304347826,0.5652173913043478,0.782608695652174,0.43478260869565216,0.5217391304347826,0.43478260869565216,0.5217391304347826,0.5217391304347826,1.0,0.8260869565217391,0.08695652173913043,0.6086956521739131,0.6086956521739131,0.6956521739130435,0.30434782608695654,0.5652173913043478,0.5217391304347826,0.4782608695652174,,,,excluded,,,
22,1062,000002.SZ,万  科Ａ,0.1073170731707316,15.646258503401356,1.8634411446985364,1.5489871097182246,1.1942811003899512,5.544884156914436,9715113154.0,3.3,3.65,3.27,3.65,834426608.0,2931911902.0,3.32,9.93975903614459,10.0,3.65,True,False,True,68.99438093392753,63.26086956521739,True,CONTINUOUS_TRIGGER,132000000,132259999,93000000,27621300,3451,62,10801122,1096,1095,12822200,3.310213233276952,39.10432166480216,1.2944364305314675,46.42142114962004,False,orphan_cancel,0,0,259,3138100,0.9485256011874444,676692240,676692240,6.965356236961437,52646009,622,16573502,2.449193447230901,8655.606368545683,9881.550000000005,45.54660328305228,224.94029245671453,26.10279423331351,18.57198095604326,18.042626733831025,74.17746891851456,37.78750305623044,6.965356236961437,0.5418980527089804,0.1705950485319483,67038721,0.6900457044331817,8.034106338085518,9.906825738093287,66369109,126.06674325493503,19.622399073832025,27909068,3.344700148871571,10.60606060606062,False,15300,-38.13886745088072,0,0,20.38541678833172,11.48435208436688,8.170740293160357,-12.54322840967923,8.034106338085518,False,,,,,58.26086956521739,,8.695652173913043,v4,8.695652173913043,watch,20260921,1.0,0.9130434782608695,0.8695652173913043,0.5652173913043478,0.5217391304347826,1.0,0.9565217391304348,0.4782608695652174,0.6086956521739131,1.0,0.5652173913043478,0.21739130434782608,0.6086956521739131,0.21739130434782608,0.4782608695652174,0.6521739130434783,0.9565217391304348,0.7391304347826086,0.13043478260869565,0.13043478260869565,0.9130434782608695,0.6086956521739131,0.17391304347826086,0.6521739130434783,0.8260869565217391,0.7391304347826086,,,,excluded,,,
23,1367,002042.SZ,华孚时尚,0.2188679245283019,29.75460122699389,1.4465791666612802,1.813530527592568,0.86118084460256,2.6984839045577345,1700681355.0,3.85,4.22,3.84,4.22,83227654.0,336439595.0,3.84,9.895833333333323,10.0,4.22,True,False,True,62.44913776399923,18.913043478260867,True,CONTINUOUS_TRIGGER,143200000,143459999,93000000,1720800,214,48,365700,40,39,1106600,2.067582008258938,21.251743375174332,0.4393972224664653,64.3072989307299,False,orphan_cancel,0,0,52,213800,0.1644285203569477,88037851,48346052,2.842746047509882,6429709,145,3865009,4.390167361081996,8380.324867604782,4341.760000000002,49.144896778545856,189.21734718145703,9.548620172475587,22.58733557933647,21.8435477258526,70.85310612590942,55.16512336152116,5.176622342637489,0.3780666484698423,0.2272623844929492,8641609,0.5081262856556689,10.38309814668091,9.815788211368313,8357309,129.97958383497604,11.254784377317664,10588948,12.722872135744687,9.610389610389603,False,9300,-45.230107050716576,5,3,3.568620839693923,8.36502379365475,3.270902737685391,-24.607450296209667,10.38309814668091,False,,,,,56.19565217391303,,4.3478260869565215,v4,4.3478260869565215,watch,20260921,0.9565217391304348,0.6956521739130435,0.9565217391304348,0.6956521739130435,0.6956521739130435,0.9130434782608695,0.8260869565217391,0.5217391304347826,0.43478260869565216,0.6086956521739131,0.7391304347826086,0.5217391304347826,0.391304347826087,0.5217391304347826,0.43478260869565216,0.782608695652174,0.9130434782608695,0.9130434782608695,0.043478260869565216,0.8043478260869565,0.34782608695652173,0.43478260869565216,0.08695652173913043,0.34782608695652173,0.5652173913043478,0.34782608695652173,,,,excluded,,,
