pool_rank,code,name,bottom_percentile,range_60d_pct,mean_abs_return_20d_pct,mean_turnover_20d_pct,recent_volume_ratio,event_volume_ratio,outstanding_share,event_open,event_high,event_low,event_close,event_volume,event_amount,previous_close,event_gain_pct,limit_up_rate_pct,limit_up_price,hit_limit_up,is_st,passes_dormant_filter,dormancy_score
1,601006.SH,大秦铁路,0.0327102803738319,22.779043280182233,1.0576750931344236,0.4836866410838704,0.7464865903805471,1.3304781791849754,19862892778.0,4.45,4.52,4.45,4.48,127824572.0,589758256.0,4.46,0.4484304932735439,10.0,4.91,False,False,True,96.68414918414919
2,600820.SH,隧道股份,0.03875968992248048,20.399999999999995,0.980144019564786,0.5818249714094096,0.824158685115135,0.7982978883631775,3144096094.0,5.09,5.17,5.08,5.14,14603372.0,77068250.0,5.1,0.7843137254901933,10.0,5.61,False,False,True,95.61577311577311
3,601528.SH,瑞丰银行,0.04697986577181226,17.633410672853845,1.1705915155888431,0.6825464820045289,0.7262069654753706,1.1894352965917556,1855770886.0,4.39,4.49,4.36,4.44,14299859.0,64618395.0,4.38,1.3698630136986356,10.0,4.82,False,False,True,95.52447552447552
4,600755.SH,厦门国贸,0.05228758169934644,18.8785046728972,1.319674516032198,0.6342985797002765,0.6255650807578707,0.895210758806532,2132158487.0,5.52,5.6,5.47,5.52,12107055.0,67061047.0,5.51,0.1814882032667775,10.0,6.06,False,False,True,95.1068376068376
5,600639.SH,浦东金桥,0.052419354838709985,27.912341407151086,1.057931167821616,0.382883347485878,0.4888536423515865,1.1411135862181616,850236703.0,8.8,8.95,8.78,8.92,3714798.0,34328842.0,8.8,1.3636363636363447,10.0,9.68,False,False,True,95.05827505827507
6,601186.SH,中国铁建,0.04513888888888885,19.14893617021276,1.2099658372975362,0.42312678191558545,0.8599062103510751,0.8721093309603697,11503245500.0,5.75,5.85,5.74,5.8,42448450.0,258382119.0,5.77,0.5199306759098743,10.0,6.35,False,False,True,94.96114996114996
7,600000.SH,浦发银行,0.02673796791443856,22.07151664611593,1.1598301505087334,0.226211466804601,0.9894814162811517,0.9442005487607921,33305838300.0,8.32,8.44,8.17,8.31,71137604.0,618574645.0,8.26,0.6053268765133346,10.0,9.09,False,False,True,94.50466200466201
8,000156.SZ,华数传媒,0.03561643835616436,23.491027732463298,1.4870514003571138,0.594914148546383,0.7829950631168079,1.1052875246119966,1699875877.0,6.3,6.38,6.17,6.19,11177554.0,71436203.0,6.26,-1.118210862619795,10.0,6.89,False,False,True,94.4055944055944
9,600033.SH,福建高速,0.04705882352941181,18.73015873015873,1.3855173049320686,0.816603625564782,0.7121650741555602,1.0167617812997076,2744400000.0,3.23,3.34,3.22,3.3,22786516.0,76516411.0,3.23,2.1671826625387025,10.0,3.55,False,False,True,94.27544677544678
10,601169.SH,北京银行,0.026785714285714118,13.449023861171373,0.9857126206757855,0.574926519531013,1.0388238563568888,1.1245946535158615,21142984272.0,4.68,4.77,4.67,4.75,136701929.0,683887824.0,4.67,1.7130620985010614,10.0,5.14,False,False,True,94.2055167055167
11,600551.SH,时代出版,0.05347593582887705,26.38036809815951,0.9947060976114992,0.5567124893197616,0.7406705500602131,1.4394611110013191,678055239.0,6.69,6.8,6.64,6.7,5433704.0,36503731.0,6.72,-0.29761904761904656,10.0,7.39,False,False,True,93.97435897435899
12,002267.SZ,陕天然气,0.05923344947735191,24.143302180685367,1.0175536196952089,0.5536420552833929,0.7269875707898447,1.1529563572913644,1112075445.0,6.58,6.73,6.57,6.72,7098657.0,47303471.0,6.59,1.9726858877086473,10.0,7.25,False,False,True,93.95104895104896
13,688425.SH,铁建重工,0.03325415676959622,30.909090909090907,1.310342291217066,0.32843466584868697,0.806672778210258,0.9124154590603355,5333497000.0,3.99,4.04,3.98,4.01,15982830.0,65341040.0,3.99,0.5012531328320691,20.0,4.79,False,False,True,93.87723387723389
14,603018.SH,XD华设集,0.04562737642585554,24.901185770751,1.314561391705857,0.807378939912393,0.7698724305359436,1.2250672541779375,819147727.0,5.2,5.27,5.13,5.14,7021499.0,36651446.0,5.18,-0.7722007722007707,10.0,5.7,False,False,True,93.45959595959597
15,600827.SH,百联股份,0.040955631399317446,18.646408839778992,1.476816185321045,0.647197704369602,0.9059216594826929,1.0224890967808287,1604449920.0,7.36,7.46,7.29,7.43,10617489.0,79939916.0,7.36,0.9510869565217295,10.0,8.1,False,False,True,93.03613053613054
16,001227.SZ,兰州银行,0.04761904761904765,12.56281407035178,0.9395571982670825,1.0847613506906228,0.8552231521567168,1.1322296475360023,4216829430.000001,2.02,2.06,2.02,2.04,51798694.0,105659444.0,2.02,0.990099009900991,10.0,2.22,False,False,True,92.90209790209789
17,601818.SH,光大银行,0.043795620437956255,12.455516014234869,1.1075275859633338,0.48289554818824254,1.0906024593008241,0.9807966638064458,46406815561.0,2.86,2.91,2.86,2.9,219793047.0,650233748.0,2.87,1.0452961672473782,10.0,3.16,False,False,True,92.80885780885782
18,600968.SH,海油发展,0.0389610389610389,35.474006116207946,1.2988891246656002,0.41681570272705953,0.6489429282348981,1.0070810778080932,10165104199.0,3.34,3.41,3.33,3.4,42669774.0,144085057.0,3.36,1.1904761904761862,10.0,3.7,False,False,True,92.76029526029527
19,601188.SH,龙江交通,0.043859649122807244,27.715355805243448,1.463154676099751,0.864724182479526,0.6626809731659947,1.0580278627927509,1305469915.0,2.71,2.79,2.7,2.74,11943774.0,33473150.0,2.72,0.7352941176470562,10.0,2.99,False,False,True,92.67676767676768
20,002958.SZ,青农商行,0.03571428571428574,15.708812260536398,0.9779192574665464,0.8890206617988309,1.0082913545036416,0.9957667670948425,5439560632.0,2.64,2.71,2.64,2.68,48153530.0,134766004.0,2.65,1.132075471698113,10.0,2.92,False,False,True,92.5932400932401
21,601228.SH,广州港,0.07216494845360807,23.465703971119133,0.9653302921930262,0.29688230531417653,0.805735402340633,1.0618223945906513,7544531351.0,2.86,2.9,2.84,2.86,23783100.0,68994862.0,2.84,0.7042253521126751,10.0,3.12,False,False,True,92.43978243978245
22,600016.SH,民生银行,0.023474178403755996,18.032786885245923,1.1739335111875557,0.7218686146128868,1.1010461870385753,1.1199899095408798,35462123213.0,3.11,3.2,3.1,3.17,286706147.0,932782627.0,3.1,2.2580645161290214,10.0,3.41,False,False,True,92.42812742812742
23,600628.SH,新世界,0.04086538461538459,30.990990990990987,1.3228207063942354,0.9541100732316575,0.6049033418493533,1.6538172536471407,646875384.0,5.69,5.84,5.67,5.7,10207200.0,59024063.0,5.72,-0.34965034965034336,10.0,6.29,False,False,True,92.42229992229993
24,601577.SH,长沙银行,0.03910614525139683,15.933412604042797,1.3141389701798367,0.47738690084077,1.1008087733134944,1.1920777523565502,4020683625.0,8.49,8.64,8.44,8.55,22880999.0,199903348.0,8.48,0.8254716981132004,10.0,9.33,False,False,True,92.36013986013987
25,000885.SZ,城发环境,0.07977207977207959,17.4457429048414,1.25532660295186,0.5952668261596825,0.6960273266127351,0.870131185284155,642078255.0,12.26,12.47,12.2,12.29,3325710.0,41007384.0,12.26,0.2446982055464897,10.0,13.49,False,False,True,92.3174048174048
26,601928.SH,凤凰传媒,0.08503401360544219,16.301703163017024,1.069823818201645,0.260328117018344,0.7813058349660438,1.091452603230575,2544900000.0,8.52,8.65,8.44,8.64,7230972.0,64665897.0,8.47,2.007083825265643,10.0,9.32,False,False,True,92.25912975912976
27,601098.SH,中南传媒,0.07286432160804042,21.420882669537143,1.14800094652009,0.43015192093540705,0.8099718909180369,1.1254292829286696,1796000000.0,9.64,9.78,9.54,9.72,8694536.0,88041266.0,9.58,1.4613778705636848,10.0,10.54,False,False,True,92.22222222222223
28,600377.SH,宁沪高速,0.043731778425656086,13.974591651542667,1.088403418885678,0.27969265017498857,1.1961931672145532,1.0092916718103384,3802183001.0,11.19,11.39,11.09,11.31,10733238.0,125599748.0,11.17,1.2533572068039511,10.0,12.29,False,False,True,92.12898212898214
29,601618.SH,中国中冶,0.036842105263158044,25.83333333333333,1.5255391904229412,0.670455316725378,0.8909193017207296,0.8734025568154077,17852619170.0,2.48,2.51,2.46,2.49,104540901.0,259931218.0,2.47,0.809716599190291,10.0,2.72,False,False,True,92.06099456099454
30,600528.SH,中铁工业,0.030534351145038188,34.62132921174654,1.3809388276258918,0.5614315493446881,0.7880824974608847,0.899860384751515,2221551588.0,6.6,6.73,6.6,6.69,11223501.0,75967310.0,6.63,0.9049773755656076,10.0,7.29,False,False,True,91.91919191919192
31,601166.SH,兴业银行,0.03416557161629409,13.564476885644773,1.362341060157544,0.4891693506807925,1.193487414263886,1.0033103607743208,21162859513.0,16.89,17.15,16.79,17.06,103864917.0,1764198916.0,16.7,2.1556886227544814,10.0,18.37,False,False,True,91.85314685314684
32,000544.SZ,中原环保,0.09051724137931032,19.971056439942103,1.223561833272504,0.37655583372739204,0.7019088710048339,1.157938193159652,974684488.0,7.1,7.19,7.06,7.11,4249901.0,30246716.0,7.12,-0.1404494382022392,10.0,7.83,False,False,True,91.62393162393164
33,600917.SH,重庆燃气,0.08040201005025131,29.147982062780265,1.1602959604618117,0.256735135945539,0.5701999444274742,0.8989361092270127,1561039760.0,4.62,4.71,4.62,4.66,3602700.0,16816525.0,4.62,0.8658008658008587,10.0,5.08,False,False,True,91.5947940947941
34,001213.SZ,中铁特货,0.07042253521126765,27.190332326283983,1.2563664923754458,0.230269500023023,0.8097026655699421,0.9037149948212855,4444444444.0,3.4,3.47,3.39,3.42,9248800.0,31774907.0,3.41,0.2932551319648091,10.0,3.75,False,False,True,91.53651903651904
35,601919.SH,中远海控,0.023809523809523822,13.990825688073393,1.3447745764775436,0.8026035606850449,1.1645357383965602,0.6050308186920047,12556536965.0,13.17,13.26,13.11,13.19,60974382.0,802967233.0,13.16,0.22796352583585033,10.0,14.48,False,False,True,91.39665889665889
36,600035.SH,楚天高速,0.0736842105263156,13.213213213213205,0.9535826769236027,0.569274646272803,0.9205915480466943,0.8124595187928373,1610115901.0,3.39,3.46,3.38,3.41,7446989.0,25456537.0,3.4,0.2941176470588225,10.0,3.74,False,False,True,91.35975135975136
37,600283.SH,钱江水利,0.103202846975089,20.397350993377493,0.8486971646497088,0.4887512895942655,0.6003227048771689,0.829873806842747,560824898.0,7.85,7.91,7.81,7.82,2248932.0,18174291.0,7.84,-0.25510204081632404,10.0,8.62,False,False,True,91.23348873348873
38,600168.SH,武汉控股,0.06049822064056921,31.552162849872765,1.3723687132709816,0.565377727434316,0.706627068851634,1.0296720244177078,993397569.0,4.07,4.2,4.07,4.14,5783100.0,23953225.0,4.1,0.9756097560975618,10.0,4.51,False,False,True,91.10722610722611
39,603515.SH,欧普照明,0.06790123456790123,30.527638190954786,1.3326911380741642,0.17992576349822204,0.7586329141177891,1.0819538815101162,736328069.0,16.26,16.85,16.09,16.59,1433420.0,23663883.0,16.25,2.092307692307682,10.0,17.88,False,False,True,91.01981351981354
40,601568.SH,北元化工,0.06896551724137936,27.299703264094944,1.5671127843515547,0.444703049171596,0.6484031186907484,0.8309622366710184,3972222224.000001,3.46,3.54,3.45,3.52,14678610.0,51517391.0,3.47,1.4409221902017322,10.0,3.82,False,False,True,90.99261849261848
41,002936.SZ,郑州银行,0.06250000000000007,13.414634146341475,1.0924562080008744,0.9634996616154159,0.9099181861888981,1.005975154865613,7029435959.0,1.68,1.7,1.67,1.69,68132039.0,114778661.0,1.68,0.5952380952380931,10.0,1.85,False,False,True,90.91491841491842
42,600987.SH,航民股份,0.07843137254901968,26.298157453936355,1.3932696362658465,0.5698938179799854,0.6657684196046555,2.089122517387438,1020818873.0,6.35,6.49,6.31,6.45,12153645.0,78045542.0,6.17,4.538087520259326,10.0,6.79,False,False,True,90.87995337995338
43,000498.SZ,山东路桥,0.08670520231213891,29.268292682926834,1.0867605459786993,0.47069273289769303,0.5558431805374899,1.2502689288257591,1449347778.9999998,4.66,4.74,4.65,4.71,8529300.0,41660470.0,4.66,1.0729613733905463,10.0,5.13,False,False,True,90.81196581196582
44,600941.SH,中国移动,0.046058091286307015,18.400093698758504,0.9387376751760496,1.0842655136284294,1.0121798522823888,1.1040121247999795,902767867.0,86.62,88.35,86.48,88.25,10806513.0,945724251.0,86.49,2.0349173314834212,10.0,95.14,False,False,True,90.58663558663557
45,600834.SH,申通地铁,0.07167235494880546,31.43297380585515,1.290970686796982,0.4159461804485404,0.7228436252559838,0.8047740293640607,477381905.0,6.69,6.85,6.67,6.72,1598001.0,10831151.0,6.7,0.29850746268655914,10.0,7.37,False,False,True,90.49533799533799
46,601668.SH,中国建筑,0.07831325301204813,17.866004962779147,0.9618988452163307,0.49926377626945495,0.9410248963040678,0.8719580132951111,41320390444.0,4.16,4.22,4.15,4.18,179882969.0,798035038.0,4.16,0.48076923076922906,10.0,4.58,False,False,True,90.49145299145299
47,600373.SH,中文传媒,0.038167938931297746,30.122324159021407,1.534259501914745,0.7010364104824508,0.9010387466757086,1.1044337928069516,1347358719.0,6.79,6.88,6.65,6.72,10431902.0,70458735.0,6.74,-0.29673590504452063,10.0,7.41,False,False,True,90.46425796425797
48,600020.SH,中原高速,0.07086614173228335,13.920454545454541,1.2876565180102106,0.5958546137904905,0.9736151892786985,0.9157233249213211,2247371832.0,3.61,3.69,3.58,3.6,12262514.0,45878151.0,3.61,-0.27700831024930483,10.0,3.97,False,False,True,90.34965034965036
49,600548.SH,深高速,0.12142857142857143,20.671834625322983,1.2316765208567126,0.13694304235238047,0.5229664106170917,1.4157586946448424,1714425983.0000002,8.01,8.26,8.01,8.22,3323900.0,27984397.0,8.08,1.7326732673267342,10.0,8.89,False,False,True,90.34770784770785
50,600015.SH,华夏银行,0.06451612903225795,18.677685950413213,1.2700509009747452,0.4542245688840135,1.034499533681836,1.1071668440642055,15387223983.0,6.19,6.32,6.17,6.31,77382716.0,507565273.0,6.17,2.269043760129663,10.0,6.79,False,False,True,90.34576534576536
51,600612.SH,老凤祥,0.04022526146419952,34.22354104846688,1.3977073089845207,0.382161352211217,0.9207342729068531,1.5414106351054273,317109630.0,31.38,32.29,31.38,32.1,1867990.0,62008397.0,31.33,2.457708266836911,10.0,34.46,False,False,True,90.20979020979021
52,600814.SH,杭州解百,0.054687500000000056,31.756756756756754,1.571700821511377,0.7468515972219836,0.638384363592874,1.008170526259706,735078598.0,6.16,6.35,6.15,6.26,5534802.0,35180994.0,6.2,0.9677419354838568,10.0,6.82,False,False,True,90.14568764568764
53,002061.SZ,浙江交科,0.08108108108108134,18.404907975460127,1.3699362767340388,0.66929494968312,0.8429886340521949,0.9944654943294192,2599137900.0,3.35,3.42,3.34,3.4,17299621.0,58598173.0,3.35,1.4925373134328401,10.0,3.69,False,False,True,90.01165501165502
54,603167.SH,渤海轮渡,0.11926605504587148,11.360799001248445,0.7294788827202647,0.7390125596334595,0.6361419273171067,1.3661470221487122,469144503.0,8.31,8.5,8.31,8.47,4736482.0,42311470.0,8.27,2.41837968561065,10.0,9.1,False,False,True,89.96697746697747
55,600036.SH,招商银行,0.06218144750254839,13.803145020384378,1.1061129984162412,0.45000953839158203,1.1752706503068628,1.0175502690996796,20628944429.0,35.31,35.82,35.16,35.62,94461448.0,3442082753.0,34.95,1.917024320457772,10.0,38.45,False,False,True,89.96114996114997
56,600210.SH,紫江企业,0.08372093023255803,21.291448516579404,1.0665442738259567,0.943766925084404,0.7415536179508924,0.9992334182046564,1516736158.0,5.9,5.95,5.88,5.92,14303481.0,89509319.0,5.91,0.16920473773265332,10.0,6.5,False,False,True,89.94755244755244
57,300770.SZ,新媒股份,0.050359712230215854,30.4642166344294,1.468867671032638,0.8818506080034479,0.8086262221279565,1.0428987515404171,227838591.0,32.15,32.88,31.98,32.3,2095388.0,67969729.0,32.0,0.9374999999999911,20.0,38.4,False,False,True,89.8853923853924
58,601158.SH,重庆水务,0.1326530612244897,17.06036745406825,0.9404071952176979,0.1422218205260375,0.7086336140730835,0.8627608757887122,4800030119.0,3.92,4.0,3.92,3.95,5889801.0,23327518.0,3.94,0.2538071065989911,10.0,4.33,False,False,True,89.87567987567988
59,603511.SH,爱慕股份,0.049630411826821604,27.802294792586068,1.5642578275943955,0.3976419887572811,0.9736864969596529,1.1898081983379105,401887312.0,11.78,12.09,11.56,11.99,1901400.0,22820858.0,11.8,1.610169491525415,10.0,12.98,False,False,True,89.85431235431234
60,605259.SH,绿田机械,0.0495999999999998,25.492468134414814,1.5810631565188693,0.944130884740254,0.8598580189286974,0.8477356154317182,172480000.0,18.02,18.3,17.92,17.97,1380484.0,25017559.0,17.88,0.5033557046979942,10.0,19.67,False,False,True,89.74553224553225
61,600064.SH,南京高科,0.0739130434782612,23.781388478582,1.2373521019164742,0.8282303159205603,0.8447249932267027,0.7458765396262246,1730339644.0,6.97,7.02,6.92,6.97,10689304.0,77771914.0,6.94,0.4322766570605152,10.0,7.63,False,False,True,89.72999222999222
62,600649.SH,城投控股,0.0714285714285714,33.33333333333335,1.1754500101946592,0.732143377006938,0.5582585722272781,1.0713765383119107,2504500768.0,3.52,3.58,3.45,3.51,19645335.0,69722580.0,3.5,0.28571428571428914,10.0,3.85,False,False,True,89.6688034188034
63,600028.SH,中国石化,0.03142857142857152,31.602708803611755,1.3752222643607832,0.29950225920416645,1.1234857074493356,0.8644050308247202,94752475375.0,4.54,4.64,4.52,4.6,245305877.0,1124421409.0,4.54,1.3215859030836885,10.0,4.99,False,False,True,89.66783216783216
64,600757.SH,长江传媒,0.08968609865470858,22.237569060773478,1.1109970624296799,0.5942539856232311,0.8513892348818523,1.1185466485174445,1213497103.0,7.46,7.57,7.41,7.52,8066125.0,60432281.0,7.44,1.0752688172043001,10.0,8.18,False,False,True,89.62315462315463
65,601328.SH,交通银行,0.04046242774566489,12.560386473429963,1.2337657620264746,0.812176041638134,1.3637403885900763,0.9152848327284857,26072439569.0,6.33,6.43,6.28,6.35,193815323.0,1262412209.0,6.28,1.1146496815286566,10.0,6.91,False,False,True,89.50077700077699
66,000898.SZ,鞍钢股份,0.06956521739130421,31.868131868131865,1.266277290664099,0.4760206816141895,0.828932405626704,0.9697215721240946,7957508008.0,1.91,1.93,1.87,1.89,36732315.0,69695414.0,1.9,-0.5263157894736858,10.0,2.09,False,False,True,89.47746697746699
67,000789.SZ,万年青,0.04402515723270444,39.14209115281502,1.4630366591200956,0.47373852944021055,0.656828571177701,0.9710061194061933,797420215.0,3.85,3.97,3.84,3.88,3668157.0,14316681.0,3.87,0.2583979328165231,10.0,4.26,False,False,True,89.44638694638694
68,002332.SZ,仙琚制药,0.06997084548104963,15.45338441890165,1.2103018496576001,0.9582459568660582,0.9485948394640104,1.6555017680616917,985714191.0,8.22,8.32,8.15,8.28,15620514.0,130362927.0,8.07,2.6022304832713727,10.0,8.88,False,False,True,89.3084693084693
69,603128.SH,华贸物流,0.10734463276836183,18.105263157894736,1.04769308818587,0.7016481761418584,0.790314439265207,1.0255005637867065,1309046494.0,4.94,5.02,4.9,4.99,9419121.0,48865384.0,4.94,1.0121457489878471,10.0,5.43,False,False,True,89.24630924630925
70,600059.SH,古越龙山,0.07407407407407403,24.687933425797514,1.3435532733608795,0.8048471684224259,0.8681450072679475,1.0475397795029153,911542413.0,7.51,7.64,7.45,7.56,7685300.0,58042561.0,7.51,0.665778961384822,10.0,8.26,False,False,True,89.12781662781663
71,001914.SZ,招商积余,0.03550295857988178,33.62944162436548,1.646273572016217,0.693820379616709,0.8571574657171874,1.209035615808484,1053719483.0,8.09,8.24,7.99,8.13,8839138.0,73718956.0,8.06,0.8684863523573227,10.0,8.87,False,False,True,89.03651903651904
72,600050.SH,中国联通,0.08196721311475406,28.498727735368945,0.9481974826253883,0.501915379971549,0.8823127190352876,0.9631134294448968,30990409152.0,4.08,4.11,4.03,4.06,149808085.0,609852688.0,4.08,-0.4901960784313819,10.0,4.49,False,False,True,89.03069153069151
73,600022.SH,山东钢铁,0.09677419354838716,28.099173553719027,1.1600344892120344,0.7007274709454189,0.6776807537300303,1.1209024670193133,10698849554.0,1.28,1.3,1.26,1.27,84033809.0,107339083.0,1.27,0.0,10.0,1.4,False,False,True,89.01709401709402
74,002839.SZ,张家港行,0.08888888888888902,20.155038759689937,1.2092550711145447,0.8550079120350811,0.8242545908455873,1.0877493344014297,2442082870.0,3.96,4.06,3.95,4.02,22711678.0,90825816.0,3.95,1.7721518987341645,10.0,4.35,False,False,True,89.01709401709401
75,002116.SZ,中国海诚,0.08695652173913065,31.818181818181813,1.3515091136921136,0.582045472637587,0.5410470963749745,0.9195277476079406,552152964.0,6.87,6.95,6.8,6.86,2652000.0,18238558.0,6.86,0.0,10.0,7.55,False,False,True,88.97047397047398
76,603053.SH,成都燃气,0.11830985915492953,26.80151706700378,1.1297320539485618,0.26102400184499297,0.6982714126640183,0.8388524130024518,888890000.0,8.32,8.5,8.28,8.44,1946319.0,16938286.0,8.33,1.3205282112844996,10.0,9.16,False,False,True,88.94716394716394
77,688009.SH,中国通号,0.07643312101910833,16.5217391304348,1.2945063014647216,0.490042753651594,1.0611000367081609,1.0133041242489291,8621018000.0,4.72,4.81,4.7,4.76,42808729.0,210368451.0,4.72,0.8474576271186418,20.0,5.66,False,False,True,88.81895881895882
78,601298.SH,青岛港,0.03980099502487522,21.733505821474775,1.5024436549175106,0.33296332766142395,1.4043856975476838,0.8183914939084735,5392075000.0,7.78,7.92,7.77,7.87,14693100.0,117942015.0,7.81,0.768245838668391,10.0,8.59,False,False,True,88.76262626262626
79,000028.SZ,国药一致,0.09874326750448845,28.663101604278076,1.422754341701145,0.46407403649722495,0.6646175143224872,1.6155712498962613,525859082.0,19.27,19.92,19.2,19.75,3692860.0,72377838.0,19.25,2.5974025974025983,10.0,21.18,False,False,True,88.74708624708624
80,601998.SH,中信银行,0.053571428571428464,22.335766423357683,1.5070757222676643,0.18423004308701052,1.2034445139255152,0.9331454792668415,40762999287.0,6.89,7.06,6.87,6.96,70077071.0,487104160.0,6.88,1.1627906976744207,10.0,7.57,False,False,True,88.73154623154623
81,002884.SZ,凌霄泵业,0.11869436201780376,22.647849462365578,1.156762474647437,0.716905222861043,0.6664696151417561,1.3211735827202402,272657626.0,15.28,15.64,15.17,15.54,2586062.0,40042745.0,15.28,1.7015706806282616,10.0,16.81,False,False,True,88.6946386946387
82,000869.SZ,张  裕Ａ,0.07240437158469959,26.701570680628283,1.4908719400897412,0.23485547534890053,0.9474801603135334,1.1806558301689851,454935920.0,15.82,16.12,15.78,15.96,1261600.0,20124795.0,15.81,0.9487666034155628,10.0,17.39,False,False,True,88.68298368298369
83,601880.SH,辽港股份,0.07017543859649131,27.819548872180434,1.4498969318899613,0.5847712315497776,0.9108001349761784,1.1113401884219807,18413051214.0,1.36,1.4,1.35,1.36,119662695.0,168061224.0,1.37,-0.7299270072992692,10.0,1.51,False,False,True,88.64801864801863
84,603299.SH,苏盐井神,0.08268733850129205,32.90697674418605,1.219973428578884,0.6884240778802024,0.6367758726408554,1.0200643286091091,780506184.0000001,8.89,9.12,8.86,9.06,5481002.0,49407576.0,8.92,1.5695067264574147,10.0,9.81,False,False,True,88.63830613830615
85,601900.SH,南方传媒,0.10099337748344392,30.738522954091827,1.2217003986583597,0.5683024383817675,0.6241215243621512,0.9753991991093913,881970094.0,10.66,10.84,10.58,10.68,4888952.0,54806628.0,10.63,0.470366886171214,10.0,11.69,False,False,True,88.52369852369853
86,002287.SZ,奇正藏药,0.0603773584905659,27.98013245033113,1.7491213072678498,0.33053458583120554,0.8729541076969477,1.4723695635194451,570989795.0,19.2,19.74,19.13,19.46,2778642.0,54815404.0,19.24,1.1434511434511574,10.0,21.16,False,False,True,88.50427350427351
87,300729.SZ,乐歌股份,0.04503105590062099,36.63157894736842,1.3445791887796077,0.8074532287140015,0.8462207684673296,0.953152453434418,328084465.0,9.75,9.95,9.74,9.83,2530735.0,24994369.0,9.79,0.40858018386109585,20.0,11.75,False,False,True,88.44988344988344
88,600704.SH,物产中大,0.09036144578313274,15.044247787610644,1.4262278206602474,0.8803400059246375,0.8261131163195701,0.9375886013409418,5171179890.0,4.65,4.73,4.64,4.67,42682751.0,204972637.0,4.67,0.0,10.0,5.14,False,False,True,88.43045843045843
89,600908.SH,无锡银行,0.07971014492753647,16.869918699186993,1.3590737810886317,0.7349643333550281,0.9788880265669186,1.0640098650933512,1999312665.0,5.04,5.15,5.02,5.11,15634811.0,81524420.0,5.03,1.5904572564612307,10.0,5.53,False,False,True,88.3974358974359
90,600718.SH,东软集团,0.06049822064056937,33.90070921985815,1.4480994953375625,0.8952894150916401,0.7092582935143821,1.2102750866948757,1196438852.0,7.41,7.54,7.21,7.25,12963971.0,95144575.0,7.39,-1.8944519621109546,10.0,8.13,False,False,True,88.36441336441335
91,603408.SH,建霖家居,0.09864603481624755,25.534188034188034,1.38683860385663,0.44661390432398257,0.8406607998990664,1.0073423279257971,447573000.0,9.89,10.15,9.89,10.08,2013600.0,20263402.0,9.87,2.1276595744680993,10.0,10.86,False,False,True,88.3080808080808
92,600269.SH,赣粤高速,0.09876543209876551,19.466666666666676,1.2885008754424114,0.6131641664239645,0.9017500932141661,1.1750231310439954,2335407014.0,3.93,4.02,3.91,4.0,16826189.0,69581550.0,3.91,2.3017902813299296,10.0,4.3,False,False,True,88.27311577311576
93,603111.SH,康尼机电,0.09836065573770499,26.022304832713772,1.3696714807235137,0.6409205161950111,0.7951464314027827,0.9048028127533089,852878596.0,5.62,5.74,5.6,5.69,4945900.0,28928380.0,5.62,1.2455516014235002,10.0,6.18,False,False,True,88.19541569541569
94,601008.SH,连云港,0.06451612903225797,27.061855670103085,1.706774841496283,0.7684440952069241,0.8050947084853398,1.0829826835261083,1240638006.0,4.05,4.17,4.04,4.12,10324734.0,42887926.0,4.06,1.4778325123152802,10.0,4.47,False,False,True,88.15656565656565
95,002060.SZ,广东建工,0.06293706293706283,32.5503355704698,1.2343180286639626,1.2239272148648546,0.6495850183986387,0.8199826258979548,1562823660.0,3.07,3.11,3.04,3.07,15684400.0,48158010.0,3.07,0.0,10.0,3.38,False,False,True,88.1080031080031
96,600425.SH,青松建化,0.08839779005524845,29.93630573248407,1.286711020197938,0.8855185345440182,0.6469025649460537,1.0684415733730215,1604703707.0,3.3,3.36,3.27,3.31,15182500.0,50213490.0,3.3,0.3030303030303161,10.0,3.63,False,False,True,88.10606060606061
97,000001.SZ,平安银行,0.06177606177606183,12.576687116564433,1.2911707247041186,0.607859288163217,1.3335545076976056,0.8517793979386099,19405684991.0,9.98,10.14,9.95,10.06,100474867.0,1030886382.0,9.94,1.2072434607645954,10.0,10.93,False,False,True,88.1002331002331
98,600874.SH,创业环保,0.13245033112582796,21.626984126984116,1.20015726574044,0.6886584164601214,0.6852377552974066,0.8417304471155582,1230418085.0,5.22,5.29,5.21,5.28,7132300.0,39015832.0,5.24,0.7633587786259444,10.0,5.76,False,False,True,88.07498057498057
99,601200.SH,上海环境,0.08461538461538454,30.312499999999986,1.1082805204214208,0.6690273111386159,0.8532681889198414,0.9486528120747428,1346230251.0,6.61,6.75,6.6,6.69,8544182.0,58182564.0,6.62,1.0574018126888296,10.0,7.28,False,False,True,87.93317793317793
100,002204.SZ,大连重工,0.0704697986577181,33.13953488372092,1.2871222529069395,1.0412717742738542,0.6843770240587107,1.0295507227431058,1931370032.0,5.36,5.43,5.3,5.32,20705100.0,111060549.0,5.37,-0.9310986964618184,10.0,5.91,False,False,True,87.6981351981352
101,603357.SH,设计总院,0.06557377049180334,38.16013628620101,1.1968260658485752,0.5497806072067679,0.7626350043535722,0.864178145585145,560543253.0,6.04,6.18,6.04,6.11,2663188.0,16667799.0,6.07,0.6589785831960571,10.0,6.68,False,False,True,87.67871017871018
102,000726.SZ,鲁  泰Ａ,0.10887096774193565,29.588014981273414,1.2583376282429413,0.7480472691787683,0.5677957747884851,1.28821664707818,589288850.0,5.64,5.76,5.55,5.69,5678664.0,32344895.0,5.61,1.426024955436711,10.0,6.17,False,False,True,87.66705516705517
103,601825.SH,沪农商行,0.06986899563318748,24.195804195804204,1.3904549224292666,0.25382848136833597,1.15733681187712,1.3388205079913367,9374441403.0,7.37,7.57,7.26,7.36,31857237.0,241793321.0,7.31,0.6839945280437965,10.0,8.04,False,False,True,87.64763014763014
104,600861.SH,北京人力,0.07650273224043708,29.948805460750847,1.3437060412149409,0.5476106612143801,0.9421449969024193,0.6790243011677052,536815544.0,12.38,12.63,12.29,12.52,1996100.0,24984226.0,12.42,0.8051529790660261,10.0,13.66,False,False,True,87.6048951048951
105,600335.SH,国机汽车,0.05426356589147309,32.30769230769231,1.4639812038884283,0.775150511050906,0.9529777129420322,1.3070841439376346,1487456892.0,4.72,4.82,4.69,4.71,15070719.0,72934341.0,4.69,0.4264392324093702,10.0,5.16,False,False,True,87.53302253302253
106,603043.SH,广州酒家,0.0853858784893267,26.530612244897966,1.4975040891356024,0.55762417354813,0.8912071790380848,0.9144724306354837,562452370.0,12.9,13.07,12.72,13.03,2872853.0,37169769.0,12.77,2.036021926389986,10.0,14.05,False,False,True,87.53302253302252
107,000965.SZ,天保基建,0.050761421319796995,31.141868512110715,1.64404239638489,1.318395596655285,0.6245251902695118,1.0065998225193544,1109830895.0,2.98,3.08,2.97,2.99,14728530.0,44421700.0,2.99,0.0,10.0,3.29,False,False,True,87.49222999223
108,601997.SH,贵阳银行,0.0406976744186048,18.627450980392158,1.2886092283071742,1.1960119348304095,1.2687832903331384,1.0696044707993146,3656198076.0,5.17,5.27,5.15,5.23,46772269.0,243351689.0,5.17,1.1605415860735047,10.0,5.69,False,False,True,87.49222999222998
109,000900.SZ,现代投资,0.15151515151515146,20.29411764705882,1.1649733578377177,0.6516068580200094,0.7134115542105398,1.7628728187834009,1517752584.0,3.55,3.68,3.54,3.62,17434276.0,63111517.0,3.55,1.9718309859154903,10.0,3.91,False,False,True,87.46114996114994
110,601992.SH,金隅集团,0.06796116504854376,37.00787401574803,1.423999006324066,0.6803011096502448,0.6571642356750519,0.9688914827226518,8334158264.0,1.34,1.37,1.32,1.33,54933600.0,76585418.0,1.34,-0.7462686567164201,10.0,1.47,False,False,True,87.3989898989899
111,601766.SH,中国中车,0.0614334470989763,23.705179282868528,1.2360251532409872,0.8302505950249941,1.1714828181133325,1.045397080490436,24327798048.0,5.23,5.27,5.18,5.22,211151067.0,1128200817.0,5.2,0.38461538461538325,10.0,5.72,False,False,True,87.35431235431236
112,002282.SZ,博深股份,0.07905138339920952,25.36231884057971,1.4444178099627172,1.0154371419686619,0.8394649798300508,0.7625288487552077,483311104.0,5.74,5.85,5.71,5.72,3894500.0,22507713.0,5.72,0.0,10.0,6.29,False,False,True,87.35431235431236
113,601326.SH,秦港股份,0.09708737864077642,26.755852842809347,1.4444750700053395,0.45288573510070557,0.8834286981463247,1.1304505720598914,4757559000.0,3.09,3.17,3.08,3.15,24357034.0,79091357.0,3.09,1.9417475728155331,10.0,3.4,False,False,True,87.33294483294483
114,601163.SH,三角轮胎,0.10352422907489003,22.428330522765606,1.3233609419300811,0.5080915125,0.9297723108594956,0.8005804367771249,800000000.0,12.34,12.47,12.26,12.38,3254145.0,41966594.0,12.33,0.40551500405514584,10.0,13.56,False,False,True,87.32905982905983
115,000713.SZ,国投丰乐,0.1004016064257028,28.62669245647971,1.4564635456792925,0.8267095128525985,0.5801460628261815,1.2272325502927162,614014980.0,5.41,5.52,5.39,5.47,6229580.0,34024844.0,5.42,0.9225092250922495,10.0,5.96,False,False,True,87.32128982128982
116,603508.SH,思维列控,0.07746478873239447,30.70904645476773,1.088694966928128,0.8846217720001628,0.8737635664341914,0.9283546133718947,381274377.0,21.53,21.84,21.48,21.6,3131188.0,67669510.0,21.55,0.23201856148491462,10.0,23.71,False,False,True,87.29603729603728
117,601368.SH,绿城水务,0.10624999999999998,25.742574257425744,1.5739100870715395,0.5669413802522946,0.7324193465792708,0.9057492152197797,882973077.0,4.21,4.27,4.18,4.22,4534126.0,19188972.0,4.21,0.23752969121140222,10.0,4.63,False,False,True,87.26301476301477
118,600185.SH,珠免集团,0.04651162790697668,39.00226757369614,1.3657449761343483,1.0112095915333736,0.7222631475483681,1.205234082098048,1885005795.0,4.61,4.74,4.55,4.58,22973400.0,106178143.0,4.59,-0.2178649237472685,10.0,5.05,False,False,True,87.21056721056722
119,600897.SH,厦门空港,0.0758873929008569,23.57664233576642,1.729375142135126,0.682211668993168,0.8641609583760762,0.6613719075603463,416934000.0,14.34,14.61,14.31,14.46,1881188.0,27960182.0,14.32,0.9776536312849249,10.0,15.75,False,False,True,87.11149961149961
120,601921.SH,浙版传媒,0.0808510638297874,23.348694316436248,1.402101799814951,0.47652937408320967,1.0749527949424074,0.5362645700534168,2222222223.0,6.74,6.87,6.7,6.78,5678796.0,39025358.0,6.7,1.1940298507462588,10.0,7.37,False,False,True,87.02408702408702
121,600741.SH,华域汽车,0.03728813559322015,35.95271210013908,1.2550413571778622,0.5951482827302215,1.1560117422472302,0.9976384508685592,3152723984.0,14.6,14.83,14.56,14.64,18719072.0,291293307.0,14.6,0.273972602739736,10.0,16.06,False,False,True,87.01825951825951
122,600117.SH,西宁特钢,0.037735849056603814,33.00000000000001,1.865309129603111,0.553071591660885,0.9177996263519621,0.9986408713574023,3255114857.0,2.12,2.17,2.11,2.11,17978647.0,38467141.0,2.12,-0.4716981132075526,10.0,2.33,False,False,True,86.88034188034187
123,601860.SH,紫金银行,0.0853658536585369,12.916666666666664,1.2459694534088612,1.06419129202247,0.9871666605092422,0.9809188120572254,3551606401.0,2.46,2.53,2.45,2.48,37074572.0,92155470.0,2.47,0.4048582995951344,10.0,2.72,False,False,True,86.85897435897436
124,600271.SH,航天信息,0.0486842105263158,39.12363067292646,1.4898106585053776,0.7963898451836546,0.7762584622079289,1.2121759031065558,1852884638.0,6.73,6.82,6.57,6.6,17887092.0,119429431.0,6.76,-2.3668639053254448,10.0,7.44,False,False,True,86.81818181818183
125,002573.SZ,清新环境,0.10071942446043144,32.40418118466897,1.2821187475654732,0.58876773967355,0.7608878217633968,1.1334629141383932,1412690868.0,2.99,3.07,2.98,3.03,9429400.0,28602458.0,3.01,0.6644518272425293,10.0,3.31,False,False,True,86.81623931623932
126,600824.SH,益民集团,0.08796296296296295,29.46708463949843,1.5298601708694293,0.793206499545003,0.7544502429292043,1.0836741153345695,1054027073.0,3.4,3.46,3.38,3.39,9060178.0,31252562.0,3.38,0.2958579881656931,10.0,3.72,False,False,True,86.80264180264179
127,002304.SZ,洋河股份,0.04264870931537587,35.535184685899154,1.388483509701966,0.4608173109457319,1.1482976136725205,1.0317770641520283,1506409974.0,38.5,39.08,38.14,38.41,7162386.0,276112531.0,38.61,-0.5180005180005276,10.0,42.47,False,False,True,86.77350427350427
128,601128.SH,常熟银行,0.0645161290322581,17.013888888888907,1.0211634369454226,1.2044489490480976,1.1150691601258418,1.0342958237272848,3648179244.0,5.88,5.99,5.86,5.94,44535523.0,263591081.0,5.84,1.7123287671233056,10.0,6.42,False,False,True,86.76767676767678
129,600372.SH,中航机载,0.09662576687116553,32.46628131021194,1.252036361074007,0.7188407163804145,0.7588992810160492,1.0041705085716637,4838896630.0,11.0,11.1,10.8,10.81,34929026.0,382315430.0,11.01,-1.8165304268846438,10.0,12.11,False,False,True,86.71620046620046
130,600332.SH,白云山,0.14893617021276562,17.99053129931614,1.3351420785061652,0.559311261345913,0.8262205256682362,1.2273077645810673,1405890949.0,20.13,20.57,20.03,20.48,9650697.0,199414807.0,20.13,1.7386984600099353,10.0,22.14,False,False,True,86.69191919191918
131,600794.SH,保税科技,0.06923076923076929,34.04255319148937,1.5233936587944614,0.8583569208216594,0.7455762016942957,1.1000535829952682,1200152157.0,3.01,3.07,2.97,2.98,11332300.0,34199786.0,3.0,-0.666666666666671,10.0,3.3,False,False,True,86.68220668220668
132,600170.SH,上海建工,0.0650887573964499,31.924882629107998,1.2773506938044146,1.3675832590700894,0.7487784304489497,0.9179538838687037,8885939744.0,2.23,2.26,2.21,2.22,111552165.0,249022995.0,2.24,-0.8928571428571397,10.0,2.46,False,False,True,86.64335664335664
133,600597.SH,光明乳业,0.06493506493506498,26.16666666666667,1.6063430663307396,0.5872072406018065,1.0659489876968098,1.2408221462329643,1378455363.0,6.2,6.35,6.17,6.26,10043698.0,62935644.0,6.2,0.9677419354838568,10.0,6.82,False,False,True,86.57536907536908
134,000825.SZ,太钢不锈,0.05439330543933068,39.880952380952394,1.5573649034048125,0.5791892993694434,0.7251072529708559,1.019752096274977,5696247796.0,3.47,3.53,3.44,3.47,33643720.0,116785286.0,3.49,-0.5730659025787954,10.0,3.84,False,False,True,86.55788655788655
135,301311.SZ,昆船智能,0.05677966101694915,36.32781717888103,1.5612009385213534,0.8764881458333311,0.7811461644279956,0.8331544510572984,240000000.0,13.29,13.59,13.28,13.29,1752600.0,23511951.0,13.36,-0.5239520958083888,20.0,16.03,False,False,True,86.44327894327894
136,600928.SH,西安银行,0.05511811023622037,19.936708860759488,1.7603077001162937,0.633047076543924,1.151780286928761,1.1961937844133623,4423354066.0,3.23,3.31,3.21,3.3,33495715.0,112597840.0,3.23,2.1671826625387025,10.0,3.55,False,False,True,86.42385392385393
137,000088.SZ,盐 田 港,0.2031250000000005,15.07537688442211,0.9966453585669338,0.6299614480853725,0.7790297656202502,0.6980988240158719,3162920741.9999995,4.09,4.15,4.08,4.13,13909602.0,57355605.0,4.11,0.48661800486617945,10.0,4.52,False,False,True,86.41025641025641
138,600660.SH,福耀玻璃,0.1002070393374742,25.937834941050376,1.3401529342808505,0.649995865773083,0.937622378815958,0.979597384530209,2002986332.0,49.16,49.52,48.45,48.88,12753700.0,635997337.0,49.07,-0.3872019563888274,10.0,53.98,False,False,True,86.36946386946387
139,603689.SH,皖天然气,0.10399999999999991,23.167155425219942,1.4776394478083739,0.7821384213424111,0.8681972928686562,1.4894243898271207,523447965.0,7.03,7.26,7.02,7.13,6097834.0,43695982.0,7.08,0.7062146892655274,10.0,7.79,False,False,True,86.30341880341881
140,301102.SZ,兆讯传媒,0.06980519480519476,34.08820023837902,1.7650716728437543,0.5626574261083694,0.6973887180567416,0.8419331706246285,406000000.0,8.88,9.12,8.82,8.94,1923303.0,17293513.0,8.82,1.3605442176870763,20.0,10.58,False,False,True,86.2995337995338
141,600221.SH,海航控股,0.06779661016949122,22.22222222222221,1.409499502274138,0.9874202303591632,1.0802522772755576,0.6485344922202015,42845514933.0,1.38,1.4,1.36,1.37,274372428.0,378162962.0,1.38,-0.7246376811594013,10.0,1.52,False,False,True,86.28399378399378
142,601065.SH,江盐集团,0.12087912087912092,31.924882629107977,1.2437778366474999,0.54813624294814,0.7199494564551064,0.9900596705296911,642776079.0,6.69,6.84,6.69,6.78,3488266.0,24093967.0,6.72,0.8928571428571397,10.0,7.39,False,False,True,86.26651126651127
143,600655.SH,豫园股份,0.09205020920502116,29.601990049751258,1.2642839703628426,0.36134067810241804,0.9950154638516606,1.13833941837077,3889846273.0,4.24,4.33,4.17,4.29,16000040.0,68096301.0,4.24,1.1792452830188704,10.0,4.66,False,False,True,86.25485625485626
144,600398.SH,海澜之家,0.143617021276596,25.933202357563868,1.1606679554870931,0.5408254132335399,0.8357376847742559,1.1164910116833626,4802770296.0,5.38,5.49,5.34,5.46,29000410.0,157312217.0,5.36,1.8656716417910335,10.0,5.9,False,False,True,86.13247863247864
145,601916.SH,浙商银行,0.074766355140187,14.230769230769225,1.157741787781213,0.753496541653691,1.3522277129806641,0.8715744971783774,21544435963.0,2.68,2.75,2.67,2.71,141488423.0,382546191.0,2.68,1.1194029850746245,10.0,2.95,False,False,True,86.10528360528362
146,603209.SH,兴通股份,0.10714285714285705,27.265306122448973,1.5616504472723292,0.9141631468520107,0.6072352742035243,1.0325769574703303,321491597.0,12.9,13.28,12.87,13.09,3034700.0,39890034.0,12.85,1.8677042801556354,10.0,14.14,False,False,True,86.0955710955711
147,002152.SZ,广电运通,0.06204379562043794,33.26039387308533,1.6833472379245653,0.8198034344522755,0.8260708658828133,1.1316752765823797,2482126213.0,9.41,9.49,9.31,9.36,23028021.0,216698826.0,9.48,-1.2658227848101333,10.0,10.43,False,False,True,86.08974358974359
148,600761.SH,安徽合力,0.0442477876106192,30.759493670886062,1.804253492326918,1.3550597724011315,0.747378487176811,1.1679714367036698,890692761.0,16.02,16.43,15.91,16.22,14096737.0,228868174.0,16.15,0.43343653250773606,10.0,17.77,False,False,True,86.05672105672105
149,600662.SH,外服控股,0.0659722222222222,34.48275862068966,1.3487975203861675,0.6302001033255323,0.9847995705859917,1.0882300414908397,2276471112.0,3.95,4.06,3.93,3.97,15612100.0,64574090.0,3.96,0.2525252525252597,10.0,4.36,False,False,True,86.03632478632478
150,002026.SZ,山东威达,0.05701754385964919,29.75047984644914,1.533277563436733,1.4774135562744646,0.8066279687694149,1.6821700916643556,440493914.0,10.82,11.46,10.74,11.06,10947423.0,122657111.0,10.81,2.3126734505087843,10.0,11.89,False,False,True,85.98873348873349
151,601033.SH,永兴股份,0.09846153846153854,16.403310759969926,1.2721847402120325,1.5358720208333307,0.7688685839365997,0.6638215855034688,240000000.0,13.61,13.81,13.55,13.8,2446908.0,33592821.0,13.61,1.3960323291697385,10.0,14.97,False,False,True,85.84498834498835
152,002507.SZ,涪陵榨菜,0.16491228070175454,18.096135721017916,1.2282993571783052,0.8001727286811995,0.8025400453728118,1.1330801058699993,1153718438.0,11.1,11.22,10.95,11.14,10436645.0,115680161.0,11.08,0.5415162454873723,10.0,12.19,False,False,True,85.84498834498834
153,002275.SZ,桂林三金,0.13168724279835403,21.158690176322416,1.6033227498221074,0.3295489963606425,0.8372527207267113,1.3684853708685383,564751305.0,12.64,12.94,12.5,12.87,2515700.0,32194075.0,12.55,2.549800796812729,10.0,13.81,False,False,True,85.83916083916084
154,600125.SH,铁龙物流,0.08212560386473468,36.65338645418328,1.3870979413023106,0.840702769412191,0.6057246621780569,1.0231311644727183,1305521874.0,5.19,5.28,5.17,5.23,11229436.0,58768515.0,5.19,0.7707129094412402,10.0,5.71,False,False,True,85.82556332556334
155,688526.SH,科前生物,0.13682864450127882,25.321888412017167,1.7059325887361791,0.2733259634558395,0.6469086167554059,1.8434181102924614,466128056.0,12.72,13.06,12.65,12.81,2348605.0,30137055.0,12.72,0.7075471698113178,20.0,15.26,False,False,True,85.81390831390831
156,002867.SZ,周大生,0.13134328358208994,26.045627376425863,1.1356224613917183,0.607815484285355,0.8899890965703554,0.6910315644623847,1079141804.0,10.92,11.18,10.9,11.12,4532443.0,52902046.0,10.96,1.4598540145985162,10.0,12.06,False,False,True,85.78477078477077
157,600305.SH,恒顺醋业,0.0982905982905981,20.512820512820507,1.3010267752496456,0.712935977189101,1.0614584754906309,1.1375270075870465,1102959908.0,6.44,6.59,6.4,6.51,8944900.0,58194625.0,6.47,0.6182380216383399,10.0,7.12,False,False,True,85.76146076146077
158,601366.SH,利群股份,0.06521739130434782,32.45901639344264,1.698139978786805,0.9811211609520729,0.7589065661553022,1.086334280427498,959741113.0,3.26,3.32,3.23,3.28,10229166.0,34586270.0,3.26,0.6134969325153339,10.0,3.59,False,False,True,85.74203574203575
159,601390.SH,中国中铁,0.052173913043478314,31.851851851851865,1.8560095870830686,0.706628912310836,0.8973271179496729,0.7852409364789648,20323920329.0,4.16,4.22,4.14,4.18,113278271.0,482852680.0,4.17,0.23980815347721673,10.0,4.59,False,False,True,85.73620823620823
160,600569.SH,安阳钢铁,0.07317073170731696,38.888888888888886,1.5346777970421013,0.5908628372814885,0.6164736870857653,1.27662090491552,2872421386.0,1.72,1.77,1.68,1.69,21666900.0,37205904.0,1.71,-1.1695906432748537,10.0,1.88,False,False,True,85.68376068376068
161,601598.SH,中国外运,0.14982578397212534,29.303278688524582,1.3093633437731225,0.26509997146319453,0.7916039776552964,1.079645398794266,5157470227.0,5.08,5.22,5.08,5.18,14761400.0,76199710.0,5.1,1.5686274509803866,10.0,5.61,False,False,True,85.66045066045066
162,600004.SH,白云机场,0.07371794871794887,26.73410404624277,1.5064320851120332,0.5411192870731671,1.1383792731770181,0.8506909834112649,2366718283.0,7.19,7.28,7.11,7.14,10894603.0,80957663.0,7.15,-0.13986013986014845,10.0,7.87,False,False,True,85.65462315462315
163,601229.SH,上海银行,0.14979757085020218,13.12427409988386,1.0878553824569581,0.3434376069031921,1.0237456847094761,0.9200587424003692,14209038737.000002,8.8,8.96,8.72,8.86,44898097.0,397257149.0,8.75,1.2571428571428456,10.0,9.63,False,False,True,85.57303807303806
164,601139.SH,深圳燃气,0.12173913043478234,30.05464480874316,1.1533795202271586,0.667454784684796,0.8319701790082336,1.0114405029417974,2876744454.9999995,5.81,5.87,5.75,5.82,19420634.0,112816814.0,5.77,0.8665511265164794,10.0,6.35,False,False,True,85.57109557109557
165,600039.SH,四川路桥,0.1272084805653711,33.789329685362524,1.0628511249025134,0.20443262310446,0.7904805598234395,1.0268954301252717,8695590645.0,7.72,7.9,7.64,7.88,18254734.0,149003275.0,7.67,2.7379400260756137,10.0,8.44,False,False,True,85.54292929292929
166,000421.SZ,南京公用,0.07142857142857129,36.55030800821355,1.4183508755990606,1.070324382161159,0.6562475627789442,1.2311292980635955,574208022.0,5.1,5.22,5.07,5.14,7567400.0,39083810.0,5.1,0.7843137254901933,10.0,5.61,False,False,True,85.50893550893551
167,601018.SH,宁波港,0.09649122807017532,29.41176470588236,1.2612733788109103,0.29957275322515353,1.0516757450619507,1.0790615363428426,19454388399.0,3.17,3.23,3.16,3.21,62887757.0,202945856.0,3.17,1.2618296529968376,10.0,3.49,False,False,True,85.47105672105673
168,600261.SH,阳光照明,0.0490196078431375,33.442622950819676,1.7594826059166722,1.1097026168473336,0.8196329777414015,0.77855702759621,1335052966.0,3.09,3.13,3.06,3.07,11534414.0,35654705.0,3.1,-0.967741935483879,10.0,3.41,False,False,True,85.46425796425795
169,601816.SH,京沪高铁,0.09016393442622972,18.39080459770117,1.1247316501838844,0.425991135399124,1.3533452744960361,0.8613711315128512,48925679370.0,4.46,4.51,4.43,4.49,179526159.0,818509682.0,4.46,0.672645739910327,10.0,4.91,False,False,True,85.45454545454545
170,601005.SH,重庆钢铁,0.10447761194029828,28.57142857142856,1.2280750800917954,0.997171343513693,0.8327920618326186,1.2146156899876872,8313636567.000001,1.18,1.21,1.17,1.17,100693100.0,119331213.0,1.19,-1.6806722689075682,10.0,1.31,False,False,True,85.44968919968919
171,000778.SZ,新兴铸管,0.06060606060606066,35.11235955056178,1.3906848821985252,1.2656202960138985,0.80518968766458,0.919010265117229,3893451290.0,3.65,3.7,3.64,3.67,45286160.0,169342470.0,3.66,0.2732240437158362,10.0,4.03,False,False,True,85.42152292152292
172,688459.SH,哈铁科技,0.1740331491712707,22.04928664072634,1.456096463010777,0.293415822916663,0.8306476788066571,1.0338988833360392,480000000.0,8.39,8.47,8.3,8.33,1456139.0,12203798.0,8.34,-0.11990407673860837,20.0,10.01,False,False,True,85.40986790986791
173,601727.SH,上海电气,0.03890160183066361,36.310395314787705,1.7078887990526415,1.024710217079313,0.8808322625323237,0.8437835015572145,12615639635.999998,6.95,7.0,6.84,6.87,109079056.0,756734165.0,7.0,-1.8571428571428572,10.0,7.7,False,False,True,85.38073038073038
174,601658.SH,邮储银行,0.11333333333333329,10.706638115631684,1.1392327701071525,0.240183146733926,1.2373105206261577,0.7112183603972062,72527800605.0,4.86,4.91,4.82,4.87,123893921.0,613557906.0,4.84,0.6198347107438051,10.0,5.32,False,False,True,85.34382284382284
175,600894.SH,广日股份,0.11912225705329149,32.33695652173913,1.3800805037058783,0.590335918064426,0.7605942231547369,0.8704009103576387,843144445.0,7.59,7.93,7.59,7.93,4332320.0,33995945.0,7.74,2.454780361757103,10.0,8.51,False,False,True,85.30303030303031
176,001965.SZ,招商公路,0.14478114478114465,18.899521531100483,1.5423786697125936,0.18783781926561396,0.9009464422582378,0.6776018340836251,6795094992.0,8.83,9.02,8.79,8.92,8648746.0,79696631.0,8.79,1.4789533560864765,10.0,9.67,False,False,True,85.27000777000777
177,600848.SH,上海临港,0.043219076005961254,39.662447257383945,1.7616067133095956,0.4489811582163979,0.8653009507291896,0.8245605394730169,2393912273.0,7.39,7.54,7.32,7.4,8862554.0,67626267.0,7.4,0.0,10.0,8.14,False,False,True,85.24669774669775
178,600519.SH,贵州茅台,0.11031149866050323,25.389874979365956,1.195979731928189,0.351560925821508,1.080219620317958,1.1575081446567816,1250081601.0,1193.01,1215.52,1190.51,1203.0,5087015.0,6122360932.0,1193.01,0.8373777252495884,10.0,1312.31,False,False,True,85.24087024087025
179,600018.SH,上港集团,0.14406779661016936,11.97339246119733,1.208399178183177,0.23585489411669552,1.0743836207009732,0.7837219696614132,23246718350.0,4.67,4.74,4.65,4.7,42970318.0,207470259.0,4.68,0.42735042735044804,10.0,5.15,False,False,True,85.21173271173271
180,001872.SZ,招商港口,0.09129511677282445,25.473228772309355,1.6768182748381282,0.12159558953786802,1.0008610349761269,0.8039623049583542,2302252855.0,18.88,19.26,18.79,19.07,2250418.0,44424841.0,18.92,0.7928118393234707,10.0,20.81,False,False,True,85.1942501942502
181,601952.SH,苏垦农发,0.08791208791208797,38.911564625850346,1.3638154709121642,0.6223544339622595,0.6017235051911891,0.9741414459377605,1378000000.0,7.66,7.83,7.62,7.78,8354280.0,64632658.0,7.67,1.4341590612777066,10.0,8.44,False,False,True,85.1845376845377
182,000709.SZ,河钢股份,0.07594936708860765,29.78723404255319,1.5035493790117638,0.951032744653905,0.9376013987430468,0.8395022419678899,10335412398.0,1.93,1.97,1.92,1.94,82517325.0,163491850.0,1.94,0.0,10.0,2.13,False,False,True,85.17482517482517
183,600526.SH,菲达环保,0.07246376811594199,37.783375314861445,1.1390368131322155,0.9386609827727136,0.8058144155489001,0.9821738946537987,873007140.0000001,4.14,4.21,4.1,4.13,8048500.0,33986590.0,4.12,0.24271844660193054,10.0,4.53,False,False,True,85.16899766899768
184,601827.SH,三峰环境,0.16585365853658537,18.24611032531824,1.2705666064225714,0.41071664461733665,0.9543204666740785,0.4626911905704989,1671933299.9999998,7.39,7.52,7.36,7.49,3177258.0,23716388.0,7.41,1.0796221322537214,10.0,8.15,False,False,True,85.14180264180264
185,300915.SZ,海融科技,0.06616541353383451,31.73527879103699,1.4357448708320153,1.5589523314474762,0.7516101828760211,0.8243066855625323,57600188.0,20.19,20.4,19.91,19.94,739450.0,14887661.0,20.07,-0.64773293472844,20.0,24.08,False,False,True,85.07575757575758
186,002401.SZ,中远海科,0.034953111679454404,38.604240282685495,1.5009389831569135,1.0493219224969754,0.9395754069706741,0.7832122679994556,371398485.0,11.71,11.97,11.66,11.69,3051936.0,35986388.0,11.73,-0.34100596760444635,10.0,12.9,False,False,True,85.04467754467754
187,601216.SH,君正集团,0.06976744186046527,30.29556650246308,1.8528451405962127,0.84170742980656,0.7925973597935766,1.4566996494915305,8438017389.999999,4.2,4.43,4.17,4.36,103459790.0,489418432.0,4.21,3.5629453681710332,10.0,4.63,False,False,True,85.04079254079254
188,002807.SZ,江阴银行,0.12745098039215674,16.712328767123275,1.1064100360884705,1.101211404831293,0.8920979566013211,0.7004884606096321,2703506366.0000005,3.79,3.85,3.75,3.83,20854628.0,79294465.0,3.78,1.3227513227513255,10.0,4.16,False,False,True,85.02719502719503
189,000581.SZ,威孚高科,0.10333692142088256,30.759412890874273,1.399931812884571,1.086315635596233,0.7040718150870658,0.9271963087660962,793891049.0,16.64,16.84,16.52,16.7,7996422.0,139133672.0,16.63,0.42092603728203226,10.0,18.29,False,False,True,84.95143745143746
190,600511.SH,国药股份,0.19498069498069528,14.137793707686175,1.056543114531825,0.7541382701697871,0.8818504777432981,1.0441543196357084,553346424.0,26.1,26.71,25.96,26.51,4357253.0,114792884.0,26.12,1.4931087289433487,10.0,28.73,False,False,True,84.93006993006993
191,000652.SZ,泰达股份,0.08695652173913052,35.34743202416919,1.3742511783417495,0.8737253719591855,0.7933332683682475,0.7990983528372109,1458222470.0,3.43,3.49,3.42,3.43,10181200.0,35189183.0,3.45,-0.5797101449275366,10.0,3.8,False,False,True,84.78632478632478
192,603235.SH,天新药业,0.19853836784409243,29.140958709065035,1.4581979961570712,0.09001596692402201,0.672112914834612,1.638287327769374,437780000.0,22.64,23.0,22.46,22.64,645603.0,14652246.0,22.7,-0.2643171806167355,10.0,24.97,False,False,True,84.7066822066822
193,601607.SH,上海医药,0.14027149321266985,15.742642026009591,1.2500465202964535,0.37707943497018104,1.0867169291501706,1.4149620653727955,2789207505.0,15.19,15.57,15.16,15.5,14881903.0,235797415.0,15.23,1.7728168089297336,10.0,16.75,False,False,True,84.70668220668219
194,000409.SZ,云鼎科技,0.052547770700636945,38.641975308641996,1.6884825488138087,1.0083932652178245,0.6999007460677359,0.9878569084620845,590473934.0,8.43,8.54,8.35,8.35,5882081.0,49686896.0,8.43,-0.9489916963226541,10.0,9.27,False,False,True,84.69114219114219
195,600017.SH,日照港,0.11764705882352905,26.72064777327934,1.5304517580782675,0.924612166568979,0.7790060992199385,0.9660704881095692,3075653888.0,2.56,2.6,2.53,2.58,27472987.0,70629254.0,2.57,0.3891050583657574,10.0,2.83,False,False,True,84.68337218337219
196,000828.SZ,东莞控股,0.1944444444444447,14.754098360655732,1.233721406998694,0.542498414494407,0.9500267730592186,0.7105266779057606,1039516992.0,9.7,9.8,9.6,9.71,4006918.0,38921299.0,9.71,0.0,10.0,10.68,False,False,True,84.57264957264958
197,002561.SZ,徐家汇,0.056603773584905696,36.3036303630363,1.582987258371036,1.0127523851987754,0.8922470581970461,1.009638080354869,414439567.0,6.3,6.46,6.28,6.32,4237700.0,26966799.0,6.3,0.31746031746031633,10.0,6.93,False,False,True,84.3997668997669
198,600037.SH,歌华有线,0.08011049723756905,34.918032786885256,1.3489730528725759,1.0516437118496373,0.8327804343935422,1.0302218462136208,1391777884.0,6.42,6.53,6.28,6.32,15078888.0,96049391.0,6.39,-1.0954616588419341,10.0,7.03,False,False,True,84.3881118881119
199,601669.SH,中国电建,0.041533546325878565,32.67108167770418,1.9134983542205006,1.3283970279567574,0.7783966829843059,0.6137819983372444,13071525850.0,4.64,4.71,4.62,4.63,106578187.0,507350490.0,4.66,-0.6437768240343367,10.0,5.13,False,False,True,84.36480186480188
200,605337.SH,李子园,0.05954198473282451,35.49190535491908,1.7284610186627596,0.8376894390642526,0.8775331151214197,1.0417668727696714,390102653.0,8.4,8.62,8.38,8.48,3404336.0,28943276.0,8.42,0.7125890736342066,10.0,9.26,False,False,True,84.31235431235432
201,603855.SH,华荣股份,0.172672672672673,25.76847612818838,1.3183294806772516,0.6615560340652494,0.8483119637704699,1.1673012392692732,335532500.0,16.45,16.61,16.32,16.56,2591100.0,45289373.0,16.44,0.7299270072992581,10.0,18.08,False,False,True,84.28515928515928
202,600738.SH,丽尚国潮,0.06086956521739135,35.977337110481585,1.6112758548752173,1.149954486737829,0.8036266215272675,1.1924344716496749,760666196.0,3.69,3.8,3.66,3.7,10430600.0,39041282.0,3.67,0.8174386920980936,10.0,4.04,False,False,True,84.26573426573427
203,600054.SH,黄山旅游,0.09330143540669829,27.767175572519086,1.46189171325616,1.3695389343463824,0.7856068861821912,0.90049545698625,513300000.0,10.85,11.04,10.79,10.97,6330342.0,69153599.0,10.87,0.9199632014719628,10.0,11.96,False,False,True,84.1996891996892
204,600019.SH,宝钢股份,0.1076233183856503,19.691119691119695,1.5406065587712905,0.5421147895271535,1.094813209532066,0.7615686326771064,21414095749.0,5.42,5.51,5.38,5.49,88571229.0,493202102.0,5.42,1.291512915129167,10.0,5.96,False,False,True,84.16278166278167
205,600073.SH,光明肉业,0.09883720930232553,32.37885462555066,1.5767576844702507,0.7918035448074252,0.8118772627737286,1.361112290314451,937729472.0,4.94,5.01,4.84,4.92,10106225.0,49798495.0,4.88,0.8196721311475308,10.0,5.37,False,False,True,84.15112665112665
206,002481.SZ,双塔食品,0.08532423208191127,28.37837837837838,1.32403107891088,0.9899627011440579,1.0352335673600355,1.6923806607085086,1118152600.0,3.94,4.11,3.92,4.05,18730760.0,75814391.0,3.95,2.5316455696202445,10.0,4.35,False,False,True,84.11033411033412
207,601009.SH,南京银行,0.125,18.984771573604075,1.450632684865171,0.44749627193861996,1.089115260354225,1.1187029941030522,12363567245.0,10.14,10.4,10.14,10.34,61893924.0,636678767.0,10.1,2.3762376237623783,10.0,11.11,False,False,True,84.1006216006216
208,600728.SH,佳都科技,0.03890160183066361,38.942307692307686,1.484189013074103,1.4111692360752393,0.842977301342984,1.2748930873267708,2132599261.0,4.35,4.39,4.22,4.23,38367378.0,165092074.0,4.33,-2.3094688221708903,10.0,4.76,False,False,True,84.03846153846153
209,000563.SZ,陕国投Ａ,0.11403508771929814,24.90842490842491,1.626158493667435,0.8578563606918684,0.8603507122117247,0.9554803544612647,5113970358.0,2.86,2.9,2.83,2.84,41917420.0,119851926.0,2.86,-0.6993006993006978,10.0,3.15,False,False,True,83.94910644910645
210,000719.SZ,中原传媒,0.1394658753709196,32.46628131021194,1.2819533845051208,0.8337544008612159,0.7142703324698328,1.1612252830267376,667147543.0,10.85,11.41,10.83,11.3,6459167.0,72026130.0,10.85,4.147465437788034,10.0,11.94,False,False,True,83.93842268842269
211,600998.SH,九州通,0.24137931034482718,18.46846846846846,1.2275563290768852,0.6158491485108034,0.8846042854867844,1.516077987995753,5042470234.0,4.7,4.86,4.69,4.85,47080301.0,226555155.0,4.72,2.754237288135597,10.0,5.19,False,False,True,83.88500388500388
212,600717.SH,天津港,0.0639534883720932,22.27979274611398,1.485521495467857,0.9990874923798101,1.3856084512063978,0.7683298225059635,2894001038.0,3.97,4.06,3.96,4.0,22215183.0,89229464.0,3.97,0.7556675062972307,10.0,4.37,False,False,True,83.88111888111888
213,002732.SZ,燕塘乳业,0.06692406692406686,35.57929334428924,1.526841507638768,1.0433454301901928,0.8864956447932961,1.188100973528004,157062585.0,12.69,12.95,12.65,12.77,1941400.0,24866404.0,12.69,0.6304176516942483,10.0,13.96,False,False,True,83.83449883449883
214,600131.SH,国网信通,0.030150753768844296,35.14285714285717,2.2460947632479065,0.9334520559038033,0.6671453595865411,0.8108561189419394,1195905149.0,14.29,14.41,14.12,14.2,9051750.0,130507442.0,14.3,-0.6993006993007089,10.0,15.73,False,False,True,83.83061383061384
215,688569.SH,铁科轨道,0.10212335692618822,37.516087516087524,1.5842585428720934,0.3652097602516155,0.690080912650932,1.2113073287310283,210666700.0,16.73,16.93,16.49,16.84,931950.0,15761472.0,16.55,1.7522658610271913,20.0,19.86,False,False,True,83.81701631701631
216,000650.SZ,仁和药业,0.15165876777251197,23.305084745762716,1.3066611991811776,0.99808757616689,0.8550137713076288,1.2676461658286147,1331385834.0,5.02,5.14,5.01,5.1,16844985.0,88005581.0,5.04,1.1904761904761862,10.0,5.54,False,False,True,83.78982128982129
217,003816.SZ,中国广核,0.22388059701492527,27.440633245382596,1.5179670755174433,0.2874599540933345,0.7467751764013577,0.9618368868836285,39335180705.0,3.78,3.81,3.73,3.77,108757649.0,418141570.0,3.79,-0.527704485488123,10.0,4.17,False,False,True,83.6946386946387
218,002032.SZ,苏 泊 尔,0.1515650741350903,23.582707740098364,1.3352540306580252,0.23605730654713405,1.049511142524831,0.8599041910380343,799557283.0,40.82,41.85,40.59,41.64,1622859.0,67165443.0,40.47,2.891030392883631,10.0,44.52,False,False,True,83.65967365967367
219,002697.SZ,红旗连锁,0.07228915662650608,35.30864197530865,1.5124361216400217,1.3964907398297126,0.6957794002828028,0.9112251447691426,1148092375.0,4.25,4.36,4.25,4.34,14577643.0,63012575.0,4.29,1.1655011655011593,10.0,4.72,False,False,True,83.62276612276612
220,600521.SH,华海药业,0.07829181494661919,27.82228696285507,1.802289713633078,1.1292325916972938,0.8304037711987682,1.3892043208277005,1497252196.0,14.8,15.19,14.72,14.91,23487916.0,351836713.0,14.83,0.539447066756571,10.0,16.31,False,False,True,83.60916860916859
221,600905.SH,三峡能源,0.1089108910891092,21.32963988919667,1.1506283541355289,0.6770837509852674,1.2492142981475485,0.5738350678153298,28587650142.0,3.72,3.77,3.7,3.72,111072855.0,418619434.0,3.72,0.0,10.0,4.09,False,False,True,83.5955710955711
222,600795.SH,国电电力,0.1464968152866239,17.078651685393243,1.2732021309299353,1.0417454678515377,0.9336916252352665,0.8087730778086476,17835619082.0,4.51,4.59,4.48,4.56,150271456.0,702825080.0,4.52,0.8849557522123908,10.0,4.97,False,False,True,83.57614607614607
223,688100.SH,威胜信息,0.05477308294209707,38.519276697372916,1.428632826196729,0.8011412282259625,1.0429521630091387,1.1376183294393951,491685175.0,30.84,31.56,30.11,30.16,4481184.0,137947365.0,30.36,-0.6587615283267456,20.0,36.43,False,False,True,83.57420357420357
224,603368.SH,柳药集团,0.11652173913043477,16.108786610878646,1.6147729284931267,0.9142295164245698,0.9554902776189939,1.1858341664891765,397211355.0,14.94,15.45,14.94,15.33,4306266.0,65557156.0,15.01,2.131912058627594,10.0,16.51,False,False,True,83.56643356643356
225,002966.SZ,苏州银行,0.060747663551401807,26.011560693641634,1.3181037332443108,1.06115874337274,1.5110851792474271,0.9791099600566034,4395762518.0,7.06,7.24,7.02,7.15,45668936.0,325416984.0,7.05,1.4184397163120588,10.0,7.76,False,False,True,83.54506604506606
226,002758.SZ,浙农股份,0.10619469026548684,31.506849315068486,1.5623766671729977,1.1466808797548442,0.6492333548662885,0.8346070554318747,518247801.00000006,7.63,7.78,7.57,7.59,4959400.0,39484305.0,7.66,-0.9138381201044377,10.0,8.43,False,False,True,83.52952602952602
227,301058.SZ,中粮科工,0.0817610062893081,34.35013262599471,1.6116617117697225,1.0293262937706296,0.7901657363353688,0.8804978822669979,512274245.0,7.94,8.14,7.89,8.0,4642842.0,37212038.0,7.93,0.8827238335435084,20.0,9.52,False,False,True,83.52952602952602
228,002003.SZ,伟星股份,0.14161849710982663,22.26368159203982,1.1175265871995776,0.7840403337538031,1.0329469150050858,1.4362993801540134,1035340341.0,8.6,8.97,8.55,8.91,11527081.0,101510414.0,8.53,4.454865181711609,10.0,9.38,False,False,True,83.48484848484848
229,002228.SZ,合兴包装,0.039660056657223705,39.17525773195876,1.3590784735637151,1.6210696214335418,0.8494002199546985,0.9738885820331633,1209321709.0,3.04,3.1,3.01,3.02,19092060.0,58409737.0,3.05,-0.983606557377048,10.0,3.36,False,False,True,83.48193473193473
230,603970.SH,中农立华,0.0878243512974051,37.61854583772393,1.3172427866040892,0.8029008646253074,0.8519313733346334,1.1176172572811418,268800134.0,9.9,10.26,9.83,10.12,2412040.0,24406606.0,9.93,1.9133937562940462,10.0,10.92,False,False,True,83.48096348096348
231,603323.SH,苏农银行,0.090909090909091,17.58530183727036,1.215889099816891,1.296540597927529,1.104994791322792,0.9707640805152383,2220395581.0,3.93,4.04,3.92,4.0,26474454.0,105371787.0,3.93,1.781170483460559,10.0,4.32,False,False,True,83.45571095571096
232,002010.SZ,传化智联,0.07986111111111124,38.62068965517243,1.4107817574454924,0.7839196995276071,0.8410397719623579,1.10306255950569,2757765331.0,4.57,4.68,4.52,4.65,23843337.0,110461173.0,4.58,1.5283842794759916,10.0,5.04,False,False,True,83.45376845376845
233,300847.SZ,中船汉光,0.07073643410852717,31.599999999999984,1.9098525733078335,1.0435355224485607,0.7351319930746028,0.7000554715739343,296010000.0,13.2,13.4,13.07,13.08,2162450.0,28591118.0,13.23,-1.13378684807256,20.0,15.88,False,False,True,83.43628593628596
234,600887.SH,伊利股份,0.11603375527426105,15.488215488215484,1.0684813021781525,0.9368081193101039,1.1691701523590432,0.9763353415187239,6293929721.0,24.3,24.7,24.16,24.45,57566728.0,1404842477.0,24.31,0.5758946935417564,10.0,26.74,False,False,True,83.42657342657343
235,002004.SZ,华邦健康,0.09625668449197869,34.30079155672823,1.5405612602573906,1.0507824734240865,0.7061630202337672,1.2141063921652697,1885347429.0,3.94,4.07,3.93,4.06,24029324.0,98687146.0,3.94,3.045685279187804,10.0,4.33,False,False,True,83.41686091686091
236,600585.SH,海螺水泥,0.04269449715370013,39.407041383570096,1.4369729406122367,0.8590881089611081,1.0874819843403847,1.2797439641490904,3999702579.000001,16.72,17.07,16.64,16.85,43973243.0,739587255.0,16.64,1.262019230769229,10.0,18.3,False,False,True,83.41686091686091
237,002352.SZ,顺丰控股,0.11240310077519369,25.783619817997973,1.4671476299255253,0.5205071660920474,1.1052464049379227,1.408472411809355,4799115259.0,31.63,32.08,31.51,31.92,34996175.0,1131270013.0,31.7,0.6940063091482651,10.0,34.87,False,False,True,83.37024087024086
238,600648.SH,外高桥,0.08800000000000002,36.052631578947384,1.588968491383262,0.23536446941222353,0.9266442921784278,0.8692240523054573,1137770691.0,7.88,8.02,7.86,7.98,2327702.0,19278835.0,7.93,0.6305170239596647,10.0,8.72,False,False,True,83.36441336441335
239,600008.SH,首创环保,0.08474576271186413,19.77611940298507,1.2857414581891535,1.2709244453898272,1.1419706151643458,0.7929846446678599,7340590677.0,2.73,2.77,2.72,2.74,73980203.0,203215972.0,2.73,0.366300366300365,10.0,3.0,False,False,True,83.36247086247087
240,002186.SZ,全 聚 德,0.05710306406685239,38.47102342786683,1.5925882310440425,1.1848425960559186,0.8034412046769175,0.9704243542826242,306801588.0,8.51,8.72,8.43,8.58,3527605.0,30416661.0,8.52,0.7042253521126751,10.0,9.37,False,False,True,83.34498834498835
241,601801.SH,皖新传媒,0.06694560669456073,38.96103896103895,1.0878105772834679,0.6133958804601205,1.062574558530202,1.252633339385439,1957931237.0,4.79,4.92,4.76,4.87,15043963.0,75949895.0,4.78,1.882845188284521,10.0,5.26,False,False,True,83.31779331779333
242,603049.SH,中策橡胶,0.14878318584070785,17.2599531615925,1.6852328679727697,0.6511449371414316,0.9038726120213004,1.1681879706809548,504980262.0,44.75,45.44,44.63,45.2,2732087.0,123180691.0,44.72,1.073345259391778,10.0,49.19,False,False,True,83.26728826728828
243,000755.SZ,山西高速,0.06403940886699501,25.238095238095237,2.0604369626297836,0.5428252029947676,1.0330758467908379,0.9620705308058877,1467310196.0,4.29,4.48,4.28,4.42,7662824.0,33797462.0,4.33,2.0785219399538146,10.0,4.76,False,False,True,83.24592074592076
244,301296.SZ,新巨丰,0.07472527472527471,39.44153577661431,1.369650120864288,0.631174092409213,0.922097468080576,1.0597422200631585,427111764.0,6.11,6.23,6.02,6.1,2856873.0,17602103.0,6.07,0.49423393739702615,20.0,7.28,False,False,True,83.24009324009324
245,600467.SH,好当家,0.08695652173913052,29.68750000000002,1.5926823245534076,1.6157990339433885,0.6211302820896785,1.285768830385558,1460994304.0000002,2.04,2.09,2.01,2.03,30352800.0,62423926.0,2.04,-0.4901960784313819,10.0,2.24,False,False,True,83.1993006993007
246,600479.SH,千金药业,0.26146788990825703,20.561797752808996,0.9642683958851554,1.0725901347096998,0.7126436423034967,1.0785940025989416,418507117.0,9.41,9.66,9.4,9.61,4841664.0,46321091.0,9.47,1.4783526927138135,10.0,10.42,False,False,True,83.18570318570318
247,603788.SH,宁波高发,0.06458797327394193,33.482475764354945,1.640273827423846,0.9369744078440779,1.0061874341063253,1.03086290334079,223065068.0,13.67,14.08,13.61,13.87,2154568.0,30029251.0,13.7,1.2408759124087565,10.0,15.07,False,False,True,83.14879564879566
248,000089.SZ,深圳机场,0.2086330935251798,18.88701517706577,1.3194540022013135,0.5625047670825265,0.9807453397666797,0.9981469443544759,2050769509.0,6.23,6.31,6.18,6.26,11514300.0,72034961.0,6.22,0.6430868167202508,10.0,6.84,False,False,True,83.12548562548562
249,000651.SZ,格力电器,0.1317016317016312,12.684622067767148,0.8425261133247579,0.8378994097084856,1.2026683599473218,1.3977354780380202,5512892990.999999,35.7,36.41,35.7,36.17,64658110.0,2453608761.0,35.66,1.4301738642737094,10.0,39.23,False,False,True,83.0963480963481
250,002376.SZ,新北洋,0.08917197452229282,32.48175182481749,1.380208607600829,1.3030383121244191,0.8398576703315851,1.3584125235281928,787464555.0,5.74,5.93,5.73,5.8,13933386.0,81246566.0,5.76,0.694444444444442,10.0,6.34,False,False,True,83.00893550893551
251,000538.SZ,云南白药,0.14511873350923474,19.999999999999996,1.0680300085623788,0.5365618790135326,1.200586705693349,1.2499484230940465,1784132392.9999998,47.03,48.19,46.84,47.77,11897700.0,576605739.0,47.0,1.6382978723404218,10.0,51.7,False,False,True,82.99339549339548
252,603107.SH,上海汽配,0.11971830985915492,32.11009174311927,1.385299240154373,0.8449894657015862,0.8756274278326486,0.9625464993493793,218173998.0,11.6,11.76,11.51,11.62,1774500.0,20741284.0,11.58,0.3454231433505983,10.0,12.74,False,False,True,82.96425796425797
253,603587.SH,地素时尚,0.23303834808259558,28.444881889763796,1.4298350976260406,0.3796506828026855,0.8206541760419391,0.754897502541403,472702787.0,10.92,11.21,10.92,11.13,1357100.0,15622966.0,10.95,1.6438356164383716,10.0,12.05,False,False,True,82.92735042735042
254,600368.SH,五洲交通,0.1280000000000001,22.39263803680982,1.2956049655839652,0.8586993303749103,1.06763223876871,0.5740577423225431,1609653858.0,3.41,3.48,3.41,3.45,7934676.0,27374233.0,3.42,0.8771929824561431,10.0,3.76,False,False,True,82.84382284382285
255,002675.SZ,东诚药业,0.11196319018404888,27.717842323651443,1.3949296169506746,1.1545562817162256,0.9136139743941155,1.1552592953901475,743383994.0,12.79,12.99,12.68,12.85,9915344.0,127369955.0,12.78,0.5477308294209671,10.0,14.06,False,False,True,82.81274281274281
256,600765.SH,中航重机,0.07764952780692551,36.31999999999999,1.5212023769525018,1.202192527677748,0.7917940531050595,0.8628884488002811,1552494153.0,13.19,13.34,13.02,13.06,16104923.0,212482215.0,13.24,-1.3595166163141936,10.0,14.56,False,False,True,82.8049728049728
257,603755.SH,日辰股份,0.03985122210414452,33.95285584768813,1.923478017140674,1.3613637949484874,0.8563442941889392,0.9763194306821957,98613681.0,22.66,23.5,22.66,23.27,1310700.0,30542022.0,22.81,2.016659359929851,10.0,25.09,False,False,True,82.77389277389277
258,002372.SZ,伟星新材,0.07551487414187624,38.1132075471698,1.591804395727315,0.6549580638590203,0.9068693358156495,1.376245336157936,1470108109.0,8.28,8.6,8.23,8.57,13257470.0,112847289.0,8.28,3.5024154589372136,10.0,9.11,False,False,True,82.76418026418027
259,600025.SH,华能水电,0.19209039548022597,15.838150289017339,1.3121343534581942,0.1783198793464135,1.1350545788329138,1.0422861431597117,18631094257.0,9.0,9.17,8.87,9.13,34627815.0,312192056.0,8.99,1.5572858731924377,10.0,9.89,False,False,True,82.76029526029525
260,301223.SZ,中荣股份,0.17616580310880825,30.86014445173999,1.248798977211515,0.7175240550856596,0.8441442810693917,1.2721752985253258,193127560.0,16.25,16.57,16.09,16.26,1762900.0,28842144.0,16.25,0.061538461538468425,20.0,19.5,False,False,True,82.76029526029525
261,600926.SH,杭州银行,0.11409395973154356,20.641562064156215,1.3083479224323808,0.6476993081338295,1.3112429710938887,1.4448054095359089,7249002548.0,14.69,14.99,14.69,14.89,67836127.0,1006155266.0,14.66,1.568894952251032,10.0,16.13,False,False,True,82.73504273504274
262,603338.SH,浙江鼎力,0.058604651162790934,39.38223938223939,1.4830504253174852,0.9184539311558912,0.9600492145337702,2.2601370326058814,506347879.00000006,42.72,46.97,42.55,46.97,10510930.0,475257075.0,42.7,9.999999999999986,10.0,46.97,True,False,True,82.72727272727272
263,601288.SH,农业银行,0.15579710144927522,19.166666666666664,1.5151029249179808,0.11443340935168,1.0997437873446687,1.3032584595847505,319244210777.0,6.06,6.12,5.93,5.98,476109032.0,2857319423.0,6.05,-1.157024793388417,10.0,6.66,False,False,True,82.70590520590521
264,600694.SH,大商股份,0.11622807017543844,23.592906707787197,1.595958674116743,0.9884889267575261,0.9430945434968091,1.0143462404210908,378793611.0,13.51,13.77,13.44,13.68,3798050.0,51827024.0,13.5,1.333333333333342,10.0,14.85,False,False,True,82.64374514374515
265,300298.SZ,三诺生物,0.0953729933899907,29.3193717277487,1.56285999610251,1.0250789667382885,0.9563580403688442,1.7080092515069074,448001059.0,14.36,14.89,14.33,14.7,7843341.0,114976057.0,14.38,2.225312934631418,20.0,17.26,False,False,True,82.62820512820512
266,600153.SH,建发股份,0.07886435331230283,31.510416666666675,1.521031904871212,0.8203042891703181,1.119860920894233,1.1186880075383183,2899538551.0,7.95,8.23,7.93,8.15,26608038.0,215318327.0,7.93,2.774274905422458,10.0,8.72,False,False,True,82.61072261072262
267,603321.SH,梅轮电梯,0.06424581005586602,38.721136767317944,1.4398804692044689,1.2054685330889365,0.8578395584423631,1.1526341654696675,344564469.0,5.85,6.02,5.83,5.86,4787600.0,28351683.0,5.86,0.0,10.0,6.45,False,False,True,82.58352758352758
268,603195.SH,公牛集团,0.11476952022577597,16.86486486486487,1.256108133943819,0.329904314803313,1.678495536939101,0.7737900438270088,1800664324.0,37.69,38.99,37.61,37.8,4596676.0,174621938.0,38.22,-1.098901098901106,10.0,42.04,False,False,True,82.57575757575758
269,600675.SH,中华企业,0.08730158730158721,37.000000000000014,1.6496127812105654,0.45696827622001,0.8910768646072548,1.0980013536830053,6046135331.0,2.12,2.17,2.06,2.1,30336592.0,64209827.0,2.11,-0.4739336492890933,10.0,2.32,False,False,True,82.57381507381507
270,600406.SH,国电南瑞,0.19742883379247034,26.28959276018099,1.43825404096784,0.8574121873818946,0.8140663987568509,0.8414679525932819,8008176162.0,22.62,22.92,22.54,22.67,57777780.0,1313526541.0,22.67,0.0,10.0,24.94,False,False,True,82.56798756798756
271,600315.SH,上海家化,0.07743857036485487,36.825595984943526,1.7494477589346953,0.7441664929403605,0.8252822426779733,1.2381693441883481,672225980.0,17.08,17.58,16.99,17.33,6193918.0,108606333.0,16.98,2.0612485276796155,10.0,18.68,False,False,True,82.54079254079254
272,603566.SH,普莱柯,0.09963099630996294,31.06694560669454,1.9007723616922276,0.7591456523779999,0.7392610222594354,1.2918725688889268,346062273.0,10.1,10.41,10.05,10.33,3393900.0,34901002.0,10.1,2.2772277227722793,10.0,11.11,False,False,True,82.52719502719502
273,301339.SZ,通行宝,0.047087980173482126,35.099999999999994,1.9152606254566542,0.785698534573529,1.0259118985937827,0.9063512050526364,569800000.0,10.47,10.58,10.17,10.23,4057653.0,42033036.0,10.38,-1.4450867052023142,20.0,12.46,False,False,True,82.50194250194251
274,603987.SH,康德莱,0.12500000000000003,31.845238095238095,1.6118221053291717,0.8592984244542771,0.771332190721623,1.1724171914585397,436790880.00000006,7.11,7.25,7.09,7.16,4400477.0,31631482.0,7.13,0.42075736325386526,10.0,7.84,False,False,True,82.42424242424242
275,002644.SZ,佛慈制药,0.08092485549132945,36.04826546003017,1.85620720001595,0.8136367268048765,0.703357582161647,1.056910516273476,510657000.0,7.05,7.25,7.03,7.16,4391350.0,31448126.0,7.05,1.5602836879432758,10.0,7.76,False,False,True,82.42229992229991
276,600690.SH,海尔智家,0.11622554660529319,13.47402597402596,1.5970842953272306,0.820790983609041,1.1244445416700402,1.0922565764928778,6253028411.0,19.49,19.82,19.32,19.6,56059297.0,1141366822.0,19.49,0.5643919958953525,10.0,21.44,False,False,True,82.3892773892774
277,301206.SZ,三元生物,0.12393162393162395,27.328029948525966,1.4483345425532996,0.9232409173980216,0.9734639133290252,0.7995746022017628,130283123.0,22.32,22.83,22.26,22.44,961750.0,22161518.0,22.53,-0.3994673768308865,20.0,27.04,False,False,True,82.34848484848484
278,600558.SH,大西洋,0.06341463414634142,22.410147991543326,1.6355785398538398,1.864723029771656,0.960542830549495,0.9526920552013748,897604831.0,4.85,5.07,4.84,4.95,15946011.0,80910226.0,4.86,1.8518518518518379,10.0,5.35,False,False,True,82.2921522921523
279,600582.SH,天地科技,0.1282051282051282,30.33175355450237,1.6186651180210767,0.650863242349799,0.9049869531154433,0.7404264892630279,4138588892.0,4.47,4.53,4.44,4.5,19944538.0,89366746.0,4.47,0.6711409395973256,10.0,4.92,False,False,True,82.1969696969697
280,601800.SH,中国交建,0.05010438413361155,37.6130198915009,1.5171415329158209,0.46909641369951105,1.440843580485989,0.6566084339884406,11722873078.999998,5.76,5.86,5.75,5.8,36240435.0,212890283.0,5.77,0.5199306759098743,10.0,6.35,False,False,True,82.16006216006217
281,002563.SZ,森马服饰,0.2138364779874213,22.500000000000007,1.508734224527076,0.7766499188690191,0.8752817956942835,0.9467214708817113,2213491963.0,5.1,5.24,5.1,5.22,16232583.0,86402702.0,5.1,2.35294117647058,10.0,5.61,False,False,True,82.14452214452216
282,000598.SZ,兴蓉环境,0.22302158273381273,15.85976627712855,1.1087751216841457,0.8534259807776087,1.0033349462667072,0.8350404430628422,2979228446.0,6.31,6.45,6.28,6.42,21231324.0,140451564.0,6.3,1.904761904761898,10.0,6.93,False,False,True,82.10761460761461
283,301109.SZ,军信股份,0.05646630236794148,34.68724614134848,1.2828115086108212,2.3495636124010724,0.7285821100976099,0.9561048959756709,230338122.0,12.58,12.98,12.52,12.78,5174383.0,66310032.0,12.62,1.267828843106189,20.0,15.14,False,False,True,82.0998445998446
284,603899.SH,晨光股份,0.11345646437994718,26.14609571788411,1.4205340465134355,0.600714530727483,1.2382620237627049,0.7288392113835942,915795377.0,21.08,21.43,20.77,21.07,4017046.0,84501040.0,21.14,-0.3311258278145712,10.0,23.25,False,False,True,82.02020202020203
285,000507.SZ,珠海港,0.1363636363636368,23.296703296703303,1.619554469109118,1.2416532314898312,0.7934041651598112,0.5500926188870859,902354455.0,4.72,4.79,4.7,4.74,6163300.0,29264034.0,4.73,0.21141649048626032,10.0,5.2,False,False,True,82.01631701631702
286,603199.SH,九华旅游,0.11989100817438703,33.59999999999999,1.4578535550674698,1.2509670220455316,0.623877033298788,0.7417463743083323,110680000.0,31.68,32.28,31.59,31.85,1027000.0,32816430.0,31.76,0.28337531486146705,10.0,34.94,False,False,True,82.00854700854703
287,600805.SH,悦达投资,0.08433734939759018,37.15012722646309,1.7186748252821367,1.025404901533023,0.6605410460906267,0.69240170967786,850275368.0,4.11,4.22,4.08,4.12,6036888.0,25328218.0,4.14,-0.48309178743960457,10.0,4.55,False,False,True,82.00466200466201
288,000513.SZ,丽珠集团,0.13034891375905183,22.009396458258035,1.6168742820598077,0.9412741729994786,0.976288742612983,1.3454585662326175,567651788.0,29.62,30.16,29.45,29.97,7194468.0,214983334.0,29.65,1.0792580101180338,10.0,32.62,False,False,True,81.85508935508935
289,000529.SZ,广弘控股,0.11981566820276489,35.69739952718676,1.5649831294189476,0.7804628323755514,0.7738676358913922,1.1887203505738848,569884377.0,4.49,4.58,4.44,4.52,5287114.0,23877750.0,4.49,0.6681514476614581,10.0,4.94,False,False,True,81.84731934731934
290,301665.SZ,泰禾股份,0.05208333333333349,36.70886075949367,1.528264004143628,1.9705989248343998,0.7521637267478566,1.4325603187766167,104170000.0,21.05,21.83,20.95,21.64,2940721.0,63633332.0,21.19,2.1236432279376993,20.0,25.43,False,False,True,81.76573426573427
291,600009.SH,上海机场,0.09934318555008191,25.93436645396534,1.6390982249763646,0.6643990593826526,1.1986584694555036,1.1518124336467466,2046279515.0,23.22,23.4,22.67,22.76,15659422.0,362926370.0,23.15,-1.6846652267818452,10.0,25.47,False,False,True,81.70940170940172
292,600535.SH,天士力,0.15801354401805862,18.914728682170544,1.557334503578068,0.6544533663962818,1.0644815514167665,1.3442790164769054,1493950005.0,13.55,13.79,13.43,13.76,13143293.0,179650568.0,13.6,1.17647058823529,10.0,14.96,False,False,True,81.6958041958042
293,002390.SZ,信邦制药,0.10457516339869288,33.07086614173227,1.6005625400060755,1.1384848509922745,0.7957580464188585,1.1692701809342443,1927818234.0,2.71,2.8,2.69,2.74,25662720.0,70385491.0,2.7,1.4814814814814836,10.0,2.97,False,False,True,81.68414918414918
294,603102.SH,百合股份,0.07875546912980073,38.3399209486166,1.5632414412645868,0.8583354687499999,0.9038826820238585,0.9420486271848475,64000000.0,31.94,32.8,31.94,32.3,517500.0,17102408.0,31.98,1.000625390869292,10.0,35.18,False,False,True,81.61616161616162
295,600380.SH,健康元,0.12474012474012465,24.779735682819393,1.6813891265487648,0.7367736288417209,1.0161393222513841,1.3764157735338356,1829453386.0,9.66,9.95,9.62,9.87,18552612.0,182195714.0,9.68,1.962809917355357,10.0,10.65,False,False,True,81.54428904428904
296,603231.SH,索宝蛋白,0.10966057441253259,26.63847780126849,1.279275059964305,1.7974639805238852,0.8318686695581773,1.6841176953318104,106265982.0,15.03,15.55,14.93,15.51,3216821.0,49249764.0,15.03,3.1936127744510934,10.0,16.53,False,False,True,81.48212898212898
297,002901.SZ,大博医疗,0.23079448456992763,15.967246673490276,1.3726503645552428,0.6368228483492939,1.0683055499578793,1.678003806822797,288412223.0,42.24,43.41,42.07,43.01,3082346.0,134189964.0,42.23,1.8470281790196497,10.0,46.45,False,False,True,81.41219891219892
298,600300.SH,维维股份,0.13725490196078405,34.30656934306568,1.3115069218787878,1.2884006834822608,0.625016563398534,1.1114286975745538,1617142180.0,2.87,2.93,2.86,2.87,23156918.0,66825589.0,2.88,-0.3472222222222099,10.0,3.17,False,False,True,81.4024864024864
299,000895.SZ,双汇发展,0.16341829085457266,30.14008133755084,1.1192613288142976,0.3604031437038205,1.1167959974275925,1.0349779632490383,3464212167.0,23.34,23.58,22.89,23.28,12921825.0,300067957.0,23.22,0.25839793281654533,10.0,25.54,False,False,True,81.36363636363637
300,000717.SZ,中南股份,0.18461538461538474,30.72916666666665,1.6292334564036988,0.7844077923147036,0.7373006641817292,2.774895903936681,2423697090.0,2.17,2.33,2.15,2.26,52752906.0,119867173.0,2.16,4.629629629629606,10.0,2.38,False,False,True,81.33644133644134
301,603170.SH,宝立食品,0.1705150976909412,28.92018779342722,1.7954504945429264,0.6039820379490466,0.7834198741852848,0.975542702799647,400010000.0,11.6,11.73,11.47,11.59,2356900.0,27736964.0,11.61,-0.17226528854435985,10.0,12.77,False,False,True,81.22571872571872
302,688075.SH,安旭生物,0.09299363057324844,36.321593738882974,1.4030547469788754,0.497530566782811,1.1256948845953896,1.0996482863965376,127082805.0,29.57,30.07,29.21,29.56,695281.0,21158151.0,29.57,-0.0338180588434267,20.0,35.48,False,False,True,81.21989121989122
303,300833.SZ,浩洋股份,0.05221932114882506,32.49999999999999,2.068985463768681,1.2333170903360315,0.8608476161761409,2.3324347773591834,81253477.0,31.6,32.78,30.63,31.64,2337481.0,74098574.0,30.2,4.768211920529808,20.0,36.24,False,False,True,81.1965811965812
304,002059.SZ,云南旅游,0.06879606879606885,33.33333333333335,1.9373629379549644,1.0682890931530429,0.8585932944883352,0.7240210224180829,990393246.0,4.29,4.37,4.26,4.3,7607704.0,32861390.0,4.3,0.0,10.0,4.73,False,False,True,81.16841491841492
305,600320.SH,振华重工,0.07643312101910833,36.5,1.7110310053493936,1.217109118866924,0.8064453598771933,0.9639669286052284,3310205899.0,4.09,4.15,4.04,4.06,38837088.0,160716923.0,4.12,-1.456310679611661,10.0,4.53,False,False,True,81.0916860916861
306,000998.SZ,隆平高科,0.09600000000000009,37.142857142857146,1.6156150492166552,1.1415381795987476,0.7124768241717668,1.034404721754626,1315050546.0,7.73,7.88,7.67,7.75,15521539.0,120635079.0,7.71,0.5188067444876765,10.0,8.48,False,False,True,81.08391608391608
307,300797.SZ,钢研纳克,0.10282485875706217,26.30757220921154,1.8925478540227438,0.8891912295678496,0.919045937071196,1.3260871493284074,378590374.0,13.63,14.09,13.45,13.7,4463099.0,62454053.0,13.72,-0.1457725947521915,20.0,16.46,False,False,True,81.05089355089355
308,603609.SH,禾丰股份,0.1698630136986301,28.776978417266207,1.6621775371257446,0.41362850120435346,0.9409549928619731,1.4093609418914435,908291133.0,6.24,6.25,6.08,6.2,5294900.0,32684687.0,6.18,0.3236245954692629,10.0,6.8,False,False,True,81.05089355089355
309,002233.SZ,塔牌集团,0.10877192982456124,35.25073746312684,1.5875189017079907,0.7614191891715739,0.9141276606499311,0.8715118649551392,1173623408.0,7.16,7.16,6.98,7.13,7785989.0,56148822.0,7.09,0.5641748942172065,10.0,7.8,False,False,True,81.010101010101
310,000157.SZ,中联重科,0.07228915662650581,30.480480480480466,1.7127536609485852,1.2032503112969237,1.0540784907137408,0.7876163320014337,7070417363.0,6.73,6.93,6.72,6.79,66999947.0,469936332.0,6.81,-0.2936857562408135,10.0,7.49,False,False,True,80.99650349650351
311,002069.SZ,獐子岛,0.07234042553191485,36.45833333333335,1.7308582291918917,1.3455415098574846,0.7888016661795942,1.0935299886397951,710216194.0,3.05,3.14,3.04,3.05,10450050.0,32201871.0,3.05,0.0,10.0,3.36,False,False,True,80.94599844599844
312,600787.SH,中储股份,0.1409691629955948,34.074074074074076,1.3600649013167103,0.9052952879218371,0.8832492516224942,1.2452948692167554,2170079582.0,4.3,4.47,4.3,4.36,24464600.0,107236700.0,4.37,-0.22883295194507935,10.0,4.81,False,False,True,80.8954933954934
313,600282.SH,南钢股份,0.3,25.850340136054406,1.4640405272245034,0.610270874880354,0.8931679694926931,0.659334670314013,6165091011.0,4.58,4.66,4.53,4.59,24806646.0,116300449.0,4.58,0.21834061135370675,10.0,5.04,False,False,True,80.81585081585081
314,600760.SH,中航沈飞,0.0778390938135347,34.352331606217604,1.8234374608719215,0.669118973393504,1.0183189476777141,0.8218144759606955,2829552651.0,41.08,41.68,40.78,40.78,15559474.0,640295455.0,41.28,-1.2112403100775215,10.0,45.41,False,False,True,80.80613830613831
315,600750.SH,华润江中,0.340625,25.49019607843137,1.540869817963671,0.6539681723900845,0.7981137187434832,0.8458097438858834,628825289.0,21.92,22.42,21.79,22.3,3478238.0,78594088.0,22.02,1.2715712988192518,10.0,24.22,False,False,True,80.7964257964258
316,603811.SH,诚意药业,0.16427104722792607,22.93447293447295,1.6511535372403752,1.2356435791271245,0.7960689108442204,1.9792889057230754,458226048.0,7.65,7.88,7.52,7.54,8840637.0,67686316.0,7.72,-2.3316062176165775,10.0,8.49,False,False,True,80.78671328671328
317,000797.SZ,中国武夷,0.054347826086956486,39.81042654028437,1.5074720727133344,1.595960340455087,0.8605797539034347,1.1108747535959274,1570574028.9999998,2.25,2.35,2.25,2.25,27843966.0,63588416.0,2.26,-0.4424778761061843,10.0,2.49,False,False,True,80.77894327894327
318,601985.SH,中国核电,0.33103448275862074,8.844339622641506,0.947570083483134,0.7516138722666389,1.0494628594802884,0.8042199161562513,18883284867.0,8.64,8.68,8.6,8.65,114142441.0,1003630926.0,8.68,-0.3456221198156584,10.0,9.55,False,False,True,80.73426573426575
319,601333.SH,广深铁路,0.14084507042253536,16.117216117216103,1.1375167590166175,1.141662336522685,1.2044738111039097,1.135841766910156,5652237000.0,2.84,2.91,2.83,2.85,73295257.0,210040972.0,2.83,0.7067137809187329,10.0,3.11,False,False,True,80.72843822843822
320,002945.SZ,华林证券,0.11346633416458855,24.485125858123567,2.2875717987690605,0.44726848703703204,0.7602822272334451,1.2054834923640176,2700000000.0,13.95,14.06,13.51,13.56,14557719.0,200980626.0,14.02,-3.2810271041369354,10.0,15.42,False,False,True,80.72261072261072
321,000550.SZ,江铃汽车,0.11242603550295859,28.237650200267026,1.8489902197493464,0.7675708723450999,0.9321925006421226,0.8174245462866586,518463160.0,15.72,16.08,15.67,15.82,3253000.0,53320658.0,15.74,0.5082592121982143,10.0,17.31,False,False,True,80.72261072261071
322,688370.SH,丛麟科技,0.12520458265139126,30.707070707070706,1.8070939096850918,0.6528631735306716,0.8996077964340379,0.7496043717155843,137107879.0,21.41,21.84,21.26,21.38,670991.0,14425679.0,21.28,0.46992481203007586,20.0,25.54,False,False,True,80.67210567210567
323,600587.SH,新华医疗,0.1191860465116277,28.141592920353986,1.7519630297004263,0.975095764027044,0.9179929552465333,1.06806928728476,606644549.0,12.13,12.42,12.04,12.21,6318020.0,77204313.0,12.12,0.7425742574257654,10.0,13.33,False,False,True,80.55749805749805
324,000516.SZ,国际医学,0.07172995780590731,37.434554973821996,1.9226577031396217,1.0388294639066074,0.7390929403520601,1.032126258702719,2204748361.0,3.96,4.05,3.95,3.96,23640100.0,94473549.0,3.99,-0.7518796992481258,10.0,4.39,False,False,True,80.52836052836054
325,600886.SH,国投电力,0.2340425531914894,15.105008077544424,1.2614929101827965,0.5251005042265365,1.2599362157450056,0.9883511714010607,7454179797.0,12.94,13.18,12.81,13.09,38685978.0,522421836.0,12.93,1.2374323279195742,10.0,14.22,False,False,True,80.52447552447552
326,600461.SH,洪城环境,0.2601156069364157,17.819460726846437,1.289308495101,0.7753725619217164,1.0643114940701761,1.0075206743899692,1284156812.0,8.79,8.86,8.67,8.78,10031876.0,92667098.0,8.77,0.11402508551880963,10.0,9.65,False,False,True,80.51864801864801
327,688739.SH,成大生物,0.10964083175803406,32.205182443151784,1.6233173425215923,0.5006293072397605,1.1095102632070506,1.0730526100958537,416450000.0,20.0,20.32,19.9,19.97,2237176.0,44905660.0,20.07,-0.49825610363727346,20.0,24.08,False,False,True,80.51282051282051
328,603836.SH,海程邦达,0.1044776119402985,32.03125000000002,1.4394785345627314,1.179138144390027,0.9972150872145297,2.267724153424144,278929332.0,8.25,8.74,8.19,8.43,6287847.0,53131235.0,8.1,4.074074074074074,10.0,8.91,False,False,True,80.5011655011655
329,600653.SH,申华控股,0.09259259259259267,28.767123287671236,1.9032809553201233,1.014127908487265,0.9192836970331484,1.0295607845386237,1946380317.0,1.56,1.6,1.53,1.54,20322280.0,31742794.0,1.56,-1.2820512820512886,10.0,1.72,False,False,True,80.48174048174049
330,000589.SZ,贵州轮胎,0.11666666666666638,26.49999999999999,1.3584256624839792,1.6590158648365876,0.9200960217791264,1.013125186581118,1544110704.0,4.12,4.21,4.11,4.18,25953270.0,108248714.0,4.14,0.9661835748792313,10.0,4.55,False,False,True,80.44289044289043
331,601608.SH,中信重工,0.102189781021898,38.29321663019694,1.4556988422071304,0.9009588635137437,0.8923370218206815,1.0749971753440772,4579553437.0,4.71,4.82,4.7,4.74,44354268.0,213088264.0,4.73,0.21141649048626032,10.0,5.2,False,False,True,80.40306915306914
332,000999.SZ,华润三九,0.16804123711340196,30.509259259259245,1.669325489550836,0.6072116046441389,0.9150699818345064,1.5687350419314727,1662560811.0,23.03,24.05,23.03,23.9,15837906.0,374867790.0,23.23,2.884201463624625,10.0,25.55,False,False,True,80.28749028749029
333,600729.SH,重百集团,0.05349182763744419,22.797043774872105,1.7909594333115042,1.9279543168013409,1.0855524988383125,0.8278575804194972,192482844.0,18.4,18.65,18.2,18.51,3072164.0,58969698.0,18.31,1.0922992900054718,10.0,20.14,False,False,True,80.24475524475524
334,601038.SH,一拖股份,0.10841121495327105,36.059113300492605,1.8136146822659982,0.8429441280165656,0.7406887894183931,1.8765160884274306,731705275.0,10.89,11.55,10.77,11.3,11574101.0,130567155.0,10.73,5.312208760484616,10.0,11.8,False,False,True,80.23892773892773
335,600626.SH,申达股份,0.06545454545454552,39.158576051779924,1.716704181484637,1.1188477348991617,0.8875944612495285,0.9932619641101924,1107978710.0,3.24,3.35,3.24,3.27,12313066.0,40702741.0,3.27,0.0,10.0,3.6,False,False,True,80.23310023310023
336,603611.SH,诺力股份,0.10296411856474261,32.19354838709676,1.6227548136048913,1.259097744773613,0.8896932653331331,1.2341812715689788,257600791.0,16.86,17.55,16.72,17.32,4003000.0,69284185.0,16.82,2.9726516052318575,10.0,18.5,False,False,True,80.22338772338773
337,300138.SZ,晨光生物,0.09009009009009006,37.77267508610791,1.6977032138135932,1.2280016254139925,0.6718569155693731,0.9691505541775175,398313292.0,9.3,9.53,9.24,9.39,4740400.0,44649426.0,9.31,0.8592910848549851,20.0,11.17,False,False,True,80.22144522144522
338,601398.SH,工商银行,0.2647058823529407,11.301859799713876,1.3644122880844103,0.14574867343709247,1.2963793504776817,0.912253581533303,269612212539.0,7.03,7.14,7.0,7.05,358475722.0,2528095306.0,7.06,-0.14164305949008194,10.0,7.77,False,False,True,80.16511266511266
339,002594.SZ,比亚迪,0.07850707850707844,36.567067649721885,1.5569544564707771,1.1956173817847495,0.9683682985394056,1.9791386790402075,3487068722.0,81.6,85.35,81.6,83.26,82504621.0,6956783955.0,80.36,3.608760577401693,10.0,88.4,False,False,True,80.14180264180264
340,600900.SH,长江电力,0.3155555555555559,8.182533438237606,0.9196502856069892,0.48528495343718187,1.2455561149901155,1.1795066626631097,24468217716.0,26.04,26.33,25.81,26.2,140055304.0,3761292696.0,25.89,1.1973735032831057,10.0,28.48,False,False,True,80.11849261849261
341,300021.SZ,大禹节水,0.11953352769679304,29.213483146067396,1.4608615590337102,1.6264322051632771,0.8530264306097018,0.9422882853055722,873233219.0,3.94,4.04,3.92,3.96,13382893.0,53434525.0,3.97,-0.25188916876575096,20.0,4.76,False,False,True,80.06604506604506
342,000915.SZ,华特达因,0.17578947368421072,24.678556615512235,1.404327668790378,1.165165014505975,0.9750041541520974,1.1851099696843252,234122860.0,25.35,25.72,25.11,25.26,3233521.0,81975454.0,25.78,-2.0170674941815347,10.0,28.36,False,False,True,80.02913752913753
343,002091.SZ,江苏国泰,0.10869565217391315,36.402266288951864,1.769469467345664,1.0071642334902737,0.6964780582766104,0.999355415218679,1602372071.0,7.28,7.42,7.24,7.39,16089754.0,118247821.0,7.24,2.071823204419876,10.0,7.96,False,False,True,80.02136752136752
344,002511.SZ,中顺洁柔,0.1102941176470588,38.73456790123455,1.6434843646098791,0.9365724639675607,0.7045886768350137,0.8991561884185548,1264988608.0,6.79,6.95,6.77,6.86,10654780.0,73226234.0,6.78,1.179941002949847,10.0,7.46,False,False,True,80.0
345,002609.SZ,捷顺科技,0.10885608856088558,24.011299435028242,1.680124706447237,1.722500707202727,0.8420839045747247,0.8903708669043245,459573516.0,7.62,7.76,7.5,7.51,7038400.0,53664964.0,7.67,-2.08604954367666,10.0,8.44,False,False,True,79.96891996891996
346,000948.SZ,南天信息,0.06367041198501869,36.55352480417753,1.7092536933511884,1.2268066836617826,1.0025064414723726,0.9497430580868205,389093561.0,12.12,12.34,11.89,11.91,4534117.0,54989207.0,12.17,-2.136400986031217,10.0,13.39,False,False,True,79.87762237762237
347,000011.SZ,深物业A,0.04038461538461538,34.63338533541342,2.3159356548860988,1.0013924236552754,0.928392342895894,0.7513820620004278,526475543.00000006,6.61,6.72,6.5,6.5,3961351.0,26123928.0,6.62,-1.812688821752273,10.0,7.28,False,False,True,79.82905982905982
348,600572.SH,康恩贝,0.1900826446280991,32.095490716180386,1.0582225327153045,1.2239957072979766,0.8412919108854734,1.1747729277028445,2531790178.0,4.03,4.09,3.98,4.06,36394958.0,147036116.0,4.0,1.4999999999999902,10.0,4.4,False,False,True,79.8076923076923
349,300070.SZ,碧水源,0.0685714285714284,35.03184713375796,1.7768065397960289,1.054649950281925,1.0498103438199247,1.313257405988522,3477748047.0,3.26,3.43,3.25,3.3,47627122.0,158581971.0,3.26,1.2269938650306678,20.0,3.91,False,False,True,79.79797979797979
350,688475.SH,萤石网络,0.20843881856540103,26.160503540519265,1.5077855616377904,0.6192684825396775,1.0630406331239108,0.9117046711929014,787500000.0,27.59,27.9,27.09,27.18,4446146.0,122250973.0,27.62,-1.5930485155684293,20.0,33.14,False,False,True,79.78243978243978
351,301332.SZ,德尔玛,0.10599078341013825,35.06139154160983,1.576636126386075,1.0043926104280763,0.9506634809147045,0.6917952006510589,264840240.0,7.78,7.94,7.76,7.76,1840200.0,14441058.0,7.79,-0.38510911424903815,20.0,9.35,False,False,True,79.75135975135976
352,002286.SZ,保龄宝,0.06535947712418298,32.69720101781171,1.6922786682993702,2.12837421747318,0.7995546618974795,1.038854586214595,369689568.0,8.14,8.53,8.08,8.23,8174100.0,69020217.0,8.16,0.8578431372548989,10.0,8.98,False,False,True,79.6930846930847
353,603883.SH,老百姓,0.06636670416197975,36.702649656526006,1.7798832201999453,1.048593824575174,1.0090880138594838,1.3882012526986285,758890236.0,10.77,11.08,10.74,11.0,11046856.0,126549256.0,10.78,2.0408163265306145,10.0,11.86,False,False,True,79.67754467754467
354,301370.SZ,国科恒泰,0.09090909090909091,34.98098859315591,1.627488114548143,1.043669071319821,0.994397013215802,1.1405544751791696,323748561.0,8.32,8.54,8.27,8.35,3853778.0,32356190.0,8.35,0.0,20.0,10.02,False,False,True,79.66588966588965
355,000897.SZ,津滨发展,0.07843137254901948,37.267080745341595,1.4521385262779187,1.6963372304204436,0.8357367031867996,1.3838411532173338,1617241634.0,1.68,1.74,1.67,1.68,37964101.0,64639546.0,1.69,-0.591715976331364,10.0,1.86,False,False,True,79.64840714840714
356,601107.SH,四川成渝,0.18367346938775533,27.216494845360838,1.876100975720977,0.5133454344951266,0.8840214681418663,1.1591446497696174,2162740000.0,5.05,5.24,5.04,5.22,12869203.0,66674044.0,5.12,1.953125,10.0,5.63,False,False,True,79.63675213675214
357,688533.SH,上声电子,0.10243902439024409,39.699248120300766,1.754345808373929,0.7016937750903346,0.7717372262481778,1.3859667133351936,164987108.99999997,21.37,22.36,21.37,21.78,1604539.0,35144254.0,21.42,1.680672268907557,20.0,25.7,False,False,True,79.61732711732711
358,301185.SZ,鸥玛软件,0.07775377969762406,32.26703755215576,1.5384393321714789,1.9627522177694505,0.8841913484885149,0.7462729851822467,140470363.0,15.1,15.39,14.79,14.83,2032900.0,30616581.0,15.1,-1.788079470198678,20.0,18.12,False,False,True,79.52602952602953
359,603055.SH,台华新材,0.09620991253644315,27.03412073490814,2.108378196097328,0.804474304926667,0.9489055222865441,1.0391106096106963,887050942.0000001,7.93,8.22,7.86,8.14,7415194.0,60366338.0,7.95,2.3899371069182385,10.0,8.75,False,False,True,79.4949494949495
360,300144.SZ,宋城演艺,0.07268170426065164,37.567084078711986,1.6683308337758773,1.1280095921680404,0.9884451209838627,1.1068263778880016,2597403006.0,5.92,5.99,5.81,5.88,32428760.0,191322378.0,5.88,0.0,20.0,7.06,False,False,True,79.44444444444444
361,300439.SZ,美康生物,0.12037037037037027,35.37675606641124,1.7453653838923326,0.9857526022693925,0.7881194243992398,0.979709410249082,292332051.0,8.36,8.51,8.27,8.35,2823200.0,23709494.0,8.35,0.0,20.0,10.02,False,False,True,79.44055944055944
362,600285.SH,羚锐制药,0.21507760532150744,14.631578947368418,1.4011483456088425,1.2032035463514976,1.0318359980558145,1.3212180466463541,566490486.0,19.97,20.65,19.85,20.62,9000719.0,182768390.0,19.97,3.254882323485231,10.0,21.97,False,False,True,79.43667443667444
363,600674.SH,川投能源,0.2042253521126761,15.482423335826478,1.2382151328353246,0.7991656317025081,1.3624104665480328,0.9587825000034108,4874606828.0,13.74,14.16,13.67,14.05,37350506.0,536081830.0,13.69,2.629656683710757,10.0,15.06,False,False,True,79.43278943278943
364,300425.SZ,中建环能,0.0867579908675799,38.524590163934434,1.5005955529157249,1.1571520601539234,0.9302375086967918,0.9154551054843472,680738380.9999999,3.84,3.95,3.81,3.85,7211203.0,28065133.0,3.85,0.0,20.0,4.62,False,False,True,79.3958818958819
365,301262.SZ,海看股份,0.028571428571428633,39.61733258300506,1.6321536459610564,2.4930126785912723,0.7272578896663643,1.0726701288545044,122075392.0,18.35,18.84,18.23,18.47,3264516.0,60715570.0,18.37,0.5443658138268859,20.0,22.04,False,False,True,79.35897435897435
366,601686.SH,友发集团,0.08230452674897128,27.17622080679407,1.8632711127245767,0.7445769486335635,1.3480393249705263,0.5125751489092306,1479347326.0,4.88,4.96,4.86,4.94,5619144.0,27697094.0,4.91,0.6109979633401208,10.0,5.4,False,False,True,79.33760683760683
367,002933.SZ,新兴装备,0.06556245686680465,34.06725380304243,1.79271062777535,1.7153133525748938,0.8728226706179726,1.5450532257954186,116894276.0,25.73,27.98,25.6,26.41,3094400.0,83415433.0,25.93,1.8511376783648226,10.0,28.52,False,False,True,79.32012432012432
368,300218.SZ,安利股份,0.05418060200668899,39.7163120567376,1.7861505116928142,1.6395171633941652,0.786367995635587,1.144085575615658,216276394.0,12.14,12.74,12.03,12.47,4056800.0,50603676.0,12.09,3.1430934656741183,20.0,14.51,False,False,True,79.29487179487178
369,600062.SH,华润双鹤,0.19756838905775082,24.214046822742485,1.6908368613086115,0.6533032546108335,1.0361404367448885,1.3834848430622326,1038225388.0,16.19,16.58,16.15,16.37,9383846.0,157400701.0,16.25,0.7384615384615545,10.0,17.88,False,False,True,79.29098679098679
370,002041.SZ,登海种业,0.06804123711340208,36.25806451612903,1.7927932279565362,1.465637198863632,0.881029634488968,1.030877637936466,880000000.0,8.08,8.27,7.99,8.05,13295855.0,107579107.0,8.08,-0.3712871287128605,10.0,8.89,False,False,True,79.25796425796426
371,600496.SH,精工钢构,0.04761904761904782,37.04918032786886,1.7140045265497215,1.5309473959147188,1.0630315175425409,1.6046492929155776,1990125599.0,3.12,3.26,3.12,3.21,48890090.0,155405653.0,3.12,2.8846153846153744,10.0,3.43,False,False,True,79.25796425796426
372,600859.SH,王府井,0.05263157894736841,38.77777777777778,1.6644977824449967,1.473162588685803,0.9977864814870897,1.1168668801111121,1123828064.0,9.4,9.6,9.29,9.41,18490641.0,174412544.0,9.42,-0.10615711252653925,10.0,10.36,False,False,True,79.18026418026419
373,002299.SZ,圣农发展,0.3135135135135132,29.41970310391362,1.5408117980089693,0.8111145940841619,0.8246257233734872,2.191278546378744,1218599736.0,15.96,16.6,15.83,16.32,21663565.0,352710994.0,15.95,2.319749216300937,10.0,17.55,False,False,True,79.17249417249417
374,300230.SZ,永利股份,0.1544117647058824,22.113022113022108,1.4916828476325381,1.7930358820033139,0.8364755382454118,0.8351948350329994,629822499.0,4.29,4.32,4.22,4.24,9431808.0,40308368.0,4.28,-0.9345794392523366,20.0,5.14,False,False,True,79.16278166278167
375,600609.SH,金杯汽车,0.058577405857740635,37.254901960784316,1.6173187241591165,1.32566885893672,1.1146894550047008,1.0116266901030628,1304558558.0,3.2,3.28,3.17,3.19,17495200.0,56342159.0,3.2,-0.31250000000000444,10.0,3.52,False,False,True,79.1482128982129
376,000708.SZ,中信特钢,0.1885245901639345,33.577832110839445,1.2846856190717886,0.331107466349404,1.112816177550963,0.8766076838812924,5047136128.0,12.52,12.77,12.49,12.68,14649380.0,188219755.0,12.57,0.8750994431185211,10.0,13.83,False,False,True,79.14141414141413
377,600559.SH,老白干酒,0.05643044619422591,30.88768115942029,1.826522841342881,1.3529282238094773,1.2317590610276823,1.0162335152952202,914747444.0,11.47,11.66,11.27,11.35,12566656.0,143792002.0,11.47,-1.0462074978204061,10.0,12.62,False,False,True,79.1161616161616
378,600085.SH,同仁堂,0.12044270833333343,31.588785046728972,1.5822390423787172,0.588595795597348,1.2294415817674322,1.1115757248545273,1371470262.0,23.25,23.67,22.97,23.28,8973102.0,209031568.0,23.25,0.129032258064532,10.0,25.58,False,False,True,79.10062160062161
379,000548.SZ,湖南投资,0.09803921568627459,37.74999999999999,1.6024474292647333,1.3445822231780182,0.7931695025278237,0.9197056647848243,499215811.00000006,4.23,4.3,4.17,4.18,6173402.0,26100088.0,4.2,-0.4761904761904856,10.0,4.62,False,False,True,79.0947940947941
380,002381.SZ,双箭股份,0.11304347826086948,33.59840954274353,1.370690254194282,1.6105678901745974,0.8782061237984474,0.9302406477879084,322026500.0,5.27,5.42,5.24,5.33,4802900.0,25793010.0,5.29,0.7561436672967936,10.0,5.82,False,False,True,79.08119658119658
381,600925.SH,苏能股份,0.1071428571428568,25.063938618925818,1.6345511361324916,0.9719507140738467,1.3304432941399473,0.7593709460884266,1606048586.0,4.03,4.18,4.03,4.15,11853781.0,48806034.0,4.06,2.2167487684729315,10.0,4.47,False,False,True,79.04623154623155
382,002344.SZ,海宁皮城,0.11224489795918377,36.82634730538923,1.5527093846191615,0.9457684302632229,0.9364529155293979,1.0433293868610916,1281450092.0,3.55,3.63,3.51,3.56,12643105.0,45626884.0,3.56,0.0,10.0,3.92,False,False,True,79.02097902097903
383,002117.SZ,东港股份,0.06018518518518528,38.49206349206351,1.620412578707327,1.5717242595708674,0.9578340695732136,0.9162234357033548,523554680.0,7.93,8.12,7.9,7.94,7539332.0,60395857.0,7.95,-0.12578616352201255,10.0,8.75,False,False,True,79.0112665112665
384,301267.SZ,华厦眼科,0.07608695652173904,29.65034965034963,2.0919263332431703,0.7188715520109545,1.114429024179365,1.361699718600234,648444383.0,14.84,15.08,14.67,14.86,6347539.0,95297462.0,14.93,-0.46885465505693835,20.0,17.92,False,False,True,78.94910644910645
385,300888.SZ,稳健医疗,0.14379868184541633,31.761496492595498,1.691748423798525,0.6094260230711466,1.0291551077204708,1.024913087045659,580360952.0,28.03,28.39,27.76,28.03,3621434.0,103229981.0,28.06,-0.10691375623662625,20.0,33.67,False,False,True,78.93550893550892
386,002065.SZ,东华软件,0.061930783242258786,32.496307237813895,1.9374273730923612,1.4049944496754763,0.9911040615024784,0.8835129144620887,2945739379.0,7.15,7.21,7.01,7.04,36143231.0,258603414.0,7.11,-0.9845288326301049,10.0,7.82,False,False,True,78.88111888111888
387,002626.SZ,金达威,0.12443946188340801,39.30232558139532,1.815705384870127,0.648983548740448,0.6584696619831417,1.3393982210526785,609861032.0,14.01,14.36,13.9,14.16,5301200.0,75311211.0,14.01,1.0706638115631772,10.0,15.41,False,False,True,78.87723387723388
388,000738.SZ,航发控制,0.10216718266253874,36.60818713450291,1.6720043563944362,1.427506804046041,0.7228079713252111,0.9191677038402162,1315184001.0,18.32,18.49,17.81,17.82,17256768.0,312817646.0,18.42,-3.2573289902280256,10.0,20.26,False,False,True,78.84809634809635
389,000800.SZ,一汽解放,0.1775700934579439,28.31541218637994,1.5868582158753948,0.36773533928938895,1.1876120621643402,0.9644928825759456,4920635033.0,5.96,6.14,5.92,6.06,17453083.0,106258658.0,5.96,1.6778523489932917,10.0,6.56,False,False,True,78.83644133644134
390,000423.SZ,东阿阿胶,0.22893363161819547,29.96883241428914,1.6239737824297387,0.8457667130447944,0.887966968722954,0.9479607560213785,638700293.0,44.94,46.27,44.74,45.81,5151369.0,241452278.0,44.78,2.300133988387665,10.0,49.26,False,False,True,78.81701631701632
391,001202.SZ,炬申股份,0.08756567425569177,36.40661938534278,1.715050890006865,1.4069681599120618,0.8327891016871866,1.321322570992328,116823955.0,13.71,13.92,13.62,13.71,2171826.0,30404338.0,13.62,0.6607929515418665,10.0,14.98,False,False,True,78.7937062937063
392,300406.SZ,九强生物,0.14847161572052395,20.981713185755524,1.8020293032963568,1.0448888357207184,1.005657720979669,1.0322388931585882,424322411.0,10.98,11.25,10.98,11.07,4576635.0,51543381.0,11.07,0.0,20.0,13.28,False,False,True,78.70629370629369
393,002736.SZ,国信证券,0.16091954022988514,26.243386243386247,1.6763267193278701,0.43251657691736456,1.242153524997326,1.1875714673770459,9612429377.0,10.42,10.45,10.22,10.26,49373700.0,508507824.0,10.43,-1.6299137104506256,10.0,11.47,False,False,True,78.65190365190365
394,300026.SZ,红日药业,0.1317365269461076,34.16370106761566,1.7025502498627307,0.9799237565183333,0.8858001561995001,2.014317112065692,3001325425.0,3.04,3.14,3.02,3.09,59242478.0,183070343.0,3.03,1.980198019801982,20.0,3.64,False,False,True,78.63636363636364
395,605008.SH,长鸿高科,0.13186813186813195,25.294117647058822,1.9231478255124628,0.4223693578555439,1.1325438083621153,0.5993151971525034,645962414.0,11.31,11.57,11.3,11.39,1635140.0,18718095.0,11.4,-0.08771929824561431,10.0,12.54,False,False,True,78.57031857031856
396,603558.SH,健盛集团,0.3848580441640378,31.969552806850608,1.35019614279705,1.003682635374795,0.7093570817132662,1.1664732867294567,342638049.0,11.0,11.5,10.9,11.33,4011500.0,46446002.0,10.99,3.0937215650591376,10.0,12.09,False,False,True,78.53146853146852
397,002389.SZ,航天彩虹,0.09104938271604936,37.44047619047619,1.5166376462744713,1.8007202907792028,0.7155514761633175,0.9048518529218502,984767026.0,17.99,18.15,17.59,17.67,16045563.0,286990062.0,17.98,-1.724137931034475,10.0,19.78,False,False,True,78.506216006216
398,002818.SZ,富森美,0.14356435643564316,19.373776908023466,1.4466022882532155,1.3643468838043367,1.1694451355808515,0.6799247734962963,298357191.0,10.5,10.65,10.44,10.5,2767530.0,29109999.0,10.51,-0.09514747859181716,10.0,11.56,False,False,True,78.45182595182595
399,002327.SZ,富安娜,0.13291139240506325,26.779661016949152,1.7283825680283045,1.1422707174297946,1.0065024092236232,1.1054085024956275,490983369.0,6.14,6.35,6.09,6.31,6199528.0,38993151.0,6.11,3.2733224222585733,10.0,6.72,False,False,True,78.44405594405595
400,601022.SH,宁波远洋,0.10886075949367101,27.27272727272727,2.229097052077773,0.6987171434836711,0.9043667703537394,0.4770000131621464,1308633334.0,7.69,7.84,7.64,7.79,4361519.0,34180029.0,7.69,1.3003901170351106,10.0,8.46,False,False,True,78.43337218337217
401,603967.SH,中创物流,0.13506493506493536,36.86770428015564,1.7599635271279823,0.8360222704972115,0.7958014232770628,1.1702150454268183,346666710.0,10.73,11.12,10.73,11.05,3391530.0,37210182.0,10.8,2.314814814814814,10.0,11.88,False,False,True,78.4188034188034
402,300832.SZ,新产业,0.11327857631759078,23.827160493827158,1.7197280128278307,0.9157919093211717,1.3344144452567706,1.4688188384024883,683122288.0,43.81,44.77,43.45,44.2,9188899.0,405757799.0,43.81,0.8902077151335286,20.0,52.57,False,False,True,78.33527583527582
403,600182.SH,S佳通,0.2720207253886008,21.51690024732069,1.5812986234360418,1.0753977352941135,0.9469988906987302,1.1150462716626077,170000000.0,13.48,13.83,13.44,13.83,2038501.0,28620771.0,13.18,4.931714719271629,10.0,14.5,False,False,True,78.3119658119658
404,300306.SZ,远方信息,0.07768595041322296,36.73469387755102,1.5288662631966434,1.8095385306960243,0.8859221918573956,1.21958958278989,157651136.0,9.79,9.96,9.59,9.63,3479194.0,34031782.0,9.78,-1.5337423312883236,20.0,11.74,False,False,True,78.25951825951826
405,601500.SH,通用股份,0.13017751479289952,36.07954545454546,1.4976929193508464,0.9532772579540155,0.9842938377867848,1.0290697666713098,1583000735.0,3.75,3.84,3.73,3.79,15529060.0,58790653.0,3.74,1.3368983957219305,10.0,4.11,False,False,True,78.25757575757576
406,002690.SZ,美亚光电,0.10119047619047612,31.804733727810653,1.5716805101886728,1.372791992841087,1.0539929400776928,0.7630689081931606,427032322.0,14.38,14.63,14.32,14.42,4537336.0,65757376.0,14.37,0.3479471120389821,10.0,15.81,False,False,True,78.23426573426573
407,002007.SZ,华兰生物,0.16117216117216102,24.232081911262803,1.8241009994237032,0.6906150627639513,1.0883272861945268,1.3733336571846944,1573543054.0000002,12.6,12.84,12.54,12.74,14924189.0,189867100.0,12.6,1.1111111111111072,10.0,13.86,False,False,True,78.19153069153069
408,300194.SZ,福安药业,0.13084112149532703,31.79012345679011,1.8644505242126168,1.131522393290844,0.8151216581958252,2.097020150721315,968378683.0,3.49,3.63,3.49,3.58,22977934.0,82291682.0,3.52,1.7045454545454586,20.0,4.22,False,False,True,78.16627816627818
409,600858.SH,银座股份,0.06410256410256411,36.915887850467286,1.7263841792666057,1.67012431999813,0.9346507030834287,0.8930786606261176,517548029.0,4.53,4.66,4.48,4.54,7719500.0,35332658.0,4.53,0.22075055187638082,10.0,4.98,False,False,True,78.14879564879564
410,002078.SZ,太阳纸业,0.1003460207612457,31.41135972461273,1.8501088824055043,0.8792252254463383,1.0863875109103842,1.2840471046010011,2776577688.0,12.19,12.59,12.05,12.38,31354616.0,392750460.0,12.2,1.4754098360655776,10.0,13.42,False,False,True,78.13131313131314
411,002688.SZ,金河生物,0.0838323353293414,36.68122270742358,1.924908786682493,1.1688053804403793,0.8310473046218402,1.296813278611537,747041116.9999999,4.9,4.99,4.81,4.91,11328575.0,55916269.0,4.86,1.0288065843621297,10.0,5.35,False,False,True,78.12160062160062
412,600351.SH,亚宝药业,0.12549019607843115,25.36764705882353,1.8683972654945318,1.4648330745920166,0.8590846805149654,1.3450754426349651,692000046.0,5.73,5.94,5.72,5.88,13634553.0,82404460.0,5.76,2.083333333333326,10.0,6.34,False,False,True,78.07886557886557
413,600713.SH,南京医药,0.23428571428571437,38.29321663019694,1.5321718673539408,0.8051398352431276,0.6799601915412952,1.2916069847893208,1289813712.0,4.96,5.07,4.93,4.97,13413058.0,68245841.0,4.98,-0.20080321285141922,10.0,5.48,False,False,True,77.96134421134421
414,601518.SH,吉林高速,0.24999999999999978,17.557251908396942,1.4509839217050664,1.0705516634956855,1.1246262969875824,0.677444734337396,1890553169.0,2.67,2.72,2.66,2.69,13711040.0,38614746.0,2.69,0.0,10.0,2.96,False,False,True,77.91569541569542
415,603858.SH,步长制药,0.1713344316309721,21.949458483754512,2.024979226716703,0.5119530022879215,1.0204198129357693,1.0092493374755145,1054568442.0,14.79,15.19,14.78,15.01,5448831.0,82624709.0,14.89,0.8059100067159042,10.0,16.38,False,False,True,77.71950271950271
416,600993.SH,马应龙,0.11379310344827569,24.636275460717737,1.933807651456161,1.0321656944584836,1.0662046867111907,1.1188519217934807,430307016.0,21.61,22.22,21.55,21.96,4969360.0,112182386.0,21.61,1.6196205460434987,10.0,23.77,False,False,True,77.70202020202021
417,601077.SH,渝农商行,0.2249999999999997,22.84768211920529,1.787324346634422,0.6571897382091764,1.068718154627454,0.9446081205999953,8838242409.0,6.18,6.35,6.14,6.26,54866639.0,342215849.0,6.18,1.2944983818770295,10.0,6.8,False,False,True,77.6864801864802
418,600023.SH,浙能电力,0.2596685082872927,31.827515400410668,1.7659510502704188,0.5073450177838225,0.8883922624110939,0.8347133724323316,13408732749.0,5.08,5.22,5.02,5.18,56784330.0,307514668.0,5.08,1.9685039370078705,10.0,5.59,False,False,True,77.68453768453769
419,002063.SZ,远光软件,0.1098901098901098,37.090163934426236,1.7157112380237578,1.6032016412513124,0.604483709310495,0.9043538740269985,1769109143.0,5.22,5.26,5.11,5.14,25648839.0,132776904.0,5.18,-0.7722007722007707,10.0,5.7,False,False,True,77.54662004662005
420,300760.SZ,迈瑞医疗,0.0915392967510232,33.76533209905115,1.8488333793953569,0.7915423348250812,1.1678913856804312,1.402073645969629,1211304108.0,141.01,142.95,136.83,138.11,13443814.0,1878805248.0,140.59,-1.7639945942101054,20.0,168.71,False,False,True,77.53302253302253
421,603848.SH,好太太,0.03645083932853725,38.91891891891892,2.1978865704351227,0.6801198104868584,1.201121929275973,1.6673021913104076,402406511.0,13.7,14.36,13.53,13.83,4563150.0,63754232.0,13.71,0.8752735229759168,10.0,15.08,False,False,True,77.49222999223
422,600939.SH,重庆建工,0.05511811023622053,37.88546255506606,2.14856527869243,0.9044962617914974,1.0191310783512535,0.787575017333331,1902474944.0,2.4,2.49,2.38,2.41,13552445.0,32946955.0,2.41,0.0,10.0,2.65,False,False,True,77.47474747474747
423,000503.SZ,国新健康,0.060465116279069864,36.94581280788179,1.8236269149549742,1.403997270638083,1.0549923107268986,1.1486939466649133,979235472.0,6.46,6.64,6.3,6.3,15792749.0,101709266.0,6.48,-2.77777777777779,10.0,7.13,False,False,True,77.47086247086249
424,000848.SZ,承德露露,0.27528089887640456,20.728291316526605,1.3007751550822726,1.151566087871511,1.1246735638531313,1.7062413347491365,1010614074.0,7.63,7.88,7.56,7.82,19866417.0,154251032.0,7.63,2.490170380078638,10.0,8.39,False,False,True,77.3951048951049
425,002554.SZ,惠博普,0.14644351464435135,31.333333333333325,1.451486313623953,2.11492744685522,0.6706553635718645,0.8404390634836453,1333469849.9999998,3.07,3.13,3.03,3.04,23702012.0,72811506.0,3.09,-1.6181229773462702,10.0,3.4,False,False,True,77.39219114219114
426,603998.SH,方盛制药,0.12499999999999975,29.127358490566024,1.8666353508694644,1.324305363361355,0.8950642900814778,1.4998680947062812,439081360.0,8.99,9.32,8.98,9.21,8721400.0,81802857.0,9.03,1.9933554817275878,10.0,9.93,False,False,True,77.3912198912199
427,600935.SH,华塑股份,0.1640625,32.870370370370374,2.0467910453530487,0.7407594978456331,0.7361539336619118,0.8313289500368014,3507401812.0,2.35,2.39,2.33,2.36,21599100.0,51052641.0,2.37,-0.42194092827004814,10.0,2.61,False,False,True,77.29020979020979
428,600333.SH,长春燃气,0.10755813953488375,27.935222672064764,1.4060601783609405,2.278528982950221,0.9333426676967087,0.944405566799048,609030684.0,5.19,5.36,5.16,5.25,13105460.0,69329895.0,5.18,1.3513513513513598,10.0,5.7,False,False,True,77.28049728049727
429,603739.SH,蔚蓝生物,0.13258110014104366,38.81932021466905,1.7673989111716786,1.1053031000818645,0.6167238353304326,1.2394734876467957,253028866.00000003,12.0,12.35,11.99,12.11,3466480.0,42274956.0,12.12,-0.08250825082508628,10.0,13.33,False,False,True,77.24941724941726
430,600600.SH,青岛啤酒,0.12223393045310853,27.923825294969973,1.5173476198041085,1.066423337722953,1.4285067131811149,0.7208143205878176,709125943.0,50.54,51.21,50.19,50.65,5451003.0,288323472.0,50.63,0.03950227138058704,10.0,55.69,False,False,True,77.2008547008547
431,002127.SZ,南极电商,0.16000000000000014,34.26294820717133,1.3570669685440262,1.460315516854379,0.8994996817640298,1.3572221250303775,1994732997.0,2.75,2.81,2.73,2.78,39535049.0,109606908.0,2.75,1.0909090909090757,10.0,3.03,False,False,True,77.19696969696969
432,600356.SH,恒丰纸业,0.1242236024844719,36.26373626373627,1.5540998630383003,1.5766047683146254,0.8046045621692727,0.9316717798029842,298731378.0,7.72,7.95,7.63,7.86,4388000.0,34430736.0,7.68,2.34375,10.0,8.45,False,False,True,77.1950271950272
433,300898.SZ,熊猫乳品,0.05837755875663377,36.53095370886783,1.9176292736570708,2.191954182905339,0.7240153057516032,0.9474936842130375,114743548.0,18.66,19.24,18.58,18.77,2383066.0,45057574.0,18.7,0.37433155080213165,20.0,22.44,False,False,True,77.12315462315462
434,300146.SZ,汤臣倍健,0.08947368421052673,22.66065388951524,1.9651202018755722,1.4021402015839008,1.100954709587214,0.7455332726653721,1120818659.0,9.22,9.43,9.16,9.32,11715109.0,108989382.0,9.21,1.1943539630836053,20.0,11.05,False,False,True,77.0940170940171
435,001395.SZ,亚联机械,0.03198578409595746,34.67777290661991,1.8678672018087692,1.8640369499726301,1.2015252662021203,0.8808290417014186,53001000.0,23.56,24.19,23.53,23.77,785150.0,18768098.0,23.53,1.0199745006374883,10.0,25.88,False,False,True,77.09401709401709
436,300989.SZ,蕾奥规划,0.09011627906976757,30.881164106709804,1.214109326235675,2.46115839716394,0.988809288159899,0.7058503234306559,162894292.0,12.87,13.32,12.87,13.18,2830652.0,37182718.0,12.99,1.4626635873749017,20.0,15.59,False,False,True,76.95027195027194
437,000597.SZ,东北制药,0.11553784860557771,38.38630806845966,1.815920660430842,0.8067293408291449,0.9056901912449,0.9970152553838512,1409203737.0,4.37,4.49,4.35,4.45,11334311.0,50301409.0,4.38,1.598173515981749,10.0,4.82,False,False,True,76.92307692307693
438,600327.SH,大东方,0.06647398843930634,33.66336633663367,2.254987140711673,1.2899298658945635,0.8947235345742982,1.010092560609589,884779518.0,3.26,3.36,3.23,3.25,11528222.0,37885764.0,3.26,-0.30674846625766694,10.0,3.59,False,False,True,76.91530691530693
439,001201.SZ,东瑞股份,0.140625,34.53658536585365,1.7378158036639022,1.3291758124229687,0.8006593188359677,1.2159354704818552,212507395.0,11.4,11.57,11.31,11.43,3279602.0,37519409.0,11.42,0.08756567425569628,10.0,12.56,False,False,True,76.9133644133644
440,001238.SZ,浙江正特,0.041777188328912404,33.83458646616542,2.258916973756534,0.57313511889144,1.8355149239241713,0.7021830739495821,145422996.0,27.23,27.9,27.02,27.45,584156.0,16104309.0,27.23,0.8079324274697042,10.0,29.95,False,False,True,76.85314685314687
441,603198.SH,迎驾贡酒,0.0932768019382192,36.23693379790942,1.8366349945306513,0.7330119937500001,1.1498136044213767,1.068604615857283,800000000.0,30.05,30.88,29.79,30.41,6266400.0,189794322.0,30.24,0.562169312169325,10.0,33.26,False,False,True,76.84343434343435
442,300119.SZ,瑞普生物,0.1178310740354535,39.539899352983454,1.9044660438228849,0.9177033006650265,0.710467952281677,1.5919323401693948,338529850.0,15.0,15.62,14.95,15.31,4882600.0,74797944.0,15.04,1.7952127659574657,20.0,18.05,False,False,True,76.76961926961927
443,600997.SH,开滦股份,0.12413793103448259,33.839479392624725,2.1128025297610042,0.8190607457110752,0.8227529788156556,0.700055231641523,1587799851.0,4.96,5.12,4.96,5.09,9104250.0,45982897.0,4.97,2.4144869215291687,10.0,5.47,False,False,True,76.75019425019426
444,300993.SZ,玉马科技,0.045176110260336896,36.56147986942331,1.8371368231200278,1.6933001875945204,1.163219701272149,1.9255960332922037,242507317.0,9.74,10.38,9.72,10.28,7888001.0,79644567.0,9.78,5.112474437627812,20.0,11.74,False,False,True,76.75019425019426
445,601059.SH,信达证券,0.3155680224403927,20.316804407713484,1.9146275196323859,0.3728746083872911,1.0193142791345113,0.8492913671665691,3243000000.0,16.73,16.8,16.34,16.45,10269906.0,169673706.0,16.71,-1.5559545182525558,10.0,18.38,False,False,True,76.73853923853923
446,600716.SH,凤凰股份,0.1111111111111112,39.090909090909086,1.6775941348769048,1.0290748273036419,0.9242942787919496,0.5662943737259043,936060590.0,3.46,3.53,3.42,3.43,5454980.0,18866003.0,3.48,-1.4367816091953922,10.0,3.83,False,False,True,76.6899766899767
447,300009.SZ,安科生物,0.15254237288135603,33.33333333333335,1.6464272207370858,1.2342097929940459,0.921644981208445,1.397212847516305,1230879578.0,8.15,8.31,8.05,8.09,21216732.0,173111848.0,8.16,-0.85784313725491,20.0,9.79,False,False,True,76.67346542346543
448,603658.SH,安图生物,0.13333333333333325,19.76579134137686,2.180551045853131,0.45910741831897095,1.1597891520325516,0.8778009596892036,571424768.0,30.19,30.5,29.8,30.15,2302870.0,69434949.0,29.9,0.8361204013378032,10.0,32.89,False,False,True,76.66083916083915
449,603719.SH,良品铺子,0.07284768211920523,32.1933962264151,1.9700082621738688,1.2529758354114646,1.1291344269906385,0.9640291558464577,401000000.0,8.94,9.22,8.84,8.92,4843700.0,43483135.0,8.92,0.0,10.0,9.81,False,False,True,76.57536907536907
450,600278.SH,东方创业,0.1143695014662758,34.79020979020979,1.9124555739321192,0.824304359039593,0.994638149928816,0.8813844537758261,860518657.0,6.06,6.2,6.03,6.11,6251918.0,38660015.0,6.11,0.0,10.0,6.72,False,False,True,76.57148407148408
451,002391.SZ,长青股份,0.1320754716981129,36.82008368200835,1.4954851853319577,1.5591360462641577,0.8470780058368289,1.0280316393147755,464098311.00000006,5.09,5.18,5.0,5.13,7298000.0,37387751.0,5.06,1.3833992094861802,10.0,5.57,False,False,True,76.54817404817405
452,603569.SH,长久物流,0.081140350877193,30.000000000000004,2.094698335540364,0.9707347658694455,1.1814378018653895,0.7008484677708611,603507251.0,5.46,5.61,5.42,5.51,4105889.0,22699059.0,5.47,0.7312614259597838,10.0,6.02,False,False,True,76.53846153846155
453,002206.SZ,海 利 得,0.1300448430493274,22.24409448818898,1.999481203486766,1.4802454156473566,0.8942424876317591,1.1415410755811477,1056970986.0,5.33,5.55,5.3,5.47,17858232.0,97698242.0,5.37,1.8621973929236368,10.0,5.91,False,False,True,76.50932400932402
454,002095.SZ,生 意 宝,0.06493506493506503,35.22364217252396,2.2375482241934224,1.309891804769415,0.8962854438438594,0.9015992470249458,251708415.0,13.23,13.44,13.01,13.03,2972670.0,39219464.0,13.22,-1.4372163388804982,10.0,14.54,False,False,True,76.46270396270397
455,002641.SZ,公元股份,0.07692307692307698,19.41489361702129,1.884126850970939,1.6495024665755704,1.3709343304880368,0.5647769137210505,1133957528.0,3.87,3.99,3.85,3.93,10564288.0,41675586.0,3.9,0.7692307692307665,10.0,4.29,False,False,True,76.44910644910645
456,600116.SH,三峡水利,0.13114754098360668,30.426716141001876,1.5422994317849859,1.3806548869738606,1.1200432831541596,0.5645623741319608,1912142904.0,5.63,5.68,5.57,5.63,14904500.0,84751035.0,5.63,0.0,10.0,6.19,False,False,True,76.44327894327895
457,301019.SZ,宁波色母,0.12112932604735883,38.21656050955413,1.5262442200307753,1.4285004593848674,0.8735380435283492,3.4417871545800036,120955548.0,14.6,17.39,14.5,17.39,5219532.0,105273711.0,14.49,20.01380262249828,20.0,17.39,True,False,True,76.41996891996891
458,002701.SZ,奥瑞金,0.10878661087866134,31.8840579710145,1.8991545234984468,1.1010264004840005,1.0396871482751697,0.87954559387567,2557357434.0,4.38,4.47,4.37,4.4,24765750.0,109130716.0,4.4,0.0,10.0,4.84,False,False,True,76.35586635586635
459,300908.SZ,仲景食品,0.13588390501319253,32.190860215053775,1.7490737123794098,1.1048056777223279,1.0290104361577554,0.9381818512434943,122992524.0,16.0,16.17,15.77,16.05,1279532.0,29729186.0,15.91,0.879949717159012,20.0,19.09,False,False,True,76.33449883449885
460,000400.SZ,许继电气,0.03692762186115216,36.994219653179194,2.231799561930709,2.182218219420042,0.7194502276746156,0.7668478137490132,1011701259.0,21.01,21.52,20.92,20.96,16930105.0,358923489.0,21.26,-1.411100658513642,10.0,23.39,False,False,True,76.21989121989121
461,600933.SH,爱柯迪,0.10613437195715676,30.87693441414887,1.785819773973995,1.4462235166963664,1.056454468920106,0.9446418521811291,981013046.0,14.58,15.21,14.53,14.61,13402239.0,198815111.0,14.66,-0.3410641200545794,10.0,16.13,False,False,True,76.14996114996114
462,603676.SH,卫信康,0.09077155824508316,38.618925831202034,1.925703063480158,0.48778442026695246,1.1003317609247836,1.165100228487975,435161500.0,8.54,8.72,8.29,8.58,2473100.0,21270789.0,8.42,1.9002375296912177,10.0,9.26,False,False,True,76.12276612276612
463,002311.SZ,海大集团,0.21241326137239772,29.24107142857142,1.7598265495106644,0.6347917404759205,1.139268186075077,1.2016386269605726,1643787217.0,44.84,46.25,44.54,45.77,12540674.0,574607585.0,45.83,-0.1309186122626982,10.0,50.41,False,False,True,76.11693861693863
464,603888.SH,新华网,0.03403933434190615,25.840474620962418,2.1702558456366523,2.057945594090058,1.2253754998752187,0.7058353313776969,674738168.0,15.89,15.9,15.48,15.48,9801049.0,170065947.0,15.62,-0.8962868117797673,10.0,17.18,False,False,True,76.1091686091686
465,000045.SZ,深纺织Ａ,0.07716049382716049,38.304392236976504,2.0219422327423398,1.4747246799572546,0.7724626651843531,0.9154110187610519,457021849.0,10.15,10.39,10.02,10.08,6169700.0,62981521.0,10.29,-2.0408163265306034,10.0,11.32,False,False,True,76.10334110334111
466,601579.SH,会稽山,0.10808767951625092,39.79665940450254,1.7092315614618454,1.2715902581003793,0.8370827259019892,0.7822779453517495,479463409.0,15.2,15.45,14.98,14.98,4769400.0,72210570.0,15.2,-1.4473684210526194,10.0,16.72,False,False,True,76.08974358974359
467,002605.SZ,姚记科技,0.08881839809674841,18.962536023054753,1.884890213774336,2.0942016692928314,1.028854670631397,1.1954513382944596,338232454.0,18.25,18.72,18.23,18.51,8467400.0,158863243.0,18.47,0.21656740660531693,10.0,20.32,False,False,True,76.03535353535354
468,600133.SH,东湖高新,0.06361323155216284,31.74603174603177,2.1358836302790376,2.0058378608284504,0.8606935505118988,0.6217488756077739,1066239875.0,7.74,7.85,7.72,7.78,13297370.0,105716847.0,7.81,-0.3841229193341733,10.0,8.59,False,False,True,75.97707847707849
469,603797.SH,联泰环保,0.17391304347826098,37.46556473829201,1.7253228769797428,0.9527979274692224,0.8455750880300387,1.1337592725639571,576605190.0,3.89,3.99,3.86,3.88,6228740.0,24390480.0,3.91,-0.7672634271099765,10.0,4.3,False,False,True,75.97513597513597
470,300532.SZ,今天国际,0.0952380952380952,39.933444259567395,1.5007941689672606,1.2886773647309604,1.0411204243929768,1.6340848188603594,604581510.0,6.39,6.82,6.36,6.47,12733988.0,83858518.0,6.39,1.2519561815336422,20.0,7.67,False,False,True,75.88966588966589
471,688232.SH,新点软件,0.07500000000000001,39.514218009478675,1.9869178979977407,0.85898853499485,1.0244434209103206,0.9089394316430407,321981975.0,18.55,18.82,18.04,18.1,2513934.0,46184032.0,18.29,-1.0388190267905828,20.0,21.95,False,False,True,75.81585081585082
472,600167.SH,联美控股,0.0886319845857418,39.138943248532286,2.1989067721002544,0.49429796014744,0.9165569062142532,1.0802864336244025,2262840463.0,5.61,5.66,5.45,5.48,12083192.0,68443818.0,5.57,-1.6157989228007152,10.0,6.13,False,False,True,75.7983682983683
473,600420.SH,国药现代,0.14933333333333326,38.188976377952756,1.8698928095557814,0.5981667683701934,0.9059898304893336,3.613771148333894,1341172692.0,8.16,8.83,8.15,8.8,28991296.0,248826817.0,8.18,7.579462102689494,10.0,9.0,False,False,True,75.75757575757575
474,603310.SH,巍华新材,0.17050691244239624,22.638888888888896,1.5275244895862703,1.4741762022576121,1.2201806945567013,3.0969449214904254,194010000.0,15.55,16.69,15.3,16.31,8857415.0,142966914.0,15.51,5.157962604771105,10.0,17.06,False,False,True,75.72261072261071
475,600685.SH,中船防务,0.10995128740431442,39.074228523769804,1.9515111486708965,1.2560017136641206,0.6082186993218138,0.9291466561267677,821435181.0,25.55,25.9,25.33,25.38,9586229.0,247143030.0,25.56,-0.7042253521126751,10.0,28.12,False,False,True,75.65268065268064
476,600739.SH,辽宁成大,0.1626016260162605,24.020618556701034,1.9249212622142438,0.9321779953155643,1.1378042550434675,1.0038198202017476,1522315928.0000002,10.31,10.33,10.09,10.1,14244900.0,147076189.0,10.3,-1.9417475728155442,10.0,11.33,False,False,True,75.64102564102564
477,601222.SH,林洋能源,0.07182320441988946,34.47619047619046,1.8615306398481823,1.7209421872865294,1.0329627177265668,0.5331240990790003,2041220156.0,5.36,5.46,5.33,5.45,18727700.0,101519827.0,5.38,1.3011152416356975,10.0,5.92,False,False,True,75.63519813519812
478,002262.SZ,恩华药业,0.14962825278810407,27.561247216035632,1.8096981617843884,1.129713730253315,1.1182746740626943,1.462632059170031,883776305.0,19.35,19.97,19.34,19.75,14605272.0,288526283.0,19.57,0.9197751660705134,10.0,21.53,False,False,True,75.62742812742812
479,600862.SH,中航高科,0.125645438898451,32.990936555891246,1.8153885486573522,1.4703593396007928,0.9030785148790083,0.71075845819559,1393049107.0,17.85,18.14,17.71,17.79,14558343.0,261301392.0,18.01,-1.2215435868961788,10.0,19.81,False,False,True,75.6099456099456
480,600419.SH,天润乳业,0.07829977628635339,32.88043478260869,1.7118370536877463,1.7473098999644072,1.1727127131172823,1.1835055991757346,315514808.0,7.7,7.99,7.7,7.81,6524644.0,51015653.0,7.71,1.2970168612191912,10.0,8.48,False,False,True,75.57886557886557
481,000501.SZ,武商集团,0.11410459587955621,33.124999999999986,1.949310443143927,1.0237039814457944,1.0140054639147542,1.5737872783465985,768293891.0,7.17,7.25,6.95,6.99,12376921.0,87377924.0,7.12,-1.8258426966292096,10.0,7.83,False,False,True,75.56526806526807
482,002646.SZ,天佑德酒,0.08190476190476187,33.66013071895424,1.9113969981701857,1.3568903779936339,1.114685580465505,0.9032904681947179,475887499.0,6.5,6.66,6.5,6.5,5832300.0,38353401.0,6.55,-0.7633587786259555,10.0,7.21,False,False,True,75.51864801864801
483,002236.SZ,大华股份,0.2317880794701987,20.348837209302317,1.6915742151722324,1.5806369726026943,0.9790741866233186,1.015311224799016,2391139515.0,16.11,16.49,15.87,16.2,38373748.0,634996792.0,16.27,-0.4302397049784856,10.0,17.9,False,False,True,75.46425796425797
484,000428.SZ,华天酒店,0.1119402985074626,39.26174496644297,1.900005859563364,1.238931924398824,0.7345153084928925,0.8533326277876958,1018926000.0,3.14,3.2,3.08,3.1,10772300.0,33705071.0,3.13,-0.9584664536741117,10.0,3.44,False,False,True,75.46231546231546
485,601318.SH,中国平安,0.10314615690959791,26.085069444444443,2.1127532831408007,0.9842349144501892,1.2129572594984064,0.8769813352353117,10660065083.000002,48.49,49.33,47.95,48.07,92012954.0,4528699940.0,48.67,-1.2327922745017483,10.0,53.54,False,False,True,75.44871794871794
486,002603.SZ,以岭药业,0.2094017094017093,21.097046413502095,2.036892182713898,1.0219501568719949,0.9570112195295848,1.295259212771024,1376272762.0,15.22,15.64,15.2,15.45,18220566.0,281722900.0,15.35,0.6514657980456029,10.0,16.89,False,False,True,75.44483294483294
487,601990.SH,南京证券,0.1704545454545455,19.040000000000013,1.8753075650506783,0.725990977494842,1.4550964839935787,1.1752390699793862,4231724800.0,6.68,6.75,6.59,6.63,32599651.0,219173368.0,6.7,-1.0447761194029903,10.0,7.37,False,False,True,75.41181041181042
488,002673.SZ,西部证券,0.16473988439306372,18.993506493506484,1.9177026455090462,0.8571366769544221,1.2972183557988457,0.983020284549656,4469581705.0,6.71,6.76,6.61,6.66,37659924.0,250935332.0,6.73,-1.0401188707280906,10.0,7.4,False,False,True,75.3923853923854
489,605266.SH,健之佳,0.12462006079027363,32.82442748091603,1.7747518592238307,1.1478425593178838,1.0948088661824122,0.9733112089427336,154542928.0,15.2,15.62,15.15,15.43,1726566.0,26606432.0,15.23,1.3131976362442455,10.0,16.75,False,False,True,75.36907536907536
490,002351.SZ,漫步者,0.05641025641025641,30.32694475760993,1.922838764478271,1.8906409859908557,1.2723423377150316,0.6378702970555725,527441600.00000006,9.2,9.34,9.12,9.25,6288800.0,58241858.0,9.2,0.5434782608695787,10.0,10.12,False,False,True,75.36519036519036
491,000166.SZ,申万宏源,0.23489932885906012,13.942307692307686,1.8910249285644931,0.5907592080497681,1.3790967112624268,1.1096197729419495,22535507316.0,4.52,4.55,4.42,4.44,147724329.0,670934147.0,4.51,-1.552106430155198,10.0,4.96,False,False,True,75.23892773892774
492,301367.SZ,瑞迈特,0.062345509475418726,39.92537313432835,1.8709927177208896,1.2280180739362192,1.132441411671995,1.4488985660961478,96094563.0,39.45,40.74,39.33,39.91,1740644.0,69930245.0,39.79,0.3015833123900524,20.0,47.75,False,False,True,75.23407148407149
493,603309.SH,维力医疗,0.1780303030303029,39.90697674418604,1.6269956693385434,1.238598052790488,0.7010150728043794,1.2705824439214732,291871418.0,11.7,11.95,11.67,11.78,4593300.0,54315699.0,11.69,0.7698887938408783,10.0,12.86,False,False,True,75.17676767676768
494,300999.SZ,金龙鱼,0.14447345517841603,28.425720620842565,1.5941152697674599,1.8730760573846723,0.988170456169483,1.0149800532365933,542647097.0,24.2,24.58,23.94,24.05,10316453.0,249085766.0,24.21,-0.6608839322593929,20.0,29.05,False,False,True,75.13403263403264
495,600098.SH,广州发展,0.0862068965517242,35.384615384615394,1.9261316543028646,1.0556076303726825,1.1767126873216671,0.5237859012960197,3505864981.0000005,6.02,6.11,5.96,6.01,19384362.0,116680580.0,6.05,-0.6611570247933907,10.0,6.66,False,False,True,75.09906759906761
496,601963.SH,重庆银行,0.378453038674033,27.291886195995787,1.6900992834250583,0.6900929216816819,1.0829252411189816,0.9938833872566498,2034056198.0,9.85,10.1,9.76,9.88,13950866.0,141632747.0,9.83,0.5086469989827203,10.0,10.81,False,False,True,75.07575757575759
497,002088.SZ,鲁阳节能,0.055369127516778534,39.59731543624161,2.071656702636319,0.9232221480951385,1.2250418146399507,0.693082399952282,505964633.00000006,7.76,8.01,7.71,7.88,3236650.0,25607290.0,7.78,1.285347043701801,10.0,8.56,False,False,True,75.02719502719502
498,002996.SZ,顺博合金,0.10736196319018422,31.076388888888886,1.8446716949692885,2.2910892073726425,0.7513741605941354,1.3434350613818677,458377491.0,6.1,6.37,6.07,6.25,12959590.0,80879436.0,6.11,2.2913256955810146,10.0,6.72,False,False,True,75.003885003885
499,603100.SH,川仪股份,0.21062801932367145,31.750924784217037,1.8327609635094704,1.0534764507161862,0.9347575624380754,1.0347833132782316,511539166.0,18.33,18.49,18.05,18.06,5576390.0,101887946.0,18.4,-1.8478260869565166,10.0,20.24,False,False,True,74.97863247863246
500,603197.SH,保隆科技,0.10742971887550203,37.93638479441428,1.5728776221956227,1.4296742556611752,1.0415136027313796,1.4098785883445393,211152127.0,28.01,29.53,27.89,28.73,4256124.0,124874452.0,27.92,2.9011461318051435,10.0,30.71,False,False,True,74.94949494949495
501,300441.SZ,鲍斯股份,0.1769436997319035,23.760683760683765,1.7154015298788938,1.1745323468559155,1.283795865491475,1.735640492906714,629019147.0,6.41,6.82,6.41,6.64,12767668.0,85125331.0,6.51,1.9969278033794113,20.0,7.81,False,False,True,74.90675990675992
502,688016.SH,心脉医疗,0.19686274509803925,27.457098283931348,1.6669552065835298,1.5784293239097906,0.9970249219667204,0.8964279190425767,123262117.0,90.47,92.48,90.05,90.49,1744095.0,158739618.0,90.86,-0.4072198987453257,20.0,109.03,False,False,True,74.8989898989899
503,603288.SH,海天味业,0.19009100101112186,31.297468354430393,1.7473026474556583,0.420760062062817,1.3921942453898504,0.8932583189854583,5560600544.0,33.32,34.14,33.25,33.56,20899374.0,703389661.0,33.48,0.2389486260454099,10.0,36.83,False,False,True,74.87373737373738
504,000768.SZ,中航西飞,0.0973017170891252,31.333333333333325,2.363397699413792,1.0940325632825982,0.9250475632508668,0.7347300758375014,2776414009.0,20.52,20.79,20.31,20.32,22317333.0,458581661.0,20.69,-1.7883035282745374,10.0,22.76,False,False,True,74.84362859362861
505,002090.SZ,金智科技,0.051792828685258925,37.250293772032904,1.9828144456829506,2.272796070234197,0.8749835470736774,0.8303566098220323,398188681.0,8.73,8.98,8.68,8.72,7460700.0,65857155.0,8.77,-0.5701254275940593,10.0,9.65,False,False,True,74.84265734265735
506,301166.SZ,优宁维,0.2193784277879341,29.50222581950628,1.7093962419944053,1.755804117044895,0.8160096837181986,0.9778647569649666,56420468.0,26.81,27.64,26.73,26.73,968705.0,26300180.0,27.11,-1.4016967908520805,20.0,32.53,False,False,True,74.76884226884226
507,600056.SH,中国医药,0.16296296296296303,38.433734939759034,1.6538518295064453,0.8723303244697046,1.0049159466334068,1.1918148597110343,1495351478.0,8.91,9.14,8.9,9.02,15546515.0,140219771.0,8.96,0.6696428571428381,10.0,9.86,False,False,True,74.72416472416472
508,600029.SH,南方航空,0.10632183908045953,23.493975903614462,2.241016632478433,0.9693961955331174,1.2102795787716358,0.8963397883283017,13476972212.0,5.38,5.43,5.23,5.26,117102536.0,620788402.0,5.35,-1.6822429906542036,10.0,5.89,False,False,True,74.6989121989122
509,002239.SZ,奥特佳,0.13846153846153855,32.05128205128205,1.6408478115510783,2.1007792039149034,0.8489934311066786,0.9353190780985587,3266152096.0,2.51,2.56,2.49,2.51,53635706.0,135463142.0,2.52,-0.3968253968254065,10.0,2.77,False,False,True,74.58430458430459
510,600958.SH,东方证券,0.28994082840236707,15.75262543757292,1.7812244129820294,0.9988351557720319,1.2308291673129836,1.1037151349151857,7469482864.0,9.53,9.55,9.28,9.34,82345781.0,790720056.0,9.55,-2.198952879581162,10.0,10.51,False,False,True,74.45609945609945
511,000528.SZ,柳    工,0.07456978967495213,38.60845839017735,1.8168285598739462,1.6959418220351246,0.9985506685521043,1.7547218221023038,2034493708.0,7.71,8.18,7.68,8.07,60535413.0,483738696.0,7.72,4.5336787564767,10.0,8.49,False,False,True,74.36091686091687
512,002349.SZ,精华制药,0.1702127659574466,39.23205342237062,1.9553150071554726,0.9781043158531016,0.6500767439488401,1.240843611908907,814180908.0,6.42,6.55,6.36,6.44,9881506.0,63816465.0,6.39,0.7824726134585402,10.0,7.03,False,False,True,74.27933177933178
513,002661.SZ,克明食品,0.12561576354679796,36.33633633633633,1.8089518658532016,1.1436257946156125,1.0304589490390177,0.8538622697122403,317708801.0,7.2,7.35,7.14,7.25,3102423.0,22523028.0,7.17,1.115760111576014,10.0,7.89,False,False,True,74.25990675990677
514,605507.SH,国邦医药,0.206140350877193,26.77824267782427,1.9467090536583924,0.6137098871877329,1.2386686840856087,1.0984777679720263,782352899.9999999,15.47,15.82,15.4,15.68,5274206.0,82353439.0,15.39,1.8843404808317032,10.0,16.93,False,False,True,74.21328671328672
515,000027.SZ,深圳能源,0.07305936073059369,35.40983606557377,2.023274614067925,1.1391135245766082,1.2891982697094262,0.6575268063726432,4757389916.0,6.23,6.3,6.16,6.2,35632740.0,221785713.0,6.26,-0.9584664536741117,10.0,6.89,False,False,True,74.16472416472416
516,603025.SH,大豪科技,0.10072815533980585,34.05238828967641,2.310380198619865,0.8694668806716485,0.9837292233784009,1.1179935335960767,1109174773.0,13.68,14.08,13.52,13.57,10781826.0,148603101.0,13.81,-1.73787110789283,10.0,15.19,False,False,True,74.14724164724164
517,603866.SH,桃李面包,0.09952606635071087,36.49025069637886,1.852001108371623,0.9977326113845228,1.2520846537744157,0.8626765411268876,1599719155.0,3.76,3.89,3.76,3.84,13769111.0,52805625.0,3.8,1.0526315789473717,10.0,4.18,False,False,True,74.05982905982906
518,688468.SH,科美诊断,0.12256267409470742,39.24050632911391,1.689815301049169,0.9418064586096458,1.1149430082550964,1.1473181269134773,401108000.0,5.95,6.11,5.9,5.99,4334179.0,26110264.0,5.97,0.3350083752093891,20.0,7.16,False,False,True,73.99572649572649
519,000860.SZ,顺鑫农业,0.09859154929577459,38.04004214963119,1.6753340471294458,1.1613287767919216,1.2839892926782226,1.3348104416657618,741766989.0,10.26,10.39,10.05,10.14,11498529.0,117342198.0,10.26,-1.1695906432748426,10.0,11.29,False,False,True,73.94910644910645
520,002423.SZ,中粮资本,0.12660028449502142,30.711610486891395,2.3070856520499543,0.6897064254531775,1.0516243598271258,2.349033080079052,2304105575.0,8.94,9.19,8.82,8.85,37329810.0,340562467.0,8.9,-0.5617977528090012,10.0,9.79,False,False,True,73.9063714063714
521,603369.SH,今世缘,0.06340057636887592,32.37347294938917,2.1440280062704775,1.1977652195080855,1.5714418511561412,1.1934036176825182,1246800037.0,24.14,25.08,24.02,24.2,17821976.0,435559695.0,24.24,-0.16501650165016146,10.0,26.66,False,False,True,73.78787878787878
522,000883.SZ,湖北能源,0.15966386554621875,29.02439024390244,1.923348788710967,0.8230219211047511,1.3001574145440393,0.6643724276222305,6479510729.0,4.27,4.36,4.25,4.33,35429900.0,157655102.0,4.29,0.932400932400923,10.0,4.72,False,False,True,73.78399378399378
523,002926.SZ,,0.24216524216524207,16.081081081081084,1.9635217320038119,0.842809022857138,1.2546222340769921,1.1112634437251498,2625000000.0,8.23,8.38,8.06,8.11,24585300.0,206326848.0,8.25,-1.696969696969708,10.0,9.08,False,False,True,73.77428127428126
524,002753.SZ,永东股份,0.08536585365853666,37.36462093862816,1.8167847192921056,2.292783065882074,0.7987229794197264,0.7551601425473895,295788903.0,5.75,5.92,5.75,5.83,4464686.0,26156459.0,5.82,0.1718213058419238,10.0,6.4,False,False,True,73.76068376068376
525,605228.SH,XD神通科,0.24208144796380096,31.308016877637137,1.6256061094264602,1.6556654758982474,0.9185377780258291,2.0646671788549145,477135319.0,13.55,14.52,13.46,14.18,16310385.0,232051168.0,13.55,4.649446494464926,10.0,14.91,False,False,True,73.71794871794872
526,000958.SZ,电投产融,0.07614213197969517,20.07233273056057,2.403782659489012,1.1476356449061624,1.5086190609049894,0.35446070731520324,5383418520.0,5.65,5.71,5.6,5.61,21899302.0,123641042.0,5.68,-1.232394366197176,10.0,6.25,False,False,True,73.70629370629369
527,002811.SZ,郑中设计,0.20759493670886064,34.03643336529243,1.562139117793917,1.827391688370196,0.8528658886471625,0.7651210291243771,283063289.0,11.37,11.63,11.27,11.32,3951800.0,45839149.0,11.37,-0.4397537379067673,10.0,12.51,False,False,True,73.64024864024866
528,600211.SH,西藏药业,0.1633802816901407,25.185185185185176,2.0205389180489424,1.0846564037718633,1.1456836010594127,1.4091033672860713,322319196.0,37.23,38.24,37.0,37.36,4926304.0,190233583.0,37.23,0.34918076819769883,10.0,40.95,False,False,True,73.63247863247862
529,002939.SZ,长城证券,0.12748344370860934,28.756476683937816,1.9986319280498162,0.904663322051138,1.3501383291580888,1.2262694590171423,3602659631.0,8.48,8.52,8.25,8.28,39966501.0,338560929.0,8.49,-2.473498233215554,10.0,9.34,False,False,True,73.61111111111111
530,600529.SH,山东药玻,0.1872964169381106,18.02600472813236,1.497748804949257,1.6698471420242333,1.4850420294422193,0.9596201138575164,663614113.0000001,17.98,18.39,17.93,18.14,10633878.0,196697603.0,18.07,0.3873824017708971,10.0,19.88,False,False,True,73.52758352758353
531,600061.SH,国投资本,0.2509803921568626,14.833333333333321,1.9422036125197777,0.8018450941658061,1.3529934641740593,1.0525605441448274,6393997000.0,6.64,6.67,6.51,6.54,53964676.0,355196030.0,6.64,-1.5060240963855387,10.0,7.3,False,False,True,73.51981351981351
532,601236.SH,红塔证券,0.2005813953488371,21.011058451816744,2.0238940810224912,0.512460130896411,1.5572152528372076,0.9411836704342254,4693233706.0,7.0,7.04,6.88,6.9,22738069.0,158675399.0,7.02,-1.7094017094017033,10.0,7.72,False,False,True,73.34304584304584
533,603809.SH,豪能股份,0.05807814149947191,38.25983313468413,2.0647999546962854,1.6329720882935768,1.087079187525085,0.8137245611822793,920288807.0,8.95,9.21,8.93,9.11,12228701.0,111658468.0,8.94,1.9015659955257336,10.0,9.83,False,False,True,73.3041958041958
534,601136.SH,首创证券,0.1362038664323375,28.83156297420335,2.082504971065748,0.5461991506489201,1.4958503641248306,1.0995331641910893,2733333800.0,14.77,14.88,14.45,14.48,16415421.0,240788721.0,14.73,-1.6972165648336701,10.0,16.2,False,False,True,73.29059829059828
535,300793.SZ,佳禾智能,0.05822267620020413,39.98161764705881,1.965333298224135,1.8593672766556466,0.981139861492553,1.0066820477638956,372088326.0,11.45,11.62,11.11,11.14,6964700.0,78958912.0,11.45,-2.707423580786017,20.0,13.74,False,False,True,73.24592074592074
536,300299.SZ,富春股份,0.06147540983606555,38.19742489270386,1.8703199851123062,2.4543803586974224,0.918157490046138,1.0301968581838479,689454835.0,4.93,5.12,4.93,4.94,17431941.0,87534439.0,4.96,-0.40322580645160144,20.0,5.95,False,False,True,73.2148407148407
537,600835.SH,上海机电,0.09929078014184388,37.34567901234567,2.356832605747154,1.0325624674288725,0.87103221365885,0.7112998732044883,806504299.9999999,20.73,21.33,20.6,20.74,5923464.0,124114540.0,20.84,-0.4798464491362786,10.0,22.92,False,False,True,73.16045066045066
538,600975.SH,新五丰,0.1923076923076923,38.663484486873486,1.8744422160142924,0.9444895544293409,0.8741273787916295,3.1313226384586073,1249661740.0,4.77,4.95,4.73,4.74,36958765.0,178113409.0,4.74,0.0,10.0,5.21,False,False,True,73.15268065268066
539,600449.SH,宁夏建材,0.087759815242494,39.79779411764706,1.8896187631600458,1.3681209469613342,1.0229956449040092,1.536037614861906,478181042.0,11.22,12.39,11.18,12.39,10048904.0,120831966.0,11.26,10.035523978685612,10.0,12.39,True,False,True,73.06526806526807
540,600697.SH,欧亚集团,0.06648936170212766,35.56975505857294,1.9428158795534174,2.4354367693108814,0.9275360521330279,1.0217002019458021,155376015.0,9.89,10.1,9.81,9.89,3866200.0,38804966.0,9.89,0.0,10.0,10.88,False,False,True,73.03224553224553
541,601399.SH,国机重装,0.13150684931506848,39.33933933933933,1.6707763864199698,1.3548528948875953,0.9947531630614656,1.0555323306182252,7213555890.0,3.46,3.52,3.38,3.4,103160416.0,355535788.0,3.48,-2.298850574712641,10.0,3.83,False,False,True,72.93317793317794
542,000779.SZ,甘咨询,0.2429667519181586,29.041487839771097,0.6086372504058696,1.7970311090693198,1.2063013034843835,1.1964614553680275,464779692.0,7.93,8.18,7.89,8.12,9993000.0,80663153.0,7.94,2.26700251889167,10.0,8.73,False,False,True,72.93123543123542
543,688297.SH,中无人机,0.13256704980842887,29.062019477191182,2.295017182609019,1.2506578962962918,0.947325047603642,0.7777225824658708,675000000.0,42.75,43.07,41.5,41.59,6565488.0,276249672.0,42.48,-2.0951035781544114,20.0,50.98,False,False,True,72.83605283605284
544,300407.SZ,凯发电气,0.11290322580645173,33.23754789272031,1.9650849450442132,2.290850842246769,0.7120835422361923,0.8202055865479796,255772476.0,10.63,10.82,10.47,10.53,4860068.0,52158367.0,10.63,-0.9407337723424392,20.0,12.76,False,False,True,72.79720279720279
545,000989.SZ,九芝堂,0.1405109489051094,32.16216216216215,2.0579248570315416,1.4464559618279664,0.9242537770146808,1.464793569441949,734250252.9999999,8.11,8.33,8.08,8.19,14832602.0,121609958.0,8.17,0.244798041615657,10.0,8.99,False,False,True,72.77972027972028
546,000605.SZ,渤海股份,0.1052631578947368,39.388145315487556,1.8973641075511114,1.4065888794431736,0.939770544694669,0.9893282708155507,352658600.0,5.53,5.67,5.45,5.54,4907520.0,27317477.0,5.53,0.1808318264014508,10.0,6.08,False,False,True,72.73892773892773
547,600027.SH,华电国际,0.15384615384615394,35.944700460829516,1.506504737727935,1.438608019744523,1.1852910754378703,0.6835084941741887,9215677327.0,4.57,4.65,4.5,4.56,90617829.0,413152876.0,4.58,-0.4366812227074357,10.0,5.04,False,False,True,72.69619269619268
548,600390.SH,五矿资本,0.15289256198347076,22.522522522522515,2.373923867396854,0.8682193579877772,1.125668045792087,1.0326362763589856,4498065459.0,4.8,4.87,4.71,4.74,40327622.0,192145053.0,4.81,-1.4553014553014387,10.0,5.29,False,False,True,72.63791763791764
549,301318.SZ,维海德,0.07124148768989014,39.278350515463934,1.8145239660667378,1.6592648803397614,1.190080235595848,1.393238033781696,93180195.0,20.78,21.84,20.63,20.72,2154115.0,45555270.0,20.76,-0.19267822736032114,20.0,24.91,False,False,True,72.58547008547009
550,002441.SZ,众业达,0.10364145658263305,34.91204330175914,1.9084434252457725,2.092664923973592,0.8853998549820543,0.8429488849243828,398964279.0,7.74,7.83,7.61,7.63,7031261.0,55645141.0,7.76,-1.675257731958757,10.0,8.54,False,False,True,72.50777000777002
551,603173.SH,福斯达,0.24559819413092543,33.59497645211928,1.9256402653714182,1.0435810625000002,0.9525250277959851,2.7731350768929848,160000000.0,36.96,38.55,36.5,37.87,4630386.0,175006249.0,37.29,1.5553767766157023,10.0,41.02,False,False,True,72.50777000777
552,002111.SZ,威海广泰,0.20322580645161306,37.39445114595901,1.3691931353504645,1.6974523358948694,0.9693653424003296,1.0102665452345927,488751597.0,8.91,9.09,8.79,8.82,8381500.0,76802460.0,8.92,-1.1210762331838486,10.0,9.81,False,False,True,72.48640248640248
553,300341.SZ,麦克奥迪,0.05890227576974558,27.872670807453392,2.4169127577369145,1.6768567203811524,1.3125256767146372,0.8935932952986414,515808861.00000006,13.18,13.53,13.06,13.07,7729024.0,102494333.0,13.32,-1.8768768768768762,20.0,15.98,False,False,True,72.45920745920746
554,688271.SH,联影医疗,0.11646645180193384,36.34842622607968,1.919657737996492,0.9280546037733675,1.2834203781748086,1.2201760963619637,824157988.0,104.21,106.45,102.7,103.58,9332683.0,976084284.0,103.58,0.0,20.0,124.3,False,False,True,72.40870240870242
555,600369.SH,西南证券,0.3037037037037035,14.516129032258052,2.020227605905178,0.8090805545362725,1.2913329643063887,1.2021061769615344,6645109124.0,4.13,4.16,4.03,4.04,64630380.0,267566243.0,4.13,-2.1791767554479424,10.0,4.54,False,False,True,72.40870240870241
556,002500.SZ,山西证券,0.28350515463917525,18.049792531120335,1.9166283088644662,0.9907675915957062,1.3174746649553888,1.5591982511104032,3589771547.0,5.36,5.54,5.34,5.38,55454902.0,300836037.0,5.37,0.18621973929235924,10.0,5.91,False,False,True,72.38344988344988
557,300768.SZ,迪普科技,0.08502024291497982,39.08396946564885,1.9647583281429153,1.4569414773775637,1.0252164328099167,2.915110405706759,420667034.0,14.16,16.0,14.02,14.96,17866340.0,270778938.0,14.15,5.72438162544171,20.0,16.98,False,False,True,72.38150738150738
558,002157.SZ,正邦科技,0.23577235772357727,36.29629629629629,1.5387606145821766,1.8039500115571525,0.8532509563670164,1.2317891802072058,7787671445.000001,3.01,3.02,2.91,2.92,173045733.0,510529194.0,2.99,-2.341137123745829,10.0,3.29,False,False,True,72.36596736596738
559,600927.SH,永安期货,0.15982404692082114,35.94276094276092,2.2734712431130477,0.4748849630488954,0.980628352300139,0.930308262829471,1450444656.0,12.86,13.13,12.62,12.7,6429249.0,82254381.0,12.97,-2.0817270624518214,10.0,14.27,False,False,True,72.36596736596735
560,002737.SZ,葵花药业,0.13245033112582763,30.422794117647033,2.122404050809437,0.8366153045759096,1.344671550705827,1.471776990276793,583990700.0,11.63,12.11,11.58,11.92,7190839.0,86422101.0,11.68,2.0547945205479534,10.0,12.85,False,False,True,72.25912975912976
561,601456.SH,国联民生,0.15970515970515978,13.898704358068304,1.9413119315874963,1.1854704243780645,1.7700030782767502,0.7557741888708337,4376981617.0,9.12,9.16,8.89,8.93,39215477.0,354478457.0,9.14,-2.297592997811826,10.0,10.05,False,False,True,72.23776223776224
562,002399.SZ,海普瑞,0.14081996434937596,36.11764705882354,2.065581889467418,0.4218673678143039,1.2353194880227796,1.1713242727362745,1247201704.0,9.25,9.58,9.15,9.4,6162966.0,57906202.0,9.29,1.1840688912809538,10.0,10.22,False,False,True,72.2105672105672
563,601088.SH,中国神华,0.23045822102425845,32.15987294865008,1.9179972571866948,0.3044233169979325,1.404456980183453,1.2491086922008303,16491037955.0,38.82,40.05,38.77,39.77,62708460.0,2542417846.0,38.51,3.271877434432624,10.0,42.36,False,False,True,72.14257964257963
564,601878.SH,浙商证券,0.26502732240437127,13.522727272727275,1.91211292913396,0.975821523620648,1.5717558137008352,1.1278095578313811,4573796639.0,9.65,9.74,9.54,9.58,50336500.0,489074391.0,9.77,-1.9447287615148356,10.0,10.75,False,False,True,72.03768453768454
565,002841.SZ,视源股份,0.38951612903225796,26.998394863563412,1.9063837111099127,0.9541825281029617,1.0644187800091522,1.3086838829549254,521345446.0,35.54,35.87,34.96,35.17,6494420.0,232013721.0,35.97,-2.2240756185710198,10.0,39.57,False,False,True,71.99689199689199
566,603337.SH,杰克科技,0.10056350238404856,31.51079136690649,2.262034406448576,0.9988722245052206,1.2982918859506822,1.1982745200257143,473725491.0,35.99,39.55,35.85,39.55,5670130.0,217562264.0,35.95,10.013908205841426,10.0,39.55,True,False,True,71.95609945609945
567,688363.SH,华熙生物,0.12404447533009035,33.995113011606584,2.3492060557895655,0.7113883919215874,1.0918444398702254,0.9447764755713902,481678242.0,36.41,36.93,35.96,36.3,3237374.0,118484790.0,36.31,-0.02754062241807631,20.0,43.57,False,False,True,71.8997668997669
568,003000.SZ,劲仔食品,0.1878453038674032,17.4331550802139,1.6901584607086306,1.865801222452244,1.3485032317852828,0.5287768944000286,308060295.0,9.96,10.18,9.93,10.05,3039300.0,30883291.0,10.03,0.1994017946161719,10.0,11.03,False,False,True,71.7987567987568
569,300529.SZ,健帆生物,0.13702928870292874,33.401221995926676,1.8639915444928317,1.255246130107255,1.2501914940363452,1.106714476040991,512402075.0,16.04,16.5,16.04,16.21,7119285.0,115830428.0,16.04,1.0598503740648413,20.0,19.25,False,False,True,71.75213675213675
570,301116.SZ,益客食品,0.08976377952755911,36.54761904761905,2.0282415007791883,1.1747665293658203,1.28839962054708,0.9027506270315504,448977343.0,8.86,9.18,8.86,9.0,4761500.0,42977970.0,8.97,0.33444816053511683,20.0,10.76,False,False,True,71.72882672882673
571,301103.SZ,何氏眼科,0.10903426791277267,38.70523415977962,1.8260065144079871,1.574377596403937,1.0209668562191372,0.9927271014454307,121633616.0,15.53,15.97,15.47,15.53,1901045.0,29802381.0,15.57,-0.25690430314708745,20.0,18.68,False,False,True,71.71522921522921
572,002480.SZ,新筑股份,0.08928571428571429,38.000000000000014,1.9266585687819364,1.708521103605382,1.0304161049042253,0.6521193734764931,767487470.9999999,5.26,5.35,5.2,5.25,8552500.0,45163795.0,5.25,0.0,10.0,5.78,False,False,True,71.6977466977467
573,603087.SH,甘李药业,0.23719676549865226,28.028224225793785,1.830197922720815,1.3171386268735419,1.17581069543555,1.0911863715909949,561157260.0,57.86,58.88,57.23,57.25,8046571.0,465324877.0,58.06,-1.3951085084395465,10.0,63.87,False,False,True,71.6880341880342
574,002444.SZ,巨星科技,0.3725943033102388,27.132867132867133,1.7148121759476123,1.265217675736311,1.144625533402383,1.8810205136621183,1147158478.0,30.64,32.84,30.31,32.2,27292105.0,872300346.0,30.51,5.539167486070151,10.0,33.56,False,False,True,71.67055167055167
575,002746.SZ,仙坛股份,0.24528301886792492,28.333333333333343,1.5496915248896639,2.0630457021071904,1.0337840500946198,1.106987090703415,709676227.0000001,5.16,5.32,5.16,5.26,16207337.0,87397859.0,5.19,1.348747591522148,10.0,5.71,False,False,True,71.59673659673659
576,000631.SZ,顺发恒能,0.1286549707602338,34.87544483985765,2.176480781961751,1.0766607384712283,1.0297022802423612,0.4948528477414462,2300000085.0,3.06,3.11,3.0,3.01,12254139.0,37384592.0,3.03,-0.660066006600657,10.0,3.33,False,False,True,71.58896658896658
577,601881.SH,中国银河,0.18732782369146017,13.344887348353552,2.203971844039323,0.8651504615861864,1.5047305943712959,1.20936069774229,7243417622.999999,12.96,12.98,12.7,12.73,75786355.0,987295224.0,12.9,-1.317829457364339,10.0,14.19,False,False,True,71.58313908313909
578,300034.SZ,钢研高纳,0.2039603960396038,30.987654320987644,1.9188614391370227,2.0129384780203594,0.7938224136329282,0.8840266390877229,767055977.0,17.21,17.6,16.86,16.9,13649706.0,235167418.0,17.4,-2.8735632183908066,20.0,20.88,False,False,True,71.58119658119658
579,600980.SH,北矿科技,0.05990016638935099,32.90999447818885,2.141392872311741,2.261296426444042,1.1213247076565784,1.21339517144613,189263526.0,18.63,20.14,18.56,19.31,5193100.0,101294202.0,18.83,2.549123738714809,10.0,20.71,False,False,True,71.55982905982907
580,000090.SZ,天健集团,0.05851063829787228,34.576271186440664,1.9888607496903563,1.8619106892925612,1.5281334777806592,0.41335096857630144,1868459934.0,3.05,3.1,3.01,3.02,14379884.0,44247854.0,3.06,-1.3071895424836666,10.0,3.37,False,False,True,71.55205905205905
581,603648.SH,畅联股份,0.15608465608465608,24.686716791979933,2.0881743968019832,1.150854329648396,1.3666606812261415,0.7912308575287195,362412800.0,8.56,8.78,8.54,8.67,3300100.0,29719801.0,8.57,1.1668611435239118,10.0,9.43,False,False,True,71.3966588966589
582,601788.SH,光大证券,0.20451693851944797,18.886380737396546,1.921014082891649,1.1469251085519838,1.6899461035588623,1.252783602468422,3906698839.0,14.87,14.99,14.46,14.5,56133362.0,831548194.0,14.92,-2.815013404825739,10.0,16.41,False,False,True,71.33838383838385
583,002120.SZ,韵达股份,0.3040293040293041,33.719008264462815,1.6570660060143418,1.1773784007956676,1.1343985328851605,2.377235847607883,2815129913.0,6.84,7.02,6.76,6.93,78792844.0,544476230.0,6.88,0.7267441860465018,10.0,7.57,False,False,True,71.32284382284382
584,688586.SH,江航装备,0.15234375,38.65932047750229,2.201111731122855,1.0786977537100366,0.8124803760488712,0.6958579268047028,791339155.9999999,11.57,11.79,11.37,11.4,5939953.0,68885438.0,11.63,-1.9776440240756754,20.0,13.96,False,False,True,71.24320124320124
585,600621.SH,华鑫股份,0.20907840440165076,26.825127334465204,2.108562714605038,1.3170891059469139,1.0425631419727686,0.938761205637534,1060899292.0,13.26,13.38,12.91,12.94,13117300.0,173705476.0,13.3,-2.7067669172932463,10.0,14.63,False,False,True,71.23348873348873
586,603233.SH,大参林,0.26190476190476164,30.92425295343988,2.1580131743274427,0.5581980200696995,1.1360177680023702,1.3727251003339744,1138854520.0,16.2,16.44,15.8,16.29,8726474.0,140650147.0,16.15,0.8668730650154943,10.0,17.77,False,False,True,71.1985236985237
587,600872.SH,中炬高新,0.19419237749546278,34.09653465346536,1.3129352747723755,1.8382056619691605,1.223710476890117,3.2630836162696486,770987950.0,17.22,18.59,17.22,18.45,46245544.0,858454093.0,17.23,7.080673244341251,10.0,18.95,False,False,True,71.0994560994561
588,300783.SZ,三只松鼠,0.0753880266075389,34.99344692005244,2.239862523244001,2.229142161619847,0.8986034445376511,1.1339917040674743,280282400.0,16.42,16.76,16.27,16.5,7085059.0,117036289.0,16.28,1.3513513513513375,20.0,19.54,False,False,True,71.04506604506605
589,002230.SZ,科大讯飞,0.06911142454160792,30.502821959979485,2.3544392881717444,2.3316674338606562,0.9979450147371568,1.0649742271028182,2189226475.0,41.29,41.9,40.57,40.98,54363612.0,2236662435.0,40.94,0.09770395701025336,10.0,45.03,False,False,True,70.97902097902097
590,600196.SH,复星医药,0.18589211618257276,31.185944363103957,1.8747057023126241,1.1447861921103075,1.3643994156616748,1.5743055098594683,2118488825.0,22.77,23.23,22.57,22.64,38180321.0,886716137.0,22.73,-0.3959524857017116,10.0,25.0,False,False,True,70.90714840714841
591,603768.SH,常青股份,0.10666666666666676,38.089887640449426,1.5847293887391747,1.633713390799197,1.4260359854737539,0.7861573945135721,237955857.0,9.51,9.76,9.4,9.43,3056200.0,29258737.0,9.38,0.5330490405117239,10.0,10.32,False,False,True,70.87801087801088
592,300625.SZ,三雄极光,0.08845208845208835,38.51351351351351,1.8783461472576495,1.78713938867218,1.100431366384481,0.8781684473904121,161971756.0,9.25,9.44,9.14,9.15,2542000.0,23615376.0,9.24,-0.9740259740259716,20.0,11.09,False,False,True,70.86052836052836
593,603307.SH,扬州金泉,0.1427184466019419,38.58719646799118,1.760404004225742,1.0495420483787914,1.3057328211694408,0.9391865065096999,97150000.0,24.34,24.6,23.98,24.26,861985.0,21019353.0,24.12,0.5804311774461057,10.0,26.53,False,False,True,70.8119658119658
594,002356.SZ,鹏飞绿能,0.09090909090909079,35.555555555555564,1.9674495434879435,2.489849774842686,0.8860070903730146,0.593597522623152,1311247021.0,2.89,2.93,2.83,2.84,19379820.0,55619063.0,2.9,-2.0689655172413834,10.0,3.19,False,False,True,70.73620823620824
595,300452.SZ,山河药辅,0.1750000000000001,37.5,1.9971575238311317,1.7487693954092638,0.6781071700131673,1.2231718367453104,198629687.0,12.08,12.4,12.01,12.2,4248827.0,51992773.0,12.1,0.8264462809917328,20.0,14.52,False,False,True,70.67599067599068
596,600272.SH,开开实业,0.08731082654249125,39.05930470347649,1.990860548729423,1.7701915625000002,1.0000022949546306,1.197116555005611,160000000.0,10.53,10.85,10.48,10.62,3390601.0,36260704.0,10.53,0.8547008547008517,10.0,11.58,False,False,True,70.66627816627816
597,002086.SZ,东方海洋,0.09356725146198827,36.94267515923566,2.021050496292585,2.2590851775673095,0.8606294011072937,1.555794123847672,1580971270.0,1.72,1.8,1.72,1.76,55575767.0,98028334.0,1.73,1.7341040462427681,10.0,1.9,False,False,True,70.66433566433567
598,002727.SZ,一心堂,0.09730538922155695,37.22943722943721,2.1476762192747847,1.6971384049035723,0.9500972460233373,1.38636054301258,397458083.0,9.86,10.15,9.83,9.99,9261930.0,94254614.0,9.89,1.0111223458038276,10.0,10.88,False,False,True,70.64491064491065
599,688334.SH,西高院,0.15667808219178098,28.801843317972352,2.3514408426538704,1.575780529703829,0.9013112881396271,0.7018489745949147,312171069.0,18.2,18.43,18.08,18.23,2150242.0,39847344.0,18.21,0.10982976386599841,20.0,21.85,False,False,True,70.61188811188812
600,300370.SZ,安控科技,0.10000000000000009,38.65979381443299,1.9174035130482927,1.7139685941385228,1.0505516421788947,1.2041780669560058,1561476109.0,2.1,2.16,2.04,2.06,32227560.0,67597923.0,2.1,-1.904761904761909,20.0,2.52,False,False,True,70.3962703962704
601,000906.SZ,浙商中拓,0.143617021276596,38.21138211382114,1.8718254108875598,1.22787417446016,1.1202590306685756,1.2793205387117093,703701505.0,5.12,5.26,5.11,5.15,11020550.0,57162768.0,5.19,-0.770712909441229,10.0,5.71,False,False,True,70.38461538461539
602,301047.SZ,义翘神州,0.3969133359715074,28.258602711157454,1.9274997503163818,0.904747852078803,1.1770172777025003,2.108780351955734,119580621.0,67.25,68.79,66.81,67.41,2281496.0,156180982.0,67.57,-0.23679147550688118,20.0,81.08,False,False,True,70.37490287490286
603,002249.SZ,大洋电机,0.1753623188405797,38.04945054945055,1.5264825263535304,2.206384796767387,0.9056350129514159,1.44552823197355,1863776633.0,7.5,7.85,7.45,7.57,59389943.0,454851024.0,7.5,0.9333333333333416,10.0,8.25,False,False,True,70.36713286713287
604,688389.SH,普门科技,0.2688588007736945,37.60683760683763,1.9639057225702252,0.626325537142154,1.0638810760926054,1.3698672349981353,428485730.0,10.75,10.81,10.44,10.47,3676334.0,38883539.0,10.75,-2.6046511627906943,20.0,12.9,False,False,True,70.30691530691531
605,601555.SH,东吴证券,0.3125000000000003,20.396600566572243,2.2927200055333037,1.0589064817522258,1.0570310355043173,1.1331099655603665,4968702837.0,8.06,8.09,7.85,7.94,59617353.0,486355049.0,8.06,-1.488833746898266,10.0,8.87,False,False,True,70.26029526029527
606,002991.SZ,甘源食品,0.09223892726533942,39.49044585987262,1.9906374752891047,1.6477069617063829,1.0360489136902045,0.9515519783596977,49933706.0,39.94,40.8,39.81,40.31,782900.0,32178013.0,39.95,0.9011264080100112,10.0,43.95,False,False,True,70.25446775446775
607,002011.SZ,盾安环境,0.13743218806509971,32.72543059777102,2.0821284548296624,1.5532322775416052,1.0645261436338982,0.8737697789622316,1059677983.0,10.56,10.69,10.44,10.63,14380137.0,153844401.0,10.63,0.0,10.0,11.69,False,False,True,70.18842268842269
608,603329.SH,上海雅仕,0.14249363867684492,35.55811277330265,1.6220185694015992,1.7822315817762373,1.2550131618230362,1.1928012159237884,206383053.0,9.22,9.55,9.17,9.33,4387390.0,41207133.0,9.25,0.864864864864856,10.0,10.18,False,False,True,70.13403263403264
609,600298.SH,安琪酵母,0.2908792111750204,23.376623376623385,1.9555580260083327,1.1767452088350967,1.332369100036227,1.1564761298075024,857150471.0,36.68,37.95,36.4,37.14,11664770.0,433879219.0,36.65,1.3369713506139247,10.0,40.32,False,False,True,70.11460761460762
610,600883.SH,博闻科技,0.12714776632302408,37.68328445747802,1.707984555319787,2.0419424536613424,1.0295137691706526,1.045556704493386,236088000.0,7.2,7.46,7.16,7.24,5040400.0,36829387.0,7.19,0.6954102920723182,10.0,7.91,False,False,True,70.01942501942503
611,688029.SH,南微医学,0.22395526780459088,29.634703196347022,2.364719641749029,0.9089760624982072,1.0563795717348596,1.0696941313968746,187847422.0,72.97,75.5,72.1,72.62,1826490.0,134389742.0,73.31,-0.9412085663620173,20.0,87.97,False,False,True,69.97863247863248
612,600566.SH,济川药业,0.20398773006135,30.85660198769522,2.1280529362616996,0.7515542595969834,1.3943171535023033,1.2370714878894191,918621360.0,21.97,22.98,21.58,22.44,8540310.0,192441038.0,22.46,-0.08904719501335867,10.0,24.71,False,False,True,69.94949494949495
613,301036.SZ,双乐股份,0.08818443804034588,35.62734082397003,1.7596056990288076,2.4589113148060573,1.1758691700722443,1.2386116993077887,69679408.0,23.04,24.42,22.62,23.18,2142600.0,50487002.0,22.89,1.2669287898645631,20.0,27.47,False,False,True,69.91647241647242
614,002476.SZ,新叶股份,0.08529411764705883,36.165577342047925,2.30362502545272,1.9607561601307149,0.9238560534612379,1.2672691125390076,612000000.0,4.85,5.15,4.84,4.96,15207011.0,76378715.0,4.88,1.6393442622950838,10.0,5.37,False,False,True,69.88733488733489
615,001289.SZ,龙源电力,0.1853932584269664,34.78260869565217,2.238501663110898,0.24043877916053902,1.2817874435261922,0.9371727528215418,5041934164.0,15.7,16.12,15.41,15.43,11361125.0,177737016.0,15.8,-2.3417721518987356,10.0,17.38,False,False,True,69.86985236985237
616,001322.SZ,箭牌家居,0.1362530413625305,38.39285714285716,2.0647829661447186,0.7148639950402946,1.3004826973996748,3.841146452720838,785611975.0,6.12,6.78,6.06,6.47,21572098.0,142939536.0,6.16,5.032467532467533,10.0,6.78,True,False,True,69.83877233877233
617,600816.SH,建元信托,0.07947019867549675,39.58333333333335,2.1250431134208267,1.3296599249648544,1.240755103232884,0.8576701588249583,5469137919.0,2.51,2.55,2.45,2.47,62370576.0,155556785.0,2.52,-1.984126984126977,10.0,2.77,False,False,True,69.81157731157731
618,600557.SH,康缘药业,0.156677181913775,37.13751169317119,2.2716646848077433,0.963635280804937,0.9979771398603324,2.6115905072597387,566158806.0,12.19,12.77,12.09,12.61,14248070.0,177534310.0,12.18,3.530377668308704,10.0,13.4,False,False,True,69.62315462315462
619,002533.SZ,金杯电工,0.17878787878787875,38.21782178217823,2.1939880673121444,1.6230301507569835,0.5900434822499828,0.784807704255956,646143983.0,10.63,10.84,10.55,10.66,8130900.0,87158714.0,10.65,0.09389671361501595,10.0,11.72,False,False,True,69.62121212121212
620,601377.SH,兴业证券,0.2831858407079645,13.5623869801085,1.8179970820073514,1.6409818834316543,1.5113225138599717,1.079515154272115,8635987294.0,6.17,6.19,6.02,6.03,152983476.0,944824629.0,6.17,-2.269043760129652,10.0,6.79,False,False,True,69.57070707070707
621,601021.SH,春秋航空,0.23770491803278704,14.382442213401836,2.1350214239796417,1.12478638583729,1.5962083137388239,0.5855453143740993,978333423.0,46.62,47.39,45.7,45.91,6443435.0,302669962.0,46.35,-0.9492988133764979,10.0,50.99,False,False,True,69.52602952602953
622,603266.SH,天龙股份,0.10755336617405589,34.76038338658147,2.3523989337686624,1.6697814711135814,0.9569179280159286,1.4798067831965325,198886750.0,16.56,18.06,16.56,17.49,4914400.0,86140498.0,16.96,3.124999999999978,10.0,18.66,False,False,True,69.4949494949495
623,000972.SZ,中基健康,0.19823788546255514,33.77049180327869,2.310281201344579,1.0523845795503413,0.9925613502230853,1.704129909345776,771283579.0,3.35,3.69,3.35,3.69,13832200.0,49565777.0,3.35,10.149253731343277,10.0,3.69,True,False,True,69.44444444444444
624,601187.SH,厦门银行,0.36966824644549756,20.839580209895068,2.152745895992046,0.8294270077591173,1.355359187503025,0.7428914696995427,2633380091.9999995,6.75,6.96,6.75,6.85,16226210.0,110525416.0,6.8,0.7352941176470562,10.0,7.48,False,False,True,69.29681429681429
625,600155.SH,华创云信,0.19243986254295548,24.90347490347491,2.12156347832247,1.4335006569652509,1.3007094000611552,0.8745657041106641,2213542477.0,5.69,5.79,5.62,5.64,27750972.0,157585532.0,5.74,-1.7421602787456525,10.0,6.31,False,False,True,69.16278166278165
626,300699.SZ,光威复材,0.110386352232815,38.609746883264066,2.017226600720164,2.2629355367252932,0.815140635892017,1.2481359300425965,823380299.0,28.25,29.28,28.17,28.4,23207619.0,667599056.0,28.67,-0.9417509591908013,20.0,34.4,False,False,True,69.14335664335664
627,600763.SH,通策医疗,0.1559167089893347,36.79680295112205,1.991879885592081,1.7328477500157848,0.942310852798658,1.1994952443473412,447289117.0,35.5,36.3,35.08,35.38,9297095.0,330607360.0,35.6,-0.6179775280898858,10.0,39.16,False,False,True,69.04623154623154
628,002847.SZ,盐津铺子,0.08845491097070643,39.718439879990775,2.121993683963632,1.4086003244068561,1.1908841145765616,0.9986493553015999,243838762.0,46.38,47.99,46.28,47.21,3430091.0,161609371.0,46.41,1.7237664296487987,10.0,51.05,False,False,True,68.95299145299145
629,603071.SH,物产环能,0.13429256594724231,37.200736648250476,2.3237248191811366,0.720850807385448,1.224526677931528,0.5825432305878409,557954442.0,11.38,11.66,11.37,11.54,2343000.0,27069557.0,11.42,1.0507880910682887,10.0,12.56,False,False,True,68.89665889665889
630,603038.SH,华立股份,0.19794871794871796,27.1948608137045,2.0569831726592285,1.9241873179920241,1.0410584144263044,0.8506144896870138,268677106.0,15.18,16.28,15.12,15.73,4397550.0,69646601.0,15.49,1.5493867010974771,10.0,17.04,False,False,True,68.88111888111887
631,600618.SH,氯碱化工,0.15617715617715616,36.459430979978926,2.3901794673684997,1.5653208785443529,0.7850756652062855,1.2432225097995924,749839976.0,10.58,10.74,10.31,10.56,14592202.0,157899897.0,10.53,0.2849002849002913,10.0,11.58,False,False,True,68.79759129759131
632,300627.SZ,华测导航,0.09424842919284675,32.83245679939895,2.204103171491107,2.0237764905144005,1.1258546147272726,0.8025426042330144,655681456.0,28.6,29.14,27.8,27.82,10633151.0,300380178.0,28.57,-2.6251312565628293,20.0,34.28,False,False,True,68.72766122766122
633,600312.SH,平高电气,0.24630996309963116,37.926972909305064,2.0940871657157825,1.564865656480006,0.7486682145516289,0.778317531483141,1356921309.0,17.15,17.5,17.1,17.23,16526791.0,286169280.0,17.28,-0.2893518518518601,10.0,19.01,False,False,True,68.66161616161618
634,688505.SH,复旦张江,0.24266144814090027,27.203647416413368,2.157420967271204,0.9368824641440279,1.5453990938701245,1.5647311566166888,710572100.0000001,7.76,7.99,7.67,7.72,10416768.0,81351988.0,7.82,-1.278772378516635,20.0,9.38,False,False,True,68.57031857031858
635,600071.SH,凤凰光学,0.11987381703470036,33.74613003095976,1.9906831062545964,1.8262869360020777,1.2276946908892798,1.0693033433186243,281573889.0,17.29,17.75,17.02,17.1,5498729.0,95476557.0,17.29,-1.098901098901084,10.0,19.02,False,False,True,68.50621600621601
636,603605.SH,珀莱雅,0.1615320566194838,25.141030462579916,2.0474392108941117,1.6142887217908426,1.5891969506854444,0.6306542475452922,395976049.0,59.29,59.63,57.54,57.7,4031266.0,239974723.0,59.0,-2.203389830508473,10.0,64.9,False,False,True,68.35858585858585
637,301289.SZ,国缆检测,0.09448818897637809,29.760830324909747,2.336616181332468,1.6640121598587834,1.5009472688188061,0.5732831978055006,77500900.0,46.7,47.95,46.43,46.53,739320.0,34859396.0,46.84,-0.6618274978650751,20.0,56.21,False,False,True,68.15268065268066
638,000728.SZ,国元证券,0.3772455089820359,22.070015220700135,1.8341166584859203,1.3073961398829528,1.8548281615553597,1.1280382765129546,4363777891.0,7.71,7.8,7.56,7.57,64356686.0,491037876.0,7.83,-3.3205619412515985,10.0,8.61,False,False,True,68.04001554001553
639,688557.SH,兰剑智能,0.26333907056798617,32.45243128964057,2.117114769418167,1.4769093463903804,1.007515882731049,2.179239203917058,102679640.0,21.86,23.56,21.71,22.54,3304784.0,110734089.0,21.98,2.547770700636942,20.0,26.38,False,False,True,68.03418803418803
640,002516.SZ,旷达科技,0.26293103448275873,29.111531190926286,1.6903799844841898,1.7874244181209622,1.4767033555411,0.9275219030217629,1456568682.0,5.56,5.87,5.5,5.61,24161370.0,137576221.0,5.58,0.5376344086021501,10.0,6.14,False,False,True,68.02836052836054
641,605009.SH,豪悦护理,0.11644154634373544,36.54404646660214,2.236067676214707,0.9804446852081329,1.5225109503704766,1.566772631349032,215037960.0,23.16,24.58,23.08,24.22,3303271.0,81707001.0,23.16,4.576856649395511,10.0,25.48,False,False,True,67.98174048174047
642,603350.SH,安乃达,0.14739364889155188,31.190150478796163,1.8977035744159678,2.485339097326878,1.0663443418701029,1.0729357841876501,44124500.0,31.22,31.84,30.82,31.09,1176628.0,36894529.0,31.7,-1.9242902208201906,10.0,34.87,False,False,True,67.92152292152292
643,605319.SH,无锡振华,0.2931533269045322,36.810933940774504,1.9911685136975303,1.4622938085874393,0.9207685297202408,0.6466234404513173,348151697.0,22.61,22.99,22.08,22.22,3291960.0,74168069.0,22.7,-2.114537444933917,10.0,24.97,False,False,True,67.91763791763792
644,603444.SH,吉比特,0.20396485955380877,30.670069785474286,1.760302972444353,2.4447722557710443,1.0930174979900475,1.7655450133353425,72041101.0,353.29,368.89,351.86,355.25,3109550.0,1157682593.0,354.18,0.3021062736461744,10.0,389.6,False,False,True,67.83799533799534
645,301215.SZ,中汽股份,0.15555555555555556,31.124497991967857,2.390407726377474,1.171200359195397,1.2583462617262453,0.929080136607202,1322400000.0,5.36,5.45,5.33,5.36,14389550.0,77516854.0,5.4,-0.7407407407407418,20.0,6.48,False,False,True,67.79137529137527
646,603665.SH,康隆达,0.14183551847437423,35.518905872888176,2.1431717894029396,1.9508829579485676,0.956131179143526,0.7088395644424261,160167707.0,26.3,27.0,26.01,26.57,2214900.0,59203101.0,26.15,1.6061185468451367,10.0,28.77,False,False,True,67.71173271173271
647,300864.SZ,南大环境,0.19004524886877802,33.06666666666666,1.8779820950839803,1.6726645087083762,1.3215665520045032,0.6346268419724644,157910683.0,19.4,19.65,19.14,19.17,1676250.0,32520152.0,19.58,-2.093973442288033,20.0,23.5,False,False,True,67.65540015540016
648,600570.SH,恒生电子,0.08085977482088016,36.95866141732282,2.4506267809742877,1.7285695521327225,1.10831438049735,1.1625973394894409,1893647942.0,22.05,22.39,21.26,21.29,38055324.0,828826990.0,21.9,-2.785388127853883,10.0,24.09,False,False,True,67.61655011655012
649,688439.SH,振华风光,0.2211764705882352,33.52657004830919,2.1559981905048593,1.5595923,1.0261528814799414,1.0206279551393014,200000000.0,46.9,48.34,45.75,45.86,3183527.0,149316236.0,47.98,-4.4185077115464715,20.0,57.58,False,False,True,67.47280497280498
650,300193.SZ,佳士科技,0.3295019157088123,21.178120617110817,2.0747576503483183,1.9461905687980545,1.0533788501357828,0.8140494746539272,418156172.0,7.95,8.1,7.91,7.94,6646802.0,55186541.0,7.99,-0.6257822277847325,20.0,9.59,False,False,True,67.40870240870241
651,603066.SH,音飞储存,0.27607361963190197,30.338266384778013,1.5363049354229479,1.958882640025437,1.609607632745356,1.5541828519500012,294180074.0,10.05,11.09,10.05,10.47,8956200.0,95053869.0,10.16,3.0511811023621993,10.0,11.18,False,False,True,67.33100233100232
652,000750.SZ,国海证券,0.2993197278911564,17.10914454277286,2.27374904838529,1.2333661286537516,1.4010562343983524,1.1647891918758766,5796203977.0,3.81,3.85,3.73,3.75,83268935.0,316698309.0,3.83,-2.088772845953002,10.0,4.21,False,False,True,67.27078477078477
653,603207.SH,小方制药,0.11254396248534573,33.31744518589132,1.9570525480115613,2.329526945569126,1.2326287783428769,1.6344823976681597,54602946.0,23.01,23.71,22.9,23.24,2076748.0,49216876.0,22.9,1.4847161572052459,10.0,25.19,False,False,True,67.16783216783217
654,002748.SZ,世龙实业,0.23261390887290162,30.40473840078972,2.0651282821367625,2.3936937916666636,0.8929957797380794,0.9333030291694753,240000000.0,10.75,11.11,10.6,10.87,5361700.0,59158787.0,10.78,0.8348794063079756,10.0,11.86,False,False,True,67.16783216783216
655,300869.SZ,康泰医学,0.06747404844290653,38.27655310621243,2.2601819818664053,1.7780097429718262,1.4369190783805548,0.9283891698617177,263734916.0,10.68,10.95,10.62,10.67,4359473.0,46899093.0,10.76,-0.8364312267657992,20.0,12.91,False,False,True,67.14646464646464
656,600918.SH,中泰证券,0.22580645161290339,25.562372188139058,2.1931372009623544,1.1897089719104468,1.8117581255405242,1.07234864921348,4562824063.0,5.44,5.51,5.36,5.39,58211725.0,317489171.0,5.45,-1.1009174311926717,10.0,6.0,False,False,True,67.00854700854701
657,601868.SH,中国能建,0.2807017543859649,38.28125,1.945097137722993,1.6736339030689877,0.9079636189531982,0.6402101856331344,32428727636.0,2.64,2.67,2.62,2.63,347466511.0,927937982.0,2.66,-1.1278195488721887,10.0,2.93,False,False,True,66.86674436674437
658,601225.SH,陕西煤业,0.3228699551569505,34.915084915084925,2.2618652197578704,0.611895293450227,1.2310799005129414,1.083104405238009,9695000000.0,21.1,21.78,21.02,21.5,64253272.0,1374091260.0,20.97,2.5274201239866567,10.0,23.07,False,False,True,66.83760683760683
659,688289.SH,圣湘生物,0.20150053590568048,39.92537313432835,1.9246110702477892,0.9988010435272924,1.3413798778419321,1.3140009412066074,579388006.0,15.38,15.52,14.95,15.05,7604036.0,115214000.0,15.28,-1.5052356020942348,20.0,18.34,False,False,True,66.78418803418803
660,600779.SH,水井坊,0.09745194456861868,35.352789065386034,2.416998059571727,1.3787612219930463,1.4545866025349152,0.8071852895505895,487503198.0,28.89,29.44,28.59,28.7,5425500.0,158096176.0,29.25,-1.8803418803418848,10.0,32.18,False,False,True,66.76184926184925
661,300636.SZ,同和药业,0.17522658610271907,36.497545008183295,2.2942491410501185,1.6443136166320722,0.9307428002743348,0.8784295742614711,367310277.0,6.68,6.84,6.61,6.68,5305480.0,35693239.0,6.69,-0.1494768310911887,20.0,8.03,False,False,True,66.75213675213675
662,000543.SZ,皖能电力,0.24489795918367344,34.26573426573425,1.6963836629654583,2.256043675003532,1.1113050908043915,0.768694646587373,2266863331.0,7.37,7.53,7.27,7.38,39312141.0,303928227.0,7.38,0.0,10.0,8.12,False,False,True,66.70357420357419
663,000541.SZ,佛山照明,0.2618181818181817,25.053995680345587,2.1367637615727912,1.3196008541214177,1.6417277987151335,0.9825205466691486,1221592075.0,5.24,5.35,5.21,5.23,15838097.0,83395619.0,5.35,-2.24299065420559,10.0,5.89,False,False,True,66.69386169386169
664,603656.SH,泰禾智能,0.10627530364372478,29.486404833836843,2.045102981161904,2.329530192288339,1.537886542740117,0.6351355617757971,182945358.0,17.6,17.95,17.24,17.24,2706800.0,47571078.0,17.6,-2.0454545454545614,10.0,19.36,False,False,True,66.64529914529915
665,688278.SH,特宝生物,0.17415862555895503,34.099999999999994,2.2468686965320086,0.9905457387093826,1.5417353573303099,1.1349499239916074,408189480.0,57.92,58.98,56.6,57.46,4588947.0,265217152.0,57.4,0.1045296167247356,20.0,68.88,False,False,True,66.56177156177155
666,000552.SZ,甘肃能化,0.12500000000000014,35.8744394618834,2.381917651292113,1.9957985544388053,0.9250200521870939,0.6859214014497561,3725813542.0,2.33,2.39,2.32,2.34,51004906.0,119725059.0,2.33,0.42918454935620964,10.0,2.56,False,False,True,66.49572649572649
667,002567.SZ,唐人神,0.21052631578947367,39.29712460063899,2.0644778431778357,1.44451311748688,1.0004142187857405,2.183179153679914,1431666421.0,3.62,3.66,3.49,3.56,45149475.0,161483826.0,3.57,-0.2801120448179262,10.0,3.93,False,False,True,66.39957264957265
668,600955.SH,维远股份,0.26373626373626374,38.48275862068964,2.4874239675484553,1.185891181818177,0.7978159512024053,1.1863268460244283,550000000.0,15.89,16.53,15.77,16.15,7737700.0,125441950.0,15.9,1.5723270440251458,10.0,17.49,False,False,True,66.34226884226884
669,002797.SZ,第一创业,0.2619047619047619,33.278145695364245,2.2336819447713325,2.247784443413283,0.722006478223255,0.7640612677266605,4202400000.0,6.67,6.73,6.58,6.63,72173910.0,484897735.0,6.7,-1.0447761194029903,10.0,7.37,False,False,True,66.31895881895882
670,688088.SH,虹软科技,0.07848022422921218,39.00390039003901,2.4717016724733285,1.9590588687500334,1.0334032225753975,0.8961778544316729,401170400.0,36.14,36.45,35.11,35.21,7043209.0,252495847.0,35.85,-1.7852161785216203,20.0,43.02,False,False,True,66.31313131313132
671,000680.SZ,山推股份,0.23443983402489604,35.6762513312034,1.9002580653327001,1.8373588196132895,1.1092946752872415,0.919834186851791,1314570547.0,9.91,10.26,9.85,10.12,22218769.0,224388978.0,9.94,1.810865191146882,10.0,10.93,False,False,True,66.2956487956488
672,603889.SH,新澳股份,0.2902097902097902,39.04382470119523,1.8423111397786607,1.3230961038339257,1.1878964500568487,1.2042487921540057,942137356.0,5.05,5.33,5.04,5.26,15011422.0,78010741.0,5.08,3.543307086614167,10.0,5.59,False,False,True,65.97125097125097
673,600276.SH,恒瑞医药,0.29915730337078666,29.540433053468853,2.0536798011926303,1.4336151457844695,1.471609409742655,1.4436667269899324,6379002274.0,53.8,55.45,53.09,53.49,132023817.0,7141714076.0,53.78,-0.539233915953885,10.0,59.16,False,False,True,65.69153069153069
674,600702.SH,舍得酒业,0.06867903627803944,38.32127351664256,2.1039323247825177,2.4618365711107515,1.410022596582005,0.9795394645386859,331950865.0,37.03,37.6,36.2,36.3,8011097.0,294313066.0,37.03,-1.9713745611666278,10.0,40.73,False,False,True,65.55167055167055
675,301589.SZ,诺瓦星云,0.10700413482019787,38.04450242806408,1.9980663218026067,2.4359835322600065,1.129133918100341,1.2799562151994361,34464960.0,146.52,150.8,144.21,144.23,1074601.0,158552941.0,146.51,-1.556207767387896,20.0,175.81,False,False,True,65.47979797979798
676,002801.SZ,微光股份,0.1544540229885059,37.287480680061826,2.235417715496593,1.8349259559578446,1.0041732216857437,1.4679679520924764,115802700.0,27.85,30.41,27.82,29.06,3119276.0,91835875.0,28.03,3.6746343203710286,10.0,30.83,False,False,True,65.42152292152292
677,600575.SH,淮河能源,0.07317073170731729,39.29712460063899,2.3155364506746414,2.0099956074361103,1.2699511287734377,1.0056574382191383,3886261065.0,3.19,3.31,3.09,3.1,78555600.0,250747457.0,3.22,-3.7267080745341685,10.0,3.54,False,False,True,65.39918414918414
678,603939.SH,益丰药房,0.16206482593037227,37.89592760180995,2.4163529141161675,1.009671653463462,1.2431984242966565,1.4881143222887168,1212392486.0,19.15,19.75,18.98,19.27,18216279.0,353505123.0,19.03,1.2611665790856375,10.0,20.93,False,False,True,65.31662781662781
679,301585.SZ,蓝宇股份,0.12764291307752565,32.49691484985604,2.152045001632435,2.2065756923779745,1.2726770560673666,1.1440267427391373,68111886.0,25.91,26.91,25.7,26.42,1719338.0,45340709.0,25.94,1.8504240555127227,20.0,31.13,False,False,True,65.14568764568764
680,600789.SH,鲁抗医药,0.08368200836820072,36.801242236024834,2.453894706301945,1.9462892489764665,1.2569556306778509,1.8726799899117568,1010298197.0,6.75,7.01,6.71,6.85,33962483.0,235188667.0,6.84,0.14619883040936088,10.0,7.52,False,False,True,65.12820512820514
681,002414.SZ,高德红外,0.33914053426248547,33.24675324675324,2.415912696322114,1.7153074639595411,0.8923450772254591,0.9959291539220742,3398612431.0,12.62,13.0,12.32,12.41,58059336.0,737921339.0,12.78,-2.8951486697965545,10.0,14.06,False,False,True,64.55128205128204
682,603080.SH,新疆火炬,0.20880069025021555,35.94009983361064,2.4451830143717728,1.8991361484098892,0.8849043894889357,0.6154927831889645,141500000.0,18.99,19.76,18.99,19.29,1654000.0,32177112.0,19.2,0.46874999999999556,10.0,21.12,False,False,True,64.3978243978244
683,600483.SH,福能股份,0.3005952380952381,31.52173913043479,2.2019329716332603,1.4648336538124802,1.3410493300130146,1.1170015823963135,2780146609.0,9.76,10.17,9.58,10.04,45489226.0,463444840.0,9.75,2.9743589743589594,10.0,10.73,False,False,True,64.26767676767678
684,000415.SZ,渤海租赁,0.366812227074236,35.635359116022094,2.455208044597707,1.3940835181386062,0.9528076025154786,0.946579776215043,5392913883.0,4.22,4.32,4.12,4.22,71165500.0,299864031.0,4.15,1.6867469879517927,10.0,4.57,False,False,True,63.679098679098665
685,300701.SZ,森霸传感,0.07335329341317343,38.67403314917126,2.320234372675039,2.496748696786774,1.2763690083149914,0.9897990422931837,250841723.0,9.59,9.78,9.34,9.36,6199000.0,59244739.0,9.54,-1.8867924528301883,20.0,11.45,False,False,True,63.609168609168606
686,002154.SZ,报 喜 鸟,0.23287671232876728,33.03834808259587,2.030862307396353,2.258429704082694,1.1762059794991828,1.0748440869770115,1180127141.0,3.69,3.76,3.65,3.67,28639462.0,106499962.0,3.7,-0.8108108108108136,10.0,4.07,False,False,True,63.59557109557109
687,600267.SH,海正药业,0.3694444444444443,30.434782608695656,2.233418783258063,1.5312992642445447,1.2950529083788316,1.684548740510078,1180272096.0,10.5,10.74,10.48,10.51,30630982.0,324285978.0,10.53,-0.18993352326684976,10.0,11.58,False,False,True,63.494560994561
688,002967.SZ,广电计量,0.22899159663865545,34.236888626988815,2.411913012065793,1.802517432871768,1.0385323277169078,1.237774716424821,547211691.0,18.84,19.39,18.66,18.66,12209200.0,235097984.0,18.85,-1.0079575596817048,10.0,20.74,False,False,True,63.49261849261849
689,600166.SH,福田汽车,0.2520325203252033,36.879432624113484,2.2439418457139513,1.903627510466651,0.9862265817475646,0.9056978444780562,7917400367.000001,2.92,3.04,2.9,2.98,136504797.0,408265987.0,2.94,1.3605442176870763,10.0,3.23,False,False,True,63.27894327894328
690,600780.SH,通宝能源,0.13768115942028988,38.558558558558566,2.47850122927421,1.9476465556805358,0.9971947204336318,0.5474825456360998,1146502523.0,5.84,5.91,5.79,5.85,12225185.0,73677098.0,5.82,0.5154639175257714,10.0,6.4,False,False,True,63.19153069153069
691,601375.SH,中原证券,0.3728813559322033,15.44715447154472,2.248269871697549,1.8413655040172756,1.5408026385283193,1.1142910695068764,3447519699.9999995,4.12,4.15,4.01,4.04,70736800.0,288306415.0,4.13,-2.1791767554479424,10.0,4.54,False,False,True,63.08275058275059
692,000531.SZ,穗恒运Ａ,0.11940298507462695,38.27993254637436,2.400524122877149,2.359776111360054,1.0027353271776245,0.5474988218138153,909745488.0,6.16,6.2,6.02,6.03,11753681.0,71726939.0,6.13,-1.631321370309946,10.0,6.74,False,False,True,63.01670551670552
693,600995.SH,南网储能,0.3701117318435754,38.54606931530009,2.4258584989103773,0.9400926526164379,1.1159964370324207,0.5566770032130443,3196005805.0,12.31,12.37,12.11,12.17,16725592.0,205151955.0,12.25,-0.6530612244897926,10.0,13.48,False,False,True,62.74864024864025
694,688153.SH,唯捷创芯,0.27424568965517243,29.83284883720929,2.2866031951412,1.7619404454768568,1.4007180896809865,1.3605557155493915,409273667.0,32.01,33.98,31.14,32.25,9811024.0,323052967.0,32.61,-1.1039558417663242,20.0,39.13,False,False,True,62.56993006993007
695,600567.SH,山鹰国际,0.1445783132530119,25.984251968503933,2.492765833714368,2.2402847289504724,1.537262083579034,0.8291043343565778,6307453306.0,1.39,1.44,1.38,1.39,117156516.0,164717307.0,1.39,0.0,10.0,1.53,False,False,True,62.29409479409479
696,002006.SZ,精工科技,0.18525179856115115,39.99999999999999,2.3043206916808248,2.0524569529003633,0.9576713240383384,1.4303053522823366,519793440.0,15.66,15.89,15.34,15.39,15259265.0,242274518.0,15.66,-1.724137931034475,10.0,17.23,False,False,True,62.18142968142968
697,300181.SZ,佐力药业,0.2534161490683228,32.8881469115192,2.0932393457705993,2.1656277503611077,1.3274980808680685,1.248694745902825,602498419.0,14.0,14.29,13.75,13.84,16302100.0,233759250.0,14.02,-1.2838801711840153,20.0,16.82,False,False,True,62.01825951825951
698,300357.SZ,我武生物,0.25847176079734197,35.86105675146769,2.319741887769027,1.880218514789242,1.1370026316972761,1.570974606777364,485414205.0,24.14,24.81,23.7,23.89,14300764.0,346964622.0,24.33,-1.8084669132757858,20.0,29.2,False,False,True,61.52097902097901
699,601099.SH,太平洋,0.19523809523809513,25.96153846153846,2.3575833179928787,2.413819399934919,1.491438202664572,1.1152121506702715,6816316370.0,3.5,3.56,3.46,3.48,183489833.0,640564889.0,3.53,-1.4164305949008416,10.0,3.88,False,False,True,61.464646464646464
700,688321.SH,微芯生物,0.23488372093023263,39.12857753096968,2.344712995364756,2.177552969018506,0.9528472898285103,1.7188322137969605,407808151.0,28.45,29.5,28.11,28.36,15263640.0,437055913.0,28.46,-0.35137034434293835,20.0,34.15,False,False,True,60.85664335664336
701,001390.SZ,古麒绒材,0.23525835866261405,38.895705521472394,1.795975326003759,2.266234001309147,1.623693891036771,0.8987242161726708,118779250.0,20.15,20.47,20.0,20.1,2419200.0,49170412.0,20.17,-0.3470500743678717,10.0,22.19,False,False,True,60.681818181818194
702,002739.SZ,儒意电影,0.31170886075949367,38.54304635761592,2.028963566218645,2.2505118080046693,1.088397533041498,1.7020744734624706,2099912448.0,9.45,9.88,9.41,9.59,80437959.0,774213299.0,9.52,0.7352941176470562,10.0,10.47,False,False,True,60.62937062937063
703,603949.SH,雪龙集团,0.3402489626556015,35.69937369519833,2.377280056812221,2.2235705893849227,0.9625434055128246,0.8275141540946183,210205274.0,17.7,18.0,17.39,17.65,3867853.0,68744563.0,17.65,0.0,10.0,19.42,False,False,True,60.51476301476302
704,300124.SZ,汇川技术,0.276165634170199,39.79574753055417,2.1384159927723405,1.7789874061698716,1.2558059914813242,1.6403193495949346,2410382734.0,67.47,71.79,67.31,68.4,70335781.0,4911106911.0,68.2,0.2932551319648091,20.0,81.84,False,False,True,60.09906759906759
705,002541.SZ,鸿路钢构,0.22461538461538474,37.95103092783505,2.2587931649520288,2.1774151988130606,1.1980383483442856,1.4361047178273536,496180069.0,17.21,18.15,17.08,17.87,15515305.0,279098802.0,17.3,3.294797687861273,10.0,19.03,False,False,True,59.77466977466976
706,603160.SH,汇顶科技,0.2767831770389314,38.19725921636747,2.470502923013644,1.7025104767079908,1.2762729648150324,1.092570181139302,465982755.00000006,60.4,62.27,59.09,60.34,8666264.0,527304609.0,61.55,-1.9658813972380118,10.0,67.71,False,False,True,58.66161616161617
707,000801.SZ,四川九洲,0.21128451380552218,37.83018867924528,2.478872706532768,2.0833009124046376,1.2157872198520008,2.9929410204569726,1015939973.0,12.3,13.6,12.12,13.1,63347313.0,819334307.0,12.36,5.987055016181242,10.0,13.6,True,False,True,58.63442113442113
708,605128.SH,上海沿浦,0.31518876207199303,30.33922599139991,2.2588200694252567,2.2078216850066132,2.119568917347798,0.4778644285995084,313986743.0,23.5,24.1,23.32,23.46,3312684.0,78396260.0,23.53,-0.2974925626859304,10.0,25.88,False,False,True,58.41686091686093
709,688030.SH,山石网科,0.2329670329670329,35.15625,2.445392208336556,2.2396795625607613,1.3716622209838494,0.9927849834192776,180235868.0,16.28,17.17,16.12,16.3,4007581.0,66958682.0,16.2,0.6172839506172867,20.0,19.44,False,False,True,58.096348096348095
710,002191.SZ,劲嘉股份,0.36054421768707506,23.410404624277437,2.3932766211925434,2.4226806560442866,1.9966990085048255,0.7977814302855616,1402715536.0000002,3.95,3.98,3.85,3.87,27111260.0,105942226.0,3.99,-3.007518796992481,10.0,4.39,False,False,True,57.818570318570316
711,600288.SH,大恒科技,0.39755766621438254,35.36789297658862,2.3434982707594894,2.4500125457875424,1.3002825247120275,1.0659665456598357,436800000.0,13.05,13.2,12.5,12.57,11407606.0,147438997.0,13.02,-3.4562211981566726,10.0,14.32,False,False,True,56.02758352758354
712,002189.SZ,中光学,0.3586429725363491,34.09710856519368,2.428975337197804,2.338780907276699,1.5475587212974615,1.0947187273309646,261194323.0,22.1,22.78,21.78,22.14,6686619.0,149151350.0,22.55,-1.8181818181818188,10.0,24.81,False,False,True,55.66433566433566
