pool_rank,code,name,bottom_percentile,range_60d_pct,mean_abs_return_20d_pct,mean_turnover_20d_pct,recent_volume_ratio,event_volume_ratio,outstanding_share,event_open,event_high,event_low,event_close,event_volume,event_amount,previous_close,event_gain_pct,limit_up_rate_pct,limit_up_price,hit_limit_up,is_st,passes_dormant_filter,dormancy_score
1,600029.SH,南方航空,0.017094017094016978,14.747474747474731,0.6581881032613242,0.4161505242812979,0.5514991990282906,0.9088634503297927,13476973184.0,4.99,5.0,4.96,4.98,50973145.0,253564389.0,5.01,-0.5988023952095634,10.0,5.51,False,False,True,98.55538342370255
2,601669.SH,中国电建,0.043999999999999775,14.348785871964665,0.5616362035101685,0.632359178634064,0.4965552561459906,0.7352688609739726,13071525850.0,4.63,4.64,4.6,4.61,60776584.0,280245425.0,4.64,-0.6465517241379226,10.0,5.1,False,False,True,97.69945778466305
3,600905.SH,三峡能源,0.07920792079207926,17.17451523545708,0.4918765328702662,0.253743164232398,0.5455202948907049,0.9258860801693024,28587650142.0,3.69,3.7,3.66,3.67,67163043.0,246726699.0,3.69,-0.5420054200542035,10.0,4.06,False,False,True,97.28117738187451
4,601021.SH,春秋航空,0.0656595002905289,13.627950023137437,0.8908969181759531,0.4454485860900576,0.5839565693285657,1.0737849096979135,978333423.0,43.26,43.28,43.0,43.07,4679525.0,201471797.0,43.74,-1.531778692272523,10.0,48.11,False,False,True,97.17660728117738
5,601727.SH,上海电气,0.06967213114754096,18.354430379746844,0.7792991324046683,0.4110840567450035,0.5038814308873533,0.8459078460121559,12615639635.999998,6.62,6.62,6.54,6.55,43869528.0,287759661.0,6.66,-1.6516516516516533,10.0,7.33,False,False,True,96.47366382649109
6,601111.SH,中国国航,0.02688172043010744,17.626527050610807,0.9045596569524129,0.49815553058269346,0.6764045065340523,1.1520928546051026,11638109474.0,5.78,5.78,5.72,5.73,66793604.0,383373967.0,5.83,-1.715265866209259,10.0,6.41,False,False,True,95.73780015491866
7,688425.SH,铁建重工,0.11734693877551022,11.688311688311682,0.6553321946846429,0.265187189568115,0.7534797336937074,1.0624295642991672,5333497000.0,4.07,4.09,4.02,4.03,15026739.0,60614407.0,4.08,-1.225490196078427,20.0,4.9,False,False,True,95.4570100697134
8,000157.SZ,中联重科,0.02167182662538708,16.36636636636637,0.9308606745780384,0.6992960508772685,0.7167063509314364,1.041915808866334,7070417363.0,6.69,6.71,6.58,6.59,51515599.0,340997222.0,6.73,-2.08023774145617,10.0,7.4,False,False,True,94.70371804802478
9,688819.SH,天能股份,0.059786028949024496,21.286889211417503,0.92037959105634,0.227501789939302,0.6662541086467724,0.8161028066850463,972100000.0,21.48,21.64,21.16,21.26,1804848.0,38370732.0,21.62,-1.6651248843663202,20.0,25.94,False,False,True,94.22734314484896
10,605259.SH,绿田机械,0.13550135501355012,14.320388349514568,1.0623301995532215,0.4473134566326491,0.5041383350344292,1.1115629571903742,172480000.0,17.99,17.99,17.74,17.92,857600.0,15305656.0,17.98,-0.33370411568408587,10.0,19.78,False,False,True,94.01045701006971
11,601881.SH,中国银河,0.14374034003091207,17.677642980935882,0.6368775585882236,0.3360718340014415,0.655023819501553,1.0479972230472854,7243417622.999999,12.4,12.45,12.27,12.34,25511487.0,314722089.0,12.47,-1.0425020048115519,10.0,13.72,False,False,True,93.96785437645237
12,600372.SH,中航机载,0.1334355828220858,14.354527938342954,0.9301520681856357,0.4633058693795605,0.6762848894049126,1.5008744789846238,4838896630.0,11.22,11.38,11.16,11.32,33647943.0,379929080.0,11.25,0.6222222222222351,10.0,12.38,False,False,True,93.95042602633617
13,001289.SZ,龙源电力,0.07677902621722851,24.36750998668442,0.7514247306681365,0.09486781747671648,0.512307976468959,0.6479832665049594,5041934164.0,15.19,15.19,15.06,15.07,3099416.0,46830859.0,15.22,-0.9855453350854138,10.0,16.74,False,False,True,93.9155693261038
14,601618.SH,中国中冶,0.08947368421052629,15.416666666666679,1.0364046677289802,0.43470282041533653,0.7622888019713663,0.9559840587794018,17852619170.0,2.56,2.57,2.52,2.53,74189945.0,188089757.0,2.57,-1.5564202334630406,10.0,2.83,False,False,True,93.82842757552285
15,600271.SH,航天信息,0.08376963350785348,13.38582677165354,0.9823430370481727,0.6628335541308485,0.7623479580561362,0.7197583697374916,1852884638.0,6.96,6.98,6.88,6.95,8839742.0,61262007.0,6.99,-0.5722460658083017,10.0,7.69,False,False,True,93.73741285824943
16,601800.SH,中国交建,0.13897280966767372,16.636528028933096,0.7953436252525714,0.23090017837426197,0.737611020390028,0.9351253841562711,11722873078.999998,5.97,5.99,5.88,5.89,25312100.0,149845480.0,5.99,-1.6694490818030094,10.0,6.59,False,False,True,93.50890782339272
17,603885.SH,吉祥航空,0.04475043029259894,21.356275303643724,1.0434122836395003,0.52663303628269,0.5713053210946496,1.3740031109812292,2169005268.0,10.0,10.1,9.92,10.09,15694823.0,157099113.0,10.14,-0.4930966469428033,10.0,11.15,False,False,True,93.50697134004648
18,600167.SH,联美控股,0.10404624277456648,20.352250489236788,0.9418665336936776,0.3164891722196454,0.6497339515153967,1.4482985302378257,2262840463.0,5.63,5.76,5.53,5.72,10372200.0,58423783.0,5.65,1.2389380530973382,10.0,6.22,False,False,True,93.3907823392719
19,600221.SH,海航控股,0.031250000000000035,24.031007751937985,0.5654361346339332,0.4703568768286185,0.6996499218201891,1.0014656812991565,42845514933.0,1.3,1.31,1.29,1.3,201822200.0,262523683.0,1.31,-0.7633587786259555,10.0,1.44,False,False,True,93.36754453911696
20,000625.SZ,长安汽车,0.08131241084165482,20.763358778625964,0.8796999600230204,0.5722546947887855,0.6572313046170745,0.6072746766317544,8267021316.0,7.1,7.12,7.04,7.06,28729204.0,202955443.0,7.12,-0.8426966292134908,10.0,7.83,False,False,True,93.36367157242448
21,002011.SZ,盾安环境,0.09700176366843015,15.621788283658788,0.879705194892435,0.8512075926329665,0.6871238972744628,1.0723544839032984,1061515502.0,10.25,10.38,10.13,10.28,9689474.0,99492484.0,10.28,0.0,10.0,11.31,False,False,True,93.28233927188225
22,301109.SZ,军信股份,0.12932604735883407,16.084484159220125,0.7105852965810093,0.633996405074103,0.7123849868442615,1.1796985958908315,624288808.0,12.97,12.98,12.79,12.87,4669210.0,60061191.0,13.02,-1.1520737327188946,20.0,15.62,False,False,True,93.27846630518978
23,002206.SZ,海 利 得,0.138392857142857,11.834319526627212,0.6784932083785844,0.8374133176064249,0.6714684454317932,1.1000296705001813,1056970986.0,5.35,5.38,5.25,5.32,9736600.0,51643762.0,5.38,-1.1152416356877248,10.0,5.92,False,False,True,93.23199070487993
24,601868.SH,中国能建,0.13664596273291935,19.262295081967217,0.6328675798132993,0.6523373606405605,0.41772519506080225,0.9255842121914373,32428727636.0,2.49,2.5,2.47,2.47,195802440.0,485018321.0,2.5,-1.19999999999999,10.0,2.75,False,False,True,93.16615027110765
25,600098.SH,广州发展,0.060344827586207135,22.05128205128206,0.8040115946320041,0.5878093712017889,0.6840563034708322,1.0433540685698233,3505864981.0000005,5.98,6.0,5.9,5.94,21501235.0,127643650.0,5.99,-0.8347245409014992,10.0,6.59,False,False,True,93.09837335398916
26,600528.SH,中铁工业,0.16943521594684405,14.528593508500776,0.5670491458974374,0.423845122519832,0.7178286919067904,0.8924209096724037,2221551588.0,6.98,6.99,6.88,6.92,8402980.0,58113846.0,6.98,-0.8595988538682042,10.0,7.68,False,False,True,93.0383423702556
27,601163.SH,三角轮胎,0.10917030567685594,13.68948247078463,0.8436245909849772,0.41913538749999996,0.8741764812466026,0.8049168241610236,800000000.0,12.45,12.45,12.35,12.39,2698953.0,33432786.0,12.48,-0.7211538461538436,10.0,13.73,False,False,True,93.00154918667698
28,601390.SH,中国中铁,0.16086956521739137,14.814814814814836,0.8851434682602684,0.42550518649988195,0.6813916156614764,1.046228753902619,20323920329.0,4.42,4.44,4.35,4.35,90477167.0,395300831.0,4.42,-1.5837104072398245,10.0,4.86,False,False,True,92.96281951975213
29,600935.SH,华塑股份,0.1640625,15.27777777777779,0.9613254865780464,0.41514646682858697,0.6187577425167003,1.3459786807707106,3507401812.0,2.37,2.37,2.33,2.35,19598600.0,46003408.0,2.37,-0.8438818565400852,10.0,2.61,False,False,True,92.95313710302091
30,601456.SH,国联民生,0.16721311475409834,13.54534746760896,0.5839424833729062,0.3719168430311411,0.7617696900048405,1.0671242182787106,4376981617.0,8.97,8.98,8.83,8.85,17371429.0,154173218.0,9.0,-1.6666666666666718,10.0,9.9,False,False,True,92.89116963594113
31,600755.SH,厦门国贸,0.1339869281045752,13.644859813084121,0.7436912207572194,0.6022018334137039,0.7930621516775591,1.5470607144644262,2132158487.0,5.74,5.78,5.64,5.64,19864101.0,112717357.0,5.76,-2.083333333333337,10.0,6.34,False,False,True,92.77498063516653
32,688563.SH,航材股份,0.11190773067331658,15.906155832974612,0.8092450705230092,1.0237914813455675,0.555040211860729,0.9942174113112344,135542674.0,49.9,50.55,49.59,50.15,1379650.0,69170076.0,50.05,0.19980019980019303,20.0,60.06,False,False,True,92.74786986831913
33,600897.SH,厦门空港,0.17258261933904526,15.709090909090918,0.7270251294713643,0.34692004010226546,0.7099036391928633,1.4188978418276863,416934000.0,15.0,15.24,14.99,15.19,2052333.0,31127744.0,15.11,0.5294506949040434,10.0,16.62,False,False,True,92.59101471727344
34,000958.SZ,电投产融,0.03478260869565221,27.692307692307683,0.7463214066495921,0.28208603220393247,0.5161611696108342,0.6776683751384519,5383418520.0,5.28,5.3,5.24,5.26,10290985.0,54198981.0,5.28,-0.37878787878788955,10.0,5.81,False,False,True,92.59101471727342
35,600009.SH,上海机场,0.10336341263330613,12.448700410396718,0.8212105053480055,0.379484908678456,0.9492268239692461,0.5789341759349036,2480218840.0,23.17,23.27,22.98,23.07,5448961.0,127115880.0,23.19,-0.5174644243208348,10.0,25.51,False,False,True,92.45933384972888
36,002959.SZ,小熊电器,0.12215320910973097,16.417910447761198,0.962464278949089,0.5601895040280165,0.758770253346995,0.680744234392588,139794390.0,32.91,32.96,32.4,32.7,533100.0,17373189.0,33.1,-1.2084592145015116,10.0,36.41,False,False,True,92.36831913245545
37,002204.SZ,大连重工,0.08832807570977924,16.901408450704224,0.8163975857588763,0.9006869197398786,0.7685302993326055,0.919373722566496,1931370032.0,5.24,5.24,5.17,5.19,15993055.0,82892630.0,5.25,-1.1428571428571344,10.0,5.78,False,False,True,92.21920991479473
38,000885.SZ,城发环境,0.07407407407407401,11.018363939899833,0.9189962771911538,0.6951875048314744,0.9100579738806617,0.7566466153534784,642078255.0,12.23,12.23,12.07,12.1,3377404.0,40935656.0,12.24,-1.1437908496732097,10.0,13.46,False,False,True,92.15143299767622
39,002736.SZ,国信证券,0.18410041841004196,12.063492063492065,0.6963385431686969,0.23823203117406344,0.7775944432212646,1.0705393584769305,9612429377.0,10.3,10.34,10.15,10.18,24515229.0,250783932.0,10.33,-1.4520813165537327,10.0,11.36,False,False,True,92.07784663051899
40,601633.SH,长城汽车,0.0762489044697633,24.42428471737612,0.846357211669682,0.1960205185232055,0.7339411066425798,1.013770588989951,6213232822.0,15.16,15.21,14.92,14.97,12355292.0,185364519.0,15.2,-1.5131578947368385,10.0,16.72,False,False,True,92.05460883036405
41,600779.SH,水井坊,0.06297348484848476,18.244803695150114,1.0459050362082796,0.5857402395953049,0.811151066568304,0.6343542208194257,487503198.0,27.2,27.4,26.85,26.99,1811400.0,49042750.0,27.31,-1.1717319663127057,10.0,30.04,False,False,True,92.04686289697908
42,600131.SH,国网信通,0.13886210221793632,20.02945508100147,0.950792564306974,0.563387669635323,0.552576706553402,0.6915017726351581,1195905149.0,15.0,15.0,14.67,14.8,4659050.0,68869702.0,15.02,-1.464713715046595,10.0,16.52,False,False,True,91.89388071262587
43,601186.SH,中国铁建,0.2136363636363639,14.361702127659592,0.6085397792765385,0.27259143343502,0.6270917906579311,0.7918021949505164,11503245500.0,6.09,6.11,6.05,6.06,24828432.0,150648410.0,6.11,-0.8183306055646544,10.0,6.72,False,False,True,91.87257939581718
44,002010.SZ,传化智联,0.13541666666666682,16.09195402298851,0.8901152309352656,0.5986302048410176,0.7782642435220589,1.539316484911509,2757765331.0,4.73,4.74,4.58,4.61,25412293.0,117508670.0,4.74,-2.742616033755274,10.0,5.21,False,False,True,91.81254841208364
45,688459.SH,哈铁科技,0.16487455197132614,12.191958495460442,0.7849504019083041,0.248302687499997,0.8743068410850224,1.4248931222972232,480000000.0,8.12,8.16,8.01,8.09,1698263.0,13699495.0,8.17,-0.9791921664626724,20.0,9.8,False,False,True,91.35941130906275
46,300569.SZ,天能重工,0.08185840707964585,15.681818181818175,1.2097403815106784,1.0296406953662411,0.5228952096092455,0.6901738305443169,1019647941.0,4.74,4.76,4.67,4.69,7245935.0,34031009.0,4.77,-1.6771488469601525,20.0,5.72,False,False,True,91.26646010844307
47,603167.SH,渤海轮渡,0.08715596330275208,10.611735330836458,0.7675322978032767,0.8835413019855789,0.935118010813757,0.5929190193172013,469144503.0,8.19,8.19,8.13,8.15,2457700.0,20038992.0,8.2,-0.609756097560965,10.0,9.02,False,False,True,91.21223857474826
48,601377.SH,兴业证券,0.18584070796460175,11.743772241992879,0.492618029463317,0.6772674832515745,0.7458133488050342,1.0307105673742591,8635987294.0,5.92,5.93,5.84,5.86,60284956.0,353677092.0,5.95,-1.5126050420168013,10.0,6.55,False,False,True,91.18319132455463
49,000541.SZ,佛山照明,0.1666666666666668,18.35853131749461,0.7404186067016527,0.49968078746744804,0.7498064728756468,0.7133287284207797,1221592075.0,4.98,4.98,4.92,4.95,4354202.0,21540286.0,4.99,-0.8016032064128265,10.0,5.49,False,False,True,90.94887683965919
50,601117.SH,中国化学,0.14024390243902438,18.014184397163135,0.7731277870310167,0.9555113175075125,0.6398453415343548,1.4409519834376616,6049451162.0,7.5,7.51,7.35,7.38,83291622.0,615056149.0,7.51,-1.7310252996005304,10.0,8.26,False,False,True,90.9459721146398
51,603218.SH,日月股份,0.05740987983978633,24.636058230683112,0.9911857829331833,0.61979195509149,0.6779474950102188,0.8432269086987147,1028936500.0,9.32,9.33,9.17,9.28,5377482.0,49659399.0,9.36,-0.8547008547008517,10.0,10.3,False,False,True,90.89465530596438
52,000531.SZ,穗恒运Ａ,0.05333333333333338,26.229508196721298,0.8660134991703368,0.8464073030939785,0.4280836115265849,0.6598173432220122,909745488.0,5.62,5.67,5.59,5.59,5080694.0,28468911.0,5.65,-1.0619469026548756,10.0,6.22,False,False,True,90.72424477149497
53,601992.SH,金隅集团,0.14563106796116498,18.89763779527558,1.0683276168255273,0.4782139669960035,0.6984234869915718,1.3181551754813485,8334158264.0,1.41,1.42,1.38,1.39,52535218.0,73400005.0,1.42,-2.1126760563380254,10.0,1.56,False,False,True,90.69519752130132
54,600585.SH,海螺水泥,0.15934627170582216,15.318097591105628,0.8011561575412329,0.6024896475364769,0.8256898025033503,0.8120048648408421,3977460044.0,17.7,17.76,17.45,17.45,19458710.0,340898527.0,17.75,-1.6901408450704314,10.0,19.53,False,False,True,90.67583268783888
55,300360.SZ,炬华科技,0.055793991416308975,19.910313901345276,0.9199936016326454,0.9170538179946376,0.7990432853116879,0.9147996772303492,500308887.00000006,11.65,11.65,11.45,11.56,4197194.0,48371868.0,11.67,-0.9425878320479808,20.0,14.0,False,False,True,90.63903950426027
56,600100.SH,同方股份,0.1891191709844561,15.615141955835977,0.9597457524385122,0.6531527755008154,0.6108120926296928,0.7449356079755285,3350297713.0,7.01,7.04,6.93,6.96,16301100.0,113536010.0,7.07,-1.5558698727015652,10.0,7.78,False,False,True,90.573199070488
57,000544.SZ,中原环保,0.2112068965517242,10.998552821997109,0.7040309760347851,0.3603425460485995,0.7693991574120108,0.6993334582122235,974684488.0,7.39,7.4,7.29,7.34,2456201.0,18021181.0,7.4,-0.8108108108108136,10.0,8.14,False,False,True,90.57126258714175
58,603515.SH,欧普照明,0.029906542056074785,17.757615035644857,0.9960353007066036,0.218032755404965,1.0890943159890316,0.8932988427968915,737750549.0,15.57,15.58,15.3,15.33,1436905.0,22087419.0,15.59,-1.6677357280307836,10.0,17.15,False,False,True,90.501549186677
59,688538.SH,和辉光电-U,0.08888888888888898,22.32142857142856,0.5744497272516613,0.9564419319759324,0.7142397229429658,1.3413522483575446,5752235725.0,2.26,2.26,2.21,2.22,73796901.0,164565743.0,2.25,-1.3333333333333197,20.0,2.7,False,False,True,90.46281951975213
60,600307.SH,酒钢宏兴,0.13913043478260867,19.11764705882353,1.1635007896552299,0.572588134800969,0.595054415636829,1.1222131177437114,6263357424.0,1.51,1.53,1.49,1.5,40246200.0,60481288.0,1.52,-1.3157894736842146,10.0,1.67,False,False,True,90.38536018590241
61,688349.SH,三一重能,0.025182778229081947,21.64869029275809,1.1469184675000812,0.4364382108267735,0.8319449678839559,0.9664812814700694,1566188095.0,13.19,13.32,13.03,13.23,6606328.0,86894088.0,13.29,-0.4514672686230181,20.0,15.95,False,False,True,90.31564678543765
62,002705.SZ,新宝股份,0.07665505226480837,16.540642722117195,1.133738782095093,0.8807876628164121,0.8004647192113612,0.6147232023468113,808103400.0,11.22,11.22,10.99,11.05,4375400.0,48377077.0,11.24,-1.6903914590747249,10.0,12.36,False,False,True,90.30983733539891
63,600959.SH,江苏有线,0.18500000000000005,17.85714285714286,0.9630479748836933,0.5595424848384412,0.6526791041600172,1.030836413384158,5000717686.0,3.15,3.17,3.11,3.12,28843978.0,90413433.0,3.17,-1.577287066246047,10.0,3.49,False,False,True,90.18493415956624
64,600567.SH,山鹰国际,0.12048192771084347,14.173228346456689,0.7446966643360982,0.993648450554877,0.8652858094605645,0.7936958697505144,6205458106.0,1.37,1.38,1.35,1.36,49136268.0,66923261.0,1.37,-0.7299270072992692,10.0,1.51,False,False,True,90.03485670023237
65,300140.SZ,节能环境,0.19382022471910126,18.711018711018724,0.8975780786988331,0.3548915426177185,0.6734858452449416,0.9115838496283559,3095265928.0,5.5,5.5,5.38,5.41,10013600.0,54240442.0,5.5,-1.6363636363636358,20.0,6.6,False,False,True,90.03292021688614
66,000858.SZ,五 粮 液,0.06794328852881601,15.702964484884063,0.8620695087017876,0.7470570027462721,1.0495633002607194,0.904244496356424,3881513391.0,71.61,71.76,70.81,70.82,26220484.0,1864459060.0,71.83,-1.4060977307531752,10.0,79.01,False,False,True,89.99806351665376
67,001213.SZ,中铁特货,0.2525252525252526,10.240963855421704,0.7370840918059562,0.15154779376514999,0.6848047620538803,1.0325504986112672,4444444444.0,3.57,3.57,3.52,3.54,6954700.0,24592492.0,3.57,-0.8403361344537785,10.0,3.93,False,False,True,89.78698683191324
68,000877.SZ,天山股份,0.07164179104477605,17.796610169491522,1.2128735688825236,0.16942062742966552,0.9422176884076632,1.0466489440443092,7110490194.0,3.75,3.79,3.68,3.71,12608600.0,46712112.0,3.78,-1.851851851851849,10.0,4.16,False,False,True,89.785050348567
69,688533.SH,上声电子,0.079343365253078,21.747967479674802,1.138833890210967,0.532918696090367,0.7915957334269657,1.3215806272445694,164987108.99999997,20.85,20.93,20.35,20.69,1161996.0,23832378.0,20.84,-0.7197696737044068,20.0,25.01,False,False,True,89.73276529821844
70,300470.SZ,中密控股,0.09151785714285719,17.143919672740804,0.9094874699234067,0.9988846360182397,0.8503770114069786,0.8703911991088837,197334685.0,28.0,28.07,27.63,27.68,1715668.0,47585688.0,28.12,-1.5647226173541973,20.0,33.74,False,False,True,89.72501936483347
71,002939.SZ,长城证券,0.10105263157894726,13.601036269430056,0.7661794276238965,0.6851874775399736,1.0859891972441227,0.8457413867136694,3602659631.0,8.15,8.16,8.03,8.06,20877103.0,168425467.0,8.2,-1.7073170731707221,10.0,9.02,False,False,True,89.70371804802478
72,600115.SH,中国东航,0.019672131147541,24.489795918367328,1.1415477524749702,0.7896466776579051,0.6620826734267615,1.3553268267031138,17024964893.0,3.44,3.45,3.4,3.41,182206167.0,622350355.0,3.49,-2.2922636103151928,10.0,3.84,False,False,True,89.63109992254066
73,600027.SH,华电国际,0.20512820512820523,15.89861751152075,0.9329635396407099,0.6784344202983565,0.6126008174986888,0.9522269373049512,9215677327.0,4.65,4.69,4.62,4.67,59535444.0,277521773.0,4.66,0.21459227467810482,10.0,5.13,False,False,True,89.59140201394268
74,688009.SH,中国通号,0.24840764331210222,13.260869565217392,0.6841207140257215,0.2942748431797675,0.7093197085277344,0.7070792901166721,8621018000.0,4.97,4.98,4.92,4.92,17938239.0,88629741.0,4.99,-1.4028056112224463,20.0,5.99,False,False,True,89.4713400464756
75,000987.SZ,越秀资本,0.1712598425196851,20.28368794326243,1.0182657293761952,0.526897012201385,0.66471243766755,1.1508079611537232,5012547583.0,7.76,7.79,7.63,7.65,30393947.0,233087126.0,7.83,-2.298850574712641,10.0,8.61,False,False,True,89.4132455460883
76,600742.SH,富维股份,0.19266055045871558,15.18624641833808,0.9206665974464144,0.628883371777172,0.7592270696149297,0.8804803465943252,743057880.0,7.81,7.85,7.71,7.82,4114456.0,32063138.0,7.82,0.0,10.0,8.6,False,False,True,89.38226181254842
77,002091.SZ,江苏国泰,0.2109826589595377,14.305949008498597,0.9185178374247756,0.7086483941843443,0.6734123611895287,0.8449278358013743,1602372071.0,7.79,7.8,7.66,7.72,9594311.0,73980298.0,7.79,-0.898587933247752,10.0,8.57,False,False,True,89.20991479473277
78,600958.SH,东方证券,0.2029850746268656,13.302217036172692,0.5893620484456219,0.624040499840413,0.8255537558959447,0.8972050822088694,7469482864.0,9.21,9.23,9.11,9.16,41821060.0,382600970.0,9.25,-0.9729729729729741,10.0,10.18,False,False,True,89.19248644461659
79,600894.SH,广日股份,0.14675767918088756,18.014184397163135,0.9082830511600875,0.6194635428096731,0.86513961734224,0.9143203502825292,843144445.0,7.45,7.5,7.37,7.39,4775470.0,35361948.0,7.48,-1.2032085561497374,10.0,8.23,False,False,True,89.11018590240124
80,000591.SZ,太阳能,0.07894736842105261,26.941747572815533,0.9022201072961533,0.9176595664751496,0.46232638335972903,0.8296229398635137,3903396026.0,4.32,4.33,4.26,4.27,29717000.0,127177052.0,4.33,-1.3856812933025542,10.0,4.76,False,False,True,89.10147172734315
81,600765.SH,中航重机,0.08604407135362016,14.79999999999999,1.1768681345295255,0.9560424090048036,0.8487536904052994,2.344390644367417,1552494153.0,13.25,13.74,13.22,13.63,34796624.0,470701892.0,13.32,2.327327327327322,10.0,14.65,False,False,True,89.0549961270333
82,600023.SH,浙能电力,0.15469613259668477,28.63247863247864,0.5283235245640764,0.22286906271756401,0.4699486843358155,1.105406931761991,13408732749.0,4.9,4.92,4.86,4.91,33033889.0,161603593.0,4.89,0.4089979550102374,10.0,5.38,False,False,True,89.00658404337722
83,002304.SZ,洋河股份,0.06835881165272563,16.554327311943908,1.2496866664041106,0.40550103925426695,0.9913293646672084,0.6727009169391132,1506409974.0,39.46,39.59,38.8,38.85,4109199.0,160638281.0,39.46,-1.545869234668018,10.0,43.41,False,False,True,89.00464756003097
84,600006.SH,东风股份,0.12461059190031161,19.32270916334662,1.0858133233334115,0.5982194175,0.8312188229242488,0.8585236202233439,2000000000.0,5.38,5.42,5.3,5.37,10271710.0,54886556.0,5.42,-0.9225092250922495,10.0,5.96,False,False,True,88.90007745933386
85,002978.SZ,安宁股份,0.12486427795874053,18.267266040049044,1.0713310708727397,0.7715692727296815,0.8215797470077228,0.8147270177572493,369279558.00000006,26.62,26.63,26.01,26.3,2321359.0,60932690.0,26.77,-1.7556966753828895,10.0,29.45,False,False,True,88.88845855925638
86,600011.SH,华能国际,0.1666666666666667,23.088685015290533,0.8094115096619674,0.710327709362812,0.5947948154471647,0.537900957849524,10997709919.0,6.78,6.82,6.75,6.78,42020705.0,285011154.0,6.8,-0.2941176470588225,10.0,7.48,False,False,True,88.83810999225406
87,601005.SH,重庆钢铁,0.19642857142857126,16.07142857142856,0.6226297639490985,0.6687689364566796,0.8145884054626735,1.0158092924691962,8313636567.000001,1.22,1.23,1.2,1.21,56478000.0,68348438.0,1.23,-1.6260162601625994,10.0,1.35,False,False,True,88.77807900852052
88,600104.SH,上汽集团,0.13250517598343678,22.149837133550477,0.8724010851252363,0.34644781551503695,0.8783661761930285,0.8006023773256097,11495277504.0,10.46,10.5,10.3,10.36,31884100.0,330281411.0,10.49,-1.2392755004766554,10.0,11.54,False,False,True,88.73353989155693
89,600406.SH,国电南瑞,0.22038567493112965,19.190968955785493,0.8011920845879829,0.5335411195466105,0.6271590322567174,0.8112448283547001,8008176162.0,22.92,22.92,22.55,22.59,34661987.0,785814786.0,22.92,-1.4397905759162333,10.0,25.21,False,False,True,88.66189000774592
90,601888.SH,中国中免,0.07438353372732827,19.334135579622934,0.9249395269324227,1.205501009850288,0.798215372991033,0.7507117143222718,1952475544.0,53.3,53.51,52.6,52.68,17669586.0,934001107.0,53.51,-1.5511119416931396,10.0,58.86,False,False,True,88.65220759101472
91,603310.SH,巍华新材,0.14090909090909112,19.12919343326196,0.6379405410331034,0.8605813102417355,0.8552378918068467,0.9461511398624041,194010000.0,14.61,14.61,14.43,14.44,1579707.0,22878391.0,14.63,-1.2987012987013102,10.0,16.09,False,False,True,88.62896979085981
92,688334.SH,西高院,0.1315092674315974,28.392109982068135,0.8503319547514,0.43090271123106,0.598648499499774,0.9264287736359624,312171069.0,18.16,18.16,17.97,18.05,1246189.0,22796658.0,18.22,-0.9330406147091019,20.0,21.86,False,False,True,88.62509682416731
93,603299.SH,苏盐井神,0.1085271317829457,17.209302325581397,0.9638706855955043,0.7045332294294147,0.9935195104985183,0.6763529616198276,944186338.0,9.02,9.05,8.87,8.96,3988208.0,35600461.0,9.02,-0.6651884700665023,10.0,9.92,False,False,True,88.56893880712627
94,601200.SH,上海环境,0.2423076923076923,13.593749999999982,0.6855516067736694,0.5018054857244424,0.7584147465365357,0.8934310109060345,1346230251.0,7.03,7.03,6.91,6.97,6035535.0,41956192.0,7.03,-0.8534850640113834,10.0,7.73,False,False,True,88.55538342370257
95,603508.SH,思维列控,0.07042253521126761,15.501222493887546,0.7568446708679428,0.979972501535287,1.0887845302418449,0.6759091052216648,381274377.0,21.38,21.46,21.13,21.27,2525456.0,53667252.0,21.45,-0.8391608391608352,10.0,23.6,False,False,True,88.53601859024013
96,600517.SH,国网英大,0.20327868852459016,15.929203539823034,0.9792718511238089,0.356036587826696,0.8148597496661621,1.155575614767067,5718435744.0,5.12,5.12,5.01,5.04,23527200.0,119635125.0,5.14,-1.9455252918287869,10.0,5.65,False,False,True,88.49147947327653
97,601878.SH,浙商证券,0.23208191126279856,11.791383219954632,0.566939502328489,0.45652239919966003,0.832207784606018,0.994349203153326,4535015039.0,9.46,9.48,9.33,9.35,20739349.0,194507963.0,9.48,-1.3713080168776481,10.0,10.43,False,False,True,88.42951200619675
98,600600.SH,青岛啤酒,0.1497695852534559,20.92734423514799,0.6745192515209159,0.6807624016090986,0.8463958599833927,0.6377704246628271,709125943.0,50.8,51.1,50.52,50.56,3078813.0,155974284.0,50.91,-0.6874877234334997,10.0,56.0,False,False,True,88.41982958946552
99,000401.SZ,金隅冀东,0.16494845360824753,18.787878787878796,1.0154743977078562,0.32878919894207154,0.8732637083070836,1.3877521062553675,2631354687.9999995,3.61,3.61,3.52,3.54,12006290.0,42610780.0,3.62,-2.209944751381221,10.0,3.98,False,False,True,88.34624322230829
100,603611.SH,诺力股份,0.09670987038883337,19.5483870967742,1.1453042355087997,0.8849112190808399,0.800455895779198,0.7601100626385615,257600791.0,16.41,16.45,16.23,16.28,1732700.0,28251270.0,16.47,-1.153612629022449,10.0,18.12,False,False,True,88.27846630518977
101,600862.SH,中航高科,0.125645438898451,26.102719033232624,0.846455431855196,0.8089266913402445,0.6416897468633782,1.8658102602285547,1393049107.0,17.96,18.45,17.85,18.14,21025342.0,382694096.0,18.01,0.7218212104386446,10.0,19.81,False,False,True,88.18164213787762
102,603153.SH,上海建科,0.17738095238095236,16.234309623430974,0.7989557748671294,0.369681639813266,0.9886747582461253,0.8798378697571179,403780169.0,13.36,13.47,13.22,13.3,1313335.0,17474820.0,13.44,-1.041666666666663,10.0,14.78,False,False,True,88.1138652207591
103,600618.SH,氯碱化工,0.16587677725118488,19.078242229367625,0.940480456963904,0.9029305140701063,0.7308154301721259,1.3739231009985555,749839976.0,10.77,10.77,10.35,10.47,9302193.0,97479230.0,10.73,-2.4231127679403497,10.0,11.8,False,False,True,88.10611928737414
104,002032.SZ,苏 泊 尔,0.13881019830028324,21.278798860988868,0.716746473175669,0.21670828955394356,1.0002797547556432,1.4705813606741462,799580533.0,40.12,40.12,39.39,39.54,2548100.0,100762613.0,40.1,-1.3965087281795574,10.0,44.11,False,False,True,88.05770720371805
105,300729.SZ,乐歌股份,0.1953846153846156,14.194915254237284,1.0776611103856537,0.6699526446642284,0.7750643973867972,1.1929970035858108,328084465.0,10.66,10.77,10.52,10.71,2622220.0,27990178.0,10.71,0.0,20.0,12.85,False,False,True,88.04608830364059
106,600741.SH,华域汽车,0.22711864406779658,17.94158553546592,0.6680469131853582,0.41965289911658255,0.7790384248164632,0.9811832020588553,3152723984.0,15.7,15.72,15.4,15.53,12981542.0,201297830.0,15.72,-1.2086513994911008,10.0,17.29,False,False,True,88.0422153369481
107,600170.SH,上海建工,0.0887573964497041,15.023474178403774,0.9149362593275935,1.2773413417150385,0.9083374371544969,0.9619009351432453,8885939744.0,2.27,2.28,2.24,2.26,109179394.0,246016902.0,2.28,-0.8771929824561431,10.0,2.51,False,False,True,88.00542215336948
108,601686.SH,友发集团,0.2304526748971192,13.800424628450102,0.7999460892564436,0.3156457525512785,0.8499835809897714,1.154428410597544,1479347326.0,5.24,5.28,5.22,5.26,5390600.0,28283221.0,5.27,-0.1897533206831059,10.0,5.8,False,False,True,87.96475600309836
109,600050.SH,中国联通,0.21311475409836075,15.521628498727736,0.8710943415161836,0.428885147008202,0.8494900722398765,0.8754906950618939,30990409152.0,4.33,4.34,4.28,4.29,116364324.0,500206779.0,4.32,-0.6944444444444531,10.0,4.75,False,False,True,87.95313710302091
110,600328.SH,中盐化工,0.15257731958762893,21.21739130434783,1.0123468634817379,0.974666288280889,0.6202791559528951,1.9082608571438349,1466309533.0,6.49,6.52,6.23,6.3,27272148.0,172361604.0,6.49,-2.927580893682591,10.0,7.14,False,False,True,87.8446940356313
111,600515.SH,海南机场,0.046153846153846136,15.530303030303028,1.3142074347201427,0.8663026225247107,0.9171460960889614,1.0558422097046023,9176012508.0,2.78,2.8,2.73,2.74,83931048.0,230906670.0,2.79,-1.7921146953404965,10.0,3.07,False,False,True,87.78079008520527
112,002101.SZ,广东鸿图,0.16867469879518074,20.74263764404609,0.9948153944226812,0.665725556952472,0.7606207184505719,0.8390200071527474,662212199.0,8.91,8.93,8.77,8.92,3698833.0,32762468.0,8.93,-0.11198208286673506,10.0,9.82,False,False,True,87.7323780015492
113,002191.SZ,劲嘉股份,0.16326530612244916,20.281690140845065,0.9918102930851769,0.7508012266002251,0.7757068167679744,0.7838880823246185,1402715536.0000002,3.67,3.68,3.64,3.65,8255600.0,30161394.0,3.7,-1.3513513513513598,10.0,4.07,False,False,True,87.65104570100696
114,688161.SH,威高骨科,0.12825059101654854,17.59959657085226,1.3861012165593163,0.303294725,0.8194555173206878,0.7746705782634368,400000000.0,21.77,21.95,21.62,21.68,939814.0,20433923.0,22.0,-1.4545454545454528,20.0,26.4,False,False,True,87.63942680092951
115,603656.SH,泰禾智能,0.16730401529636696,18.91045710707575,1.0893261301276826,0.9013000482909166,0.6928399167106287,0.7187880597731826,182945358.0,17.66,17.69,17.36,17.43,1185200.0,20694493.0,17.72,-1.6365688487584573,10.0,19.49,False,False,True,87.51549186676995
116,601990.SH,南京证券,0.24800000000000005,11.359999999999992,0.7538771050978753,0.373432753708364,0.8429708749527175,1.1962881698210746,4231724800.0,6.85,6.85,6.72,6.73,18904519.0,127603879.0,6.87,-2.0378457059679667,10.0,7.56,False,False,True,87.50774593338497
117,601880.SH,辽港股份,0.2456140350877192,16.541353383458635,0.9891950755176133,0.3839099814497439,0.7081412443504795,1.01835175999833,18413051214.0,1.47,1.48,1.45,1.45,71986819.0,104880759.0,1.47,-1.3605442176870763,10.0,1.62,False,False,True,87.46127033307513
118,600761.SH,安徽合力,0.08849557522123885,17.721518987341778,0.9688959457242813,1.235057938233312,0.8892904756401842,0.884245956436273,890692761.0,16.45,16.45,16.18,16.38,9727211.0,158488063.0,16.5,-0.727272727272732,10.0,18.15,False,False,True,87.34895429899302
119,603357.SH,设计总院,0.15737704918032777,19.115044247787605,0.8811083660654191,0.5975407128841095,0.9444381973286249,1.0710170729336723,560543253.0,6.11,6.13,6.03,6.08,3587344.0,21773051.0,6.13,-0.815660685154973,10.0,6.74,False,False,True,87.32184353214562
120,002140.SZ,东华科技,0.1171303074670572,20.946745562130186,1.012909915238157,0.8439779313847161,0.8697990037954676,1.3673257125791352,706908875.0,9.43,9.5,9.21,9.27,8157677.0,75849297.0,9.25,0.216216216216214,10.0,10.18,False,False,True,87.32184353214562
121,600273.SH,嘉化能源,0.10307414104882466,13.112164296998419,0.9810722355424375,1.2515935239562788,0.9374449637506937,1.0489049617514439,1311309122.0,6.91,6.91,6.69,6.75,17214901.0,116183857.0,6.9,-2.1739130434782705,10.0,7.59,False,False,True,87.31797056545312
122,600332.SH,白云山,0.12765957446808476,17.99053129931614,0.8857824544809784,0.6917814398704076,1.0449558095754434,0.6610149252454528,1405890949.0,19.92,19.94,19.76,19.83,6428828.0,129289432.0,19.97,-0.701051577366052,10.0,21.97,False,False,True,87.25213013168087
123,601236.SH,红塔证券,0.23026315789473698,14.849921011058441,0.8499864256090994,0.259298244288195,0.886945584878504,3.829340147411154,4693233706.0,6.99,7.2,6.91,7.04,46601050.0,332552663.0,7.03,0.14224751066855834,10.0,7.73,False,False,True,87.20178156467854
124,601788.SH,光大证券,0.25041186161449774,15.413533834586456,0.7479666999793355,0.5150070399373265,0.7879398749695341,0.9807312920594156,3906698839.0,14.76,14.77,14.49,14.5,19732092.0,287337163.0,14.81,-2.0931802835921665,10.0,16.29,False,False,True,87.1727343144849
125,000778.SZ,新兴铸管,0.11309523809523832,16.99716713881021,0.9352148696042656,1.2067805848933526,0.8978713070244295,1.1519668148929856,3893451290.0,3.71,3.72,3.65,3.68,54125638.0,198821525.0,3.72,-1.0752688172043001,10.0,4.09,False,False,True,87.05073586367156
126,600339.SH,中油工程,0.17460317460317462,17.999999999999993,1.035043028205077,0.983043484612977,0.7318737802343678,1.395338188683534,5583147471.0,3.51,3.54,3.33,3.36,76582812.0,260946214.0,3.44,-2.3255813953488413,10.0,3.78,False,False,True,87.0294345468629
127,601811.SH,新华文轩,0.12710280373831775,18.580765639589146,1.1136356751294056,0.33870782174452746,1.046861978821094,1.711289903185227,791903900.0,11.38,11.51,11.21,11.43,4590091.0,52128690.0,11.39,0.3511852502194879,10.0,12.53,False,False,True,86.96553059643688
128,300185.SZ,通裕重工,0.098360655737705,22.745098039215694,0.9220105162633867,1.4656043257045863,0.5562381025556129,0.7466650598228517,3846459090.0,2.73,2.73,2.69,2.7,42092397.0,113745578.0,2.73,-1.098901098901095,20.0,3.28,False,False,True,86.95972114639814
129,600218.SH,全柴动力,0.14259927797833935,19.136690647482002,1.0307568117580324,1.1121466140584784,0.762004296125803,1.7555543158933677,435599919.0,7.78,7.85,7.65,7.82,8504800.0,66232394.0,7.74,1.033591731266159,10.0,8.51,False,False,True,86.85127807900852
130,603210.SH,泰鸿万立,0.11067961165048551,17.20599842146804,0.8663788985266612,1.1508429693459774,0.9588067625394899,1.0848701802237037,232677500.0,13.71,13.93,13.63,13.89,2905014.0,40058447.0,13.81,0.5792903692976026,10.0,15.19,False,False,True,86.8280402788536
131,600168.SH,武汉控股,0.19928825622775803,15.012722646310417,0.7905152120436075,0.6158070988796586,0.9621839031375664,0.9686735622016023,993397569.0,4.49,4.53,4.45,4.51,5925776.0,26607189.0,4.49,0.44543429844097204,10.0,4.94,False,False,True,86.82416731216111
132,600125.SH,铁龙物流,0.2463768115942032,13.147410358565747,0.8598306186956141,0.778833675827015,0.76575896327539,1.0811135576037556,1305521874.0,5.51,5.52,5.45,5.46,10992594.0,60139949.0,5.53,-1.2658227848101333,10.0,6.08,False,False,True,86.59759876065065
133,600933.SH,爱柯迪,0.09226713532513173,28.41091492776886,1.0023443921574156,0.847245329796934,0.6995158608284827,0.6258395433084124,981013104.0,13.45,13.47,13.2,13.43,5201720.0,69420143.0,13.51,-0.5921539600296066,10.0,14.86,False,False,True,86.59566227730441
134,000652.SZ,泰达股份,0.1904761904761904,12.962962962962955,1.0955655021395088,0.781809122719109,0.8690727151083394,0.9061818542376014,1458222470.0,3.53,3.54,3.48,3.52,10330941.0,36228716.0,3.56,-1.1235955056179803,10.0,3.92,False,False,True,86.54918667699457
135,600820.SH,隧道股份,0.22549019607843135,14.19999999999999,0.7608480021130981,0.5628811022593336,0.9217935305464586,1.2142670080760314,3144096094.0,5.45,5.47,5.34,5.39,21489518.0,116658969.0,5.46,-1.2820512820512886,10.0,6.01,False,False,True,86.52207591014718
136,601311.SH,骆驼股份,0.19103773584905676,14.305750350631152,1.0854839571189072,1.044256752166991,0.7518372027805682,1.5342384621632004,1173146118.0,8.0,8.02,7.73,7.75,18795430.0,146350361.0,7.94,-2.3929471032745675,10.0,8.73,False,False,True,86.43106119287374
137,300080.SZ,易成新能,0.14161849710982663,24.69879518072289,1.1318411331075624,0.7604367266280725,0.6801296830108786,0.8570665951864901,1873127461.0,3.8,3.8,3.71,3.75,12208013.0,45701511.0,3.81,-1.5748031496062964,20.0,4.57,False,False,True,86.42331525948877
138,002641.SZ,公元股份,0.16931216931216922,21.68021680216803,1.0179157708051036,0.7162268073941436,0.7948358862230079,1.027905731846201,1133957528.0,3.98,4.03,3.95,3.99,8348350.0,33201796.0,4.01,-0.4987531172069737,10.0,4.41,False,False,True,86.35166537567777
139,000166.SZ,申万宏源,0.32307692307692304,12.98076923076923,0.5900428976780692,0.26616297409649553,0.7143242752329149,0.9825812102901983,22535507316.0,4.56,4.58,4.51,4.52,58936377.0,267431773.0,4.58,-1.310043668122285,10.0,5.04,False,False,True,86.29163439194423
140,600320.SH,振华重工,0.17058823529411765,18.604651162790688,0.8361528318010281,1.0365223266131285,0.8317405616987888,1.043783969695197,3310205899.0,4.15,4.15,4.06,4.08,35813296.0,146292966.0,4.16,-1.9230769230769273,10.0,4.58,False,False,True,86.28001549186678
141,000521.SZ,长虹美菱,0.057692307692307494,34.17721518987342,0.798824481633772,0.6994170612457329,0.6957236413507785,0.6838214545988038,875288864.0,4.87,4.88,4.82,4.85,4186300.0,20278368.0,4.89,-0.8179959100204526,10.0,5.38,False,False,True,86.24322230828815
142,002060.SZ,广东建工,0.1888111888111888,15.436241610738243,1.153399738364924,1.0236131215213313,0.7114493031709441,0.7311257124306296,1562823660.0,3.25,3.25,3.19,3.21,11696014.0,37469522.0,3.25,-1.2307692307692353,10.0,3.58,False,False,True,86.23741285824941
143,601399.SH,国机重装,0.07356948228882834,28.859060402684555,1.1445402628184014,0.7904637722298099,0.6934174765859075,1.038638598795599,7213555890.0,3.23,3.24,3.18,3.2,59223740.0,189794444.0,3.25,-1.538461538461533,10.0,3.58,False,False,True,86.14639814097599
144,600132.SH,重庆啤酒,0.012678288431061911,25.761421319796952,1.0939580398524122,0.7927999674063189,0.914016315885763,0.9486506572257696,483971198.0,39.55,39.66,39.02,39.06,3639900.0,142777366.0,39.64,-1.4631685166498487,10.0,43.6,False,False,True,86.09024012393495
145,000789.SZ,万年青,0.2162162162162162,16.621983914209103,1.1287382135668949,0.44444104041179344,0.8296277439089336,1.0281234584252699,797420215.0,4.18,4.21,4.12,4.15,3643734.0,15106209.0,4.21,-1.4251781472684022,10.0,4.63,False,False,True,86.06119287374129
146,000027.SZ,深圳能源,0.2041666666666668,27.33446519524618,0.7949044730263877,0.4681511457594759,0.5574545365986034,0.926607359734779,4757389916.0,6.38,6.39,6.29,6.31,20637191.0,130455505.0,6.38,-1.0971786833855801,10.0,7.02,False,False,True,86.00503485670023
147,600008.SH,首创环保,0.22033898305084734,15.671641791044767,0.8076077481505246,0.8770713847555355,0.8299935651933691,1.079452505306034,7340590677.0,2.81,2.82,2.78,2.8,69497549.0,194379936.0,2.81,-0.3558718861210064,10.0,3.09,False,False,True,86.00503485670022
148,688232.SH,新点软件,0.10930962343096233,23.00724637681162,1.0394862147339592,0.7196573037978237,0.9374334700746817,0.8913147728510525,321981975.0,18.56,18.66,18.15,18.19,2065325.0,37771352.0,18.65,-2.466487935656825,20.0,22.38,False,False,True,86.00309837335399
149,000682.SZ,东方电子,0.1422319474835887,27.82685512367491,0.8819085533641797,0.9779350077720637,0.5272286123434711,1.0389717335214088,1340600019.0,11.39,11.42,11.11,11.18,13621124.0,152786169.0,11.44,-2.2727272727272707,10.0,12.58,False,False,True,85.9275755228505
150,603888.SH,新华网,0.13531598513011167,19.812583668005356,1.026472194059568,1.0536917158512273,0.856400917283059,0.954074879579336,742211985.0,16.59,16.82,16.44,16.47,7461463.0,123434698.0,16.76,-1.7303102625298439,10.0,18.44,False,False,True,85.85011618900079
151,601096.SH,宏盛华源,0.06948640483383685,25.692695214105797,1.1122240386119269,1.1871535632595445,0.6952700799596141,0.7698762344909102,1642976541.0000002,4.18,4.19,4.12,4.16,15016170.0,62530608.0,4.2,-0.952380952380949,10.0,4.62,False,False,True,85.83268783888458
152,000543.SZ,皖能电力,0.23469387755102028,19.63276836158192,0.8717505865924767,0.9411179517641535,0.5405141683544123,0.6865500919541849,2266863331.0,7.34,7.36,7.28,7.35,14646762.0,107393273.0,7.35,0.0,10.0,8.09,False,False,True,85.71068938807126
153,600956.SH,新天绿能,0.1929046563192905,29.485179407176297,0.9092086223040015,0.292948097206803,0.41290072968685887,1.011167678641186,2348088677.0,7.35,7.36,7.16,7.2,6955500.0,50134408.0,7.28,-1.098901098901095,10.0,8.01,False,False,True,85.70100697134004
154,002230.SZ,科大讯飞,0.05800625217089272,17.5875486381323,0.9478666467512452,1.6521753132035806,0.900285123560655,0.5958771348749347,2189966940.0,39.9,39.99,39.41,39.42,21560082.0,853376539.0,40.22,-1.9890601690701115,10.0,44.24,False,False,True,85.69713400464757
155,600269.SH,赣粤高速,0.10778443113772439,13.513513513513509,0.9801210123340949,0.9515495828685504,1.293213131493855,0.7293356002253153,2335407014.0,3.88,3.89,3.83,3.87,16207701.0,62500614.0,3.88,-0.2577319587628857,10.0,4.27,False,False,True,85.67776917118512
156,601956.SH,东贝集团,0.15835140997830793,18.937644341801384,1.2159076245373481,0.8411190972235744,0.8104799524426615,1.178563210960866,621616590.0,5.03,5.09,4.98,5.08,6162160.0,31031312.0,5.06,0.39525691699606735,10.0,5.57,False,False,True,85.65065840433772
157,601106.SH,中国一重,0.07832898172323756,31.40794223826715,1.0165834554784043,0.6963817768564311,0.7412439528454283,0.878451336271076,6857782927.0,3.08,3.09,3.03,3.07,41951630.0,128257939.0,3.07,0.0,10.0,3.38,False,False,True,85.64291247095277
158,603868.SH,飞科电器,0.20432845321451315,24.7227191413238,1.1206196888354618,0.207792137281905,0.6542883836923522,1.3596753351171038,435600000.0,31.1,31.48,30.68,31.27,1230700.0,38920996.0,31.16,0.3530166880616248,10.0,34.28,False,False,True,85.5693261037955
159,603194.SH,中力股份,0.22815210140093403,19.060773480662995,0.981722801173835,0.7074877176142725,0.7453990143316603,1.0479507987774828,158026913.0,34.43,34.6,33.86,34.3,1171631.0,40075545.0,34.46,-0.4643064422518939,10.0,37.91,False,False,True,85.50929512006196
160,600210.SH,紫江企业,0.19999999999999993,11.518324607329822,0.8117790526398828,1.0074070575430911,0.9232982246683246,0.944455276894673,1516736158.0,6.15,6.16,6.09,6.12,14431000.0,88302853.0,6.16,-0.6493506493506551,10.0,6.78,False,False,True,85.4744384198296
161,603693.SH,江苏新能,0.04021739130434775,35.49270072992699,1.0655942846000748,0.7335083199334511,0.3847288773450838,0.45842364175314615,891475880.0,11.33,11.33,11.18,11.26,2997655.0,33683366.0,11.33,-0.6178287731685828,10.0,12.46,False,False,True,85.47250193648334
162,600983.SH,惠而浦,0.20117187499999992,23.590504451038562,0.9978652949029065,0.3321852489239145,0.791585831655694,0.6236455945966636,766439000.0,7.76,7.82,7.63,7.65,1587800.0,12181519.0,7.77,-1.5444015444015302,10.0,8.55,False,False,True,85.44926413632842
163,601866.SH,中远海发,0.26415094339622663,16.589861751152068,0.8326471382627952,0.6108886725743485,0.7873065406188426,1.2389047905219939,9710427720.0,2.45,2.46,2.4,2.4,73491712.0,177887248.0,2.45,-2.0408163265306256,10.0,2.7,False,False,True,85.43764523625096
164,601012.SH,隆基绿能,0.05427631578947369,24.627519719544267,1.3093490286061005,1.152606662988165,0.6476637191468613,0.9348326049850434,7578061602.0,12.03,12.04,11.75,11.75,81653181.0,964842222.0,12.07,-2.6512013256006606,10.0,13.28,False,False,True,85.39310611928738
165,600061.SH,国投资本,0.2908163265306124,11.5,0.7590758087822215,0.469042378060609,0.8278185253803246,1.117052663907914,6394097773.0,6.54,6.56,6.43,6.45,33501558.0,216779156.0,6.57,-1.82648401826484,10.0,7.23,False,False,True,85.37761425251745
166,600917.SH,重庆燃气,0.24120603015075395,15.470852017937231,0.6831377566096564,0.33413768717844505,0.9965262438638002,2.4635326749906534,1561039760.0,4.96,5.06,4.93,5.03,12849841.0,64397498.0,4.94,1.8218623481781382,10.0,5.43,False,False,True,85.35243996901627
167,000738.SZ,航发控制,0.1853479853479852,21.319486866218675,1.1358239311094682,0.9013481604844995,0.6687324337594159,1.368375207733225,1315184001.0,18.86,19.15,18.75,19.0,16221249.0,307683634.0,18.9,0.5291005291005346,10.0,20.79,False,False,True,85.33501161890007
168,603786.SH,科博达,0.03152314085112484,28.12089356110381,1.394505697378885,0.5102628234222634,0.7454405791539103,1.2049609978131057,403856700.0,39.98,39.98,38.95,39.4,2483100.0,97806974.0,40.25,-2.1118012422360333,10.0,44.28,False,False,True,85.3137103020914
169,600987.SH,航民股份,0.24705882352941175,14.74036850921272,0.830659416855128,0.6278588562106199,0.8848617891342044,0.5935420390648797,1020818873.0,6.58,6.59,6.52,6.55,3804190.0,24906676.0,6.6,-0.7575757575757569,10.0,7.26,False,False,True,85.28272656855151
170,002480.SZ,新筑股份,0.1972318339100347,21.18126272912424,1.0906820798555634,0.9197719398340459,0.6389050756643255,0.7022305737655313,767487470.9999999,5.44,5.49,5.38,5.43,4957140.0,26838395.0,5.48,-0.9124087591241059,10.0,6.03,False,False,True,85.24399690162664
171,002352.SZ,顺丰控股,0.17205240174672484,17.69464105156724,1.0976271461277018,0.4429161231361816,1.0494829090774975,0.6787496471152614,4799115259.0,31.52,31.63,31.25,31.47,14427540.0,460286576.0,31.64,-0.537294563843238,10.0,34.8,False,False,True,85.24012393493418
172,603788.SH,宁波高发,0.24524714828897332,20.806962025316444,0.9796119271686621,0.5546994924368829,0.6982838348643942,0.686682278641422,223065068.0,13.88,13.91,13.68,13.79,849660.0,11685578.0,13.93,-1.005025125628145,10.0,15.32,False,False,True,85.17234701781565
173,600548.SH,深高速,0.23664122137404558,14.470284237726094,0.6424288141881036,0.19231699313319953,1.0800435013688354,2.0498424009347516,1714425983.0000002,8.38,8.38,8.16,8.19,6758602.0,55597277.0,8.36,-2.0334928229665095,10.0,9.2,False,False,True,85.15491866769946
174,603035.SH,常熟汽饰,0.09132420091324209,18.083003952569165,1.1128328088368478,1.0613431394075739,1.0408815771544648,0.7282509365002764,366347080.0,10.87,10.89,10.74,10.82,2831585.0,30565075.0,10.92,-0.9157509157509125,10.0,12.01,False,False,True,85.10650658404337
175,605005.SH,合兴股份,0.2660167130919217,18.00418702023727,1.1357471504901828,0.337674862842888,0.6857644526600998,0.6962680534522355,401000000.0,16.24,16.25,16.05,16.1,942800.0,15222641.0,16.24,-0.8620689655172264,10.0,17.86,False,False,True,85.07745933384973
176,600685.SH,中船防务,0.14683368128044533,18.64053377814845,1.1364119563803503,1.2040008973026877,0.7909926286373443,1.4313002576787255,821435181.0,25.89,26.55,25.85,26.1,14155684.0,370729258.0,26.09,0.03832886163281923,10.0,28.7,False,False,True,85.07358636715723
177,603855.SH,华荣股份,0.26605504587155954,16.350555918901243,0.8214966645140681,0.517694932681628,0.8430975619581799,0.7027493261145179,335532500.0,16.66,16.81,16.59,16.74,1220700.0,20421558.0,16.74,0.0,10.0,18.41,False,False,True,85.02323780015492
178,600480.SH,凌云股份,0.07132243684992576,29.49367088607595,1.1920606099915134,0.9516101500359414,0.6281064392102571,1.144930884187057,1213185142.0,8.35,8.43,8.21,8.4,13217990.0,110236312.0,8.38,0.23866348448686736,10.0,9.22,False,False,True,85.00968241673121
179,603568.SH,伟明环保,0.012578616352201363,22.692036645525015,1.2831931204276779,0.43803460697565105,1.1178007126282066,1.9559588881804386,2048457418.0,14.25,14.87,14.0,14.7,17550726.0,253209579.0,14.3,2.7972027972027913,10.0,15.73,False,False,True,84.99419054996127
180,000913.SZ,钱江摩托,0.17691342534504392,23.42342342342343,0.9370554058215028,0.7970662427375461,0.8131663773403557,1.3173120750056895,520102675.0,11.35,11.35,11.02,11.11,5461000.0,60773217.0,11.4,-2.543859649122815,10.0,12.54,False,False,True,84.97869868319133
181,688271.SH,联影医疗,0.14561968942279518,25.169925755516065,1.0627408985192612,0.6003903222497126,0.8558841938001143,0.7281182308236783,824157988.0,105.57,106.17,103.68,104.1,3602849.0,376273368.0,105.57,-1.3924410343847726,20.0,126.68,False,False,True,84.97095274980636
182,603809.SH,豪能股份,0.07023060796645703,30.528846153846146,0.9743196683712647,0.9482113260125695,0.760646235472267,0.7258186810748178,920288807.0,8.94,8.98,8.8,8.97,6333699.0,56295873.0,8.99,-0.22246941045606095,10.0,9.89,False,False,True,84.93415956622775
183,600757.SH,长江传媒,0.12315270935960596,15.502793296089369,1.0540581070165047,0.8436837117030961,1.2673249989416344,1.115829813906271,1213497103.0,7.4,7.45,7.24,7.26,11423952.0,83434077.0,7.41,-2.0242914979757165,10.0,8.15,False,False,True,84.89155693261037
184,000030.SZ,富奥股份,0.14754098360655743,24.409448818897637,1.1140408151352479,0.5994209857586605,0.8647031748548605,0.8344543943261955,1670808645.0,4.07,4.08,4.01,4.07,8357209.0,33796791.0,4.08,-0.2450980392156854,10.0,4.49,False,False,True,84.82087529047251
185,301327.SZ,华宝新能,0.03197674418604651,28.883553421368546,1.3016404723905555,0.9000732105825934,0.6789933842298342,0.6161040298282838,142773075.0,42.81,42.81,42.03,42.31,791732.0,33460235.0,42.97,-1.5359553176634733,20.0,51.56,False,False,True,84.81022463206816
186,002236.SZ,大华股份,0.14732965009208118,13.049095607235127,0.6781299796562623,1.486479528987246,0.9745459013120567,0.6862937111894685,2391139515.0,16.17,16.34,15.99,16.08,24393486.0,400612329.0,16.28,-1.2285012285012442,10.0,17.91,False,False,True,84.79279628195196
187,000869.SZ,张  裕Ａ,0.1331444759206798,17.473821989528805,1.1010315366165488,0.365012428563561,1.4943225426758675,0.9461187982350547,454935920.0,16.19,16.35,16.12,16.22,1571099.0,25450937.0,16.22,0.0,10.0,17.84,False,False,True,84.70565453137104
188,002006.SZ,精工科技,0.06936416184971098,26.486915146708956,1.2569781245703964,1.131931969814901,0.6621945749285345,0.7135391068746347,519683458.0,13.38,13.4,13.2,13.35,4197711.0,55916200.0,13.45,-0.743494423791824,10.0,14.8,False,False,True,84.69790859798604
189,000726.SZ,鲁  泰Ａ,0.28225806451612906,13.670411985018728,0.7832498638027257,0.7820181647760626,0.7902778171962899,1.0819717448073045,589288850.0,6.02,6.04,5.93,5.95,4986100.0,29711087.0,6.04,-1.490066225165565,10.0,6.64,False,False,True,84.67660728117738
190,300015.SZ,爱尔眼科,0.1054613935969866,20.051746442432062,1.2662704591984695,0.9081039870433093,0.9321059387327094,0.7609411469482908,7957892308.0,8.27,8.4,8.26,8.3,54985940.0,458571336.0,8.29,0.12062726176118588,20.0,9.95,False,False,True,84.63981409759877
191,603109.SH,神驰机电,0.11310904872389788,31.391585760517813,0.8241778049832826,0.812050331637745,0.7673165810047777,1.0288605739142187,208848360.0,17.21,17.6,17.21,17.5,1744900.0,30405403.0,17.4,0.5747126436781658,10.0,19.14,False,False,True,84.63594113090626
192,003012.SZ,东鹏控股,0.17191977077363885,16.509433962264165,1.229481473610815,0.7074656907901924,0.941832529758437,1.2159256838181975,1134585953.0,4.81,4.84,4.69,4.73,9760000.0,46159239.0,4.84,-2.2727272727272596,10.0,5.32,False,False,True,84.59914794732765
193,600835.SH,上海机电,0.06242274412855387,33.81336405529956,1.230540738311836,0.598470101151346,0.6371469674022823,0.9121015944870344,806504299.9999999,18.16,18.28,17.77,17.8,4402429.0,78953323.0,18.37,-3.1028851388132828,10.0,20.21,False,False,True,84.55460883036406
194,600283.SH,钱江水利,0.30593607305936077,16.15487316421895,0.8491834899350564,0.51324132724221,0.7542974592513092,1.2930587138416831,560824898.0,8.12,8.25,8.09,8.19,3721921.0,30475596.0,8.16,0.3676470588235281,10.0,8.98,False,False,True,84.50426026336172
195,002540.SZ,亚太科技,0.2128279883381925,17.25663716814161,1.0190066706093355,1.0026357066193277,0.7964118980956568,1.175672420436978,858201358.0,5.23,5.25,5.11,5.18,10116230.0,52213355.0,5.25,-1.333333333333342,10.0,5.78,False,False,True,84.498450813323
196,002609.SZ,捷顺科技,0.19691119691119685,15.4727793696275,1.0463357099508561,1.2188094951058879,0.802700685000215,0.8552209422067791,459573516.0,7.96,8.07,7.91,7.96,4790371.0,38138705.0,8.0,-0.5000000000000004,10.0,8.8,False,False,True,84.32416731216112
197,601065.SH,江盐集团,0.2124542124542125,17.840375586854474,0.7467790037160421,0.6493689383235379,1.0200468113366281,1.1451517759441676,642776079.0,6.97,6.97,6.84,6.89,4779850.0,32865500.0,6.97,-1.147776183644189,10.0,7.67,False,False,True,84.31835786212238
198,002139.SZ,拓邦股份,0.09398496240601503,20.20316027088038,1.2036455044233514,1.422177709243093,0.8042680273386064,0.685835780675413,1071089847.0,9.57,9.57,9.37,9.45,10447200.0,98567887.0,9.61,-1.6649323621227952,10.0,10.57,False,False,True,84.29318357862121
199,600576.SH,祥源文旅,0.11999999999999998,27.499999999999993,0.9670594963594759,1.1943385134085933,0.6911088388501767,2.1855537484717034,660390083.0,5.73,5.79,5.62,5.71,17238103.0,98609912.0,5.71,0.0,10.0,6.28,False,False,True,84.27285050348567
200,002093.SZ,国脉科技,0.12469437652811731,20.833333333333325,1.1904717444954098,1.0477322481389526,0.8729903782024295,0.9012892161640297,1007500000.0,6.95,7.09,6.86,7.03,9513921.0,66294496.0,7.02,0.14245014245015675,10.0,7.72,False,False,True,84.23896204492642
201,600710.SH,苏美达,0.24953789279112748,21.720430107526866,0.957775049970951,0.6303654538257815,0.7007747718608196,0.9765152330916319,1306749434.0,10.58,10.61,10.34,10.37,8043846.0,83597728.0,10.58,-1.9848771266540721,10.0,11.64,False,False,True,84.22540666150272
202,002533.SZ,金杯电工,0.23051409618573804,19.422310756972117,0.9583107464137418,1.131980989135043,0.6007155101219351,0.5925573502671072,646143983.0,11.37,11.46,11.19,11.39,4334099.0,49098266.0,11.43,-0.34995625546805353,10.0,12.57,False,False,True,84.20410534469403
203,600635.SH,大众公用,0.17824074074074064,20.4878048780488,0.9811941165778988,1.281695427532007,0.7471436594560407,1.040433075486054,2418791675.0,4.76,4.76,4.63,4.69,32255030.0,151076355.0,4.76,-1.4705882352941013,10.0,5.24,False,False,True,84.13923315259488
204,600000.SH,浦发银行,0.2254545454545455,19.85203452527746,1.0220272703234534,0.208885731454471,0.9257825488454376,0.9635668783623615,33305838300.0,9.35,9.43,9.25,9.28,67036450.0,625374762.0,9.35,-0.7486631016042855,10.0,10.29,False,False,True,84.13439194422928
205,600308.SH,华泰股份,0.24561403508771926,18.835616438356183,1.0987541913408585,0.5435001446030105,0.7907524778781009,0.9592008996976733,1516870176.0,3.33,3.34,3.28,3.3,7907836.0,26074034.0,3.34,-1.19760479041916,10.0,3.67,False,False,True,84.10728117738188
206,300160.SZ,秀强股份,0.2083333333333334,21.641791044776127,0.9529570928227067,0.7985130227253494,0.8182486970195371,1.1443164856766344,762964451.0,4.45,4.51,4.4,4.49,6971600.0,31124740.0,4.47,0.4474272930648837,20.0,5.36,False,False,True,84.08404337722695
207,601668.SH,中国建筑,0.2291666666666668,18.114143920595517,0.8508400804689618,0.499199139416529,0.9947693201088625,1.240313497532362,41320390444.0,4.36,4.37,4.29,4.32,255840747.0,1103786051.0,4.36,-0.9174311926605561,10.0,4.8,False,False,True,84.0724244771495
208,605050.SH,福然德,0.14132925897631776,26.262626262626256,1.3877850923981552,0.4971757141142125,0.685253590256317,0.8753062471354695,492829181.0,10.72,10.73,10.51,10.63,2144699.0,22772976.0,10.76,-1.2081784386617,10.0,11.84,False,False,True,84.06274206041827
209,000927.SZ,中国铁物,0.2678571428571427,14.666666666666671,1.1179534053236175,0.6909149137782776,0.7647075282050877,0.9936259613581391,6050350581.0,2.55,2.55,2.49,2.51,41536322.0,104240397.0,2.55,-1.5686274509803977,10.0,2.81,False,False,True,84.01626646010844
210,002884.SZ,凌霄泵业,0.32344213649851633,11.424731182795679,0.7099364415905758,0.7505048474235556,0.7539013205098566,0.8482556908446902,272657626.0,15.98,15.98,15.8,15.92,1735793.0,27554200.0,15.97,-0.3130870381966244,10.0,17.57,False,False,True,83.99496514329978
211,300144.SZ,宋城演艺,0.11779448621553879,16.279069767441868,1.125499377387998,1.1423487997953516,1.0635827422772883,1.6764384138530382,2581597994.0,6.04,6.14,6.0,6.06,49439600.0,300522252.0,6.06,0.0,20.0,7.27,False,False,True,83.97560030983733
212,600871.SH,石化油服,0.12704918032786888,18.686868686868685,1.2757335165163914,0.9494307454477598,0.939181053357199,1.9870283301096654,13547012351.0,2.36,2.39,2.22,2.23,255570591.0,581074946.0,2.29,-2.6200873362445476,10.0,2.52,False,False,True,83.97172734314485
213,600452.SH,涪陵电力,0.06516290726817037,27.662037037037024,1.0041806274494434,1.559996068938326,0.6450543510334585,0.5805303777063832,1536541654.0,9.14,9.16,9.05,9.08,13915307.0,126952773.0,9.16,-0.8733624454148492,10.0,10.08,False,False,True,83.95236250968242
214,002145.SZ,钛能化学,0.14634146341463408,22.73838630806846,1.0764478825465988,1.0821691599102843,0.8207726839614674,0.8416547185948856,3806474258.000001,4.38,4.4,4.3,4.33,34669854.0,150067834.0,4.39,-1.3667425968109215,10.0,4.83,False,False,True,83.92718822618126
215,002797.SZ,第一创业,0.29047619047619055,14.569536423841068,0.8238010539679259,1.1698661157909709,0.4906037764705997,1.0565170601488074,4202400000.0,6.6,6.62,6.5,6.52,51940971.0,340346912.0,6.65,-1.9548872180451204,10.0,7.32,False,False,True,83.92331525948876
216,688032.SH,禾迈股份,0.021141356915849126,30.37110763543296,1.34777472139193,0.7865031985666189,0.7143259016069439,1.3782655887876976,124073545.0,71.1,72.32,69.94,70.98,1344970.0,95250051.0,71.86,-1.2246033954912305,20.0,86.23,False,False,True,83.89233152594886
217,601608.SH,中信重工,0.12224938875305624,27.020785219399546,1.1791069762388209,0.696921785913419,0.8269406215701658,0.6594877884336141,4579553437.0,4.81,4.83,4.73,4.79,21048150.0,100636619.0,4.83,-0.8281573498964856,10.0,5.31,False,False,True,83.87683965917893
218,000528.SZ,柳    工,0.11969111969111972,21.41882673942701,0.8969300764523354,1.365776665394173,0.9023962449815273,0.9636105081771383,2037744739.0,7.93,7.94,7.81,7.83,26795794.0,209949060.0,7.95,-1.5094339622641506,10.0,8.75,False,False,True,83.8439194422928
219,603817.SH,海峡环保,0.18303571428571433,20.199999999999996,0.9923134551474739,1.309050778388828,0.7423936600943077,1.226505261765847,570084039.0,5.79,5.81,5.69,5.81,9153028.0,52641666.0,5.82,-0.1718213058419349,10.0,6.4,False,False,True,83.82068164213788
220,600861.SH,北京人力,0.15988779803646544,20.98976109215016,1.2020977546571938,0.4923823403663541,1.0030746213872779,0.6014122533011081,566112718.0,12.81,12.86,12.71,12.79,1676400.0,21422840.0,12.86,-0.5443234836702948,10.0,14.15,False,False,True,83.82068164213788
221,601369.SH,陕鼓动力,0.2,22.50922509225093,0.9657741215346372,0.6732333975199081,0.8662917127539321,0.6708579035076767,1706211292.0,8.79,8.8,8.63,8.79,7706000.0,67145941.0,8.83,-0.45300113250283935,10.0,9.71,False,False,True,83.76839659178931
222,002511.SZ,中顺洁柔,0.26102941176470595,16.2037037037037,0.9058745267067643,0.850570873284387,0.8139900077425376,0.7356823645148054,1265003933.0,7.18,7.18,7.06,7.08,7915762.0,56131410.0,7.19,-1.5299026425591111,10.0,7.91,False,False,True,83.76065065840434
223,601158.SH,重庆水务,0.3367346938775507,12.598425196850393,0.651132085655524,0.13610064808011552,0.8709540987005091,0.8733983939468217,4800030119.0,4.13,4.14,4.1,4.11,5705800.0,23505350.0,4.14,-0.7246376811594013,10.0,4.55,False,False,True,83.69868319132455
224,600507.SH,方大特钢,0.13707165109034253,20.155038759689937,1.1512308353224336,1.0951029619993344,0.9008073515766003,1.0906485479937933,2313187890.0,4.29,4.31,4.19,4.26,27628079.0,116732598.0,4.31,-1.1600928074245953,10.0,4.74,False,False,True,83.65414407436097
225,601877.SH,正泰电器,0.12318840579710148,20.686695278969957,1.346798787950555,0.992102256389199,0.8339691490042709,0.9020457472788997,2148968976.0,25.3,25.32,24.89,24.89,19231588.0,481133381.0,25.51,-2.430419443355547,10.0,28.06,False,False,True,83.65414407436096
226,600764.SH,中国海防,0.08453966415749858,17.468805704099832,1.461378841680333,0.8115248417267049,1.0217488653576663,1.4921353356913742,710629386.0,18.2,18.65,18.17,18.5,8605046.0,159193188.0,18.29,1.1481683980317126,10.0,20.12,False,False,True,83.6425251742835
227,000516.SZ,国际医学,0.1392405063291141,16.753926701570677,1.3498072079344936,1.0283352218806745,0.8941667228506623,0.6284545618689179,2204748361.0,4.14,4.14,4.08,4.08,14248450.0,58376608.0,4.15,-1.6867469879518149,10.0,4.57,False,False,True,83.58830364058869
228,000825.SZ,太钢不锈,0.1174089068825911,19.817073170731714,1.3557209080959347,0.588205831275949,1.0412573796163744,0.9273731191525759,5696247796.0,3.54,3.57,3.49,3.52,31072250.0,109158735.0,3.57,-1.4005602240896309,10.0,3.93,False,False,True,83.56893880712626
229,600010.SH,包钢股份,0.16788321167883208,23.529411764705888,1.0282238794738046,1.2891260463934258,0.6713316551234751,0.8970280177735878,31318211887.0,2.26,2.27,2.22,2.23,362158222.0,808778988.0,2.27,-1.7621145374449365,10.0,2.5,False,False,True,83.54666924864446
230,600329.SH,达仁堂,0.2687499999999999,20.716034271725835,0.8849415879500473,0.501128926144044,0.7993346211874884,0.5910898567158113,567089356.0,36.06,36.33,35.78,35.86,1679788.0,60340990.0,36.12,-0.7198228128460604,10.0,39.73,False,False,True,83.53989155693262
231,600022.SH,山东钢铁,0.24193548387096792,17.355371900826434,0.9292341275516469,0.7490918205316358,0.9002372310610136,1.3407651551668172,10698849554.0,1.36,1.36,1.32,1.34,107454560.0,143507139.0,1.36,-1.4705882352941235,10.0,1.5,False,False,True,83.50309837335398
232,600970.SH,中材国际,0.2119700748129675,24.78510028653296,0.958087003528993,0.6444423549572779,0.7815186146421247,0.9996157716636753,2621812924.0,7.83,7.84,7.6,7.65,16889581.0,129453381.0,7.83,-2.298850574712641,10.0,8.61,False,False,True,83.48760650658404
233,600927.SH,永安期货,0.2439024390243901,15.82491582491581,1.0994990635730844,0.41946151649649344,0.9560938229753285,1.6204154163804985,1450444656.0,13.0,13.08,12.65,12.69,9858700.0,125522110.0,13.08,-2.981651376146799,10.0,14.39,False,False,True,83.4856700232378
234,300993.SZ,玉马科技,0.08878856282919487,23.54910714285714,1.130009015935285,1.0565008848784498,0.9624189091624853,0.8468646099918467,242507317.0,10.08,10.15,9.97,10.14,2169745.0,21829615.0,10.14,0.0,20.0,12.17,False,False,True,83.43725793958171
235,601808.SH,中海油服,0.21996303142329024,24.121557454890798,0.875477419140962,0.5830687377806435,0.8323636395637334,1.1509020671905072,2960468000.0,13.2,13.26,12.65,12.68,19866369.0,255029984.0,12.91,-1.7815646785437678,10.0,14.2,False,False,True,83.4275755228505
236,688562.SH,航天软件,0.09050527484730708,34.13685847589425,1.0015207315431829,0.7483377500000001,0.7752860134523416,1.0784104503614844,400000000.0,14.4,14.81,14.31,14.6,3228061.0,47093399.0,14.49,0.7591442374051072,20.0,17.39,False,False,True,83.4140201394268
237,002116.SZ,中国海诚,0.2557377049180329,15.290519877675845,1.039146080311658,0.5589266564183426,0.929217898583725,0.7337020561770873,552152964.0,7.3,7.32,7.2,7.3,2264300.0,16433957.0,7.32,-0.2732240437158584,10.0,8.05,False,False,True,83.37529047250193
238,002401.SZ,中远海科,0.19887955182072828,19.657348963029754,0.9782917664509517,0.8878576604856044,0.9133648046986012,0.7961467903207224,371398485.0,12.43,12.5,12.33,12.41,2625286.0,32570862.0,12.51,-0.7993605115907298,10.0,13.76,False,False,True,83.36367157242447
239,600704.SH,物产中大,0.33566433566433584,12.168141592920367,0.6598124858906639,0.6598297907984725,0.7982716712596961,1.2299863103748663,5171179890.0,4.99,4.99,4.9,4.93,41968345.0,206689338.0,5.0,-1.4000000000000012,10.0,5.5,False,False,True,83.35398915569326
240,600157.SH,永泰能源,0.23188405797101463,15.231788079470189,0.6630864216224763,1.713337005642101,0.6338304369946677,1.288491329967602,21817764145.0,1.57,1.58,1.54,1.54,481653298.0,749013500.0,1.57,-1.9108280254777066,10.0,1.73,False,False,True,83.27846630518977
241,688439.SH,振华风光,0.08093158660844252,32.663043478260875,1.1044393695436205,0.916544,0.7329001180660202,0.8025675799525173,200000000.0,39.25,39.53,38.91,39.43,1471177.0,57699769.0,39.58,-0.3789792824658855,20.0,47.5,False,False,True,83.24167312161116
242,600469.SH,风神股份,0.12140575079872201,17.777777777777782,1.148617407159088,1.093037799110097,1.076238481114313,1.0371283379658807,846239192.0,5.32,5.32,5.24,5.29,9323500.0,49196451.0,5.33,-0.7504690431519689,10.0,5.86,False,False,True,83.21843532145623
243,600662.SH,外服控股,0.19444444444444445,18.56763925729443,1.1634020776896214,0.5765240007251651,0.9907092026484667,0.7841571370632249,2276762040.0,4.33,4.34,4.23,4.24,10292909.0,43758219.0,4.33,-2.0785219399538035,10.0,4.76,False,False,True,83.21649883810998
244,600021.SH,上海电力,0.019585898153329583,35.66009104704098,0.9357683599444588,1.0692311953112283,0.6910308432565574,0.5478786218509458,2821875805.0,13.48,13.51,13.33,13.34,16530800.0,220955051.0,13.53,-1.4042867701404282,10.0,14.88,False,False,True,83.20681642137878
245,002233.SZ,塔牌集团,0.1034482758620689,17.94500723589001,1.1435641866518105,0.9906898303787024,1.2392815227590042,0.8784233533287301,1173623408.0,7.17,7.2,7.02,7.04,10213400.0,72355638.0,7.21,-2.3578363384188616,10.0,7.93,False,False,True,83.20100697134005
246,600569.SH,安阳钢铁,0.1935483870967742,20.496894409937873,1.1479411916348379,0.62582020826104,0.9190201926900184,1.1989468181904028,2872421386.0,1.85,1.86,1.8,1.83,21552500.0,39241168.0,1.85,-1.0810810810810811,10.0,2.04,False,False,True,83.16808675445391
247,000761.SZ,本钢板材,0.15760869565217392,19.138755980861255,1.4136586932881339,0.42086656799085,0.9591343201398937,1.2365883469257384,3708390102.0,2.38,2.39,2.31,2.35,19299897.0,45159277.0,2.38,-1.2605042016806678,10.0,2.62,False,False,True,83.15646785437646
248,002967.SZ,广电计量,0.16918714555765604,26.342387871130768,1.2864826518892714,0.7606085522583278,0.6458848279653906,0.5988057621554848,606418935.0,17.55,17.6,17.24,17.33,2673050.0,46347663.0,17.62,-1.6458569807037637,10.0,19.38,False,False,True,83.10418280402789
249,300218.SZ,安利股份,0.1728070175438597,25.56255625562556,1.170856163143303,0.9977074751856595,0.6290153624160095,1.3325573907660595,216276394.0,13.08,13.29,12.9,13.19,2875400.0,37684815.0,13.08,0.8409785932721681,20.0,15.7,False,False,True,83.09837335398916
250,601818.SH,光大银行,0.28947368421052605,14.234875444839856,0.756831732956762,0.411768011961129,0.995427400134617,1.1875569163375768,46406815561.0,3.02,3.05,3.01,3.05,226928377.0,689535984.0,3.03,0.660066006600668,10.0,3.33,False,False,True,83.08288148721921
251,603069.SH,海汽集团,0.09150326797385622,27.0316509837468,1.3305785514903707,0.9399868037974635,0.7640404892613172,0.9153686947463544,316000000.0,13.51,13.53,13.18,13.4,2718973.0,36319562.0,13.51,-0.8142116950407119,10.0,14.86,False,False,True,83.07900852052673
252,002061.SZ,浙江交科,0.23423423423423437,15.030674846625768,1.0488718452134311,0.6627480615784126,0.9909061453804578,0.9132168839891169,2599137900.0,3.53,3.54,3.45,3.47,15730833.0,54582250.0,3.52,-1.4204545454545414,10.0,3.87,False,False,True,83.0693261037955
253,600101.SH,明星电力,0.08499999999999998,30.23872679045092,0.6825492326117709,1.7359624090769257,0.49532444612167864,0.5976013372031486,547862471.0,7.84,7.89,7.79,7.85,5683599.0,44562082.0,7.88,-0.3807106598984755,10.0,8.67,False,False,True,83.03253292021688
254,600718.SH,东软集团,0.23309608540925258,23.68794326241137,0.9121486396051541,0.781960994860767,0.7506502839244108,0.9318100021781942,1196438852.0,8.31,8.37,8.15,8.23,8717721.0,71587291.0,8.36,-1.5550239234449648,10.0,9.2,False,False,True,83.00735863671572
255,601279.SH,英利汽车,0.15472779369627507,21.95121951219512,1.176831611368579,0.6865927245535548,0.9840071216509938,0.8975108053982024,1585785985.0,3.41,3.43,3.35,3.42,9772000.0,33106478.0,3.41,0.2932551319648091,10.0,3.75,False,False,True,83.00542215336947
256,600637.SH,东方明珠,0.1386255924170616,20.377867746288803,1.0879086808362228,1.182572127788063,0.9472831368303722,0.9040091370124316,3361899817.0,8.51,8.57,8.37,8.41,35940592.0,303383711.0,8.58,-1.9813519813519753,10.0,9.44,False,False,True,82.9879938032533
257,601966.SH,玲珑轮胎,0.19642857142857156,22.15508559919437,1.1259183254322473,0.5945073521945794,0.8953090750641116,1.1826728361272139,1463502683.0,11.14,11.14,10.85,10.89,10290000.0,112441638.0,11.14,-2.2441651705565557,10.0,12.25,False,False,True,82.94539116963595
258,600874.SH,创业环保,0.38410596026490074,13.29365079365079,0.6092333392757066,0.5619316908853735,0.7520321924301878,1.0931928952842753,1230418085.0,5.62,5.63,5.55,5.58,7558455.0,42185377.0,5.62,-0.7117437722419906,10.0,6.18,False,False,True,82.90859798605733
259,002500.SZ,山西证券,0.34408602150537626,14.699792960662528,0.7419183099536408,0.5450436105426015,0.8097677297397129,1.3254992330260293,3589771547.0,5.43,5.47,5.33,5.38,25934480.0,139400667.0,5.46,-1.465201465201471,10.0,6.01,False,False,True,82.90085205267235
260,002223.SZ,鱼跃医疗,0.12428842504743821,19.167020824479387,1.2326837882392312,1.0450078761515607,0.9938076152790019,0.5116765349796407,942293319.0,26.01,26.35,25.84,25.96,5038499.0,130777183.0,26.15,-0.7265774378584999,10.0,28.77,False,False,True,82.88729666924864
261,600850.SH,电科数字,0.08338442673206618,24.310216256524985,1.130681589109798,1.2779751556165542,0.8902550239572357,0.6380909363087534,816238489.0,14.66,14.7,14.38,14.59,6656134.0,96858042.0,14.77,-1.2186865267433955,10.0,16.25,False,False,True,82.85050348567003
262,002276.SZ,万马股份,0.10290652003142188,25.57628979143798,1.15711701291909,1.402238335358876,0.7232449443513571,0.8199915868317392,1007318046.0,10.4,10.45,10.22,10.41,11582381.0,119801541.0,10.42,-0.09596928982725794,10.0,11.46,False,False,True,82.82920216886134
263,600019.SH,宝钢股份,0.2466367713004487,18.53281853281854,0.8090157383805032,0.45381769974824654,1.0345866893748297,0.8255419547513356,21414095749.0,5.73,5.74,5.65,5.7,80226957.0,467218970.0,5.73,-0.5235602094240899,10.0,6.3,False,False,True,82.82532920216886
264,601928.SH,凤凰传媒,0.18781725888324843,17.51824817518248,1.0312926133330178,0.431928215254033,1.3979326009796849,1.2045004534899009,2544900000.0,8.58,8.61,8.37,8.38,13240039.0,111725912.0,8.59,-2.4447031431897415,10.0,9.45,False,False,True,82.82436096049574
265,603195.SH,公牛集团,0.2686046511627909,17.711470024637286,0.879315738769918,0.2155378365648335,0.9976000339386802,0.7015726141411962,1800163354.9999998,38.84,38.84,38.43,38.61,2722125.0,105022251.0,38.84,-0.5921730175077355,10.0,42.72,False,False,True,82.81371030209141
266,600054.SH,黄山旅游,0.2559808612440192,10.591603053435117,0.8185742211550086,1.1880303428794032,0.8375317782999663,2.7129284371404014,513300000.0,11.5,11.77,11.45,11.73,16543871.0,192792560.0,11.55,1.558441558441559,10.0,12.71,False,False,True,82.81177381874515
267,002232.SZ,启明信息,0.1662075298438935,22.84382284382285,1.0074362139218525,0.9760267359229101,0.9121273570236895,1.0495939209068925,408548455.00000006,14.55,14.8,14.49,14.73,4185300.0,61446120.0,14.68,0.34059945504087974,10.0,16.15,False,False,True,82.79434546862896
268,600655.SH,豫园股份,0.2259414225941422,19.1542288557214,1.039337681485701,0.34041434598358494,1.0259251797031668,1.4785287852129745,3889846273.0,4.54,4.56,4.41,4.48,19578079.0,87314383.0,4.56,-1.754385964912264,10.0,5.02,False,False,True,82.74786986831913
269,000898.SZ,鞍钢股份,0.25742574257425743,17.032967032967015,1.13295966566941,0.4427666810335385,0.9015389343217549,1.348058364086837,7957508008.0,2.08,2.08,2.02,2.05,47496402.0,96859238.0,2.08,-1.4423076923077094,10.0,2.29,False,False,True,82.7323780015492
270,600173.SH,卧龙新能,0.1551094890510948,27.171903881700544,1.2992239604128784,0.8396115738857655,0.656376881393389,0.7189697597469219,700416244.0,6.25,6.26,6.13,6.21,4228100.0,26178885.0,6.26,-0.7987220447284282,10.0,6.89,False,False,True,82.66460108443067
271,603013.SH,亚普股份,0.016512549537648614,24.84472049689441,1.390004201616959,0.6353624257565915,1.0342182275318685,1.3621869795418673,508219564.0,14.63,14.73,14.5,14.67,4398551.0,64418141.0,14.74,-0.47489823609226933,10.0,16.21,False,False,True,82.63942680092951
272,000561.SZ,烽火电子,0.16096324461343478,22.43975903614459,1.3028766262285023,1.007757044094805,0.758114680595937,1.4552543576312766,776247360.0,7.88,8.03,7.88,7.96,11384000.0,90679532.0,7.91,0.6321112515802696,10.0,8.7,False,False,True,82.6026336173509
273,603018.SH,XD华设集,0.18592964824120606,15.478615071283098,1.2281404030348386,0.837329101201297,1.026312406635021,0.8630019733451517,819147727.0,5.29,5.29,5.18,5.25,5919298.0,31148059.0,5.28,-0.5681818181818232,10.0,5.81,False,False,True,82.5987606506584
274,002752.SZ,昇兴股份,0.22380952380952374,18.34862385321101,1.199153092776189,1.0927653748082082,0.7129011420060164,0.8871332506264669,975526819.0,6.15,6.16,6.08,6.13,9457035.0,57856167.0,6.18,-0.8090614886731351,10.0,6.8,False,False,True,82.59682416731218
275,603529.SH,爱玛科技,0.21295740851829642,21.687398593834505,1.209398459281192,0.6870758438647264,0.8009333874145196,0.5538254480669744,850765921.0,22.04,22.17,21.72,21.76,3233800.0,70572332.0,22.04,-1.270417422867498,10.0,24.24,False,False,True,82.54453911696359
276,601568.SH,北元化工,0.3445945945945946,16.766467065868262,0.6964076002163683,0.40750038233509905,0.8288399744826906,1.1282546635972355,3972222224.000001,3.85,3.85,3.77,3.82,18262856.0,69515009.0,3.85,-0.7792207792207906,10.0,4.24,False,False,True,82.53485670023238
277,000883.SZ,湖北能源,0.36134453781512643,20.4878048780488,0.8671998093267552,0.3657714971274905,0.593273218083198,1.0745711152841837,6479510729.0,4.52,4.54,4.46,4.52,25467554.0,114924563.0,4.53,-0.22075055187639192,10.0,4.98,False,False,True,82.52807900852052
278,601006.SH,大秦铁路,0.2847682119205301,15.261958997722092,0.7435360338271062,0.5729705502717736,0.993627509933981,0.8171625995678203,19862892778.0,4.82,4.85,4.79,4.81,93000071.0,448223080.0,4.82,-0.20746887966806016,10.0,5.3,False,False,True,82.49806351665374
279,000900.SZ,现代投资,0.29292929292929304,12.352941176470589,0.8694166802622133,0.7386989169507424,0.9085573968806873,1.2830614632125616,1517752584.0,3.68,3.69,3.63,3.64,14385200.0,52486000.0,3.69,-1.3550135501354976,10.0,4.06,False,False,True,82.4767621998451
280,002275.SZ,桂林三金,0.1884498480243159,16.708648194794296,1.123098003573362,0.505762620592789,1.3034137993976453,0.6879859650646063,564751305.0,12.51,12.51,12.38,12.41,1965095.0,24402179.0,12.53,-0.9577015163607316,10.0,13.78,False,False,True,82.46707978311386
281,600282.SH,南钢股份,0.19014084507042286,15.296803652968038,1.2605022804495487,0.6615181459159766,1.0776413792749917,0.794706358929707,6165091011.0,4.61,4.65,4.57,4.63,32410665.0,152720744.0,4.62,0.21645021645020357,10.0,5.08,False,False,True,82.44577846630519
282,600787.SH,中储股份,0.26431718061674025,18.765432098765423,0.9336758323422488,0.7318539620267206,0.8601889431924971,1.4181496427857538,2170079582.0,4.64,4.65,4.53,4.58,22522788.0,102934003.0,4.65,-1.505376344086029,10.0,5.12,False,False,True,82.428350116189
283,603053.SH,成都燃气,0.28908554572271394,18.710493046776232,0.6737093070536926,0.282416086354886,0.9636545747682387,1.302915964503775,888890000.0,8.89,8.96,8.84,8.94,3270799.0,29184854.0,8.89,0.5624296962879471,10.0,9.78,False,False,True,82.36444616576297
284,002892.SZ,科力尔,0.06577480490523968,29.336437718277054,1.1403435543217637,1.263582241387049,0.7691040729115134,0.6547291508006162,501123935.0,9.12,9.2,9.02,9.16,4145819.0,37793071.0,9.18,-0.2178649237472685,10.0,10.1,False,False,True,82.33152594887684
285,300627.SZ,华测导航,0.09546539379474939,20.106221547799706,1.37348804220991,1.3021488034510942,0.8581656612669315,0.7600458936064979,657131856.0,28.13,28.54,27.93,28.19,6503587.0,183720804.0,28.36,-0.5994358251057763,20.0,34.03,False,False,True,82.32765298218436
286,603173.SH,福斯达,0.08723489395758302,36.05653223026542,1.1637314322536738,0.6166626875,0.724496523679257,1.2903123800562362,160000000.0,31.01,31.19,29.98,30.0,1273100.0,38522418.0,31.19,-3.815325424815652,10.0,34.31,False,False,True,82.3160340821069
287,001390.SZ,古麒绒材,0.07720364741641335,25.504587155963286,0.9817361354192261,1.2518372106239046,0.9880073144242267,1.3763242659160158,118779250.0,17.57,17.65,17.36,17.53,2046488.0,35872302.0,17.57,-0.22766078542970636,10.0,19.33,False,False,True,82.31409759876065
288,600369.SH,西南证券,0.3839285714285717,14.247311827956977,0.6840963811584244,0.46026941212349803,0.801591627767317,1.1905417095886914,6645109124.0,4.13,4.14,4.06,4.07,36413200.0,148628076.0,4.15,-1.927710843373498,10.0,4.57,False,False,True,82.30247869868319
289,600639.SH,浦东金桥,0.3427419354838708,14.18685121107266,0.8815347567707061,0.478506036688934,0.8458646661093315,1.1000299021691133,850236703.0,9.49,9.54,9.36,9.45,4475399.0,42140026.0,9.52,-0.7352941176470673,10.0,10.47,False,False,True,82.24825716498839
290,600628.SH,新世界,0.20913461538461536,16.03603603603605,1.0775456938915424,1.112531822667096,0.9232451423820031,0.8896445444502333,646875384.0,6.42,6.43,6.3,6.39,6402500.0,40702138.0,6.42,-0.4672897196261738,10.0,7.06,False,False,True,82.24632068164213
291,600477.SH,杭萧钢构,0.11693548387096758,18.46846846846846,1.316878366151974,1.3213821908043493,0.9039761377590412,3.972097638429744,2358968436.0,2.63,2.66,2.47,2.55,123814211.0,316480028.0,2.51,1.5936254980079667,10.0,2.76,False,False,True,82.19790859798606
292,000498.SZ,山东路桥,0.2947976878612715,15.964523281596477,0.8045392721449944,0.6190812467516081,0.9400310726616157,1.171806697745367,1449347778.9999998,5.01,5.03,4.93,4.94,10514200.0,52064739.0,5.02,-1.5936254980079556,10.0,5.52,False,False,True,82.07591014717273
293,000686.SZ,东北证券,0.2500000000000003,22.070844686648506,0.7990570273855613,0.7919779108224395,0.8411081368797828,1.011300300383525,2340452915.0,8.17,8.25,8.03,8.06,18745331.0,151472686.0,8.21,-1.8270401948842885,10.0,9.03,False,False,True,82.06622773044151
294,605099.SH,共创草坪,0.09586393505991497,34.13559322033899,1.4840029743235097,0.41506926491010193,0.45394746793258706,0.9870794396499958,402126336.0,30.9,30.9,30.1,30.12,1647083.0,50026423.0,31.21,-3.492470362063438,10.0,34.33,False,False,True,82.03524399690161
295,600751.SH,海航科技,0.1796875,24.723247232472325,1.0394648909096689,1.1174408416533201,0.7814344130933734,0.8900982752739741,2573189052.0,3.16,3.17,3.07,3.11,25593766.0,79463874.0,3.17,-1.8927444794952675,10.0,3.49,False,False,True,82.02168861347793
296,600822.SH,上海物贸,0.19381107491856686,18.389261744966447,1.13851431102376,0.798793881299502,1.03147309492428,0.8429072098145457,396147908.0,8.62,8.62,8.47,8.58,2667300.0,22804713.0,8.64,-0.6944444444444531,10.0,9.5,False,False,True,82.00038729666926
297,000800.SZ,一汽解放,0.2999999999999998,17.38351254480286,1.0061296507724675,0.2742889933816345,0.9043737772109307,0.8636146557333466,4920635033.0,6.15,6.17,6.07,6.11,11656000.0,71127497.0,6.18,-1.132686084142387,10.0,6.8,False,False,True,81.96553059643686
298,000099.SZ,中信海直,0.07081339712918662,34.49583017437452,1.110570249698307,0.9043013407462431,0.7761140716136266,0.9923370701301822,775770137.0,13.86,13.93,13.61,13.83,6961542.0,95789097.0,13.93,-0.7178750897343877,10.0,15.32,False,False,True,81.95391169635941
299,601022.SH,宁波远洋,0.2581453634085211,16.120218579234958,1.0698511462930873,0.5460904605078581,0.9949620376283657,0.7218538633398793,1308633334.0,8.39,8.39,8.21,8.25,5158600.0,42633779.0,8.35,-1.19760479041916,10.0,9.19,False,False,True,81.93841982958948
300,300070.SZ,碧水源,0.2695035460992908,19.108280254777064,0.7755702931344695,0.833403081773044,0.8741352555929411,1.068070755758329,3477748047.0,3.52,3.52,3.44,3.46,30956599.0,107128432.0,3.52,-1.7045454545454586,20.0,4.22,False,False,True,81.91905499612704
301,002340.SZ,格林美,0.09254498714652945,26.504065040650392,1.106093851246587,1.7865208280505,0.6421581575737902,0.7124255663230492,5075981882.0,6.48,6.48,6.4,6.43,64605225.0,414861028.0,6.51,-1.228878648233489,10.0,7.16,False,False,True,81.89000774593339
302,688128.SH,中国电研,0.13451327433628307,32.226078334159645,1.2323531175593838,0.4960284672435049,0.778848919969668,0.7189890986509083,404500000.0,22.25,22.34,21.9,22.02,1442605.0,32143506.0,22.45,-1.9153674832962153,20.0,26.94,False,False,True,81.89000774593339
303,002675.SZ,东诚药业,0.23809523809523783,13.858921161825721,1.000802663191194,1.1453834988004816,0.8989437676973071,0.5767641914163977,743383994.0,13.04,13.1,12.91,12.94,4910915.0,63729240.0,13.1,-1.2213740458015265,10.0,14.41,False,False,True,81.88807126258715
304,601567.SH,三星电气,0.055555555555555525,30.220197418375093,1.4083750760762448,1.0056407037983046,0.6753882972188647,0.7344566757375337,1405209400.0,14.21,14.22,13.93,14.02,10378870.0,145629690.0,14.29,-1.889433170048982,10.0,15.72,False,False,True,81.86870642912471
305,605077.SH,华康股份,0.13953488372093023,28.8866599799398,1.0591372149309264,1.2436732972511582,0.6944115179857342,1.1634493703964166,299429678.0,11.17,11.23,10.92,11.12,4332600.0,47797783.0,11.23,-0.9795191451469343,10.0,12.35,False,False,True,81.84159566227731
306,601368.SH,绿城水务,0.36874999999999997,17.574257425742566,0.7407187867327597,0.5338782487022494,0.7704405222192932,0.7910519836100168,882973077.0,4.59,4.64,4.54,4.56,3729020.0,17023905.0,4.63,-1.5118790496760348,10.0,5.09,False,False,True,81.83191324554609
307,002984.SZ,森麒麟,0.1332046332046331,23.655063291139243,1.0889589922029992,1.3063962251948535,0.8751457837151995,1.1798395827241455,713920189.0,13.95,13.98,13.6,13.68,11003923.0,151032587.0,14.02,-2.4251069900142697,10.0,15.42,False,False,True,81.78350116189
308,600817.SH,宇通重工,0.34946236559139765,16.45274212368728,0.9755551624318592,0.47478163620294456,0.7902484432316905,0.7960137952127985,529491846.0,9.82,9.95,9.76,9.87,2001123.0,19767624.0,9.87,0.0,10.0,10.86,False,False,True,81.76607281177382
309,600502.SH,安徽建工,0.1638418079096046,15.476190476190466,1.0439152942043113,1.6081274327825104,0.9446166238346498,1.3680702538424145,1716533938.0,4.46,4.47,4.38,4.41,37764284.0,166588283.0,4.49,-1.7817371937639215,10.0,4.94,False,False,True,81.75832687838886
310,688016.SH,心脉医疗,0.17475420234697128,17.460698427937118,1.1687002523773908,1.3527416943520396,0.8817484437102202,1.1338086450485527,123262117.0,88.88,88.88,86.53,86.57,1890533.0,164842416.0,88.84,-2.5551553354345002,20.0,106.61,False,False,True,81.75058094500388
311,601688.SH,华泰证券,0.300124533001245,19.40133037694014,0.8944442554295803,0.8262074031221475,0.749855319688915,0.7850071647065396,7306758106.0,19.48,19.55,19.2,19.22,47390079.0,914445791.0,19.58,-1.8386108273748647,10.0,21.54,False,False,True,81.74864446165763
312,600620.SH,天宸股份,0.19889502762430933,21.052631578947366,1.3797192565016325,0.7142232582316996,0.7944777451731673,1.142502907563159,686677113.0,4.53,4.54,4.43,4.51,5603300.0,25151107.0,4.52,-0.22123893805309214,10.0,4.97,False,False,True,81.71281951975213
313,601717.SH,中创智领,0.0835401157981803,23.42606149341142,1.1759703534475612,1.228070455177338,1.0022698837160688,1.0159090861209614,1542165730.0,14.66,14.7,14.24,14.25,19240182.0,275861778.0,14.67,-2.862985685071573,10.0,16.14,False,False,True,81.70797831138651
314,600853.SH,龙建股份,0.23152709359605922,18.36734693877551,1.0381580330171662,0.9268540673487874,0.909110025355968,1.0136773611637013,1013699085.0,3.4,3.42,3.35,3.4,9524017.0,32288335.0,3.41,-0.2932551319648202,10.0,3.75,False,False,True,81.70604182804028
315,002228.SZ,合兴包装,0.11325966850828731,15.248226950354615,1.4098726781399513,1.4886792667343027,0.8907240871782374,0.8176704519383966,1209321709.0,3.22,3.23,3.18,3.2,14720457.0,47038731.0,3.23,-0.9287925696594312,10.0,3.55,False,False,True,81.69635941130906
316,600995.SH,南网储能,0.360248447204969,22.66782911944203,0.8765402377095715,0.35515237275984457,0.5162091853450259,0.6717779005241042,3196005805.0,12.75,12.76,12.57,12.61,7625143.0,96292334.0,12.74,-1.0204081632653073,10.0,14.01,False,False,True,81.64407436096049
317,603107.SH,上海汽配,0.22517730496453897,17.889908256880727,0.867287041811306,0.9071412350430451,1.0505613903966997,0.6692784661750372,218173998.0,12.1,12.16,12.01,12.13,1324600.0,15989615.0,12.17,-0.32867707477403085,10.0,13.39,False,False,True,81.59759876065065
318,601512.SH,中新集团,0.2673796791443848,16.28222523744911,1.1240327518962034,0.233162400176125,1.0107435289354194,1.5107095218650288,1498890000.0,8.37,8.56,8.31,8.47,5279700.0,44684875.0,8.37,1.1947431302270273,10.0,9.21,False,False,True,81.58791634391943
319,002059.SZ,云南旅游,0.18427518427518427,21.144278606965194,1.0986197425343351,0.9200942894959874,0.981654524203235,7.794259098689119,990393246.0,4.76,5.25,4.73,5.25,71025589.0,368884408.0,4.77,10.062893081761025,10.0,5.25,True,False,True,81.58597986057319
320,601228.SH,广州港,0.3814432989690722,14.801444043321311,0.8819181820870121,0.279087927671064,0.8375257579168397,0.9169269336794448,7544531351.0,3.13,3.15,3.09,3.12,19306700.0,60138218.0,3.14,-0.6369426751592355,10.0,3.45,False,False,True,81.53756777691711
321,600208.SH,衢州发展,0.06810035842293906,19.047619047619047,1.5869316354130187,1.1234339913985063,0.9060373312905757,0.7950125230381733,8507976337.0,2.9,2.92,2.86,2.9,75988488.0,219423744.0,2.91,-0.3436426116838587,10.0,3.2,False,False,True,81.53079008520527
322,000002.SZ,万  科Ａ,0.06572769953051649,18.055555555555557,1.3203690672226096,1.3639468125540228,1.0809029187671402,1.1586682231116656,9715113154.0,3.12,3.15,3.06,3.08,153533940.0,473280965.0,3.16,-2.5316455696202556,10.0,3.48,False,False,True,81.4562354763749
323,600606.SH,绿地控股,0.13793103448275876,19.166666666666664,1.3563289123906113,0.8127158956696945,1.0900434140710082,1.126696252839879,14054218314.0,1.32,1.33,1.27,1.3,128692222.0,166669745.0,1.32,-1.5151515151515138,10.0,1.45,False,False,True,81.44461657629743
324,000755.SZ,山西高速,0.34975369458128075,17.142857142857125,1.0582938668430448,0.30391847014739404,0.7919074940239702,1.1727476090144053,1467310196.0,4.9,4.9,4.78,4.82,5229782.0,25196505.0,4.91,-1.8329938900203624,10.0,5.4,False,False,True,81.40007745933386
325,002701.SZ,奥瑞金,0.1422594142259417,21.739130434782616,1.2359568924078284,0.9700578542592524,0.9999957735325304,0.9908915653507557,2557357434.0,4.47,4.48,4.38,4.44,24581886.0,108457310.0,4.48,-0.8928571428571397,10.0,4.93,False,False,True,81.38458559256391
326,000629.SZ,钒钛股份,0.18857142857142836,24.82993197278911,1.047909347753567,0.9942410133978868,0.8352666093222372,1.00364574326276,9290444430.0,3.05,3.06,3.0,3.02,92706164.0,279722189.0,3.07,-1.6286644951139961,10.0,3.38,False,False,True,81.37296669248646
327,603215.SH,比依股份,0.17834960070984915,24.0,1.3408765584746707,0.7558196305495946,0.8137720175968257,0.6627207511280846,187228380.0,14.66,14.71,14.41,14.68,937822.0,13679657.0,14.76,-0.5420054200542035,10.0,16.24,False,False,True,81.35553834237025
328,688588.SH,凌志软件,0.09655638082376772,25.63791008505467,1.3613580687119011,0.8923674580726019,0.9158599621926973,1.2682155720432045,390010003.0,9.6,9.6,9.28,9.42,4413799.0,41516040.0,9.66,-2.4844720496894457,20.0,11.59,False,False,True,81.34198295894656
329,603899.SH,晨光股份,0.33367451381780944,20.151133501259455,0.8642982482331767,0.3464466713506861,0.8188953823381192,1.8895954559944446,915795377.0,23.11,23.11,22.3,22.6,5995200.0,135308298.0,23.11,-2.2068368671570693,10.0,25.42,False,False,True,81.30906274206042
330,000028.SZ,国药一致,0.2549371633752247,18.07486631016042,0.7720573912070645,0.6651300167142444,1.0791698253623128,0.4559048361260969,525859082.0,20.1,20.15,19.95,20.03,1594594.0,31904774.0,20.12,-0.4473161033797246,10.0,22.13,False,False,True,81.29163439194423
331,000049.SZ,德赛电池,0.11758118701007847,15.919282511210774,1.1957350305132077,2.0497530858463446,0.8555911285292523,0.6085744417239896,384534862.0,23.28,23.28,23.05,23.13,4796793.0,110994395.0,23.35,-0.942184154175596,10.0,25.69,False,False,True,81.289697908598
332,001380.SZ,华纬科技,0.18537200504413628,21.467025572005394,1.3044423809149552,0.689806529487202,0.927188655446169,0.8747479332370771,232732365.0,17.74,18.01,17.55,17.91,1404323.0,25016275.0,17.8,0.6179775280898747,10.0,19.58,False,False,True,81.27807900852052
333,002996.SZ,顺博合金,0.19207317073170732,15.33101045296168,1.1219720221018128,1.6825403409697488,0.8067166888950684,1.265828726263734,458377491.0,6.33,6.34,6.19,6.28,9762560.0,60922910.0,6.37,-1.4128728414442682,10.0,7.01,False,False,True,81.2761425251743
334,600106.SH,重庆路桥,0.156441717791411,29.499999999999993,1.2160357886007656,0.8273901572218745,0.7545981657377232,2.6709885932601463,1329025062.0,4.49,4.71,4.42,4.62,29370785.0,134057174.0,4.51,2.4390243902439046,10.0,4.96,False,False,True,81.26258714175057
335,688306.SH,均普智能,0.06832298136645971,33.17073170731708,1.4654876544257855,0.675726974276603,0.6800910684275087,0.5264597808665715,1228282800.0,8.67,8.76,8.55,8.6,4369531.0,37613622.0,8.75,-1.7142857142857237,20.0,10.5,False,False,True,81.25677769171183
336,002296.SZ,辉煌科技,0.13373860182370806,16.924910607866515,1.0185258872467189,2.2853781940678446,0.8233874075527471,0.6588111111917181,347415444.0,9.18,9.28,9.14,9.22,5230800.0,48189588.0,9.27,-0.5393743257820827,10.0,10.2,False,False,True,81.22192099147948
337,000557.SZ,西部创业,0.1943127962085309,21.130952380952394,1.322016746833622,0.546438866714609,0.9445877802084914,0.8240387243236098,1457916197.9999998,3.77,3.78,3.71,3.74,6564804.0,24483804.0,3.77,-0.7957559681697535,10.0,4.15,False,False,True,81.22095274980636
338,603227.SH,雪峰科技,0.2698412698412697,21.09144542772863,1.1417872453393083,0.7386889806430279,0.74500101753908,0.7680943078231857,1071692689.0,7.78,7.88,7.71,7.74,6080600.0,47132849.0,7.8,-0.7692307692307665,10.0,8.58,False,False,True,81.218048024787
339,002507.SZ,涪陵榨菜,0.24199288256227744,16.116870876531575,0.6878569833776649,0.9475426273806274,1.0965995452591895,0.8133661861983938,1153718438.0,11.29,11.32,11.15,11.19,8891698.0,99446352.0,11.29,-0.8857395925597866,10.0,12.42,False,False,True,81.17738187451587
340,600284.SH,浦东建设,0.09407665505226483,21.748400852878458,1.1564909985973604,1.4181688234857552,0.9958964907665723,2.285787972051854,970256000.0,5.2,5.49,5.12,5.29,31452141.0,165675864.0,5.23,1.1472275334607929,10.0,5.75,False,False,True,81.1696359411309
341,600380.SH,健康元,0.033407572383073576,17.84140969162995,1.4006101681712022,1.057728237192696,1.348353963796823,0.7036419181282021,1829453386.0,9.2,9.23,9.1,9.12,13615925.0,124264344.0,9.23,-1.1917659804983827,10.0,10.15,False,False,True,81.15027110766847
342,002110.SZ,三钢闽光,0.14864864864864863,19.92753623188408,1.2159957341227208,0.9984076201656349,1.0742874973549326,0.9531157719585739,2429076227.0,3.08,3.09,2.99,3.03,23115042.0,69798799.0,3.09,-1.9417475728155331,10.0,3.4,False,False,True,81.14639814097598
343,000156.SZ,华数传媒,0.2684931506849317,17.781402936378466,1.2066187783723767,0.5485589551665785,0.8842400325747941,1.0438214990574592,1699875877.0,7.02,7.13,6.93,6.95,9733449.0,67983545.0,7.11,-2.250351617440227,10.0,7.82,False,False,True,81.14252517428349
344,603579.SH,荣泰健康,0.09717607973421935,31.155778894472363,1.191039064326338,1.1536246845622709,0.7435039920962682,1.1729292408257224,201052364.00000003,18.33,18.33,17.84,18.19,2720480.0,49105667.0,18.26,-0.383351588170866,10.0,20.09,False,False,True,81.10379550735863
345,601901.SH,方正证券,0.32692307692307704,21.870047543581638,0.6664601994088599,0.5339892378718645,0.7874527988408366,0.824089464945892,8232101395.000001,6.95,6.96,6.85,6.86,36225766.0,249418925.0,6.98,-1.7191977077363862,10.0,7.68,False,False,True,81.1018590240124
346,000400.SZ,许继电气,0.14199598124581367,25.141972121837885,1.1559676083875134,1.5505320996447987,0.6895154423523713,0.6033086225920447,1015065609.0,21.4,21.45,21.04,21.06,9495425.0,200561808.0,21.49,-2.000930665425782,10.0,23.64,False,False,True,81.07281177381874
347,002373.SZ,千方科技,0.17126269956458645,20.203488372093027,1.2613955058295114,1.2822292623509586,0.8260601050472544,0.7868287409671072,1377594126.0,8.0,8.09,7.83,7.83,13898476.0,109697220.0,8.06,-2.8535980148883477,10.0,8.87,False,False,True,81.05925639039505
348,000631.SZ,顺发恒能,0.16111111111111093,33.823529411764696,1.2313957572463317,0.527830128319317,0.6750478945298605,0.7535197381595103,2300000085.0,2.99,3.0,2.95,2.99,9147800.0,27220975.0,3.01,-0.6644518272425071,10.0,3.31,False,False,True,81.02827265685515
349,688285.SH,高铁电气,0.3019390581717451,19.306184012066364,1.0565674149429944,0.61364505670392,0.8036744398761085,0.9306052015551012,376289913.0,7.72,7.73,7.57,7.66,2148846.0,16437334.0,7.72,-0.7772020725388518,20.0,9.26,False,False,True,81.0127807900852
350,600570.SH,恒生电子,0.13716814159292046,21.107784431137723,1.1363964954982442,1.3436598924046412,0.9696716101997693,0.660296923840906,1893647942.0,22.05,22.15,21.64,21.7,16800719.0,366265585.0,22.21,-2.2962629446195426,10.0,24.43,False,False,True,80.98954298993029
351,300101.SZ,振芯科技,0.05874558303886926,29.336349924585203,1.3852112653639586,1.3202774207165888,0.6323046407827035,0.7278961346432968,565589340.0,14.5,14.65,14.35,14.54,5435454.0,78891712.0,14.59,-0.34270047978067764,20.0,17.51,False,False,True,80.98954298993029
352,600960.SH,渤海汽车,0.2102102102102101,30.000000000000004,1.0274707436530044,0.8989746604010674,0.5826385097960174,0.9337506500154041,950515518.0,4.09,4.12,4.04,4.11,7978800.0,32579347.0,4.1,0.24390243902441266,10.0,4.51,False,False,True,80.96920991479473
353,603350.SH,安乃达,0.14460285132382894,32.27676845767298,0.8605109504130519,1.2980201475370772,0.6699037154693871,0.7969097586028264,44124500.0,28.55,28.8,28.21,28.64,456426.0,13027358.0,28.71,-0.24381748519679558,10.0,31.58,False,False,True,80.93919442292795
354,688075.SH,安旭生物,0.16656822209096278,16.889880952380953,1.4148764079848726,0.5395290102386341,1.1963156925916911,0.5332614986743939,127082805.0,29.54,29.86,29.21,29.25,365630.0,10729825.0,29.7,-1.5151515151515138,20.0,35.64,False,False,True,80.93338497288924
355,600717.SH,天津港,0.2906976744186049,18.65284974093264,0.8889313128980414,0.675544963297965,0.9206432473427105,1.02628933171322,2894001038.0,4.34,4.36,4.29,4.33,20064242.0,86731656.0,4.36,-0.6880733944954143,10.0,4.8,False,False,True,80.81525948876839
356,002554.SZ,惠博普,0.13008130081300825,25.093632958801493,1.351343344633074,1.354529238137625,0.68319971455929,2.5578667185170123,1333469849.9999998,3.11,3.14,2.95,2.97,46200800.0,138913712.0,2.99,-0.6688963210702337,10.0,3.29,False,False,True,80.80751355538342
357,300770.SZ,新媒股份,0.23946557040082225,15.989684074790445,1.2153017837920395,0.8720221808253671,0.9331794867097982,1.3215703489080108,227838591.0,35.41,35.68,34.7,34.91,2625700.0,91955281.0,35.68,-2.1580717488789314,20.0,42.82,False,False,True,80.78814872192099
358,600681.SH,百川能源,0.15261044176706823,16.346153846153832,1.1889033522737658,1.4990375395153734,0.9864294586489356,2.056725387735614,1339808772.0,3.51,3.57,3.48,3.54,41307759.0,146014221.0,3.5,1.1428571428571344,10.0,3.85,False,False,True,80.77652982184354
359,601059.SH,信达证券,0.3635077793493635,18.732782369145994,0.682235794231883,0.22573390841813143,0.8792914512995058,1.2916178648391703,3243000000.0,17.0,17.06,16.87,16.94,9455354.0,160442278.0,17.09,-0.8777062609713226,10.0,18.8,False,False,True,80.76297443841983
360,603230.SH,内蒙新华,0.22800000000000012,17.058823529411747,1.0746110480019544,0.6617327585475299,1.1793000453697635,2.1712865922665325,353523000.0,9.63,9.76,9.37,9.48,5079459.0,48220385.0,9.64,-1.6597510373444035,10.0,10.6,False,False,True,80.74554608830364
361,603639.SH,海利尔,0.2735849056603773,16.213389121338896,1.1908359975229976,0.59900484507491,0.928792749177453,1.0967206098843272,339878336.0,11.01,11.07,10.71,10.77,2232800.0,24089090.0,11.01,-2.1798365122615793,10.0,12.11,False,False,True,80.72037180480247
362,603551.SH,奥普科技,0.2325581395348837,20.79905992949471,0.8955740676750896,0.7315313969475434,1.0500577764368684,0.9444990276307447,381227343.0,9.52,9.53,9.38,9.5,2629800.0,24868670.0,9.51,-0.1051524710830698,10.0,10.46,False,False,True,80.70681642137878
363,000707.SZ,双环科技,0.23024054982817865,19.80440097799512,1.179168971735779,1.212044134689665,0.7360668967207505,0.9855354503534208,550703589.0,4.75,4.77,4.64,4.71,6578223.0,30862724.0,4.76,-1.0504201680672232,10.0,5.24,False,False,True,80.6855151045701
364,600033.SH,福建高速,0.25882352941176473,17.460317460317466,0.8889917532019116,0.8645038952047756,1.0103348137814323,1.0303946291856472,2744400000.0,3.58,3.59,3.54,3.55,24446571.0,86966286.0,3.59,-1.1142061281337101,10.0,3.95,False,False,True,80.66615027110767
365,301215.SZ,中汽股份,0.18681318681318676,20.2020202020202,1.111377679787187,0.8699265653357485,1.1095297390129861,0.5351971276476294,1322400000.0,5.41,5.44,5.36,5.42,6156859.0,33214031.0,5.46,-0.73260073260073,20.0,6.55,False,False,True,80.66034082106894
366,002239.SZ,奥特佳,0.20769230769230768,13.247863247863245,1.1144225199986817,1.5207208341837077,0.8918793834362045,0.9141326653858611,3266152096.0,2.6,2.61,2.55,2.6,45404106.0,117192152.0,2.61,-0.3831417624520994,10.0,2.87,False,False,True,80.61967467079783
367,688363.SH,华熙生物,0.10180681028492007,24.434941967012836,1.425410786567937,0.6636234671359675,1.0420123967837926,0.6200918161299197,481678242.0,35.62,35.62,35.03,35.4,1982142.0,69953594.0,35.67,-0.7569386038688064,20.0,42.8,False,False,True,80.61773818745158
368,001391.SZ,国货航,0.0688405797101449,23.409669211195915,1.1142951211544148,1.4088569232863801,1.0867524140112033,0.8372091124159009,1519354020.0,4.1,4.12,4.07,4.07,17920900.0,73103598.0,4.12,-1.2135922330097082,10.0,4.53,False,False,True,80.58869093725795
369,000750.SZ,国海证券,0.3265306122448979,17.10914454277286,0.8361720086596651,0.704286244272726,0.8908812253111348,1.3451727133511113,5796203977.0,3.86,3.86,3.79,3.8,54912462.0,209053639.0,3.87,-1.8087855297157729,10.0,4.26,False,False,True,80.56545313710302
370,600004.SH,白云机场,0.28525641025641024,17.1965317919075,0.9947569036154258,0.4324305821910895,1.0609257825644092,0.9124758212210818,2366718283.0,7.8,7.82,7.7,7.74,9338655.0,72439703.0,7.81,-0.8962868117797673,10.0,8.59,False,False,True,80.4744384198296
371,600268.SH,国电南自,0.17131979695431465,26.44710578842315,1.1506481071681702,1.3830062655622875,0.6325075700546718,0.6977346794665138,1015495450.0,10.59,10.59,10.38,10.49,9799241.0,102506910.0,10.61,-1.1310084825636113,10.0,11.67,False,False,True,80.47250193648335
372,002950.SZ,奥美医疗,0.14150943396226423,24.489795918367328,1.3036167712858515,1.547758755476323,0.6513823536845099,0.6811575949545553,429625255.00000006,9.22,9.22,9.02,9.02,4529400.0,41084020.0,9.23,-2.275189599133265,10.0,10.15,False,False,True,80.46572424477151
373,002673.SZ,西部证券,0.3088235294117646,14.123376623376615,0.9243972512165104,0.618159762446938,1.0145083962682206,1.038305707326239,4469581705.0,6.98,7.01,6.86,6.87,28687510.0,198099642.0,7.0,-1.8571428571428572,10.0,7.7,False,False,True,80.44539116963594
374,600163.SH,中闽能源,0.1259079903147701,33.83620689655174,1.3526789484932717,0.8871612778670728,0.405204504472146,0.910056516085344,1902996143.0,5.15,5.19,5.1,5.14,15364161.0,79077034.0,5.16,-0.387596899224818,10.0,5.68,False,False,True,80.43183578621223
375,600559.SH,老白干酒,0.11265646731571632,17.920148560817072,1.2353634004525218,1.3636696753645106,1.1554856822831872,0.9770217706905253,914747444.0,11.52,11.6,11.33,11.38,12187500.0,139092037.0,11.58,-1.7271157167530138,10.0,12.74,False,False,True,80.41053446940357
376,603589.SH,口子窖,0.10431235431235428,22.253841775754136,1.241951178046294,0.9843949287108255,1.2210926347027025,0.6052085752241552,598119472.0,19.32,19.43,19.05,19.13,3563382.0,68419286.0,19.36,-1.1880165289256173,10.0,21.3,False,False,True,80.41053446940356
377,600456.SH,宝钛股份,0.08952187182095633,27.93362307388385,1.3476954946287323,1.2488599950697923,0.7773758649401585,0.6517929026806963,477777539.00000006,27.05,27.05,26.45,26.87,3889100.0,103834624.0,27.07,-0.7388252678241614,10.0,29.78,False,False,True,80.39310611928737
378,600814.SH,杭州解百,0.220703125,19.594594594594604,1.2725197876016503,0.7683506519393949,0.926164108364841,1.4096364201778857,735078598.0,7.05,7.06,6.9,6.99,7961600.0,55535504.0,7.05,-0.8510638297872242,10.0,7.76,False,False,True,80.38148721920992
379,600072.SH,中船科技,0.14372163388804832,32.65822784810126,1.0808132064203229,1.261492948517611,0.5583606923616377,0.8103819402899654,1083337316.0,8.84,8.88,8.75,8.85,11074861.0,97673335.0,8.85,0.0,10.0,9.74,False,False,True,80.37567776917119
380,002521.SZ,齐峰新材,0.19137466307277623,24.630541871921174,0.9638070148584307,1.1070470947370477,0.8969213448072748,0.8341649608242117,419173590.0,6.77,6.85,6.7,6.73,3870900.0,26063477.0,6.8,-1.0294117647058787,10.0,7.48,False,False,True,80.36212238574748
381,002053.SZ,云南能投,0.14836795252225518,30.641330166270777,1.3663269532078253,0.8257713573189222,0.6686191620302008,0.5960305381985372,920720764.0,9.45,9.46,9.24,9.34,4531649.0,42135126.0,9.42,-0.849256900212314,10.0,10.36,False,False,True,80.358249419055
382,002152.SZ,广电运通,0.14700193423597674,20.48192771084336,1.2478004901236575,1.0185681279052612,1.0953338493847133,0.6709280005160955,2482126213.0,9.82,9.9,9.68,9.85,16962500.0,166248996.0,9.89,-0.4044489383215444,10.0,10.88,False,False,True,80.3137103020914
383,603288.SH,海天味业,0.242669362992922,23.417721518987335,1.1058214907424142,0.301918641304756,0.957887125293625,0.7372714732963626,5559820644.0,34.08,34.23,33.65,33.87,12376041.0,418533631.0,34.0,-0.3823529411764781,10.0,37.4,False,False,True,80.29821843532146
384,002074.SZ,国轩高科,0.09776207302709064,26.975589573851888,1.3584183630622966,1.4160891891135963,0.7153011175192104,0.6198330183730146,1736657690.0,26.46,26.59,26.01,26.03,15243319.0,398011816.0,26.66,-2.363090772693166,10.0,29.33,False,False,True,80.29434546862898
385,600511.SH,国药股份,0.2953667953667956,14.01831939466347,0.6602548302371181,0.877876993382354,1.0474610013463872,0.5659683517570179,553346424.0,26.69,26.73,26.38,26.5,2749305.0,72845917.0,26.64,-0.5255255255255276,10.0,29.3,False,False,True,80.27885360185903
386,600690.SH,海尔智家,0.3383199079401612,22.023809523809533,0.742492983405939,0.5749263143834409,0.7841477980076422,0.6211280473724381,6178486925.0,21.4,21.55,21.26,21.33,22316563.0,476389974.0,21.42,-0.42016806722691147,10.0,23.56,False,False,True,80.27691711851277
387,000932.SZ,华菱钢铁,0.13905325443786978,24.534161490683214,1.1445253060758513,1.16903902775625,0.9548996710291152,1.2031272177603565,6852609160.0,3.68,3.69,3.58,3.6,96382131.0,347978285.0,3.69,-2.4390243902438935,10.0,4.06,False,False,True,80.27498063516654
388,000708.SZ,中信特钢,0.3076923076923078,20.863895680521605,0.9732988970692086,0.2626669365316505,0.9060396009153918,1.1514157236952565,5047136128.0,13.46,13.51,13.22,13.47,15264500.0,207252676.0,13.47,0.0,10.0,14.82,False,False,True,80.26336173508909
389,600386.SH,北巴传媒,0.24583333333333324,19.999999999999996,1.1978193008254963,0.916523462301583,0.8248029041348255,0.8254904324068376,806400000.0,3.59,3.59,3.52,3.55,6101072.0,21630504.0,3.59,-1.1142061281337101,10.0,3.95,False,False,True,80.25658404337723
390,603689.SH,皖天然气,0.4,15.249266862170096,0.6902676283877645,0.6683279588258549,0.8333190252426639,1.675104408533728,523447965.0,7.83,7.91,7.78,7.85,5860100.0,46071163.0,7.82,0.38363171355497716,10.0,8.6,False,False,True,80.23044151820294
391,300124.SZ,汇川技术,0.10973397823458289,33.89741800418702,1.3002362039706656,0.9420829742322504,0.68055972213943,0.6333868517540393,2410552811.0,60.88,60.89,59.86,60.0,14382953.0,866548509.0,60.95,-1.5586546349466768,20.0,73.14,False,False,True,80.22656855151047
392,600720.SH,中交设计,0.20655737704918026,21.336206896551737,1.0056963298203674,0.870367770986785,1.0709464312410815,0.8290896019376839,1009049771.0,5.26,5.26,5.17,5.19,7281433.0,37892605.0,5.27,-1.5180265654648806,10.0,5.8,False,False,True,80.20720371804804
393,688567.SH,孚能科技,0.03279883381924193,32.9954954954955,1.5381065788935027,0.8141951737597121,0.7133967457506183,0.89795435888317,1222103885.0,9.29,9.29,9.08,9.11,8934925.0,81601976.0,9.33,-2.3579849946409492,20.0,11.2,False,False,True,80.13361735089079
394,600848.SH,上海临港,0.2250372578241429,29.39521800281293,1.072720990850374,0.32890576186957304,0.8287127454554267,0.8039761000251545,2393912273.0,8.56,8.6,8.41,8.5,6330279.0,53580333.0,8.62,-1.3921113689094988,10.0,9.48,False,False,True,80.10263361735089
395,688581.SH,安杰思,0.11091361535726975,15.387755102040824,1.056020166550321,1.597616830893215,1.5130673676899122,0.5657734471084077,41178278.0,52.09,52.09,51.1,51.28,372206.0,19121326.0,52.12,-1.6116653875671405,20.0,62.54,False,False,True,80.06390395042604
396,603100.SH,川仪股份,0.255072463768116,19.48212083847103,1.187251312455072,0.8518226344373363,0.8520161197286786,0.857804771205183,511539166.0,18.78,18.84,18.54,18.7,3737804.0,69700157.0,18.86,-0.8483563096500557,10.0,20.75,False,False,True,80.06390395042602
397,600633.SH,浙数文化,0.11443433029908957,22.5050916496945,1.1744735349740565,1.6625826136810633,0.8920153029799508,0.7495024720570963,1268074472.0,10.58,10.7,10.44,10.46,15801600.0,166224274.0,10.7,-2.24299065420559,10.0,11.77,False,False,True,79.99031758326878
398,600754.SH,锦江酒店,0.18041237113402073,21.13251605370696,1.0379459820735415,1.3229166317046936,0.9625231642774379,1.0027094808536439,906044063.0,19.12,19.29,18.82,19.11,12018684.0,229215997.0,19.23,-0.6240249609984483,10.0,21.15,False,False,True,79.98257164988381
399,601113.SH,华鼎股份,0.19999999999999996,28.253968253968264,1.0953679305538466,0.8522943601800022,0.8008567276843082,0.8443725240989916,1104152226.0,3.52,3.53,3.46,3.5,7946075.0,27732192.0,3.53,-0.8498583569405027,10.0,3.88,False,False,True,79.97869868319133
400,002027.SZ,分众传媒,0.14245014245014245,26.530612244897966,0.9773940604033772,1.0770303156794825,1.0302553491422681,0.9575111712004093,14442199726.0,4.9,4.92,4.8,4.8,148937865.0,727557012.0,4.91,-2.2403258655804503,10.0,5.4,False,False,True,79.96514329976763
401,600688.SH,上海石化,0.26562500000000017,23.880597014925353,0.6313672949944638,0.8675490316406566,0.8744698088304147,1.563396706096106,7328813500.0,2.99,3.01,2.88,2.89,99402405.0,290131886.0,2.95,-2.033898305084747,10.0,3.25,False,False,True,79.90511231603408
402,002597.SZ,金禾实业,0.24573055028462998,23.235613463626482,1.082165790974986,1.0479180953115987,0.7557588054945275,0.7956205462582162,565976294.0,21.0,21.0,20.43,20.44,4718800.0,97094904.0,21.01,-2.7129938124702546,10.0,23.11,False,False,True,79.89349341595663
403,000875.SZ,电投绿能,0.07967032967032969,38.42887473460721,1.1247694183319006,1.0667619618839306,0.6622524234257781,1.10183532688921,3342439867.0,5.01,5.01,4.86,4.88,39286905.0,192717396.0,5.0,-2.400000000000002,10.0,5.5,False,False,True,79.8741285824942
404,603266.SH,天龙股份,0.1698529411764705,30.217849613492632,1.2476559502875806,0.974598081571543,0.6751350377039759,1.3674026126753553,198886750.0,16.38,16.65,16.24,16.54,2650500.0,43597063.0,16.54,0.0,10.0,18.19,False,False,True,79.86831913245545
405,600117.SH,西宁特钢,0.2251655629139072,19.500000000000007,1.3358104318127002,0.46801176668894007,1.0046770875924924,1.0125361317804225,3255114857.0,2.33,2.35,2.27,2.3,15425300.0,35420621.0,2.34,-1.7094017094017144,10.0,2.57,False,False,True,79.80635166537569
406,600373.SH,中文传媒,0.17366412213740462,21.406727828746174,1.0854016438742786,0.8986208668309317,1.2436518517502768,0.9292061762027313,1347358719.0,7.42,7.46,7.25,7.28,11250500.0,82425720.0,7.45,-2.281879194630876,10.0,8.2,False,False,True,79.79085979860572
407,002991.SZ,甘源食品,0.03042275780323995,18.157894736842106,1.106896362682901,1.9598652461325368,1.2121512598276465,1.2655403578878648,49933706.0,38.86,39.18,38.65,38.93,1238500.0,48167025.0,38.77,0.4126902244002917,10.0,42.65,False,False,True,79.78698683191325
408,000538.SZ,云南白药,0.378448275862069,15.294880103694108,0.6610796737095115,0.46715984938680044,0.9820535903912573,0.6845308933193942,1784132392.9999998,50.68,50.85,50.47,50.6,5705394.0,288902380.0,50.68,-0.15785319652722452,10.0,55.75,False,False,True,79.76568551510456
409,301048.SZ,金鹰重工,0.19193857965451053,19.14634146341463,1.2048092679259188,0.9162121573484753,1.103171836172688,0.6477727167803877,533333400.0,9.17,9.18,9.04,9.12,3165319.0,28829425.0,9.2,-0.8695652173913104,20.0,11.04,False,False,True,79.76374903175832
410,000895.SZ,双汇发展,0.2713643178410797,21.418888386805257,1.0305886138421836,0.3492760883776385,1.004927958580539,1.2383234006545512,3464212167.0,23.95,24.12,23.72,23.75,14983298.0,357684298.0,23.94,-0.7936507936508019,10.0,26.33,False,False,True,79.7443841982959
411,600621.SH,华鑫股份,0.29641185647425894,18.67572156196946,1.0673895790952341,0.8483429876772846,0.8457115403932888,0.9788646242795087,1060899292.0,13.58,13.66,13.35,13.4,8809845.0,118330334.0,13.68,-2.0467836257309857,10.0,15.05,False,False,True,79.72889233152594
412,301296.SZ,新巨丰,0.18461538461538463,22.33856893542756,1.1694535209577877,0.7617955060468045,1.1115158903047626,0.8419758713046159,427531764.0,6.53,6.57,6.44,6.54,2741577.0,17795665.0,6.57,-0.45662100456621557,20.0,7.88,False,False,True,79.72501936483346
413,601018.SH,宁波港,0.3596491228070176,14.705882352941169,0.8159891439699241,0.28819328780791154,1.0449503308727983,0.817395615133756,19454388399.0,3.47,3.49,3.43,3.44,45828300.0,159532721.0,3.47,-0.8645533141210415,10.0,3.82,False,False,True,79.71533694810225
414,000881.SZ,中广核技,0.1924119241192412,27.66666666666666,1.2059668478568129,0.8981750640711444,0.7820945065109625,0.682671907168548,903730851.0,6.71,6.73,6.64,6.7,5541306.0,37079484.0,6.71,-0.14903129657227732,10.0,7.38,False,False,True,79.70952749806351
415,600015.SH,华夏银行,0.2521739130434784,16.528925619834723,1.103316400873307,0.5676218354687954,1.2104076390906822,1.6934673881536872,15387223983.0,6.33,6.37,6.22,6.23,147909547.0,927360107.0,6.32,-1.424050632911389,10.0,6.95,False,False,True,79.69403563129357
416,600038.SH,中直股份,0.23545516769336075,17.70747740345111,1.2461209283695183,0.9364521561049574,0.9245211826387572,0.9608082412565906,668935221.0,27.71,27.95,27.61,27.69,6018751.0,167203616.0,27.78,-0.3239740820734305,10.0,30.56,False,False,True,79.69209914794733
417,600478.SH,科力远,0.10565110565110557,35.491071428571416,1.0187852984569912,1.300944723023562,0.6915318748546884,1.1647564411565825,1693918916.0,4.87,4.87,4.73,4.8,25667678.0,122725551.0,4.91,-2.2403258655804503,10.0,5.4,False,False,True,79.68048024786987
418,300664.SZ,鹏鹞环保,0.2796610169491527,20.884520884520885,1.1098091248225361,1.0738625202299072,0.7004912699844069,0.9057191488596694,725179886.0,4.71,4.75,4.67,4.72,7053229.0,33574119.0,4.73,-0.21141649048627142,20.0,5.68,False,False,True,79.6727343144849
419,002282.SZ,博深股份,0.29069767441860456,17.18464351005484,1.0704417121287997,0.8909254855439804,0.8935453342908052,0.7036091384235617,483311104.0,6.2,6.27,6.17,6.23,3029700.0,18830219.0,6.22,0.1607717041800738,10.0,6.84,False,False,True,79.66111541440743
420,000548.SZ,湖南投资,0.32367149758454083,17.38035264483626,1.0549701882469409,1.065649481202024,0.7299697502278972,0.8989304987036669,499215811.00000006,4.63,4.63,4.54,4.6,4782212.0,21887696.0,4.64,-0.8620689655172376,10.0,5.1,False,False,True,79.58752904725019
421,600138.SH,中青旅,0.22685185185185194,18.8976377952756,1.0670928301773375,1.1154158791998185,0.9726382446357076,1.7616440423049478,723840000.0,7.3,7.39,7.23,7.35,14223208.0,104348139.0,7.33,0.27285129604364133,10.0,8.06,False,False,True,79.57494190549963
422,301275.SZ,汉朔科技,0.11004366812227073,23.31020303263942,1.2856308575324742,1.709337120459916,0.8219588477037386,0.7243941996172418,300859233.0,42.5,42.94,42.06,42.66,3725341.0,158419685.0,42.73,-0.1638193306810254,20.0,51.28,False,False,True,79.55460883036406
423,002526.SZ,山东矿机,0.1504854368932039,24.590163934426236,1.0134519725774327,1.3976999921000803,0.9565751282056286,0.788334119468923,1771234438.0,2.74,2.77,2.71,2.75,19516428.0,53594950.0,2.75,0.0,10.0,3.03,False,False,True,79.49941905499612
424,300206.SZ,理邦仪器,0.15257352941176475,27.429609445958224,1.0932124655983788,1.5959935553436808,0.7206457075771057,1.2661497413751786,338379565.0,11.79,11.99,11.73,11.91,6837862.0,81190570.0,11.84,0.5912162162162282,20.0,14.21,False,False,True,79.48683191324555
425,603418.SH,友升股份,0.05927620632279537,26.75294117647058,0.8890562726067662,2.032631540216062,0.8977774728677536,0.8881776267241,41364612.0,45.1,45.29,44.7,44.94,746771.0,33577221.0,45.35,-0.9040793825799365,10.0,49.89,False,False,True,79.46746707978312
426,600859.SH,王府井,0.14285714285714293,18.22222222222223,1.4324063855129525,1.2276631267681126,0.9846903028206027,1.0292491436117057,1123828064.0,10.14,10.17,9.93,10.0,14200368.0,141995268.0,10.14,-1.3806706114398493,10.0,11.15,False,False,True,79.38419829589465
427,000822.SZ,山东海化,0.19836956521739119,24.281984334203656,1.2631706022998341,1.3223482981121155,0.6724513149229641,1.1050492302540331,895091926.0,4.56,4.57,4.43,4.45,13079620.0,58454263.0,4.56,-2.412280701754377,10.0,5.02,False,False,True,79.34546862896978
428,002287.SZ,奇正藏药,0.2059426229508198,20.731042007637758,1.2827245057499332,0.4342854936663061,1.1716979331184196,0.6356251034766605,570989795.0,20.26,20.41,20.02,20.12,1576176.0,31709350.0,20.34,-1.0816125860373615,10.0,22.37,False,False,True,79.34159566227731
429,600626.SH,申达股份,0.22826086956521738,20.779220779220786,1.4055820506966787,0.7402975718394424,0.8353632534313111,0.9657903627070835,1320744667.0,3.69,3.71,3.6,3.64,9442958.0,34340629.0,3.71,-1.8867924528301883,10.0,4.08,False,False,True,79.31642137877614
430,002911.SZ,佛燃能源,0.2619926199261993,26.045016077170423,1.1901988295419241,0.42772676081717,0.7942282582738573,1.124693110602188,1267038001.0,11.48,11.6,11.32,11.46,6095230.0,69910197.0,11.46,0.0,10.0,12.61,False,False,True,79.28737412858248
431,003000.SZ,劲仔食品,0.14652014652014664,17.30360934182591,1.0463903582640146,1.6311011453131221,1.1779510048899464,0.8798204894746531,308060295.0,9.81,9.85,9.7,9.74,4420900.0,43121321.0,9.82,-0.8146639511201648,10.0,10.8,False,False,True,79.25445391169634
432,603569.SH,长久物流,0.20833333333333334,22.352941176470598,1.3356837015226255,0.646800803723892,0.9470893273658583,0.655003641293025,603507251.0,6.04,6.05,5.96,5.98,2556800.0,15331717.0,6.05,-1.157024793388417,10.0,6.66,False,False,True,79.21185127807901
433,600085.SH,同仁堂,0.19065010956902864,26.728971962616832,1.0153365564985368,0.5765790968349791,1.1248882026878582,0.5276815057230593,1371470262.0,24.0,24.08,23.75,23.84,4172700.0,99397198.0,24.01,-0.7080383173677651,10.0,26.41,False,False,True,79.2021688613478
434,000753.SZ,漳州发展,0.10623229461756374,22.03791469194314,1.481661879303767,1.5597713816565597,0.7971883827429923,0.811518361847696,991481071.0,4.97,4.99,4.87,4.94,12550000.0,61868936.0,4.97,-0.6036217303822755,10.0,5.47,False,False,True,79.18667699457784
435,688015.SH,交控科技,0.19413629160063373,21.140472878998608,1.3896581898638545,0.7276521098268681,0.9725119718816174,1.002255452789832,188680742.0,16.85,16.95,16.57,16.8,1376036.0,23067197.0,16.83,-0.17825311942957223,20.0,20.2,False,False,True,79.18086754453913
436,301311.SZ,昆船智能,0.18477157360406096,21.64609053497941,1.3712962175971009,0.8620050833333295,0.9590266085666604,0.9564908791624489,240000000.0,13.94,13.98,13.79,13.9,1978800.0,27455884.0,13.97,-0.5010737294201872,20.0,16.76,False,False,True,79.1711851278079
437,000035.SZ,中国天楹,0.1448598130841122,23.529411764705888,1.4415257914959823,1.3730971748857597,0.750443794837695,1.0037860725613592,2313124623.0,4.85,4.88,4.7,4.75,31881700.0,151660801.0,4.87,-2.4640657084188944,10.0,5.36,False,False,True,79.10050348567002
438,003039.SZ,顺控发展,0.2292490118577075,22.44897959183674,1.1901358399291335,0.6002138024218254,1.0035422177697755,5.3567707482827185,617518730.0,12.46,13.77,12.18,13.77,19854510.0,258174121.0,12.52,9.984025559105426,10.0,13.77,True,False,True,79.09759876065065
439,600780.SH,通宝能源,0.34782608695652184,20.145190562613436,1.1133999243533759,0.9568476283239674,0.5079571830428714,2.045231799050712,1146502523.0,6.39,6.47,6.28,6.32,22436770.0,142322905.0,6.4,-1.2499999999999956,10.0,7.04,False,False,True,79.08404337722696
440,688348.SH,昱能科技,0.049539170506912485,31.336565096952906,1.7301618667245944,0.8860917124727521,0.6110215061473397,0.6532013385121799,156277435.0,30.83,30.98,30.36,30.54,904528.0,27668856.0,31.03,-1.5791169835642993,20.0,37.24,False,False,True,79.06661502711077
441,301283.SZ,聚胶股份,0.11758638473439922,23.67957746478875,1.4149964584008405,1.1761829162449013,0.9328833898855399,1.1803914822685455,91361202.0,24.95,24.99,24.46,24.71,1268419.0,31689523.0,25.0,-1.1599999999999944,20.0,30.0,False,False,True,78.99883810999225
442,300699.SZ,光威复材,0.07576391795730426,35.27321190581962,1.2715853596405462,1.3209417644810517,0.6121831483587136,0.8941582715398011,823380299.0,24.27,24.56,23.97,24.28,9725200.0,235918186.0,24.32,-0.1644736842105199,20.0,29.18,False,False,True,78.98334624322231
443,600519.SH,贵州茅台,0.3901612649051845,18.44814554174159,0.9356808347106635,0.27267950726361756,0.8920548304771595,0.5957799920782496,1250081601.0,1302.8,1303.0,1291.2,1297.5,2030845.0,2634084231.0,1299.56,-0.15851518975652512,10.0,1429.52,False,False,True,78.97947327652982
444,003016.SZ,欣贺股份,0.1903367496339678,22.31543624161074,1.3378606215783717,0.8959621998525741,0.9399581310858559,0.9589404031795412,410882842.0,7.21,7.26,7.12,7.22,3530200.0,25417044.0,7.26,-0.5509641873278293,10.0,7.99,False,False,True,78.95429899302866
445,000501.SZ,武商集团,0.21030927835051538,16.250000000000007,1.312075879454723,0.9356129385128684,1.0831013304658592,1.6232858562007044,768293891.0,7.38,7.44,7.26,7.38,11668596.0,85701066.0,7.42,-0.5390835579514808,10.0,8.16,False,False,True,78.94848954298992
446,601098.SH,中南传媒,0.2564935064935068,20.775026910656646,0.8860490768908729,0.5824296046770555,1.2067726544247026,0.8740458105392303,1796000000.0,10.07,10.07,9.87,9.91,9142900.0,90840637.0,10.08,-1.6865079365079305,10.0,11.09,False,False,True,78.93493415956623
447,600248.SH,陕建股份,0.24305555555555555,18.146718146718154,1.330422746022822,0.504450621246423,1.0480803384783222,1.0378067472558699,3705739286.0,2.94,2.94,2.88,2.9,19400370.0,56199565.0,2.94,-1.3605442176870763,10.0,3.23,False,False,True,78.93106119287373
448,600808.SH,马钢股份,0.13122171945701358,26.18025751072961,1.3841142044252934,0.9865978417150395,0.9114073900885241,1.109303184721312,5967751186.0,2.63,2.63,2.54,2.56,65313225.0,167285307.0,2.62,-2.2900763358778664,10.0,2.88,False,False,True,78.90588690937258
449,603136.SH,天目湖,0.24635036496350388,17.262638717632562,1.0212291286959392,1.2411660994205225,0.9694246291346016,1.4595308649512948,270126710.0,9.46,9.55,9.31,9.5,4893400.0,46382296.0,9.46,0.42283298097249844,10.0,10.41,False,False,True,78.90588690937257
450,000581.SZ,威孚高科,0.28848223896663094,22.654754307594118,0.909037776652134,1.0017913805701513,0.7965285532665741,0.7266696852677702,793891049.0,18.35,18.35,18.1,18.17,5779300.0,104975918.0,18.35,-0.9809264305177146,10.0,20.19,False,False,True,78.87490317583269
451,600461.SH,洪城环境,0.36994219653179217,11.371629542790163,0.6595971746036916,0.747473373991644,1.0142395617905493,0.986320664652494,1284156812.0,8.96,9.0,8.88,8.93,9467426.0,84486435.0,8.96,-0.33482142857144126,10.0,9.86,False,False,True,78.86715724244773
452,600420.SH,国药现代,0.2534435261707986,20.603674540682416,0.9635229247290477,0.7276984208085819,1.111479876170863,0.7415397565035988,1341172692.0,8.54,8.57,8.44,8.47,7237200.0,61772067.0,8.54,-0.8196721311475197,10.0,9.39,False,False,True,78.8574748257165
453,603787.SH,新日股份,0.1999999999999999,20.79545454545455,1.1010079028123643,1.4648183642061283,0.8889264051753666,0.7058934853390726,230143790.0,10.43,10.47,10.26,10.46,2379700.0,24716290.0,10.43,0.2876318312559967,10.0,11.47,False,False,True,78.8303640588691
454,000563.SZ,陕国投Ａ,0.3070175438596492,15.750915750915762,0.9651712099809574,0.8144303434384474,1.0286377051344584,1.0681909318234932,5113970358.0,3.07,3.09,3.02,3.04,44489860.0,135325995.0,3.08,-1.2987012987012991,10.0,3.39,False,False,True,78.81487219209914
455,002393.SZ,力生制药,0.1441578148710168,17.05310396409874,1.553680652100446,1.1353494873380792,1.0051186629703885,0.795266340448568,300217443.0,14.26,14.3,14.06,14.09,2710679.0,38259442.0,14.32,-1.6061452513966512,10.0,15.75,False,False,True,78.79163439194423
456,000868.SZ,安凯客车,0.1672597864768684,23.82445141065832,1.2026125806748333,1.1094732027857959,0.9965281834911397,0.6846925942749127,939513985.0,3.62,3.65,3.57,3.61,7137000.0,25743115.0,3.66,-1.3661202185792476,10.0,4.03,False,False,True,78.78969790859799
457,002363.SZ,隆基机械,0.23272727272727273,23.46760070052538,1.1414238657572702,1.199943367558665,0.7674742187554083,1.033351780758121,415758167.00000006,6.94,7.02,6.88,6.99,5155250.0,35804755.0,6.99,0.0,10.0,7.69,False,False,True,78.77420604182804
458,688599.SH,天合光能,0.023237179487179557,31.324278438030582,1.506781474184858,1.2244824545061155,0.7252566519705109,1.4326108216652351,2342567686.0,12.01,12.04,11.51,11.53,41093482.0,480426703.0,12.07,-4.473902236951122,20.0,14.48,False,False,True,78.76065065840433
459,600062.SH,华润双鹤,0.26086956521739135,15.384615384615397,0.9413006114883021,0.9111978535049988,1.2485734491928533,0.512684844475841,1038225388.0,16.08,16.09,15.91,15.97,4850146.0,77396229.0,16.09,-0.7458048477315016,10.0,17.7,False,False,True,78.7587141750581
460,300183.SZ,东软载波,0.195464362850972,27.081021087680355,1.3984136114086527,1.0327958619125746,0.5860323727850497,0.6508150171096928,371087762.0,10.7,10.85,10.68,10.78,2494300.0,26865965.0,10.82,-0.3696857670979714,20.0,12.98,False,False,True,78.73547637490319
461,003037.SZ,三和管桩,0.18500000000000008,35.7421875,1.1457988766301113,0.509184232286976,0.7521343804322365,2.674159644567859,599074678.0,5.81,6.03,5.76,5.91,8157240.0,48201857.0,5.86,0.8532423208191142,10.0,6.45,False,False,True,78.7316034082107
462,300415.SZ,伊之密,0.1464088397790055,26.30998345284059,1.2762369548157466,1.3078881827082032,0.8287079367965413,0.7689214732745052,454427139.0,19.67,19.67,19.19,19.25,4570007.0,88147489.0,19.72,-2.3833671399594247,20.0,23.66,False,False,True,78.73160340821069
463,002867.SZ,周大生,0.08358208955223916,24.14448669201521,1.291347418451026,0.9755016959754396,1.4827791047811842,0.9939524728616667,1079141804.0,10.73,10.8,10.63,10.74,10463384.0,111867592.0,10.8,-0.5555555555555647,10.0,11.88,False,False,True,78.71417505809451
464,000709.SZ,河钢股份,0.3249999999999998,19.25133689839571,1.0645906347953533,0.7290507204587265,0.8655525800308829,1.1478522033643577,10335412398.0,2.12,2.13,2.09,2.1,86491121.0,181781917.0,2.13,-1.4084507042253391,10.0,2.34,False,False,True,78.67350890782339
465,002096.SZ,易普力,0.2445193929173692,31.046931407942235,0.9443026993927395,0.5045931980271762,0.8253606131303992,0.8323850976113253,1239619861.0,9.76,9.76,9.48,9.57,5206600.0,49783451.0,9.76,-1.9467213114754078,10.0,10.74,False,False,True,78.64446165762973
466,600816.SH,建元信托,0.1161290322580646,18.220338983050866,1.3302546256771164,1.4093569323278885,1.1885491899458738,0.9601126571442807,5469137919.0,2.52,2.53,2.46,2.49,74005171.0,183934000.0,2.54,-1.9685039370078705,10.0,2.79,False,False,True,78.63090627420604
467,002616.SZ,长青集团,0.22413793103448285,21.57772621809746,1.104673127664649,1.6608721571564302,0.7012876434740866,0.9765653111975837,587480268.0,4.95,4.99,4.87,4.97,9528637.0,46995667.0,4.96,0.20161290322580072,10.0,5.46,False,False,True,78.61347792408984
468,600810.SH,神马股份,0.16920731707317066,29.233511586452753,1.461255920136259,0.922778116385307,0.639063038619284,0.7695715178020631,1080753008.0,6.75,6.78,6.56,6.62,7674900.0,50730771.0,6.72,-1.4880952380952328,10.0,7.39,False,False,True,78.5979860573199
469,600794.SH,保税科技,0.26373626373626374,17.021276595744684,0.981727604621595,0.9811518090701519,1.0896871982618774,0.9509143815146985,1200152157.0,3.28,3.29,3.24,3.28,11197316.0,36564645.0,3.3,-0.60606060606061,10.0,3.63,False,False,True,78.59411309062742
470,301318.SZ,维海德,0.23452294246176253,22.397820163487726,1.2108140920084416,1.073871116067095,0.8216255806744959,0.9106715414368793,93180195.0,21.67,21.67,21.23,21.6,911250.0,19546978.0,21.57,0.13908205841446364,20.0,25.88,False,False,True,78.54763749031758
471,603348.SH,文灿股份,0.1883802816901409,22.160883280757094,1.280180185685259,0.817018599555539,1.0835738018728733,1.1267174492845364,314477192.0,14.71,14.96,14.51,14.74,2894917.0,42542028.0,14.82,-0.5398110661268607,10.0,16.3,False,False,True,78.53601859024012
472,600643.SH,爱建集团,0.21686746987951808,16.076294277929158,1.4506157209473394,0.9885377267074885,0.9330625664892452,1.178002668201458,1590351716.0,4.19,4.21,4.1,4.18,18519647.0,77025785.0,4.21,-0.7125890736342066,10.0,4.63,False,False,True,78.53020914020139
473,600120.SH,浙江东方,0.2307692307692306,24.52830188679245,1.0823089320035202,1.015605586996599,0.8689936819042129,0.897891223349259,3415381492.0,4.99,5.0,4.89,4.94,31144978.0,153397811.0,5.02,-1.5936254980079556,10.0,5.52,False,False,True,78.50406661502711
474,603043.SH,广州酒家,0.28078817733990163,18.285714285714285,0.965275528252873,0.6605324198384965,1.158613059321385,0.7963271768577043,562452370.0,13.95,13.97,13.62,13.75,2958499.0,40739161.0,13.96,-1.5042979942693435,10.0,15.36,False,False,True,78.49341595662278
475,002108.SZ,沧州明珠,0.26171875000000017,25.063938618925818,1.0321869654386424,1.3466407165494165,0.5122100646096828,0.954891892786577,1647998206.0,4.46,4.48,4.4,4.44,21191548.0,93907881.0,4.48,-0.8928571428571397,10.0,4.93,False,False,True,78.48760650658404
476,300466.SZ,赛摩智能,0.2199999999999999,26.470588235294112,1.0463192473209606,1.1640489067086481,0.7930043655086945,0.9749849953472075,460540826.0,7.51,7.59,7.42,7.5,5226817.0,39073173.0,7.56,-0.7936507936507908,20.0,9.07,False,False,True,78.47017815646785
477,601226.SH,华电科工,0.16039051603905163,33.45521023765996,1.2933868062151403,0.9067269579857935,0.6955778426464205,0.7369468450557134,1162223700.0,6.59,6.59,6.5,6.53,7766090.0,50791955.0,6.62,-1.3595166163141936,10.0,7.28,False,False,True,78.43725793958171
478,600150.SH,中国船舶,0.35945742275810094,19.112090680100735,0.912815893397887,0.9391308098734036,0.7869645580702168,1.0048140189441497,7525621287.999999,34.2,34.47,33.73,33.93,71015661.0,2417258710.0,34.43,-1.4522218995062453,10.0,37.87,False,False,True,78.39271882261812
479,000425.SZ,徐工机械,0.12474849094567407,28.21522309711286,1.073123308543607,1.2658731468065156,0.9990324962625418,1.348125404710214,8998084894.0,8.1,8.16,7.89,7.97,153557335.0,1227937996.0,8.24,-3.2766990291262177,10.0,9.06,False,False,True,78.38884585592565
480,601188.SH,龙江交通,0.2631578947368423,15.355805243445708,1.0123858567794237,1.1327854499044467,1.0594083229418139,0.825941500245813,1305469915.0,2.97,2.99,2.93,2.95,12214166.0,36073880.0,2.97,-0.6734006734006703,10.0,3.27,False,False,True,78.3869093725794
481,300230.SZ,永利股份,0.3262411347517734,17.839195979899515,0.7958035137022301,1.3001046744123963,0.7901554174151052,0.8061798273382674,629822499.0,4.41,4.44,4.38,4.43,6601284.0,29092260.0,4.44,-0.22522522522524513,20.0,5.33,False,False,True,78.36754453911696
482,603811.SH,诚意药业,0.1400560224089636,17.130307467057104,1.356501787896968,1.3888060331306118,1.1325627099906193,0.7617989113858531,458226048.0,7.33,7.34,7.2,7.25,4847990.0,35136128.0,7.33,-1.0914051841746208,10.0,8.06,False,False,True,78.36560805577072
483,300926.SZ,博俊科技,0.10390895596239476,25.620347394540932,1.4648176067609302,1.2607364230414795,0.8664450146575151,0.7414187808695636,297993117.0,18.22,18.23,17.73,17.93,2785441.0,49838930.0,18.22,-1.591657519209655,20.0,21.86,False,False,True,78.3656080557707
484,000550.SZ,江铃汽车,0.28254437869822496,17.623497997329785,1.172080717771727,0.77079546018274,0.9938073096475735,1.0202781804776204,518463160.0,16.8,16.99,16.55,16.6,4077328.0,67929460.0,16.89,-1.716992303137943,10.0,18.58,False,False,True,78.32494190549961
485,603062.SH,麦加芯彩,0.2683583237216454,33.92204628501825,0.8927364477909527,0.7070712996755009,0.3178725130328176,2.671919720218629,37073100.0,39.99,41.23,38.5,39.29,700399.0,27898159.0,39.82,-1.330989452536413,10.0,43.8,False,False,True,78.32300542215337
486,000420.SZ,吉林化纤,0.11764705882352934,26.93409742120343,1.3510658804384845,1.8768964130760661,0.5712291515322773,0.8198085165852085,2458094143.0,3.76,3.77,3.69,3.72,37822588.0,140537954.0,3.77,-1.3262599469495928,10.0,4.15,False,False,True,78.30364058869095
487,601068.SH,中铝国际,0.17725752508361212,32.28155339805825,1.3787350782812846,0.4552740053415679,0.7903415149429107,0.8774965710025407,2559590667.0,4.62,4.63,4.52,4.58,10225600.0,46636857.0,4.65,-1.505376344086029,10.0,5.12,False,False,True,78.28814872192099
488,600679.SH,上海凤凰,0.2648809523809523,22.44655581947743,1.142399369787065,0.7917025509099455,0.8984912251331169,1.0901732950116576,343694257.0,10.2,10.31,10.05,10.21,2966401.0,30216350.0,10.2,0.09803921568629637,10.0,11.22,False,False,True,78.25329202168862
489,002516.SZ,旷达科技,0.23275862068965517,27.16297786720323,1.0995270758509583,0.8570385618465025,0.8409861808781457,0.6736205275547282,1460498682.0,5.47,5.48,5.38,5.43,8431733.0,45653505.0,5.51,-1.4519056261342977,10.0,6.06,False,False,True,78.24554608830363
490,600873.SH,梅花生物,0.183848797250859,32.44837758112094,0.9068540992580842,0.9850111401775904,0.866187118524948,1.6202584129700253,2804241650.0,7.82,7.85,7.57,7.6,44754928.0,342084666.0,7.85,-3.1847133757961776,10.0,8.64,False,False,True,78.19326103795508
491,688566.SH,吉贝尔,0.141662310507057,22.524101665205954,1.2796972363586832,1.157427817900523,1.1072220886322375,0.5889260947347128,201101625.0,25.46,25.99,25.23,25.7,1370788.0,35183263.0,25.53,0.6658832745789267,20.0,30.64,False,False,True,78.17389620449265
492,002594.SZ,比亚迪,0.3250641573994866,24.93855904798863,0.9900037456518312,0.8538842627948595,0.6797905038327857,1.1647146760124703,3487068722.0,88.48,89.0,86.6,86.8,34679998.0,3029600050.0,88.71,-2.153083079697893,10.0,97.58,False,False,True,78.16808675445391
493,002985.SZ,北摩高科,0.1536805854498493,32.78201865988126,1.2396575744033758,1.1369870947617902,0.6977086717861699,1.199532876993222,331021941.0,27.13,27.41,27.06,27.16,4514654.0,122853915.0,27.15,0.03683241252303571,10.0,29.87,False,False,True,78.14872192099148
494,600579.SH,中化装备,0.19382022471910101,30.29366306027821,1.1055185822819469,0.9928795611920791,0.8033730905824333,0.726321347143682,493600759.00000006,7.02,7.07,6.93,7.03,3559600.0,24911738.0,7.06,-0.4249291784702458,10.0,7.77,False,False,True,78.14484895429898
495,603833.SH,欧派家居,0.1042654028436018,24.402907580477674,1.36035095591755,0.814756310467442,1.4723778691615914,0.9137259823400617,605727207.0,32.07,32.22,30.82,30.95,4523244.0,141022154.0,32.19,-3.8521279900590177,10.0,35.41,False,False,True,78.13516653756777
496,600968.SH,海油发展,0.3030303030303031,27.217125382262996,0.9904236464878075,0.40580063413474404,0.8184197012097664,1.7666520914141859,10165104199.0,4.02,4.03,3.85,3.87,72874500.0,285961522.0,3.97,-2.518891687657432,10.0,4.37,False,False,True,78.11192873741285
497,300034.SZ,钢研高纳,0.13935969868173262,30.094466936572207,1.3242746931107425,1.3097429393995785,0.7102564600163459,1.1333642198300367,767055977.0,16.18,16.46,16.12,16.3,11386300.0,185489263.0,16.3,0.0,20.0,19.56,False,False,True,78.08869093725794
498,600827.SH,百联股份,0.27385892116182575,13.25966850828728,1.0617775453428275,0.8786098976526441,1.2331393606941972,0.7726760601466889,1604449920.0,7.88,7.91,7.79,7.81,10892303.0,85302903.0,7.9,-1.13924050632912,10.0,8.69,False,False,True,78.07126258714175
499,600258.SH,首旅酒店,0.19258202567760338,21.02272727272727,1.1622459718314437,1.4000020585648916,0.9480039569735974,1.4254181605727707,1116603126.0,11.83,11.89,11.54,11.73,22282802.0,260940564.0,11.91,-1.5113350125944613,10.0,13.1,False,False,True,78.05189775367931
500,605507.SH,国邦医药,0.169753086419753,17.782426778242687,1.3905640673608706,0.8371724639865155,1.425920544465728,0.41357963774835027,782352899.9999999,15.4,15.56,15.23,15.5,2708799.0,41770253.0,15.44,0.38860103626943143,10.0,16.98,False,False,True,78.04996127033307
501,605268.SH,王力安防,0.13584117032392887,19.952774498229033,1.680244841314557,0.9753661786403295,0.9549683749666638,0.7490849901711103,440550000.0,9.77,9.83,9.65,9.8,3218800.0,31442984.0,9.77,0.3070624360286711,10.0,10.75,False,False,True,78.04996127033307
502,688236.SH,春立医疗,0.07049282595134128,22.65446224256291,1.7428274564679107,0.799224087120524,1.0662906580124465,1.2045218649488185,288428000.0,14.19,14.24,13.95,13.98,2776647.0,39112052.0,14.24,-1.8258426966292096,20.0,17.09,False,False,True,78.0112316034082
503,603027.SH,千禾味业,0.19036697247706402,21.52466367713004,1.212049888417267,1.150469672401746,1.0291754019472714,1.1707179312986755,1330738612.0000002,7.48,7.5,7.36,7.38,17923392.0,132791538.0,7.52,-1.8617021276595702,10.0,8.27,False,False,True,77.94926413632844
504,002605.SZ,姚记科技,0.08108108108108103,27.228027043638605,1.1333674704810206,1.7671828714464468,0.9363405490073228,0.7480136423703365,338424959.0,17.3,17.4,17.02,17.09,4471500.0,77574284.0,17.38,-1.6685845799769838,10.0,19.12,False,False,True,77.94151820294346
505,600653.SH,申华控股,0.2777777777777778,20.547945205479444,0.9764235268684633,0.9716926021503693,0.9674500328863269,1.1904082981790953,1946380317.0,1.75,1.76,1.71,1.73,22513994.0,38913206.0,1.76,-1.7045454545454586,10.0,1.94,False,False,True,77.92021688613477
506,603309.SH,维力医疗,0.14393939393939387,17.3953488372093,1.104041459531333,1.8236405046005508,1.178147883231406,0.40682472046910756,291871418.0,11.49,11.51,11.35,11.4,2165400.0,24737771.0,11.51,-0.9556907037358786,10.0,12.66,False,False,True,77.90085205267233
507,002327.SZ,富安娜,0.31012658227848056,15.593220338983048,0.9689966375431407,1.070556984589019,0.9679938147921971,0.9105529329403477,490983369.0,6.38,6.4,6.31,6.34,4786100.0,30321184.0,6.39,-0.7824726134585291,10.0,7.03,False,False,True,77.8989155693261
508,601166.SH,兴业银行,0.3439635535307515,16.180048661800495,0.9946385440355361,0.479782038611688,1.0948188605462927,0.6981716347547655,21162859513.0,18.0,18.09,17.84,17.9,70889275.0,1271804564.0,17.95,-0.2785515320334331,10.0,19.75,False,False,True,77.89697908597986
509,601336.SH,新华保险,0.2785786121354342,21.188193269411528,1.172366968570755,0.8931969198394386,0.8633956109266007,1.0732977500319367,2085439340.0,61.18,61.86,60.24,60.55,19992403.0,1218043706.0,61.5,-1.5447154471544766,10.0,67.65,False,False,True,77.88923315259488
510,002901.SZ,大博医疗,0.11662531017369734,23.73698908352373,1.4002770199698633,0.8303726780678037,1.3205523511398733,0.5838449038482376,288412223.0,41.34,41.34,40.81,40.81,1398248.0,57278721.0,41.43,-1.4965001206854844,10.0,45.57,False,False,True,77.88148721920992
511,603566.SH,普莱柯,0.21758241758241767,16.422594142259417,1.2846789015067916,1.0433973540941235,1.1136022417585196,0.538771884803736,346062273.0,10.53,10.55,10.43,10.43,1945400.0,20360770.0,10.55,-1.1374407582938506,10.0,11.61,False,False,True,77.87955073586366
512,688297.SH,中无人机,0.15228613569321542,27.473684210526315,1.410572061977069,0.992938533333329,0.8488458768252218,3.044708850800373,675000000.0,42.19,43.68,41.9,42.7,20406659.0,873003820.0,42.13,1.3529551388559158,20.0,50.56,False,False,True,77.86986831913246
513,601216.SH,君正集团,0.36744186046511623,21.42857142857144,1.1223420758283136,0.6217085255378875,0.7491808991684836,1.150774772645992,8438017389.999999,4.85,4.86,4.73,4.79,60369499.0,288832524.0,4.85,-1.2371134020618513,10.0,5.34,False,False,True,77.83888458559257
514,600805.SH,悦达投资,0.34536082474226776,19.59287531806615,1.0958340250750993,0.8585922484349747,0.793470808959666,0.8375405923052089,850275368.0,4.57,4.59,4.5,4.57,6114380.0,27991580.0,4.6,-0.6521739130434634,10.0,5.06,False,False,True,77.83307513555384
515,000617.SZ,中油资本,0.17127071823204415,19.999999999999996,1.5425744467527824,0.8482339279788902,1.021435816308995,0.9700553755910535,12642079079.0,7.43,7.51,7.3,7.31,104023310.0,765797596.0,7.43,-1.6150740242261152,10.0,8.17,False,False,True,77.83210689388072
516,600880.SH,博瑞传播,0.13953488372093023,20.96317280453257,1.5023901783176872,1.5311281136405896,0.8333156469590566,1.187851428171872,1093030175.0,4.11,4.15,4.06,4.1,19879516.0,81432906.0,4.13,-0.7263922518159882,10.0,4.54,False,False,True,77.81371030209141
517,600512.SH,腾达建设,0.2738095238095235,13.440860215053752,1.1558014893539381,1.4102064376364845,0.8666503627082297,0.9400648444614826,1587405163.0,2.08,2.1,2.05,2.05,21044000.0,43366726.0,2.09,-1.9138755980861233,10.0,2.3,False,False,True,77.81177381874515
518,300443.SZ,金雷股份,0.0840490797546013,30.631637786472886,1.3850394226966922,1.7532541324639501,0.5368658068502217,1.1261919865446868,242106770.0,19.16,19.36,18.7,18.74,4780400.0,89965411.0,19.26,-2.699896157840098,20.0,23.11,False,False,True,77.80402788536018
519,301613.SZ,新铝时代,0.07902852737085597,22.8620788943277,1.406894565242061,1.5667252835944092,0.9832662115249542,0.4115238922601908,83901247.0,36.24,36.77,36.02,36.27,540949.0,19611449.0,36.78,-1.3866231647634564,20.0,44.14,False,False,True,77.77885360185903
520,002255.SZ,海陆重工,0.05816831683168314,34.81781376518218,1.1531944038995499,1.8566606873034412,0.6107375278727548,0.802711864864692,637944743.0,7.82,7.92,7.73,7.9,9507696.0,75230384.0,7.88,0.2538071065989911,10.0,8.67,False,False,True,77.77691711851278
521,002928.SZ,华夏航空,0.05640243902439026,34.45945945945945,1.2718794085203002,1.6212211262297598,0.6702972823825054,0.8012002131716457,1278235175.0,6.21,6.23,6.14,6.18,16603287.0,102577605.0,6.29,-1.748807631160576,10.0,6.92,False,False,True,77.76723470178158
522,600981.SH,苏豪汇鸿,0.20512820512820507,35.2112676056338,1.0082396516668397,0.7259078378821944,0.7801226706844411,1.0606240203379305,2242433192.0,2.51,2.53,2.46,2.49,17264836.0,42892677.0,2.53,-1.5810276679841695,10.0,2.78,False,False,True,77.75561580170411
523,688526.SH,科前生物,0.21052631578947367,19.742489270386265,1.420741945666712,0.4143641699181434,1.1992391859441722,0.9684795911544261,466128056.0,13.09,13.09,12.65,12.68,1870587.0,23816190.0,12.97,-2.2359290670778798,20.0,15.56,False,False,True,77.74786986831911
524,601330.SH,绿色动力,0.29227941176470584,25.449101796407202,1.1137435519633758,1.1047625925411875,0.49047578286892785,2.8950970878395483,989095351.0,7.9,7.99,7.76,7.81,31635171.0,248065747.0,7.97,-2.0075282308657516,10.0,8.77,False,False,True,77.74399690162664
525,002383.SZ,合众思壮,0.12055974165769645,22.653721682847895,1.432871632905418,1.4569907553322932,0.9074400455075203,0.9651449100513868,740360304.9999999,7.26,7.34,7.25,7.31,10411000.0,76092837.0,7.3,0.136986301369868,10.0,8.03,False,False,True,77.73818745158792
526,000993.SZ,闽东电力,0.13098236775818653,37.430786267995586,0.9725021901238634,1.5642455486903024,0.37659480421117286,1.332259321675856,457951455.0,10.07,10.26,9.98,10.26,9543620.0,96860891.0,10.07,1.8867924528301883,10.0,11.08,False,False,True,77.7381874515879
527,600305.SH,恒顺醋业,0.3157894736842106,15.064102564102555,0.9688337796639885,0.7554999859523406,1.1615970125566215,0.779050947795913,1102959908.0,6.88,6.93,6.78,6.8,6491724.0,44215013.0,6.9,-1.449275362318847,10.0,7.59,False,False,True,77.73044151820295
528,300888.SZ,稳健医疗,0.22528460155781913,20.26500389711614,1.3664172049926502,0.6079671862554904,1.07913487946759,0.7992633156833806,580360952.0,29.42,29.42,29.04,29.41,2820124.0,82480818.0,29.42,-0.03399048266485849,20.0,35.3,False,False,True,77.66847405112316
529,600278.SH,东方创业,0.26099706744868045,17.48251748251748,1.3868426451129303,0.635369193395648,0.9986787322200433,1.0274403952196942,860518657.0,6.6,6.65,6.49,6.56,5617500.0,36687484.0,6.61,-0.7564296520423675,10.0,7.27,False,False,True,77.61037955073586
530,603686.SH,福龙马,0.07082494969818912,28.024369016536134,1.1121917305819498,2.228971750945792,0.8089163427664706,1.1697726923356397,415430404.0,13.18,13.3,12.93,13.26,10831892.0,142119902.0,13.25,0.07547169811321641,10.0,14.58,False,False,True,77.60069713400463
531,600790.SH,轻纺城,0.22099447513812168,23.934426229508187,1.2990913048998178,0.8578515025438835,0.915427907604191,1.3238681615081926,1465790928.0000002,3.44,3.45,3.37,3.42,16646728.0,56699655.0,3.45,-0.8695652173913104,10.0,3.8,False,False,True,77.5987606506584
532,600197.SH,伊力特,0.13636363636363644,19.81879954699888,1.1877166752127855,1.4332255520744528,1.3282772477667444,0.5461934808168196,473174717.0,9.68,9.78,9.58,9.6,3704099.0,35792585.0,9.73,-1.336073997944509,10.0,10.7,False,False,True,77.59488768396592
533,000905.SZ,厦门港务,0.14115092290988046,20.694259012016005,1.6070308049831787,1.326467827702878,0.8594316569713425,0.9340520403991089,741808097.0,8.8,8.88,8.68,8.8,9190928.0,81724262.0,8.79,0.11376564277589818,10.0,9.67,False,False,True,77.55228505034856
534,601500.SH,通用股份,0.3076923076923077,17.04545454545454,1.0211702370006397,0.8912411686277537,1.031124008770327,0.8827847514532037,1583000735.0,4.03,4.04,3.97,3.98,12454640.0,49634089.0,4.04,-1.4851485148514865,10.0,4.44,False,False,True,77.54453911696359
535,002818.SZ,富森美,0.33000000000000007,14.215686274509821,0.6911455704448549,1.219145292864748,0.9786007604358146,0.9333295375897722,298357191.0,10.82,10.87,10.71,10.79,3394900.0,36635087.0,10.86,-0.6445672191528584,10.0,11.95,False,False,True,77.51161890007745
536,600731.SH,湖南海利,0.29702970297029685,20.07952286282306,1.045214240532234,1.2404647193204854,0.8028401108068985,0.8434257354025999,541682665.0,5.91,5.92,5.85,5.88,5667300.0,33359526.0,5.93,-0.8431703204047181,10.0,6.52,False,False,True,77.48450813323005
537,002557.SZ,洽洽食品,0.21650879566982426,21.264367816091976,0.8176153257574305,1.455432288287099,1.0414486543936985,0.6881677649617894,504268856.0,18.94,19.0,18.6,18.82,5050664.0,94775860.0,19.0,-0.9473684210526301,10.0,20.9,False,False,True,77.4419054996127
538,600866.SH,星湖科技,0.13243243243243238,21.57360406091371,1.3765082631157262,1.348831532592645,1.052714017330478,0.9519346664382585,1661472616.0,4.42,4.43,4.29,4.3,21333300.0,92306167.0,4.43,-2.934537246049662,10.0,4.87,False,False,True,77.38574748257165
539,600609.SH,金杯汽车,0.1508620689655173,18.81188118811883,1.3454639367460046,1.3855838581682067,1.1279615002679695,0.7060010247540008,1304558558.0,3.37,3.38,3.3,3.35,12761500.0,42542450.0,3.38,-0.8875739644970349,10.0,3.72,False,False,True,77.35766847405111
540,600020.SH,中原高速,0.37068965517241403,13.636363636363647,0.7598084537259597,0.6733681220224476,1.1558038987711527,0.9608482024369717,2247371832.0,3.94,3.96,3.9,3.92,14540598.0,57060472.0,3.95,-0.75949367088608,10.0,4.35,False,False,True,77.33733539891558
541,600928.SH,西安银行,0.3307086614173229,18.670886075949355,1.043266687441445,0.5636118345494381,1.040956045165311,1.1917261582748264,4423354066.0,3.57,3.59,3.52,3.56,29710385.0,105598961.0,3.58,-0.5586592178770999,10.0,3.94,False,False,True,77.33539891556933
542,601601.SH,中国太保,0.3040123456790123,22.533136966126666,1.0189797962801133,0.6201506627690645,0.9624552482116744,0.9859667612486613,6845041455.0,32.94,33.54,32.61,32.83,41853865.0,1377419429.0,33.07,-0.7257332930148186,10.0,36.38,False,False,True,77.3160340821069
543,688429.SH,时创能源,0.14021421616358318,29.290617848970246,1.9588441002655614,0.4471864681270585,0.6324314295624086,2.102552148932876,400000800.0,10.8,10.8,9.98,10.53,3760939.0,39185376.0,10.18,3.438113948919441,20.0,12.22,False,False,True,77.31603408210688
544,001914.SZ,招商积余,0.2269662921348316,20.304568527918796,1.1809749104855354,0.861923528655107,1.1856524628454583,1.137811775986961,1053719483.0,8.85,8.89,8.71,8.84,10333898.0,90915253.0,8.89,-0.5624296962879693,10.0,9.78,False,False,True,77.29860573199069
545,002960.SZ,青鸟智控,0.30136986301369867,26.739427012278295,1.1246337464865683,0.9105119897620161,0.6072094801002127,0.5819317156540484,968448955.0,8.63,8.63,8.51,8.61,5131383.0,44066951.0,8.65,-0.46242774566475076,10.0,9.52,False,False,True,77.29666924864446
546,600845.SH,宝信软件,0.17987804878048796,28.70544090056284,1.2157951277954604,0.9033809977548349,0.9518945408131486,0.4773223185451202,2134054153.0,17.6,17.67,17.42,17.43,9202125.0,161266252.0,17.76,-1.858108108108114,10.0,19.54,False,False,True,77.28892331525948
547,603609.SH,禾丰股份,0.29729729729729726,21.942446043165486,1.2477307005395546,0.36191191828303904,0.9419564109577209,1.0268681449219612,904016733.0,6.53,6.56,6.46,6.49,3359650.0,21829796.0,6.55,-0.9160305343511421,10.0,7.21,False,False,True,77.21920991479472
548,301101.SZ,明月镜片,0.1928231733679205,18.426103646833013,1.5739768676804062,1.0329514860045257,0.9351189285216243,2.2086325262358995,194103143.0,30.6,31.59,30.22,30.72,4428289.0,137214646.0,30.51,0.6882989183873978,20.0,36.61,False,False,True,77.17660728117738
549,002441.SZ,众业达,0.2789473684210527,21.92737430167597,1.1387305203868052,1.318947554199453,0.718444544430748,1.1996948915891392,398964279.0,8.31,8.34,8.15,8.24,6312950.0,53284696.0,8.22,0.24330900243307862,10.0,9.04,False,False,True,77.16498838109993
550,300059.SZ,东方财富,0.1956912028725314,27.526132404181205,0.8670420763681548,1.6591865458636974,0.8034882338844884,0.9138126831281821,13392365708.000002,19.26,19.37,18.9,18.91,203053135.0,3865085025.0,19.4,-2.5257731958762797,20.0,23.28,False,False,True,77.13400464756003
551,002801.SZ,微光股份,0.20699708454810498,27.44391025641024,1.3802331481497254,1.0631151950688487,0.7073952898007356,0.7026307267040045,115802700.0,27.6,27.85,27.34,27.72,865020.0,23802472.0,27.8,-0.2877697841726645,10.0,30.58,False,False,True,77.11657629744384
552,002063.SZ,远光软件,0.25274725274725285,25.0,1.035195689698744,1.4567374348819306,0.7010626231491448,0.9497861032305187,1769109143.0,5.55,5.6,5.46,5.57,24477199.0,135496455.0,5.57,0.0,10.0,6.13,False,False,True,77.1010844306739
553,605108.SH,同庆楼,0.1646120377084844,21.897810218978098,1.2827823796421072,1.141540730769226,1.1641749789170213,1.5135414656689195,260000000.0,13.23,13.35,13.09,13.29,4492200.0,59516935.0,13.23,0.45351473922901064,10.0,14.55,False,False,True,77.09721146398141
554,000899.SZ,赣能股份,0.11669128508124088,39.24324324324324,1.223983414259001,1.2366726797175276,0.502949373326607,0.7801274302674943,975677760.0,9.46,9.52,9.32,9.37,9412971.0,88364519.0,9.48,-1.1603375527426296,10.0,10.43,False,False,True,77.08946553059644
555,301267.SZ,华厦眼科,0.10990338164251212,20.139860139860133,1.670193821453481,0.834358711686143,1.272089734563191,0.7331585548164499,648444383.0,15.22,15.23,15.05,15.08,3966646.0,59891448.0,15.21,-0.8547008547008628,20.0,18.25,False,False,True,77.08559256390394
556,603325.SH,博隆技术,0.18915060670949316,22.9487713452728,1.4498538873989117,1.2866152086404978,0.7950652602274165,0.6230016058207449,34183200.0,55.97,55.97,55.02,55.5,274000.0,15205312.0,55.97,-0.8397355726281863,10.0,61.57,False,False,True,77.05848179705654
557,002095.SZ,生 意 宝,0.2824175824175823,21.34831460674156,1.1276997438502299,1.0118172846942715,0.8763464363995471,1.0521219669516517,251708415.0,15.0,15.0,14.74,14.92,2679575.0,39842894.0,15.03,-0.7318695941450404,10.0,16.53,False,False,True,77.04686289697909
558,600161.SH,天坛生物,0.14463276836158184,17.599277978339334,1.608538791782847,0.788884224638484,1.4853110077961071,0.5603600201482497,1977371446.0,12.36,12.43,12.14,12.16,8741152.0,106642978.0,12.36,-1.6181229773462702,10.0,13.6,False,False,True,76.998450813323
559,300384.SZ,三联虹普,0.18815331010452974,21.130676552363315,1.1451097208280174,1.5368135229580249,1.0001278486899903,0.8628351242188943,220381842.0,12.39,12.39,12.07,12.13,2922300.0,35511221.0,12.41,-2.256244963738918,20.0,14.89,False,False,True,76.99651432997676
560,688223.SH,晶科能源,0.03832752613240414,38.01020408163267,1.6620091662810867,0.8098409849202121,0.6063203221178095,0.7076620868405967,10269412261.0,4.12,4.13,4.05,4.05,58853361.0,239613936.0,4.14,-2.1739130434782594,20.0,4.97,False,False,True,76.99264136328426
561,603535.SH,嘉诚国际,0.1060820367751061,22.31985940246044,1.5594569910532723,0.978888326478929,1.1956060403766744,0.7607991642366247,510918331.00000006,6.46,6.49,6.34,6.42,3805000.0,24388186.0,6.44,-0.31055900621118626,10.0,7.08,False,False,True,76.94810224632069
562,002593.SZ,日上集团,0.20689655172413787,20.519480519480517,0.9785727187118912,2.001549099543169,0.8721295549863375,0.7172800998890311,560504329.0,4.62,4.64,4.55,4.61,8047000.0,36931918.0,4.63,-0.4319654427645703,10.0,5.09,False,False,True,76.91905499612703
563,600166.SH,福田汽车,0.23770491803278695,18.085106382978733,1.3617965080881362,1.478000472702375,0.7825183508622041,0.8964348473407998,7917400367.000001,2.91,2.92,2.85,2.86,104900102.0,301292689.0,2.93,-2.3890784982935287,10.0,3.22,False,False,True,76.91130906274206
564,603628.SH,清源股份,0.1576524741081704,26.436781609195403,1.3703138302929032,1.4044587075106225,0.8053542532863831,1.77142748988157,272173673.0,10.12,10.15,9.9,10.02,6771400.0,67721118.0,10.07,-0.49652432969216065,10.0,11.08,False,False,True,76.89775367931836
565,603677.SH,奇精机械,0.20769230769230757,35.36685902720529,1.0543316382952541,0.76842689673278,0.7930622180068375,0.7873935677633368,192600865.0,13.97,14.08,13.79,13.92,1165340.0,16240352.0,14.02,-0.7132667617688937,10.0,15.42,False,False,True,76.86483346243223
566,688472.SH,阿特斯,0.007894736842105211,30.464326160815403,1.7337633148556226,1.1161858314495665,0.7668894640089591,0.7507958763865193,3643140112.0,8.96,9.01,8.82,8.82,30530524.0,270869619.0,8.95,-1.4525139664804398,20.0,10.74,False,False,True,76.85321456235476
567,601968.SH,宝钢包装,0.3396946564885498,25.526315789473685,1.1753329574245663,0.577418733485483,0.7152445385168068,1.376892232465346,1275779460.0,4.67,4.75,4.62,4.67,10143000.0,47596683.0,4.69,-0.4264392324093924,10.0,5.16,False,False,True,76.82997676219983
568,603279.SH,景津装备,0.021825396825396713,24.24242424242422,1.498763508888698,1.4674576619654225,1.048936179316113,0.8485155777561554,576373000.0,11.36,11.4,11.2,11.27,7176770.0,80858134.0,11.44,-1.4860139860139898,10.0,12.58,False,False,True,76.80286599535243
569,600292.SH,电投水电,0.11705202312138713,30.73593073593073,1.1061041475500797,2.243990984748451,0.6217408184594913,0.8853983430254617,439283583.0,12.28,12.29,12.09,12.13,8727800.0,105915861.0,12.36,-1.8608414239482118,10.0,13.6,False,False,True,76.77575522850503
570,301559.SZ,中集环科,0.19945355191256822,19.444444444444443,1.1384508628543404,1.9921756666666617,0.8600367143047642,0.5359857544914184,90000000.0,13.28,13.28,13.1,13.21,961000.0,12676830.0,13.34,-0.9745127436281753,20.0,16.01,False,False,True,76.72056545313711
571,000568.SZ,泸州老窖,0.1381520119225039,26.408298516063965,1.539788656563363,0.742316909781095,1.0282161650391963,0.4629719106714086,1471060137.0,78.33,79.1,77.72,77.82,5055620.0,396010550.0,78.68,-1.0930350788002197,10.0,86.55,False,False,True,76.70991479473277
572,300750.SZ,宁德时代,0.36991846411842955,19.608013684729354,1.426850386867158,0.533218004024769,0.6666317164746276,1.2241257448070426,4260196510.0,355.98,356.5,347.55,348.29,27806728.0,9720135917.0,358.1,-2.739458251884952,20.0,429.72,False,False,True,76.70216886134779
573,002555.SZ,三七互娱,0.11842105263157877,20.9288653733098,1.2877208855017082,2.214254786379536,0.9098926152842238,0.6022850370601734,1633762624.0,18.4,18.64,18.13,18.13,21788063.0,400068078.0,18.54,-2.2114347357065856,10.0,20.39,False,False,True,76.70023237800154
574,603856.SH,东宏股份,0.25749999999999984,29.60222016651248,0.8236015545467822,1.2091563641639138,0.731474273458445,0.9384844234514905,282056060.0,11.79,11.83,11.56,11.77,3200700.0,37476770.0,11.78,-0.0848896434634927,10.0,12.96,False,False,True,76.67505809450039
575,002337.SZ,赛象科技,0.19082125603864736,29.032258064516125,1.2485086552876983,1.1330456794687378,0.8180816693468309,1.0579246616686249,587817585.0,4.78,4.82,4.72,4.8,7046034.0,33624542.0,4.82,-0.4149377593361092,10.0,5.3,False,False,True,76.67312161115413
576,000599.SZ,青岛双星,0.1740139211136891,23.54368932038835,1.5666144939115927,1.318493462230091,0.753677993133628,0.7388544941442676,816742112.0,4.87,4.87,4.73,4.77,7956496.0,37992302.0,4.87,-2.053388090349084,10.0,5.36,False,False,True,76.66537567776918
577,002454.SZ,松芝股份,0.21856287425149715,26.24434389140271,1.2317413423249994,1.1422065863059554,0.8272399042728292,1.0203172111249466,877353836.0,5.15,5.23,5.1,5.19,10224796.0,52894240.0,5.15,0.7766990291262044,10.0,5.67,False,False,True,76.640201394268
578,000819.SZ,岳阳兴长,0.19219790675547094,36.22497616777882,0.8771506075373164,1.1419144826978396,0.738361422949703,1.078817474227305,366020106.0,12.69,12.69,12.26,12.37,4509065.0,55894946.0,12.51,-1.1191047162270262,10.0,13.76,False,False,True,76.60147172734312
579,000959.SZ,首钢股份,0.2546125461254612,31.92182410423452,1.1118327052270376,0.42175374648870406,0.838929491400504,0.9464968271955674,7451607404.0,3.73,3.75,3.61,3.65,29745966.0,108621204.0,3.76,-2.9255319148936088,10.0,4.14,False,False,True,76.59759876065065
580,600708.SH,光明地产,0.16836734693877534,34.30656934306568,1.4756883667836456,0.7925608829532468,0.6530713329568703,1.060240973965785,2225277771.0,3.04,3.06,2.95,3.0,18699132.0,55973608.0,3.07,-2.280130293159599,10.0,3.38,False,False,True,76.58985282726569
581,688366.SH,昊海生科,0.0904139433551199,22.295321637426913,1.7772710208385107,0.4591041142069945,1.451910144221328,0.5684004619822391,194051855.0,29.83,29.95,29.54,29.84,506388.0,15187097.0,29.85,-0.03350083752093891,20.0,35.82,False,False,True,76.58210689388072
582,600798.SH,宁波海运,0.19186046511627913,22.33333333333334,1.2207904505834746,1.5874793548434143,0.8999679852881275,0.9231824062104511,1206534201.0,3.37,3.38,3.26,3.27,17682157.0,58184998.0,3.33,-1.8018018018018056,10.0,3.66,False,False,True,76.54725019364834
583,688122.SH,西部超导,0.05377028316894691,36.82505399568037,1.4357382009811832,1.3317614307004322,0.6360540275110137,0.7041391860629563,649664497.0,49.36,49.66,48.61,49.38,6092199.0,299500871.0,49.68,-0.6038647342995085,20.0,59.62,False,False,True,76.5278853601859
584,000409.SZ,云鼎科技,0.2416413373860183,24.35897435897436,1.1487045555838857,0.9937386668790654,0.9442195361893135,2.053975278299186,590473934.0,9.3,9.51,9.2,9.23,12052250.0,112200461.0,9.39,-1.7039403620873306,10.0,10.33,False,False,True,76.52594887683966
585,688186.SH,广大特材,0.07230142566191444,39.68503937007875,1.3243989934212348,1.2988569163387382,0.5727549588236935,0.8096149288608441,280489356.0,14.06,14.2,13.73,14.19,2949553.0,41053813.0,14.12,0.4957507082153034,20.0,16.94,False,False,True,76.51626646010843
586,300228.SZ,富瑞特装,0.08333333333333325,26.331811263318116,1.4396235845758478,2.3187359031177683,0.6053920120998393,1.3203587882603596,560382333.0,7.08,7.21,7.06,7.1,17156460.0,122431456.0,7.1,0.0,20.0,8.52,False,False,True,76.4872192099148
587,002358.SZ,森源电气,0.12419700214132762,29.387755102040813,1.4484027386678373,1.6173457842369807,0.6401275647902194,0.7968284522514388,929755702.0,5.32,5.42,5.26,5.39,11982200.0,64116958.0,5.37,0.3724394785847185,10.0,5.91,False,False,True,76.4736638264911
588,605183.SH,确成股份,0.21881390593047043,24.01779095626391,1.4806555428696204,0.49835012386178595,0.9843807218067439,2.10016368803518,412429445.0,15.61,16.0,15.33,15.83,4316556.0,68187470.0,15.63,1.2795905310300615,10.0,17.19,False,False,True,76.4562354763749
589,603706.SH,东方环宇,0.14751773049645428,28.34740651387215,1.3861670393779124,0.8147147738098156,1.0406211303702704,0.9779452255400354,189382714.0,17.63,17.76,17.5,17.51,1508900.0,26544229.0,17.62,-0.6242905788876207,10.0,19.38,False,False,True,76.4562354763749
590,301102.SZ,兆讯传媒,0.23538961038961026,21.811680572109648,1.527032854610937,0.558709224137926,0.9352588242303325,0.9214558124815712,406000000.0,9.71,9.92,9.55,9.7,2090193.0,20189763.0,9.84,-1.4227642276422814,20.0,11.81,False,False,True,76.43687064291248
591,605368.SH,蓝天燃气,0.2797029702970296,25.12647554806071,0.9656767909415637,0.6592144826642189,1.033160251152468,1.3890560366965414,714635915.0,7.06,7.14,6.97,7.09,6543820.0,46214125.0,7.06,0.4249291784702569,10.0,7.77,False,False,True,76.40007745933384
592,688357.SH,建龙微纳,0.2266454352441613,36.111111111111114,1.2571031725628887,0.6420170922659996,0.529341554698225,0.8238975158059251,100059875.0,26.75,27.0,26.27,26.46,529273.0,14015044.0,26.95,-1.8181818181818077,20.0,32.34,False,False,True,76.39620449264137
593,002777.SZ,久远银海,0.12448474855729595,18.610634648370493,1.3172551374830814,1.8147475939070365,1.148430327920466,0.5897854605655298,404511491.0,13.03,13.14,12.93,13.08,4329534.0,56462923.0,13.17,-0.6833712984054663,10.0,14.49,False,False,True,76.34198295894655
594,601908.SH,京运通,0.09411764705882363,30.000000000000004,1.4834913539880097,1.6339473040158825,0.6890482807674151,0.5713103362772849,2414602861.0,3.03,3.04,2.98,2.99,22540100.0,67495089.0,3.04,-1.6447368421052544,10.0,3.34,False,False,True,76.32164988381099
595,300389.SZ,艾比森,0.160333642261353,22.123104371097213,1.5173913596552893,1.7606707574453213,0.7331102768866744,0.5715900208041637,274518071.0,12.88,12.96,12.78,12.84,2762700.0,35543800.0,12.94,-0.7727975270479082,20.0,15.53,False,False,True,76.31293570875292
596,688468.SH,科美诊断,0.3180327868852457,19.272727272727263,1.2422783252617235,0.7188535755955944,0.9373398393435909,0.7257931943186661,401108000.0,6.48,6.49,6.35,6.43,2092737.0,13421448.0,6.47,-0.6182380216383287,20.0,7.76,False,False,True,76.29357087529047
597,603909.SH,建发合诚,0.2968980797636632,27.341772151898724,1.2411811028148096,0.7623266823731769,0.6996529516188432,1.1980791482043733,260673140.0,9.91,9.94,9.74,9.83,2380800.0,23409869.0,9.91,-0.8072653884964698,10.0,10.9,False,False,True,76.24709527498062
598,002159.SZ,三特索道,0.2311062431544359,19.253112033194995,1.1992011353104641,2.01411653541337,0.7476040859653925,1.5769986711293624,138486813.0,14.23,14.29,13.95,14.1,4398700.0,62144984.0,14.16,-0.4237288135593209,10.0,15.58,False,False,True,76.23741285824941
599,600586.SH,金晶科技,0.12085308056872034,39.733333333333334,1.3889322091388245,1.021314503946374,0.41461645564241595,0.8493505446505022,1417337700.0,4.24,4.24,4.17,4.18,12294753.0,51472364.0,4.26,-1.8779342723004744,10.0,4.69,False,False,True,76.19481022463208
600,002157.SZ,正邦科技,0.30081300813008105,15.92592592592592,1.1601615485001442,1.5084166364775207,0.8170294464667756,1.6357098080370391,7787895012.000001,3.07,3.14,3.04,3.1,192149481.0,593162315.0,3.07,0.9771986970684043,10.0,3.38,False,False,True,76.19287374128582
601,601136.SH,首创证券,0.21089630931458705,21.16843702579667,1.392375529840631,0.49453939910302397,1.3964557687142296,2.6603174140749295,2733333800.0,15.35,15.59,14.99,15.13,35960608.0,547105257.0,15.58,-2.8883183568677695,10.0,17.14,False,False,True,76.16382649109218
602,600358.SH,国旅联合,0.21186440677966106,25.73839662447257,1.5541476111718788,0.9884646719847946,0.7163893613509305,0.9593036273117429,504936660.0,5.21,5.39,5.13,5.16,4788000.0,25003835.0,5.24,-1.526717557251911,10.0,5.76,False,False,True,76.15027110766847
603,688100.SH,威胜信息,0.057422373458103,31.918301962354832,1.4008592350211801,0.8465073102926024,1.1534785734298836,0.5703056012420693,491685175.0,26.28,26.28,25.79,25.96,2373698.0,61559854.0,26.32,-1.3677811550151908,20.0,31.58,False,False,True,76.14058869093725
604,688219.SH,会通股份,0.19480519480519484,37.512742099898055,1.096845029158011,0.9010835485888234,0.734056925888754,0.7735946265164922,548633400.0,10.59,10.62,10.51,10.54,3830770.0,40449571.0,10.66,-1.1257035647279645,20.0,12.79,False,False,True,76.1289697908598
605,600612.SH,老凤祥,0.12067578439259856,21.661721068249264,1.5172993047117784,0.8390098086898166,1.9146317531355144,0.4893668145930086,317109630.0,33.23,33.33,32.86,33.31,1302000.0,43083897.0,33.33,-0.060006000600043574,10.0,36.66,False,False,True,76.06506584043377
606,000605.SZ,渤海股份,0.3322033898305086,21.052631578947366,1.1482241903455854,1.1035514375659579,0.7679222769970444,1.0614931017039668,352658600.0,6.1,6.1,5.98,6.07,4131086.0,24942634.0,6.11,-0.6546644844517169,10.0,6.72,False,False,True,76.04666924864446
607,300507.SZ,苏奥传感,0.1751527494908351,34.14211438474872,1.4190813635722346,0.918550660301346,0.6749735683926936,1.003331019496186,778347148.0,6.61,6.7,6.53,6.66,7165100.0,47466620.0,6.63,0.4524886877828038,20.0,7.96,False,False,True,76.03795507358637
608,300217.SZ,东方电热,0.1358490566037734,31.45780051150895,1.3059901049864557,1.7086239230254343,0.6543198844767294,1.0351419873098706,1241414188.0,4.24,4.33,4.19,4.28,21956500.0,93651035.0,4.27,0.23419203747074846,20.0,5.12,False,False,True,76.01859024012393
609,603111.SH,康尼机电,0.32377049180327866,15.427509293680309,1.21962745018172,0.7572011432596566,1.0808340902700262,1.0024627734844394,837595196.0,6.17,6.2,6.09,6.17,6357900.0,40151898.0,6.17,0.0,10.0,6.79,False,False,True,76.0127807900852
610,603599.SH,广信股份,0.19359331476323127,24.752475247524753,1.2957622140367282,1.3262011586251927,0.8923983855665089,1.8523130536767778,910269345.0,10.55,10.67,10.12,10.14,22361128.0,229561914.0,10.48,-3.244274809160308,10.0,11.53,False,False,True,75.98373353989156
611,600699.SH,均胜电子,0.035663338088445073,38.75802997858673,1.2363284875744551,1.6356732136651035,0.6757915694558893,1.0585135265060417,1395670563.0,19.28,19.63,18.91,19.59,24164392.0,463642126.0,19.43,0.8234688625836428,10.0,21.37,False,False,True,75.9721146398141
612,603968.SH,醋化股份,0.26125137211855093,30.787037037037045,1.2019393987233307,1.020239876760558,0.5323601234628231,1.023062894904171,204480000.0,11.02,11.03,10.8,10.93,2134300.0,23270685.0,11.02,-0.8166969147005432,10.0,12.12,False,False,True,75.97017815646785
613,688739.SH,成大生物,0.209797657082002,17.927022739291388,1.4608392487044257,0.6534194381078116,1.4939083424032018,0.6251432175976818,416450000.0,20.84,20.88,20.47,20.49,1701118.0,34962191.0,20.88,-1.867816091954022,20.0,25.06,False,False,True,75.92951200619676
614,300251.SZ,光线传媒,0.055467511885895444,30.94339622641511,1.4135605059717569,1.69291548417406,0.8006504341177654,0.8888909729212832,2753141609.0,11.53,11.66,11.22,11.23,41429751.0,469659741.0,11.65,-3.6051502145922787,20.0,13.98,False,False,True,75.92563903950426
615,300150.SZ,世纪瑞尔,0.25688073394495403,24.23398328690809,1.3520270912776016,1.2731697906121604,0.6554424929513137,1.150880327994541,463663232.0,4.4,4.45,4.33,4.4,6793900.0,29830626.0,4.43,-0.6772009029345272,20.0,5.32,False,False,True,75.92370255615802
616,301009.SZ,可靠股份,0.20197740112994336,18.956743002544528,1.211300871439163,1.8156114752400299,0.9509285496932345,0.9500000601704619,151035028.0,9.2,9.29,9.11,9.21,2605099.0,23982071.0,9.29,-0.8611410118406715,20.0,11.15,False,False,True,75.88884585592564
617,603680.SH,今创集团,0.18693693693693697,30.83900226757368,1.153758128411821,0.653439609415396,1.1024724275806215,1.7251665128480413,783718766.9999999,10.31,10.32,9.96,10.2,8834800.0,89300832.0,10.48,-2.6717557251908497,10.0,11.53,False,False,True,75.87141750580946
618,688101.SH,三达膜,0.11868686868686862,37.80918727915194,1.3690626944346918,0.9095587959745971,0.7965771144042386,0.7212145113609226,332012066.0,15.03,15.03,14.67,14.68,2177956.0,32236674.0,15.09,-2.717031146454607,20.0,18.11,False,False,True,75.83849728892332
619,300678.SZ,中科信息,0.1452513966480448,19.546332046332047,1.4302243602418974,1.7891970019654357,0.9616185320676958,0.8699555444530077,292736719.0,23.02,23.29,22.71,22.94,4556511.0,104397077.0,23.32,-1.6295025728988,20.0,27.98,False,False,True,75.81913245546089
620,600195.SH,中牧股份,0.35076923076923056,21.891418563922937,1.1606691952923749,0.6914815043605865,0.8532825004947032,1.0742224668851899,1021148260.0,6.85,6.85,6.7,6.75,7585140.0,51228288.0,6.85,-1.4598540145985384,10.0,7.54,False,False,True,75.80557707203718
621,600728.SH,佳都科技,0.22625698324022336,25.798525798525795,1.2111217278414272,1.242194658155229,0.8538450236371917,0.8153005246405235,2132599261.0,4.85,4.88,4.76,4.79,21598154.0,103372757.0,4.88,-1.8442622950819665,10.0,5.37,False,False,True,75.79976762199844
622,600081.SH,东风科技,0.3151750972762645,23.522727272727263,1.131132937219094,0.518692117228372,0.9807591070571668,0.6350088895666718,553026170.0,10.4,10.49,10.34,10.47,1821525.0,18987631.0,10.42,0.4798464491362786,10.0,11.46,False,False,True,75.79589465530597
623,600028.SH,中国石化,0.3114285714285714,25.28216704288939,1.1470132441779275,0.2552123835740949,0.9557692135686964,0.9866287146662741,94752475375.0,5.56,5.62,5.43,5.43,238586606.0,1313225983.0,5.52,-1.6304347826086918,10.0,6.07,False,False,True,75.77846630518978
624,600361.SH,创新新材,0.23809523809523803,29.552238805970134,1.1450345060306049,1.1318749773213135,0.7558536800989032,1.0742537514576502,3732662913.0,3.73,3.74,3.64,3.67,45386230.0,166724558.0,3.75,-2.1333333333333315,10.0,4.13,False,False,True,75.76878388845856
625,600587.SH,新华医疗,0.2646048109965634,18.849557522123895,1.141455262962282,1.0938380738668725,1.0980178717028337,0.6175602289253475,606644549.0,12.81,12.83,12.66,12.71,4097950.0,52106265.0,12.84,-1.0124610591900285,10.0,14.12,False,False,True,75.70100697134004
626,301370.SZ,国科恒泰,0.18972332015810278,19.01140684410647,1.3615137232016923,1.03092722056948,1.4315076991349804,0.545001812309835,470600000.0,8.8,8.83,8.72,8.79,2644100.0,23214634.0,8.85,-0.6779661016949157,20.0,10.62,False,False,True,75.69713400464757
627,601016.SH,节能风电,0.1433447098976109,33.437499999999986,1.1307792941567303,2.0185863405344215,0.4105932278106252,0.764266798664746,6038256955.0,3.34,3.36,3.29,3.3,93154516.0,309651668.0,3.36,-1.7857142857142905,10.0,3.7,False,False,True,75.68357862122384
628,002097.SZ,山河智能,0.07728119180633147,27.878787878787882,1.3082998794261127,1.6449193462431975,1.0024412748104308,1.359140836626538,1073000545.0,7.39,7.54,7.29,7.5,23988827.0,178346118.0,7.43,0.9421265141319024,10.0,8.17,False,False,True,75.67776917118513
629,002311.SZ,海大集团,0.23592906707787187,24.181547619047628,1.3952225610991884,0.5799536175064771,1.0091891128098411,0.7107345552171899,1654870556.0,46.44,47.2,46.04,46.14,6819774.0,318165679.0,46.44,-0.6459948320413411,10.0,51.08,False,False,True,75.67389620449265
630,601112.SH,振石股份,0.09460278956943594,35.58368495077355,1.062855756762578,2.2983456140878857,0.4775165618726321,0.8395370596540831,182738500.0,15.71,15.78,15.51,15.69,3526024.0,55203774.0,15.78,-0.5703422053231932,10.0,17.36,False,False,True,75.66034082106893
631,600486.SH,扬农化工,0.18889995022399197,23.145277949989662,1.2931422988888506,1.388216190237859,0.9837030525065638,1.2586907789785229,404111938.0,56.1,56.49,53.9,54.22,7061189.0,385997943.0,55.98,-3.143979992854584,10.0,61.58,False,False,True,75.60805577072037
632,301063.SZ,海锅股份,0.21520402459474575,31.471389645776583,1.2087678416533811,1.3095364389009327,0.6364381125173927,1.1936332344406844,96647303.0,18.42,18.61,18.23,18.52,1510700.0,27880772.0,18.53,-0.05396654074474316,20.0,22.24,False,False,True,75.60030983733539
633,002312.SZ,川发龙蟒,0.14634146341463408,37.913486005089055,1.2370907987061164,1.1215511843076997,0.7350052596969616,1.6059103227648077,1884636265.0,8.75,8.84,8.48,8.53,33944384.0,292554622.0,8.76,-2.6255707762557146,10.0,9.64,False,False,True,75.58869093725794
634,300796.SZ,贝斯美,0.24509803921568624,24.95812395309884,1.2698711435878836,1.1594396337362145,0.8240639226724816,1.355703455546335,360418057.0,7.19,7.19,7.05,7.12,5665254.0,40271626.0,7.22,-1.3850415512465353,20.0,8.66,False,False,True,75.57900852052671
635,688065.SH,凯赛生物,0.11964430072756672,23.784304285026494,1.744131289722421,0.934429638342962,1.020185526138985,0.5237272509591503,583378039.0,41.95,42.15,41.46,41.88,2854972.0,119288511.0,42.07,-0.45162823864985935,20.0,50.48,False,False,True,75.55770720371805
636,300732.SZ,设研院,0.19749999999999995,25.6120527306968,1.1028435357289514,1.563023761318479,0.9123462602827828,1.3523337272572853,370248562.0,6.09,6.14,5.98,6.12,7826054.0,47467935.0,6.1,0.3278688524590345,20.0,7.32,False,False,True,75.53834237025562
637,002419.SZ,天虹股份,0.31753554502369674,17.51824817518248,1.3701491907281675,1.0130635860627564,0.833427289719707,1.4403351064679084,1141239697.0,4.75,4.83,4.72,4.81,16652411.0,79720106.0,4.78,0.6276150627614996,10.0,5.26,False,False,True,75.4928350116189
638,300284.SZ,苏交科,0.10937500000000004,28.305785123966952,1.1278403587233476,1.298306414867877,1.363462574815794,0.6442046458191476,1198281717.0,5.3,5.32,5.2,5.24,10022129.0,52405188.0,5.33,-1.6885553470919246,20.0,6.4,False,False,True,75.4841208365608
639,002405.SZ,四维图新,0.08650519031141868,39.99999999999999,1.0306045209031152,1.694059792832217,0.7188575915368672,0.7085491441017526,2355762401.0,6.4,6.41,6.28,6.34,28276796.0,178936750.0,6.45,-1.705426356589157,10.0,7.1,False,False,True,75.4657242447715
640,605011.SH,杭州热电,0.19698725376593273,34.5466578424884,1.1599369755761986,1.1264361909522569,0.7349801686670321,0.7638114885555194,400100000.0,16.88,16.93,16.55,16.83,3442400.0,57791476.0,16.81,0.11897679952408424,10.0,18.49,False,False,True,75.45507358636716
641,002381.SZ,双箭股份,0.3251028806584361,17.17791411042946,1.1448042849003064,1.3696729306439004,0.8354197725485843,0.8284607615762888,322026500.0,5.68,5.68,5.56,5.62,3654100.0,20505028.0,5.68,-1.0563380281690127,10.0,6.25,False,False,True,75.45507358636715
642,301339.SZ,通行宝,0.23538961038961026,23.713420787083738,1.1615581341063623,0.8375290861602467,1.1833866749349233,1.1217424154657925,573237742.0,11.23,11.31,11.0,11.07,5381581.0,59789787.0,11.36,-2.552816901408439,20.0,13.63,False,False,True,75.44151820294346
643,600185.SH,珠免集团,0.14888337468982624,20.705882352941174,1.678639768735128,1.1394748789087883,1.0107030686332097,1.5911790808465924,1885005795.0,4.85,4.88,4.71,4.8,34177202.0,163495805.0,4.85,-1.0309278350515427,10.0,5.34,False,False,True,75.43183578621225
644,300011.SZ,鼎汉技术,0.18805309734513287,31.401869158878526,1.1052347908255173,1.2013413407304028,0.8954114214682656,0.8014603328500433,509665579.0,6.16,6.23,6.09,6.2,4907200.0,30293332.0,6.2,0.0,20.0,7.44,False,False,True,75.42021688613477
645,603187.SH,海容冷链,0.03820598006644496,17.906336088154262,1.3655806335552878,2.075279855753192,1.5253597511083736,0.6654685858022868,382361891.00000006,11.04,11.05,10.94,10.94,5280546.0,57934757.0,11.12,-1.618705035971224,10.0,12.23,False,False,True,75.39891556932612
646,300474.SZ,景嘉微,0.09381017881705647,36.27471383975027,1.2212326298122351,1.6891420334798284,0.7199638572023946,0.6033826704125732,406479684.0,50.96,51.25,50.36,50.46,4142837.0,209900822.0,51.46,-1.9432568985619847,20.0,61.75,False,False,True,75.37567776917118
647,000928.SZ,中钢国际,0.3048780487804878,24.15966386554622,1.0952744940561159,1.073277039117014,0.8289703785999926,1.0647297005652459,1434627071.0,5.5,5.52,5.44,5.46,16394200.0,89764280.0,5.51,-0.9074410163339319,10.0,6.06,False,False,True,75.37180480247869
648,688208.SH,道通科技,0.1464566929133858,29.307359307359306,1.4639230862006647,1.3647510528231177,0.7786936601566773,0.595316105577596,670186410.9999999,25.67,25.9,25.3,25.8,5444985.0,139274768.0,25.89,-0.34762456546929554,20.0,31.07,False,False,True,75.35050348567003
649,600056.SH,中国医药,0.21975308641975286,18.554216867469876,1.2290586891494555,1.2576823627548481,1.2320809012728415,0.6315639986656295,1495351478.0,9.18,9.18,9.05,9.07,11877680.0,107926423.0,9.19,-1.3057671381936808,10.0,10.11,False,False,True,75.34856700232378
650,002765.SZ,蓝黛科技,0.11041666666666661,37.97678275290215,0.9158193071554683,1.5285422479116244,0.855632982037385,3.615004822581108,595908390.0,7.05,7.78,6.96,7.42,32928036.0,242970360.0,7.09,4.654442877291953,10.0,7.8,False,False,True,75.3408210689388
651,003035.SZ,南网能源,0.19158878504672888,27.592954990215258,1.4973681160509975,1.0656632397672285,0.7900089100511096,0.909410768486785,3787878787.0,5.73,5.8,5.67,5.78,36709304.0,211216803.0,5.77,0.17331022530331364,10.0,6.35,False,False,True,75.33307513555384
652,603275.SH,众辰科技,0.16281476371162465,32.787897499228144,1.2115123524448674,1.7992007311832363,0.5569386739125088,0.782207939392654,41535963.0,36.77,37.2,36.37,37.02,584556.0,21520345.0,37.11,-0.24252223120451166,10.0,40.82,False,False,True,75.3001549186677
653,002646.SZ,天佑德酒,0.2256532066508314,18.4640522875817,1.3884342459767978,1.160601073550053,1.0500454182158934,3.7352536296364334,476001249.0,7.08,7.5,7.04,7.19,20632873.0,149553980.0,7.07,1.6973125884016893,10.0,7.78,False,False,True,75.28272656855151
654,000058.SZ,深 赛 格,0.19592476489028213,22.959183673469408,1.5801047365186824,0.7338488322856831,1.0325511551638469,0.7599050367095529,984739279.0,7.1,7.12,6.99,7.08,5491452.0,38716648.0,7.13,-0.7012622720897643,10.0,7.84,False,False,True,75.27498063516654
655,601019.SH,山东出版,0.24054982817869414,21.077654516640255,1.3557240361192415,0.5354324859839901,1.3297572918219314,0.9536888935747917,2086900000.0,7.01,7.07,6.9,6.95,10656463.0,74161066.0,7.01,-0.8559201141226769,10.0,7.71,False,False,True,75.2691711851278
656,600153.SH,建发股份,0.18110236220472467,21.09375000000002,1.5811714990681816,0.819955675078033,1.1761546916786232,1.1250341005197202,2899538551.0,8.15,8.21,8.02,8.11,26747608.0,216154727.0,8.14,-0.3685503685503799,10.0,8.95,False,False,True,75.26336173508908
657,603927.SH,中科软,0.20510204081632652,24.200164068908947,1.141350319076737,1.2307073847227523,1.1098410303363242,0.7264602326630453,831040000.0,14.15,14.2,13.93,14.1,7429996.0,104863264.0,14.2,-0.7042253521126751,10.0,15.62,False,False,True,75.21301316808676
658,600796.SH,钱江生化,0.29710144927536214,18.75,1.0248897103378858,1.804070224066526,0.800217232707788,0.8928190326737332,311477889.0,5.29,5.29,5.21,5.27,5017000.0,26324730.0,5.3,-0.5660377358490565,10.0,5.83,False,False,True,75.19558481797057
659,000910.SZ,大亚圣象,0.21229050279329628,29.140461215932923,1.2363956915081282,0.7982229028153071,0.997994509398588,0.9211438208446809,547235125.0,5.5,5.53,5.4,5.49,4023700.0,21943856.0,5.53,-0.7233273056057921,10.0,6.08,False,False,True,75.16847405112316
660,603511.SH,爱慕股份,0.2800546448087431,21.834862385321085,1.432473307523825,0.39140339916975997,0.992606316267726,1.0681496243548794,401887312.0,12.91,12.94,12.7,12.84,1680200.0,21536938.0,12.95,-0.8494208494208455,10.0,14.25,False,False,True,75.16460108443067
661,300425.SZ,中建环能,0.27567567567567564,15.846994535519121,1.0959129696286731,1.3652896486234654,1.1042233938443031,0.8088292482029888,680738380.9999999,4.17,4.17,4.09,4.14,7517300.0,31014108.0,4.17,-0.7194244604316613,20.0,5.0,False,False,True,75.12780790085206
662,600854.SH,春兰股份,0.3389121338912134,21.319796954314718,1.2125548190201978,1.2217940289201625,0.708780627291922,1.1627750514147999,519458538.0,4.7,4.79,4.68,4.77,7379800.0,34953706.0,4.75,0.42105263157894424,10.0,5.23,False,False,True,75.10844306738963
663,002410.SZ,广联达,0.1263803680981595,26.776649746192895,1.3262918791083114,1.6729232285590572,0.9356492009826339,0.8414669068435121,1588098783.9999998,8.83,8.87,8.66,8.68,22355818.0,194920044.0,8.91,-2.581369248035914,10.0,9.8,False,False,True,75.10263361735089
664,300979.SZ,华利集团,0.13497688751926046,29.236234458259336,1.442231140109937,0.3056610882604915,1.5663450089853523,0.3915291813165496,1167000000.0,32.51,32.6,31.9,31.93,1396610.0,46401380.0,32.53,-1.8444512757454734,20.0,39.04,False,False,True,75.08133230054221
665,600375.SH,汉马科技,0.08239700374531835,27.142857142857157,1.6706149319454806,1.3009802050715205,0.9078612350895048,1.0561529054725545,1462685760.0,3.93,3.94,3.84,3.89,20097800.0,78059377.0,3.94,-1.269035532994922,10.0,4.33,False,False,True,75.06971340046475
666,600682.SH,南京新百,0.16407982261640783,21.301775147928993,1.4831298060722022,1.4407360950445582,0.9990958681658613,0.699147543149323,1164060275.0,5.79,5.8,5.65,5.68,11725429.0,66669542.0,5.81,-2.2375215146299476,10.0,6.39,False,False,True,75.01839659178933
667,600748.SH,上实发展,0.12244897959183676,28.787878787878785,1.7278780840990788,0.8281493716615391,0.9111227518458294,0.9133720299958051,1844562892.0,3.86,3.9,3.77,3.87,13952430.0,53455832.0,3.9,-0.7692307692307665,10.0,4.29,False,False,True,75.00193648334624
668,600052.SH,东望时代,0.2619047619047618,21.130952380952394,1.445379734790992,1.2733778034753185,0.7566823724169699,0.9590083607645321,844194741.0000001,4.05,4.05,3.93,3.98,10309137.0,40955348.0,4.02,-0.995024875621886,10.0,4.42,False,False,True,74.9816034082107
669,603982.SH,泉峰汽车,0.24803149606299227,30.000000000000004,1.1541051652719232,1.2047861593836098,0.7201376993126388,0.947831906137195,339553548.0,6.37,6.41,6.26,6.36,3877480.0,24559235.0,6.36,0.0,10.0,7.0,False,False,True,74.9641750580945
670,002065.SZ,东华软件,0.1088082901554404,26.584234930448215,1.1304826421097731,1.6605392893449138,1.239854099697961,0.5457984014863613,2945739379.0,7.02,7.08,6.95,6.96,26697816.0,186423045.0,7.1,-1.9718309859154903,10.0,7.81,False,False,True,74.92835011618901
671,000828.SZ,东莞控股,0.39852398523985255,14.754098360655732,0.8845656393910388,0.6928617574728351,1.3016965176296322,0.7152869557362539,1039516992.0,10.18,10.24,10.07,10.13,5151794.0,52140101.0,10.23,-0.9775171065493637,10.0,11.25,False,False,True,74.89155693261037
672,002269.SZ,美邦服饰,0.1173469387755102,22.83464566929134,1.5533570237587444,1.9092904392117045,0.856147079818783,1.1450108953867348,2343729075.0,1.5,1.51,1.47,1.5,51237629.0,76530971.0,1.5,0.0,10.0,1.65,False,False,True,74.87219209914795
673,603858.SH,步长制药,0.2316602316602318,18.84476534296029,1.4592136468372305,0.692564504030545,1.2942609042058089,0.5941035631262188,1054568442.0,15.03,15.04,14.79,14.83,4339075.0,64402002.0,15.05,-1.46179401993356,10.0,16.56,False,False,True,74.86638264910921
674,300712.SZ,永福股份,0.10784313725490184,28.109854604200322,2.0209567669477617,1.0080327724090785,0.7345676543302857,0.6073096559419741,186740010.0,20.2,20.35,19.92,20.08,1143200.0,22947120.0,20.33,-1.2297097884899189,20.0,24.4,False,False,True,74.85282726568552
675,603057.SH,紫燕食品,0.17790759426447145,32.722513089005226,1.6575907220611874,0.571010728155335,0.7589795721504523,0.8047512582228361,412000000.0,20.13,20.26,19.47,20.07,1893229.0,37493991.0,20.22,-0.7418397626112738,10.0,22.24,False,False,True,74.83346243222309
676,300451.SZ,创业慧康,0.14503816793893126,23.202614379084974,1.5410423260702604,1.5314911837477736,0.9137882053597888,0.7817943989678833,1531143411.0,3.6,3.63,3.54,3.58,18332552.0,65584924.0,3.63,-1.377410468319551,20.0,4.36,False,False,True,74.82571649883812
677,600582.SH,天地科技,0.35593220338983034,26.54028436018958,0.8012558996553814,0.5614114220166371,0.9556859731158045,1.6157603835062462,4138588892.0,4.85,4.85,4.69,4.71,37541402.0,177880620.0,4.85,-2.8865979381443196,10.0,5.34,False,False,True,74.81797056545312
678,603528.SH,多伦科技,0.18901453957996767,32.52788104089219,1.2340979507164491,1.150366048052986,0.8321793471299233,1.0427692200105074,705930131.0,6.51,6.53,6.39,6.48,8468100.0,54751032.0,6.55,-1.0687022900763288,10.0,7.21,False,False,True,74.80054221533693
679,600390.SH,五矿资本,0.36597938144329906,16.66666666666665,1.0749227491842683,0.7855773058904204,1.136893343793529,1.080643484679465,4498065459.0,5.12,5.14,5.01,5.02,38185382.0,192351984.0,5.15,-2.5242718446602086,10.0,5.67,False,False,True,74.79763749031758
680,600694.SH,大商股份,0.34920634920634913,16.808018504240565,1.006056093302655,0.9799164748847841,1.1155270378928253,1.1978215240279741,378793611.0,14.55,14.66,14.32,14.42,4446147.0,64268840.0,14.51,-0.6202618883528577,10.0,15.96,False,False,True,74.74632068164213
681,002267.SZ,陕天然气,0.3714285714285716,16.82242990654206,1.0859176982613676,0.7459393009077679,1.1310588419603973,0.9789541630491029,1112075445.0,7.34,7.38,7.28,7.32,8120824.0,59464855.0,7.33,-0.13642564802182067,10.0,8.06,False,False,True,74.72114639814097
682,000999.SZ,华润三九,0.33855421686746984,22.4537037037037,1.1415897794934406,0.660385817310109,0.971571041998333,0.547545868022122,1662560811.0,24.21,24.36,24.12,24.14,6011679.0,145546944.0,24.41,-1.1061040557148738,10.0,26.85,False,False,True,74.71920991479473
683,603613.SH,国联股份,0.158439975624619,29.912023460410552,1.466097703753443,1.2357050857509904,0.8167420835855729,0.962865149524428,720537813.0,19.8,19.8,19.12,19.18,8573084.0,164957079.0,19.65,-2.3918575063613168,10.0,21.62,False,False,True,74.69790859798607
684,002320.SZ,海峡股份,0.08242303872889772,21.674876847290637,1.6556427915111545,1.13875588713471,1.4918316041966648,1.852057557814408,2236834324.0,7.0,7.0,6.78,6.88,47175763.0,323802838.0,6.92,-0.5780346820809301,10.0,7.61,False,False,True,74.69790859798606
685,600075.SH,新疆天业,0.25059101654846333,29.487179487179493,1.1892791195303614,1.173468469906146,0.7517105887372614,1.3026259195748584,1707797343.0,5.02,5.06,4.81,4.83,26105227.0,127255609.0,4.96,-2.620967741935487,10.0,5.46,False,False,True,74.65917893106119
686,000055.SZ,方大集团,0.3249999999999999,23.003194888178925,1.0673524550832476,1.2718516046004884,0.7967903750368229,0.9421509787717244,675854429.0,3.63,3.63,3.56,3.6,8098603.0,29082966.0,3.65,-1.3698630136986245,10.0,4.02,False,False,True,74.64949651432998
687,600560.SH,金自天正,0.22727272727272727,34.226804123711354,1.0933959887559979,0.9585656988403471,0.8201654494644776,0.8224223367499709,223645500.0,11.68,11.79,11.52,11.73,1763100.0,20556503.0,11.7,0.2564102564102555,10.0,12.87,False,False,True,74.64368706429123
688,600048.SH,保利发展,0.11271676300578051,22.39467849223946,1.4274424646888355,1.4172596028890019,1.3493976904608418,0.9728840459821558,11970443418.0,4.87,4.91,4.79,4.87,165051976.0,799157081.0,4.9,-0.612244897959191,10.0,5.39,False,False,True,74.60302091402014
689,688085.SH,三友医疗,0.17394822006472493,29.94604316546763,1.3170143113150279,1.0242191524105473,0.9846505753139796,0.4622475041817946,350615573.0,13.21,13.26,13.01,13.25,1659964.0,21786330.0,13.27,-0.15071590052749828,20.0,15.92,False,False,True,74.58268783888458
690,300320.SZ,海达股份,0.21004566210045642,32.13811420982735,1.3599604773693663,1.2289462628291483,0.6196099408498389,0.6381685395787753,486538621.0,8.39,8.43,8.31,8.34,3815800.0,31841610.0,8.45,-1.3017751479289852,20.0,10.14,False,False,True,74.56429124709528
691,600516.SH,方大炭素,0.20564516129032245,37.8048780487805,0.9436269049945428,1.1461568661004058,0.76185678083032,0.852160101176285,4025970368.0,5.27,5.28,5.19,5.22,39322021.0,205144915.0,5.31,-1.6949152542372836,10.0,5.84,False,False,True,74.56429124709527
692,300388.SZ,节能国祯,0.22471910112359544,21.803278688524586,1.3072053532099273,1.0306546540723949,1.156322723265119,0.6143527786657597,681042231.0,7.09,7.09,6.95,7.02,4312261.0,30201700.0,7.1,-1.1267605633802802,20.0,8.52,False,False,True,74.54686289697906
693,603000.SH,人民网,0.18856447688564476,26.043878273177622,1.2523985444691639,1.5018243441412036,0.9329452067916661,0.8647443085318507,1105691056.0,17.06,17.26,16.85,16.85,14359544.0,243392190.0,17.23,-2.2054556006964487,10.0,18.95,False,False,True,74.52749806351665
694,603014.SH,威高血净,0.10760171306209859,29.22033898305083,0.9369866622400351,1.6926605383450077,1.304604711796351,0.6235087892204572,101484882.0,31.25,31.59,30.99,31.43,1071060.0,33749850.0,31.51,-0.2538876547127922,10.0,34.66,False,False,True,74.4752130131681
695,600055.SH,万东医疗,0.15469613259668513,25.534079348931837,1.6908697624960265,0.8377727912786733,1.0072342781411654,0.6257534894521557,703061058.0,11.2,11.21,10.95,11.01,3685722.0,40622110.0,11.23,-1.9590382902938575,10.0,12.35,False,False,True,74.47521301316809
696,300350.SZ,华鹏飞,0.19082125603864736,21.866666666666678,1.2424395729635538,2.4283743590574907,0.7724760420907043,0.8436693611828544,461829061.0,4.51,4.54,4.44,4.5,9461700.0,42519385.0,4.54,-0.8810572687224627,20.0,5.45,False,False,True,74.4713400464756
697,301616.SZ,浙江华业,0.1728763040238449,25.814696485623003,1.2894907410074121,1.9267911660923016,0.8233071406326868,0.8411251158534269,28401791.0,35.96,36.45,35.51,36.07,460300.0,16515943.0,35.94,0.3617139677239978,20.0,43.13,False,False,True,74.39388071262587
698,603877.SH,太平鸟,0.22838499184339325,26.347826086956516,1.4395061329712413,0.4247687672018795,1.0664348035413378,0.8292284493528321,469323560.0,12.85,13.01,12.71,12.98,1653100.0,21304133.0,12.9,0.6201550387596955,10.0,14.19,False,False,True,74.38613477924089
699,002572.SZ,索菲亚,0.12994350282485875,25.208913649025067,1.3731327419902635,1.5193024639426516,1.0793573462588364,1.332068597483253,729247004.0,8.08,8.09,7.78,7.82,14758611.0,115946444.0,8.1,-3.4567901234567877,10.0,8.91,False,False,True,74.38032532920215
700,603999.SH,读者传媒,0.2614213197969544,23.203285420944564,1.3874511339946682,1.065566996527773,0.8606141316662667,1.0664705617163033,576000000.0,5.88,5.93,5.8,5.86,6545640.0,38372982.0,5.9,-0.6779661016949157,10.0,6.49,False,False,True,74.37838884585592
701,603363.SH,傲农生物,0.12777777777777777,17.692307692307697,1.8279108610643924,1.665659559114207,0.9121500763135897,2.7246151266193737,2146589668.0,3.1,3.31,3.08,3.13,97418276.0,307013606.0,3.06,2.287581699346397,10.0,3.37,False,False,True,74.37161115414408
702,603967.SH,中创物流,0.37142857142857166,20.42801556420235,1.1137692266141594,0.8638779593229426,0.9395752647124662,0.9080074167785365,346666710.0,11.71,11.73,11.5,11.6,2719280.0,31532581.0,11.71,-0.9393680614859234,10.0,12.88,False,False,True,74.355151045701
703,002090.SZ,金智科技,0.23518518518518516,22.14022140221401,1.3641083769004003,1.642864227976381,0.7722721261645117,0.7626000057416272,398188681.0,9.39,9.41,9.19,9.29,4988700.0,46280089.0,9.4,-1.1702127659574568,10.0,10.34,False,False,True,74.33965917893107
704,600825.SH,新华传媒,0.30091185410334353,24.82598607888633,1.2507042521730671,0.8424822673552953,0.8854917429330365,1.134363948878148,1044887850.0,5.25,5.3,5.19,5.25,9985800.0,52318490.0,5.3,-0.9433962264150941,10.0,5.83,False,False,True,74.27769171185128
705,300824.SZ,北鼎股份,0.18025078369905959,20.583941605839428,1.4591034046974865,1.3533464348921742,1.0978649622343346,0.6983981283486321,318968151.0,7.96,8.0,7.84,7.94,3014806.0,23888788.0,8.0,-0.7499999999999951,20.0,9.6,False,False,True,74.27575522850503
706,001279.SZ,强邦新材,0.1763236763236762,28.205128205128194,1.0037939037806776,1.8909028750000005,0.917596087763281,1.0549193331783369,40000000.0,25.93,26.32,25.76,26.26,797900.0,20789828.0,26.15,0.42065009560230404,10.0,28.77,False,False,True,74.2563903950426
707,688298.SH,东方生物,0.20401337792642127,21.49148561362302,1.534827825469219,0.8364864583333291,1.1697480163230651,0.8083592279142366,201600000.0,19.85,19.85,19.13,19.16,1363182.0,26211272.0,19.47,-1.5921931176168358,20.0,23.36,False,False,True,74.23508907823393
708,002941.SZ,新疆交建,0.18301731244847488,25.80287929125138,1.312692075532099,1.5432743491366352,0.9228595219283215,0.8607249223569183,729751171.9999999,11.17,11.2,10.97,11.03,9693538.0,107052203.0,11.25,-1.955555555555566,10.0,12.38,False,False,True,74.20991479473277
709,002389.SZ,航天彩虹,0.18195602729340396,17.682558841279427,1.4659708943544119,1.9261944448980706,0.9409391931988379,1.9496936972348842,984767026.0,18.82,19.34,18.8,19.12,36982819.0,706021972.0,18.97,0.7907221929362329,10.0,20.87,False,False,True,74.17893106119287
710,000553.SZ,安道麦A,0.30798479087452457,24.4,1.3882024819557954,0.40019523268297996,0.9242124405291128,1.6206956774089096,2177071961.0,5.99,6.05,5.59,5.64,14120373.0,80926704.0,5.81,-2.9259896729776247,10.0,6.39,False,False,True,74.14794732765297
711,300775.SZ,三角防务,0.1048974189278624,26.193001060445397,1.5730776376095297,2.234660907603362,0.6877440828421635,1.1155238545819133,531643401.0,22.0,22.16,21.71,21.76,13252900.0,289944403.0,22.03,-1.2256014525646841,20.0,26.44,False,False,True,74.12858249419055
712,001322.SZ,箭牌家居,0.2846715328467152,21.7857142857143,1.4646109333286554,0.505483409923832,1.0068034064822853,0.8447200351778238,785611975.0,6.77,6.77,6.56,6.62,3354500.0,22265167.0,6.77,-2.215657311669117,10.0,7.45,False,False,True,74.09178931061192
713,600858.SH,银座股份,0.21025641025641012,20.327102803738327,1.3819167188576413,1.473313117380257,1.0049426696188517,0.9491675063274555,517548029.0,5.1,5.13,5.0,5.06,7237500.0,36498433.0,5.1,-0.7843137254901933,10.0,5.61,False,False,True,74.07436096049574
714,300595.SZ,欧普康视,0.11907654921020658,18.15505397448478,1.6337298416916533,1.6337688047098473,1.1461065292177357,0.6253390710880884,668494760.0,11.08,11.14,10.93,10.97,6829740.0,75081512.0,11.17,-1.790510295434189,20.0,13.4,False,False,True,74.06274206041829
715,688579.SH,地纬智能,0.18987341772151886,24.435028248587585,1.7036190171125558,0.9758149796255046,0.8882220438204022,0.7866724992522462,400010000.0,8.25,8.28,8.08,8.21,3070664.0,25115761.0,8.28,-0.8454106280193052,20.0,9.94,False,False,True,74.02982184353213
716,000886.SZ,海南高速,0.1963048498845265,24.0506329113924,1.2974042783826714,1.4617410049911979,1.0041608119364767,0.9235167546651758,977836898.0,4.75,4.79,4.71,4.71,13200234.0,62558732.0,4.8,-1.8749999999999933,10.0,5.28,False,False,True,74.00658404337723
717,603759.SH,海天股份,0.11007268951194182,26.027397260273965,1.6319365905222063,1.0462261023042225,1.1478232229311198,0.8154999479254386,461760000.0,7.61,7.68,7.5,7.65,3939724.0,29904258.0,7.63,0.2621231979030192,10.0,8.39,False,False,True,73.99883810999225
718,000915.SZ,华特达因,0.23185673892554204,15.086956521739125,1.3061654877718192,1.4371972689894486,1.248156119329073,0.4462962790425431,234122860.0,25.46,25.46,25.21,25.33,1501701.0,38019502.0,25.46,-0.5106048703849231,10.0,28.01,False,False,True,73.96204492641364
719,002761.SZ,浙江建投,0.318452380952381,18.7793427230047,1.301550085276014,0.9815456785117209,0.9751213408341248,0.8817247901179236,1081789109.0,7.43,7.43,7.29,7.38,9362378.0,68836953.0,7.46,-1.072386058981234,10.0,8.21,False,False,True,73.94461657629745
720,003028.SZ,振邦智能,0.23160762942779287,34.56477732793522,1.2205877402997152,1.1536720167703856,0.6351639947509219,2.3434449996370645,70693645.0,23.37,24.05,22.68,23.72,1911250.0,44948068.0,23.16,2.4179620034542326,10.0,25.48,False,False,True,73.9426800929512
721,600051.SH,宁波联合,0.3514492753623191,18.330308529945547,1.0188187258310089,1.5886142080545496,0.8275958895059435,0.8336229094721259,310880000.0,6.47,6.47,6.36,6.44,4117000.0,26384463.0,6.48,-0.6172839506172867,10.0,7.13,False,False,True,73.93493415956623
722,002034.SZ,旺能环境,0.10875842155919142,36.76360924683073,1.2487990235684272,1.520600331846964,0.8219846963032323,0.7527211342507857,514547415.0,14.5,14.67,14.37,14.61,5889448.0,85667502.0,14.54,0.4814305364511773,10.0,15.99,False,False,True,73.9291247095275
723,601828.SH,美凯龙,0.1764705882352941,21.78217821782178,1.3985251753029668,1.1553054515754275,1.3817078130361307,1.331995951529534,3612402239.0,2.22,2.25,2.19,2.2,55589892.0,122753731.0,2.23,-1.3452914798206206,10.0,2.45,False,False,True,73.92331525948876
724,601238.SH,广汽集团,0.08842105263157893,25.103734439834025,1.9363563944715203,0.4541045501742275,1.4644635614977763,0.8237899963142385,7383697595.0,5.22,5.24,5.12,5.12,27621437.0,142245279.0,5.24,-2.2900763358778664,10.0,5.76,False,False,True,73.91944229279628
725,600760.SH,中航沈飞,0.2749072223808165,25.868421052631586,1.2689807249978589,0.599423959967865,1.0420179009297579,1.9956618107303243,2829552651.0,47.64,49.52,47.32,48.1,33848453.0,1635223288.0,47.63,0.9867730422002952,10.0,52.39,False,False,True,73.91363284275755
726,300994.SZ,久祺股份,0.18725099601593614,33.229491173416406,1.0717546196094756,1.6577041158610695,0.775928610986045,1.5401819709456293,118412160.0,11.55,11.71,11.27,11.6,3023259.0,34822247.0,11.51,0.7819287576020795,20.0,13.81,False,False,True,73.89620449264136
727,002117.SZ,东港股份,0.15813253012048178,28.648648648648646,1.2993230913825145,1.403571523799572,0.9922750972312103,1.3348285391434977,523554680.0,8.38,8.45,8.31,8.4,9808940.0,82197023.0,8.45,-0.5917159763313529,10.0,9.3,False,False,True,73.87490317583269
728,002406.SZ,远东传动,0.2773722627737226,27.27272727272727,0.9731485755810427,1.8425406272644134,0.6109618390490021,1.0471742733617122,562171311.0,6.78,6.87,6.72,6.82,10846877.0,73714166.0,6.81,0.1468428781204123,10.0,7.49,False,False,True,73.84779240898528
729,300950.SZ,德固特,0.13539367181751288,32.53623188405796,1.2948994719087108,1.6845955839897377,0.8150502238212621,6.143402468213471,97636775.0,17.33,19.96,17.12,19.28,10104575.0,190593479.0,17.48,10.297482837528605,20.0,20.98,False,False,True,73.84779240898528
730,605369.SH,拱东医疗,0.25291828793774307,31.457627118644083,1.3033221599223648,0.6547365869102695,0.8520616507356283,1.5327834852543116,219803029.0,16.5,16.69,16.05,16.37,2205876.0,35997857.0,16.7,-1.9760479041916024,10.0,18.37,False,False,True,73.82649109217662
731,000404.SZ,长虹华意,0.28197674418604646,22.03147353361945,1.0914899996082945,1.7075110547853691,0.8239536884456823,0.5787820304295312,692984960.0,7.12,7.12,7.04,7.07,6848609.0,48463327.0,7.14,-0.9803921568627416,10.0,7.85,False,False,True,73.81680867544537
732,002936.SZ,郑州银行,0.35416666666666685,14.634146341463406,0.8432852414533103,1.286403802202982,1.1714274555912982,0.9767332318341098,7029435959.0,1.8,1.82,1.78,1.79,88322989.0,158465857.0,1.81,-1.104972375690605,10.0,1.99,False,False,True,73.78969790859797
733,000728.SZ,国元证券,0.3922155688622753,22.070015220700135,1.0099225779387884,0.6973507740336959,1.0033820891705447,1.0217310177406906,4363777891.0,7.88,7.92,7.69,7.71,31092132.0,241141558.0,7.88,-2.1573604060913687,10.0,8.67,False,False,True,73.74903175832688
734,301355.SZ,南王科技,0.23186682520808552,26.426076833527357,1.1631100502374618,1.788934140151274,0.7648479755287357,1.1871482445650818,141712928.0,10.45,10.59,10.32,10.52,3009600.0,31425708.0,10.54,-0.1897533206831059,20.0,12.65,False,False,True,73.74903175832688
735,002249.SZ,大洋电机,0.03139013452914798,35.07692307692307,1.206416948811632,1.8775102032304485,0.9198632234124018,0.7456616440932893,1863776633.0,6.67,6.68,6.58,6.6,26092637.0,172540823.0,6.71,-1.6393442622950838,10.0,7.38,False,False,True,73.71030209140203
736,603229.SH,奥翔药业,0.1369294605809127,26.71328671328672,1.6963479816978957,1.074211600474667,0.9595571769412743,0.7351643695349497,830297145.0,7.81,8.03,7.73,7.91,6557040.0,51653935.0,7.81,1.2804097311139628,10.0,8.59,False,False,True,73.69577846630519
737,002268.SZ,电科网安,0.18540772532188843,31.6225165562914,1.0527606294811194,1.2597799656467594,1.0370308220163813,0.6095829784344275,845109308.0,14.12,14.24,13.96,14.11,6489936.0,91320387.0,14.24,-0.9129213483146104,10.0,15.66,False,False,True,73.65995352439968
738,300633.SZ,开立医疗,0.13429137760158574,24.476744186046528,1.3880121045765113,1.864876238155222,0.9927005969078991,0.5788473224167733,260116315.0,19.9,19.9,19.44,19.52,2807900.0,54914385.0,19.91,-1.9588146659969885,20.0,23.89,False,False,True,73.64833462432222
739,688570.SH,天玛智控,0.2272089761570826,24.925373134328343,1.2889392764381344,0.6446454569606757,1.514925457000811,0.5819434230029069,188200000.0,14.92,15.05,14.84,14.87,706027.0,10520072.0,15.02,-0.9986684420772329,20.0,18.02,False,False,True,73.64639814097598
740,002508.SZ,老板电器,0.24230769230769214,19.288256227758005,1.232521370758424,1.100544942348058,1.501707664888825,0.5503798248469758,933605787.0,15.92,15.93,15.65,15.72,5654982.0,88904529.0,15.94,-1.3801756587201952,10.0,17.53,False,False,True,73.62122385747482
741,300815.SZ,玉禾田,0.09117821195973955,37.70375620127568,1.0867909113750431,1.3156022863005836,1.0640311087920904,0.8306844732912841,392159808.0,15.55,15.58,15.26,15.36,4285720.0,65904008.0,15.65,-1.8530351437699766,20.0,18.78,False,False,True,73.61735089078235
742,600037.SH,歌华有线,0.35451505016722423,20.32786885245903,0.9903779195459516,1.1166364136592308,0.9950091175510882,1.0957370764775372,1391777884.0,7.14,7.18,7.01,7.07,17028958.0,120198334.0,7.16,-1.2569832402234637,10.0,7.88,False,False,True,73.57668474051124
743,600839.SH,四川长虹,0.1799242424242425,21.88006482982172,1.3166058859433503,1.7351001342052925,1.0554808155782207,0.8740967344401545,4614958631.0,7.05,7.1,6.99,6.99,69992556.0,491847278.0,7.12,-1.8258426966292096,10.0,7.83,False,False,True,73.57281177381874
744,002398.SZ,垒知集团,0.19484240687679089,19.999999999999996,1.0663779813581116,2.2348980117570814,1.0721670035222453,0.6360684132104865,599740551.0,4.26,4.29,4.21,4.26,8525600.0,36107434.0,4.28,-0.4672897196261738,10.0,4.71,False,False,True,73.53117738187451
745,600496.SH,精工钢构,0.21088435374149667,24.590163934426236,1.069491221367565,1.5958163402329002,1.0820878767296647,1.0355571462283173,1990125599.0,3.36,3.36,3.29,3.31,32888000.0,108965434.0,3.36,-1.4880952380952328,10.0,3.7,False,False,True,73.51568551510456
746,601798.SH,蓝科高新,0.34183673469387743,24.427480916030554,0.985391879077987,1.422719371393974,0.7567690432251578,0.896957297094662,354528198.0,7.91,7.94,7.81,7.82,4524200.0,35569355.0,7.89,-0.8871989860582907,10.0,8.68,False,False,True,73.4856700232378
747,600729.SH,重百集团,0.1814119749776587,16.941444002274018,1.3175534101350208,1.965050895652804,1.184836408545176,0.9384486778365037,192482844.0,19.62,19.71,19.25,19.47,3549575.0,69100030.0,19.62,-0.7645259938838023,10.0,21.58,False,False,True,73.47211463981411
748,600623.SH,华谊集团,0.3353174603174604,24.52830188679245,1.3585939546879575,0.8591906437800424,0.7718595728010437,1.0449662460373934,1876034733.0,8.82,8.84,8.48,8.62,16843513.0,144567540.0,8.75,-1.4857142857142902,10.0,9.63,False,False,True,73.46920991479473
749,000957.SZ,中通客车,0.3697270471464021,21.177802944507352,1.061388826659842,1.526659092713457,0.7325520453760981,1.3683183196611335,592903936.0,10.3,10.44,10.12,10.22,12385500.0,127158128.0,10.32,-0.9689922480620172,10.0,11.35,False,False,True,73.46824167312161
750,600782.SH,新钢股份,0.24022346368715067,25.311203319502074,1.2646966013763092,1.2721962586588536,0.93542802242426,1.0747719295549956,3145652149.0,2.83,2.84,2.75,2.78,43011157.0,119421655.0,2.84,-2.1126760563380254,10.0,3.12,False,False,True,73.45081332300542
751,300707.SZ,威唐工业,0.16582552271088685,27.499999999999993,1.2706737212734343,2.3568418632716726,0.729165637765645,0.7651466104482112,143580522.0,12.26,12.33,12.05,12.29,2589230.0,31555432.0,12.3,-0.08130081300814496,20.0,14.76,False,False,True,73.44016266460109
752,603712.SH,七一二,0.08098336948662323,31.924882629107977,1.4972937303822633,1.310196560880824,0.9839723738755868,1.1053197536427477,772000000.0,11.7,11.87,11.6,11.83,11179997.0,131435927.0,11.77,0.5097706032285432,10.0,12.95,False,False,True,73.43725793958173
753,002773.SZ,康弘药业,0.07099200752233198,27.200843437005794,1.6843402967414138,1.341064120825242,1.0210428985781321,0.4362388115115702,686839429.0,20.44,20.53,20.18,20.31,4018177.0,81484752.0,20.48,-0.8300781250000111,10.0,22.53,False,False,True,73.42951200619675
754,301175.SZ,中科环保,0.30322580645161296,20.76271186440679,0.7927278459470216,2.2653987988036235,0.7638860084087278,1.0859071280141046,621880000.0,5.65,5.67,5.6,5.66,15298327.0,87320659.0,5.66,0.0,20.0,6.79,False,False,True,73.41982958946554
755,002561.SZ,徐家汇,0.2570754716981133,18.81188118811883,1.3612778886749022,1.1147895779941253,1.1346887245300812,1.096397933988468,414439567.0,7.17,7.25,7.06,7.12,5065500.0,36100940.0,7.15,-0.41958041958042314,10.0,7.87,False,False,True,73.41305189775369
756,600939.SH,重庆建工,0.16929133858267725,37.44493392070485,1.4501807039998194,0.5580395622808215,0.8789293004847887,1.3246942724028616,1902474944.0,2.69,2.71,2.63,2.66,14063700.0,37347727.0,2.7,-1.4814814814814836,10.0,2.97,False,False,True,73.41014717273431
757,002351.SZ,漫步者,0.26199261992619927,20.63134160090192,1.1865578627733757,1.4735486924049925,1.0085559042874122,1.040712271037688,527441600.00000006,10.22,10.37,10.2,10.35,8088529.0,83462741.0,10.29,0.5830903790087438,10.0,11.32,False,False,True,73.38303640588691
758,603238.SH,诺邦股份,0.196096654275093,22.485768500948787,1.3373689420818298,1.5538594381129918,1.038738539754272,1.1691566327785756,177509000.0,12.65,12.67,12.3,12.6,3224815.0,40173818.0,12.65,-0.39525691699605625,10.0,13.92,False,False,True,73.34624322230829
759,603197.SH,保隆科技,0.21902874132804753,23.277182235834616,1.2033867127241427,1.4233467323774531,1.1045034923812946,1.1915571794476185,211152127.0,30.28,30.64,29.91,30.39,3581138.0,107915965.0,30.54,-0.4911591355599154,10.0,33.59,False,False,True,73.31913245546087
760,603987.SH,康德莱,0.3462897526501767,19.047619047619047,1.016440915513264,1.099158102843168,1.0896625976813512,0.7548392271075348,436790880.00000006,7.68,7.68,7.56,7.64,3624000.0,27588116.0,7.7,-0.7792207792207906,10.0,8.47,False,False,True,73.31816421378775
761,000791.SZ,甘肃能源,0.24109014675052415,38.92045454545454,1.1545995677845906,1.0251542942077125,0.3883859469204775,0.6514673338635733,1935632286.0,7.28,7.29,7.17,7.2,12927208.0,93155722.0,7.29,-1.2345679012345623,10.0,8.02,False,False,True,73.28233927188226
762,600993.SH,马应龙,0.29770114942528736,19.641125121241522,1.0314399668912393,1.2308074885258167,1.1922294518878949,0.585666178110233,430317966.0,23.23,23.23,22.89,23.11,3101914.0,71420947.0,23.21,-0.430848772081005,10.0,25.53,False,False,True,73.18938807126258
763,603697.SH,有友食品,0.13508064516129029,31.372549019607842,1.5311999741114193,1.2931330566691883,0.8654952977877369,0.8486052731914941,427692098.0,9.25,9.46,9.22,9.33,4693320.0,45056149.0,9.34,-0.10706638115631772,10.0,10.27,False,False,True,73.18745158791634
764,600841.SH,动力新科,0.10000000000000005,38.88888888888891,1.52132161384005,1.1904028036220045,0.7409240126666441,0.7100083103574899,1043024484.0,5.81,5.85,5.69,5.81,8815600.0,50927045.0,5.83,-0.34305317324185847,10.0,6.41,False,False,True,73.1719597211464
765,600575.SH,淮河能源,0.2573529411764706,35.66666666666667,1.1214665774636519,1.1009221057052128,0.6535552891128193,1.3902210383599647,3886261065.0,3.35,3.37,3.25,3.26,59480200.0,195380120.0,3.35,-2.68656716417911,10.0,3.69,False,False,True,73.16615027110768
766,000589.SZ,贵州轮胎,0.34999999999999987,13.749999999999996,0.9377380328084934,1.6254726642967379,1.011593496001805,0.9988988687696794,1544110704.0,4.41,4.42,4.35,4.36,25071460.0,109756617.0,4.42,-1.3574660633484115,10.0,4.86,False,False,True,73.16034082106894
767,603997.SH,继峰股份,0.05020920502092018,32.76018099547511,1.342765078522995,1.3707858672736195,1.1920284009896691,0.8366421131017805,1272264864.0,11.22,11.27,11.01,11.26,14591061.0,162595050.0,11.29,-0.26572187776793266,10.0,12.42,False,False,True,73.11967467079783
768,688339.SH,亿华通-U,0.10766246362754611,38.605551969012254,1.5593293546628406,1.2952379926485311,0.6340605079416674,0.8811707627617495,195787119.0,17.71,17.84,17.4,17.72,2234569.0,39523932.0,17.71,0.05646527385656519,20.0,21.25,False,False,True,73.10611928737413
769,603365.SH,水星家纺,0.22732626619552415,22.90322580645161,1.4842015301087201,0.80505323518182,1.1757662209535142,0.5909339796456708,261133700.0,17.34,17.49,17.17,17.28,1242300.0,21516040.0,17.43,-0.8605851979345824,10.0,19.17,False,False,True,73.06738962044926
770,600249.SH,两面针,0.3051359516616314,24.082568807339435,1.2029906625592517,1.34727944545454,0.8109155196035661,1.7324851531273402,550000000.0,5.39,5.52,5.27,5.41,12837779.0,69292380.0,5.37,0.7448789571694592,10.0,5.91,False,False,True,73.06351665375678
771,601801.SH,皖新传媒,0.30962343096234324,24.675324675324674,1.0506223251297464,0.6488335882247276,1.2457598206787426,1.011782733956849,1957931237.0,5.36,5.38,5.17,5.2,12853400.0,67187532.0,5.36,-2.985074626865669,10.0,5.9,False,False,True,73.0151045701007
772,002877.SZ,智能自控,0.2103386809269163,33.228346456692925,1.0831697249118952,1.8615340740238924,0.6450509966729305,0.9204062250363626,240514652.0,7.54,7.62,7.43,7.6,4120900.0,31065592.0,7.53,0.9296148738379806,10.0,8.28,False,False,True,73.0112316034082
773,002595.SZ,豪迈科技,0.18115712930761926,29.030732860520093,1.7825443860330636,0.411788703060141,0.9630309689514774,1.157410784759483,1152118323.0,42.99,43.45,42.53,42.95,5491096.0,235886465.0,43.29,-0.7854007854007805,10.0,47.62,False,False,True,72.97443841982958
774,002602.SZ,世纪华通,0.17788461538461536,27.916666666666657,1.6405032261534018,1.3339930010866623,0.7716724203080878,1.7599979735571767,6796829127.0,13.96,14.54,13.87,14.03,159577652.0,2272941767.0,13.85,1.2996389891696714,10.0,15.24,False,False,True,72.97056545313711
775,000830.SZ,鲁西化工,0.18774703557312256,20.72310405643738,1.3984678181299806,1.8726663141569393,0.9913701729582658,1.4263666356285565,1904178218.0,13.4,13.42,12.63,12.76,50862671.0,654191510.0,13.24,-3.625377643504535,10.0,14.56,False,False,True,72.96862896979086
776,300962.SZ,中金辐照,0.24193548387096786,20.18819503849445,1.3005281557518507,1.2328634138564492,1.2200270972793827,0.5389914190280224,264001897.0,13.62,13.62,13.41,13.43,1754300.0,23636487.0,13.64,-1.539589442815259,20.0,16.37,False,False,True,72.9473276529822
777,002007.SZ,华兰生物,0.2946236559139783,19.197952218430036,1.2262378309904147,0.9113809001631495,1.3640020430111872,0.7213354736021934,1573543054.0000002,13.09,13.12,12.86,12.96,10344651.0,133789368.0,13.09,-0.9931245225362817,10.0,14.4,False,False,True,72.89310611928738
778,603080.SH,新疆火炬,0.33264462809917383,22.47255921432698,1.1145444098603654,1.2744710600706664,0.8822134138884133,1.3737009056705323,141500000.0,20.6,20.8,20.37,20.5,2477300.0,50900941.0,20.53,-0.146127618119829,10.0,22.58,False,False,True,72.88729666924866
779,002299.SZ,圣农发展,0.3542510121457489,17.206477732793534,1.141016407495787,0.9870966359703806,1.164837917794423,0.8437196794315489,1218599736.0,16.53,16.53,16.19,16.27,10148899.0,165479612.0,16.57,-1.8105009052504561,10.0,18.23,False,False,True,72.86405886909372
780,300146.SZ,汤臣倍健,0.2789473684210527,27.733934611048493,1.0578513434922932,1.125835834251573,0.9463127198273616,0.7092112858579526,1120818659.0,9.88,9.94,9.75,9.78,8949238.0,87700141.0,9.93,-1.5105740181268867,20.0,11.92,False,False,True,72.86405886909372
781,300743.SZ,天地数码,0.20878048780487796,29.534883720930228,0.9290331233949644,1.8385555502254651,0.9001897395390108,1.0167669425760744,127410896.0,14.93,15.07,14.78,14.98,2381797.0,35544963.0,15.04,-0.3989361702127603,20.0,18.05,False,False,True,72.84663051897753
782,300207.SZ,欣旺达,0.056143580303727514,34.228607120549626,1.369431638802952,2.3471544345464936,0.7227138090968359,0.6740215498750665,1713925731.0,17.1,17.1,16.83,16.98,27114865.0,459094595.0,17.23,-1.450957632037142,20.0,20.68,False,False,True,72.7827265685515
783,600893.SH,航发动力,0.20905375668028917,30.97928436911488,1.3716135738354729,1.076894314753871,0.8832258155745555,1.346342096188519,2665124758.0,38.35,39.39,38.15,38.83,38640795.0,1498144905.0,38.51,0.8309529992209796,10.0,42.36,False,False,True,72.77498063516653
784,601949.SH,中国出版,0.27536231884057977,26.62192393736018,1.2493485959648076,0.6204621855488275,1.1200563526666614,1.2679904784073288,1903968054.0,5.38,5.45,5.24,5.27,14979281.0,79443397.0,5.42,-2.7675276752767597,10.0,5.96,False,False,True,72.73625096824168
785,002382.SZ,蓝帆医疗,0.268542199488491,25.4,1.3870617894786217,1.4358876439713888,0.7162125681095347,0.5917007939450563,997792227.0,6.0,6.02,5.92,5.97,8477401.0,50569300.0,6.05,-1.3223140495867813,10.0,6.66,False,False,True,72.7052672347018
786,301206.SZ,三元生物,0.3112884834663627,17.267197005147384,1.1917573338422178,1.133947871360125,1.2225109117095914,0.8345382557479724,130283123.0,23.93,23.98,23.5,23.51,1232899.0,29122843.0,24.1,-2.44813278008299,20.0,28.92,False,False,True,72.65491866769946
787,603050.SH,科林电气,0.22757475083056466,32.62195121951221,1.5732971226369565,0.9155266384756406,0.6574929689994955,0.5544850281638187,403319193.0,17.9,18.18,17.81,18.12,2047433.0,36890567.0,18.08,0.22123893805310324,10.0,19.89,False,False,True,72.64523625096824
788,603810.SH,丰山集团,0.3005464480874317,28.928928928928933,1.2778468478285805,1.0545883455424825,0.7440612862508545,0.8007206141427321,165342179.0,12.73,12.73,12.45,12.57,1396200.0,17551176.0,12.74,-1.3343799058084804,10.0,14.01,False,False,True,72.63168086754455
789,300406.SZ,九强生物,0.28602620087336217,15.976900866217525,1.233962771298397,1.305451665885411,1.2496614022223476,0.6416336500333307,424283173.0,11.65,11.7,11.51,11.58,3553888.0,41699256.0,11.7,-1.025641025641022,20.0,14.04,False,False,True,72.6161890007746
790,002662.SZ,峰璟股份,0.22972972972972963,37.91946308724834,1.4377450696761014,0.7666228361143975,0.5893684681244731,1.2487219053931122,1499981099.9999998,3.31,3.38,3.26,3.36,14359300.0,47773890.0,3.32,1.2048192771084265,10.0,3.65,False,False,True,72.57745933384973
791,603312.SH,西典新能,0.0971903669724772,31.11566018423746,1.4570483562899263,2.037490843390052,0.7977989938697106,0.8924508097817582,50919500.0,32.51,33.2,31.88,32.2,925900.0,29988472.0,32.7,-1.5290519877675823,10.0,35.97,False,False,True,72.56777691711851
792,002997.SZ,瑞鹄模具,0.2463683904706567,29.641827912721276,1.3428438867395565,1.3304152121146708,0.7222321709450209,1.0158110363682114,209321325.0,28.51,28.76,28.21,28.66,2828874.0,80960486.0,28.53,0.4556607080266284,10.0,31.38,False,False,True,72.55422153369481
793,300636.SZ,同和药业,0.27794561933534745,18.65793780687397,1.0181244484050749,1.8218217999928128,1.0555935074362937,0.6855172034735905,367310277.0,6.98,7.0,6.88,6.92,4587302.0,31741914.0,7.03,-1.5647226173541973,20.0,8.44,False,False,True,72.55228505034856
794,000619.SZ,海螺新材,0.23725055432372494,32.18673218673218,1.2174208435916474,1.4437385277777732,0.713667048848306,1.226118449002779,360000000.0,5.09,5.12,5.0,5.09,6372700.0,32231552.0,5.14,-0.9727626459143934,10.0,5.65,False,False,True,72.54260263361736
795,600182.SH,S佳通,0.26595744680851063,22.093981863149214,1.0281550250201483,1.352560529411761,1.2241670127242719,0.9096907221157744,170000000.0,13.13,13.19,12.97,13.05,2091700.0,27323279.0,13.13,-0.6092916984006047,10.0,14.44,False,False,True,72.51742835011619
796,600809.SH,山西汾酒,0.212624264067175,31.22465531224654,1.5791329441454882,0.608461343877012,0.8983408552984093,0.7151204833909238,1219964222.0,120.06,121.68,118.18,118.28,5308347.0,633432780.0,120.67,-1.9806082704897698,10.0,132.74,False,False,True,72.46127033307513
797,002676.SZ,顺威股份,0.11988716502115651,32.58928571428572,1.3140631698592309,1.772115630935455,0.9060613751714118,0.6614423028751139,719974734.0,5.3,5.33,5.22,5.26,8439200.0,44353584.0,5.33,-1.3133208255159512,10.0,5.86,False,False,True,72.4419054996127
798,600425.SH,青松建化,0.36312849162011174,22.292993630573243,1.1136294783365117,0.9964430150094938,0.9731342429738185,0.9596363542668467,1604703707.0,3.77,3.79,3.69,3.73,15344545.0,57286785.0,3.79,-1.58311345646438,10.0,4.17,False,False,True,72.40317583268785
799,603098.SH,森特股份,0.18487394957983191,37.30512249443208,1.4908414590343753,0.8650227339096092,0.7671985474273353,1.1884334390253672,538799978.0,10.76,10.85,10.44,10.82,5538982.0,59132703.0,10.74,0.7448789571694592,10.0,11.81,False,False,True,72.39736638264911
800,001308.SZ,康冠科技,0.2601626016260165,32.24615384615384,1.3102263941246868,0.4589962372848254,0.9638176267198987,0.6350205920219746,527325325.0,17.98,18.23,17.89,18.01,1537006.0,28262987.0,18.17,-0.8805723720418324,10.0,19.99,False,False,True,72.39542989930288
801,600261.SH,阳光照明,0.34710743801652877,18.181818181818187,1.3672222900572026,1.0041608004636968,0.9632381273656893,0.7246339758318064,1335052966.0,3.26,3.28,3.23,3.25,9714500.0,31573577.0,3.28,-0.9146341463414531,10.0,3.61,False,False,True,72.35476374903175
802,601360.SH,三六零,0.1610845295055821,21.912832929782077,1.4065603586468651,1.6058670625073581,1.2878962687269124,0.9747335793607561,6999557879.0,9.14,9.2,8.97,8.99,109563558.0,993062814.0,9.27,-3.0204962243797095,10.0,10.2,False,False,True,72.33539891556931
803,600963.SH,岳阳林纸,0.16533333333333336,28.08219178082192,1.2513882506024179,1.7184675420218465,1.0155413683398924,0.8836190122970643,1757567854.0,3.54,3.55,3.45,3.48,26688151.0,92783145.0,3.54,-1.6949152542372947,10.0,3.89,False,False,True,72.28311386522076
804,002035.SZ,华帝股份,0.1566265060240966,17.169373549883993,1.4170829574284356,1.9149280759643974,1.5043661546168787,1.0722655085790578,782037666.9999999,4.69,4.7,4.59,4.62,16057668.0,74179245.0,4.7,-1.7021276595744705,10.0,5.17,False,False,True,72.27730441518203
805,000860.SZ,顺鑫农业,0.19258202567760338,19.599578503688075,1.588085257076493,1.265708597069958,1.20624262688945,0.9819847052841498,741766989.0,10.82,10.83,10.54,10.59,9219470.0,98347650.0,10.84,-2.306273062730624,10.0,11.92,False,False,True,72.27536793183579
806,600433.SH,冠豪高新,0.19230769230769235,21.19205298013245,1.6962087065499794,1.8983701813709353,0.7505817640331622,0.7166061737181835,1750279233.0,3.45,3.46,3.4,3.42,23810515.0,81514308.0,3.47,-1.4409221902017322,10.0,3.82,False,False,True,72.26568551510456
807,002671.SZ,龙泉股份,0.23157894736842113,25.513196480938415,1.3183647418141549,1.762685531494522,0.8060222333716192,1.0691218249462608,551396073.0,4.06,4.09,3.98,4.07,10391200.0,41915189.0,4.07,0.0,10.0,4.48,False,False,True,72.2579395817196
808,002564.SZ,天沃科技,0.10659898477157351,34.860050890585235,1.538765131466543,1.3644213953724629,0.8445805044503243,0.687918713935858,858904477.0,4.55,4.63,4.47,4.59,8061772.0,36736623.0,4.56,0.6578947368421018,10.0,5.02,False,False,True,72.2579395817196
809,300625.SZ,三雄极光,0.33974358974358976,26.820388349514545,1.2375285227940358,1.0513806184826402,0.766986285637076,0.9130675887427955,161971756.0,9.87,9.9,9.65,9.81,1554899.0,15203505.0,9.83,-0.20345879959308144,20.0,11.8,False,False,True,72.25019364833463
810,002481.SZ,双塔食品,0.23549488054607493,18.918918918918926,1.5243445363083243,1.0927960682647384,1.193947645664195,1.063193737893392,1118152600.0,4.39,4.4,4.27,4.29,12991300.0,56033079.0,4.39,-2.27790432801821,10.0,4.83,False,False,True,72.18048024786987
811,603606.SH,东方电缆,0.00982890425919196,31.774865991661706,1.302588693756432,1.9885391261880356,1.0681644851859255,0.8081881692375936,824808488.0000001,33.72,33.72,32.99,32.99,13255611.0,439080995.0,33.85,-2.540620384047265,10.0,37.24,False,False,True,72.16305189775368
812,603160.SH,汇顶科技,0.12546399406087586,37.36853402017599,1.5907209869293557,1.0527579824279065,0.8063866709437947,1.7324202145531313,465982755.00000006,51.26,53.15,50.7,52.75,8498683.0,442576524.0,51.66,2.109949670925282,10.0,56.83,False,False,True,72.13400464756003
813,603066.SH,音飞储存,0.23192019950124682,33.293269230769226,0.9313381817520348,1.3751315121363332,0.9029122501590278,0.8698848748526369,294180074.0,9.2,9.23,9.09,9.16,3519000.0,32181790.0,9.25,-0.9729729729729741,10.0,10.18,False,False,True,72.08171959721146
814,000513.SZ,丽珠集团,0.06526172671651942,23.34887334887337,1.680616696411477,1.478245656472762,1.4737708437852113,0.43518361466301253,567651788.0,26.66,26.78,26.46,26.55,3651751.0,96939968.0,26.7,-0.561797752808979,10.0,29.37,False,False,True,72.05267234701782
815,688420.SH,美腾科技,0.36185383244206787,28.31099195710456,1.3855578307215446,0.6777070564288095,0.6933820543347344,1.0338924974263568,88430000.0,22.51,22.7,22.06,22.42,619608.0,13864807.0,22.71,-1.276970497578156,20.0,27.25,False,False,True,72.04492641363285
816,002468.SZ,申通快递,0.2220744680851064,35.48387096774193,1.2687518333472672,1.1642672270452281,0.7661309850179292,0.7753957904367147,1476289631.0,14.0,14.12,13.84,14.0,13327469.0,186586818.0,14.08,-0.5681818181818232,10.0,15.49,False,False,True,72.04105344694035
817,300374.SZ,中铁装配,0.1520522388059702,39.99999999999999,1.2784213292780027,1.1722329970426946,0.8457668477630947,1.057513635944625,245883447.0,11.16,11.32,11.01,11.23,3048100.0,34061396.0,11.23,0.0,20.0,13.48,False,False,True,71.9897366382649
818,603300.SH,海南华铁,0.11869918699186999,28.23529411764707,1.4387049528847413,2.0703063422467087,0.8925682445831551,0.738928681782694,1999188217.0,4.93,4.97,4.84,4.9,30583756.0,149450004.0,4.98,-1.6064257028112428,10.0,5.48,False,False,True,71.97521301316809
819,002242.SZ,九阳股份,0.19374999999999992,23.4375,1.7803255447093314,1.039825858511267,0.9696904790440201,0.5202104909017614,761765625.0,8.55,8.59,8.35,8.35,4120606.0,34722289.0,8.61,-3.0197444831591147,10.0,9.47,False,False,True,71.96359411309064
820,002732.SZ,燕塘乳业,0.30895334174022704,20.899250624479592,1.4278372182539267,1.008885820897442,0.9486220998034008,0.8775815125773063,157062585.0,14.46,14.47,14.13,14.27,1390600.0,19819441.0,14.46,-1.3139695712309885,10.0,15.91,False,False,True,71.9306738962045
821,300365.SZ,恒华科技,0.22118380062305296,25.96153846153846,1.3793010058729738,2.021229369545843,0.7018669000539134,0.8177409962986778,511724617.0,4.84,4.89,4.77,4.87,8458000.0,40946128.0,4.87,0.0,20.0,5.84,False,False,True,71.92680092951201
822,600676.SH,久事动娱,0.3057324840764332,28.498293515358352,1.4068924111134766,0.9016837698402284,0.7477383278590592,0.8954626189969166,1028492944.0,6.89,6.9,6.67,6.71,8304300.0,55835783.0,6.91,-2.894356005788712,10.0,7.6,False,False,True,71.92292796281953
823,300247.SZ,融捷健康,0.16269841269841273,23.988439306358387,1.310278643351818,1.9055738564690554,1.1295117242379873,0.7107621132073698,804040313.0,3.85,3.87,3.78,3.81,10890000.0,41504410.0,3.87,-1.5503875968992276,20.0,4.64,False,False,True,71.91905499612704
824,000633.SZ,合金投资,0.23399999999999999,27.499999999999993,1.3369324860379672,1.784951102328286,0.7223653165552497,1.0596365883949768,385106373.0,5.52,5.53,5.39,5.49,7283900.0,39767017.0,5.57,-1.4362657091561926,10.0,6.13,False,False,True,71.89678543764524
825,603170.SH,宝立食品,0.31616341030195366,28.450704225352098,1.123561018842255,0.692972063198415,1.0150939122728637,0.7257683293165872,400010000.0,12.41,12.41,12.2,12.31,2011799.0,25049445.0,12.43,-0.9654062751407788,10.0,13.67,False,False,True,71.84740511231603
826,688613.SH,奥精医疗,0.16026020106445885,25.871417505809458,1.4080566147507223,1.8518364148628765,0.9781552730867964,3.081272857485561,137008584.0,15.48,16.93,15.31,16.67,7817728.0,127039185.0,15.62,6.722151088348283,20.0,18.74,False,False,True,71.79899302865996
827,603816.SH,顾家家居,0.20696721311475416,28.957528957528964,1.4452362137625556,0.9167893780836291,1.0553257135867233,1.0086308122375924,815880346.0,23.73,23.74,22.52,22.78,7544462.0,172506269.0,23.75,-4.08421052631579,10.0,26.13,False,False,True,71.79318357862122
828,300172.SZ,中电环保,0.2911877394636015,19.548872180451117,1.0616030421201397,2.35788818116351,0.8270934236626357,0.752936888738977,523512387.0,4.71,4.73,4.65,4.71,9294130.0,43588856.0,4.75,-0.8421052631578996,20.0,5.7,False,False,True,71.76413632842758
829,600526.SH,菲达环保,0.354066985645933,20.398009950248763,1.1297081966575067,1.0905696065411692,1.0759645006186827,0.8022574512357913,874011140.0,4.76,4.76,4.69,4.73,7638850.0,36073816.0,4.76,-0.6302521008403228,10.0,5.24,False,False,True,71.76219984508133
830,301050.SZ,雷电微力,0.052532044547173785,33.6026441424899,1.7892560879673294,1.6591039629407087,0.7197261257005728,0.6249914900792185,210489977.0,29.58,30.04,29.28,29.72,2182625.0,64741175.0,29.73,-0.033636057854025125,20.0,35.68,False,False,True,71.7602633617351
831,600725.SH,云维股份,0.1870229007633587,34.129692832764505,1.048080589666334,1.485874573011915,0.9808995897572168,0.9885748470563195,1232470000.0,3.4,3.48,3.34,3.34,18103730.0,61111592.0,3.42,-2.3391812865497075,10.0,3.76,False,False,True,71.74670797831139
832,600668.SH,尖峰集团,0.164855072463768,19.91084695393759,1.5937582261504424,1.636230838166336,1.1441823905495643,0.8502202747174539,412900594.0,7.64,7.65,7.52,7.58,5744094.0,43463948.0,7.64,-0.7853403141361182,10.0,8.4,False,False,True,71.73702556158015
833,603214.SH,爱婴室,0.3477672530446549,22.719449225473333,1.1170619845619483,1.5973030712941296,0.7860278655915888,0.9555768172075226,138540036.0,14.19,14.22,13.82,14.12,2114600.0,29729277.0,14.19,-0.49330514446793705,10.0,15.61,False,False,True,71.7292796281952
834,600128.SH,苏豪弘业,0.2872154115586688,23.496503496503497,1.2262254662741667,1.5421790957074941,0.8861866104812333,1.425716197785325,246767500.0,8.78,8.78,8.57,8.65,5425701.0,46880668.0,8.79,-1.5927189988623303,10.0,9.67,False,False,True,71.70991479473277
835,301199.SZ,迈赫股份,0.1271000730460189,37.02337023370232,1.5238985163629333,0.9644179553877179,0.9371155203878196,1.1345920168344619,179675875.0,17.8,18.35,17.71,18.25,1966051.0,35631104.0,18.0,1.388888888888884,20.0,21.6,False,False,True,71.69054996127034
836,301011.SZ,华立科技,0.12144846796657378,22.76853252647504,1.8829705348573262,1.5103651218857526,0.9869236731157699,0.9396105252594323,146696876.0,15.31,15.49,15.02,15.31,2081856.0,31682629.0,15.4,-0.5844155844155874,20.0,18.48,False,False,True,71.67312161115416
837,600231.SH,凌钢股份,0.23684210526315794,28.47682119205297,1.719559040219219,0.5019772589761854,0.8833948839162129,1.26362681336087,2836383381.0,1.77,1.79,1.73,1.76,17991518.0,31520247.0,1.78,-1.1235955056179803,10.0,1.96,False,False,True,71.67312161115414
838,300675.SZ,建科院,0.24936170212765954,30.337078651685403,1.2212672982331445,1.4475967278189201,0.7993156953542655,1.0877273490399737,146666700.0,13.55,13.62,13.32,13.5,2309400.0,31142637.0,13.61,-0.8082292432035176,20.0,16.33,False,False,True,71.63826491092176
839,002786.SZ,银宝山新,0.305489260143198,26.83982683982684,1.101854863794431,1.454849543443395,0.8227827992034835,0.8345000783031635,491861250.0,8.06,8.13,8.0,8.12,5971550.0,48181675.0,8.11,0.12330456226881115,10.0,8.92,False,False,True,71.60921766072812
840,600713.SH,南京医药,0.38285714285714284,18.599562363238498,1.0093006118193708,1.1756128314442917,1.1318764360529507,0.7811931446862309,1289813712.0,5.21,5.26,5.17,5.24,11845400.0,62878860.0,5.24,0.0,10.0,5.76,False,False,True,71.59759876065065
841,600763.SH,通策医疗,0.1239207719654646,16.784506609283746,1.4997953275675375,2.296605765617137,1.3329719450856652,0.5642663669035745,447289117.0,34.93,35.18,34.53,34.85,5796408.0,202408596.0,34.97,-0.3431512725192931,10.0,38.47,False,False,True,71.59372579395816
842,600658.SH,电子城,0.16666666666666674,26.062322946175655,1.8395205790030933,1.088710966093771,0.9403319008862271,1.0228476218536184,1118585045.0,4.09,4.13,4.02,4.09,12456400.0,50723307.0,4.12,-0.728155339805836,10.0,4.53,False,False,True,71.59178931061193
843,600807.SH,济高发展,0.2921348314606742,23.87387387387385,1.2563588283510403,1.700011552929722,0.7851298866432319,1.2789536848325207,787525589.0,2.74,2.79,2.67,2.77,17113113.0,46679594.0,2.74,1.0948905109488871,10.0,3.01,False,False,True,71.52207591014718
844,000570.SZ,苏常柴Ａ,0.32217573221757306,21.58590308370043,1.0883170882742181,1.9104056949250845,0.814525190287031,0.8723170037987915,555692507.0,5.27,5.32,5.24,5.29,9260501.0,48869319.0,5.31,-0.37664783427494575,10.0,5.84,False,False,True,71.48140975987607
845,600982.SH,宁波能源,0.23333333333333323,36.54708520179373,1.028787401494471,1.8014234009286139,0.43132123353757956,0.5992141424312512,1117627485.0,4.89,4.94,4.85,4.89,12064100.0,59046787.0,4.93,-0.8113590263691739,10.0,5.42,False,False,True,71.48140975987607
846,601628.SH,中国人寿,0.3777893098079917,30.192188468691896,1.0303084421330262,0.1567774404723845,1.0032807272610382,1.0167409069968512,20823530000.0,38.98,39.27,38.11,38.15,33193131.0,1280265302.0,39.07,-2.3547478884054285,10.0,42.98,False,False,True,71.4601084430674
847,600071.SH,凤凰光学,0.2442356959863364,34.76702508960574,1.513820753856503,0.8257551714960281,0.6936779271326856,1.6492004392306525,281573889.0,16.61,17.08,16.5,16.9,3834574.0,64562470.0,16.81,0.5353955978584235,10.0,18.49,False,False,True,71.44461657629743
848,600979.SH,广安爱众,0.17499999999999993,39.2757660167131,1.0991668268801202,2.0121797197085587,0.49761844459301213,0.7325406070592527,1241686456.0,4.0,4.02,3.95,4.02,18302500.0,73122523.0,4.01,0.24937655860348684,10.0,4.41,False,False,True,71.425251742835
849,002666.SZ,德联集团,0.2366412213740457,22.282608695652172,1.036255260396846,2.211697334303793,0.9982869118081075,0.8555311135148375,500793826.0,4.27,4.3,4.19,4.25,9475900.0,40083493.0,4.3,-1.1627906976744096,10.0,4.73,False,False,True,71.42137877614253
850,002270.SZ,华明装备,0.11333659013190034,30.644225188624507,1.6483346728739072,1.7241690165785923,0.8168122565279683,0.5982171930219026,896225431.0,19.4,19.49,18.93,19.01,9243916.0,176180247.0,19.55,-2.7621483375959044,10.0,21.51,False,False,True,71.42137877614252
851,600089.SH,特变电工,0.2768987341772153,33.06451612903225,1.1451123625579,1.5033451429605451,0.5908401347192678,0.6729148038911702,5052792571.0,18.99,18.99,18.7,18.78,51115222.0,959613273.0,19.03,-1.3137151865475594,10.0,20.93,False,False,True,71.38071262587141
852,603345.SH,安井食品,0.17577478116867767,25.083791392948097,1.0839299282973536,2.098078031756174,1.2066527814789911,1.0418395058124128,293294232.0,75.56,76.35,74.35,75.8,6411003.0,484186003.0,75.78,0.02639218791238296,10.0,83.36,False,False,True,71.37683965917893
853,000768.SZ,中航西飞,0.27294493216280935,19.583333333333353,1.6063543817790524,0.9334271461673741,1.0573712345091137,2.7400600167803795,2776414009.0,22.64,23.66,22.64,23.02,71010853.0,1642734737.0,22.62,1.7683465959327904,10.0,24.88,False,False,True,71.34972889233153
854,600315.SH,上海家化,0.18689501116902454,18.444165621079044,1.503358836572802,1.4747708947517877,1.6447547710538686,0.7051810472018021,672225980.0,18.35,18.48,18.22,18.34,6991019.0,128102382.0,18.45,-0.596205962059615,10.0,20.3,False,False,True,71.33810999225408
855,002690.SZ,美亚光电,0.32976190476190465,21.301775147928993,1.1053116719548668,1.35533717281475,1.0217585489357623,0.6759898072608045,427032322.0,16.28,16.34,16.04,16.22,3912445.0,63346182.0,16.29,-0.42971147943523524,10.0,17.92,False,False,True,71.32939581719597
856,301078.SZ,孩子王,0.18487394957983205,28.075709779179792,1.6719345764470883,1.3975197221186124,0.8054905943256364,1.09651280038065,1260986021.0,7.36,7.42,7.22,7.24,19337000.0,141145336.0,7.44,-2.6881720430107503,20.0,8.93,False,False,True,71.31487219209914
857,605500.SH,森林包装,0.2469135802469135,28.474576271186436,1.5195294626593985,1.013415552606172,0.8460547373773555,1.709319975820044,414400000.0,7.51,7.58,7.36,7.4,7178450.0,53396408.0,7.5,-1.3333333333333308,10.0,8.25,False,False,True,71.24128582494191
858,002697.SZ,红旗连锁,0.21686746987951797,18.2716049382716,1.4984005603648414,1.6486361256427593,1.107314964750155,1.9492033957880508,1148092375.0,4.81,4.91,4.72,4.75,36894260.0,176578066.0,4.77,-0.41928721174003813,10.0,5.25,False,False,True,71.20642912470953
859,688522.SH,纳睿雷达,0.06919374247894114,30.25495750708216,1.4858331906841387,2.193488442390792,0.9054374720560401,0.9064736223878608,172184486.0,18.65,19.08,18.52,18.93,3423612.0,64514982.0,18.8,0.6914893617021134,20.0,22.56,False,False,True,71.18900077459332
860,002099.SZ,海翔药业,0.17298578199052123,22.176591375770016,2.2003305896231486,1.1769282776603167,0.8618588326047943,1.1067560264699952,1616843253.0,5.61,5.65,5.36,5.43,21060555.0,114614938.0,5.6,-3.035714285714286,10.0,6.16,False,False,True,71.146398140976
861,002462.SZ,嘉事堂,0.22345132743362825,31.518624641833792,1.2979385029014718,1.2415053343715077,0.9098570803928762,0.7309414680864047,291470419.0,12.51,12.54,12.31,12.36,2645000.0,32748720.0,12.49,-1.040832666132907,10.0,13.74,False,False,True,71.13865220759102
862,002847.SZ,盐津铺子,0.05511136493432323,28.982146997449565,1.4844618067543482,1.6574989273628722,1.3002589318542312,0.4968348774405235,243870918.0,44.6,45.05,44.4,44.7,2008285.0,89693468.0,45.06,-0.7989347536617841,10.0,49.57,False,False,True,71.13090627420605
863,301260.SZ,格力博,0.04487179487179491,37.47884940778341,1.6491814440969752,1.2692558508912997,0.8957299718752897,1.1555300600747385,205505655.0,12.25,12.34,12.1,12.23,3014076.0,36841737.0,12.38,-1.2116316639741553,20.0,14.86,False,False,True,71.11928737412858
864,688188.SH,柏楚电子,0.2687270822420116,38.88135593220339,1.2197295614702794,0.6092085848387605,0.8048651584058283,0.8226025428562946,405557343.0,98.01,98.2,95.34,95.47,2032396.0,195886432.0,98.76,-3.3313082219522117,20.0,118.51,False,False,True,71.10573199070488
865,300512.SZ,中亚股份,0.23156089193825036,27.302631578947366,1.442328673952951,1.1752218350324746,0.9514079568184732,1.2782686532558538,326330671.0,7.37,7.6,7.29,7.56,4902300.0,36672216.0,7.43,1.749663526244949,20.0,8.92,False,False,True,71.06700232378
866,688013.SH,天臣医疗,0.09688346883468832,29.60682141165325,1.7313495767502072,1.4862727895548744,0.9450580067491071,0.7814226505595784,81155600.0,25.27,25.51,24.89,25.0,942547.0,23720470.0,25.4,-1.5748031496062964,20.0,30.48,False,False,True,71.02052672347017
867,002961.SZ,瑞达期货,0.18581560283687948,23.601789709172284,1.7563124096165574,1.4530877298496911,0.901013652441998,0.9686837887091313,476931183.0,20.2,20.49,19.89,20.02,6713200.0,134754959.0,20.5,-2.3414634146341484,10.0,22.55,False,False,True,71.00697134004648
868,603383.SH,顶点软件,0.21040723981900447,26.131850675139013,1.2962764737485306,2.029789952601112,0.8700879227990863,0.6018863827064721,205376359.0,28.65,28.86,28.13,28.38,2509089.0,71283643.0,28.9,-1.799307958477503,10.0,31.79,False,False,True,70.99922540666151
869,300168.SZ,万达信息,0.2081218274111676,29.19540229885058,1.3027936571721364,1.350573611201994,1.0246537122587682,0.8564318092467811,1439440508.0,5.13,5.16,5.03,5.05,16649637.0,84473814.0,5.17,-2.3210831721470093,20.0,6.2,False,False,True,70.98373353989156
870,300048.SZ,合康新能,0.19026548672566357,29.58715596330275,1.8723342042064632,1.1154344220271026,0.7393876715003113,0.5173312768453194,1129301795.0,5.21,5.22,5.15,5.16,6516626.0,33693959.0,5.22,-1.1494252873563093,20.0,6.26,False,False,True,70.92563903950426
871,600057.SH,厦门象屿,0.33862433862433877,26.02996254681649,1.2746380700501092,0.8387885684840998,0.9667301230547755,1.157363348111653,2092510164.0,6.6,6.62,6.34,6.36,20313736.0,130195050.0,6.62,-3.92749244712991,10.0,7.28,False,False,True,70.88109992254067
872,000090.SZ,天健集团,0.3138297872340425,26.101694915254225,1.4286176892621556,0.9049489150030608,0.8676036993644728,0.8710674519810706,1868459934.0,3.52,3.55,3.48,3.51,14728538.0,51713214.0,3.54,-0.8474576271186529,10.0,3.89,False,False,True,70.87529047250193
873,603908.SH,牧高笛,0.34690681284259983,30.090206185567013,1.155457905279928,1.0737029850036546,0.7657210410943168,1.1263044647391045,93126988.0,19.82,20.06,19.57,19.92,1126200.0,22285304.0,19.95,-0.15037593984961184,10.0,21.95,False,False,True,70.87529047250193
874,000069.SZ,华侨城Ａ,0.1838235294117647,26.114649681528658,1.784538466075798,0.7907149830018535,1.1315646140007007,1.1127614717970775,6898601781.0,1.82,1.83,1.76,1.81,60699222.0,108772045.0,1.82,-0.5494505494505475,10.0,2.0,False,False,True,70.84817970565454
875,688616.SH,西力科技,0.35993485342019554,26.15384615384617,1.297496934161806,1.022033215674146,0.8127789638373623,0.8629663976616663,179378265.0,11.2,11.35,11.1,11.24,1582081.0,17760912.0,11.31,-0.6189213085764811,20.0,13.57,False,False,True,70.83656080557708
876,300793.SZ,佳禾智能,0.22337125129265775,31.96300102774923,1.2859201392625033,1.4062261523356634,0.861190673852797,0.9774246475092561,372088326.0,11.82,11.98,11.79,11.91,5114280.0,60904309.0,11.89,0.1682085786375076,20.0,14.27,False,False,True,70.79976762199844
877,002722.SZ,物产金轮,0.3992805755395685,20.940550133096725,0.9914480765846377,1.3951811773327893,0.9570300195260111,0.8256992918264086,222357010.0,13.4,13.45,13.22,13.31,2561553.0,34108873.0,13.49,-1.3343217197924417,10.0,14.84,False,False,True,70.79395817195972
878,301066.SZ,万事利,0.1417374265186153,36.13766730401529,1.4964827978431248,1.4889602553475008,0.790013000678029,3.456207638196158,233116669.0,12.43,13.28,12.36,12.97,11996547.0,155729631.0,12.63,2.692003167062551,20.0,15.16,False,False,True,70.69132455460884
879,000795.SZ,英洛华,0.19623655913978483,27.728983688833118,1.2485026244270565,1.5896326062374213,1.1062743589645276,0.6962516354233681,1116249027.0,8.62,8.63,8.47,8.55,12354469.0,105484217.0,8.7,-1.724137931034464,10.0,9.57,False,False,True,70.67389620449265
880,000532.SZ,华金资本,0.21459694989106756,29.679420889348496,1.3520756558906462,1.5187824793210538,0.8853843053809201,0.9576255358044635,343549746.0,11.6,11.65,11.41,11.55,4996673.0,57672130.0,11.64,-0.773195876288657,10.0,12.8,False,False,True,70.67195972114641
881,600276.SH,恒瑞医药,0.03405898876404491,28.14847547503314,1.7234062799600456,1.4599550658507838,1.2164716925507661,0.5887304335676338,6379002274.0,46.23,46.32,45.49,45.57,54828799.0,2509384084.0,46.23,-1.4276443867618394,10.0,50.85,False,False,True,70.66034082106893
882,300294.SZ,博雅生物,0.10064412238325283,24.633431085043988,1.697915395026396,1.5167001469024952,1.2837204932324264,0.7162477782338119,504248738.0,14.86,14.87,14.52,14.55,5477821.0,80014191.0,14.89,-2.2834116856950915,20.0,17.87,False,False,True,70.65646785437644
883,688389.SH,普门科技,0.377176015473888,23.290598290598297,1.4299378688544522,0.5273815886470655,0.9792206551306871,0.8505365084181586,428485730.0,11.26,11.37,11.08,11.22,1922004.0,21561436.0,11.31,-0.7957559681697646,20.0,13.57,False,False,True,70.62354763749032
884,002917.SZ,金奥博,0.2220216606498196,37.446808510638284,1.114523381155526,1.4075594561959746,0.7971287304105896,0.8525087248622824,260546731.0,10.61,10.68,10.46,10.64,3126448.0,33077466.0,10.63,0.09407337723423836,10.0,11.69,False,False,True,70.62257939581718
885,002372.SZ,伟星新材,0.29158110882956856,27.78523489932885,1.0696496347864823,0.9116457774739009,1.248144594722082,0.8145018363992093,1470108109.0,8.84,8.85,8.62,8.72,10916099.0,94873450.0,8.87,-1.6910935738444044,10.0,9.76,False,False,True,70.61192873741285
886,003038.SZ,鑫铂股份,0.14050944946589983,36.411889596602975,1.1445932219884405,2.1496377972489564,0.8262800051288335,0.7379488155779969,162031348.0,11.09,11.14,10.9,11.07,2570340.0,28337312.0,11.13,-0.5390835579514919,10.0,12.24,False,False,True,70.56351665375678
887,300003.SZ,乐普医疗,0.09514563106796121,22.615803814713907,1.7898804440438443,1.8700813085311927,1.0760133439485722,0.4321382556306412,1578912054.0,11.95,11.97,11.77,11.82,12759720.0,150836852.0,11.99,-1.4178482068390341,20.0,14.39,False,False,True,70.5596436870643
888,601008.SH,连云港,0.21923076923076928,23.453608247422686,1.3725247572604489,1.1863110132706944,1.6018590950226739,0.6873081989905125,1240638006.0,4.47,4.47,4.4,4.42,10115682.0,45038241.0,4.45,-0.6741573033707926,10.0,4.9,False,False,True,70.5596436870643
889,000008.SZ,神州高铁,0.27272727272727276,31.79723502304148,1.0239243633614215,1.282321895047352,0.9317621811295187,0.7433924239387365,2716296952.0,2.56,2.57,2.52,2.53,25893600.0,65704202.0,2.56,-1.171875000000011,10.0,2.82,False,False,True,70.5596436870643
890,002404.SZ,嘉欣丝绸,0.18796992481203012,27.323420074349446,1.4169914102862657,1.7770637477634905,0.9338347891834358,0.8614445806749934,455787096.0,5.85,5.9,5.77,5.85,6977380.0,40682980.0,5.88,-0.5102040816326592,10.0,6.47,False,False,True,70.54996127033307
891,600640.SH,国脉文化,0.277456647398844,21.256544502617803,1.4520704637329918,1.0088048616025298,1.1835256345554974,1.229962138495972,791551340.0,11.38,11.53,11.15,11.23,9821504.0,110749127.0,11.47,-2.092414995640801,10.0,12.62,False,False,True,70.46669248644461
892,301019.SZ,宁波色母,0.21857923497267762,31.336742147552975,1.226780695537416,1.2766115496782522,1.0345305232339035,0.7266652958862014,145146658.0,15.46,15.62,15.23,15.57,1346481.0,20799813.0,15.56,0.06426735218509894,20.0,18.67,False,False,True,70.46669248644461
893,001219.SZ,青岛食品,0.39439655172413807,21.816562778272484,0.9871996581000625,1.4822777113263792,0.9217638032998707,0.6864933810620156,190197500.0,12.97,13.04,12.78,12.88,1935400.0,24944083.0,13.06,-1.3782542113323082,10.0,14.37,False,False,True,70.42408985282727
894,603059.SH,倍加洁,0.17310376919497453,26.71328671328672,1.560107404017708,1.3608892399802042,1.0853051428308296,0.6603715718021174,100448700.0,25.05,25.5,24.7,25.33,902725.0,22723273.0,25.17,0.6356773937226778,10.0,27.69,False,False,True,70.4211851278079
895,000888.SZ,峨眉山Ａ,0.27819548872180444,23.239436619718322,1.0569651214934783,1.720374804800352,1.0674306874774242,2.1072800161921608,526913102.0,10.32,10.56,10.23,10.49,19102241.0,199308127.0,10.37,1.1571841851494735,10.0,11.41,False,False,True,70.41440743609606
896,605009.SH,豪悦护理,0.3318352059925094,25.169409486931272,1.2093169535379271,0.724149815824246,1.2201918535720235,0.679422130341883,214957453.0,24.88,25.25,24.8,25.1,1057598.0,26470137.0,25.09,0.03985651654045963,10.0,27.6,False,False,True,70.41053446940356
897,600217.SH,中再资环,0.297752808988764,23.465703971119133,1.5698836897885784,0.810589462615687,0.9915931919008664,0.886128403218453,1657653673.0000002,3.29,3.3,3.23,3.28,11906700.0,38843465.0,3.3,-0.60606060606061,10.0,3.63,False,False,True,70.40085205267235
898,300859.SZ,西域旅游,0.14244521337946947,33.02364864864864,1.278290122417248,2.0722287096774155,0.8985445721627955,3.5937240082323707,155000000.0,28.31,29.99,28.1,29.4,11542878.0,339387329.0,28.62,2.7253668763102645,20.0,34.34,False,False,True,70.36986831913246
899,300288.SZ,朗玛信息,0.19792865362485623,23.604651162790713,1.3250917087290957,1.9483010806538994,1.0763838708948201,0.5430240949391886,257836666.0,10.27,10.32,10.12,10.2,2727846.0,27840093.0,10.32,-1.1627906976744318,20.0,12.38,False,False,True,70.36986831913245
900,000411.SZ,英特集团,0.3369565217391304,27.108433734939762,1.2653100663980117,0.821098825603336,0.9819393391955586,0.7544065436072532,563735936.0,10.1,10.14,10.0,10.03,3492019.0,35137607.0,10.16,-1.279527559055127,10.0,11.18,False,False,True,70.36793183578622
901,603866.SH,桃李面包,0.3886255924170617,24.51253481894151,1.1975435985342877,0.7457462588175306,1.0580127275344322,1.1143166708588834,1599719155.0,4.38,4.4,4.29,4.31,13293626.0,57421108.0,4.41,-2.267573696145142,10.0,4.85,False,False,True,70.35243996901627
902,688281.SH,华秦科技,0.20935064935064923,29.02387142519498,1.737906490204653,0.8296084125704231,0.946824109945808,1.0525011877416064,381598945.0,49.92,51.59,49.62,50.95,3331984.0,169312047.0,50.37,1.1514790549930654,20.0,60.44,False,False,True,70.3137103020914
903,301090.SZ,华润材料,0.3313432835820896,19.738988580750405,1.4932138489188254,0.7701939881737364,1.1395700283000796,0.775503577613459,1470933296.0,7.23,7.3,7.13,7.14,8785700.0,63211258.0,7.24,-1.3812154696132617,20.0,8.69,False,False,True,70.27885360185901
904,600399.SH,抚顺特钢,0.16150442477876098,27.540106951871635,1.683684281609764,1.6815985446985402,0.8465821072620453,0.8643131992734426,1972100000.0,4.45,4.47,4.36,4.46,28663050.0,126812725.0,4.47,-0.22371364653243075,10.0,4.92,False,False,True,70.2691711851278
905,600966.SH,博汇纸业,0.11403508771929835,34.47488584474885,1.810820057719501,0.9903308537007358,0.9379165658172813,1.1497538618597904,1336844288.0,4.88,4.88,4.72,4.73,15221800.0,72514246.0,4.9,-3.469387755102038,10.0,5.39,False,False,True,70.26142525174282
906,300987.SZ,川网传媒,0.1794871794871795,24.615384615384617,1.4004614248465679,2.15661881085321,0.9735163516117273,1.1295891298557332,173368000.0,14.22,14.53,14.05,14.14,4223406.0,59916656.0,14.36,-1.532033426183832,20.0,17.23,False,False,True,70.25367931835787
907,000419.SZ,通程控股,0.32031250000000006,19.25754060324827,1.3242456092408827,1.333609872080993,1.0550134836987686,0.8662525069155392,543582655.0,5.12,5.12,5.03,5.1,6279700.0,31890171.0,5.13,-0.5847953216374324,10.0,5.64,False,False,True,70.22656855151045
908,002790.SZ,瑞尔特,0.1569115815691158,25.775193798449614,1.5174476174167855,1.75525438487135,1.068583127452804,2.1408008904382028,260697500.0,6.38,6.62,6.33,6.61,9796100.0,63760661.0,6.42,2.9595015576324046,10.0,7.06,False,False,True,70.18783888458559
909,603583.SH,捷昌驱动,0.17906336088154273,24.43914081145586,1.7500041600140837,1.286379429758959,1.0481515500649614,2.9428594171147484,382246955.0,25.25,26.87,25.1,26.72,14470470.0,381439940.0,25.5,4.784313725490197,10.0,28.05,False,False,True,70.17621998450814
910,000978.SZ,桂林旅游,0.37222222222222223,26.574803149606296,1.1374982342492201,1.6609579144723112,0.6192900312834847,4.030800783735459,468121563.0,6.44,6.75,6.29,6.55,31340694.0,205314999.0,6.42,2.024922118380057,10.0,7.06,False,False,True,70.1704105344694
911,601615.SH,明阳智能,0.030447761194029838,35.015447991761064,1.8588055619896227,1.9785088579297665,0.593236342723158,0.895592173922233,2261496706.0,10.18,10.18,9.96,9.98,40072298.0,401867266.0,10.22,-2.3483365949119372,10.0,11.24,False,False,True,70.09295120061967
912,600976.SH,健民集团,0.17815126050420166,25.202593192868704,1.2204292981866065,1.995947158030141,1.2674199779758082,1.5628351520032273,153298600.0,27.76,29.33,27.34,28.57,4781899.0,136092379.0,27.86,2.548456568557067,10.0,30.65,False,False,True,70.07358636715725
913,300851.SZ,交大思诺,0.2565241532481955,28.27827827827827,1.2291622144094654,1.8746736326526174,0.7969810556326669,0.7328740467695082,56663527.0,24.51,24.65,24.12,24.5,778500.0,19037757.0,24.6,-0.40650406504065817,20.0,29.52,False,False,True,70.05228505034856
914,002601.SZ,龙佰集团,0.25666337611056284,29.581529581529598,1.6757631995611568,0.9588161454778796,0.763194121992773,1.3063645355290907,1979780012.0,16.28,16.35,15.52,15.59,24798000.0,389917503.0,16.26,-4.120541205412065,10.0,17.89,False,False,True,70.01742835011619
915,603025.SH,大豪科技,0.18777292576419205,26.202321724709776,1.5821712013524114,1.1043269959043633,1.2598900682103107,0.6803117674951568,1109174773.0,13.61,13.65,13.3,13.45,8333082.0,111880693.0,13.78,-2.394775036284469,10.0,15.16,False,False,True,70.01355538342371
916,301491.SZ,汉桑科技,0.08288899660688323,27.16459197786998,1.4863508381768973,2.15224595155257,1.144442360368905,1.1427739149392124,38250840.0,39.56,40.28,39.2,40.06,923877.0,36770193.0,39.57,1.238311852413454,20.0,47.48,False,False,True,69.97482571649883
917,300315.SZ,掌趣科技,0.11219512195121951,22.702702702702695,1.6616463391610132,2.348137151311974,1.0008172451964945,1.0864279766766656,2707580778.0000005,4.11,4.18,4.05,4.1,69072603.0,282550409.0,4.16,-1.4423076923077094,20.0,4.99,False,False,True,69.94384198295894
918,000801.SZ,四川九洲,0.2613636363636364,28.301886792452823,1.5372924229851104,1.2070670586755181,0.8033954497232241,1.9261480199086254,1015939973.0,12.5,12.66,12.23,12.54,23620501.0,293705133.0,12.67,-1.0260457774269982,10.0,13.94,False,False,True,69.93609604957398
919,605338.SH,巴比食品,0.1561712846347607,25.318761384335176,1.8462509288813416,1.0900240994299895,1.1743406590935666,0.6881156371262838,239566662.0,18.94,18.94,18.56,18.78,1796900.0,33672319.0,18.95,-0.8970976253298013,10.0,20.85,False,False,True,69.90511231603409
920,300177.SZ,中海达,0.18779342723004697,33.086876155268016,1.3760382498047832,1.5398349645332798,0.8917485362337486,0.8194883340333335,606303251.0,6.6,6.61,6.53,6.56,7650800.0,50238135.0,6.61,-0.7564296520423675,20.0,7.93,False,False,True,69.89155693261038
921,001201.SZ,东瑞股份,0.27073170731707324,25.853658536585368,1.1985986395003423,1.5484562078416082,1.002822933202817,1.0153334638370188,212507395.0,12.43,12.51,12.28,12.32,3341040.0,41343122.0,12.47,-1.2028869286287103,10.0,13.72,False,False,True,69.88768396591789
922,600335.SH,国机汽车,0.27906976744186035,21.75824175824177,1.2576889868544265,1.1531685114542418,1.5871016611014104,0.6377119836608239,1487456892.0,5.25,5.28,5.18,5.2,10938600.0,56932937.0,5.27,-1.3282732447817747,10.0,5.8,False,False,True,69.87993803253292
923,002166.SZ,莱茵生物,0.2,25.577557755775594,1.3765702334776182,1.5975031003998748,1.1398644046542057,0.7585003412977643,738553925.0,6.86,6.89,6.78,6.84,8949107.0,61060570.0,6.93,-1.2987012987012991,10.0,7.62,False,False,True,69.8741285824942
924,300210.SZ,森远股份,0.12058212058212059,33.97932816537465,1.8564593144279933,1.5889140673226194,0.686797093896608,0.6112579208588711,484219953.0,8.26,8.3,8.1,8.16,4702920.0,38417202.0,8.32,-1.9230769230769273,20.0,9.98,False,False,True,69.86831913245547
925,002368.SZ,太极股份,0.09645909645909646,35.9594383775351,1.558891845219892,1.5314254581063096,0.9138096843108504,0.630458744328998,621573946.0,14.29,14.43,14.02,14.12,6001300.0,84908096.0,14.4,-1.9444444444444486,10.0,15.84,False,False,True,69.84701781564678
926,002933.SZ,新兴装备,0.27001985440105897,29.604130808950103,1.468006929380462,1.1752598989534728,0.8055183523893287,1.884173997518073,116894276.0,27.28,27.87,27.05,27.67,2588500.0,71604809.0,27.32,1.281112737920953,10.0,30.05,False,False,True,69.75213013168087
927,000786.SZ,北新建材,0.038961038961038995,28.856624319419243,1.7031744733041259,1.4338981564786328,1.3979874971933,0.881229135434324,1689507842.0,16.95,16.98,16.48,16.64,21348500.0,355116788.0,17.01,-2.175191064079962,10.0,18.71,False,False,True,69.74244771494965
928,002221.SZ,东华能源,0.17647058823529416,25.992063492063487,1.6231466713162255,1.5973182199499159,0.9868600650264776,0.9451874182562297,1461003187.0,6.0,6.0,5.76,5.8,22057716.0,128522966.0,5.94,-2.3569023569023684,10.0,6.53,False,False,True,69.7347017815647
929,002672.SZ,东江环保,0.28301886792452824,35.40983606557377,1.3528660629247753,0.8855940690060151,0.7801447803602632,0.6718575381184414,905118302.0,3.78,3.82,3.73,3.77,5385391.0,20235686.0,3.8,-0.7894736842105177,10.0,4.18,False,False,True,69.72114639814097
930,603444.SH,吉比特,0.21126452580282393,25.778624967691922,1.1394283501529217,2.468682287351489,0.9522502530592662,0.8739554691490009,72041101.0,375.3,378.62,367.94,368.47,1554300.0,592936853.0,377.15,-2.3014715630385707,10.0,414.87,False,False,True,69.70565453137104
931,002356.SZ,鹏飞绿能,0.18000000000000005,38.33333333333333,1.5652727969243279,1.347554645845784,0.6432108304716995,0.7723071598642159,1311247021.0,2.84,2.87,2.81,2.85,13646490.0,38756654.0,2.85,0.0,10.0,3.14,False,False,True,69.70565453137102
932,688269.SH,凯立新材,0.02475618904726182,33.03997066373305,1.917266355223759,1.2475120501285293,1.0102938811953024,0.7806724382840213,130704000.0,27.72,27.75,27.16,27.53,1272924.0,34859723.0,27.93,-1.4321518080916529,20.0,33.52,False,False,True,69.70178156467856
933,000655.SZ,金岭矿业,0.23684210526315783,23.731587561374788,1.513393430059932,1.2543685818107684,1.103186031811125,0.9820136445720115,595340230.0,7.47,7.47,7.22,7.34,7333443.0,53534153.0,7.46,-1.608579088471851,10.0,8.21,False,False,True,69.68628969790859
934,688586.SH,江航装备,0.21108490566037724,35.610766045548644,1.5977337575403594,0.8140538227075871,0.8505031188550054,0.7598479874029611,791339155.9999999,11.34,11.51,11.25,11.31,4894885.0,55552538.0,11.45,-1.2227074235807711,20.0,13.74,False,False,True,69.66498838109992
935,688789.SH,宏华数科,0.07380699893955454,39.14395026303203,1.6361389325765867,1.033841949110768,1.010777417932378,1.6398976530579255,180256107.0,44.8,44.82,41.9,42.0,3056053.0,130534465.0,45.3,-7.284768211920523,20.0,54.36,False,False,True,69.63787761425252
936,002692.SZ,远程股份,0.24871794871794864,31.53153153153152,1.4255343791133748,1.5875113266075886,0.6585991007651587,0.8427374423789313,717861675.0,4.28,4.33,4.25,4.29,9603950.0,41197133.0,4.3,-0.23255813953487747,10.0,4.73,False,False,True,69.62238574748258
937,600651.SH,飞乐音响,0.1360153256704981,33.93574297188753,1.7608855480403,0.8634322181676886,1.0523447870764704,0.6163078392450144,2507028015.0,5.65,5.67,5.52,5.55,13340900.0,74115782.0,5.69,-2.4604569420035194,10.0,6.26,False,False,True,69.56235476374903
938,600523.SH,贵航股份,0.30454545454545473,20.882352941176485,1.3825202926845777,1.1603544677813016,1.156058696177499,1.0471748503066047,404044620.0,12.15,12.4,12.14,12.34,4909522.0,60330800.0,12.21,1.0647010647010458,10.0,13.43,False,False,True,69.55460883036407
939,002307.SZ,北新路桥,0.09785932721712547,39.2086330935252,1.3000818548243775,1.4336199672805874,1.0937825201668119,0.8209053489551745,1629123037.0,3.07,3.1,3.02,3.03,19172600.0,58315644.0,3.1,-2.2580645161290436,10.0,3.41,False,False,True,69.49264136328428
940,600675.SH,中华企业,0.238095238095238,21.999999999999996,1.8263720881804393,0.632592222239819,1.28016248265031,1.2386765500917547,6046135331.0,2.29,2.33,2.23,2.28,47376135.0,107083638.0,2.3,-0.8695652173913104,10.0,2.53,False,False,True,69.45584817970564
941,301153.SZ,中科江南,0.23468575974542555,33.052495139338966,1.4243771950149187,1.223345101991556,0.8420812154093159,0.7073953201301345,331752348.0,18.22,18.34,18.0,18.15,2870947.0,52084763.0,18.38,-1.2513601741022895,20.0,22.06,False,False,True,69.39194422927963
942,002408.SZ,齐翔腾达,0.3992395437262359,25.663716814159287,1.2229474103197218,1.1152620866089296,0.8703757170755091,0.9290233623010835,2751751309.0,5.59,5.62,5.39,5.44,28508020.0,155422347.0,5.57,-2.333931777378817,10.0,6.13,False,False,True,69.3861347792409
943,600233.SH,圆通速递,0.25627476882430617,30.33783783783783,1.585234345992761,0.6408394511919049,0.9765110824312145,0.6792225688818593,3424016438.0,16.68,16.77,16.36,16.48,14903806.0,247680688.0,16.74,-1.5531660692950866,10.0,18.41,False,False,True,69.37064291247094
944,000701.SZ,厦门信达,0.2274774774774774,30.16627078384799,1.2461828819591179,1.775751849506519,0.9004178971214857,1.089780710232052,667746631.0,5.2,5.25,5.09,5.2,12922100.0,66632064.0,5.22,-0.3831417624520994,10.0,5.74,False,False,True,69.36676994577846
945,600133.SH,东湖高新,0.32482598607888635,24.09470752089138,1.2285012040611623,1.632261881970973,0.8859204718128244,0.8013144442273689,1066239875.0,8.55,8.55,8.36,8.47,13945938.0,117686214.0,8.58,-1.2820512820512775,10.0,9.44,False,False,True,69.29124709527498
946,605089.SH,味知香,0.2886075949367088,34.31257344300822,1.4168013583577732,0.7853084057970968,0.8237265964218868,2.243933335154212,138000000.0,21.3,22.09,20.97,21.63,2431808.0,52264405.0,21.58,0.23169601482855295,10.0,23.74,False,False,True,69.28737412858248
947,300869.SZ,康泰医学,0.19211822660098504,22.745490981963922,1.5890036720629521,1.5314193172662758,1.1913784889867427,0.5682693633861968,263734916.0,11.48,11.56,11.33,11.39,2295176.0,26187102.0,11.54,-1.2998266897746857,20.0,13.85,False,False,True,69.26607281177381
948,000680.SZ,山推股份,0.3408071748878922,22.683706070287535,1.1835251923000518,1.579574173283219,0.9406159102647189,0.623259995283756,1314570547.0,10.65,10.65,10.38,10.4,12941755.0,135091287.0,10.69,-2.7128157156220634,10.0,11.76,False,False,True,69.2563903950426
949,002868.SZ,绿康生化,0.08944543828264759,33.12469908521906,1.6504097621485219,1.5255188150786192,1.0160972131808177,2.334829649389779,107433221.0,23.27,23.48,22.08,22.34,3826585.0,86053576.0,23.27,-3.9965620971207594,10.0,25.6,False,False,True,69.24477149496514
950,300856.SZ,科思股份,0.12184249628528952,25.273631840796007,1.7560029275643394,1.4165143452457623,1.350459948515462,0.8677894924958053,459735623.0,10.81,10.87,10.53,10.78,5651237.0,60283636.0,10.87,-0.8279668813247487,20.0,13.04,False,False,True,69.16343919442293
951,301004.SZ,嘉益股份,0.16696009389671365,35.61553653719554,1.6774227621043998,0.5416528310828091,1.10624020899482,0.890767453741844,136107375.0,36.05,36.27,34.7,34.76,656700.0,23064007.0,36.07,-3.631827003049637,20.0,43.28,False,False,True,69.12083656080559
952,603848.SH,好太太,0.08695652173913049,25.533661740558287,2.1830012359999094,0.924179566766497,1.8058238343226871,0.5315735217552494,402406511.0,13.98,14.01,13.78,13.88,1976900.0,27492695.0,14.06,-1.2802275960170695,10.0,15.47,False,False,True,69.07048799380325
953,688466.SH,金科环境,0.2693911592994161,35.682426404995525,1.4266165513470068,0.9154577897605919,0.7789218713159455,1.0775531162115901,122154152.0,14.44,14.69,14.12,14.56,1204995.0,17381360.0,14.44,0.8310249307479367,20.0,17.33,False,False,True,69.0549961270333
954,002588.SZ,史丹利,0.1678486997635934,19.55380577427821,1.6813374161852022,1.961859066869229,1.1461078556871707,1.4086723516674986,858636570.0000001,8.33,8.35,7.95,7.97,23729423.0,190883180.0,8.33,-4.32172869147659,10.0,9.16,False,False,True,69.0453137103021
955,605333.SH,沪光股份,0.11268781302170287,26.370083816892343,1.9571986607396201,0.9762589618111785,1.733099734118862,1.287583679000568,464040406.0,18.01,18.08,17.4,17.93,5833058.0,103727975.0,18.21,-1.537616694124111,10.0,20.03,False,False,True,69.0453137103021
956,300002.SZ,神州泰岳,0.1590656284760845,32.65007320644217,1.2695638390328576,2.073499661599724,0.9714082601841183,0.7019702438199786,1851049053.0,8.2,8.28,8.12,8.13,26942668.0,220607907.0,8.26,-1.5738498789346078,20.0,9.91,False,False,True,68.9562354763749
957,301386.SZ,未来电器,0.25843694493783304,27.14932126696834,1.293542341424967,2.4026461111111073,0.6947874749541495,1.1059103123107554,45000000.0,20.5,20.81,20.35,20.67,1195700.0,24612541.0,20.59,0.38853812530355025,20.0,24.71,False,False,True,68.92331525948877
958,301136.SZ,招标股份,0.12364760432766617,36.07924921793535,1.541526080919669,1.6823156805677655,0.8540673321508043,1.1621869226841541,274974195.0,11.82,12.25,11.75,12.11,5376200.0,64487476.0,11.99,1.0008340283569561,20.0,14.39,False,False,True,68.90782339271883
959,002444.SZ,巨星科技,0.3195121951219513,30.576631259484067,1.6260063473188544,0.7987409216531934,0.7177965893236382,1.080702061270585,1147158478.0,30.0,30.24,29.12,29.8,9902283.0,294584658.0,30.29,-1.6176956091119132,10.0,33.32,False,False,True,68.83810999225408
960,601969.SH,海南矿业,0.3114503816793893,28.181818181818173,1.5568068735699254,0.9221979668832705,0.8335040231726091,0.9945994228713779,1972476616.0,9.77,9.82,9.49,9.58,18091902.0,173898766.0,9.74,-1.642710472279263,10.0,10.71,False,False,True,68.80712625871418
961,002642.SZ,荣联科技,0.24092409240924093,30.47138047138047,1.2259614012944493,2.0177442538257573,0.810810989335578,0.6332197761274043,661580313.0,7.34,7.41,7.27,7.39,8452850.0,62159367.0,7.4,-0.13513513513514486,10.0,8.14,False,False,True,68.79744384198297
962,300098.SZ,高新兴,0.15730337078651677,27.427184466019416,1.4249425598854115,2.4080180485156584,0.944719746256924,0.7606497629626984,1541743627.0,4.64,4.67,4.58,4.6,28239476.0,130220802.0,4.68,-1.7094017094017144,20.0,5.62,False,False,True,68.79550735863671
963,603199.SH,九华旅游,0.3160762942779292,16.166666666666664,1.137442221610773,1.9250678984459657,1.2481021589527181,2.0539421691859934,110680000.0,34.42,35.44,34.2,35.03,4376263.0,152856757.0,34.64,1.1258660508083107,10.0,38.1,False,False,True,68.78582494190549
964,300682.SZ,朗新科技,0.03483483483483484,33.29670329670331,1.7168831786555416,1.8232114509146444,0.9487409179508646,0.5153575450322758,1033933617.0,9.58,9.64,9.42,9.5,9714900.0,92112780.0,9.68,-1.8595041322314043,20.0,11.62,False,False,True,68.781951975213
965,600597.SH,光明乳业,0.37630662020905936,22.166666666666668,1.205084841117784,0.8339926310693264,1.5139350119794968,1.142941279857547,1378455363.0,7.07,7.15,6.97,6.99,13139500.0,92310099.0,7.08,-1.2711864406779627,10.0,7.79,False,False,True,68.74515879163441
966,300428.SZ,立中集团,0.380392156862745,25.50213024954353,1.4101600890610488,1.121813713963997,0.8099167254964608,0.9117561254562914,603229584.0,20.24,20.3,19.91,20.08,6169956.0,123727098.0,20.31,-1.1324470704086709,20.0,24.37,False,False,True,68.73547637490317
967,002019.SZ,亿帆医药,0.12611275964391686,21.83020948180816,1.7971169610341267,1.921917120839287,1.1622974651799838,0.4116514768341675,842518305.0,9.9,9.91,9.77,9.8,6665668.0,65337759.0,9.92,-1.2096774193548265,10.0,10.91,False,False,True,68.67544539116963
968,603676.SH,卫信康,0.2914171656686625,25.44757033248082,1.445645238860195,0.6742309464417179,1.3704806502090292,0.5897419336477739,435161500.0,9.26,9.26,9.14,9.18,1730299.0,15890377.0,9.28,-1.0775862068965525,10.0,10.21,False,False,True,68.67157242447715
969,688606.SH,奥泰生物,0.2177904400126623,30.70351758793972,1.6195817247593136,0.6369386772010279,1.1909886677320936,0.47974350138099786,75654353.0,46.7,46.83,46.0,46.09,235964.0,10904997.0,46.68,-1.263924592973431,20.0,56.02,False,False,True,68.63865220759101
970,600429.SH,三元股份,0.253012048192771,23.484848484848484,1.7518611093027103,1.0390818128132286,1.0153466149885975,0.8865209029417316,1497557426.0,4.77,4.8,4.64,4.66,13795016.0,64602333.0,4.8,-2.9166666666666563,10.0,5.28,False,False,True,68.6154144074361
971,605116.SH,奥锐特,0.13313953488372085,23.664980326025862,2.3794800579506945,1.089175679762296,1.1112212384579263,0.4358224784580822,406183234.0,20.0,20.08,19.75,19.88,1928100.0,38323428.0,20.08,-0.9960159362549792,10.0,22.09,False,False,True,68.59411309062743
972,002042.SZ,华孚时尚,0.3059701492537314,29.75460122699389,1.1703171653275612,1.7814834425582282,0.7568912844658843,0.9314883550031142,1700681355.0,4.07,4.1,3.99,4.01,28221635.0,113516723.0,4.08,-1.715686274509809,10.0,4.49,False,False,True,68.56893880712627
973,301539.SZ,宏鑫科技,0.2720588235294118,27.611336032388657,1.262466841155917,1.78365800165707,0.8832598755239426,1.0184924873146814,77973524.0,15.31,15.45,15.09,15.36,1416500.0,21668686.0,15.31,0.3265839320705455,20.0,18.37,False,False,True,68.56312935708753
974,601099.SH,太平洋,0.25714285714285723,17.948717948717952,1.270235479521492,2.0144535735508944,1.3489715957254451,1.0512925416145338,6816316370.0,3.63,3.64,3.55,3.56,144354586.0,515491206.0,3.66,-2.732240437158473,10.0,4.03,False,False,True,68.55344694035632
975,002004.SZ,华邦健康,0.3743315508021391,21.134020618556715,0.9803351747208199,1.5141403494602224,1.1748606168239148,0.9086898850854459,1885347429.0,4.57,4.59,4.47,4.48,25940194.0,116682508.0,4.58,-2.183406113537112,10.0,5.04,False,False,True,68.47598760650659
976,301258.SZ,富士莱,0.28897104128157725,25.20661157024793,1.2782084699334082,1.2955469847261183,1.1582733657683835,0.7055078822508192,91136000.0,26.41,26.43,25.71,25.98,833000.0,21656804.0,26.47,-1.8511522478277254,20.0,31.76,False,False,True,68.47211463981411
977,603258.SH,电魂网络,0.2390766694146744,30.232558139534895,1.5349198489170983,1.2119744710137694,0.9050367615662327,0.8495739420868521,241341350.0,13.56,13.67,13.4,13.55,2485000.0,33611003.0,13.65,-0.73260073260073,10.0,15.02,False,False,True,68.47211463981408
978,603180.SH,金牌家居,0.24210526315789474,29.745889387144974,1.3350235967244402,0.9621783147282464,1.3744513228444164,0.8561806931714535,154257140.0,15.92,16.01,15.73,15.96,1270768.0,20206146.0,15.91,0.314267756128217,10.0,17.5,False,False,True,68.44694035631294
979,603668.SH,天马科技,0.11734693877551024,33.943089430894304,1.6425621888704476,1.5974246646575763,0.9567476269207029,1.6651452136950138,505796732.0,10.9,11.63,10.75,11.38,13453910.0,150670021.0,10.99,3.5486806187443154,10.0,12.09,False,False,True,68.4450038729667
980,300355.SZ,蒙草生态,0.15246636771300462,22.222222222222232,1.8033204870016157,1.6914378621104744,1.1691884347379977,1.512467328792803,1572051300.0,2.94,3.04,2.9,2.97,40216916.0,119857979.0,2.95,0.6779661016949268,20.0,3.54,False,False,True,68.4411309062742
981,002332.SZ,仙琚制药,0.381443298969072,18.518518518518512,1.0250011593977826,1.4591087742592879,1.3952041779755582,2.3899342278363354,985714191.0,8.7,8.8,8.59,8.61,34373569.0,301067603.0,8.94,-3.691275167785235,10.0,9.83,False,False,True,68.4178931061193
982,300232.SZ,洲明科技,0.24337349397590355,31.90578158458244,1.3937101429469914,1.8533936245699774,0.6923664073825381,0.9879265461578678,888454758.0,5.63,5.74,5.63,5.67,16265620.0,92764676.0,5.68,-0.17605633802816323,20.0,6.82,False,False,True,68.41014717273433
983,601089.SH,福元医药,0.0890550645819171,23.62565445026179,2.260807745384302,1.1465170312499968,1.5930111840854086,0.47849612642492817,480000000.0,16.57,16.57,16.16,16.21,2633299.0,42847285.0,16.59,-2.290536467751647,10.0,18.25,False,False,True,68.37335398915569
984,002813.SZ,路畅科技,0.27460815047021947,30.195177956371964,1.0597122079958212,1.4055771551703096,1.0885794063499241,1.0083223683517564,119892056.0,21.8,21.92,21.37,21.8,1699200.0,36818736.0,21.8,0.0,10.0,23.98,False,False,True,68.36560805577072
985,300471.SZ,厚普股份,0.174943566591422,26.233453670276763,1.5814016244705382,2.1144032423499772,0.9246170081569455,1.009051356919214,374763985.0,9.91,10.13,9.87,9.96,7995745.0,80168469.0,9.86,1.014198782961473,20.0,11.83,False,False,True,68.35786212238575
986,002186.SZ,全 聚 德,0.3365949119373777,22.194821208384717,1.3087381416376787,1.3159743325709206,1.065300600048365,0.998574798872991,306801588.0,9.71,9.83,9.6,9.69,4031676.0,39130070.0,9.83,-1.4242115971515812,10.0,10.81,False,False,True,68.32300542215337
987,300289.SZ,利德曼,0.15900383141762436,29.865125240847767,1.6009965417259024,1.396581580365066,1.1260093005028773,0.6075044497496115,543156487.0,6.02,6.03,5.93,5.96,4608300.0,27477670.0,6.02,-0.9966777408637828,20.0,7.22,False,False,True,68.31719597211465
988,600697.SH,欧亚集团,0.2879377431906615,25.326086956521742,1.3109051078978045,1.9331404528556049,0.8447978736868751,1.3822910534516726,155376015.0,11.57,11.58,11.18,11.27,4151900.0,46800918.0,11.42,-1.3134851138353776,10.0,12.56,False,False,True,68.3113865220759
989,600463.SH,空港股份,0.2547993019197209,33.14285714285714,1.3919434206171186,1.115362099999996,0.9222770891579973,0.8259529946971182,300000000.0,8.48,8.5,8.26,8.47,2763710.0,23125367.0,8.46,0.11820330969267712,10.0,9.31,False,False,True,68.22618125484121
990,301456.SZ,盘古智能,0.23493642896627975,36.73469387755102,1.235059163597588,1.759722985107994,0.7245397459383165,0.8871367684486018,68551838.0,23.73,23.73,23.33,23.43,1070173.0,25129361.0,23.85,-1.7610062893081868,20.0,28.62,False,False,True,68.17776917118513
991,002075.SZ,沙钢股份,0.1583850931677019,29.721362229102176,1.540053595596899,1.5354481871527608,1.1366298231227123,0.7348949327114273,2193821920.0,3.72,3.73,3.64,3.7,24754935.0,90929798.0,3.74,-1.0695187165775444,10.0,4.11,False,False,True,68.16808675445391
992,002791.SZ,坚朗五金,0.15471965933286017,27.450980392156854,1.7086840101202423,2.027682997732682,0.8858108693366624,0.7306670724205538,212331087.0,14.83,14.91,14.49,14.71,3145815.0,46060115.0,14.93,-1.4735432016074967,10.0,16.42,False,False,True,68.16130906274206
993,600148.SH,长春一东,0.36491228070175435,32.3394495412844,1.2271970399506984,1.0260105450638386,0.8209270650760445,1.5568849490868877,141516450.0,16.12,16.5,16.06,16.36,2260556.0,36868542.0,16.2,0.9876543209876631,10.0,17.82,False,False,True,68.13129357087529
994,300957.SZ,贝泰妮,0.15502793296089393,18.21573948439621,1.9126605345725636,1.891487924929173,1.222757493170546,1.2066349607094011,423600000.0,32.77,33.56,32.43,33.27,9667973.0,320192418.0,32.81,1.4020115818348167,20.0,39.37,False,False,True,68.05964368706428
995,603117.SH,万林物流,0.3006993006993008,27.300613496932534,1.4961342998144969,1.3801611505405136,0.8066190865873237,0.8525888743356331,599197742.0,4.12,4.14,4.05,4.11,7050820.0,28828767.0,4.12,-0.24271844660194164,10.0,4.53,False,False,True,68.04027885360185
996,000876.SZ,新 希 望,0.29018789144050106,28.350515463917514,1.4497593875002501,0.8159889166021203,1.1043437803344804,0.9782978656050737,4500008269.0,7.2,7.23,7.06,7.06,35922666.0,255757443.0,7.21,-2.0804438280166537,10.0,7.93,False,False,True,68.0286599535244
997,600616.SH,金枫酒业,0.3568281938325991,23.013698630137004,1.3343463544204066,1.1732097124243952,1.0606105634978065,0.8690533605000964,669004950.0,4.45,4.5,4.39,4.42,6821053.0,30204390.0,4.46,-0.8968609865470878,10.0,4.91,False,False,True,67.9395817195972
998,601696.SH,中银证券,0.3033898305084746,30.791505791505802,1.2546694424930527,1.23481529517638,0.9357674597531679,1.0261574988193,2778000000.0,12.05,12.07,11.8,11.81,35200454.0,418025739.0,12.15,-2.7983539094650234,10.0,13.37,False,False,True,67.92796281951975
999,600977.SH,中国电影,0.08208296557811118,32.65306122448979,1.4683300617419581,2.1341419469737506,1.093580624235287,0.5440149832334846,1867000000.0,12.66,12.66,12.36,12.38,21675967.0,270214342.0,12.69,-2.4428684003152012,10.0,13.96,False,False,True,67.88923315259488
1000,300022.SZ,吉峰科技,0.3502994011976046,21.00139082058412,1.3925341916636906,1.9754479722008906,0.7736089554131043,1.1553309833947394,494225980.0,8.27,8.38,8.15,8.26,11279701.0,92801923.0,8.36,-1.1961722488038284,20.0,10.03,False,False,True,67.87955073586367
1001,600196.SH,复星医药,0.16680497925311216,24.743777452415806,1.5753759516817394,1.602699056012245,1.5860649946565544,0.5373165489080017,2118488825.0,22.51,22.53,22.18,22.2,18243509.0,407133793.0,22.5,-1.333333333333342,10.0,24.75,False,False,True,67.8446940356313
1002,600732.SH,爱旭股份,0.1391541609822646,38.20439350525311,1.9221196950018604,1.2956790300345224,0.708517337973434,1.1362261870398374,2105253328.0,11.45,11.45,10.95,10.97,30993212.0,343807835.0,11.49,-4.525674499564836,10.0,12.64,False,False,True,67.82339271882262
1003,000963.SZ,华东医药,0.09357997823721448,26.809015421115067,1.6763583719675974,1.6546563276163224,1.8612060223799587,0.5104035842726898,1753013098.0,27.02,27.11,26.75,26.77,14804941.0,404052724.0,27.01,-0.8885597926693856,10.0,29.71,False,False,True,67.8175832687839
1004,300226.SZ,上海钢联,0.2078019504876219,21.40883977900552,1.5413152057583235,2.270428362010334,1.0074266134322962,0.6856990182664865,367696869.0,17.06,17.19,16.8,16.93,5724417.0,97077022.0,17.25,-1.8550724637681149,20.0,20.7,False,False,True,67.77498063516654
1005,600997.SH,开滦股份,0.38275862068965505,29.28416485900216,1.141358273623233,0.8596410556030412,1.0565259252095025,1.8389920350517914,1587799851.0,5.81,5.9,5.43,5.46,25101100.0,140146046.0,5.72,-4.545454545454541,10.0,6.29,False,False,True,67.76917118512782
1006,002088.SZ,鲁阳节能,0.20789074355083448,32.55131964809381,1.5634949559627978,0.8035761266341254,1.2524156944284008,0.6188784968115832,505964633.00000006,8.15,8.27,8.05,8.12,2516243.0,20403312.0,8.19,-0.8547008547008628,10.0,9.01,False,False,True,67.75561580170411
1007,600223.SH,福瑞达,0.2645348837209303,23.553719008264483,1.543778116559319,1.014621548846997,1.4197727251610426,0.8485851743766657,1016568775.0,5.73,5.78,5.67,5.7,8752584.0,50028905.0,5.75,-0.8695652173912993,10.0,6.33,False,False,True,67.70720371804802
1008,300559.SZ,佳发教育,0.20218579234972664,25.382262996941908,1.7114200536140765,2.3271642673048576,0.7421451764995285,0.7412635236884036,311136833.0,11.26,11.44,11.05,11.21,5367241.0,60072907.0,11.29,-0.7085916740478204,20.0,13.55,False,False,True,67.67041053446941
1009,603600.SH,永艺股份,0.36902050113895196,22.424242424242415,1.0429415079069138,1.511099536405496,1.1687456294990193,0.8433713537046506,330433170.0,9.85,10.0,9.8,9.89,4211100.0,42494424.0,9.87,0.20263424518744966,10.0,10.86,False,False,True,67.65491866769946
1010,605499.SH,东鹏饮料,0.10796775693690908,34.09926470588236,1.7110055594663982,1.171298602150326,1.2469302232267152,0.6884245381496611,676016900.0,123.0,123.5,120.03,120.12,5451067.0,659500118.0,122.73,-2.1266194084575862,10.0,135.0,False,False,True,67.64136328427576
1011,000785.SZ,居然智家,0.21739130434782614,36.787564766839395,1.4416733366562215,0.8573187349467146,1.050366346402555,0.9459453369432057,6176865685.000001,2.32,2.34,2.27,2.31,50092939.0,115085481.0,2.33,-0.8583690987124526,10.0,2.56,False,False,True,67.63361735089079
1012,003006.SZ,百亚股份,0.08598228243877022,30.215827338129486,1.6234608990984039,1.7600274203016928,1.3085704317969185,0.9492512775119751,428572965.0,14.13,14.44,14.05,14.39,7160204.0,102220762.0,14.16,1.6242937853107264,10.0,15.58,False,False,True,67.58133230054221
1013,300741.SZ,华宝股份,0.3352080989876264,26.42140468227423,1.5430838219842573,0.44676407462104545,1.1410931240409738,1.7319059005922857,615877150.0,14.84,15.38,14.79,15.32,4765370.0,72416887.0,14.94,2.5435073627844806,20.0,17.93,False,False,True,67.56971340046476
1014,301036.SZ,双乐股份,0.25214754926730665,38.24017708909795,1.3257569961074227,1.3714510174942878,0.7462234315445722,0.8897563197129986,69679408.0,22.91,23.2,22.7,23.11,850268.0,19525900.0,23.06,0.21682567215959292,20.0,27.67,False,False,True,67.56390395042602
1015,600435.SH,北方导航,0.12037037037037027,32.77486910994762,1.6187206136812857,1.5447425396171879,1.111379821834586,3.014241033427163,1512357749.0,11.08,11.7,11.03,11.62,70418800.0,808296527.0,11.11,4.590459045904582,10.0,12.22,False,False,True,67.54841208365607
1016,000407.SZ,胜利股份,0.2975460122699386,24.157303370786522,1.0418186420580826,2.069700429129058,1.0701266353080479,1.132192363703012,875782212.0,4.34,4.39,4.26,4.32,20522196.0,88486372.0,4.31,0.23201856148493682,10.0,4.74,False,False,True,67.52517428350116
1017,000852.SZ,石化机械,0.150313152400835,23.3820459290188,1.8405053824456743,1.7360742129055564,1.1781822767445824,3.526911090681044,950258873.0,5.82,6.06,5.68,6.06,58184155.0,348293126.0,5.51,9.981851179673317,10.0,6.06,True,False,True,67.49806351665376
1018,600446.SH,金证股份,0.148409893992933,28.144329896907227,1.6121503739203444,2.046469858967682,0.9990936959306863,0.7565895849712362,941267479.0,11.32,11.38,11.05,11.2,14574000.0,163213403.0,11.38,-1.5817223198594133,10.0,12.52,False,False,True,67.49031758326879
1019,301589.SZ,诺瓦星云,0.1934346772416832,26.60629921259843,1.4537065288653717,2.089272989146073,1.0145648345145337,0.5703635119560385,34464960.0,143.36,144.24,141.72,142.86,410700.0,58855082.0,144.56,-1.175982291090194,20.0,173.47,False,False,True,67.48450813323005
1020,301331.SZ,恩威医药,0.2026599113362888,34.7111817700053,1.0957118809864659,1.7389140690324594,1.0937907898637427,0.7005766552158882,102590978.0,21.98,21.98,21.47,21.82,1249807.0,27186313.0,22.07,-1.1327594019030385,20.0,26.48,False,False,True,67.47869868319133
1021,600558.SH,大西洋,0.2355371900826444,27.06422018348622,1.2554251271297043,1.8238789258477113,1.1493788097089894,0.5605967668144034,897604831.0,4.91,4.93,4.86,4.87,9177656.0,44743407.0,4.93,-1.2170385395537497,10.0,5.42,False,False,True,67.38574748257165
1022,000935.SZ,四川双马,0.2953826691967108,34.59330143540671,1.7293855138270342,0.6175676992952319,0.7315608078889064,0.993436167675014,763440333.0,22.9,22.95,21.8,22.28,4683814.0,103978609.0,22.99,-3.0882992605480553,10.0,25.29,False,False,True,67.37800154918668
1023,300529.SZ,健帆生物,0.11027027027027023,28.716904276985744,1.4794625436145734,1.8983176931904464,1.7425995872553466,0.6416757117037678,512402075.0,15.71,15.78,15.42,15.45,6241592.0,96613751.0,15.75,-1.904761904761909,20.0,18.9,False,False,True,67.356700232378
1024,300978.SZ,东箭科技,0.1944847605224965,39.42931258106355,1.345635789400779,1.1953882879872206,0.9824318390014886,0.8232486047025219,287089219.0,9.02,9.03,8.93,8.97,2825250.0,25351122.0,9.05,-0.8839779005524906,20.0,10.86,False,False,True,67.35476374903175
1025,001286.SZ,陕西能源,0.23516949152542366,27.5377969762419,1.3570648015899267,1.813914970370364,1.018878940552561,0.8603160421734171,1350000000.0,9.65,9.66,9.47,9.53,21067292.0,200841700.0,9.66,-1.345755693581785,10.0,10.63,False,False,True,67.32765298218435
1026,603368.SH,柳药集团,0.2678260869565219,19.31659693165968,1.379973019018191,1.610109496995619,1.7447677396517987,0.4757537393943144,397211355.0,15.84,15.87,15.62,15.62,3042701.0,47801688.0,15.88,-1.6372795969773368,10.0,17.47,False,False,True,67.31506584043377
1027,301162.SZ,国能日新,0.1525359576078729,35.011918951132294,1.6305861140099398,1.797460236477856,0.8211056858219752,0.5745792603915598,121218016.0,37.61,37.61,36.5,36.65,1251470.0,46212940.0,37.59,-2.5006650704974875,20.0,45.11,False,False,True,67.30635166537569
1028,002252.SZ,上海莱士,0.2941176470588237,27.751196172248815,1.4258089191870138,0.7964079865680599,1.2956040824838406,0.7680720299982535,6588259885.0,4.98,4.99,4.89,4.91,40300300.0,198218557.0,4.98,-1.4056224899598457,10.0,5.48,False,False,True,67.30441518202943
1029,301170.SZ,锡南科技,0.31400165700082844,26.639132679401143,1.3291995506588161,2.1511013722996837,0.6921502413004826,1.021408414558238,38003725.0,23.12,23.23,22.73,23.1,835000.0,19203119.0,23.16,-0.2590673575129432,20.0,27.79,False,False,True,67.29085979860574
1030,002187.SZ,广百股份,0.23408239700374536,28.25607064017659,1.4914505066864714,1.4919354290447195,1.0063222101393487,1.2884608240819777,700894633.0,5.78,5.8,5.62,5.69,13473300.0,76732690.0,5.78,-1.557093425605538,10.0,6.36,False,False,True,67.27343144848955
1031,603291.SH,联合水务,0.2787524366471734,31.31578947368423,1.5099810654925083,1.0605164913001206,0.904546012883811,0.8599423174479617,423220604.0,9.04,9.16,8.92,9.04,3859700.0,34881908.0,9.03,0.11074197120708451,10.0,9.93,False,False,True,67.2676219984508
1032,301100.SZ,风光股份,0.22138047138047143,32.96460176991152,1.3345835624715139,1.6564781858960587,0.9486527263520742,0.5890143816941107,88727000.0,16.12,16.21,15.88,16.1,865700.0,13882578.0,16.19,-0.5558987029030238,20.0,19.43,False,False,True,67.2579395817196
1033,600383.SH,金地集团,0.11067193675889339,26.108374384236477,1.6638018834587478,2.006371396285224,1.3072790289674836,1.16576840757673,4514583572.0,2.3,2.33,2.23,2.28,105594502.0,238395740.0,2.31,-1.2987012987013102,10.0,2.54,False,False,True,67.2443841982959
1034,301586.SZ,佳力奇,0.13019197207678884,34.53626849512812,1.5990615128590726,1.6168730853486741,1.0012661761211952,1.893384941067254,52911070.0,31.32,32.1,30.93,32.0,1619800.0,51499162.0,31.44,1.781170483460559,20.0,37.73,False,False,True,67.24438419829589
1035,002799.SZ,环球印务,0.3131991051454139,26.63139329805997,1.1549298159230053,1.683306055135076,0.9888762068673086,0.7648154452550517,320035800.0,7.1,7.11,6.95,7.03,4120200.0,28894778.0,7.07,-0.5657708628005631,10.0,7.78,False,False,True,67.23663826491091
1036,300791.SZ,仙乐健康,0.2317880794701988,24.02597402597404,1.6221268964410505,1.0909819532141696,1.6722755566723273,0.6621244563120975,257499743.00000003,17.9,18.14,17.73,18.01,1859572.0,33336884.0,17.85,0.8963585434173638,20.0,21.42,False,False,True,67.20759101471728
1037,601702.SH,华峰铝业,0.16488222698072807,39.97060984570171,1.5428834193278773,1.042303340528568,0.9890958726745924,0.8332617358245435,998530600.0,15.83,15.83,15.3,15.62,8672353.0,134607780.0,15.92,-1.8844221105527637,10.0,17.51,False,False,True,67.20178156467854
1038,603896.SH,寿仙谷,0.26666666666666683,27.258320126782888,1.5056022197462737,1.0913537240165143,1.1343105810717256,1.4090801817352705,198243938.00000003,15.25,15.37,14.82,14.92,3048605.0,45779045.0,15.38,-2.990897269180759,10.0,16.92,False,False,True,67.19016266460108
1039,000717.SZ,中南股份,0.39814814814814825,23.958333333333325,1.4907560730359664,0.773254357045082,1.0402173859651154,1.1437333813106838,2423697090.0,2.34,2.35,2.27,2.29,21435100.0,49176554.0,2.35,-2.553191489361706,10.0,2.59,False,False,True,67.16305189775369
1040,002583.SZ,海能达,0.22244897959183668,33.94736842105264,1.3859651860657773,1.588536205200956,0.9029813889923367,1.0594248076058748,1283137692.0,8.58,8.71,8.56,8.67,21594369.0,186671304.0,8.69,-0.23014959723820505,10.0,9.56,False,False,True,67.11270333075136
1041,300653.SZ,正海生物,0.21145833333333347,23.03664921465969,1.5915048470239257,1.546175888888884,1.368109249491036,0.5967403593510958,180000000.0,15.21,15.34,15.04,15.25,1660798.0,25188783.0,15.4,-0.9740259740259716,20.0,18.48,False,False,True,67.10689388071262
1042,002344.SZ,海宁皮城,0.3775510204081634,23.952095808383223,1.4230084148618232,0.883105348436773,1.1170837979600796,0.6684926170504037,1281450092.0,4.09,4.1,4.01,4.07,7565033.0,30658956.0,4.08,-0.2450980392156854,10.0,4.49,False,False,True,67.06622773044153
1043,300498.SZ,温氏股份,0.3615960099750624,27.55632582322358,1.467383009081306,0.817158498040977,0.9732748580341379,1.1985374945005263,5945879969.0,14.46,14.75,14.42,14.49,58233657.0,850089985.0,14.44,0.3462603878116477,20.0,17.33,False,False,True,67.04105344694035
1044,001979.SZ,招商蛇口,0.057731958762886657,34.68395461912481,1.7499281490847296,1.1799763525060984,1.5619169585769788,1.2454567122609252,8869713675.0,6.4,6.54,6.32,6.49,130350152.0,837120241.0,6.45,0.6201550387596955,10.0,7.1,False,False,True,67.03524399690163
1045,002416.SZ,爱施德,0.210332103321033,35.69739952718676,1.3839097301993701,1.6563580635713289,0.8566104539645323,1.719961755271324,1223281973.0,9.55,10.01,9.4,9.89,34849744.0,339575813.0,9.6,3.0208333333333393,10.0,10.56,False,False,True,67.01200619674671
1046,000031.SZ,大悦城,0.11594202898550736,31.527093596059117,1.9748033834875245,0.9682869801653844,1.3428989300694525,1.3104886606897492,4286304701.0,2.25,2.26,2.16,2.22,54390168.0,119540860.0,2.27,-2.2026431718061623,10.0,2.5,False,False,True,67.00619674670797
1047,301022.SZ,海泰科,0.1744617668893838,38.56312731114633,1.4886112318769058,1.9066380990282048,0.711391297058405,1.1203293365128753,66986286.0,23.64,23.84,23.08,23.7,1430869.0,33569933.0,23.63,0.29623360135420107,20.0,28.36,False,False,True,66.998450813323
1048,002377.SZ,国创高新,0.2987012987012987,26.582278481012644,1.1910036346534676,2.4247754038719247,0.7987412866760052,1.207209528820993,872447921.0000001,2.86,2.88,2.77,2.81,25538400.0,71624463.0,2.83,-0.7067137809187329,10.0,3.11,False,False,True,66.95584817970565
1049,002302.SZ,西部建设,0.19269102990033227,25.235849056603765,1.9383202691462433,0.93398959092866,1.477406302660426,0.39004236192358743,1262354304.0,4.77,4.81,4.73,4.76,4598700.0,21889889.0,4.82,-1.2448132780083054,10.0,5.3,False,False,True,66.95197521301316
1050,300971.SZ,博亚精工,0.18157661647475645,28.298397040690503,1.5778656421425687,2.4946585607192153,0.8236959693541277,0.9738109290671257,92252757.0,18.08,18.28,17.91,18.25,2241120.0,40519011.0,18.27,-0.10946907498631253,20.0,21.92,False,False,True,66.89000774593339
1051,603806.SH,福斯特,0.3015427769985975,36.45283018867924,1.585959616443231,0.9775520216650027,0.5890955803751403,1.175505670788421,2608745702.0,14.92,14.92,14.29,14.31,29977565.0,434689396.0,15.02,-4.727030625832218,10.0,16.52,False,False,True,66.89000774593339
1052,600802.SH,福建水泥,0.22486288848263258,35.890410958904106,1.5375245536342996,1.2920972555496049,0.8299079801035637,1.337931081073093,458248400.0,4.9,4.9,4.76,4.85,7921910.0,38127146.0,4.88,-0.6147540983606592,10.0,5.37,False,False,True,66.88613477924089
1053,688580.SH,伟思医疗,0.10990168539325851,36.82915921288015,1.7800463391130883,1.6216187882948745,0.8604138065526942,0.7462055837138546,95771288.0,45.03,45.39,44.21,44.41,1158891.0,51659258.0,45.46,-2.3097228332600195,20.0,54.55,False,False,True,66.84934159566227
1054,300513.SZ,恒实科技,0.31669865642994255,29.440789473684205,1.2268370180824095,1.850258153082416,0.8027908687641138,0.9065116266595171,287155781.0,7.69,7.76,7.6,7.72,4816408.0,36943479.0,7.73,-0.1293661060802198,20.0,9.28,False,False,True,66.83772269558482
1055,300370.SZ,安控科技,0.21818181818181823,32.27513227513228,1.6125213348836855,1.377050742311418,0.902305660644181,1.8238702153714508,1561476109.0,2.25,2.34,2.24,2.3,39217438.0,89925022.0,2.25,2.2222222222222143,20.0,2.7,False,False,True,66.78931061192874
1056,603486.SH,科沃斯,0.09409683126910089,32.47791333613799,2.2867049067195224,1.0858143806613907,1.0409428463364765,1.1976779702992706,574095201.0,53.1,53.21,50.91,50.93,7461036.0,385654658.0,53.39,-4.607604420303424,10.0,58.73,False,False,True,66.77575522850503
1057,001217.SZ,华尔泰,0.3079710144927536,34.226552984165636,1.1790809344870927,1.1992434647637078,0.9464976820714834,1.1900136053941837,328578747.0,10.77,10.77,10.48,10.57,4689200.0,49714633.0,10.76,-1.7657992565055736,10.0,11.84,False,False,True,66.74089852827265
1058,301061.SZ,匠心家居,0.09345119971134765,27.943925233644862,1.7971135362086579,1.606365826042381,1.5538027489418134,0.6942046326900373,188839656.0,37.22,37.49,35.91,35.93,2105839.0,76491813.0,37.28,-3.6212446351931327,20.0,44.74,False,False,True,66.71766072811774
1059,300349.SZ,金卡智能,0.09635416666666662,38.445154419595305,1.4546460374296708,2.095412280776341,0.9300580727036325,0.546277051164132,369737928.0,10.45,10.45,10.21,10.34,4232300.0,43662895.0,10.5,-1.5238095238095273,20.0,12.6,False,False,True,66.70410534469403
1060,300298.SZ,三诺生物,0.32769044740024167,25.953627524308164,1.2927971586714493,1.262438634101527,1.1374759235530953,0.4903692107615054,448001059.0,16.02,16.11,15.83,15.94,2773400.0,44145372.0,16.08,-0.8706467661691475,20.0,19.3,False,False,True,66.6982958946553
1061,002310.SZ,东方新能,0.1745283018867924,39.69849246231154,1.418541436728035,2.2024635899782052,0.6004450540002065,0.4271660776884774,4399009452.0,2.36,2.37,2.32,2.34,41386661.0,96816842.0,2.36,-0.8474576271186418,10.0,2.6,False,False,True,66.68474051123161
1062,688370.SH,丛麟科技,0.37794612794612786,27.499999999999993,1.8407948499045041,0.4455931741165599,0.8111195416948792,1.0940474268195244,137107879.0,24.09,24.09,23.32,23.76,668401.0,15744397.0,24.09,-1.3698630136986245,20.0,28.91,False,False,True,66.6353601859024
1063,301505.SZ,苏州规划,0.15456238361266286,39.565217391304344,1.178288769252934,2.3096436160636786,0.8814702261958908,1.521188143591531,91169401.0,16.22,16.7,16.01,16.62,3203148.0,52544220.0,16.29,2.02578268876612,20.0,19.55,False,False,True,66.59178931061193
1064,300702.SZ,天宇股份,0.3719090009891195,26.042230644288054,1.1355994520491195,1.619640500429683,0.9574893326315083,0.49809825536363567,211146066.0,22.0,22.04,21.48,21.77,1703400.0,37023015.0,21.74,0.1379944802208044,20.0,26.09,False,False,True,66.58017041053446
1065,002001.SZ,新 和 成,0.28409767718880286,22.60536398467432,1.7231608765640747,1.2468403968754795,1.0206250348724095,0.5463201617466011,3036852928.0,27.01,27.05,26.5,26.65,20686254.0,551073668.0,27.12,-1.733038348082605,10.0,29.83,False,False,True,66.57629744384198
1066,301332.SZ,德尔玛,0.24137931034482749,24.965893587994547,1.2968784756996015,1.6722966457061006,1.7488399545585032,0.7405200612985423,264840240.0,8.03,8.07,7.95,8.0,3279700.0,26238971.0,8.1,-1.2345679012345623,20.0,9.72,False,False,True,66.43687064291247
1067,002920.SZ,德赛西威,0.20448216416920817,27.336539711425957,1.863641452940292,1.384001721532815,0.9821802202622841,1.0043061642306617,596621794.0,91.03,91.42,88.7,90.53,8292813.0,746631660.0,92.35,-1.9707634001082774,10.0,101.59,False,False,True,66.4291247095275
1068,300493.SZ,润欣科技,0.12825933756166316,34.323144104803504,1.674564727119002,2.2060770685893276,0.8074744759708798,0.7940061643206315,506611297.0,13.16,13.28,13.03,13.1,8874000.0,116442737.0,13.27,-1.2810851544837965,20.0,15.92,False,False,True,66.42137877614252
1069,600550.SH,保变电气,0.26206896551724135,36.40000000000001,1.396343971464653,1.6697119585139357,0.6489443107195941,0.5474950847766519,1841528480.0,10.96,11.04,10.77,11.0,16834500.0,183944642.0,11.02,-0.1814882032667886,10.0,12.12,False,False,True,66.3710302091402
1070,000897.SZ,津滨发展,0.2745098039215685,21.739130434782595,1.4046550162260822,1.946379504350549,1.0921954990705238,1.074654543012294,1617241634.0,1.88,1.9,1.84,1.88,33827610.0,63149697.0,1.89,-0.5291005291005346,10.0,2.08,False,False,True,66.36037955073587
1071,601933.SH,永辉超市,0.1507692307692307,23.655913978494624,1.9706834627817678,1.7290079900748465,1.1685397321429603,1.8728956062776632,8925037165.0,3.28,3.34,3.17,3.18,289015147.0,934384869.0,3.28,-3.0487804878048697,10.0,3.61,False,False,True,66.35941130906275
1072,600771.SH,广誉远,0.18318695106649943,28.75502008032129,1.4215726479130624,1.8375009058641936,1.2878336615772747,0.6711616355375803,489491141.0,13.91,13.91,13.62,13.65,6036699.0,82793062.0,13.91,-1.869158878504673,10.0,15.3,False,False,True,66.35166537567777
1073,002073.SZ,软控股份,0.2528735632183907,25.458248472505083,1.274425769834893,1.9915129362713204,1.1543991438910217,0.7022812013080333,1014064853.0,6.01,6.02,5.88,5.96,14182638.0,84465537.0,6.01,-0.8319467554076532,10.0,6.61,False,False,True,66.3400464756003
1074,301032.SZ,新柴股份,0.3272171253822631,31.5101070154578,1.155860379079846,1.9345514211698385,0.7433789367539807,0.7759013054548929,163861801.0,10.44,10.52,10.34,10.45,2459600.0,25663792.0,10.55,-0.9478672985782088,20.0,12.66,False,False,True,66.33230054221534
1075,600143.SH,金发科技,0.09226467847157505,33.4355828220859,1.9455084247290135,1.7236057378130567,0.9358822650792736,0.4773295456389599,2634826028.0,13.92,13.93,13.71,13.84,21677450.0,298981556.0,14.03,-1.3542409123307175,10.0,15.43,False,False,True,66.25677769171185
1076,300514.SZ,友讯达,0.3113087674714105,31.358024691358043,1.2862111375666923,1.6495426368645698,0.8165720110584274,0.6835558552895232,160258325.0,10.47,10.55,10.38,10.48,1807000.0,18909462.0,10.55,-0.6635071090047462,20.0,12.66,False,False,True,66.25290472501936
1077,688626.SH,翔宇医疗,0.05671965317919076,35.87786259541985,2.111231368364396,1.3533138125,0.9706020770676039,0.8744036224783599,160000000.0,42.2,42.31,40.68,40.88,1893348.0,77751734.0,42.44,-3.6757775683317506,20.0,50.93,False,False,True,66.25290472501936
1078,688211.SH,中科微至,0.33850702143385053,37.28560775540642,1.533684137098001,0.5113219665613775,0.7797476983244838,0.7434791780358422,131092862.0,31.55,31.55,30.73,30.98,498359.0,15446599.0,31.4,-1.3375796178343946,20.0,37.68,False,False,True,66.25096824167312
1079,600149.SH,廊坊发展,0.2982954545454547,26.811594202898558,1.4990184800927076,2.294063933606896,0.5271657087670699,0.7982925620581166,380160000.0,5.19,5.2,5.08,5.17,6962000.0,35750189.0,5.19,-0.3853564547206201,10.0,5.71,False,False,True,66.23353989155694
1080,002749.SZ,国光股份,0.28571428571428564,22.696929238985298,1.6120952538865563,0.9197561618227654,1.83198501738348,0.743173092330315,544316897.0,8.84,8.9,8.7,8.7,3720613.0,32535201.0,8.91,-2.3569023569023684,10.0,9.8,False,False,True,66.17544539116963
1081,600285.SH,羚锐制药,0.16774193548387126,24.473684210526315,1.3995094117378049,2.334885267605354,1.715819218237345,0.44794499852267,566490486.0,19.69,19.77,19.55,19.6,5924925.0,116108825.0,19.78,-0.9100101112234582,10.0,21.76,False,False,True,66.16576297443841
1082,002391.SZ,长青股份,0.34905660377358455,15.690376569037646,1.298071504921079,2.033881491544575,1.1719853971305185,0.8985758675250951,464098311.00000006,5.47,5.52,5.34,5.42,8481846.0,45768386.0,5.52,-1.8115942028985477,10.0,6.07,False,False,True,66.14833462432223
1083,603719.SH,良品铺子,0.2905027932960892,26.4452644526445,1.5255602549827052,1.235934576668268,1.0629069408129308,0.774109297820738,397983400.0,9.68,9.72,9.42,9.48,3807700.0,36239591.0,9.69,-2.1671826625386914,10.0,10.66,False,False,True,66.10766847405112
1084,688326.SH,经纬恒润-W,0.06488694660839818,35.312445906179676,2.0562943870775023,1.447115881607063,0.9814513473281283,0.8749105518733513,111623521.0,64.01,64.01,62.05,62.77,1413262.0,88582183.0,64.6,-2.832817337461291,20.0,77.52,False,False,True,66.06700232378002
1085,002395.SZ,双象股份,0.2700507614213198,33.575317604355725,1.6078283339770008,1.4431319605233184,0.6929397077203968,2.937655198413439,268209000.0,13.55,13.68,13.3,13.4,11370517.0,152664578.0,13.68,-2.0467836257309857,10.0,15.05,False,False,True,66.06506584043377
1086,002683.SZ,广东宏大,0.19328307059629887,27.25806451612902,2.0976753674135273,1.370554128800352,0.9286427476297858,1.156674568358506,666725371.0,30.27,31.23,29.88,30.6,10569498.0,326462053.0,30.44,0.5256241787122251,10.0,33.48,False,False,True,66.05925639039503
1087,601515.SH,衢州东峰,0.21666666666666673,38.305084745762706,1.856706261820286,0.9582564274890906,0.7558724424330324,0.6542294846207118,1924470671.0,3.46,3.47,3.4,3.42,12064884.0,41320526.0,3.47,-1.4409221902017322,10.0,3.82,False,False,True,66.0573199070488
1088,001205.SZ,盛航股份,0.3944530046224962,24.27983539094649,1.1486650030649237,1.8769538362977047,0.909375548837298,0.5577064253653155,166484329.0,14.71,14.75,14.51,14.69,1742740.0,25490628.0,14.71,-0.13596193065942286,10.0,16.18,False,False,True,66.03408210689388
1089,002184.SZ,海得控制,0.19542857142857153,37.20657276995305,1.2573971422919534,2.1488511495472156,0.8625131560558595,0.5113002562456822,248289322.0,10.16,10.25,10.08,10.19,2727975.0,27720125.0,10.23,-0.3910068426197566,10.0,11.25,False,False,True,66.0127807900852
1090,002670.SZ,国盛证券,0.14956647398843934,25.428571428571423,1.6579925639074837,1.8649430730440661,1.6075831009605626,1.4986712344261843,1623350634.0000002,12.51,12.65,12.17,12.2,45371620.0,560230770.0,12.57,-2.9435163086714455,10.0,13.83,False,False,True,65.9624322230829
1091,002224.SZ,三 力 士,0.28787878787878796,22.082018927444793,1.5914108255101045,1.6613952069063767,1.0068357799798162,0.6367690572859117,806380369.0000001,3.74,3.74,3.68,3.7,8530900.0,31619100.0,3.74,-1.0695187165775444,10.0,4.11,False,False,True,65.88884585592564
1092,603901.SH,永创智能,0.1924577373211964,38.61502347417842,1.6034872220815501,1.3474464042393737,0.8491326355751232,3.6561565196022014,568899147.0,10.11,10.52,9.96,10.22,28026674.0,290264024.0,10.0,2.200000000000002,10.0,11.0,False,False,True,65.84043377226956
1093,603209.SH,兴通股份,0.3678571428571428,20.48979591836735,1.118395405529284,1.6786145113459945,1.4197033057807755,0.6797792819581409,321491597.0,14.43,14.55,14.15,14.2,3668500.0,52214738.0,14.31,-0.7686932215234199,10.0,15.74,False,False,True,65.84043377226955
1094,002226.SZ,江南化工,0.38732394366197204,29.146919431279628,1.292058845308236,0.8878747667174984,1.086349528213864,0.9224983079905154,2648918190.0,5.31,5.31,5.17,5.24,21696308.0,113406024.0,5.32,-1.5037593984962405,10.0,5.85,False,False,True,65.82106893880713
1095,300213.SZ,佳讯飞鸿,0.17758369723435224,34.33395872420262,1.3683466927602816,2.1298504520346087,0.9712415238676828,0.8968372797801709,552590868.0,6.48,6.63,6.43,6.59,10555200.0,69141982.0,6.55,0.6106870229007688,20.0,7.86,False,False,True,65.81913245546089
1096,000096.SZ,广聚能源,0.25273010920436806,24.517087667161963,1.4685172465228569,1.656507552148578,1.2209218655576237,0.9407444181683572,510848000.0,8.42,8.47,8.26,8.37,7960801.0,66457558.0,8.35,0.23952095808381646,10.0,9.19,False,False,True,65.80364058869094
1097,001202.SZ,炬申股份,0.1882255389718076,26.126878130217012,1.5203311332032297,1.9989126801947386,1.2433869974117502,0.8253051970062549,116823955.0,14.18,14.47,13.96,14.31,1927260.0,27771453.0,14.25,0.42105263157894424,10.0,15.68,False,False,True,65.78233927188228
1098,300532.SZ,今天国际,0.33583959899749366,25.9567387687188,1.319457966211327,1.4630580498566645,1.040723607872593,2.065516484486879,604581510.0,7.26,7.52,7.26,7.5,18270275.0,135705557.0,7.35,2.0408163265306145,20.0,8.82,False,False,True,65.77846630518977
1099,301272.SZ,英华特,0.28906249999999994,33.581033262561924,1.3180527876899046,1.7688223079387686,0.7778007714656396,1.057232425824503,39686323.0,35.04,35.7,34.7,35.37,708300.0,24981382.0,35.29,0.22669311419665217,20.0,42.35,False,False,True,65.71262587141752
1100,002210.SZ,飞马国际,0.1204379562043796,28.07881773399017,1.8934958886335305,2.2805773831896508,0.9391900200156726,0.7492216946837892,2656759025.0000005,2.34,2.36,2.29,2.32,45394927.0,105141986.0,2.36,-1.6949152542372947,10.0,2.6,False,False,True,65.7126258714175
1101,600097.SH,开创国际,0.23514851485148502,26.907630522088354,1.4233335566517742,1.6909244561760302,1.2141967902007242,1.1713883994502579,240936559.00000003,9.42,9.42,9.17,9.23,4772301.0,44124531.0,9.37,-1.4941302027748016,10.0,10.31,False,False,True,65.70294345468629
1102,603585.SH,苏利股份,0.22843137254901963,32.17097862767153,1.406952458950856,1.5546083320998352,1.0553462500617317,2.5660186896231973,270796011.0,11.22,11.28,10.73,10.96,10802470.0,117959962.0,11.22,-2.317290552584672,10.0,12.34,False,False,True,65.65065840433773
1103,000402.SZ,金 融 街,0.18421052631578944,22.97872340425533,1.8257346043245435,1.805206538401387,1.2164359864653846,1.2134998323460757,2988667172.0,2.55,2.57,2.47,2.53,65470276.0,164562552.0,2.56,-1.171875000000011,10.0,2.82,False,False,True,65.63323005422154
1104,300960.SZ,通业科技,0.22710622710622705,32.48502994011977,1.4960787010522918,1.3336786381454797,1.0770048236242513,0.7784658753742172,131579400.0,16.9,17.17,16.84,17.05,1366088.0,23541133.0,17.08,-0.17564402810302804,20.0,20.5,False,False,True,65.63323005422154
1105,002737.SZ,葵花药业,0.20954356846473032,28.860294117647058,1.678636203681203,1.1606934836462242,1.3226455126909902,0.911626028902053,583990700.0,11.78,11.88,11.67,11.81,6179313.0,72800353.0,11.89,-0.6728343145500415,10.0,13.08,False,False,True,65.62935708752904
1106,300371.SZ,汇中股份,0.28750000000000003,29.276693455797908,1.4168958217292615,1.748587752669075,0.8722158324853274,1.0947728851972693,139995662.0,10.45,10.62,10.41,10.51,2679946.0,28186406.0,10.55,-0.37914691943128354,20.0,12.66,False,False,True,65.573199070488
1107,300036.SZ,超图软件,0.06349206349206342,32.741617357001985,1.644193773135002,2.474355983672786,1.0360225228526487,0.7652866808622424,445052653.0,10.87,10.95,10.61,10.72,8427480.0,90242592.0,10.94,-2.010968921389389,20.0,13.13,False,False,True,65.54415182029435
1108,000797.SZ,中国武夷,0.16666666666666663,30.805687203791464,1.5313558510216603,1.8437884662105226,1.1723496996027407,1.5521528601699144,1570574028.9999998,2.56,2.58,2.47,2.53,44947340.0,112764999.0,2.57,-1.5564202334630406,10.0,2.83,False,False,True,65.51316808675446
1109,601619.SH,嘉泽新能,0.10059171597633132,28.42639593908629,1.9720178483433624,2.098108352670179,1.0130970293971722,0.4419322581254078,2533248859.0,4.08,4.09,4.02,4.06,22964692.0,93072025.0,4.08,-0.4901960784313819,10.0,4.49,False,False,True,65.40859798605732
1110,000555.SZ,神州信息,0.14056809905316833,30.92672413793105,1.782563642701487,2.2315184032708166,0.8821771003561846,0.655205944432383,974916887.0,11.15,11.15,10.86,11.04,14254300.0,156703591.0,11.21,-1.5165031222123204,10.0,12.33,False,False,True,65.40666150271107
1111,002688.SZ,金河生物,0.3333333333333332,21.834061135371186,1.3969589831305043,1.4791309204470426,1.2251309246788453,1.6978720308575528,747041116.9999999,5.44,5.46,5.26,5.3,18761004.0,99823329.0,5.43,-2.3941068139963106,10.0,5.97,False,False,True,65.35631293570874
1112,301289.SZ,国缆检测,0.20303311668214186,33.195449844881075,1.482266518111747,1.235322944636768,1.362585162782423,0.9680709899367695,77500900.0,45.0,45.19,44.45,44.98,926818.0,41564895.0,45.24,-0.5747126436781769,20.0,54.29,False,False,True,65.34275755228505
1113,600967.SH,内蒙一机,0.18968531468531466,23.55289421157687,1.9249330133771612,1.4490343505113312,1.3891852549105854,2.636443422032175,1701794667.0,12.5,13.41,12.5,13.41,65013612.0,845514047.0,12.19,10.008203445447084,10.0,13.41,True,False,True,65.27885360185903
1114,002968.SZ,新大正,0.29360465116279066,30.23255813953487,1.2210071233969746,1.6619527992825072,1.0341260739088376,1.2598909157881675,213140277.0,9.76,9.86,9.56,9.79,4462900.0,43309775.0,9.76,0.30737704918031294,10.0,10.74,False,False,True,65.20333075135554
1115,300381.SZ,溢多利,0.154867256637168,24.067164179104484,2.0352298320322237,1.9923166399560717,1.0606049651584177,1.3299597236856382,478453174.0,5.68,5.7,5.52,5.6,12677578.0,70654932.0,5.71,-1.9264448336252293,20.0,6.85,False,False,True,65.15491866769946
1116,688036.SH,传音控股,0.1675542031190566,36.14969135802468,1.6200005476473571,1.3310569809638948,1.0903852517227932,0.796873716434866,1151184545.0,57.78,58.87,56.08,56.21,12210434.0,692559742.0,58.19,-3.402646502835538,20.0,69.83,False,False,True,65.0852052672347
1117,001387.SZ,雪祺电气,0.2793696275071632,39.320388349514545,0.9867187180300829,2.1096190045109737,0.729747953246524,0.9956438596044024,116409541.0,12.21,12.35,12.06,12.28,2445100.0,29821612.0,12.25,0.2448979591836764,10.0,13.48,False,False,True,65.05034856700233
1118,000635.SZ,英 力 特,0.30393996247654786,31.96428571428571,1.7325653881829506,1.1955208003266593,0.7284956466667359,2.353008404783939,366819816.0,7.94,7.94,7.94,7.94,10318900.0,81932066.0,7.22,9.972299168975084,10.0,7.94,True,False,True,65.04647560030985
1119,603915.SH,国茂股份,0.2520808561236622,38.41666666666666,1.824340609822523,0.833053042091363,0.7662330102744844,0.881005607789193,656632480.0000001,13.97,14.06,13.81,13.92,4819186.0,67004040.0,14.12,-1.4164305949008416,10.0,15.53,False,False,True,65.04260263361735
1120,300072.SZ,海新能科,0.18597560975609767,26.688102893890676,2.1137788161657847,1.6199274393118708,0.9511683182565379,1.1683217142513278,2331363778.0,3.73,3.83,3.7,3.79,44123307.0,166559235.0,3.72,1.8817204301075252,20.0,4.46,False,False,True,65.02711076684741
1121,603271.SH,永杰新材,0.29065155807365417,34.34889434889434,1.2613979101520556,2.1756734129450734,0.684129256327107,0.7253829681102578,94575996.0,42.16,42.16,41.06,41.28,1492595.0,61589537.0,42.16,-2.0872865275142205,10.0,46.38,False,False,True,65.02323780015493
1122,300597.SZ,吉大通信,0.3179487179487179,33.11999999999999,1.2999234016153538,1.657065463036246,0.8107671732687092,0.9358419361169819,271552238.0,8.11,8.21,8.01,8.16,4211100.0,34207990.0,8.11,0.6165228113440335,20.0,9.73,False,False,True,64.98063516653757
1123,601599.SH,浙文影业,0.20415224913494806,26.181818181818194,1.4639643562913152,2.056960073997391,1.2982007778145037,1.295960045467526,1160542453.0,3.31,3.35,3.26,3.26,30937022.0,101687202.0,3.34,-2.395209580838331,10.0,3.67,False,False,True,64.96998450813322
1124,688060.SH,云涌科技,0.3301601038511466,34.159106769016056,1.6899108565614391,0.6217884588470135,0.8465243574881959,0.8936592039202798,60190728.0,35.93,36.58,35.53,36.37,334460.0,12104292.0,36.29,0.22044640396803317,20.0,43.55,False,False,True,64.91866769945779
1125,000690.SZ,宝新能源,0.3991596638655462,30.78651685393259,1.0164869554619376,2.4062237952453818,0.6001884954636894,0.9064529575489512,2174468225.0,4.94,4.97,4.85,4.87,47427950.0,232425683.0,4.97,-2.012072434607637,10.0,5.47,False,False,True,64.9012393493416
1126,600299.SH,安迪苏,0.1265822784810126,36.41160949868074,1.5827316804379938,1.363062825187405,1.5037085440099356,1.0567256330292476,3079779257.0,8.65,8.67,8.29,8.36,44360630.0,372153439.0,8.68,-3.686635944700467,10.0,9.55,False,False,True,64.88962044926414
1127,301585.SZ,蓝宇股份,0.334181509754029,20.79497907949792,1.4454618763896139,1.7098128071215,1.1153967531845608,1.1263060706349877,68111886.0,27.75,28.5,27.51,28.13,1311680.0,36881975.0,27.84,1.041666666666674,20.0,33.41,False,False,True,64.87993803253292
1128,000882.SZ,华联股份,0.23931623931623935,24.409448818897637,1.6138582041464358,2.1577425837203053,0.9787169948639066,0.8820606558404861,2735636141.0,1.55,1.57,1.52,1.54,52066264.0,80141804.0,1.55,-0.6451612903225823,10.0,1.71,False,False,True,64.80925639039503
1129,600975.SH,新五丰,0.37062937062937057,26.49164677804294,1.4269143814818026,1.1305174430642275,1.0627904293039048,0.9433640915051515,1249661740.0,5.23,5.24,5.12,5.13,13327512.0,68804869.0,5.25,-2.285714285714291,10.0,5.78,False,False,True,64.79085979860574
1130,300760.SZ,迈瑞医疗,0.3253114866018092,31.6361953251562,1.4564442663938506,0.8153131616297011,1.1075381510502496,0.8603388566433678,1210662145.0,167.04,168.21,164.99,166.6,8492598.0,1427502652.0,167.75,-0.6855439642324934,20.0,201.3,False,False,True,64.78505034856701
1131,301600.SZ,慧翰股份,0.12441791044776124,32.9081632653061,1.8457413012955068,2.4716986220685966,0.800232542618177,0.7061529757520353,32258500.0,84.89,84.89,82.66,83.3,563039.0,47063555.0,84.9,-1.8845700824499545,20.0,101.88,False,False,True,64.73857474825716
1132,301263.SZ,泰恩康,0.13739946380697057,29.908675799086758,2.1407129090565027,1.4714380710492947,1.075316090553281,0.6053712986442423,364303266.0,19.39,19.39,18.88,19.02,3245091.0,61781221.0,19.57,-2.8104241185488044,20.0,23.48,False,False,True,64.66692486444616
1133,002535.SZ,林州重机,0.2108843537414966,32.835820895522396,1.600997081878074,1.8191378851125275,0.9009516461041891,0.8520351817785092,746337535.0000001,2.61,2.64,2.55,2.58,11568004.0,29871685.0,2.63,-1.9011406844106404,10.0,2.89,False,False,True,64.5875290472502
1134,688779.SH,五矿新能,0.2739938080495355,38.980509745127435,1.2767752169872948,1.405605466193425,0.8743325192212053,0.7619860671160833,1929219984.0,7.96,8.0,7.73,7.81,20662945.0,161262351.0,8.03,-2.73972602739726,20.0,9.64,False,False,True,64.56622773044153
1135,300266.SZ,兴源环境,0.21379310344827587,33.12883435582823,1.8240431646960773,1.289321166246599,0.9258013360847157,0.8195386405916845,1553051914.0,1.94,1.96,1.89,1.92,16410300.0,31457831.0,1.94,-1.0309278350515427,20.0,2.33,False,False,True,64.54686289697909
1136,001299.SZ,美能能源,0.3036912751677854,33.25635103926097,1.7163261528239075,1.348648390456759,0.6360565817932529,4.293010828686409,282337678.0,10.02,11.07,10.02,10.33,16346680.0,170508868.0,10.13,1.9743336623889274,10.0,11.14,False,False,True,64.498450813323
1137,002016.SZ,世荣兆业,0.26204819277108427,29.61038961038962,1.6873638127705686,1.3147882684404306,0.9759715270004954,0.9323560265255312,809095632.0,4.71,4.71,4.59,4.67,9918305.0,46044146.0,4.72,-1.0593220338983023,10.0,5.19,False,False,True,64.42873741285824
1138,603755.SH,日辰股份,0.2486873508353222,36.32714500752636,1.7560480727798489,1.0096315135016554,0.8491554797441365,2.3077738946047286,98613681.0,25.0,25.57,24.51,24.9,2297700.0,57592231.0,25.14,-0.9546539379475028,10.0,27.65,False,False,True,64.40549961270334
1139,002567.SZ,唐人神,0.3807106598984772,24.92012779552717,1.4015910707512225,1.4222903430100016,1.018811047654624,0.9586346379948104,1431666421.0,3.88,3.88,3.79,3.8,19520153.0,74582414.0,3.88,-2.0618556701030966,10.0,4.27,False,False,True,64.39581719597211
1140,002930.SZ,宏川智慧,0.2056277056277056,38.74345549738221,1.602221801596715,1.8489949913734622,0.6990679068405808,1.7167508487620382,433418021.0,9.54,9.9,9.47,9.69,13757831.0,133819197.0,9.54,1.572327044025168,10.0,10.49,False,False,True,64.38807126258715
1141,301330.SZ,熵基科技,0.17941585535465923,39.79836773883822,1.5587435819674234,1.4255415481594778,0.968772217627771,1.1209486267535784,204668620.0,25.62,25.95,25.42,25.74,3211868.0,82410745.0,25.99,-0.9619084263178146,20.0,31.19,False,False,True,64.37451587916344
1142,300896.SZ,爱美客,0.08975136446331108,35.649327028010205,1.5886097272290898,1.900260217189172,1.3028623948724447,0.4867604867302473,221012302.00000003,92.51,92.94,91.16,91.8,2044301.0,190078603.0,92.83,-1.1095551007217486,20.0,111.4,False,False,True,64.33965917893107
1143,002482.SZ,广田集团,0.20754716981132088,29.824561403508774,1.7580830655635178,1.5192793238088864,1.0415044314113735,0.7919664561302067,3743709801.0,1.36,1.36,1.32,1.32,45045000.0,60049015.0,1.36,-2.941176470588236,10.0,1.5,False,False,True,64.32610379550736
1144,600867.SH,通化东宝,0.33653846153846184,23.18435754189945,1.5083670376694545,1.6627096516764466,1.0060556228304192,0.49512541357955203,1958542829.0,8.2,8.21,8.06,8.08,16123700.0,130678817.0,8.21,-1.5834348355663885,10.0,9.03,False,False,True,64.26800929512005
1145,300879.SZ,大叶股份,0.12832369942196536,38.76525484565685,1.7319303549122498,1.7164264980048947,0.9141929249980162,0.76133771180284,201028448.0,17.01,17.39,16.82,17.36,2627000.0,45036543.0,17.26,0.5793742757821407,20.0,20.71,False,False,True,64.23896204492641
1146,300523.SZ,辰安科技,0.31176875430144535,31.4792899408284,1.644746615128296,1.0314367804268114,0.9130169366407537,1.6207159357747378,232630438.0,21.8,21.8,20.71,20.79,3888804.0,81375249.0,21.43,-2.9864675688287434,20.0,25.72,False,False,True,64.22347017815648
1147,688489.SH,三未信安,0.25789160214413354,27.794117647058837,1.8017338554735205,0.846817874530739,1.3590702456382298,0.8286800699086002,168277447.0,24.6,24.8,24.15,24.15,1180872.0,28688278.0,24.73,-2.345329559239795,20.0,29.68,False,False,True,64.22347017815646
1148,600990.SH,四创电子,0.1676776429809359,35.39473684210526,1.7435796566052566,1.535379151770586,0.9904610836533563,0.712406798639108,269012696.0,18.98,19.18,18.91,19.01,2942500.0,56032162.0,19.07,-0.3146303093864655,10.0,20.98,False,False,True,64.21378776142524
1149,000524.SZ,岭南控股,0.25338894681960367,34.158415841584166,1.2187200225482386,1.6968947530094518,1.1061961579778843,1.0776395870043178,670008507.0,10.46,10.6,10.38,10.54,12252050.0,128692089.0,10.51,0.2854424357754404,10.0,11.56,False,False,True,64.17893106119287
1150,002162.SZ,悦心健康,0.27760252365930604,30.487804878048784,1.4188525036066113,1.5571967296629685,1.0404594186554132,0.5483125376079778,918321621.0,4.12,4.15,4.07,4.1,7840910.0,32125600.0,4.16,-1.4423076923077094,10.0,4.58,False,False,True,64.0859798605732
1151,002576.SZ,通达动力,0.3124215809284818,35.27980535279804,1.4253676762525873,1.7562323390011156,0.6335224867396513,0.7683669195664322,162027571.0,14.77,14.91,14.64,14.86,2186450.0,32370934.0,14.82,0.26990553306343035,10.0,16.3,False,False,True,64.0588690937258
1152,603518.SH,锦泓集团,0.3592233009708737,22.861356932153388,1.2655156261526712,1.8752791550784556,1.1373971525883602,0.8481254040292961,344073984.0,8.21,8.27,8.09,8.21,5472400.0,44658834.0,8.26,-0.6053268765133013,10.0,9.09,False,False,True,64.05305964368705
1153,605337.SH,李子园,0.23583460949464022,28.518057285180575,1.546535752748383,1.3481106934482432,1.5609672927407703,0.6583235828936073,387616508.00000006,9.5,9.54,9.3,9.37,3456268.0,32367963.0,9.57,-2.0898641588296907,10.0,10.53,False,False,True,64.01432997676221
1154,601865.SH,福莱特,0.09791477787851315,31.28491620111733,2.3202643125034017,1.3382335414549729,1.2115347855069645,0.6088837060776869,1901026024.0,9.97,10.06,9.83,9.95,15490100.0,154312419.0,10.03,-0.7976071784646099,10.0,11.03,False,False,True,63.99883810999225
1155,600350.SH,山东高速,0.39212007504690427,35.30591775325978,1.1496218036615908,0.305529162456727,1.5336485331959202,0.8152698285384586,4834570825.0,10.26,10.28,10.08,10.11,12042370.0,122052738.0,10.25,-1.3658536585365866,10.0,11.28,False,False,True,63.96785437645236
1156,688660.SH,电气风电,0.02578947368421054,37.883008356545965,2.361114475402281,1.3805437034728096,0.969649176616691,0.6296832938703506,1333333400.0,7.6,7.65,7.45,7.61,11590738.0,87360632.0,7.67,-0.782268578878742,20.0,9.2,False,False,True,63.91556932610381
1157,600211.SH,西藏药业,0.1741784037558686,20.2962962962963,2.086805147312854,1.8163864339001339,1.6503902386563833,0.6624116203122038,322319196.0,37.47,37.63,36.84,36.88,3878130.0,148054193.0,37.46,-1.5483182060864853,10.0,41.21,False,False,True,63.87683965917893
1158,301088.SZ,戎美股份,0.34359605911330066,30.967741935483883,1.3716668377787316,0.9726899734042501,1.1980196213312369,1.1821789557435631,188000000.0,13.5,13.68,13.29,13.48,2161800.0,29126961.0,13.64,-1.1730205278592365,20.0,16.37,False,False,True,63.85166537567777
1159,603231.SH,索宝蛋白,0.384049079754601,24.087591240875916,0.878591244036655,2.2420504240011594,1.1500192712731565,0.9793674129454197,106265982.0,16.69,16.8,16.43,16.8,2333379.0,38772596.0,16.83,-0.17825311942957223,10.0,18.51,False,False,True,63.843919442292794
1160,605266.SH,健之佳,0.2605304212168484,26.85634975711313,1.509000533194771,1.4973363582188572,1.3834085311173552,0.8691534752537183,154542928.0,16.15,16.15,15.75,15.95,2011245.0,32025096.0,16.08,-0.8084577114427782,10.0,17.69,False,False,True,63.82455460883036
1161,002238.SZ,天威视讯,0.2962226640159045,30.929791271347273,1.586581812910365,0.9080233536927006,1.1898284816945748,0.8439985780436068,802559160.0,6.68,6.77,6.61,6.62,6150576.0,40871659.0,6.76,-2.071005917159763,10.0,7.44,False,False,True,63.78969790859799
1162,300482.SZ,万孚生物,0.11809523809523814,39.10795087265675,1.5829811269176195,1.721957227751068,1.1317633868114922,0.5196606405403352,429263727.0,16.67,16.71,16.42,16.55,3847850.0,63585891.0,16.71,-0.957510472770795,20.0,20.05,False,False,True,63.702556158017046
1163,301388.SZ,欣灵电气,0.2654424040066778,38.39056893900563,1.4853621579819078,1.632062945977595,0.7355555810547875,1.6924868164335278,72662562.0,26.04,26.57,25.61,26.02,2007118.0,52034162.0,25.87,0.5798221878623888,20.0,31.04,False,False,True,63.68125484120837
1164,300772.SZ,运达股份,0.008038585209003185,38.70625662778367,2.006265177912541,2.1911720531702565,0.8261469198754645,1.077827535574923,697965622.0,9.46,9.5,9.27,9.27,16483893.0,153744014.0,9.53,-2.728226652675758,20.0,11.44,False,False,True,63.68125484120837
1165,300510.SZ,金冠股份,0.24454148471615708,24.242424242424242,1.5552705959920328,2.473406896670468,1.0053268760896752,1.1161012541910664,824690700.0000001,3.54,3.57,3.45,3.54,22766185.0,80121977.0,3.53,0.2832861189801861,20.0,4.24,False,False,True,63.67254066615027
1166,600864.SH,哈投股份,0.3022508038585207,21.01010101010101,1.4748677605379685,2.0243337269817663,1.1793036692425123,0.8314017785982248,2080570520.0,5.85,5.89,5.74,5.76,35016723.0,202315238.0,5.89,-2.2071307300509324,10.0,6.48,False,False,True,63.636715724244766
1167,002423.SZ,中粮资本,0.30316742081447956,29.71285892634208,1.4058925774286675,1.038833092533092,1.583952455110929,1.3047248634715167,2304105575.0,9.97,10.0,9.66,9.7,31229648.0,305540802.0,10.02,-3.1936127744511045,10.0,11.02,False,False,True,63.62316034082106
1168,002858.SZ,力盛体育,0.32199270959902804,31.006160164271044,1.462617166337966,2.251528042149827,0.5418110760087838,1.4037106240851187,147391713.0,12.28,12.46,12.12,12.31,4658306.0,57156145.0,12.39,-0.6456820016142006,10.0,13.63,False,False,True,63.5979860573199
1169,601965.SH,中国汽研,0.3539140022050717,39.70988213961923,1.227167032094291,0.8264370011972031,0.9850717980563227,0.8957975883818565,998405727.0,14.2,14.28,13.87,14.17,7391400.0,103917630.0,14.24,-0.49157303370787053,10.0,15.66,False,False,True,63.580557707203724
1170,300463.SZ,迈克生物,0.23380726698262239,28.335451080050824,1.4584908280099955,1.816527042619441,1.310726139298934,0.45661807105378893,491598938.0,9.35,9.36,9.19,9.21,4077612.0,37642782.0,9.35,-1.4973262032085488,20.0,11.22,False,False,True,63.48373353989156
1171,002599.SZ,盛通股份,0.23926380368098155,32.644628099173566,1.4938800140478288,2.1471096069839724,0.8616250101932643,1.052586119840073,413371086.0,5.95,6.04,5.88,5.97,9342260.0,55634779.0,6.01,-0.6655574043261225,10.0,6.61,False,False,True,63.47986057319906
1172,300441.SZ,鲍斯股份,0.3670886075949367,25.12820512820515,1.570555169423082,1.0700984194365017,1.1787069572374183,1.3548405983520775,629019147.0,6.98,7.16,6.96,7.07,9119600.0,64635250.0,7.01,0.8559201141226991,20.0,8.41,False,False,True,63.43725793958173
1173,300078.SZ,思创智联,0.16202531645569623,31.538461538461537,1.5602508360644407,2.398064506210844,1.0703275284700957,0.6815843721585357,1113367148.0,3.2,3.23,3.16,3.17,18197800.0,57881353.0,3.24,-2.1604938271605034,20.0,3.89,False,False,True,63.414020139426796
1174,603737.SH,三棵树,0.10283818650939917,34.36041083099906,1.9512750248354227,1.2989210481876952,1.6754429753667455,0.5100877471672235,885380968.0,24.0,24.09,23.64,23.76,5866213.0,139718867.0,24.21,-1.8587360594795488,10.0,26.63,False,False,True,63.35592563903951
1175,300375.SZ,鹏翎股份,0.2536764705882351,39.385474860335194,1.1857773105021798,1.9429208862076837,0.8807883890514463,1.1724838222579275,532628329.0,4.25,4.31,4.21,4.3,12133504.0,51632537.0,4.27,0.7025761124121788,20.0,5.12,False,False,True,63.27846630518976
1176,688050.SH,爱博医疗,0.10914023372287152,27.618506954300326,2.0747368211550112,1.8924323374650713,1.384913538388668,0.529636550275895,193437735.0,40.41,40.43,39.27,39.59,1938829.0,76701424.0,40.46,-2.150271873455256,20.0,48.55,False,False,True,63.21068938807126
1177,300324.SZ,旋极信息,0.11440677966101696,32.398753894081,2.3763033871029884,1.9972093786728446,0.8428664224969664,0.8039595035923545,1709983348.0,3.71,3.74,3.64,3.68,27456783.0,101026046.0,3.75,-1.866666666666661,20.0,4.5,False,False,True,63.15453137103022
1178,300239.SZ,东宝生物,0.3119658119658122,28.923766816143505,1.4693292844792705,1.6313261885934924,0.9840029148257241,0.6286431251013324,589777015.0,5.19,5.21,5.09,5.13,6048293.0,31047703.0,5.19,-1.1560693641618602,20.0,6.23,False,False,True,63.119674670797835
1179,300190.SZ,维尔利,0.25806451612903225,34.036144578313255,1.8622946262037388,1.6067368060431229,0.6819392237388461,0.6606937043312457,944241642.0,3.79,3.81,3.72,3.78,10023700.0,37684404.0,3.8,-0.5263157894736858,20.0,4.56,False,False,True,63.11192873741286
1180,600518.SH,康美药业,0.2252252252252252,29.31034482758621,1.7723252525059832,1.4456969514456672,1.1352301305536676,0.5952170857614301,13822352188.0,1.41,1.42,1.39,1.39,118941828.0,166524471.0,1.41,-1.4184397163120588,10.0,1.55,False,False,True,63.10224632068163
1181,603077.SH,和邦生物,0.3313253012048194,23.188405797101442,1.6220222546347767,1.9175461750846639,0.9202889964252707,1.8514455394831404,8831707728.0,2.43,2.45,2.32,2.35,313546101.0,738096129.0,2.43,-3.292181069958855,10.0,2.67,False,False,True,63.088690937257944
1182,603101.SH,汇嘉时代,0.21559074299634584,30.000000000000004,1.692243378217838,1.9719870323129212,0.9678324105015593,1.0619704541512407,470400000.0,7.72,7.78,7.57,7.69,9851079.0,75404849.0,7.77,-1.0296010296010238,10.0,8.55,False,False,True,63.08384972889232
1183,000155.SZ,川能动力,0.29497907949790797,30.879541108986608,1.401872382218342,2.0978066744468045,0.8560085282924553,0.8805337964111362,1846168342.0,12.55,12.55,12.13,12.25,34102231.0,418377913.0,12.6,-2.777777777777779,10.0,13.86,False,False,True,63.059643687064295
1184,600241.SH,时代万恒,0.3969631236442516,31.51618398637137,1.650849262300083,1.3863683242643314,0.579927054841907,0.8214971978828127,294302115.0,7.67,7.67,7.51,7.65,3351800.0,25463181.0,7.7,-0.649350649350644,10.0,8.47,False,False,True,63.05383423702556
1185,301131.SZ,聚赛龙,0.28541753219775645,37.29729729729729,1.2186976600441102,2.231764129919239,0.7696330997600854,0.9162957482710025,39154877.0,34.48,34.61,33.95,34.45,800700.0,27461412.0,34.62,-0.4910456383593109,20.0,41.54,False,False,True,62.97831138652208
1186,000159.SZ,国际实业,0.3183183183183182,34.69387755102038,1.360118106792015,2.0996072442800986,0.6721870503750458,0.8374330129143437,480668493.0,5.94,5.97,5.81,5.83,8451500.0,49521778.0,5.96,-2.181208053691275,10.0,6.56,False,False,True,62.9705654531371
1187,600426.SH,华鲁恒升,0.25015752993068696,28.757062146892665,1.5915188112880816,1.6036154149973447,1.1784050835809776,1.5256579285307967,2749579013.0000005,21.95,22.3,20.6,20.68,67270336.0,1424195019.0,21.67,-4.56852791878174,10.0,23.84,False,False,True,62.83307513555383
1188,002092.SZ,中泰化学,0.2297551789077212,36.78474114441417,1.3659427552974313,2.2193304706203563,0.871204114451167,1.2682138104412457,2575637892.0,4.93,4.97,4.69,4.8,72493532.0,346375667.0,4.89,-1.8404907975460127,10.0,5.38,False,False,True,62.794345468628975
1189,002530.SZ,金财互联,0.1706293706293707,29.793977812995244,1.5819937781860696,2.4218516886950083,1.1674223494021103,0.6846175707770468,706661559.0,7.46,7.55,7.41,7.51,11716747.0,87836735.0,7.53,-0.26560424966800555,10.0,8.28,False,False,True,62.70914020139426
1190,688317.SH,之江生物,0.1929698708751792,31.215846994535525,1.7766997971550218,1.593173625892855,1.1670156799382643,0.4426008656291678,189843712.0,17.25,17.32,17.0,17.01,1338664.0,22845082.0,17.33,-1.8465089440276805,20.0,20.8,False,False,True,62.66266460108443
1191,000803.SZ,山高环能,0.28835489833641403,32.93515358361774,1.5327474586549177,2.0457798335303603,0.7454333360348042,1.1348045861007812,464888628.0,7.39,7.6,7.3,7.55,10792670.0,80497731.0,7.42,1.7520215633423097,10.0,8.16,False,False,True,62.65879163439193
1192,002707.SZ,众信旅游,0.2449888641425391,24.782608695652186,1.4942924057551628,2.300615029366649,1.2436868001292123,1.3545311235896969,865278032.0,5.66,5.73,5.58,5.66,26964267.0,152891373.0,5.7,-0.7017543859649145,10.0,6.27,False,False,True,62.51936483346242
1193,000537.SZ,绿发电力,0.12112259970457907,37.075332348596746,2.3660456752857693,1.6778775636860817,0.8129955719610858,0.3287472989652622,2055717899.0,7.55,7.59,7.46,7.49,11339293.0,85086686.0,7.59,-1.3175230566534912,10.0,8.35,False,False,True,62.507745933384975
1194,300306.SZ,远方信息,0.32524964336661927,30.299401197604816,1.381745018646077,1.7889277689695762,0.9528279438857337,0.699827510886876,157651136.0,10.51,10.66,10.45,10.55,1973699.0,20815269.0,10.63,-0.7525870178739402,20.0,12.76,False,False,True,62.50193648334624
1195,688608.SH,恒玄科技,0.06221883339687379,37.920242301867766,2.162476633515604,1.9030267958331848,0.9192225787570302,0.5877524602096987,236886047.0,105.61,108.03,103.8,103.92,2649591.0,279627775.0,107.21,-3.0687435873519187,20.0,128.65,False,False,True,62.501936483346235
1196,301167.SZ,建研设计,0.3667546174142479,31.461675579322623,1.2655655134644719,2.0397614269208217,0.8203088470109416,1.248784093765249,105807244.0,14.01,14.07,13.79,14.0,2695145.0,37546437.0,14.0,0.0,20.0,16.8,False,False,True,62.428350116189
1197,600475.SH,华光环能,0.23216995447647956,33.11475409836064,1.8925680491301329,1.3258775496855522,0.9636674726707048,0.45655884038713984,942885729.0,15.16,15.28,14.94,15.07,5707675.0,86027143.0,15.26,-1.245085190039319,10.0,16.79,False,False,True,62.29085979860574
1198,688113.SH,联测科技,0.36626506024096395,38.20263705759888,1.635694000042141,0.9957896074911728,0.6968331603740268,0.8123297698514903,64397559.0,36.02,36.38,35.71,36.05,520918.0,18750309.0,36.42,-1.0159253157605797,20.0,43.7,False,False,True,62.2172734314485
1199,603658.SH,安图生物,0.391859537110934,25.940383250532296,1.55812613463619,0.7818600365603982,1.888325749092184,0.6608080918908945,571424768.0,33.08,33.48,32.7,32.95,2952320.0,97882662.0,33.09,-0.42308854638863913,10.0,36.4,False,False,True,62.192099147947324
1200,600438.SH,通威股份,0.08605851979345955,38.856589147286826,2.051734535696581,1.4001956732058582,1.1576381871092996,0.6160146370710767,4501990940.0,11.73,11.79,11.35,11.36,38831519.0,445265696.0,11.82,-3.891708967851104,10.0,13.0,False,False,True,62.182416731216115
1201,300708.SZ,聚灿光电,0.2631578947368419,32.00589970501473,1.6639415047391466,2.497813154457797,0.6031419171770971,2.3045104292303566,714426314.0,8.22,8.68,8.17,8.58,41124068.0,349946293.0,8.28,3.6231884057971175,20.0,9.94,False,False,True,62.168861347792415
1202,301083.SZ,百胜智能,0.21677419354838706,34.959349593495936,1.6471258447896069,2.1423313605712,0.8314479757684567,0.8109515013957708,86943917.0,14.34,14.45,14.16,14.37,1510500.0,21619029.0,14.43,-0.4158004158004158,20.0,17.32,False,False,True,62.16692486444617
1203,603081.SH,大丰实业,0.2833583208395803,26.913580246913572,1.9224619840499462,1.1298993409333415,1.1386559570661896,0.6140162403860175,422499149.00000006,9.91,10.04,9.87,9.99,2931200.0,29202870.0,9.99,0.0,10.0,10.99,False,False,True,62.16111541440744
1204,000850.SZ,华茂股份,0.3130990415335462,34.7181008902077,1.5165114879732131,1.0655607385326236,1.0407108892892178,0.9286526259305525,943374379.0,4.3,4.34,4.26,4.28,9335027.0,40029879.0,4.35,-1.6091954022988353,10.0,4.79,False,False,True,62.155305964368715
1205,301298.SZ,东利机械,0.3914209115281502,37.6953125,1.3556584139061965,1.47380489527181,0.6990589996460262,0.9378430650437056,108204492.0,13.08,13.22,12.89,13.12,1495600.0,19587013.0,13.16,-0.3039513677811634,20.0,15.79,False,False,True,62.13594113090628
1206,301097.SZ,天益医疗,0.22546552591846994,33.037542662116024,1.6330938920091937,1.9831377685245681,0.9361833848744084,1.8900742244994342,39590371.0,33.0,34.96,33.0,34.61,1483957.0,50462001.0,33.26,4.058929645219478,20.0,39.91,False,False,True,62.08559256390396
1207,603307.SH,扬州金泉,0.3594009983361064,29.431438127090303,1.513249990689674,0.9740349459598511,1.2703467602816503,1.0968270902658894,97150000.0,25.0,25.4,24.67,25.15,1037900.0,25988571.0,25.25,-0.3960396039603964,10.0,27.78,False,False,True,62.06816421378776
1208,688692.SH,达梦数据,0.07444622059831014,38.349802371541486,2.1281114400296635,2.0277389887384127,0.8892076747079884,0.6152187557580735,74164708.0,210.0,210.06,206.65,207.2,925207.0,192217321.0,212.18,-2.3470638137430555,20.0,254.62,False,False,True,62.02749806351665
1209,603208.SH,江山欧派,0.32694763729246484,35.49083063646172,1.5931668001785257,1.1092145458101985,0.894471630748803,0.5594195396916662,175879347.00000003,11.78,11.82,11.52,11.64,1091360.0,12687535.0,11.83,-1.6060862214708371,10.0,13.01,False,False,True,62.010069713400476
1210,300579.SZ,数字认证,0.2132206759443341,26.264189886480914,1.6602907839451149,1.998575236023856,1.4304234767563433,1.0314266663424887,262800019.0,23.6,23.84,22.99,23.61,5417317.0,127470896.0,23.67,-0.25348542458809575,20.0,28.4,False,False,True,62.00813323005422
1211,603969.SH,银龙股份,0.24058577405857734,26.466165413533837,1.6881975053084748,2.015469504099444,1.100812595212973,0.5432987108988171,851553800.0,7.75,7.76,7.61,7.65,9324531.0,71482035.0,7.8,-1.9230769230769162,10.0,8.58,False,False,True,61.97714949651433
1212,601003.SH,柳钢股份,0.23443223443223443,28.527607361963202,1.9775437838257541,1.0324949921827429,1.490396477892413,0.8855379434629677,2562793200.0,3.9,3.94,3.79,3.88,23431964.0,90222131.0,3.9,-0.512820512820511,10.0,4.29,False,False,True,61.969403563129354
1213,300611.SZ,美力科技,0.28954423592493306,27.477477477477485,1.8013736341898974,2.3358627722787455,0.681864797579409,1.2262878259370735,148302980.0,26.35,26.59,26.05,26.34,4248050.0,111993361.0,26.52,-0.6787330316742057,20.0,31.82,False,False,True,61.94616576297444
1214,603076.SH,乐惠国际,0.21359846055163578,36.44115974985787,1.8795458952828192,1.9414428807023008,0.70228824190855,0.7609199599555789,120701344.0,20.92,21.08,20.4,21.06,1783100.0,37037834.0,20.92,0.6692160611854625,10.0,23.01,False,False,True,61.86289697908598
1215,002835.SZ,同为股份,0.3508522727272729,23.616236162361638,1.366642611627252,2.151900169295779,1.0981260810377964,0.7799671248523843,127453854.0,13.29,13.38,13.11,13.29,2139200.0,28320966.0,13.31,-0.15026296018032514,10.0,14.64,False,False,True,61.837722695584816
1216,001236.SZ,弘业期货,0.30161579892280066,25.93703148425788,1.699764489237679,1.6021619881858562,1.06422091179125,1.1393728808228538,758077778.0,8.25,8.42,8.08,8.15,13838406.0,113292788.0,8.35,-2.39520958083832,10.0,9.19,False,False,True,61.81254841208366
1217,000558.SZ,天府文旅,0.18281938325991187,36.63366336633662,1.5147432071589821,2.2193180732689326,1.0001929766811757,1.8636757700761009,1288679883.0,3.85,3.92,3.78,3.87,53300951.0,205937509.0,3.86,0.2590673575129543,10.0,4.25,False,False,True,61.79705654531371
1218,605008.SH,长鸿高科,0.34505494505494505,30.161750713606096,1.4578100465176527,0.831374106853214,2.229251671877241,1.0801427482316492,645962414.0,13.22,13.53,13.16,13.52,5800760.0,77492022.0,13.34,1.3493253373313419,10.0,14.67,False,False,True,61.78350116189001
1219,000045.SZ,深纺织Ａ,0.3620025673940951,36.084905660377345,1.225102280404125,1.5515955452711792,0.9160134899910157,0.7943551286845913,457021849.0,11.24,11.3,11.02,11.08,5632876.0,62697006.0,11.3,-1.9469026548672663,10.0,12.43,False,False,True,61.6440743609605
1220,600738.SH,丽尚国潮,0.3726415094339624,25.77903682719549,1.2986176465670163,1.6666054001957995,1.336641757808892,1.0145374837941685,760666196.0,4.31,4.36,4.24,4.32,12861600.0,55441952.0,4.32,0.0,10.0,4.75,False,False,True,61.62083656080558
1221,600778.SH,友好集团,0.2992700729927006,31.23644251626896,1.3389241561780263,2.1935833229209085,0.9588668802692057,1.92151244857048,311214882.0,5.92,5.98,5.73,5.81,13117700.0,76241817.0,5.84,-0.5136986301369939,10.0,6.42,False,False,True,61.60534469403564
1222,600831.SH,广电网络,0.2905405405405405,31.85185185185184,1.4401446215464992,1.8871596899589898,0.9870464356812956,1.1714591579249183,710946992.0,3.56,3.57,3.44,3.49,15717122.0,54570453.0,3.56,-1.96629213483146,10.0,3.92,False,False,True,61.51820294345469
1223,603099.SH,长白山,0.25855093784479566,28.262176788935655,1.350928552740663,2.4377741679580476,1.1973848924635628,0.9130362696697881,272355860.0,39.92,40.15,38.75,39.44,6062032.0,239721366.0,39.91,-1.1776497118516582,10.0,43.9,False,False,True,61.4736638264911
1224,603708.SH,家家悦,0.23280423280423285,24.484848484848488,2.0783208116113245,1.2853337689432605,1.9006851334916315,0.7859561128771171,638338675.0,9.49,9.62,9.35,9.42,6448599.0,60752159.0,9.57,-1.5673981191222652,10.0,10.53,False,False,True,61.403950426026334
1225,300272.SZ,开能健康,0.2264631043256997,28.007889546351073,1.618976826851135,2.4396986113361376,1.0507227747339563,0.5957840123667751,464472015.0,5.91,5.94,5.81,5.87,6751256.0,39505556.0,5.96,-1.5100671140939603,20.0,7.15,False,False,True,61.39620449264136
1226,600865.SH,百大集团,0.13557133634602972,37.31931668856765,1.740990766585257,1.9478550113699096,1.0944022326438216,2.2199559006766605,376240316.0,9.61,9.72,9.23,9.38,16269204.0,153010192.0,9.71,-3.3985581874356297,10.0,10.68,False,False,True,61.37683965917894
1227,600657.SH,信达地产,0.2409090909090908,32.14285714285714,1.8886320807453605,1.028387149839381,1.2998456474032507,4.240873260083851,2851878595.0,2.83,3.05,2.69,3.05,124377828.0,363209889.0,2.77,10.10830324909746,10.0,3.05,True,False,True,61.357474825716494
1228,300188.SZ,国投智能,0.16743648960739038,37.06140350877194,1.5308250217340456,1.835656355010995,1.3483005458341932,0.510983375413165,855508590.0,10.5,10.6,10.33,10.34,8024584.0,83488419.0,10.57,-2.1759697256386046,20.0,12.68,False,False,True,61.31293570875289
1229,688288.SH,鸿泉技术,0.2794196668457819,39.05723905723906,1.6425322716181632,1.4550898241387735,0.7764640171846733,1.9313766609343477,99813704.0,20.05,20.5,19.56,19.85,2805091.0,55675782.0,20.05,-0.9975062344139585,20.0,24.06,False,False,True,61.278079008520535
1230,002492.SZ,恒基达鑫,0.2815356489945155,38.27433628318586,1.7127807090201117,1.511339765526999,0.7246626130659323,1.7723023372250937,397834725.00000006,6.12,6.22,5.87,6.08,10656206.0,64043854.0,6.06,0.33003300330034513,10.0,6.67,False,False,True,61.235476374903186
1231,688543.SH,国科军工,0.21380031364349195,27.801204819277103,1.6976672263728587,2.325009310366576,1.091006369975359,3.726318971549651,250610433.0,41.65,46.88,41.48,45.01,21712202.0,956782814.0,41.38,8.772353794103417,20.0,49.66,False,False,True,61.216111541440746
1232,688330.SH,宏力达,0.2963839134842853,31.878866818625863,1.8849344538934425,1.1132397857142813,0.9755331744098816,1.7713922112916631,140000000.0,38.0,38.8,37.4,37.5,2760778.0,104756189.0,38.2,-1.832460732984298,20.0,45.84,False,False,True,61.185127807900855
1233,600179.SH,安通控股,0.39563862928348925,19.85472154963681,1.833833917239072,1.26189674729812,1.2048278357988962,0.5706161927350162,3862278495.0,4.58,4.64,4.53,4.54,27810673.0,126650382.0,4.61,-1.5184381778741929,10.0,5.07,False,False,True,61.152207591014715
1234,002488.SZ,金固股份,0.09359605911330054,38.82352941176468,1.6650029602923637,2.452859502450707,1.0561274681277502,0.6130602408916784,920083999.0,8.18,8.19,7.96,8.02,13835769.0,110850825.0,8.22,-2.4330900243309084,10.0,9.04,False,False,True,61.14833462432222
1235,301606.SZ,绿联科技,0.07350963693411015,36.897274633123665,2.2238047053232393,2.0878047371460493,0.9429651925578936,3.1970121683287065,164998797.0,51.5,57.86,51.05,55.14,11013236.0,613557383.0,50.98,8.160062769713615,20.0,61.18,False,False,True,61.14252517428349
1236,600684.SH,珠江股份,0.2326203208556149,34.602076124567475,1.5359934242014486,1.992146204483269,0.9967775918961376,0.7962107624117545,853460723.0,3.76,3.79,3.68,3.75,13537323.0,50687757.0,3.76,-0.26595744680850686,10.0,4.14,False,False,True,61.04570100697134
1237,605138.SH,盛泰集团,0.33975903614457836,38.43058350100603,1.4248487193114923,0.89744734648821,1.069232407287475,2.399075019264582,555571680.0,6.4,6.42,6.05,6.13,11961700.0,73548730.0,6.38,-3.9184952978056464,10.0,7.02,False,False,True,61.02246320681641
1238,002420.SZ,毅昌科技,0.3741496598639455,36.03411513859274,1.2284634959035823,1.9725040201739172,0.7882236426150839,0.8836550125098864,403867700.0,6.31,6.34,6.23,6.3,7039531.0,44157991.0,6.34,-0.6309148264984188,10.0,6.97,False,False,True,60.983733539891546
1239,002314.SZ,南山控股,0.21428571428571444,37.17277486910995,1.592130180001095,1.9536744526054208,0.9503822185066381,0.9591643343754798,1338333414.0,2.22,2.24,2.17,2.22,25078961.0,55153114.0,2.24,-0.8928571428571397,10.0,2.46,False,False,True,60.90724244771495
1240,600422.SH,昆药集团,0.18884120171673813,32.191780821917824,1.7661503408349355,1.6353455094863707,1.4830493985639333,0.44897197683878465,756975757.0,8.61,8.61,8.47,8.52,5557900.0,47383865.0,8.62,-1.1600928074245953,10.0,9.48,False,False,True,60.857862122385754
1241,600736.SH,苏州高新,0.276923076923077,36.27118644067795,1.3470296412622818,2.279728381059151,0.8578119877180197,0.9694896579938503,1151292907.0,6.76,6.78,6.62,6.69,25445566.0,169857619.0,6.82,-1.9061583577712593,10.0,7.5,False,False,True,60.836560805577065
1242,300509.SZ,新美星,0.2343096234309622,33.614627285513365,1.5475230281666188,2.2559694950201044,0.9549217461909456,0.7868843789687406,247103523.0,9.26,9.39,9.15,9.32,4386550.0,40694153.0,9.35,-0.3208556149732589,20.0,11.22,False,False,True,60.755228505034864
1243,000683.SZ,博源化工,0.2386634844868735,29.001883239171367,1.3797594517366492,2.4264588421514324,1.4291482186456799,1.3141481977262248,3338565773.0,6.34,6.34,6.03,6.12,106457732.0,649810867.0,6.31,-3.011093502377171,10.0,6.94,False,False,True,60.66615027110767
1244,301006.SZ,迈拓股份,0.3945409429280397,33.81818181818181,1.52480384163046,1.6667148675875825,0.7320154825566589,0.7346009120912058,86236250.0,14.1,14.23,13.89,14.17,1055851.0,14860861.0,14.18,-0.07052186177715081,20.0,17.02,False,False,True,60.633230054221535
1245,002030.SZ,达安基因,0.2176470588235295,24.374999999999993,2.041034259248117,1.9456766400262917,1.2424215190976915,0.5141831759340596,1403446032.0000002,5.53,5.54,5.46,5.47,14040554.0,77196174.0,5.54,-1.263537906137191,10.0,6.09,False,False,True,60.631293570875286
1246,600346.SH,恒力石化,0.36514522821576767,35.02710027100271,1.9249253813819212,0.540337447348691,0.9089635061050391,0.908597292957747,7039099786.0,19.36,19.37,18.3,18.39,34558400.0,641771975.0,19.16,-4.018789144050105,10.0,21.08,False,False,True,60.631293570875286
1247,001278.SZ,一彬科技,0.27064538514920183,38.625592417061604,1.445394577129892,2.248449753748092,0.7451618646371297,1.842991511245598,85348376.00000001,16.45,18.22,16.31,18.22,3536729.0,61707944.0,16.56,10.024154589371982,10.0,18.22,True,False,True,60.602246320681644
1248,300972.SZ,万辰集团,0.24836349634193322,36.004879536444044,1.7425180322229963,1.1660843341236353,1.1113336896582366,0.6604905801037003,180717761.0,183.29,184.49,179.74,183.25,1391866.0,253333089.0,183.3,-0.027277686852156258,20.0,219.96,False,False,True,60.573199070487995
1249,605136.SH,丽人丽妆,0.2365887207702888,28.529839883551666,1.7546794957728,2.0581524552481683,1.0587221993859908,1.0465726021235904,400458500.0,8.56,8.75,8.45,8.61,8625900.0,74195500.0,8.59,0.2328288707799775,10.0,9.45,False,False,True,60.55964368706429
1250,000702.SZ,正虹科技,0.36968085106383,31.85840707964602,1.4235519096741207,1.906861475833782,0.8459646809008026,1.0603401444620568,346624948.0,5.9,5.93,5.73,5.82,6906800.0,40068769.0,5.91,-1.522842639593902,10.0,6.5,False,False,True,60.542215336948104
1251,600743.SH,华远控股,0.27840909090909083,35.63829787234043,1.931874900193323,1.4344081758353198,0.7724349788312753,2.5675621166114113,2346100874.0,2.22,2.25,2.08,2.14,86405302.0,184743127.0,2.26,-5.309734513274322,10.0,2.49,False,False,True,60.515104570100696
1252,002483.SZ,润邦股份,0.22255192878338284,31.645569620253156,1.4739340668783751,1.9529312110793091,1.6865454737901848,0.570864437258567,885250799.0,5.46,5.53,5.4,5.51,9869298.0,54039240.0,5.49,0.36429872495444826,10.0,6.04,False,False,True,60.44539116963594
1253,002021.SZ,中捷资源,0.34090909090909094,32.86384976525822,1.4589675951791865,2.226937024535049,0.7575450634917611,0.9537652231835827,1195437891.0,2.71,2.75,2.68,2.73,25390803.0,69020503.0,2.73,0.0,10.0,3.0,False,False,True,60.41247095274982
1254,000421.SZ,南京公用,0.3043478260869564,25.872689938398352,1.3334635146991332,2.180108622724879,1.586929315086831,1.0178123512135209,574208022.0,5.88,5.94,5.8,5.91,12741340.0,74889252.0,5.85,1.0256410256410442,10.0,6.44,False,False,True,60.40859798605731
1255,600444.SH,国机通用,0.32301341589267296,32.09982788296042,1.0092325511942204,2.2298783081212137,1.243667317379753,0.5844048826612943,146421932.0,14.75,14.8,14.54,14.69,1908100.0,27957671.0,14.75,-0.40677966101695384,10.0,16.23,False,False,True,60.40666150271108
1256,600686.SH,金龙汽车,0.1144321093082835,36.04766633565044,1.9482516531757361,2.4378955192582423,0.9679961537904599,0.7488244211413349,717047417.0,11.38,11.56,11.24,11.27,13090100.0,149205170.0,11.41,-1.2269938650306789,10.0,12.55,False,False,True,60.40085205267235
1257,601162.SH,天风证券,0.29929577464788737,33.22368421052631,1.243713414443763,1.8817837841995775,1.2310347169591331,1.054406336406459,8597970474.0,3.85,3.87,3.77,3.79,170597899.0,648661635.0,3.89,-2.570694087403602,10.0,4.28,False,False,True,60.39504260263362
1258,001328.SZ,登康口腔,0.2551944592434736,36.04938271604938,1.6682723982344936,1.1432743578438571,1.2056464347256208,1.0293802231457483,161716900.0,28.79,29.97,28.79,29.78,1903188.0,56338904.0,29.09,2.371949123410122,10.0,32.0,False,False,True,60.3718048024787
1259,600096.SH,XD云天化,0.3919878296146045,31.096625766871156,1.372601921819406,1.9822008820734878,0.863246778215692,1.285552069557417,1822990731.0,31.76,31.97,30.41,30.69,46453859.0,1449405747.0,31.73,-3.2776552158840233,10.0,34.9,False,False,True,60.36986831913246
1260,301221.SZ,光庭信息,0.24398148148148144,31.754530477759467,1.5498181393759567,2.252671892468918,1.027892275747487,0.7757099805968035,89340795.99999999,29.21,29.37,28.91,29.18,1561159.0,45465277.0,29.55,-1.252115059221659,20.0,35.46,False,False,True,60.290472501936485
1261,000607.SZ,华媒控股,0.35555555555555557,33.670033670033675,1.4255619064875602,1.4547591474952686,1.0050051007304002,1.0876995181597615,885062168.0,3.9,3.95,3.83,3.86,14004700.0,54198562.0,3.93,-1.7811704834605702,10.0,4.32,False,False,True,60.2730441518203
1262,000514.SZ,渝 开 发,0.20353982300884968,29.66101694915253,1.8963807271746724,1.6738078442886404,1.3773451753778576,1.7544180760369077,843770965.0,4.19,4.29,4.1,4.21,24777830.0,103525378.0,4.23,-0.47281323877069736,10.0,4.65,False,False,True,60.26142525174284
1263,688151.SH,华强科技,0.26685934489402696,30.701754385964897,1.7888778996174302,1.116658258345424,1.569412613762278,2.1055355995965255,344500000.0,16.4,17.52,16.35,16.98,8099759.0,138679728.0,16.45,3.221884498480243,20.0,19.74,False,False,True,60.19752130131681
1264,600650.SH,锦江在线,0.21794871794871806,28.66379310344829,1.7380031468418047,1.7389770190923846,1.9227551530857647,1.007487032116075,390560075.0,11.03,11.14,10.78,10.79,6842600.0,74502656.0,11.15,-3.228699551569514,10.0,12.27,False,False,True,60.13361735089079
1265,600715.SH,文投控股,0.1739130434782609,27.97202797202798,2.2759499726176484,1.5651322444473013,1.579562525185346,1.0598235363901136,2862372241.0,1.75,1.76,1.69,1.71,47480000.0,81291941.0,1.75,-2.285714285714291,10.0,1.93,False,False,True,60.11037955073586
1266,000792.SZ,盐湖股份,0.39480633802816906,36.18612380556709,1.697707244072225,1.2026412523866323,0.7301902247235206,1.102108639385699,5291518096.0,27.55,27.55,26.65,26.94,70135967.0,1891262147.0,27.85,-3.2675044883303417,10.0,30.64,False,False,True,60.03485670023239
1267,301320.SZ,豪江智能,0.37085308056872035,39.57759412304866,1.2584738934365582,1.623537732410724,0.8492661213531069,0.9480047785897864,114209175.0,13.9,14.07,13.75,14.02,1757818.0,24460855.0,14.02,0.0,20.0,16.82,False,False,True,59.87993803253292
1268,300024.SZ,机器人,0.05737704918032787,39.674681753889665,1.89542477147102,2.3661382358384824,1.0643787712833666,0.4702048192366378,1565174707.0,14.44,14.49,14.23,14.27,17413658.0,248950080.0,14.55,-1.9243986254295575,20.0,17.46,False,False,True,59.75987606506584
1269,300215.SZ,电科院,0.21782178217821785,39.23809523809523,1.8513871475167036,1.8765315221969496,0.7928076909345805,0.9891165487219522,749094187.0,6.52,6.54,6.42,6.49,13904000.0,90222646.0,6.57,-1.21765601217656,20.0,7.88,False,False,True,59.74438419829588
1270,002825.SZ,纳尔股份,0.313821138211382,33.06122448979592,1.5051504461059158,1.6967290292145116,1.013605855165514,4.401689373563949,257809758.0,9.3,10.15,9.16,9.9,19184777.0,187391833.0,9.28,6.68103448275863,10.0,10.21,False,False,True,59.705654531371025
1271,001209.SZ,洪兴股份,0.21001458434613507,38.24982357092448,1.6797793685701201,2.100898590021844,0.8973987499211258,1.3351672323697539,96126596.0,18.58,18.88,18.33,18.68,2696400.0,50157779.0,18.49,1.0275824770145991,10.0,20.34,False,False,True,59.68435321456235
1272,600638.SH,新黄浦,0.2507552870090634,30.98591549295775,1.7243349076265837,1.7884764674240623,1.1293973333808467,1.0864114443465205,673396786.0,5.05,5.1,4.94,5.04,13084243.0,65541187.0,5.09,-0.9823182711198419,10.0,5.6,False,False,True,59.663051897753675
1273,300261.SZ,雅本化学,0.17995444191343962,35.36299765807964,1.7102504714378644,1.8444295027459554,1.3264268789741678,0.5639844825057283,942830489.0,5.08,5.09,4.94,4.99,9807602.0,48854432.0,5.06,-1.383399209486158,20.0,6.07,False,False,True,59.65530596436871
1274,600571.SH,信雅达,0.21435897435897436,29.06077348066296,1.6661154448174433,2.3157970534082266,1.2989218334125405,0.5299632814667589,457751703.0,11.03,11.12,10.93,11.05,5617929.0,62009818.0,11.14,-0.8078994614003632,10.0,12.25,False,False,True,59.55460883036405
1275,000503.SZ,国新健康,0.20000000000000004,28.407224958949094,2.1136589442906617,1.782776344319352,1.312615222681739,0.7987491575542606,979235472.0,7.32,7.39,7.15,7.17,13944226.0,100782613.0,7.38,-2.8455284552845517,10.0,8.12,False,False,True,59.27962819519752
1276,601519.SH,大智慧,0.16579770594369134,34.412955465587046,1.9402422380807778,1.929069582135167,1.170195525093042,0.7586463619226383,1989160000.0,8.92,8.99,8.73,8.79,29110991.0,257156673.0,9.0,-2.333333333333343,10.0,9.9,False,False,True,59.26219984508134
1277,605339.SH,南侨食品,0.216148023549201,39.48763250883391,1.7879087604027741,0.803008450226951,2.48294667817134,0.45329011756221843,424290616.0,13.76,13.86,13.63,13.78,1544400.0,21225709.0,13.89,-0.7919366450684029,10.0,15.28,False,False,True,59.2563903950426
1278,000705.SZ,浙江震元,0.3209109730848861,27.604166666666675,1.358673067408498,2.471314321795725,1.1425343865109663,0.5423744886465797,281965270.0,7.31,7.31,7.16,7.2,3779400.0,27256788.0,7.31,-1.5047879616962967,10.0,8.04,False,False,True,59.225406661502724
1279,002105.SZ,信隆健康,0.3111888111888112,39.301310043668124,1.3582678955099505,1.8637146107049745,0.8901658269824639,0.856225809892917,364471975.0,6.3,6.37,6.22,6.28,5816100.0,36559744.0,6.36,-1.2578616352201255,10.0,7.0,False,False,True,59.18280402788536
1280,300135.SZ,宝利国际,0.2964426877470355,30.662020905923338,1.4918423653899349,2.2411653211805502,1.0257002918227627,1.192684648009006,921600000.0,3.67,3.71,3.54,3.57,24634400.0,88429419.0,3.62,-1.3812154696132617,20.0,4.34,False,False,True,59.16150271107669
1281,600533.SH,栖霞建设,0.3679999999999999,31.318681318681318,1.5542239787946266,1.5850419047619,0.9934792948689173,2.0775715708883165,1050000000.0,2.27,2.29,2.17,2.27,34576899.0,77083477.0,2.28,-0.43859649122806044,10.0,2.51,False,False,True,59.136328427575535
1282,300275.SZ,梅安森,0.2671052631578949,35.35075653370014,1.5494246813503945,2.1159541940564166,0.9401365129282683,0.6963614206128134,271461453.0,9.3,9.34,9.17,9.21,3999900.0,36941087.0,9.3,-0.9677419354838679,20.0,11.16,False,False,True,59.09566227730442
1283,300778.SZ,新城市,0.2993865030674846,36.075205640423036,1.5182379234706906,1.896159752529745,0.9030687481790938,0.9528989176309236,203602009.0,10.95,10.95,10.63,10.87,3678780.0,39779432.0,10.95,-0.7305936073059405,20.0,13.14,False,False,True,59.05693261037954
1284,002523.SZ,天桥起重,0.3661971830985916,31.818181818181834,1.4637631105110949,1.5802687172443028,1.0754084861897513,1.0236680976767258,1411542683.0,3.66,3.66,3.59,3.61,22834112.0,82705938.0,3.64,-0.8241758241758323,10.0,4.0,False,False,True,59.027885360185905
1285,688029.SH,南微医学,0.3854781582054311,22.420091324200907,1.7633850142938645,1.369962080182283,1.4663984995481323,0.5657695057754344,187847422.0,78.09,79.9,76.81,77.55,1455973.0,112873601.0,78.76,-1.5363128491620248,20.0,94.51,False,False,True,58.987219209914784
1286,002321.SZ,华英农业,0.24888888888888883,35.403726708074544,1.7010042261928622,1.521529677123266,1.1432074836666006,0.9837300667111376,2125250009.0,2.17,2.17,2.08,2.11,31810200.0,66935860.0,2.17,-2.7649769585253448,10.0,2.39,False,False,True,58.9562354763749
1287,605001.SH,威奥股份,0.30898876404494385,32.76955602536997,1.368963283527545,1.8077840264096916,1.3039262009379784,2.472784927979928,392886000.0,5.84,6.28,5.75,6.2,17563030.0,106591395.0,5.83,6.346483704974282,10.0,6.41,False,False,True,58.88071262587141
1288,600875.SH,东方电气,0.2762514113662025,38.16825528387901,1.8410226455480452,1.896124394731552,0.6683156573659522,0.8509207415849441,2263366595.0,25.03,25.08,24.53,24.55,36518324.0,900746986.0,25.28,-2.8876582278481,10.0,27.81,False,False,True,58.859411309062736
1289,600649.SH,城投控股,0.23949579831932769,25.525525525525516,2.177829907253195,1.531647894571958,1.6270942452906685,0.7831512156466289,2491800768.0,3.88,3.93,3.8,3.88,29889447.0,115176359.0,3.9,-0.512820512820511,10.0,4.29,False,False,True,58.8303640588691
1290,600059.SH,古越龙山,0.3352112676056339,19.69486823855757,1.7558391130029367,1.7941486393568344,2.0056813240046356,0.7945983649270034,911542413.0,8.42,8.58,8.31,8.34,12995200.0,109570490.0,8.4,-0.7142857142857229,10.0,9.24,False,False,True,58.80712625871417
1291,000410.SZ,沈阳机床,0.19461697722567278,33.33333333333333,2.0403509826223667,1.4810720154777932,1.3873563880734936,0.6835823387958694,1971018333.0,5.22,5.34,5.17,5.31,19955273.0,105198539.0,5.26,0.9505703422053147,10.0,5.79,False,False,True,58.743222308288146
1292,600824.SH,益民集团,0.2824074074074074,22.57053291536051,1.9295975665394682,1.6791987941660729,1.9664682093168866,0.9661192842286142,1054027073.0,3.8,3.84,3.73,3.78,17099548.0,64405072.0,3.8,-0.5263157894736858,10.0,4.18,False,False,True,58.683191324554606
1293,601611.SH,中国核建,0.19965427830596372,34.963579604578584,1.922980325309545,1.5741114660888271,1.2577775582551274,0.405340727494236,3013834212.0,10.67,10.69,10.56,10.56,19229814.0,203922534.0,10.75,-1.7674418604651132,10.0,11.83,False,False,True,58.64833462432223
1294,000930.SZ,中粮科技,0.2603092783505154,26.840855106888363,2.046008031609935,1.5014510209528689,1.427990491123233,1.450312370119809,1856302967.0,5.19,5.21,4.94,4.96,40422352.0,203328970.0,5.22,-4.980842911877392,10.0,5.74,False,False,True,58.60573199070488
1295,300329.SZ,海伦钢琴,0.29771784232365156,37.66909469302811,1.9906670731911906,1.2154251057023007,0.8467205713733129,0.6582769093076792,252140431.0,12.48,12.49,12.18,12.38,2017341.0,24882378.0,12.48,-0.8012820512820484,20.0,14.98,False,False,True,58.431448489542994
1296,601595.SH,上海电影,0.15627906976744182,28.056628056628053,2.435278596147128,1.8703584672021374,1.5784663378095747,2.2512558874509834,448200000.0,18.85,19.13,18.08,18.13,18872158.0,347432162.0,18.9,-4.074074074074074,10.0,20.79,False,False,True,58.42951200619674
1297,688098.SH,申联生物,0.21722113502935425,37.49999999999998,2.065751674440496,1.0143622091154336,1.3290746212556916,0.33847002925312974,410644000.0,8.43,8.46,8.25,8.27,1409869.0,11694605.0,8.4,-1.5476190476190532,20.0,10.08,False,False,True,58.3830364058869
1298,603605.SH,珀莱雅,0.33582355033795785,25.084618277547953,1.7481816477660683,1.5780142979164504,1.42440733267104,0.9755255962024842,395976100.0,62.11,63.77,62.09,62.8,6095629.0,383702571.0,62.62,0.28744809964866835,10.0,68.88,False,False,True,58.350116189000765
1299,688213.SH,思特威-W,0.3941236068895643,26.355873528732985,1.9606770575663859,2.1488050631320568,0.6941647560693087,0.7644850356494085,323509476.0,95.88,96.49,94.2,94.3,5314385.0,505979398.0,96.8,-2.5826446280991733,20.0,116.16,False,False,True,58.293958171959716
1300,002603.SZ,以岭药业,0.27245508982035915,25.175808720112514,1.7542099490875416,1.9851387533309295,1.6762642505635803,0.478292023502375,1376272762.0,16.0,16.08,15.73,15.75,13067380.0,206831194.0,16.04,-1.8079800498753018,10.0,17.64,False,False,True,58.183578621223866
1301,600415.SH,小商品城,0.3398058252427184,38.37209302325579,1.5324684698964968,1.357260317297423,0.980299250710844,0.6295674880347721,5483559226.000001,12.87,12.97,12.55,12.61,46856299.0,596002701.0,12.96,-2.7006172839506237,10.0,14.26,False,False,True,58.10611928737413
1302,603355.SH,莱克电气,0.36765561372891215,38.66090712742982,1.881072665192292,0.4950038252911131,1.0042477331919015,0.7895117439387472,573396882.0,27.89,27.89,26.91,27.39,2240900.0,61008456.0,28.05,-2.352941176470591,10.0,30.86,False,False,True,58.055770720371804
1303,002573.SZ,清新环境,0.3165467625899281,24.73867595818815,1.9439093544205999,1.3505713020578496,1.9075196138050594,0.5690046569054518,1412690868.0,3.3,3.32,3.25,3.28,10856266.0,35578327.0,3.31,-0.9063444108761365,10.0,3.64,False,False,True,57.98799380325329
1304,002414.SZ,高德红外,0.2985074626865672,27.017841971112986,1.6982074142289008,2.121751554906846,1.1512923819647543,1.0052196271651617,3398612431.0,12.86,13.1,12.77,12.83,72486500.0,936655344.0,12.98,-1.1556240369799742,10.0,14.28,False,False,True,57.976374903175824
1305,002062.SZ,宏润建设,0.26879999999999993,32.71889400921659,2.4122242782007777,1.5582209514607293,0.8286954519297014,1.5128387340697684,1124700960.0,8.19,8.53,8.08,8.49,26512992.0,221869137.0,8.19,3.663003663003672,10.0,9.01,False,False,True,57.83888458559257
1306,603289.SH,泰瑞机器,0.3107142857142858,36.908077994428965,1.7509086736165522,1.832880101237539,0.77669176380192,0.8338587737863209,293397874.0,8.94,9.1,8.81,9.05,4484185.0,40229453.0,8.92,1.4573991031390232,10.0,9.81,False,False,True,57.81951975213012
1307,000637.SZ,茂化实华,0.39849624060150357,33.43465045592704,1.443993053759766,2.2751328511953974,0.7962597522702101,1.0276084337479032,364589305.0,4.4,4.44,4.25,4.32,8523900.0,36775904.0,4.35,-0.6896551724137834,10.0,4.79,False,False,True,57.79240898528272
1308,603337.SH,杰克科技,0.20733104238258862,36.46043165467627,2.166135755495267,1.119236492132036,1.407855768771088,0.34879308495899936,467029791.0,38.14,38.35,37.55,38.27,1823200.0,69178956.0,38.37,-0.26062027625747275,10.0,42.21,False,False,True,57.732378001549186
1309,300735.SZ,光弘科技,0.20654545454545453,39.84243106359033,1.7793872926226761,1.874730135405838,1.0097966107696856,0.7437629735697843,760538820.0,20.31,20.87,20.19,20.26,10604610.0,216294997.0,20.61,-1.6982047549732981,20.0,24.73,False,False,True,57.6026336173509
1310,301503.SZ,智迪科技,0.3416422287390029,29.078014184397173,1.6617543855131327,1.7532166019282738,1.131182150269357,3.083547373437749,57668000.0,22.73,24.49,22.46,23.81,3117605.0,73474677.0,22.99,3.5667681600696,20.0,27.59,False,False,True,57.56003098373353
1311,600266.SH,城建发展,0.1389645776566757,28.342245989304793,2.3254008541152147,2.4521576547559416,1.4026264927180843,0.6490436215392,2075743507.0,4.23,4.26,4.1,4.19,33036647.0,137410338.0,4.25,-1.4117647058823457,10.0,4.68,False,False,True,57.54647560030983
1312,688561.SH,奇安信-U,0.25109170305676853,33.2575068243858,2.0184485529440126,1.3143495615939038,1.2727490234759635,0.7676292462639644,682252725.0000001,27.18,27.66,26.95,27.07,6883474.0,186589957.0,27.73,-2.380093761269386,20.0,33.28,False,False,True,57.534856700232375
1313,603393.SH,新天然气,0.22358276643990926,33.899127061105716,1.7347777324405165,2.4748101786348626,1.0292983669264266,0.9873228477585863,423921327.0,26.07,26.09,25.15,25.21,10358249.0,273066571.0,25.55,-1.3307240704500956,10.0,28.11,False,False,True,57.43415956622774
1314,002663.SZ,普邦股份,0.33613445378151263,34.558823529411754,1.9588556333994007,1.7980186533057114,0.6995339948590374,0.684725156015167,1707116179.9999998,1.76,1.76,1.72,1.74,21017137.0,36523444.0,1.76,-1.1363636363636354,10.0,1.94,False,False,True,57.43415956622774
1315,002103.SZ,广博股份,0.2614770459081837,29.255319148936177,1.5880293222632473,2.4014786296792714,1.3940765686756702,1.0799020859708384,388135588.0,6.96,7.0,6.83,6.87,10065760.0,69304874.0,6.95,-1.151079136690647,10.0,7.65,False,False,True,57.2714949651433
1316,605016.SH,百龙创园,0.19264278799612794,36.476683937823836,1.9920670063855312,1.5277246272204539,1.4061082662524724,1.3787512643023538,420012320.00000006,20.5,21.73,20.5,21.24,8846939.0,186959409.0,20.57,3.257170636849782,10.0,22.63,False,False,True,57.19403563129357
1317,002476.SZ,新叶股份,0.27386934673366825,39.152119700748145,1.617959086256769,1.7160411764705836,1.0021586804776923,0.6527221226237773,612000000.0,5.12,5.15,5.06,5.11,6855000.0,34993483.0,5.1,0.19607843137257053,10.0,5.61,False,False,True,57.12044926413633
1318,000158.SZ,常山北明,0.13507925568573403,36.15771812080537,1.95223127432375,2.3349281353335374,1.2804205444823178,3.1566292822050905,1590643645.0,13.92,14.35,13.69,13.81,117238430.0,1643836876.0,13.88,-0.5043227665706085,10.0,15.27,False,False,True,57.041053446940346
1319,603280.SH,南方路机,0.17052980132450335,29.5484436650592,1.9674663090175475,2.382856120832489,2.0241144804889517,1.1900858900417468,108406667.0,26.67,27.66,26.44,27.25,3074200.0,83110542.0,26.93,1.1882658744894137,10.0,29.62,False,False,True,57.03330751355538
1320,605155.SH,西大门,0.32015429122468664,35.96412556053812,1.5041102201436811,1.662185727649746,1.1253991818517206,0.5272665720632761,187428372.00000003,14.47,14.66,14.16,14.46,1640580.0,23557041.0,14.47,-0.06910850034553828,10.0,15.92,False,False,True,56.99651432997677
1321,300240.SZ,飞力达,0.33178654292343385,30.246913580246915,1.4927949198581847,2.2486107060098375,1.1066659198653266,0.9760260883981573,363338504.00000006,6.27,6.29,6.16,6.18,7974200.0,49400179.0,6.29,-1.748807631160576,20.0,7.55,False,False,True,56.99070487993802
1322,600860.SH,京城股份,0.14240170031880978,34.17015341701533,2.1234636998158805,2.287464637144995,1.2570789679584142,0.5558773828731246,444040788.0,8.54,8.55,8.35,8.51,5646200.0,47846672.0,8.51,0.0,10.0,9.36,False,False,True,56.975213013168094
1323,003017.SZ,大洋生物,0.3704918032786885,33.74070138150904,1.2436470334091354,2.4351391397654005,1.0257847741893795,0.9541294264101561,83481083.99999999,23.2,23.38,23.0,23.25,1938820.0,44921815.0,23.34,-0.3856041131105381,10.0,25.67,False,False,True,56.94810224632069
1324,002905.SZ,金逸影视,0.20022624434389136,33.18181818181818,1.754127828637746,2.3166923363095187,1.351031846449199,1.1246243676864547,349440000.0,8.25,8.48,8.2,8.28,9104340.0,75494997.0,8.37,-1.0752688172043001,10.0,9.21,False,False,True,56.89194422927963
1325,301103.SZ,何氏眼科,0.2815286624203822,26.689655172413794,1.8019474086229,2.1057968464901955,1.3375088412891665,0.6161878615234734,121633616.0,16.57,16.68,16.42,16.58,1578277.0,26130245.0,16.71,-0.7779772591262835,20.0,20.05,False,False,True,56.77188226181254
1326,300768.SZ,迪普科技,0.16437246963562763,35.64885496183206,1.673019745815808,2.4940016336055413,1.6928272879150041,0.37296453041677485,420667034.0,15.0,15.09,14.87,15.0,3912936.0,58559126.0,15.13,-0.8592200925313986,20.0,18.16,False,False,True,56.7563903950426
1327,000665.SZ,湖北广电,0.19293478260869576,27.195467422096332,2.2669089934985607,2.1319922383198664,1.5999994621197327,1.079262893996165,1137119780.0,4.22,4.27,4.17,4.17,26164900.0,109782185.0,4.24,-1.650943396226423,10.0,4.66,False,False,True,56.74477149496515
1328,000985.SZ,大庆华科,0.31763698630136994,34.58646616541352,1.5896212102091622,1.598680456188117,1.198994156952359,4.759063157539969,129639500.0,17.21,18.71,16.72,17.5,9863260.0,176264348.0,17.01,2.8806584362139898,10.0,18.71,True,False,True,56.71862896979085
1329,002244.SZ,滨江集团,0.20658135283363788,34.57814661134162,2.2520721975215636,1.4289536012436266,1.3348414546143885,1.1369699680443917,2757549340.0,8.26,8.55,8.02,8.46,44801279.0,370934662.0,8.36,1.1961722488038395,10.0,9.2,False,False,True,56.65375677769171
1330,301091.SZ,深城交,0.19066846119336034,38.97260273972603,1.9624660559703564,1.5073751137915283,1.3595912478730963,0.4805357263618449,527280000.0,18.68,18.85,18.35,18.78,3819340.0,71243457.0,18.85,-0.3713527851458953,20.0,22.62,False,False,True,56.615027110766846
1331,300271.SZ,华宇软件,0.300925925925926,30.38793103448276,1.6509506640978504,1.89805683654799,1.34354895891185,0.6929484957245122,804241453.9999999,5.85,5.92,5.81,5.83,10577831.0,61824204.0,5.94,-1.85185185185186,20.0,7.13,False,False,True,56.496901626646014
1332,603707.SH,健友股份,0.3346855983772818,27.827380952380953,2.302176991066596,0.9708596538378639,1.4347558090710641,1.2135532534182287,1615651020.0000002,8.3,8.32,7.95,7.97,19035437.0,153318814.0,8.37,-4.778972520907998,10.0,9.21,False,False,True,56.41750580945003
1333,001207.SZ,联科科技,0.3720238095238097,34.42622950819671,1.5826675457440154,1.8734951495049743,0.9411237980727964,1.257616223905587,292622092.0,17.65,18.2,17.51,18.11,6894580.0,124109411.0,17.78,1.856017997750281,10.0,19.56,False,False,True,56.287761425251745
1334,002020.SZ,京新药业,0.1438032166508989,38.68995633187775,1.8075583133033113,2.3867826277236235,1.3136683756330223,0.4001134184599114,723968334.9999999,12.98,12.99,12.76,12.82,6913780.0,88668399.0,12.97,-1.156515034695449,10.0,14.27,False,False,True,56.26258714175057
1335,600774.SH,汉商集团,0.34655172413793095,35.616438356164394,1.6461404311143375,1.5485258101971326,1.0450265244704833,0.9769884260560306,294880177.0,7.85,7.94,7.72,7.87,4461218.0,34893970.0,7.85,0.2547770700636942,10.0,8.64,False,False,True,56.070875290472486
1336,300673.SZ,佩蒂股份,0.31087470449172583,32.486388384754996,1.86104440340144,1.9165850571521648,0.9687660220568084,3.1568229297951396,160461274.0,13.56,14.63,13.56,14.45,9708420.0,138474856.0,13.65,5.860805860805862,20.0,16.38,False,False,True,56.02633617350891
1337,300662.SZ,科锐国际,0.24798011187072713,33.030852994555325,1.7476351076738588,2.3372290660647823,1.127747005679037,1.9868707412514368,196369135.0,20.33,21.67,20.22,21.5,9118935.0,192487113.0,20.52,4.775828460038989,20.0,24.62,False,False,True,56.005034856700235
1338,000952.SZ,广济药业,0.3007380073800738,35.999999999999986,1.6239831285459903,2.1132897939788444,0.9724994841256173,0.935209460039996,343994535.00000006,6.55,6.62,6.43,6.52,6798600.0,44305492.0,6.63,-1.6591251885369585,10.0,7.29,False,False,True,55.91014717273431
1339,301300.SZ,远翔新材,0.3032698526769672,39.007367196587836,1.6259840295750387,2.029136043640233,0.8768372684545203,0.9041720179381473,39074763.0,34.05,34.05,33.43,33.82,716900.0,24355407.0,34.23,-1.1977797253870826,20.0,41.08,False,False,True,55.89078233927188
1340,002889.SZ,东方嘉盛,0.3551136363636364,36.3819095477387,1.1575709712254798,1.8614864007916645,1.8539741639756204,0.5712446809042823,251284554.0,12.33,12.42,12.26,12.36,2672070.0,32945168.0,12.45,-0.7228915662650603,10.0,13.7,False,False,True,55.82300542215337
1341,601061.SH,中信金属,0.35604395604395606,34.114052953156815,2.2703018433223545,0.4707876459183625,1.2939700882303529,0.8057794712691786,4900000000.0,11.68,11.68,11.06,11.42,18588200.0,210816299.0,11.77,-2.9736618521665203,10.0,12.95,False,False,True,55.77652982184353
1342,600812.SH,华北制药,0.35680751173708913,27.00729927007297,1.933837964353647,1.5015405042926357,1.346946257430915,0.5740713900361509,1715730370.0,4.87,4.88,4.76,4.79,14789449.0,70866311.0,4.87,-1.642710472279263,10.0,5.36,False,False,True,55.71262587141751
1343,001368.SZ,通达创智,0.3428184281842818,32.48136315228967,1.8141076356975916,1.6544337434695335,1.0356918042282073,0.7895390129722141,108080599.0,23.61,23.98,23.3,23.76,1411792.0,33429822.0,23.84,-0.3355704697986517,10.0,26.22,False,False,True,55.67002323780016
1344,688687.SH,凯因科技,0.19900497512437815,31.279945242984255,1.9276383747379213,2.4650794104296625,1.433148444191713,0.3573930019839623,170944422.0,18.12,18.25,17.9,17.93,1506024.0,27144738.0,18.21,-1.537616694124111,20.0,21.85,False,False,True,55.6680867544539
1345,605377.SH,华旺科技,0.27986348122866905,39.726027397260275,1.6342960361811678,1.6563376167235813,1.1060931073019615,0.6964068203110166,556670268.0,8.07,8.08,7.93,7.96,6421107.0,52499693.0,8.09,-1.606922126081578,10.0,8.9,False,False,True,55.58288148721922
1346,001338.SZ,永顺泰,0.2188552188552187,27.95031055900621,2.1769632691564658,2.258232468925754,1.483366316671467,0.7652788836425002,501730834.00000006,9.24,9.33,9.1,9.15,8670800.0,79540737.0,9.35,-2.1390374331550777,10.0,10.29,False,False,True,55.36599535243995
1347,301116.SZ,益客食品,0.26962962962962966,31.25,1.727247720711599,1.8920640166913674,2.2081408723454032,0.588997772350036,448977343.0,9.72,9.8,9.49,9.56,5003500.0,47818923.0,9.82,-2.647657841140527,20.0,11.78,False,False,True,55.33307513555382
1348,002819.SZ,东方中科,0.24164889836531642,34.30296377607025,2.1279399247315642,1.5685890850366722,1.2883688993186222,0.6876431779902697,237741486.0,21.37,21.84,21.37,21.57,2564350.0,55529508.0,21.62,-0.23126734505087843,10.0,23.78,False,False,True,55.321456235476376
1349,688695.SH,中创股份,0.2758208955223882,36.58227848101263,1.6361929316687136,2.290954020488397,1.0213402448763533,0.6988701597449156,53395478.0,20.21,20.23,19.82,20.15,854904.0,17132705.0,20.42,-1.3222331047992308,20.0,24.5,False,False,True,55.141363284275755
1350,301185.SZ,鸥玛软件,0.3795243019648397,30.63707945597709,1.599002878008201,1.9954441564303451,1.1174682575894843,0.7149520266204055,140470363.0,17.51,17.78,17.41,17.64,2004016.0,35246790.0,17.64,0.0,20.0,21.17,False,False,True,55.108443067389636
1351,603839.SH,安正时尚,0.21797004991680527,32.136445242369824,2.1556539615636714,1.8158367918448846,1.7244881931305933,1.7858843934889104,387016200.0,6.91,7.28,6.9,7.22,12550450.0,89359493.0,6.88,4.941860465116288,10.0,7.57,False,False,True,54.996127033307516
1352,600622.SH,光大嘉宝,0.3150684931506849,34.73684210526318,1.6588750036233026,1.7509040772805982,1.2247460923807822,2.177017554445207,1499685402.0,2.35,2.42,2.27,2.39,57164242.0,134136814.0,2.36,1.271186440677985,10.0,2.6,False,False,True,54.966111541440746
1353,002037.SZ,保利联合,0.22638436482084698,35.387323943661976,1.7897244433436872,2.016402319809301,1.5082434360296058,0.40173046548458924,483883566.0,7.01,7.08,6.9,7.05,3919700.0,27399506.0,7.07,-0.28288543140029265,10.0,7.78,False,False,True,54.95352439969016
1354,000812.SZ,陕西金叶,0.32600732600732607,30.201342281879185,1.6638712269399183,2.122081344403669,1.2401491794246688,1.303510851878831,756129681.0,3.83,3.86,3.74,3.8,20915727.0,79190751.0,3.87,-1.8087855297157729,10.0,4.26,False,False,True,54.93415956622773
1355,002005.SZ,德豪润达,0.3423423423423423,34.90566037735847,1.8296473797871395,1.1387642445347905,1.447764778507878,0.6524361812915449,1751993158.0,2.5,2.51,2.46,2.48,13016801.0,32359427.0,2.5,-0.8000000000000007,10.0,2.75,False,False,True,54.61657629744384
1356,600322.SH,津投城开,0.39583333333333326,37.446808510638284,1.6855085756011572,2.0908041331283314,0.7487882341825757,0.92754603526557,1105700000.0,2.73,2.76,2.67,2.72,21443029.0,58015077.0,2.75,-1.0909090909090868,10.0,3.03,False,False,True,54.58075135553834
1357,603168.SH,莎普爱思,0.31057268722466963,35.164835164835175,1.690221847035922,2.0963313043760547,1.0304726320234356,1.0505631762174923,372514005.00000006,5.94,6.08,5.85,5.93,8203982.0,48727419.0,5.96,-0.5033557046979942,10.0,6.56,False,False,True,54.5294345468629
1358,300380.SZ,安硕信息,0.2114597544338335,38.01462100808002,1.8226190526630792,2.3743399634018507,1.1234105770816374,1.9159837837748284,127107535.0,31.78,32.48,30.68,30.89,5782372.0,180130919.0,32.19,-4.0385212799005865,20.0,38.63,False,False,True,54.46553059643687
1359,002069.SZ,獐子岛,0.3957446808510638,33.33333333333333,1.5232718406554786,1.8367387578886958,1.1876896170473237,1.0541776054627554,710216194.0,3.83,3.85,3.72,3.77,13751553.0,51784900.0,3.81,-1.049868766404205,10.0,4.19,False,False,True,54.43454686289698
1360,688393.SH,安必平,0.2231369150779897,34.90445859872613,1.9705514174143541,2.179497862825499,1.2136017258052518,0.7233735398218806,93567699.0,20.8,20.98,20.39,20.69,1475180.0,30497408.0,20.85,-0.767386091127098,20.0,25.02,False,False,True,54.36676994577846
1361,601999.SH,出版传媒,0.3183183183183182,25.14071294559099,2.2341632081108536,1.7400154052886918,1.4646743445177852,1.1515710673355732,550914700.0,6.34,6.49,6.32,6.45,11038961.0,70843834.0,6.39,0.9389671361502483,10.0,7.03,False,False,True,54.32804027885361
1362,600094.SH,大名城,0.2830882352941177,37.50000000000002,2.3937350360667606,1.1550811143451283,1.0512533373500637,0.7973448563496384,2126229950.0,3.94,4.02,3.84,3.98,19582535.0,76929629.0,3.97,0.25188916876572875,10.0,4.37,False,False,True,54.175058094500386
1363,603536.SH,惠发食品,0.2786683107274969,33.42036553524805,1.7037646696309998,2.303362010567727,1.2527435944281995,0.8322610894909538,240532260.0,9.83,9.91,9.62,9.74,4611000.0,44916278.0,9.92,-1.814516129032251,10.0,10.91,False,False,True,53.97947327652982
1364,002390.SZ,信邦制药,0.372549019607843,29.527559055118104,1.8084915990704957,1.7264722634633967,1.2954283566161724,0.8477117606713318,1927818234.0,3.1,3.12,3.03,3.06,28214600.0,86182629.0,3.11,-1.6077170418006381,10.0,3.42,False,False,True,53.898140975987594
1365,300847.SZ,中船汉光,0.2050359712230217,37.440000000000005,1.7257714893164366,2.2336682882334995,2.0850333266006866,0.5774982506870396,296010000.0,14.0,14.32,13.98,14.21,3818350.0,54330828.0,14.21,0.0,20.0,17.05,False,False,True,53.87877614252518
1366,300949.SZ,奥雅股份,0.29212454212454225,37.813211845102515,1.704146852208814,2.17166645803401,1.007587655716815,1.1239392070339385,49736542.0,23.83,23.99,23.3,23.95,1213980.0,28743203.0,23.94,0.04177109440266502,20.0,28.73,False,False,True,53.830364058869094
1367,000039.SZ,中集集团,0.2663755458515283,35.644937586685145,2.052252847120168,2.0177275859943076,1.0176986452542895,0.8217662770506586,2301407141.0,9.0,9.03,8.59,8.62,38159643.0,332105503.0,9.04,-4.6460176991150455,10.0,9.94,False,False,True,53.64833462432224
1368,603617.SH,君禾股份,0.38095238095238115,38.543516873889885,1.4326204973162404,2.025501873176012,1.0305283708936865,0.620327517826419,386726337.0,7.09,7.21,7.01,7.17,4859118.0,34580000.0,7.15,0.2797202797202747,10.0,7.87,False,False,True,53.62896979085979
1369,000829.SZ,天音控股,0.3796133567662566,35.71428571428572,1.5986543800853763,2.241139808244336,0.9253777334883977,0.9978665771657912,1024129669.0,9.11,9.23,9.03,9.17,22903211.0,209453639.0,9.16,0.10917030567685337,10.0,10.08,False,False,True,53.56893880712625
1370,600557.SH,康缘药业,0.3139013452914798,28.811973807296543,1.9969496074542916,1.8173582378227588,1.542025293292352,0.5048821554335522,566158806.0,12.71,12.81,12.47,12.55,5194800.0,65294869.0,12.79,-1.8764659890539326,10.0,14.07,False,False,True,53.46243222308288
1371,002265.SZ,建设工业,0.20371412492965665,37.30308758664147,2.260356599916772,1.630235655438398,1.6444236381137738,1.060620947171521,1033040407.0,19.3,21.44,19.26,21.44,17861910.0,377639477.0,19.49,10.005130836326327,10.0,21.44,True,False,True,53.43532145623547
1372,600219.SH,南山铝业,0.3025210084033613,32.90488431876606,2.134195036969463,1.8961542137025111,1.0402514745545806,0.5837033022623314,11483701558.999998,4.91,4.91,4.79,4.88,127100630.0,616075495.0,4.91,-0.6109979633401319,10.0,5.4,False,False,True,53.35592563903951
1373,002098.SZ,浔兴股份,0.30756013745704464,34.48844884488451,1.8375309275543732,1.5504093715083744,1.6100829587303631,2.869957457892879,358000000.0,7.87,8.12,7.87,8.05,15929600.0,127718569.0,7.85,2.5477707006369643,10.0,8.64,False,False,True,53.355925639039505
1374,601366.SH,利群股份,0.2422360248447206,32.45901639344264,2.0971294355406855,1.9245840518660746,1.782154922616361,0.8133333417068087,959741113.0,3.83,3.84,3.74,3.78,15023100.0,56583453.0,3.83,-1.3054830287206332,10.0,4.21,False,False,True,53.340433772269556
1375,000590.SZ,古汉医药,0.38489871086556177,29.718875502008025,2.027925232574643,1.7936958758067036,1.0731012054309066,0.7535490474012628,239351027.0,9.45,9.58,9.4,9.52,3235159.0,30667218.0,9.56,-0.4184100418410108,10.0,10.52,False,False,True,52.914407436096056
1376,000965.SZ,天保基建,0.2864583333333333,25.259515570934244,2.137295817606637,2.4132966311052217,1.5981163792910558,2.367856461361101,1109830895.0,3.38,3.42,3.29,3.4,63419511.0,212567174.0,3.44,-1.1627906976744207,10.0,3.78,False,False,True,52.836948102246325
1377,002043.SZ,兔 宝 宝,0.32555123216601817,31.999999999999986,1.9739332456964678,1.7347496575795878,1.3143748797197161,0.5718035880463264,806105572.0,12.31,12.47,12.12,12.38,7996052.0,99356305.0,12.39,-0.08071025020177647,10.0,13.63,False,False,True,52.7013942680093
1378,002627.SZ,三峡旅游,0.3854166666666665,35.85951940850276,1.4761718610976022,2.3079924281453295,1.0771481396485716,1.163910584911769,698158144.0,7.22,7.36,7.17,7.3,18754600.0,136727574.0,7.26,0.5509641873278293,10.0,7.99,False,False,True,52.610379550735864
1379,300256.SZ,星星科技,0.279245283018868,39.13043478260872,1.826294785582188,1.61607545855535,1.5065005468372779,1.2121385990983,2243393386.0,2.98,3.01,2.93,2.94,43946000.0,129961592.0,3.04,-3.289473684210531,20.0,3.65,False,False,True,52.20952749806352
1380,002906.SZ,华阳集团,0.39702233250620345,36.444444444444436,1.6841831428659204,1.7500722835022746,1.1278135886843457,1.8851668198794758,524701333.0,27.18,29.01,26.76,28.7,17310832.0,484504513.0,27.3,5.128205128205132,10.0,30.03,False,False,True,51.79124709527498
1381,301179.SZ,泽宇智能,0.36775994417306357,36.78571428571429,2.1241966099067935,2.3172839574640034,0.6931132291432802,1.1383707609203628,237475029.0,20.12,20.77,20.03,20.21,6264421.0,127752944.0,20.17,0.1983143282102029,20.0,24.2,False,False,True,51.684740511231595
1382,601177.SH,杭齿前进,0.298932384341637,34.24657534246576,1.8687580716840706,2.175074692513845,1.269131537163655,1.016373340714388,402416500.0,14.08,14.23,13.96,14.14,8896173.0,125484364.0,14.2,-0.42253521126759397,10.0,15.62,False,False,True,51.624709527498055
1383,600318.SH,新力金融,0.36247334754797444,29.36096718480139,1.9748249464159706,2.4961401144067805,1.0280697401172676,3.738315854026161,512727632.0,7.3,7.41,7.06,7.19,47844462.0,344711985.0,7.49,-4.005340453938578,10.0,8.24,False,False,True,51.500774593338505
1384,000061.SZ,农 产 品,0.2661870503597123,29.536679536679532,2.4815967338623044,1.9006054894015207,1.9445279834916955,1.5249034833134838,1794313488.0,6.6,6.62,6.21,6.22,52003510.0,328914135.0,6.66,-6.606606606606613,10.0,7.33,False,False,True,51.18900077459333
1385,600212.SH,绿能慧充,0.34988713318284415,34.74576271186442,1.8648874196329328,2.2451100694235997,1.0117501075077189,0.8631332196561016,684680212.9999999,6.24,6.37,6.17,6.35,10643038.0,66943014.0,6.27,1.2759170653907415,10.0,6.9,False,False,True,51.169635941130906
1386,603711.SH,香飘飘,0.2779291553133516,35.59837728194726,1.9348373905916643,1.9491102372369637,1.9853395472144604,0.6532318158773672,412874100.00000006,11.78,11.89,11.63,11.74,5256799.0,61651658.0,11.9,-1.3445378151260567,10.0,13.09,False,False,True,50.677769171185126
1387,603369.SH,今世缘,0.366860772895712,35.20942408376961,1.9926517086944404,1.4735801936778365,1.4269838581009724,0.5376929699829504,1246800037.0,29.63,30.3,29.58,29.65,9878817.0,295040940.0,29.85,-0.6700167504187671,10.0,32.84,False,False,True,50.46475600309838
1388,300908.SZ,仲景食品,0.37730870712401027,29.569892473118276,1.6944731641476936,2.3535374800504094,2.124067653460014,0.5356069056660814,122992524.0,17.59,17.74,17.45,17.63,1550408.0,39520634.0,17.74,-0.6200676437429498,20.0,21.29,False,False,True,50.31951975213013
1389,300143.SZ,盈康生命,0.3053763440860215,32.656249999999986,2.302598902240747,1.9131645125004018,1.2878755821475767,0.6750779958248272,832252459.0,7.88,7.96,7.73,7.78,10748834.0,84279351.0,7.82,-0.5115089514066473,20.0,9.38,False,False,True,50.29628195197521
1390,000504.SZ,南华生物,0.3298153034300791,35.47008547008548,1.88490782883182,2.0344054645591103,1.2639089493355482,0.5422000161432349,329122398.00000006,8.26,8.31,8.07,8.15,3630400.0,29546492.0,8.27,-1.4510278113663788,10.0,9.1,False,False,True,50.23625096824168
1391,002987.SZ,京北方,0.3078491335372069,37.52711496746202,1.6662492357094347,2.2523611114862985,1.8949409543881774,0.6848593512744495,1013925333.0,12.13,12.23,11.92,12.09,15640311.0,188800397.0,12.24,-1.2254901960784381,10.0,13.46,False,False,True,49.59914794732765
1392,300643.SZ,万通智控,0.27954144620811283,39.57361758827449,2.185976164861441,2.313997199723267,0.9659268574262868,0.5341056229118558,231099303.0,17.99,18.23,17.7,18.15,2856200.0,51344997.0,18.18,-0.16501650165017256,20.0,21.82,False,False,True,49.56816421378776
1393,603530.SH,神马电力,0.3816025067144137,38.361758347345656,2.3919320793858185,1.1055178198145468,1.149330477254224,1.7013395425026254,427464774.00000006,45.42,50.39,44.63,50.39,8040019.0,393086567.0,45.81,9.997817070508619,10.0,50.39,True,False,True,49.54105344694035
1394,300822.SZ,贝仕达克,0.21028037383177567,37.57455268389662,2.394218681817741,2.0785176346445313,1.9855206934480594,1.1952241877049203,288982037.0,12.14,12.4,11.95,12.03,7179165.0,86637756.0,12.31,-2.2745735174654835,20.0,14.77,False,False,True,49.44035631293571
1395,002133.SZ,广宇集团,0.37433155080213903,35.964912280701775,1.809248060780406,2.2267016865613125,1.107181509636251,3.18251269770591,769870201.0,2.96,2.97,2.78,2.86,54556901.0,155101988.0,2.98,-4.026845637583898,10.0,3.28,False,False,True,49.3009295120062
1396,600405.SH,动力源,0.3638888888888888,37.027027027027025,2.0706961853754207,2.03245030819236,0.9891995247092461,1.9341041673633994,612829588.0,5.0,5.17,4.96,5.16,24090151.0,122114127.0,5.01,2.9940119760479167,10.0,5.51,False,False,True,49.29899302865995
1397,600316.SH,洪都航空,0.336123901213897,35.50968828980625,1.9842130678953454,1.9818939182198514,1.3055895647996172,1.4046131768326007,717114512.0,31.64,32.7,31.51,32.16,19962993.0,643631956.0,31.77,1.227573182247399,10.0,34.95,False,False,True,49.13051897753679
1398,002543.SZ,万和电气,0.19435736677115992,37.02479338842974,2.41716939469455,2.3842887457469106,3.2873248225678475,1.2826846219901966,661176201.0,7.26,7.83,7.1,7.49,20220689.0,150606542.0,7.29,2.7434842249657088,10.0,8.02,False,False,True,48.5844306738962
1399,603739.SH,蔚蓝生物,0.3188405797101449,29.307116104868914,2.321193828522728,2.404600370773501,1.6128717964351227,0.7013422777702809,253028866.00000003,12.97,13.09,12.82,12.88,4267200.0,55181828.0,13.1,-1.6793893129770865,10.0,14.41,False,False,True,48.12354763749032
1400,301058.SZ,中粮科工,0.34623655913978507,26.790450928381972,2.453537406082219,2.3613233181379196,2.335712378253892,1.0397181613066815,512274245.0,9.06,9.15,8.81,8.82,12576900.0,111947374.0,9.15,-3.60655737704918,20.0,10.98,False,False,True,47.07978311386522
1401,002277.SZ,友阿股份,0.3636363636363635,38.57142857142857,2.1226348799080093,1.9236288751293902,1.1612902290633869,0.7964327725666885,1394172800.0,6.17,6.22,6.09,6.15,21359300.0,130811944.0,6.26,-1.757188498402551,10.0,6.89,False,False,True,46.99651432997676
1402,001318.SZ,阳光乳业,0.3103015075376885,33.57894736842104,2.191578291430701,2.2327710854029523,2.5377071312249946,0.5680048127514622,282660000.0,11.89,11.97,11.68,11.71,3584764.0,42181268.0,11.97,-2.172096908939014,10.0,13.17,False,False,True,46.95972114639814
