pool_rank,code,name,bottom_percentile,range_60d_pct,mean_abs_return_20d_pct,mean_turnover_20d_pct,recent_volume_ratio,event_volume_ratio,outstanding_share,event_open,event_high,event_low,event_close,event_volume,event_amount,previous_close,event_gain_pct,limit_up_rate_pct,limit_up_price,hit_limit_up,is_st,passes_dormant_filter,dormancy_score
1,600029.SH,南方航空,0.008547008547008616,14.747474747474731,0.6302131651067434,0.40264464588255205,0.537574349527865,0.698050724453438,13476973184.0,4.98,5.01,4.97,4.99,37879240.0,189044128.0,4.98,0.20080321285140812,10.0,5.48,False,False,True,98.58083252662148
2,601021.SH,春秋航空,0.02672864613596751,14.209302325581397,0.8495046423897545,0.42601735788801354,0.5637478169815788,0.9007554985757473,978333423.0,43.18,43.56,42.98,43.45,3754232.0,162620542.0,43.07,0.8822846528906414,10.0,47.38,False,False,True,97.84511132623429
3,601669.SH,中国电建,0.03200000000000003,14.348785871964665,0.553063994216042,0.610994815498141,0.48199440396813426,0.7234307744913369,13071525850.0,4.61,4.64,4.6,4.61,57777772.0,266946681.0,4.61,0.0,10.0,5.07,False,False,True,97.81994191674733
4,600905.SH,三峡能源,0.059405940594059445,17.17451523545708,0.4416572162441101,0.23921634275748854,0.5159737851185343,0.7166523656972055,28587650142.0,3.67,3.7,3.67,3.67,49009226.0,180460470.0,3.67,0.0,10.0,4.04,False,False,True,97.5624394966118
5,601727.SH,上海电气,0.04713114754098352,18.354430379746844,0.8260137092483705,0.3859179066994665,0.47868475090905566,0.5906375893705356,12615639635.999998,6.55,6.57,6.52,6.53,28755789.0,188219376.0,6.55,-0.3053435114503733,10.0,7.21,False,False,True,96.64278799612777
6,688425.SH,铁建重工,0.09183673469387765,11.688311688311682,0.7166067044885642,0.2600572841795865,0.7441142476298979,0.9534942615191881,5333497000.0,4.03,4.05,4.01,4.03,13225106.0,53309364.0,4.03,0.0,20.0,4.84,False,False,True,95.8567279767667
7,601111.SH,中国国航,0.0026809651474532644,17.832167832167833,0.924856501817704,0.48421145312212804,0.6574709882757003,0.874017167373292,11638109474.0,5.74,5.81,5.74,5.76,49253541.0,284358230.0,5.73,0.5235602094240788,10.0,6.3,False,False,True,95.8160696999032
8,001289.SZ,龙源电力,0.048689138576779006,21.504660452729695,0.7612123254904503,0.09118442745298298,0.5005145684249283,0.6941756606932509,5041934164.0,15.14,15.18,15.02,15.03,3191444.0,48094286.0,15.07,-0.2654280026542888,10.0,16.58,False,False,True,95.63794772507262
9,601881.SH,中国银河,0.12364760432766622,17.372515125324117,0.6771073376551294,0.32866049065578956,0.6405786743428379,1.1862947228580742,7243417622.999999,12.35,12.51,12.33,12.38,28241231.0,351086218.0,12.34,0.32414910858995505,10.0,13.57,False,False,True,94.34849951597289
10,601800.SH,中国交建,0.1087613293051358,16.636528028933096,0.8304289825685279,0.22404625959014296,0.7207064197377944,0.7231926465566306,11722873078.999998,5.9,5.97,5.89,5.93,18994408.0,112796451.0,5.89,0.679117147707986,10.0,6.48,False,False,True,94.22265246853824
11,600271.SH,航天信息,0.07853403141361263,13.38582677165354,0.9685824589826553,0.6333078789333625,0.7283894505895864,0.8308687697752953,1852884638.0,6.95,6.97,6.82,6.83,9749800.0,67161108.0,6.95,-1.726618705035976,10.0,7.65,False,False,True,94.1781219748306
12,600098.SH,广州发展,0.038793103448276176,20.683760683760678,0.7606085027916298,0.577800135195789,0.6748119435185039,1.357395852510962,3505864981.0000005,5.94,6.07,5.94,6.04,27496622.0,165660080.0,5.94,1.683501683501687,10.0,6.53,False,False,True,94.16069699903194
13,688819.SH,天能股份,0.03713027061044681,21.286889211417503,0.9838294972464873,0.22255433597366098,0.6643797581123508,0.5830481831640536,972100000.0,21.26,21.43,21.2,21.3,1261396.0,26845640.0,21.26,0.18814675446847673,20.0,25.51,False,False,True,94.08712487899322
14,601456.SH,国联民生,0.12203389830508458,13.411764705882367,0.6506828963522568,0.3715827566382895,0.7766457237795183,1.0663415409548151,4376981617.0,8.86,8.97,8.85,8.88,17343095.0,154392008.0,8.85,0.3389830508474745,10.0,9.74,False,False,True,93.94966118102613
15,603885.SH,吉祥航空,0.03614457831325286,21.356275303643724,0.9818602194349157,0.5224537679638269,0.5751056254593859,1.2110947536212502,2169005268.0,10.1,10.19,10.07,10.16,13724186.0,139192428.0,10.09,0.6937561942517378,10.0,11.1,False,False,True,93.90900290416263
16,605259.SH,绿田机械,0.13008130081300825,14.320388349514568,1.0597846361066563,0.452909583719848,0.5134312441915337,0.6775660542095088,172480000.0,17.94,18.1,17.81,17.81,529300.0,9507206.0,17.92,-0.6138392857143016,10.0,19.71,False,False,True,93.84123910939012
17,000157.SZ,中联重科,0.0030211480362537114,17.78115501519757,1.0008126161467603,0.6932879699084846,0.7171443004040217,0.7108364901611444,7070417363.0,6.59,6.63,6.57,6.59,34844034.0,229760138.0,6.59,0.0,10.0,7.25,False,False,True,93.81413359148112
18,002206.SZ,海 利 得,0.11160714285714289,11.834319526627212,0.6966613052005644,0.8246997188624758,0.6719380333106973,0.6829541691256292,1056970986.0,5.33,5.35,5.27,5.27,5953200.0,31588998.0,5.32,-0.9398496240601628,10.0,5.85,False,False,True,93.77153920619554
19,601618.SH,中国中冶,0.0684210526315789,15.416666666666679,1.0767724958815328,0.4314104208833525,0.7608544106486579,0.848011497874729,17852619170.0,2.53,2.56,2.53,2.54,65312200.0,166212123.0,2.53,0.39525691699606735,10.0,2.78,False,False,True,93.75217812197485
20,600528.SH,中铁工业,0.14950166112956814,14.528593508500776,0.5411585651748702,0.41085001578634844,0.6974248772576251,0.818906357729488,2221551588.0,6.9,6.97,6.9,6.92,7474359.0,51840824.0,6.92,0.0,10.0,7.61,False,False,True,93.70764762826718
21,301109.SZ,军信股份,0.1020036429872493,16.084484159220125,0.7681889832169542,0.6346396330077999,0.7176056797212738,0.9577870098522856,624288808.0,12.86,13.07,12.85,12.99,3794737.0,49219722.0,12.87,0.9324009324009452,20.0,15.44,False,False,True,93.64375605033881
22,601390.SH,中国中铁,0.1304347826086956,14.814814814814836,0.9311431479142958,0.42045552908444905,0.6746601750486908,0.8443620648318194,20323920329.0,4.36,4.41,4.36,4.36,72153311.0,316320095.0,4.35,0.22988505747127963,10.0,4.79,False,False,True,93.63601161665053
23,000625.SZ,长安汽车,0.07275320970042792,20.763358778625964,0.8824647127435371,0.5393860024734412,0.6194817960010826,0.650224343366314,8267021316.0,7.08,7.12,7.06,7.06,28994255.0,205546663.0,7.06,0.0,10.0,7.77,False,False,True,93.57405614714423
24,601868.SH,中国能建,0.11801242236024867,19.262295081967217,0.6736368105825291,0.639312772542595,0.4140929947344181,0.7060443398816317,32428727636.0,2.48,2.49,2.47,2.48,146377817.0,362690506.0,2.47,0.4048582995951344,10.0,2.72,False,False,True,93.37076476282671
25,600221.SH,海航控股,0.015625000000000017,24.031007751937985,0.6036040735652308,0.4640356283753434,0.6969434761511972,0.8181136225505953,42845514933.0,1.3,1.31,1.29,1.3,162656086.0,211345923.0,1.3,0.0,10.0,1.43,False,False,True,93.27202323330106
26,601163.SH,三角轮胎,0.0895196506550219,13.68948247078463,0.8571597607701464,0.41491134375,0.8714551501139697,0.8208380058300105,800000000.0,12.36,12.5,12.36,12.4,2724600.0,33885685.0,12.39,0.08071025020177647,10.0,13.63,False,False,True,93.18489835430785
27,600372.SH,中航机载,0.14417177914110427,14.354527938342954,0.9131862562198234,0.46592851684868,0.6801131526988283,1.17863437203577,4838896630.0,11.28,11.42,11.23,11.34,26573254.0,301236387.0,11.32,0.17667844522968323,10.0,12.45,False,False,True,93.12487899322362
28,600755.SH,厦门国贸,0.09477124183006536,13.644859813084121,0.8134344795065024,0.6176293638719499,0.8133792444219152,1.2285974929190595,2132158487.0,5.65,5.76,5.65,5.69,16179200.0,92481384.0,5.64,0.8865248226950451,10.0,6.2,False,False,True,93.10358180058084
29,002736.SZ,国信证券,0.1527196652719666,11.591148577449939,0.7640929484726204,0.23786919781912153,0.7764101473932526,0.874541545384458,9612429377.0,10.2,10.32,10.18,10.22,19996400.0,204894149.0,10.18,0.39292730844795454,10.0,11.2,False,False,True,92.88480154888676
30,600009.SH,上海机场,0.09351927809680072,12.448700410396718,0.8095524505006612,0.363814275356438,0.9100289924938209,1.2018272245391761,2480218840.0,23.09,23.45,23.08,23.37,10844556.0,256144700.0,23.07,1.3003901170351106,10.0,25.38,False,False,True,92.87899322362054
31,002011.SZ,盾安环境,0.09700176366843015,15.621788283658788,0.8653098014183469,0.8468271573107885,0.690270264044149,1.7402920507439283,1061515502.0,10.28,10.54,10.26,10.48,15643836.0,162281622.0,10.28,1.945525291828809,10.0,11.31,False,False,True,92.86350435624394
32,000885.SZ,城发环境,0.03418803418803397,11.018363939899833,0.9264155287100355,0.6837683048462639,0.8985379892547787,0.8602986711060013,642078255.0,12.11,12.21,12.09,12.11,3776993.0,45850152.0,12.1,0.08264462809917106,10.0,13.31,False,False,True,92.85769603097773
33,600935.SH,华塑股份,0.14843749999999997,15.27777777777779,1.0035195794050507,0.42441488594406407,0.6408868007141661,1.0389762271842184,3507401812.0,2.35,2.36,2.3,2.31,15466133.0,35990419.0,2.35,-1.7021276595744705,10.0,2.59,False,False,True,92.70667957405614
34,601377.SH,兴业证券,0.14601769911504428,11.34751773049647,0.5682482815641571,0.6658004729806356,0.7331857687979573,1.224467668966539,8635987294.0,5.86,5.95,5.86,5.92,70404986.0,416610079.0,5.86,1.0238907849829282,10.0,6.45,False,False,True,92.69312681510164
35,000958.SZ,电投产融,0.026086956521738962,27.692307692307683,0.7202157555439415,0.266638003281225,0.4920106131848108,0.5986076733782273,5383418520.0,5.26,5.29,5.24,5.24,8592558.0,45163134.0,5.26,-0.3802281368821214,10.0,5.79,False,False,True,92.63310745401743
36,601186.SH,中国铁建,0.19090909090909086,14.361702127659592,0.6174563095547713,0.2612812475400915,0.6028344003607722,0.8164487365474218,11503245500.0,6.06,6.12,6.05,6.08,24539039.0,149491235.0,6.06,0.33003300330034513,10.0,6.67,False,False,True,92.59051306873185
37,600779.SH,水井坊,0.0478219696969696,18.244803695150114,1.0514881009550099,0.5641498171259118,0.781251986686396,0.8351645618628485,487503198.0,26.91,27.25,26.75,26.8,2296910.0,61918583.0,26.99,-0.7039644312708315,10.0,29.69,False,False,True,92.56340755082284
38,002959.SZ,小熊电器,0.10559006211180143,16.417910447761198,1.015609219295707,0.5478810701917235,0.7420986209920234,0.7220197752468642,139794390.0,32.81,32.87,32.29,32.33,553000.0,17996686.0,32.7,-1.1314984709480225,10.0,35.97,False,False,True,92.4240077444337
39,002204.SZ,大连重工,0.06940063091482668,16.901408450704224,0.8276688832687059,0.8887465744834495,0.7583419454074612,0.962964197172325,1931370032.0,5.2,5.21,5.14,5.14,16529266.0,85474307.0,5.19,-0.9633911368015502,10.0,5.71,False,False,True,92.41432720232334
40,688563.SH,航材股份,0.11502493765586026,15.906155832974612,0.7994200210678406,1.0005413866927197,0.5490894231619879,0.7678722110003863,135542674.0,50.15,50.54,49.9,50.16,1041358.0,52230396.0,50.15,0.01994017946160831,20.0,60.18,False,False,True,92.38528557599227
41,600131.SH,国网信通,0.11764705882352948,20.02945508100147,0.9959908668817337,0.540232183580969,0.5315448906841448,0.6842330227796227,1195905149.0,14.8,14.89,14.65,14.69,4420600.0,65168171.0,14.8,-0.7432432432432523,10.0,16.28,False,False,True,92.14908034849952
42,002010.SZ,传化智联,0.09027777777777798,16.09195402298851,1.0072059524627082,0.6097824753602961,0.7927630331070996,0.8197336432250297,2757765331.0,4.61,4.65,4.56,4.56,13784944.0,63369830.0,4.61,-1.0845986984815759,10.0,5.07,False,False,True,92.1432720232333
43,600167.SH,联美控股,0.11753371868978793,20.352250489236788,0.9453827184854392,0.32476725691288344,0.6717681526808604,1.8246787380900402,2262840463.0,5.74,5.85,5.71,5.79,13409500.0,77488509.0,5.72,1.2237762237762295,10.0,6.29,False,False,True,92.135527589545
44,601633.SH,长城汽车,0.05609114811568805,24.42428471737612,0.8909012296174762,0.19142271292013896,0.7241554476864833,0.7364008552277395,6213232822.0,14.98,15.08,14.9,14.91,8763747.0,131224359.0,14.97,-0.4008016032064132,10.0,16.47,False,False,True,92.11035818005809
45,688459.SH,哈铁科技,0.1362007168458781,12.191958495460442,0.8155726019184801,0.25074381249999705,0.8829023674119121,0.6973261138132105,480000000.0,8.13,8.13,8.02,8.03,839281.0,6761102.0,8.09,-0.7416563658838138,20.0,9.71,False,False,True,91.84123910939012
46,601117.SH,中国化学,0.100609756097561,17.183098591549296,0.8531173722210174,0.9753306319856815,0.6607395329835846,0.9189331536268883,6049451162.0,7.39,7.46,7.37,7.42,54219032.0,402267314.0,7.38,0.5420054200542035,10.0,8.12,False,False,True,91.80251694094868
47,603167.SH,渤海轮渡,0.0642201834862388,10.611735330836458,0.7809939959843893,0.8706710669910529,0.922482288643729,0.5459392426937418,469144503.0,8.15,8.19,8.15,8.16,2230001.0,18218057.0,8.15,0.12269938650306678,10.0,8.97,False,False,True,91.53920619554695
48,300360.SZ,炬华科技,0.0439914163090129,18.20627802690582,0.9277218900041537,0.9033792058145026,0.7925449401525685,0.8569811297418651,500308887.00000006,11.6,11.65,11.4,11.44,3873286.0,44561391.0,11.56,-1.038062283737029,20.0,13.87,False,False,True,91.46176185866409
49,300569.SZ,天能重工,0.06415929203539825,15.681818181818175,1.2632947935556555,0.969709328329822,0.498979278798952,0.6112054535422534,1019647941.0,4.72,4.76,4.64,4.64,6043368.0,28305299.0,4.69,-1.06609808102347,20.0,5.63,False,False,True,91.38431752178123
50,688009.SH,中国通号,0.20382165605095556,13.260869565217392,0.6852274640148515,0.28220102370740346,0.6844585880782375,0.8082009302380335,8621018000.0,4.93,4.98,4.91,4.91,19662398.0,97213393.0,4.92,-0.20325203252031798,20.0,5.9,False,False,True,91.36302032913844
51,000544.SZ,中原环保,0.18534482758620674,10.998552821997109,0.7311125663734419,0.35335567482632946,0.7611271350397851,0.6617978710537674,974684488.0,7.36,7.39,7.32,7.34,2279300.0,16756049.0,7.34,0.0,10.0,8.07,False,False,True,91.3378509196515
52,600585.SH,海螺水泥,0.12870275791624086,15.318097591105628,0.8688092672104842,0.589004938851368,0.8192616053955348,0.9713827370123528,3977460044.0,17.45,17.88,17.45,17.71,22757007.0,402693955.0,17.45,1.489971346704877,10.0,19.2,False,False,True,91.32042594385287
53,000541.SZ,佛山照明,0.14814814814814828,18.35853131749461,0.780498767022294,0.4898179246947016,0.742299426352029,0.9541941296501585,1221592075.0,4.97,4.99,4.92,4.96,5709494.0,28315860.0,4.95,0.20202020202020332,10.0,5.45,False,False,True,91.27783155856729
54,600100.SH,同方股份,0.16062176165803113,15.615141955835977,1.0167923581067855,0.6339612407454084,0.5982300146538208,0.8754816321433565,3350297713.0,6.98,7.0,6.88,6.9,18594870.0,128762502.0,6.96,-0.8620689655172376,10.0,7.66,False,False,True,91.23717328170378
55,600897.SH,厦门空港,0.18237454100367195,15.709090909090918,0.739993275290165,0.355410508617666,0.7272777133332858,1.0326709810472172,416934000.0,15.13,15.29,15.12,15.15,1530240.0,23296871.0,15.19,-0.26333113890717463,10.0,16.71,False,False,True,91.20813165537271
56,603218.SH,日月股份,0.046728971962616765,24.636058230683112,0.9898895145136273,0.599579638782369,0.6682277853950385,0.8658527566465772,1028936500.0,9.27,9.31,9.21,9.28,5341700.0,49485848.0,9.28,0.0,10.0,10.21,False,False,True,91.12100677637947
57,000531.SZ,穗恒运Ａ,0.033333333333333215,26.229508196721298,0.9107635988940654,0.8126643602545635,0.41478881329119116,0.5556409383307976,909745488.0,5.6,5.63,5.58,5.58,4107952.0,23019677.0,5.59,-0.17889087656529634,10.0,6.15,False,False,True,90.784123910939
58,300140.SZ,节能环境,0.1685393258426968,18.711018711018724,0.9345933931335028,0.3535593259048675,0.6871324795916134,0.5441356834512251,3095265928.0,5.41,5.46,5.38,5.4,5954804.0,32277818.0,5.41,-0.1848428835489746,20.0,6.49,False,False,True,90.60600193610843
59,000858.SZ,五 粮 液,0.049346345056158945,15.702964484884063,0.8426241350937651,0.7250207860998665,1.0186039434999385,0.6398338947933387,3881513391.0,70.82,71.11,70.55,70.68,18006064.0,1273832601.0,70.82,-0.19768426998021393,10.0,77.9,False,False,True,90.56340755082284
60,601992.SH,金隅集团,0.11650485436893195,18.89763779527558,1.1387501520367949,0.48645980152699064,0.7201850102974854,1.1299416013456898,8334158264.0,1.4,1.42,1.39,1.39,45810465.0,64121597.0,1.39,0.0,10.0,1.53,False,False,True,90.55179090029043
61,600959.SH,江苏有线,0.16000000000000014,17.85714285714286,1.010065194438034,0.555608137563633,0.6509776745052397,1.0996259108674329,5000717686.0,3.11,3.17,3.08,3.09,30552440.0,95351552.0,3.12,-0.9615384615384692,10.0,3.43,False,False,True,90.51984511132622
62,001213.SZ,中铁特货,0.22222222222222246,9.63855421686748,0.7510896940468526,0.1514651062651415,0.6936736710186513,0.9305559114543585,4444444444.0,3.54,3.56,3.51,3.51,6264300.0,22143542.0,3.54,-0.8474576271186529,10.0,3.89,False,False,True,90.49757986447241
63,600307.SH,酒钢宏兴,0.12173913043478256,19.11764705882353,1.195956930006107,0.5691977726417484,0.5947708246792727,1.147569132490362,6263357424.0,1.5,1.52,1.48,1.48,40911862.0,61376931.0,1.5,-1.3333333333333308,10.0,1.65,False,False,True,90.47628267182964
64,688349.SH,三一重能,0.02030869212022746,21.64869029275809,1.136726431193355,0.4312947545422331,0.8221404354958585,1.5109490134927646,1566188095.0,13.28,13.34,12.87,12.91,10206290.0,133177400.0,13.23,-2.4187452758881345,20.0,15.88,False,False,True,90.43562439496613
65,600567.SH,山鹰国际,0.10843373493975912,12.4031007751938,0.7811930147010615,0.969465289236136,0.8530632047848874,0.9633763871721975,6205458106.0,1.36,1.37,1.33,1.34,58132500.0,78318663.0,1.36,-1.4705882352941235,10.0,1.5,False,False,True,90.41819941916748
66,603515.SH,欧普照明,0.005474452554744409,18.758169934640524,0.9853513915551215,0.21463462170869305,1.0822514701419703,0.801051817842115,737750549.0,15.37,15.56,15.37,15.49,1268440.0,19638418.0,15.33,1.0437051532941943,10.0,16.86,False,False,True,90.2942884801549
67,300470.SZ,中密控股,0.05877976190476185,17.143919672740804,0.9430216140361498,0.9877453879940011,0.8473448259372609,0.6873704973811212,197334685.0,27.88,27.88,27.53,27.67,1339798.0,37092731.0,27.68,-0.036127167630051193,20.0,33.22,False,False,True,90.23620522749273
68,601878.SH,浙商证券,0.18771331058020443,11.791383219954632,0.6250664898112024,0.4519165215515025,0.823448435504333,1.2077644792557365,4535015039.0,9.37,9.5,9.36,9.41,24925454.0,235418535.0,9.35,0.64171122994654,10.0,10.29,False,False,True,90.1703775411423
69,600406.SH,国电南瑞,0.18709677419354848,19.190968955785493,0.7870782893950079,0.50548899126477,0.5964376213208703,0.6090534732187716,8008176162.0,22.59,22.76,22.47,22.59,24654758.0,557021137.0,22.59,0.0,10.0,24.85,False,False,True,90.12584704743466
70,002705.SZ,新宝股份,0.05458768873403026,16.540642722117195,1.2182583550488288,0.8632084211005624,0.784488606717879,0.5134599857452028,808103400.0,11.1,11.11,10.97,10.97,3581700.0,39489304.0,11.05,-0.7239819004524861,10.0,12.16,False,False,True,90.0735721200387
71,688538.SH,和辉光电-U,0.05555555555555586,23.98190045248869,0.620624590639639,0.9622649374300419,0.7185881540010296,0.777965772444673,5752235725.0,2.23,2.24,2.21,2.23,43061765.0,95700932.0,2.22,0.45045045045044585,20.0,2.66,False,False,True,90.0058083252662
72,600894.SH,广日股份,0.11604095563139924,16.170212765957448,0.9684434789675743,0.6218485789822121,0.8873385715899538,0.4794868971859918,843144445.0,7.39,7.48,7.39,7.39,2513989.0,18694397.0,7.39,0.0,10.0,8.13,False,False,True,89.92061955469507
73,600104.SH,上汽集团,0.1190476190476189,20.41259500542887,0.8783424511854833,0.33596404859787754,0.8527028500224066,0.6474572810522315,11495277504.0,10.32,10.41,10.32,10.34,25004800.0,259306103.0,10.36,-0.19305019305019266,10.0,11.4,False,False,True,89.91287512100678
74,002939.SZ,长城证券,0.0715789473684212,13.601036269430056,0.8515452812824325,0.6846933203943244,1.0852059819351645,0.7839349271760903,3602659631.0,8.06,8.16,8.06,8.08,19337456.0,156838320.0,8.06,0.2481389578163684,10.0,8.87,False,False,True,89.90706679574058
75,600958.SH,东方证券,0.1761194029850746,13.302217036172692,0.6380106970942706,0.618348212867653,0.8265469867941838,1.1419390405444179,7469482864.0,9.16,9.29,9.14,9.23,52743211.0,487452889.0,9.16,0.7641921397379958,10.0,10.08,False,False,True,89.89351403678606
76,000987.SZ,越秀资本,0.1358267716535434,20.28368794326243,1.107730551105458,0.524403668289322,0.6677779471541294,0.9977648391880215,5012547583.0,7.67,7.75,7.64,7.66,26227230.0,201854621.0,7.65,0.13071895424836555,10.0,8.42,False,False,True,89.837366892546
77,000591.SZ,太阳能,0.05639097744360882,25.970873786407765,0.9605392596805796,0.9016641615548906,0.4632324350122652,0.8429708505212853,3903396026.0,4.28,4.31,4.25,4.26,29668800.0,126963415.0,4.27,-0.23419203747072626,10.0,4.7,False,False,True,89.7405614714424
78,002978.SZ,安宁股份,0.09934853420195448,18.267266040049044,1.085945172934567,0.7478670942299985,0.8004232354923086,0.5222831580736109,369279558.00000006,26.3,26.53,26.09,26.17,1442400.0,37889668.0,26.3,-0.4942965779467623,10.0,28.93,False,False,True,89.67473378509197
79,002091.SZ,江苏国泰,0.19075144508670525,14.305949008498597,0.9442901459645576,0.7055486989950119,0.6735607205633273,0.7667782290295073,1602372071.0,7.76,7.8,7.71,7.72,8668823.0,67251299.0,7.72,0.0,10.0,8.49,False,False,True,89.6302032913843
80,601005.SH,重庆钢铁,0.1607142857142855,16.07142857142856,0.6629469703998513,0.6630855030254474,0.8342406648014997,1.0732938925636513,8313636567.000001,1.2,1.22,1.2,1.2,59166956.0,71496175.0,1.21,-0.8264462809917328,10.0,1.33,False,False,True,89.59922555663118
81,002304.SZ,洋河股份,0.05076434958177092,16.554327311943908,1.251836998366519,0.3925261318005545,0.9596095772497475,0.5840142337305021,1506409974.0,38.8,39.21,38.68,38.75,3453307.0,134278915.0,38.85,-0.2574002574002643,10.0,42.74,False,False,True,89.5488867376573
82,603310.SH,巍华新材,0.09772727272727265,19.12919343326196,0.6960682540280734,0.8513198804185305,0.862025777594526,0.8223355650670117,194010000.0,14.45,14.52,14.41,14.42,1358207.0,19612081.0,14.44,-0.13850415512465242,10.0,15.88,False,False,True,89.54695062923524
83,688533.SH,上声电子,0.06908344733242146,21.595528455284562,1.147159856607114,0.5381163142873134,0.7993162589383985,0.7369242874040538,164987108.99999997,20.75,20.93,20.4,20.46,654258.0,13473992.0,20.69,-1.1116481391976851,20.0,24.83,False,False,True,89.48886737657308
84,600600.SH,青岛啤酒,0.12960829493087558,20.92734423514799,0.6485425038228032,0.6432288573032738,0.7997301856807828,0.5975183361542745,709125943.0,50.61,51.07,50.61,50.74,2725462.0,138610202.0,50.56,0.35601265822784445,10.0,55.62,False,False,True,89.48886737657307
85,601990.SH,南京证券,0.19200000000000017,11.359999999999992,0.841234506675344,0.37367010964417496,0.8409822948304504,1.5003758974429318,4231724800.0,6.76,6.87,6.75,6.79,23724980.0,161686869.0,6.73,0.8915304606240682,10.0,7.4,False,False,True,89.47144240077445
86,002032.SZ,苏 泊 尔,0.08593012275731793,21.278798860988868,0.720031985630275,0.21912810934185406,1.0079265588173196,1.2070401505330004,799580533.0,39.54,39.82,39.4,39.5,2114816.0,83706373.0,39.54,-0.10116337885685,10.0,43.49,False,False,True,89.39787028073572
87,601888.SH,中国中免,0.05746892194823721,19.334135579622934,0.964656334858333,1.1534287084519765,0.7637360062020193,1.4693728458169137,1952475544.0,52.68,54.44,52.68,53.72,33090884.0,1780824977.0,52.68,1.9741837509491322,10.0,57.95,False,False,True,89.36882865440465
88,601788.SH,光大证券,0.1993410214168041,14.211309523809534,0.8356073343087062,0.5066756605960074,0.7751932026185666,0.8743931770250244,3906698839.0,14.54,14.73,14.5,14.57,17307994.0,253014704.0,14.5,0.4827586206896495,10.0,15.95,False,False,True,89.33204259438529
89,000877.SZ,天山股份,0.0507462686567164,17.796610169491522,1.266301670613497,0.17012388414805849,0.9556300337565342,0.8788885305617168,7110490194.0,3.7,3.75,3.68,3.68,10631600.0,39439996.0,3.71,-0.8086253369272156,10.0,4.08,False,False,True,89.31655372700871
90,600115.SH,中国东航,0.003246753246753321,25.588235294117645,1.1342097134785345,0.7797935777511341,0.6564654755273502,1.0020218514116852,17024964893.0,3.42,3.46,3.41,3.43,133028003.0,456666109.0,3.41,0.5865102639296182,10.0,3.75,False,False,True,89.19264278799614
91,600742.SH,富维股份,0.19266055045871558,15.18624641833808,0.9009815580763357,0.6152145442559565,0.7456970837737975,0.6209913608197261,743057880.0,7.82,7.87,7.77,7.77,2838800.0,22192686.0,7.82,-0.6393861892583175,10.0,8.6,False,False,True,89.1810261374637
92,600027.SH,华电国际,0.2115384615384615,15.207373271889413,0.880931647098464,0.6736176283876905,0.6138115675127567,2.8020079319970463,9215677327.0,4.66,4.83,4.66,4.79,173944245.0,832079840.0,4.67,2.569593147751603,10.0,5.14,False,False,True,89.11132623426911
93,600517.SH,国网英大,0.17049180327868863,15.929203539823034,1.03756176093942,0.356421256833829,0.8248968697826667,1.2560961150063457,5718435744.0,5.05,5.06,4.95,4.97,25601400.0,129313699.0,5.04,-1.388888888888895,10.0,5.54,False,False,True,89.09390125847048
94,600741.SH,华域汽车,0.1949152542372879,17.94158553546592,0.7006673694392707,0.41818633559136903,0.7763159145205005,0.9361232376704559,3152723984.0,15.51,15.67,15.48,15.55,12342093.0,192503905.0,15.53,0.12878300064391723,10.0,17.08,False,False,True,89.01064859632139
95,600011.SH,华能国际,0.1598639455782315,23.088685015290533,0.7617040771744094,0.6761552991275935,0.5701626460949516,1.0641633141656621,10997709919.0,6.77,6.91,6.77,6.87,79132885.0,543571200.0,6.78,1.327433628318575,10.0,7.46,False,False,True,88.98741529525653
96,600006.SH,东风股份,0.10903426791277272,19.32270916334662,1.1141134726450648,0.59095119,0.8221535538227073,0.6180882722310788,2000000000.0,5.37,5.41,5.33,5.34,7305200.0,39189019.0,5.37,-0.5586592178770999,10.0,5.91,False,False,True,88.92739593417231
97,601200.SH,上海环境,0.21923076923076903,13.593749999999982,0.6862678180161964,0.5003834147239,0.7706420633989537,0.775104285906909,1346230251.0,6.97,7.01,6.91,6.93,5221345.0,36321658.0,6.97,-0.5738880918220945,10.0,7.67,False,False,True,88.86156824782188
98,300185.SZ,通裕重工,0.08196721311475429,19.92337164750959,0.9248722378751083,1.4207632126962872,0.5429285662475641,1.2173630371908635,3846459090.0,2.71,2.76,2.7,2.7,66527761.0,181523150.0,2.7,0.0,20.0,3.24,False,False,True,88.81122942884802
99,601880.SH,辽港股份,0.21052631578947353,16.541353383458635,0.9585380758756511,0.378880901047817,0.7124811020413097,1.0118337847658088,18413051214.0,1.45,1.47,1.45,1.45,70589101.0,102941693.0,1.45,0.0,10.0,1.6,False,False,True,88.70667957405615
100,603508.SH,思维列控,0.05774647887323946,15.501222493887546,0.7923924564157286,0.9666915802212381,1.0740289512317793,0.6178253186267002,381274377.0,21.28,21.37,21.17,21.2,2277148.0,48397900.0,21.27,-0.32910202162670377,10.0,23.4,False,False,True,88.6815101645692
101,600050.SH,中国联通,0.1967213114754098,15.521628498727736,0.8163311051254307,0.417894879234405,0.8357122572793846,1.0421306035559628,30990409152.0,4.29,4.31,4.25,4.26,134963555.0,577408858.0,4.29,-0.6993006993007089,10.0,4.72,False,False,True,88.58857696030978
102,000401.SZ,金隅冀东,0.12371134020618565,18.787878787878796,1.0985743750029449,0.33783851111142343,0.8972986703072463,1.2353772969132526,2631354687.9999995,3.54,3.61,3.52,3.55,10982170.0,39184131.0,3.54,0.28248587570620654,10.0,3.89,False,False,True,88.53049370764762
103,688334.SH,西高院,0.11650485436893208,28.392109982068135,0.8915015293465031,0.42749924080888546,0.6027696313677312,0.8423024468671138,312171069.0,18.14,18.2,17.86,17.95,1124077.0,20526214.0,18.05,-0.5540166204986208,20.0,21.66,False,False,True,88.4975798644724
104,603299.SH,苏盐井神,0.09302325581395378,17.209302325581397,0.9863075982763192,0.700478777971378,0.9973646228214519,0.7491405059412177,944186338.0,8.96,8.99,8.88,8.88,4419600.0,39467575.0,8.96,-0.8928571428571397,10.0,9.86,False,False,True,88.45885769603098
105,002191.SZ,劲嘉股份,0.12925170068027209,20.281690140845065,1.0460799883123193,0.7453468063677254,0.7700714624212239,0.6746662461125594,1402715536.0000002,3.64,3.67,3.62,3.63,7053700.0,25680642.0,3.65,-0.5479452054794498,10.0,4.02,False,False,True,88.35430784123912
106,600332.SH,白云山,0.10904255319148894,17.99053129931614,0.8303897643325842,0.6632759857108902,1.0018974992308438,0.5521267299064501,1405890949.0,19.84,19.95,19.8,19.89,5148547.0,103856114.0,19.83,0.302571860816947,10.0,21.81,False,False,True,88.34269119070669
107,603656.SH,泰禾智能,0.13957934990439763,18.91045710707575,1.0907410171376903,0.890319720492711,0.7021809531528331,0.8653003508229931,182945358.0,17.43,17.57,17.17,17.26,1409400.0,24458753.0,17.43,-0.9753298909925268,10.0,19.17,False,False,True,88.30396902226525
108,603153.SH,上海建科,0.16071428571428584,16.234309623430974,0.8249391827716778,0.3659845166888265,0.9846239797448112,0.7689273500684713,403780169.0,13.35,13.41,13.17,13.17,1136300.0,15074763.0,13.3,-0.9774436090225658,10.0,14.63,False,False,True,88.25363020329138
109,603357.SH,设计总院,0.14098360655737702,18.230088495575213,0.913681219699194,0.586016214167148,0.9262232430022004,0.787571067977075,560543253.0,6.12,6.14,6.03,6.05,2587072.0,15744412.0,6.08,-0.49342105263158187,10.0,6.69,False,False,True,88.08325266214908
110,600820.SH,隧道股份,0.19117647058823514,14.19999999999999,0.7166473171181897,0.5538050724094645,0.9069303106496196,1.0989827217710535,3144096094.0,5.38,5.45,5.37,5.37,19135667.0,104399154.0,5.39,-0.37105751391465214,10.0,5.93,False,False,True,87.99419167473378
111,600023.SH,浙能电力,0.1657458563535911,28.63247863247864,0.5185923357954747,0.2168278057608955,0.45875186218936026,1.890100905414661,13408732749.0,4.91,4.99,4.9,4.93,54952531.0,271927636.0,4.91,0.40733197556006573,10.0,5.4,False,False,True,87.98063891577928
112,600618.SH,氯碱化工,0.13507109004739343,19.078242229367625,1.047323118261684,0.9234941883119818,0.7478713155161624,0.9447346427410889,749839976.0,10.49,10.61,10.4,10.43,6542031.0,68657941.0,10.47,-0.3820439350525451,10.0,11.52,False,False,True,87.96902226524685
113,600170.SH,上海建工,0.07692307692307686,15.023474178403774,0.8957706983663671,1.2714184003586626,0.9104251804868844,1.0163883471780204,8885939744.0,2.25,2.28,2.25,2.25,114828987.0,259654507.0,2.26,-0.4424778761061843,10.0,2.49,False,False,True,87.96708615682479
114,603611.SH,诺力股份,0.0777666999002992,19.5483870967742,1.200089672981926,0.8730440194960375,0.8128585627850827,0.475346851265089,257600791.0,16.37,16.44,16.25,16.33,1069040.0,17473128.0,16.28,0.30712530712528885,10.0,17.91,False,False,True,87.92642787996128
115,000166.SZ,申万宏源,0.27692307692307655,11.904761904761907,0.6228653425220915,0.26147502061408145,0.7017428146258635,1.2142734167552056,22535507316.0,4.54,4.6,4.53,4.54,71550724.0,326563500.0,4.52,0.4424778761062065,10.0,4.97,False,False,True,87.86253630203292
116,300729.SZ,乐歌股份,0.1953846153846156,14.194915254237284,1.0532946386507613,0.6641431803240011,0.7683434611924862,2.1453134366607483,328084465.0,10.73,11.0,10.7,10.87,4674532.0,50927127.0,10.71,1.4939309056956063,20.0,12.85,False,False,True,87.7676669893514
117,002101.SZ,广东鸿图,0.16716867469879523,20.74263764404609,0.9508003861073633,0.6554113177851565,0.7488362467207678,0.8114934524998159,662212199.0,8.95,9.01,8.79,8.8,3522055.0,31320608.0,8.92,-1.3452914798206206,10.0,9.81,False,False,True,87.73862536302032
118,600548.SH,深高速,0.17175572519083948,14.470284237726094,0.6915947038778525,0.19776984446227353,1.1106664668486321,1.164448624345016,1714425983.0000002,8.23,8.26,8.16,8.18,3948200.0,32436744.0,8.19,-0.12210012210012167,10.0,9.01,False,False,True,87.57405614714425
119,600320.SH,振华重工,0.12352941176470585,18.604651162790688,0.8973416429898389,1.0262554607331937,0.8284115940760927,0.7139111151218325,3310205899.0,4.08,4.11,4.06,4.06,24252395.0,99084232.0,4.08,-0.4901960784313819,10.0,4.49,False,False,True,87.56631171345595
120,000030.SZ,富奥股份,0.1420765027322406,18.372703412073488,1.1030938609475407,0.598498773628258,0.863372824773708,0.7312218729447182,1670808645.0,4.07,4.11,4.05,4.06,7312050.0,29804163.0,4.07,-0.24570024570026439,10.0,4.48,False,False,True,87.55469506292353
121,600328.SH,中盐化工,0.11340206185567007,21.21739130434783,1.1199060323894694,1.0264520015229237,0.6532356651565158,0.7089373357760872,1466309533.0,6.29,6.35,6.25,6.26,10670190.0,67179389.0,6.3,-0.6349206349206327,10.0,6.93,False,False,True,87.52371732817038
122,600515.SH,海南机场,0.030769230769230802,15.530303030303028,1.3534775990173693,0.862360177484617,0.9129722681637621,1.0828953396413423,9176012508.0,2.75,2.79,2.73,2.74,85689809.0,236629489.0,2.74,0.0,10.0,3.01,False,False,True,87.49854791868344
123,601096.SH,宏盛华源,0.05740181268882173,23.425692695214106,1.1151003569244868,1.1444587053297381,0.6722452747963223,0.6443465846207925,1642976541.0000002,4.15,4.2,4.13,4.14,12115770.0,50619293.0,4.16,-0.48076923076924016,10.0,4.58,False,False,True,87.46757018393029
124,601686.SH,友发集团,0.22633744855967072,13.800424628450102,0.7714109416023863,0.3178780072368155,0.8576802641625851,1.2919430982512823,1479347326.0,5.25,5.3,5.21,5.23,6075388.0,32017973.0,5.26,-0.5703422053231821,10.0,5.79,False,False,True,87.45595353339786
125,002230.SZ,科大讯飞,0.03021882598124364,17.5875486381323,0.96914076350551,1.5229274397174177,0.8298567998703446,0.49194474433045654,2189966940.0,39.57,39.72,39.18,39.2,16407148.0,646253393.0,39.42,-0.5580923389142511,10.0,43.36,False,False,True,87.38238141335914
126,600339.SH,中油工程,0.14285714285714282,17.999999999999993,1.0780083149813164,1.0065599089384984,0.7493817080504916,0.8095856856950546,5583147471.0,3.32,3.39,3.32,3.33,45496873.0,152292423.0,3.36,-0.8928571428571397,10.0,3.7,False,False,True,87.33978702807357
127,600061.SH,国投资本,0.22959183673469397,11.5,0.8427547497566257,0.4704070013913384,0.8302269654833593,1.0465268703031978,6394097773.0,6.45,6.55,6.45,6.47,31477732.0,204471310.0,6.45,0.31007751937983663,10.0,7.1,False,False,True,87.28751210067763
128,600125.SH,铁龙物流,0.21256038647343012,13.147410358565747,0.8870857219000843,0.7852844371414893,0.772511188423733,1.1309736664536332,1305521874.0,5.47,5.52,5.41,5.42,11594810.0,63338263.0,5.46,-0.73260073260073,10.0,6.01,False,False,True,87.26815101645693
129,000778.SZ,新兴铸管,0.08928571428571448,16.430594900849883,0.9760917125263363,1.2132615584873485,0.902693293974233,0.8716849536166922,3893451290.0,3.68,3.73,3.67,3.7,41176434.0,152450676.0,3.68,0.5434782608695565,10.0,4.05,False,False,True,87.25072604065826
130,002060.SZ,广东建工,0.1608391608391608,15.436241610738243,1.1853524010868175,0.9974121968437513,0.702871908670354,0.8009342540828324,1562823660.0,3.21,3.23,3.17,3.17,12484798.0,39915579.0,3.21,-1.2461059190031154,10.0,3.53,False,False,True,87.17909002904163
131,000027.SZ,深圳能源,0.17500000000000002,27.33446519524618,0.7884137139441333,0.4633963694221565,0.5542216072185459,0.9546619092850354,4757389916.0,6.32,6.39,6.31,6.32,21046068.0,133665313.0,6.31,0.15847860538829028,10.0,6.94,False,False,True,87.04162633107454
132,603888.SH,新华网,0.11375464684014865,18.13922356091031,1.1071973192300673,1.0111693965707054,0.8248726905070162,0.885353083881337,742211985.0,16.49,16.75,16.26,16.3,6644593.0,109425179.0,16.47,-1.032179720704296,10.0,18.12,False,False,True,87.0106485963214
133,600273.SH,嘉化能源,0.0759493670886076,13.112164296998419,1.0609909092990844,1.2686426160619613,0.9522711110265198,0.6199330158312214,1311309122.0,6.75,6.83,6.71,6.73,10313098.0,69802500.0,6.75,-0.2962962962962945,10.0,7.43,False,False,True,86.94482090997096
134,688161.SH,威高骨科,0.10933806146572111,17.59959657085226,1.4588284892865886,0.3031627,0.8324383360030974,0.8115205135724151,400000000.0,21.66,21.95,21.42,21.7,984091.0,21333370.0,21.68,0.09225092250921829,20.0,26.02,False,False,True,86.90609874152953
135,600761.SH,安徽合力,0.07332490518331204,17.721518987341778,0.999660477944581,1.2428714574452417,0.906906769703493,0.6285361879077858,890692761.0,16.37,16.57,16.33,16.35,6958000.0,114482558.0,16.38,-0.1831501831501714,10.0,18.02,False,False,True,86.89641819941917
136,000652.SZ,泰达股份,0.16666666666666657,12.962962962962955,1.1236553897799584,0.78026012382047,0.8744370276685589,0.8682714998089129,1458222470.0,3.52,3.54,3.46,3.46,9879131.0,34512817.0,3.52,-1.7045454545454586,10.0,3.87,False,False,True,86.85575992255566
137,601311.SH,骆驼股份,0.14622641509433967,14.305750350631152,1.1863813122826357,1.0711926338232949,0.7712303241339892,0.7226930431796376,1173146118.0,7.73,7.84,7.71,7.71,9081834.0,70352957.0,7.75,-0.5161290322580614,10.0,8.53,False,False,True,86.85382381413359
138,600862.SH,中航高科,0.13683304647160066,26.102719033232624,0.852992489153055,0.8350036112545974,0.6623755423970793,1.9110419722073235,1393049107.0,18.14,18.6,18.03,18.49,22229260.0,408265456.0,18.14,1.9294377067254675,10.0,19.95,False,False,True,86.85188770571153
139,600757.SH,长江传媒,0.04926108374384221,15.502793296089369,1.0385650652076734,0.8517446374159114,1.2794335800707408,1.27374533984546,1213497103.0,7.25,7.35,7.2,7.2,13165300.0,95720911.0,7.26,-0.8264462809917328,10.0,7.99,False,False,True,86.84607938044529
140,600933.SH,爱柯迪,0.08523725834797882,28.41091492776886,0.9923552579054767,0.8210403760070585,0.677880120997341,0.7974411067146664,981013104.0,13.44,13.67,13.35,13.49,6423000.0,86814602.0,13.43,0.44676098287417254,10.0,14.77,False,False,True,86.84220716360116
141,600008.SH,首创环保,0.20338983050847406,15.671641791044767,0.7400771103746628,0.851390596479102,0.8074588989993537,1.0813650449653873,7340590677.0,2.8,2.83,2.79,2.8,67582178.0,189685852.0,2.8,0.0,10.0,3.08,False,False,True,86.80735721200388
142,000682.SZ,东方电子,0.06487695749440699,30.243024302430264,0.9795704761059747,0.9369091990144105,0.508196431386347,0.5816422628583073,1340600019.0,11.17,11.25,11.12,11.15,7305546.0,81850976.0,11.18,-0.26833631484793896,10.0,12.3,False,False,True,86.79961277831559
143,601928.SH,凤凰传媒,0.08121827411167525,17.51824817518248,1.05716802745182,0.4301447090258904,1.3921602957393233,1.1327194776218887,2544900000.0,8.4,8.52,8.38,8.38,12399600.0,104886562.0,8.38,0.0,10.0,9.22,False,False,True,86.7076476282672
144,600956.SH,新天绿能,0.17516629711751663,28.705148205928243,0.8757183030993965,0.289590760204492,0.42107458905683776,0.7023333617677932,2348088677.0,7.19,7.26,7.16,7.16,4775760.0,34421493.0,7.2,-0.5555555555555536,10.0,7.92,False,False,True,86.67376573088093
145,601866.SH,中远海发,0.21698113207547168,16.589861751152068,0.9142797913240202,0.6168295596972895,0.7981214830678409,1.2176915952533152,9710427720.0,2.4,2.45,2.4,2.43,72935816.0,177271909.0,2.4,1.2500000000000178,10.0,2.64,False,False,True,86.49564375605034
146,002236.SZ,大华股份,0.11049723756906038,13.049095607235127,0.7246829411408129,1.422728849010716,0.9327505299897809,0.5356098585268254,2391139515.0,16.12,16.17,15.93,15.98,18221143.0,297744946.0,16.08,-0.6218905472636704,10.0,17.69,False,False,True,86.46660212971925
147,000521.SZ,长虹美菱,0.042307692307692095,34.17721518987342,0.8097841573743164,0.672920454292443,0.6742656240081695,0.673718418027253,875288864.0,4.87,4.89,4.84,4.85,3968200.0,19303069.0,4.85,0.0,10.0,5.34,False,False,True,86.39496611810262
148,300080.SZ,易成新能,0.12427745664739888,24.69879518072289,1.171314274881071,0.750751075022541,0.6792592973469108,1.0195925311291278,1873127461.0,3.78,3.81,3.66,3.67,14338045.0,53163596.0,3.75,-2.1333333333333315,20.0,4.5,False,False,True,86.34656340755082
149,000789.SZ,万年青,0.18918918918918934,16.621983914209103,1.163411755076657,0.447313641277574,0.8448753206059326,0.8923373438527396,797420215.0,4.17,4.19,4.11,4.12,3182940.0,13211310.0,4.15,-0.7228915662650715,10.0,4.57,False,False,True,86.30880929332044
150,600983.SH,惠而浦,0.17773437500000006,23.590504451038562,1.0498328468704576,0.3164240272219915,0.7540273915104972,0.45835448882990815,766439000.0,7.72,7.73,7.61,7.64,1111600.0,8504773.0,7.65,-0.13071895424837665,10.0,8.42,False,False,True,86.30784123910938
151,688232.SH,新点软件,0.08525104602510473,23.00724637681162,1.1424024482514954,0.685661379025948,0.8931500068775233,0.7754007830888537,321981975.0,18.24,18.43,17.96,17.96,1711857.0,31077268.0,18.19,-1.264431006047284,20.0,21.83,False,False,True,86.28267182962246
152,002140.SZ,东华科技,0.12005856515373357,20.946745562130186,1.0018149210106317,0.8583093754481392,0.8845689110475019,0.8647446454636826,706908875.0,9.27,9.32,9.16,9.17,5246808.0,48378548.0,9.27,-1.0787486515641764,10.0,10.2,False,False,True,86.23426911907066
153,603788.SH,宁波高发,0.21863117870722415,20.015822784810112,1.0046833273349607,0.5447736890833969,0.6857887305344209,0.7450626637693653,223065068.0,13.79,13.93,13.66,13.73,905400.0,12476750.0,13.79,-0.435097897026826,10.0,15.17,False,False,True,86.22071636011616
154,002641.SZ,公元股份,0.15873015873015886,21.68021680216803,1.01727797909512,0.7102583563429502,0.7950592481928604,1.115906213438714,1133957528.0,3.98,4.02,3.93,3.94,8987540.0,35698064.0,3.99,-1.253132832080206,10.0,4.39,False,False,True,86.20522749273958
155,601811.SH,新华文轩,0.13457943925233629,18.580765639589146,1.0827296710814136,0.3492608130860275,1.0794786610734954,1.567468481204421,791903900.0,11.51,11.67,11.36,11.51,4335320.0,49931395.0,11.43,0.6999125109361293,10.0,12.57,False,False,True,86.19361084220716
156,002352.SZ,顺丰控股,0.1572052401746723,17.69464105156724,1.0611074403575997,0.42991064053541456,1.0186666190378302,0.7091884377736744,4799115259.0,31.46,31.73,31.42,31.56,14631910.0,469225235.0,31.47,0.2859866539561384,10.0,34.62,False,False,True,86.14133591481124
157,600452.SH,涪陵电力,0.05513784461152876,23.726851851851837,1.0175150793460706,1.521961336949212,0.635133512959796,0.6454941686069409,1536541654.0,9.09,9.14,9.02,9.03,15095249.0,137402879.0,9.08,-0.5506607929515517,10.0,9.99,False,False,True,86.06776379477252
158,603210.SH,泰鸿万立,0.11844660194174765,17.20599842146804,0.8696647669548578,1.1510968400468402,0.9480535889564147,1.1398467638587113,232677500.0,13.9,13.98,13.64,13.66,3052901.0,42025767.0,13.89,-1.6558675305975545,10.0,15.28,False,False,True,86.03872216844142
159,601956.SH,东贝集团,0.1626898047722343,18.937644341801384,1.1550253090968292,0.8102445994885639,0.7826457297715593,1.4629667384632359,621616590.0,5.07,5.16,5.0,5.01,7368400.0,37457885.0,5.08,-1.3779527559055205,10.0,5.59,False,False,True,86.01936108422072
160,600269.SH,赣粤高速,0.1017964071856287,13.513513513513509,0.9194781985075323,0.9304676966256586,1.2798026313503414,0.9504179224866457,2335407014.0,3.87,3.92,3.86,3.88,20652779.0,80409442.0,3.87,0.2583979328165231,10.0,4.26,False,False,True,85.96611810261376
161,600765.SH,中航重机,0.11857292759706198,14.79999999999999,1.2276846101457095,1.0049847382581367,0.8922036275414965,0.957398264886,1552494153.0,13.56,13.68,13.49,13.56,14937643.0,202696528.0,13.63,-0.5135730007336803,10.0,14.99,False,False,True,85.9651500484027
162,600132.SH,重庆啤酒,0.00207146556188499,26.986160943106086,1.050406169000786,0.778206485337165,0.9028527166161259,0.7202000427343024,483971198.0,39.1,39.72,39.1,39.49,2712486.0,107101887.0,39.06,1.1008704557091686,10.0,42.97,False,False,True,85.92061955469507
163,002480.SZ,新筑股份,0.17993079584775074,20.77393075356415,1.1273898618402893,0.8704326327693188,0.6175462919738394,0.619927240354985,767487470.9999999,5.4,5.47,5.37,5.38,4141400.0,22388811.0,5.43,-0.9208103130755041,10.0,5.97,False,False,True,85.91674733785092
164,002797.SZ,第一创业,0.2285714285714283,14.569536423841068,0.9140379073626747,1.1724162918808245,0.5060916485691549,1.1197545359706913,4202400000.0,6.54,6.6,6.5,6.52,55169883.0,361737704.0,6.52,0.0,10.0,7.17,False,False,True,85.88673765730881
165,600168.SH,武汉控股,0.2064056939501778,15.267175572519086,0.7551832403297115,0.6107426361136941,0.9626221116767167,1.0583343531776495,993397569.0,4.52,4.54,4.45,4.45,6421023.0,28852389.0,4.51,-1.3303769401330268,10.0,4.96,False,False,True,85.8567279767667
166,601399.SH,国机重装,0.059945504087193506,28.859060402684555,1.2066265444892526,0.7833208595268765,0.6939521369386009,0.7376336175828357,7213555890.0,3.2,3.22,3.16,3.18,41680200.0,132665533.0,3.2,-0.6249999999999978,10.0,3.52,False,False,True,85.73088092933203
167,688271.SH,联影医疗,0.12408438324055084,25.169925755516065,1.067172190700523,0.5834794323439775,0.8317769375086106,0.5466124982502104,824157988.0,104.47,105.76,103.88,104.95,2628546.0,276420858.0,104.1,0.8165225744476645,20.0,124.92,False,False,True,85.70183930300098
168,600987.SH,航民股份,0.22745098039215692,14.74036850921272,0.8609394205393868,0.6147967789384651,0.875595425278857,0.6491116887100751,1020818873.0,6.56,6.59,6.52,6.53,4073800.0,26682777.0,6.55,-0.3053435114503733,10.0,7.21,False,False,True,85.64181994191675
169,601106.SH,中国一重,0.07832898172323756,31.40794223826715,1.0165834554784043,0.6681508592171799,0.7158361225337804,1.018074801069413,6857782927.0,3.08,3.09,3.02,3.03,46648529.0,142274371.0,3.07,-1.3029315960912058,10.0,3.38,False,False,True,85.63988383349468
170,000543.SZ,皖能电力,0.23469387755102028,19.63276836158192,0.8095615318661092,0.9115942552603694,0.5314459940719403,1.0684668167162177,2266863331.0,7.35,7.48,7.34,7.43,22079435.0,163940202.0,7.35,1.0884353741496655,10.0,8.09,False,False,True,85.63601161665053
171,600210.SH,紫江企业,0.1813953488372092,11.518324607329822,0.8123486584726475,1.015152966373729,0.9334314484026697,0.7431056861335127,1516736158.0,6.13,6.16,6.1,6.1,11441741.0,70127458.0,6.12,-0.326797385620925,10.0,6.73,False,False,True,85.61858664085189
172,600101.SH,明星电力,0.07749999999999992,25.994694960212207,0.6776613206306188,1.6435716035749373,0.47492937185432893,0.7186594898202145,547862471.0,7.86,7.92,7.83,7.84,6471178.0,50953675.0,7.85,-0.1273885350318471,10.0,8.64,False,False,True,85.60696999031946
173,603194.SH,中力股份,0.21747831887925267,19.060773480662995,0.9623486854670095,0.704460733217001,0.7422098265479741,0.9490130835058519,158026913.0,34.39,34.72,34.25,34.29,1056477.0,36427211.0,34.3,-0.02915451895043608,10.0,37.73,False,False,True,85.59341723136495
174,603109.SH,神驰机电,0.11890951276102094,28.414239482200653,0.817619319520132,0.7969786308113654,0.7530751411611409,0.754291078133381,208848360.0,17.5,17.77,17.32,17.39,1255500.0,21977471.0,17.5,-0.6285714285714228,10.0,19.25,False,False,True,85.55856727976767
175,000726.SZ,鲁  泰Ａ,0.24596774193548396,13.670411985018728,0.8242523375400662,0.7842908448038619,0.7960507482645904,1.3183999916914382,589288850.0,5.97,5.98,5.9,5.91,6093300.0,36173227.0,5.95,-0.6722689075630228,10.0,6.55,False,False,True,85.48305905130687
176,605005.SH,合兴股份,0.2465181058495823,18.00418702023727,1.152237158978952,0.33287436408977095,0.6797280733692677,0.8020519824977964,401000000.0,16.1,16.3,15.91,15.98,1070600.0,17156989.0,16.1,-0.7453416149068359,10.0,17.71,False,False,True,85.44627299128751
177,600927.SH,永安期货,0.16463414634146314,15.82491582491581,1.2112960246250182,0.43810510960991444,0.9985888398309597,1.0447185609272045,1450444656.0,12.73,12.9,12.67,12.7,6638635.0,84819206.0,12.69,0.07880220646176994,10.0,13.96,False,False,True,85.43078412391094
178,601065.SH,江盐集团,0.1831501831501832,16.275430359937392,0.8041678128982517,0.661110585604099,1.0384909178553297,0.9983855127781273,642776079.0,6.9,6.93,6.8,6.81,4242600.0,29086424.0,6.89,-1.1611030478955064,10.0,7.58,False,False,True,85.3727008712488
179,301327.SZ,华宝新能,0.015988372093023343,26.770708283313315,1.36102800976448,0.8865606837983939,0.6861623974296217,0.7713652864013718,142773075.0,42.31,42.68,41.51,41.83,976371.0,40962191.0,42.31,-1.1344835736232683,20.0,50.77,False,False,True,85.27783155856727
180,603693.SH,江苏新能,0.0326086956521738,35.49270072992699,1.0924567143946846,0.7112448740620945,0.38675897328854736,0.5500984019355338,891475880.0,11.28,11.35,11.18,11.21,3487941.0,39309003.0,11.26,-0.444049733570151,10.0,12.39,False,False,True,85.2623426911907
181,000913.SZ,钱江摩托,0.14052697616060214,23.42342342342343,1.0516855742072906,0.8052252086571119,0.8214901481939173,0.9500857312999814,520102675.0,11.12,11.29,11.1,11.18,3978957.0,44549085.0,11.11,0.6300630063006407,10.0,12.22,False,False,True,85.23330106485963
182,002145.SZ,钛能化学,0.11707317073170743,21.844660194174747,1.1123876041798018,1.044974603897606,0.7959470018860291,0.6940038622068027,3806474258.000001,4.33,4.36,4.29,4.31,27605176.0,119160463.0,4.33,-0.46189376443419583,10.0,4.76,False,False,True,85.22362052274929
183,603035.SH,常熟汽饰,0.07990867579908688,17.58893280632412,1.14510684111088,1.0504256919421813,1.0301746064167805,0.7314139556302351,366347080.0,10.87,10.98,10.78,10.8,2814630.0,30590392.0,10.82,-0.1848428835489746,10.0,11.9,False,False,True,85.20038722168442
184,002096.SZ,易普力,0.21247892074198985,18.772563176895286,0.9997977607824092,0.5028608121018106,0.8468995310205856,0.7274812757552362,1239619861.0,9.57,9.66,9.41,9.45,4534800.0,43171415.0,9.57,-1.2539184952978122,10.0,10.53,False,False,True,85.16360116166506
185,002233.SZ,塔牌集团,0.04482758620689651,14.03762662807524,1.2412947132501728,0.9873092740835948,1.2350526906617048,0.9184285086781812,1173623408.0,7.06,7.19,7.02,7.09,10642100.0,75592498.0,7.04,0.7102272727272707,10.0,7.74,False,False,True,85.05324298160697
186,002061.SZ,浙江交科,0.1891891891891895,15.030674846625768,1.0374769900685752,0.6558673262392065,0.9827951430126397,0.7442138330606664,2599137900.0,3.46,3.5,3.45,3.47,12686536.0,44130075.0,3.47,0.0,10.0,3.82,False,False,True,85.04356243949661
187,600710.SH,苏美达,0.21072088724584082,21.720430107526866,1.047785295962011,0.620259931943459,0.6911257426980664,0.8920522020366533,1306749434.0,10.37,10.5,10.33,10.4,7230300.0,75389146.0,10.37,0.2892960462873795,10.0,11.41,False,False,True,85.04162633107454
188,600218.SH,全柴动力,0.15703971119133575,18.99280575539568,1.0692957938535346,1.1372550783233675,0.779207745200873,1.069481224240657,435599919.0,7.85,7.96,7.68,7.68,5298084.0,41198327.0,7.82,-1.7902813299232823,10.0,8.6,False,False,True,85.04162633107453
189,603809.SH,豪能股份,0.06813417190775686,30.528846153846146,0.9802075367998258,0.9234401022113006,0.740774991989328,0.6715881201827294,920288807.0,8.97,9.07,8.94,9.01,5707368.0,51383647.0,8.97,0.4459308807134743,10.0,9.87,False,False,True,85.01258470474347
190,603855.SH,华荣股份,0.26605504587155954,16.350555918901243,0.7858883559087265,0.499939573662755,0.8141818841033421,1.169685293492139,335532500.0,16.79,16.94,16.67,16.82,1962100.0,33030675.0,16.74,0.4778972520908198,10.0,18.41,False,False,True,84.98741529525653
191,600480.SH,凌云股份,0.07429420505200594,28.987341772151876,1.2039937842158568,0.9447232498335321,0.6235607685244533,0.9736122754094864,1213185142.0,8.41,8.53,8.27,8.33,11158806.0,93445739.0,8.4,-0.8333333333333415,10.0,9.24,False,False,True,84.9835430784124
192,002511.SZ,中顺洁柔,0.2205882352941176,16.2037037037037,0.9620168772879085,0.8383681523304751,0.8064370931297167,1.0114007970343306,1265003933.0,7.09,7.13,7.0,7.02,10726300.0,75626431.0,7.08,-0.8474576271186529,10.0,7.79,False,False,True,84.98160696999031
193,601236.SH,红塔证券,0.23355263157894743,14.849921011058441,0.8359123604645614,0.29223766509785204,0.9868733876977035,2.40482196482747,4693233706.0,7.0,7.1,6.92,7.01,32983087.0,233013314.0,7.04,-0.42613636363636465,10.0,7.74,False,False,True,84.97579864472411
194,002006.SZ,精工科技,0.06110652353426922,26.486915146708956,1.2542688718658606,1.0988039774031928,0.6442223974532094,0.5735202828793583,519683458.0,13.35,13.45,13.22,13.24,3275204.0,43628387.0,13.35,-0.8239700374531811,10.0,14.69,False,False,True,84.92545982575024
195,002139.SZ,拓邦股份,0.07393483709273181,20.20316027088038,1.2441164571302514,1.3596224341766123,0.7688918522302797,0.5010033164792115,1071089847.0,9.46,9.52,9.36,9.38,7296000.0,68778691.0,9.45,-0.7407407407407196,10.0,10.4,False,False,True,84.90997095837368
196,600970.SH,中材国际,0.16708229426433915,24.78510028653296,1.0223966208722197,0.6381718923130869,0.7804436348067216,0.8786450026965773,2621812924.0,7.64,7.81,7.62,7.75,14701201.0,114033414.0,7.65,1.3071895424836555,10.0,8.42,False,False,True,84.85575992255568
197,003012.SZ,东鹏控股,0.1404011461318052,16.509433962264165,1.2905968288438168,0.71716017446586,0.9497848894670252,1.0934644492736985,1134585953.0,4.72,4.74,4.66,4.66,8897300.0,41778132.0,4.73,-1.4799154334038112,10.0,5.2,False,False,True,84.83059051306874
198,601668.SH,中国建筑,0.20138888888888898,18.114143920595517,0.832056467688197,0.5019268160863015,1.0002048444357636,1.1598465445396662,41320390444.0,4.32,4.4,4.31,4.37,240549993.0,1050597845.0,4.32,1.157407407407396,10.0,4.75,False,False,True,84.82478218780253
199,603069.SH,海汽集团,0.08597285067873307,24.63644140290848,1.2885201369948518,0.9239911234177165,0.7510388732662456,1.3146394582020942,316000000.0,13.4,13.88,13.4,13.45,3838500.0,52240557.0,13.4,0.3731343283581934,10.0,14.74,False,False,True,84.81703775411422
200,600157.SH,永泰能源,0.1884057971014494,14.569536423841068,0.7273778228963618,1.7252040513796605,0.641721722466497,0.8645838597874032,21817764145.0,1.55,1.56,1.54,1.55,325430187.0,504506967.0,1.54,0.6493506493506551,10.0,1.69,False,False,True,84.76379477250727
201,601012.SH,隆基绿能,0.02796052631578946,24.627519719544267,1.4036535478318108,1.1328440511402385,0.6392245034255081,0.5865200103471011,7578061602.0,11.76,11.83,11.68,11.7,50351347.0,590914417.0,11.75,-0.42553191489361764,10.0,12.93,False,False,True,84.73765730880929
202,600010.SH,包钢股份,0.13868613138686126,23.529411764705888,1.0266435076913425,1.2587622852556213,0.6610113132802481,0.6240330500674737,31318211887.0,2.23,2.25,2.22,2.22,246007457.0,548615354.0,2.23,-0.4484304932735328,10.0,2.45,False,False,True,84.73088092933203
203,603786.SH,科博达,0.019343745522281148,28.12089356110381,1.4335536161332265,0.515555369020739,0.7531724343372171,0.9282894440140841,403856700.0,39.5,40.15,39.21,39.78,1932796.0,76731332.0,39.4,0.9644670050761528,10.0,43.34,False,False,True,84.72991287512102
204,600685.SH,中船防务,0.14752957550452336,18.64053377814845,1.0966932745566165,1.2184134161159033,0.8004612230270085,1.3144223364785956,821435181.0,25.95,26.56,25.95,26.43,13155365.0,346933384.0,26.1,1.264367816091938,10.0,28.71,False,False,True,84.70087124878994
205,002540.SZ,亚太科技,0.1924198250728863,17.25663716814161,1.028202072908187,1.0117588278157865,0.8076832400617185,0.6789529983434159,858201358.0,5.19,5.23,5.15,5.15,5895300.0,30583405.0,5.18,-0.5791505791505669,10.0,5.7,False,False,True,84.60406582768636
206,300015.SZ,爱尔眼科,0.10734463276836166,20.051746442432062,1.2387447753066638,0.8933239215475838,0.9169386500767777,0.5191069577032937,7957892308.0,8.31,8.34,8.23,8.27,36900516.0,305320834.0,8.3,-0.3614457831325413,20.0,9.96,False,False,True,84.57696030977736
207,605077.SH,华康股份,0.12735326688815046,23.67101303911734,1.062864303409992,1.243077499521025,0.6940788595911935,0.7149992050277708,299429678.0,11.12,11.25,11.07,11.14,2661329.0,29652756.0,11.12,0.17985611510793476,10.0,12.23,False,False,True,84.56534365924492
208,600635.SH,大众公用,0.16203703703703706,20.4878048780488,0.9710415199744027,1.2655881371015485,0.7385600090522754,0.962070829844975,2418791675.0,4.65,4.73,4.63,4.66,29450855.0,137864306.0,4.69,-0.6396588486140775,10.0,5.16,False,False,True,84.53339787028074
209,601158.SH,重庆水务,0.3061224489795921,12.598425196850393,0.6278401601896849,0.133848213255341,0.8593002915178939,1.1419268927557709,4800030119.0,4.11,4.15,4.11,4.11,7336600.0,30262769.0,4.11,0.0,10.0,4.52,False,False,True,84.5188770571152
210,002093.SZ,国脉科技,0.12591687041564795,20.833333333333325,1.1552811345516272,1.0155425607940392,0.8461693202657584,0.9130230798018681,1007500000.0,7.05,7.14,6.92,6.93,9341679.0,65500319.0,7.03,-1.422475106685639,10.0,7.73,False,False,True,84.48402710551791
211,002533.SZ,金杯电工,0.22388059701492558,19.422310756972117,0.9630751126676202,1.0717544204075584,0.5710865347327067,0.9459245411678978,646143983.0,11.42,11.57,11.39,11.49,6550600.0,75285087.0,11.39,0.8779631255487308,10.0,12.53,False,False,True,84.46660212971926
212,600861.SH,北京人力,0.15007012622720875,20.98976109215016,1.1783677861915085,0.4755544195352236,0.9687930094515985,0.8154004753147368,566112718.0,12.81,12.97,12.77,12.9,2195200.0,28331872.0,12.79,0.8600469116497367,10.0,14.07,False,False,True,84.44724104549854
213,000927.SZ,中国铁物,0.23214285714285693,14.666666666666671,1.1567022381900978,0.69570721045792,0.7855044428699709,0.685189657564403,6050350581.0,2.5,2.53,2.49,2.49,28841500.0,72284361.0,2.51,-0.7968127490039723,10.0,2.76,False,False,True,84.43949661181026
214,600021.SH,上海电力,0.008953553441522112,33.459787556904395,0.9992757903361221,1.0220275569498294,0.6635531815230649,0.6464774202354597,2821875805.0,13.35,13.65,13.3,13.33,18644634.0,250290266.0,13.34,-0.07496251874062887,10.0,14.67,False,False,True,84.41432720232334
215,002609.SZ,捷顺科技,0.18918918918918912,15.616045845272208,1.0649581589304487,1.1930216840432506,0.7857169859990543,1.074203587914573,459573516.0,8.0,8.06,7.88,7.89,5889656.0,46954672.0,7.96,-0.8793969849246297,10.0,8.76,False,False,True,84.39496611810262
216,000869.SZ,张  裕Ａ,0.1331444759206798,17.473821989528805,1.0839375195225318,0.3687481085248175,1.5096160240520962,0.5284436823887156,454935920.0,16.22,16.29,16.1,16.13,886500.0,14338413.0,16.22,-0.5548705302096169,10.0,17.84,False,False,True,84.39303000968054
217,601966.SH,玲珑轮胎,0.15584415584415598,21.550855991943617,1.181751909198584,0.5913329507712234,0.8905285279577798,1.4847203897088452,1463502683.0,10.88,10.99,10.69,10.71,12849028.0,138890874.0,10.89,-1.6528925619834656,10.0,11.98,False,False,True,84.3814133591481
218,600000.SH,浦发银行,0.2127272727272727,19.85203452527746,0.9849923402972843,0.20700716831979052,0.9195443949842155,1.3027273788618703,33305838300.0,9.24,9.47,9.22,9.27,89817155.0,841972880.0,9.28,-0.10775862068965747,10.0,10.21,False,False,True,84.37754114230397
219,603868.SH,飞科电器,0.2113303628262254,24.7227191413238,1.1236932637633248,0.21418800505050048,0.6744274613271649,1.243833151867312,435600000.0,31.32,31.66,30.93,31.01,1160500.0,36929535.0,31.27,-0.8314678605692238,10.0,34.4,False,False,True,84.34462729912876
220,600329.SH,达仁堂,0.24843750000000003,20.716034271725835,0.8534902530567768,0.486672103928534,0.7762750093663826,0.5306874171449719,567089356.0,35.79,36.11,35.73,35.98,1464626.0,52579119.0,35.86,0.3346346904629094,10.0,39.45,False,False,True,84.32913843175218
221,600704.SH,物产中大,0.2867132867132867,12.168141592920367,0.7298124858906639,0.671881463980548,0.8147824847627825,0.884280016567888,5171179890.0,4.91,4.97,4.9,4.9,30723601.0,151553764.0,4.93,-0.6085192697768638,10.0,5.42,False,False,True,84.2245885769603
222,002401.SZ,中远海科,0.18487394957983197,19.657348963029754,0.9742245638479418,0.84787642577486,0.8781294199270949,0.7307716271342249,371398485.0,12.44,12.5,12.32,12.33,2301200.0,28517990.0,12.41,-0.6446414182111226,10.0,13.65,False,False,True,84.22071636011617
223,601369.SH,陕鼓动力,0.1909090909090907,22.50922509225093,0.941353048452666,0.6488146721279531,0.8463543966849348,0.5138684129026916,1706211292.0,8.8,8.84,8.71,8.72,5688600.0,49885522.0,8.79,-0.796359499431154,10.0,9.67,False,False,True,84.16456921587609
224,605050.SH,福然德,0.13139801375095497,26.262626262626256,1.3970787726955527,0.48534817787098056,0.6689517849901417,0.737937357015753,492829181.0,10.7,10.73,10.5,10.57,1765100.0,18688492.0,10.63,-0.5644402634054635,10.0,11.69,False,False,True,84.14133591481122
225,601608.SH,中信重工,0.11246943765281173,27.020785219399546,1.1895870086820988,0.6767264216115694,0.8081284305508423,0.80180573176549,4579553437.0,4.78,4.83,4.72,4.77,24848800.0,118345369.0,4.79,-0.41753653444677186,10.0,5.27,False,False,True,84.03872216844142
226,600308.SH,华泰股份,0.22222222222222215,18.835616438356183,1.1278652000925855,0.544062605394645,0.8107120329592551,1.1980040431259333,1516870176.0,3.3,3.32,3.24,3.26,9886796.0,32395032.0,3.3,-1.2121212121212088,10.0,3.63,False,False,True,84.03484995159728
227,603195.SH,公牛集团,0.24186046511627884,17.711470024637286,0.865913636957133,0.20823193570674203,0.9637852427162,0.9855414744238719,1800163354.9999998,38.56,38.99,38.46,38.57,3694317.0,143212316.0,38.61,-0.10360010360009886,10.0,42.47,False,False,True,84.01355275895449
228,600995.SH,南网储能,0.3328100470957613,19.006102877070607,0.8815130633709185,0.34095941199330404,0.5005802129496276,0.6869040342962988,3196005805.0,12.57,12.65,12.46,12.49,7485250.0,93889237.0,12.61,-0.9516256938937317,10.0,13.87,False,False,True,83.99031945788964
229,301215.SZ,中汽股份,0.1721611721611721,16.161616161616156,1.119865127299025,0.792236157743492,1.0104411249914342,0.6430713594178806,1322400000.0,5.4,5.46,5.34,5.35,6737157.0,36344249.0,5.42,-1.291512915129156,20.0,6.5,False,False,True,83.97676669893514
230,002275.SZ,桂林三金,0.15197568389057756,16.708648194794296,1.1071692655775842,0.5034110988021484,1.2973536323811263,0.8353787076650777,564751305.0,12.43,12.46,12.27,12.3,2374999.0,29317605.0,12.41,-0.8863819500402825,10.0,13.65,False,False,True,83.96902226524685
231,600369.SH,西南证券,0.31250000000000017,14.247311827956977,0.7567289542059596,0.46403458355004906,0.8081489392312871,1.2621481139799742,6645109124.0,4.08,4.14,4.07,4.1,38919100.0,159922403.0,4.07,0.7371007371007154,10.0,4.48,False,False,True,83.94772507260407
232,300160.SZ,秀强股份,0.21759259259259287,19.402985074626876,0.9523926776594365,0.7954503505432609,0.8165745570902891,1.2641119957190994,762964451.0,4.53,4.53,4.38,4.39,7671900.0,33997084.0,4.49,-2.2271714922049157,20.0,5.39,False,False,True,83.94191674733786
233,600022.SH,山东钢铁,0.20967741935483886,17.355371900826434,0.9667923162947707,0.7629543021238319,0.9168967669178274,0.697742373071127,10698849554.0,1.34,1.35,1.33,1.33,56954849.0,76140957.0,1.34,-0.7462686567164201,10.0,1.47,False,False,True,83.90125847047435
234,002884.SZ,凌霄泵业,0.30860534124629063,11.424731182795679,0.7194293640487748,0.7560574704042899,0.7632944301992983,1.18794681419013,272657626.0,15.93,15.99,15.73,15.76,2448891.0,38771031.0,15.92,-1.005025125628145,10.0,17.51,False,False,True,83.88189738625364
235,600507.SH,方大特钢,0.12149532710280364,20.155038759689937,1.1307601393707933,1.0970661228906882,0.9045544904758493,0.6624328348398175,2313187890.0,4.26,4.3,4.24,4.24,16810691.0,71861390.0,4.26,-0.46948356807510194,10.0,4.69,False,False,True,83.85866408518876
236,000738.SZ,航发控制,0.19267399267399263,21.319486866218675,1.1595556460176533,0.9216038547293689,0.6880891938488022,1.4798940707349895,1315184001.0,18.99,19.4,18.9,19.21,17937480.0,344256708.0,19.0,1.1052631578947425,10.0,20.9,False,False,True,83.8431752178122
237,000528.SZ,柳    工,0.09652509652509653,21.41882673942701,0.9488723628008373,1.3613578457211195,0.906733818646052,1.150530991866315,2037744739.0,7.85,7.98,7.84,7.91,31892238.0,253113030.0,7.83,1.0217113665389466,10.0,8.61,False,False,True,83.8296224588577
238,000516.SZ,国际医学,0.10970464135021105,16.753926701570677,1.3875245107120378,1.0181130802527847,0.8965478017299224,0.4937964195387586,2204748361.0,4.09,4.11,4.06,4.06,11084165.0,45233760.0,4.08,-0.4901960784313819,10.0,4.49,False,False,True,83.82187802516941
239,600662.SH,外服控股,0.1631944444444445,18.56763925729443,1.2558602847790548,0.565693622070398,0.9720980853524842,0.8066677196839273,2276762040.0,4.26,4.29,4.21,4.22,10389475.0,44100518.0,4.24,-0.4716981132075526,10.0,4.66,False,False,True,83.78315585672799
240,000900.SZ,现代投资,0.2424242424242427,12.352941176470589,0.9105006911023217,0.754280873620961,0.927722311930299,1.1613884167479431,1517752584.0,3.64,3.7,3.64,3.65,13295711.0,48817848.0,3.64,0.27472527472527375,10.0,4.0,False,False,True,83.76960309777348
241,601688.SH,华泰证券,0.25529265255292627,18.48184818481848,0.9420577999265818,0.8120348674370035,0.7369925067477254,0.8604668665377112,7306758106.0,19.25,19.64,19.25,19.5,51054445.0,994987292.0,19.22,1.4568158168574374,10.0,21.14,False,False,True,83.65924491771538
242,600850.SH,电科数字,0.07234825260576333,24.310216256524985,1.1759517550459644,1.2081004183080073,0.8415793234451906,0.5763950088290408,816238489.0,14.61,14.7,14.38,14.47,5683820.0,82434092.0,14.59,-0.8224811514736086,10.0,16.05,False,False,True,83.55856727976767
243,002500.SZ,山西证券,0.3010752688172042,14.699792960662528,0.8059702800829595,0.5579992107503269,0.8226495254114116,1.207316083784546,3589771547.0,5.38,5.46,5.37,5.39,24183624.0,131029025.0,5.38,0.18587360594795044,10.0,5.92,False,False,True,83.5353339787028
244,600835.SH,上海机电,0.027194066749073008,33.81336405529956,1.3545807961856255,0.5966239733625665,0.6351815313348916,0.6118394828710598,806504299.9999999,17.8,18.03,17.77,17.89,2944048.0,52695307.0,17.8,0.5056179775280834,10.0,19.58,False,False,True,83.49273959341723
245,002892.SZ,科力尔,0.06354515050167228,27.473806752037255,1.1512368005091271,1.2311997230784795,0.7493938190740478,0.9621864371932708,501123935.0,9.18,9.29,9.17,9.18,5936533.0,54844273.0,9.16,0.21834061135370675,10.0,10.08,False,False,True,83.45595353339787
246,002223.SZ,鱼跃医疗,0.1152751423149905,19.167020824479387,1.227011199211776,1.0151970789893658,0.9654574009758996,0.5511421711440021,942293319.0,25.99,26.08,25.63,25.66,5272300.0,136076483.0,25.96,-1.1556240369799742,10.0,28.56,False,False,True,83.43659244917716
247,000498.SZ,山东路桥,0.24855491329479798,15.964523281596477,0.8450048607708827,0.6181953310186115,0.9386858723003603,0.9176299386940576,1449347778.9999998,4.95,4.98,4.93,4.94,8221781.0,40756891.0,4.94,0.0,10.0,5.43,False,False,True,83.40948693126816
248,600283.SH,钱江水利,0.3196347031963468,16.15487316421895,0.8424717399904109,0.514048272514458,0.759882421487916,0.8840162825716384,560824898.0,8.19,8.23,8.12,8.14,2548540.0,20805581.0,8.19,-0.6105006105005972,10.0,9.01,False,False,True,83.33397870280736
249,688439.SH,振华风光,0.07656477438136833,32.663043478260875,1.0646823631448066,0.9100541250000002,0.7277105907179238,0.7567747687534518,200000000.0,39.42,39.8,38.55,38.81,1377412.0,53713642.0,39.43,-1.5724067968551747,20.0,47.32,False,False,True,83.32042594385285
250,600718.SH,东软集团,0.209964412811388,23.68794326241137,0.9666440218239145,0.770260944351207,0.7480919080513607,0.7404428433508674,1196438852.0,8.29,8.29,8.09,8.09,6823700.0,55783704.0,8.23,-1.7010935601458166,10.0,9.05,False,False,True,83.29525653436592
251,002967.SZ,广电计量,0.14177693761814728,26.342387871130768,1.3572481234028455,0.7476975737630454,0.6374230836010071,0.5945768660841702,606418935.0,17.38,17.49,17.19,17.36,2619400.0,45445461.0,17.33,0.17311021350261413,10.0,19.06,False,False,True,83.2507260406583
252,300144.SZ,宋城演艺,0.11779448621553879,16.279069767441868,1.0933966486560556,1.1799122799442285,1.098556184043392,1.7921972576255023,2581597994.0,6.07,6.24,5.96,5.98,54591389.0,331569139.0,6.06,-1.3201320132013028,20.0,7.27,False,False,True,83.2352371732817
253,600173.SH,卧龙新能,0.14598540145985398,26.617375231053586,1.2830703190595567,0.8186683131809208,0.6512202929198172,0.7392983137844021,700416244.0,6.21,6.26,6.14,6.14,4239200.0,26302433.0,6.21,-1.1272141706924366,10.0,6.83,False,False,True,83.19070667957406
254,300070.SZ,碧水源,0.22695035460992902,19.108280254777064,0.7913531214172975,0.8330080804729402,0.8739473367333707,0.8112578210319498,3477748047.0,3.47,3.48,3.42,3.44,23502076.0,81047450.0,3.46,-0.5780346820809301,20.0,4.15,False,False,True,83.18877057115198
255,002116.SZ,中国海诚,0.2491803278688524,15.290519877675845,1.0317398667671138,0.5534111286596249,0.9270713831166222,1.0504510466824861,552152964.0,7.3,7.35,7.27,7.27,3209838.0,23471565.0,7.3,-0.4109589041095929,10.0,8.03,False,False,True,83.1674733785092
256,300993.SZ,玉马科技,0.08878856282919487,23.54910714285714,1.130009015935285,1.047372809786184,0.9541036940985028,0.7887145433284525,242507317.0,10.15,10.21,9.91,9.92,2003300.0,20046776.0,10.14,-2.1696252465483346,20.0,12.17,False,False,True,83.15779283639884
257,601877.SH,正泰电器,0.088628762541806,20.686695278969957,1.4644557724830929,0.9879793862598722,0.8344541566900382,0.515901363974596,2148968976.0,24.97,25.18,24.96,25.09,10953293.0,274626986.0,24.89,0.8035355564483648,10.0,27.38,False,False,True,83.14617618586641
258,600019.SH,宝钢股份,0.23318385650224233,18.53281853281854,0.7663469330169405,0.4473704335821535,1.0226898486733333,1.1560433406844213,21414095749.0,5.69,5.8,5.69,5.71,110749337.0,650566891.0,5.7,0.17543859649122862,10.0,6.27,False,False,True,83.13455953533398
259,601901.SH,方正证券,0.26923076923076933,21.48499210110586,0.7524200847956792,0.5245351238776819,0.7735111910381232,0.7157993183378751,8232101395.000001,6.87,6.95,6.87,6.89,30908403.0,213642383.0,6.86,0.4373177842565523,10.0,7.55,False,False,True,83.1326234269119
260,600569.SH,安阳钢铁,0.17741935483870966,20.496894409937873,1.1745227182163647,0.634451758673818,0.9316956688393213,1.0132479864057145,2872421386.0,1.83,1.85,1.81,1.82,18465561.0,33805743.0,1.83,-0.5464480874316946,10.0,2.01,False,False,True,83.09970958373668
261,688016.SH,心脉医疗,0.10275927687916253,16.920676827073102,1.2798733840110896,1.3689938490996332,0.8939175283399984,0.5409408084668306,123262117.0,86.61,87.18,86.48,86.5,912811.0,79327644.0,86.57,-0.08085942012243663,20.0,103.88,False,False,True,83.08422071636011
262,603018.SH,XD华设集,0.17085427135678383,15.478615071283098,1.209994559120839,0.8307869601156755,1.0257314115951948,0.7555248445254099,819147727.0,5.25,5.28,5.19,5.2,5141628.0,27131745.0,5.25,-0.952380952380949,10.0,5.78,False,False,True,83.07454017424976
263,603817.SH,海峡环保,0.1808035714285713,20.199999999999996,0.9832054053953228,1.3163955551472595,0.7568129834955198,1.0684435842978928,570084039.0,5.79,5.86,5.71,5.71,8018200.0,46221334.0,5.81,-1.721170395869187,10.0,6.39,False,False,True,83.06873184898355
264,600764.SH,中国海防,0.09669947886508404,16.51812240047534,1.460151867125628,0.8201486477791052,1.0326066525701387,1.0566009609833868,710629386.0,18.47,18.57,18.27,18.47,6158100.0,113606538.0,18.5,-0.1621621621621716,10.0,20.35,False,False,True,83.06292352371733
265,000825.SZ,太钢不锈,0.09716599190283409,19.817073170731714,1.4120126555641521,0.5948594463147145,1.0555139783535434,0.6907061013827667,5696247796.0,3.51,3.55,3.5,3.5,23404347.0,82411645.0,3.52,-0.5681818181818232,10.0,3.87,False,False,True,83.05905130687317
266,600576.SH,祥源文旅,0.11999999999999998,27.499999999999993,0.9493289999055742,1.259142742154106,0.7252646448289446,2.3301807095773794,660390083.0,5.72,5.96,5.55,5.58,19376044.0,110855217.0,5.71,-2.276707530647981,10.0,6.28,False,False,True,83.04259438528558
267,600874.SH,创业环保,0.35761589403973515,13.29365079365079,0.6179388074576988,0.5628953023719521,0.7599468495405294,1.0138948712075613,1230418085.0,5.58,5.62,5.57,5.58,7022201.0,39285965.0,5.58,0.0,10.0,6.14,False,False,True,83.02226524685382
268,000800.SZ,一汽解放,0.2650000000000001,17.38351254480286,1.0007484511036178,0.2718399436311085,0.9025475775190529,0.9056134298910274,4920635033.0,6.1,6.12,6.05,6.07,12113713.0,73622615.0,6.11,-0.6546644844517169,10.0,6.72,False,False,True,83.01839303000968
269,002232.SZ,启明信息,0.17079889807162543,22.84382284382285,0.9669949223060798,0.9347804778750122,0.8735814453640345,1.1218334639423737,408548455.00000006,14.89,14.99,14.63,14.63,4284317.0,63429253.0,14.73,-0.6788866259334614,10.0,16.2,False,False,True,83.01258470474347
270,600655.SH,豫园股份,0.19246861924686223,19.1542288557214,1.1162811176623484,0.350949574659446,1.0510727793310202,1.2318610760401227,3889846273.0,4.48,4.57,4.47,4.52,16816627.0,76013120.0,4.48,0.8928571428571175,10.0,4.93,False,False,True,83.00871248789933
271,000686.SZ,东北证券,0.2068965517241381,22.070844686648506,0.8904090371297759,0.7966995759878335,0.8461227098065837,0.9582568565747415,2340452915.0,8.07,8.21,8.06,8.11,17868020.0,145487596.0,8.06,0.6203473945409321,10.0,8.87,False,False,True,82.99128751210068
272,688032.SH,禾迈股份,0.014293567894447586,30.426079496711477,1.391445628655517,0.8037435780528339,0.7337382174992072,0.6423482813422318,124073545.0,70.51,71.61,70.51,71.02,640571.0,45623777.0,70.98,0.05635390250773309,20.0,85.18,False,False,True,82.96418199419169
273,002675.SZ,东诚药业,0.20181405895691581,13.858921161825721,1.0424764857295243,1.1422455915831786,0.897382297498052,0.38155442667598793,743383994.0,13.0,13.03,12.82,12.87,3239882.0,41773363.0,12.94,-0.5409582689335446,10.0,14.23,False,False,True,82.95643756050339
274,002276.SZ,万马股份,0.10212097407698356,25.57628979143798,1.161915477410453,1.3506058591945405,0.7026114803199119,0.8848667798212695,1007318046.0,10.38,10.5,10.35,10.42,12038521.0,125602065.0,10.41,0.09606147934677622,10.0,11.45,False,False,True,82.90997095837368
275,600787.SH,中储股份,0.2334801762114538,18.765432098765423,0.9664818045359347,0.7431194359765141,0.8734298855583753,0.8045286616463757,2170079582.0,4.56,4.61,4.54,4.55,12974057.0,59318076.0,4.58,-0.6550218340611424,10.0,5.04,False,False,True,82.89641819941917
276,600015.SH,华夏银行,0.17391304347826111,16.528925619834723,1.0946930979760612,0.5913360925305725,1.256559501725794,1.4622156206596824,15387223983.0,6.22,6.33,6.22,6.27,133047305.0,836827800.0,6.23,0.6420545746388395,10.0,6.85,False,False,True,82.88286544046467
277,600639.SH,浦东金桥,0.31451612903225773,14.18685121107266,0.8615984317252247,0.48106946401724143,0.850396087731842,1.0294046728408848,850236703.0,9.45,9.55,9.41,9.44,4210501.0,39993111.0,9.45,-0.10582010582009804,10.0,10.4,False,False,True,82.86350435624395
278,600469.SH,风神股份,0.10862619808306705,17.777777777777782,1.1861408593166867,1.099117697491432,1.0892502352173425,0.9862269983155139,846239192.0,5.29,5.35,5.22,5.24,8973100.0,47494791.0,5.29,-0.9451795841209809,10.0,5.82,False,False,True,82.84220716360116
279,600688.SH,上海石化,0.21875000000000014,19.402985074626855,0.6979744909504555,0.9003366929721941,0.9075190301319053,0.9541146757840167,7328813500.0,2.88,2.93,2.87,2.88,62956300.0,182161447.0,2.89,-0.34602076124568004,10.0,3.18,False,False,True,82.82671829622458
280,601006.SH,大秦铁路,0.2781456953642382,15.261958997722092,0.6721098868084641,0.5546268100586884,0.964401828513705,1.014320604751883,19862892778.0,4.8,4.87,4.8,4.83,111742557.0,541599256.0,4.81,0.4158004158004269,10.0,5.29,False,False,True,82.82284607938045
281,000629.SZ,钒钛股份,0.15028901734104055,24.82993197278911,1.049214367381062,0.9863747675416595,0.8375747098878701,0.8078887421104323,9290444430.0,3.02,3.03,2.99,3.0,74033793.0,222825255.0,3.02,-0.6622516556291425,10.0,3.32,False,False,True,82.78799612778315
282,002752.SZ,昇兴股份,0.21190476190476187,18.34862385321101,1.2061053296889077,1.0717104282911516,0.6991652607611334,1.1293443605186357,975526819.0,6.15,6.22,6.09,6.18,11807095.0,72859336.0,6.13,0.815660685154973,10.0,6.74,False,False,True,82.77057115198451
283,601808.SH,中海油服,0.1987060998151571,25.92592592592593,0.8598857657895674,0.589455042243316,0.8438473975510011,0.7167731769697525,2960468000.0,12.56,12.77,12.51,12.53,12508142.0,157815858.0,12.68,-1.1829652996845463,10.0,13.95,False,False,True,82.74346563407552
284,002507.SZ,涪陵榨菜,0.20640569395017794,16.116870876531575,0.664973518001456,0.923517883485532,1.076810346874992,0.5288599563158229,1153718438.0,11.16,11.24,11.15,11.17,5634895.0,63083132.0,11.19,-0.17873100983020196,10.0,12.31,False,False,True,82.7434656340755
285,603529.SH,爱玛科技,0.1961607678464309,21.687398593834505,1.26824861580523,0.6614223867986615,0.77119247507021,0.44254882975662685,850765921.0,21.7,21.92,21.57,21.61,2488100.0,53994693.0,21.76,-0.6893382352941235,10.0,23.94,False,False,True,82.70667957405614
286,000761.SZ,本钢板材,0.14130434782608706,19.138755980861255,1.4554974626942019,0.4301959492178525,0.9803955235735701,0.8844043606155549,3708390102.0,2.35,2.38,2.32,2.33,14109207.0,33137384.0,2.35,-0.8510638297872353,10.0,2.59,False,False,True,82.70087124878994
287,600637.SH,东方明珠,0.11848341232227488,20.377867746288803,1.1631099314551336,1.1732483832667369,0.9398144795285239,0.7754633136321462,3361899817.0,8.41,8.55,8.34,8.37,30586937.0,257628735.0,8.41,-0.47562425683711496,10.0,9.25,False,False,True,82.67957405614715
288,000898.SZ,鞍钢股份,0.22772277227722748,17.032967032967015,1.2050750502847953,0.4545615513504316,0.9255550477093603,0.966904196593842,7957508008.0,2.05,2.06,2.03,2.03,34974638.0,71516713.0,2.05,-0.9756097560975618,10.0,2.26,False,False,True,82.66021297192643
289,300627.SZ,华测导航,0.08735083532219579,20.106221547799706,1.384269324044403,1.2677754051844303,0.8355122825015215,0.8235038042242463,657131856.0,28.29,28.66,28.12,28.34,6860574.0,195205138.0,28.19,0.5321035828307785,20.0,33.83,False,False,True,82.63504356243949
290,000400.SZ,许继电气,0.11319490957803069,25.141972121837885,1.182577297344913,1.4346741108041978,0.6466974348136716,0.6065386707241048,1015065609.0,21.15,21.27,20.94,21.02,8832952.0,186185753.0,21.06,-0.18993352326684976,10.0,23.17,False,False,True,82.59051306873184
291,600282.SH,南钢股份,0.17985611510791372,15.296803652968038,1.2502721596931117,0.6575409459109396,1.077021115066819,0.8314150148177952,6165091011.0,4.62,4.71,4.62,4.64,33703900.0,160909961.0,4.63,0.21598272138227959,10.0,5.09,False,False,True,82.58470474346562
292,601368.SH,绿城水务,0.3249999999999998,17.574257425742566,0.8163127392165614,0.5285497736642725,0.7659666706713332,1.0318082966437925,882973077.0,4.57,4.6,4.5,4.5,4815400.0,21851280.0,4.56,-1.3157894736842035,10.0,5.02,False,False,True,82.56147144240077
293,603013.SH,亚普股份,0.011889035667106983,24.84472049689441,1.378620307800964,0.6471668808090145,1.0522765399568055,1.2155260305268847,508219564.0,14.65,14.84,14.59,14.61,3997900.0,58904344.0,14.67,-0.4089979550102263,10.0,16.14,False,False,True,82.54211035818007
294,000881.SZ,中广核技,0.18970189701897025,23.0,1.1679638672308819,0.8714337284475366,0.759819492813717,1.0469542911542526,903730851.0,6.73,6.8,6.65,6.68,8245200.0,55479596.0,6.7,-0.29850746268657025,10.0,7.37,False,False,True,82.51113262342692
295,600502.SH,安徽建工,0.11864406779661017,15.476190476190466,1.069172366658464,1.6352414000450672,0.9605434115333109,0.9553014916531958,1716533938.0,4.41,4.46,4.41,4.45,26814810.0,119114362.0,4.41,0.9070294784580435,10.0,4.85,False,False,True,82.50919651500485
296,002340.SZ,格林美,0.07197943444730064,26.504065040650392,1.1008711169915943,1.7274796677455864,0.6274908116822727,0.5699972365033598,5075981882.0,6.48,6.51,6.42,6.45,49981094.0,323028944.0,6.43,0.3110419906687367,10.0,7.07,False,False,True,82.50145208131656
297,688562.SH,航天软件,0.0966129927817879,34.13685847589425,1.0221409115132993,0.7434559375000002,0.7719577765467717,1.8459917135304336,400000000.0,14.7,15.06,14.5,14.66,5489654.0,81072997.0,14.6,0.4109589041095818,20.0,17.52,False,False,True,82.48983543078413
298,600570.SH,恒生电子,0.10493046776232617,21.107784431137723,1.197050197321942,1.263885602448478,0.9121013391575192,0.605127940163746,1893647942.0,21.8,22.02,21.46,21.5,14482856.0,314125020.0,21.7,-0.9216589861751112,10.0,23.87,False,False,True,82.46272991287513
299,300124.SZ,汇川技术,0.08101571946795645,30.198883461270064,1.3555480308818058,0.9121474486653954,0.6589360434395252,0.5341830057520441,2410552811.0,60.0,60.99,60.0,60.15,11744813.0,709938293.0,60.0,0.24999999999999467,20.0,72.0,False,False,True,82.41819941916748
300,000883.SZ,湖北能源,0.35294117647058804,20.4878048780488,0.8149461976800682,0.36505304318942305,0.6014094505589531,1.2845120557307959,6479510729.0,4.51,4.59,4.5,4.52,30383400.0,138290802.0,4.52,0.0,10.0,4.97,False,False,True,82.39593417231364
301,601568.SH,北元化工,0.32432432432432423,16.766467065868262,0.721963813440143,0.4153785883455591,0.8455642223159986,0.7514490846612647,3972222224.000001,3.82,3.84,3.77,3.78,12398730.0,47071113.0,3.82,-1.0471204188481686,10.0,4.2,False,False,True,82.38141335914813
302,600751.SH,海航科技,0.15625,24.723247232472325,1.1035210751290803,1.103347617538359,0.7745786121490067,0.7592085131980643,2573189052.0,3.12,3.15,3.09,3.09,21554856.0,67268511.0,3.11,-0.6430868167202619,10.0,3.42,False,False,True,82.28073572120039
303,603107.SH,上海汽配,0.21808510638297884,17.889908256880727,0.8837208955500075,0.8489616622417071,0.9831835549133869,0.6170810969102052,218173998.0,12.08,12.18,12.03,12.05,1142966.0,13818221.0,12.13,-0.6595218466611708,10.0,13.34,False,False,True,82.25750242013551
304,601279.SH,英利汽车,0.157593123209169,21.95121951219512,1.1759180439792811,0.6902577840603078,0.9892597911404131,0.7779484091885454,1585785985.0,3.44,3.47,3.39,3.39,8515432.0,29115065.0,3.42,-0.877192982456132,10.0,3.76,False,False,True,82.22846079380446
305,600208.SH,衢州发展,0.06451612903225797,19.047619047619047,1.501374039969814,1.1033100326310834,0.912678583774867,0.7236073680765032,8507976337.0,2.9,2.93,2.88,2.89,67924558.0,197066144.0,2.9,-0.34482758620688614,10.0,3.19,False,False,True,82.2023233301065
306,000049.SZ,德赛电池,0.0929451287793951,15.919282511210774,1.1904671229923347,1.9911325101129536,0.8412124806790876,0.5145493684718605,384534862.0,23.16,23.28,22.98,23.04,3939698.0,91057455.0,23.13,-0.3891050583657574,10.0,25.44,False,False,True,82.19748305905131
307,603899.SH,晨光股份,0.28147389969293757,20.151133501259455,0.9207839950809055,0.35717009849023995,0.8434574137389077,0.7111426208417149,915795377.0,22.6,22.83,22.52,22.73,2326110.0,52868043.0,22.6,0.5752212389380507,10.0,24.86,False,False,True,82.18586640851888
308,002984.SZ,森麒麟,0.10038610038610031,23.655063291139243,1.1522729647439305,1.3067130533270244,0.8708478036850867,0.7644750125264121,713920189.0,13.69,13.8,13.61,13.64,7131702.0,97703511.0,13.68,-0.29239766081871066,10.0,15.05,False,False,True,82.00193610842207
309,000028.SZ,国药一致,0.23877917414721755,18.07486631016042,0.7392143629627053,0.649432474763262,1.0537006491408811,0.552246550111649,525859082.0,20.04,20.17,19.95,20.05,1885977.0,37863727.0,20.03,0.09985022466301174,10.0,22.03,False,False,True,81.89932236205227
310,300770.SZ,新媒股份,0.19989722507708108,15.989684074790445,1.2358814275740144,0.877867590920973,0.9383541701803947,1.178958584583739,227838591.0,34.91,35.55,34.43,34.54,2358060.0,82378665.0,34.91,-1.0598682325981046,20.0,41.89,False,False,True,81.89157792836399
311,000755.SZ,山西高速,0.3054187192118227,17.142857142857125,1.1076602632468113,0.30745775244377355,0.8103545679273135,0.8153888973964264,1467310196.0,4.83,4.85,4.76,4.76,3678512.0,17652271.0,4.82,-1.2448132780083054,10.0,5.3,False,False,True,81.8838334946757
312,000156.SZ,华数传媒,0.22465753424657545,17.781402936378466,1.2548506449586743,0.549994201135423,0.9000222521420395,0.9004595170050973,1699875877.0,6.97,7.08,6.86,6.89,8418593.0,58555555.0,6.95,-0.8633093525179936,10.0,7.65,False,False,True,81.8780251694095
313,601022.SH,宁波远洋,0.2330827067669172,16.120218579234958,1.1175362638628246,0.549923657989285,1.0148179824474814,1.3326646179162789,1308633334.0,8.24,8.45,8.23,8.36,9590500.0,80321547.0,8.25,1.3333333333333197,10.0,9.08,False,False,True,81.86834462729912
314,603568.SH,伟明环保,0.07201646090534973,24.357142857142854,1.3653239466252138,0.462710816769337,1.1684101474202777,0.9675825090538029,2048457418.0,14.63,14.94,14.49,14.54,9171167.0,134247146.0,14.7,-1.0884353741496655,10.0,16.17,False,False,True,81.86834462729912
315,600822.SH,上海物贸,0.18403908794788273,18.389261744966447,1.1610858649592273,0.7953179068662353,1.0269846102344296,1.1966793045942083,396147908.0,8.63,8.64,8.41,8.41,3770300.0,31971044.0,8.58,-1.9813519813519753,10.0,9.44,False,False,True,81.85866408518878
316,600628.SH,新世界,0.20192307692307684,16.03603603603605,1.0678523286331816,1.1135719998274003,0.9342554137718513,1.125081760607108,646875384.0,6.38,6.45,6.35,6.36,8104440.0,51879834.0,6.39,-0.46948356807510194,10.0,7.03,False,False,True,81.83543078412391
317,600871.SH,石化油服,0.10245901639344263,20.70707070707072,1.3397735976143328,1.004311028327632,0.9934688696416308,1.2381797656158846,13547012351.0,2.2,2.25,2.19,2.19,168459482.0,372534046.0,2.23,-1.7937219730941756,10.0,2.45,False,False,True,81.82381413359147
318,688128.SH,中国电研,0.10914454277286126,32.226078334159645,1.2901241738878066,0.4909571693448649,0.7708861211546124,0.574344885441735,404500000.0,22.02,22.2,21.81,21.95,1140604.0,25347217.0,22.02,-0.31789282470481295,20.0,26.42,False,False,True,81.80445304937076
319,000557.SZ,西部创业,0.180094786729858,19.64285714285714,1.3483636850270557,0.5418240747195485,0.9467160474207685,1.0218953772339703,1457916197.9999998,3.75,3.78,3.68,3.69,8072300.0,30155225.0,3.74,-1.3368983957219305,10.0,4.11,False,False,True,81.80251694094869
320,603227.SH,雪峰科技,0.25396825396825395,20.6489675516224,1.1286358805750398,0.7312275879489514,0.7455279076385972,0.7609890144246052,1071692689.0,7.74,7.77,7.61,7.63,5963500.0,45765291.0,7.74,-1.421188630490955,10.0,8.51,False,False,True,81.74249757986446
321,000099.SZ,中信海直,0.06124401913875603,34.49583017437452,1.1089725249757558,0.9007713195848329,0.7766758446980614,0.9324956146789938,775770137.0,13.85,13.96,13.8,13.83,6516200.0,90426385.0,13.83,0.0,10.0,15.21,False,False,True,81.72894482090996
322,600853.SH,龙建股份,0.22660098522167488,18.36734693877551,0.9916587101047041,0.922952263491482,0.9052829190955453,0.9457682885334256,1013699085.0,3.4,3.43,3.35,3.35,8848569.0,29946760.0,3.4,-1.4705882352941124,10.0,3.74,False,False,True,81.70571151984512
323,600720.SH,中交设计,0.18032786885245922,20.04310344827587,1.0722866711289936,0.8369309763214801,1.033345298205838,0.7955666242879956,1009049771.0,5.2,5.22,5.16,5.17,6718600.0,34879582.0,5.19,-0.3853564547206201,10.0,5.71,False,False,True,81.68441432720233
324,601818.SH,光大银行,0.3243243243243241,14.234875444839856,0.6939883879193831,0.40025670465546354,0.9675994232870356,1.250026824881933,46406815561.0,3.04,3.08,3.03,3.06,232187971.0,711301288.0,3.05,0.3278688524590345,10.0,3.36,False,False,True,81.59728944820911
325,600917.SH,重庆燃气,0.28643216080402023,15.470852017937231,0.733414547487951,0.360011060832938,1.073690529286733,1.6583154146188455,1561039760.0,5.0,5.01,4.91,4.93,9319593.0,46159037.0,5.03,-1.988071570576555,10.0,5.53,False,False,True,81.59341723136497
326,002673.SZ,西部证券,0.2610294117647058,14.123376623376615,1.0025701062616128,0.6253294993742555,1.0136914766407068,1.17337385377527,4469581705.0,6.89,7.04,6.88,6.94,32795345.0,228858584.0,6.87,1.0189228529839944,10.0,7.56,False,False,True,81.58760890609874
327,002296.SZ,辉煌科技,0.12613981762917933,16.924910607866515,1.0288464348343802,2.195782234712624,0.7948818418075552,0.7788847659508245,347415444.0,9.26,9.3,9.06,9.07,5941712.0,54361262.0,9.22,-1.6268980477223471,10.0,10.14,False,False,True,81.56243949661182
328,600004.SH,白云机场,0.262820512820513,17.1965317919075,0.9756326252785825,0.41727876828168603,1.0237523015685601,1.514114144467034,2366718283.0,7.77,7.92,7.73,7.86,14953108.0,117635610.0,7.74,1.5503875968992276,10.0,8.51,False,False,True,81.54695062923523
329,600109.SH,国金证券,0.34931506849315075,17.692307692307697,0.8019244584958557,0.597966247684648,0.7581555689083281,1.3766413166001188,3683262908.0,8.58,8.73,8.57,8.65,30457100.0,263722671.0,8.56,1.0514018691588856,10.0,9.42,False,False,True,81.54017424975798
330,600511.SH,国药股份,0.26833976833976847,14.01831939466347,0.606173963656252,0.8407483175494368,1.0099255328605912,0.8061044431020834,553346424.0,26.49,26.87,26.43,26.72,3750200.0,100194768.0,26.5,0.8301886792452695,10.0,29.15,False,False,True,81.53920619554695
331,002701.SZ,奥瑞金,0.12552301255230153,21.739130434782616,1.2601498518001735,0.9554291639156096,0.9849156126413743,1.124764174700853,2557357434.0,4.44,4.54,4.43,4.52,27482194.0,123492081.0,4.44,1.8018018018017834,10.0,4.88,False,False,True,81.53339787028074
332,002597.SZ,金禾实业,0.19165085388994305,23.235613463626482,1.1860616955701644,1.0201704755499836,0.7401786477150718,0.6144596956483512,565976294.0,20.56,20.69,20.31,20.36,3547843.0,72459518.0,20.44,-0.391389432485334,10.0,22.48,False,False,True,81.51790900290416
333,601228.SH,广州港,0.36082474226804123,14.801444043321311,0.8815072513288447,0.2796877946196455,0.8470278035992533,1.106205984902702,7544531351.0,3.11,3.15,3.1,3.13,23342200.0,72997259.0,3.12,0.3205128205128194,10.0,3.43,False,False,True,81.50629235237173
334,600633.SH,浙数文化,0.08322496749024713,20.264765784114047,1.2690174338815186,1.599577954440513,0.8697486516302384,0.6872916669717125,1268074472.0,10.46,10.65,10.3,10.33,13940914.0,145710165.0,10.46,-1.2428298279158811,10.0,11.51,False,False,True,81.50435624394966
335,001390.SZ,古麒绒材,0.07477203647416417,25.504587155963286,0.9619929720874293,1.294109661409711,1.0168565526799314,1.0191006475526283,118779250.0,17.62,17.62,17.25,17.27,1566494.0,27222606.0,17.53,-1.483171705647468,10.0,19.28,False,False,True,81.47725072604067
336,000561.SZ,烽火电子,0.16730038022813692,22.43975903614459,1.3018876646875681,1.025097521748732,0.7711595615570978,0.9447811610845093,776247360.0,7.91,8.0,7.88,7.88,7517900.0,59647453.0,7.96,-1.005025125628145,10.0,8.76,False,False,True,81.44433688286544
337,603215.SH,比依股份,0.17125110913930788,24.0,1.3221376193222334,0.7516675356588519,0.8093015612869835,0.6945752324277884,187228380.0,14.68,14.84,14.43,14.43,977500.0,14251527.0,14.68,-1.7029972752043543,10.0,16.15,False,False,True,81.44240077444337
338,002228.SZ,合兴包装,0.10497237569060781,15.248226950354615,1.4243634248337858,1.4842757941427098,0.8880893496681452,0.8598152788262496,1209321709.0,3.21,3.23,3.14,3.15,15433400.0,49061390.0,3.2,-1.562500000000011,10.0,3.52,False,False,True,81.43465634075508
339,300101.SZ,振芯科技,0.056537102473498205,29.336349924585203,1.3558655456610933,1.2961432759676792,0.6207463641003877,0.6717776532325413,565589340.0,14.6,14.64,14.38,14.43,4924700.0,71365379.0,14.54,-0.7565337001375516,20.0,17.45,False,False,True,81.41916747337851
340,000875.SZ,电投绿能,0.04670329670329669,34.81953290870487,1.207663666940435,1.0707227436860824,0.6700288278021197,0.634031929995397,3342439867.0,4.89,4.92,4.84,4.85,22690902.0,110604874.0,4.88,-0.6147540983606592,10.0,5.37,False,False,True,81.39787028073572
341,688075.SH,安旭生物,0.13998818665091556,16.889880952380953,1.4694475430644822,0.5227739504175981,1.1694315188395032,0.4135013196242134,127082805.0,29.21,29.5,28.98,29.13,274712.0,8019907.0,29.25,-0.41025641025641546,20.0,35.1,False,False,True,81.378509196515
342,605099.SH,共创草坪,0.05373018940858139,34.13559322033899,1.6004513546434596,0.41784826597305297,0.4673950198233289,1.866638792564865,402126336.0,30.14,31.71,30.12,30.2,3135831.0,96443726.0,30.12,0.26560424966799445,10.0,33.13,False,False,True,81.36689254598258
343,000750.SZ,国海证券,0.2789115646258501,17.10914454277286,0.9136579172698063,0.719425603644516,0.9063189678719785,1.1355641298939405,5796203977.0,3.8,3.86,3.8,3.81,47352315.0,181190848.0,3.8,0.263157894736854,10.0,4.18,False,False,True,81.36302032913844
344,600268.SH,国电南自,0.14852752880921896,26.44710578842315,1.202884467448206,1.3126922577545714,0.6036543300076109,0.648713865500173,1015495450.0,10.51,10.65,10.48,10.59,8647570.0,91573742.0,10.49,0.9532888465204836,10.0,11.54,False,False,True,81.3301064859632
345,600606.SH,绿地控股,0.11494252873563231,19.166666666666664,1.3939185492168893,0.8271183711740318,1.0953905025425386,1.2130758810921844,14054218314.0,1.3,1.34,1.29,1.31,141014032.0,185665149.0,1.3,0.7692307692307665,10.0,1.43,False,False,True,81.31461761858664
346,002996.SZ,顺博合金,0.16463414634146345,15.33101045296168,1.1766412232794565,1.7099888528339584,0.8198772485957824,1.1016516028416714,458377491.0,6.28,6.34,6.19,6.2,8634970.0,53846299.0,6.28,-1.273885350318471,10.0,6.91,False,False,True,81.31268151016458
347,601098.SH,中南传媒,0.20129870129870162,20.775026910656646,0.8745715540082399,0.5753543986636924,1.1921130885771152,1.2267148213578054,1796000000.0,9.91,10.12,9.89,9.94,12676092.0,127123071.0,9.91,0.3027245206861595,10.0,10.9,False,False,True,81.30106485963213
348,601567.SH,三星电气,0.0421626984126984,30.220197418375093,1.4966624426801158,0.9622488648311014,0.6658296776771282,1.9784835557507328,1405209400.0,14.04,14.12,13.34,13.46,26752286.0,364643510.0,14.02,-3.9942938659058402,10.0,15.42,False,False,True,81.26815101645693
349,603639.SH,海利尔,0.2283018867924527,16.213389121338896,1.2856232776815317,0.602276545216457,0.9338657154379709,1.155481843618062,339878336.0,10.78,10.86,10.6,10.62,2365280.0,25226924.0,10.77,-1.392757660167132,10.0,11.85,False,False,True,81.25266214908035
350,600817.SH,宇通重工,0.34946236559139765,16.45274212368728,0.9755551624318592,0.4731472673140985,0.7931696154232163,0.7478616529387059,529491846.0,9.87,10.0,9.83,9.94,1873600.0,18652517.0,9.87,0.7092198581560405,10.0,10.86,False,False,True,81.22942884801549
351,600939.SH,重庆建工,0.15354330708661423,22.026431718061666,1.4501807039998196,0.573755354015317,0.9036821509445443,1.0148181376647485,1902474944.0,2.66,2.7,2.65,2.67,11077300.0,29625525.0,2.66,0.3759398496240518,10.0,2.93,False,False,True,81.20619554695062
352,600380.SH,健康元,0.00930232558139515,17.84140969162995,1.4209442964404788,1.0576062963978625,1.3481985180516105,0.5571940360879808,1829453386.0,9.12,9.2,9.11,9.12,10780821.0,98618371.0,9.12,0.0,10.0,10.03,False,False,True,81.19845111326235
353,600620.SH,天宸股份,0.19613259668508284,21.052631578947366,1.3789608724350193,0.7193825244034263,0.800216737998758,1.1718812114610746,686677113.0,4.5,4.53,4.38,4.4,5788900.0,25680861.0,4.51,-2.4390243902438935,10.0,4.96,False,False,True,81.18877057115199
354,688588.SH,凌志软件,0.0803511141120864,25.63791008505467,1.3984021840168857,0.8866551045871455,0.9052064946830914,0.8363763834556626,390010003.0,9.44,9.54,9.2,9.22,2892226.0,27038233.0,9.42,-2.123142250530774,20.0,11.3,False,False,True,81.18683446272992
355,002373.SZ,千方科技,0.13788098693759074,20.203488372093027,1.3917752835726993,1.2535677435082164,0.8075952813521226,0.7150874943184566,1377594126.0,7.86,7.91,7.71,7.72,12348900.0,96097158.0,7.83,-1.4048531289910682,10.0,8.61,False,False,True,81.14617618586641
356,688285.SH,高铁电气,0.28531855955678675,19.306184012066364,1.0817663163841442,0.6112051693503621,0.8004789849778589,1.0338951627272694,376289913.0,7.69,7.74,7.52,7.53,2377859.0,18039239.0,7.66,-1.6971279373368175,20.0,9.19,False,False,True,81.09390125847048
357,600085.SH,同仁堂,0.17823228634039448,26.728971962616832,0.9168618716684378,0.5236558858758485,1.0216366349791441,0.3987298561127163,1371470262.0,23.79,23.97,23.76,23.86,2863592.0,68411947.0,23.84,0.0838926174496546,10.0,26.22,False,False,True,81.05324298160697
358,300218.SZ,安利股份,0.19604147031102734,25.56255625562556,1.2087488168301865,1.0079536234546196,0.6385464784194261,0.6967540659755779,216276394.0,13.28,13.28,13.1,13.12,1518900.0,20002533.0,13.19,-0.5307050796057644,20.0,15.83,False,False,True,80.98160696999032
359,600033.SH,福建高速,0.23529411764705882,17.460317460317466,0.916769098714742,0.8714575736044256,1.0184614901445763,1.1168615335319068,2744400000.0,3.56,3.61,3.55,3.57,26711175.0,95774802.0,3.55,0.5633802816901401,10.0,3.91,False,False,True,80.96999031945789
360,603589.SH,口子窖,0.09090909090909086,22.253841775754136,1.2520423397982938,0.9472411140629052,1.1750051873840746,0.4672914293936289,598119472.0,19.07,19.25,18.96,18.99,2647502.0,50527072.0,19.13,-0.731834814427601,10.0,21.04,False,False,True,80.96030977734753
361,603551.SH,奥普科技,0.2302325581395349,18.80141010575793,0.884891202387586,0.7417665159782805,1.0713810020678796,1.0038194153993893,381227343.0,9.5,9.68,9.46,9.52,2834463.0,27168815.0,9.5,0.21052631578946102,10.0,10.45,False,False,True,80.92739593417232
362,002521.SZ,齐峰新材,0.1725067385444745,24.630541871921174,0.9711599560349011,1.0931936456206566,0.8856973830889668,0.7098712185322164,419173590.0,6.77,6.77,6.62,6.62,3252899.0,21725846.0,6.73,-1.634472511144136,10.0,7.4,False,False,True,80.92739593417232
363,603053.SH,成都燃气,0.3038348082595868,18.710493046776232,0.6408551821119929,0.2884286357141995,0.9841704765743459,0.907983432334952,888890000.0,8.93,8.99,8.86,8.88,2327900.0,20753995.0,8.94,-0.6711409395973034,10.0,9.83,False,False,True,80.91771539206195
364,603173.SH,福斯达,0.039615846338535356,36.05653223026542,1.334342664734766,0.6330439374999999,0.7467647784172826,1.1971463671113665,160000000.0,30.25,31.36,30.2,30.56,1212554.0,37451321.0,30.0,1.866666666666661,10.0,33.0,False,False,True,80.91190706679573
365,002516.SZ,旷达科技,0.19827586206896547,27.16297786720323,1.0797009153831816,0.7918162229467816,0.776985460092562,1.1122454384078537,1460498682.0,5.46,5.51,5.41,5.5,12862524.0,70154656.0,5.43,1.2891344383057168,10.0,5.97,False,False,True,80.90416263310745
366,002239.SZ,奥特佳,0.20000000000000015,13.247863247863245,1.0563595309012097,1.5174711477980065,0.8931092350873903,0.869236189831342,3266152096.0,2.6,2.61,2.55,2.56,43081880.0,110926870.0,2.6,-1.538461538461544,10.0,2.86,False,False,True,80.88286544046467
367,601717.SH,中创智领,0.0488006617038875,23.42606149341142,1.3034848659688076,1.2394534146469405,0.9994189078953826,0.8747891343929358,1542165730.0,14.29,14.5,14.26,14.39,16721092.0,241000366.0,14.25,0.9824561403508847,10.0,15.68,False,False,True,80.87705711519844
368,603350.SH,安乃达,0.1410386965376782,32.27676845767298,0.8636700327653773,1.2633144851499678,0.6519922429663869,0.8258884683885653,44124500.0,28.79,28.94,28.3,28.59,460376.0,13159156.0,28.64,-0.17458100558659373,10.0,31.5,False,False,True,80.83833494675703
369,603288.SH,海天味业,0.22952477249747177,23.417721518987335,1.076720546855618,0.295212573407606,0.9366032476728062,0.7912454673315458,5559820644.0,33.8,34.28,33.77,34.12,12986941.0,442784963.0,33.87,0.7381163271331648,10.0,37.26,False,False,True,80.82671829622457
370,000631.SZ,顺发恒能,0.15000000000000005,33.823529411764696,1.2476115458873693,0.5200860155620339,0.6822618200059289,0.6689612257129229,2300000085.0,2.99,3.02,2.96,2.97,8002100.0,23940001.0,2.99,-0.6688963210702337,10.0,3.29,False,False,True,80.8189738625363
371,000707.SZ,双环科技,0.21305841924398627,19.80440097799512,1.1985041394311762,1.2041362781094893,0.7404883564583506,1.111951965050422,550703589.0,4.72,4.76,4.61,4.62,7373600.0,34387171.0,4.71,-1.9108280254777066,10.0,5.18,False,False,True,80.81510164569217
372,002243.SZ,力合科创,0.20168067226890746,22.632423756019236,1.1967454558656487,0.980651206609779,0.7835195291147817,0.6518712451924157,1202160648.0,7.47,7.52,7.34,7.37,7684912.0,56963419.0,7.43,-0.8075370121130465,10.0,8.17,False,False,True,80.81510164569215
373,001391.SZ,国货航,0.05072463768115946,22.646310432569972,1.1634273886940458,1.3932237530789517,1.0746934283322742,0.9217308666901004,1519354020.0,4.09,4.09,4.05,4.05,19511200.0,79333506.0,4.07,-0.49140049140050657,10.0,4.48,False,False,True,80.78025169409487
374,601059.SH,信达证券,0.3422913719943425,18.732782369145994,0.7022262446759081,0.2303485707678076,0.884513846822018,1.4263733341209959,3243000000.0,16.93,17.18,16.92,17.06,10655300.0,181881415.0,16.94,0.7083825265643329,10.0,18.63,False,False,True,80.77444336882864
375,600848.SH,上海临港,0.2071535022354694,29.39521800281293,1.0691283610976505,0.3189042654613546,0.803512920739665,0.7358112167717638,2393912273.0,8.54,8.62,8.44,8.53,5617395.0,48086209.0,8.5,0.3529411764705781,10.0,9.35,False,False,True,80.75508228460794
376,688363.SH,华熙生物,0.09242529534398876,24.434941967012836,1.4594164875680355,0.6403276152133055,1.0054335720447944,0.7145428676179648,481678242.0,35.4,35.6,34.83,34.97,2203878.0,77466378.0,35.4,-1.214689265536717,20.0,42.48,False,False,True,80.74927395934172
377,600559.SH,老白干酒,0.08484005563282351,17.920148560817072,1.2687012417550996,1.3560122776358319,1.1452724169172086,0.4840098013980093,914747444.0,11.35,11.48,11.32,11.35,6003700.0,68374706.0,11.38,-0.2636203866432485,10.0,12.52,False,False,True,80.71248789932237
378,002152.SZ,广电运通,0.1392649903288199,20.48192771084336,1.2583517571557894,0.9877350181305975,1.0621769618945864,0.6613538590539956,2482126213.0,9.85,9.91,9.7,9.7,16214300.0,158608167.0,9.85,-1.5228426395939132,10.0,10.84,False,False,True,80.70667957405615
379,600373.SH,中文传媒,0.1412213740458016,21.406727828746174,1.114193766335481,0.8920506046764174,1.2293563731418369,1.009549816019833,1347358719.0,7.28,7.45,7.24,7.27,12133902.0,89003537.0,7.28,-0.13736263736264798,10.0,8.01,False,False,True,80.69312681510165
380,600456.SH,宝钛股份,0.07934893184130225,27.93362307388385,1.3517761561520747,1.2129520178218287,0.7599431276513438,0.5469171509040316,477777539.00000006,26.8,27.0,26.55,26.65,3169501.0,84722018.0,26.87,-0.8187569780424342,10.0,29.56,False,False,True,80.69119070667956
381,300664.SZ,鹏鹞环保,0.27542372881355914,18.918918918918905,1.0874852125047452,1.0570630953765816,0.6946786720683876,0.8094399336663266,725179886.0,4.74,4.76,4.68,4.68,6204850.0,29556047.0,4.72,-0.8474576271186418,20.0,5.66,False,False,True,80.65827686350435
382,002110.SZ,三钢闽光,0.1216216216216216,19.92753623188408,1.3130831127634972,1.0048621973525205,1.0812326282138427,0.7924699910560173,2429076227.0,3.03,3.06,3.0,3.01,19343296.0,58637922.0,3.03,-0.660066006600657,10.0,3.33,False,False,True,80.63310745401742
383,603579.SH,荣泰健康,0.09426910299003328,31.155778894472363,1.1990955326237707,1.1617519205096185,0.7487419455246432,1.165739340472487,201052364.00000003,18.08,18.42,18.02,18.12,2722852.0,49522867.0,18.19,-0.3848268279274314,10.0,20.01,False,False,True,80.6331074540174
384,300415.SZ,伊之密,0.10313075506445682,26.30998345284059,1.2848815251726797,1.2577658131461162,0.7996790443075557,0.6243583821007843,454427139.0,19.33,19.48,19.16,19.38,3568601.0,69012992.0,19.25,0.6753246753246733,20.0,23.1,False,False,True,80.58470474346564
385,600163.SH,中闽能源,0.12106537530266344,33.83620689655174,1.3161928716668023,0.8681246129041632,0.3999319283979901,0.9352146841628847,1902996143.0,5.12,5.25,5.1,5.18,15450100.0,80148268.0,5.14,0.7782101167315147,10.0,5.65,False,False,True,80.57889641819942
386,600072.SH,中船科技,0.14372163388804832,32.65822784810126,1.042266950913715,1.2108691592416216,0.5359536435839755,0.9077817404475933,1083337316.0,8.83,8.92,8.78,8.8,11908097.0,105426904.0,8.85,-0.5649717514124131,10.0,9.74,False,False,True,80.57696030977735
387,688306.SH,均普智能,0.04968944099378886,33.17073170731708,1.5458940845137448,0.6604655133166348,0.6647310433210067,0.45319931404137254,1228282800.0,8.65,8.76,8.55,8.61,3676527.0,31785003.0,8.6,0.11627906976743319,20.0,10.32,False,False,True,80.56534365924492
388,603230.SH,内蒙新华,0.1960000000000001,17.058823529411747,1.1357406763719065,0.7097573425208499,1.264886550385643,1.788251102577164,353523000.0,9.48,9.8,9.34,9.4,4487000.0,42926310.0,9.48,-0.8438818565400852,10.0,10.43,False,False,True,80.54404646660213
389,000035.SZ,中国天楹,0.11682242990654207,23.529411764705888,1.414126667278373,1.3293182690745096,0.7332639372020894,0.8068529347767923,2313124623.0,4.76,4.83,4.75,4.77,24809750.0,118873951.0,4.75,0.42105263157894424,10.0,5.23,False,False,True,80.53339787028074
390,688581.SH,安杰思,0.08105225737646646,15.387755102040824,1.1150960486086847,1.5623409507313493,1.4796583661650486,0.5538194042357671,41178278.0,51.5,51.65,50.7,50.91,356297.0,18201028.0,51.28,-0.7215288611544524,20.0,61.54,False,False,True,80.46660212971926
391,002950.SZ,奥美医疗,0.10849056603773578,24.489795918367328,1.3906953547643934,1.5282961077323025,0.6431913967594877,0.9988811894060567,429625255.00000006,9.03,9.11,8.83,8.89,6558600.0,58578594.0,9.02,-1.4412416851441123,10.0,9.92,False,False,True,80.44143272023233
392,601113.SH,华鼎股份,0.18421052631578952,28.253968253968264,1.1089591142968251,0.829398613194477,0.7820642719279196,0.9038501589337837,1104152226.0,3.52,3.53,3.45,3.47,8277300.0,28821129.0,3.5,-0.8571428571428563,10.0,3.85,False,False,True,80.42013552758955
393,002027.SZ,分众传媒,0.11111111111111102,26.530612244897966,1.0608932434162406,1.066407434614917,1.020093815264583,0.8111285355914136,14442199726.0,4.81,4.87,4.76,4.77,124924089.0,606376252.0,4.8,-0.6250000000000089,10.0,5.28,False,False,True,80.3833494675702
394,000895.SZ,双汇发展,0.24287856071964026,21.418888386805257,1.0330454481955704,0.35451234387399555,1.0177803438325554,0.9246375501104455,3464212167.0,23.77,23.9,23.62,23.67,11355529.0,269613903.0,23.75,-0.3368421052631465,10.0,26.13,False,False,True,80.3697967086157
395,000002.SZ,万  科Ａ,0.04694835680751178,18.055555555555557,1.4162764990778554,1.39137328157979,1.087653813610365,1.4544541824790531,9715113154.0,3.07,3.2,3.07,3.14,196603646.0,619277222.0,3.08,1.9480519480519431,10.0,3.39,False,False,True,80.34462729912876
396,600386.SH,北巴传媒,0.22916666666666655,19.999999999999996,1.2235894874717022,0.907508531746027,0.816690137567864,1.314184811328242,806400000.0,3.56,3.63,3.5,3.53,9617400.0,34334285.0,3.55,-0.5633802816901401,10.0,3.91,False,False,True,80.30493707647628
397,600690.SH,海尔智家,0.3279631760644416,22.023809523809533,0.728763081996558,0.5632273664651565,0.7708348239868431,1.2948381807157567,6178486925.0,21.33,21.95,21.3,21.82,45557697.0,991960645.0,21.33,2.297233942803567,10.0,23.46,False,False,True,80.27686350435624
398,002526.SZ,山东矿机,0.1504854368932039,22.131147540983598,0.9949334540589136,1.3822062892839886,0.9593323200346271,0.8152416969812467,1771234438.0,2.76,2.79,2.7,2.71,19958840.0,54533710.0,2.75,-1.4545454545454528,10.0,3.03,False,False,True,80.27686350435624
399,601018.SH,宁波港,0.3333333333333332,14.705882352941169,0.8003932802642117,0.28523963571556654,1.034240783281821,0.8815258264568514,19454388399.0,3.43,3.5,3.43,3.45,48917302.0,171303778.0,3.44,0.29069767441860517,10.0,3.78,False,False,True,80.27492739593417
400,002074.SZ,国轩高科,0.0730270906949352,26.975589573851888,1.4283586159826693,1.3724470595008222,0.6969718504132375,0.44699512442934375,1736657690.0,26.21,26.3,26.0,26.14,10653998.0,278606252.0,26.03,0.4225893200153541,10.0,28.63,False,False,True,80.24975798644724
401,000538.SZ,云南白药,0.3715517241379312,15.294880103694108,0.5916028944643053,0.44557539178091243,0.9366791984859308,0.7458906172140881,1784132392.9999998,50.57,50.98,50.49,50.77,5929573.0,301375895.0,50.6,0.3359683794466495,10.0,55.66,False,False,True,80.24588576960309
402,301048.SZ,金鹰重工,0.17658349328214967,19.14634146341463,1.2095278388730037,0.904698065037737,1.0893082105326846,0.6991005567302164,533333400.0,9.16,9.2,9.07,9.08,3373200.0,30781438.0,9.12,-0.43859649122806044,20.0,10.94,False,False,True,80.23426911907067
403,603787.SH,新日股份,0.20368098159509207,20.79545454545455,1.032624158445271,1.341969079417692,0.8143752008937812,0.5798361868874068,230143790.0,10.48,10.52,10.26,10.28,1790800.0,18574812.0,10.46,-1.7208413001912226,10.0,11.51,False,False,True,80.16069699903194
404,603266.SH,天龙股份,0.1698529411764705,30.217849613492632,1.1380492449361945,0.9929477202478251,0.6916406156971246,1.6678807303745828,198886750.0,16.57,17.04,16.47,16.94,3293800.0,55283903.0,16.54,2.41837968561065,10.0,18.19,False,False,True,80.15295256534364
405,600960.SH,渤海汽车,0.2132132132132133,30.000000000000004,1.0271658656042253,0.8939589611202905,0.5834519146920082,0.9598434894928825,950515518.0,4.12,4.14,4.04,4.05,8156000.0,33338790.0,4.11,-1.4598540145985495,10.0,4.52,False,False,True,80.13843175217812
406,000932.SZ,华菱钢铁,0.11242603550295857,24.534161490683214,1.214930133835469,1.185656423020042,0.9645538781346534,0.9724286554310161,6852609160.0,3.6,3.66,3.59,3.63,79008273.0,287123134.0,3.6,0.8333333333333304,10.0,3.96,False,False,True,80.10067763794774
407,000507.SZ,珠海港,0.38636363636363613,12.967032967032965,0.7298426864476809,0.9856401163332154,0.7377304073238135,0.7529485575475737,902354455.0,5.06,5.12,5.05,5.06,6696700.0,34036153.0,5.06,0.0,10.0,5.57,False,False,True,80.09099709583735
408,600248.SH,陕建股份,0.21527777777777776,17.76061776061777,1.2974398558970748,0.5110757770129801,1.0618452050595701,1.0722189312560424,3705739286.0,2.91,2.93,2.85,2.86,20306900.0,58747132.0,2.9,-1.379310344827589,10.0,3.19,False,False,True,80.0755082284608
409,603100.SH,川仪股份,0.2396135265700483,19.48212083847103,1.2109325112352198,0.8511932007176904,0.8513865430377593,0.6451721660252228,511539166.0,18.63,18.8,18.53,18.59,2809200.0,52458028.0,18.7,-0.588235294117645,10.0,20.57,False,False,True,80.0484027105518
410,000708.SZ,中信特钢,0.3076923076923078,20.863895680521605,0.9131005967859223,0.2626637604730715,0.9053168028932994,1.0062474515581394,5047136128.0,13.48,13.64,13.26,13.26,13339820.0,182054607.0,13.47,-1.5590200445434355,10.0,14.82,False,False,True,80.04065827686351
411,002053.SZ,云南能投,0.13649851632047477,30.641330166270777,1.4036510520725,0.817190460364153,0.6722749051033545,0.7075454686608119,920720764.0,9.35,9.53,9.34,9.4,5323602.0,50152838.0,9.34,0.6423982869379063,10.0,10.27,False,False,True,80.03678606001935
412,002287.SZ,奇正藏药,0.18340163934426254,20.731042007637758,1.2744849049463371,0.43128272546446805,1.174388413969258,0.4026276746665342,570989795.0,20.05,20.24,19.87,19.94,991503.0,19828884.0,20.12,-0.8946322067594381,10.0,22.13,False,False,True,80.01548886737658
413,600754.SH,锦江酒店,0.1701030927835052,21.13251605370696,1.0613792342663957,1.3027771420869572,0.9478701432107838,1.6748978254548152,906044063.0,19.2,19.78,18.99,19.08,19770050.0,382881692.0,19.11,-0.15698587127158659,10.0,21.02,False,False,True,79.99806389157793
414,600621.SH,华鑫股份,0.2527301092043683,18.67572156196946,1.1659974170982017,0.8539926521131055,0.8627741372558122,1.1582898105320507,1060899292.0,13.43,13.7,13.37,13.48,10494108.0,142277914.0,13.4,0.5970149253731405,10.0,14.74,False,False,True,79.98838334946757
415,001380.SZ,华纬科技,0.19230769230769235,21.467025572005394,1.3262448352454652,0.6935374673823246,0.9322035156173295,0.7975293016422946,232732365.0,18.05,18.16,17.81,17.95,1287281.0,23114471.0,17.91,0.2233389168062594,10.0,19.7,False,False,True,79.9651500484027
416,003000.SZ,劲仔食品,0.1172161172161173,17.30360934182591,1.0592684026166803,1.6233654681139555,1.170191366203651,0.6251219207203951,308060295.0,9.73,9.79,9.66,9.69,3126200.0,30370712.0,9.74,-0.5133470225872738,10.0,10.71,False,False,True,79.96127783155856
417,000822.SZ,山东海化,0.16847826086956527,24.281984334203656,1.303509408029755,1.3142525933140803,0.6726628566272488,0.927568463741108,895091926.0,4.47,4.5,4.4,4.41,10911701.0,48595858.0,4.45,-0.8988764044943864,10.0,4.9,False,False,True,79.91868344627301
418,688015.SH,交控科技,0.19175911251980984,19.541029207232263,1.3767095091707493,0.7214446135684526,0.9642156110998761,1.1884857856740358,188680742.0,16.77,17.04,16.61,16.69,1617799.0,27185028.0,16.8,-0.6547619047619024,20.0,20.16,False,False,True,79.91868344627298
419,301296.SZ,新巨丰,0.17802197802197797,22.33856893542756,1.1449659591987174,0.7525172638412996,1.1002392449648504,0.9442791851793175,427531764.0,6.55,6.6,6.45,6.49,3037396.0,19789929.0,6.54,-0.7645259938837912,20.0,7.85,False,False,True,79.90706679574056
420,600814.SH,杭州解百,0.20898437500000008,19.594594594594604,1.2776478293904132,0.7852601702328389,0.9465467147875678,3.6946648520282572,735078598.0,6.98,7.34,6.96,7.12,21326638.0,152682237.0,6.99,1.859799713876975,10.0,7.69,False,False,True,79.85285575992256
421,000548.SZ,湖南投资,0.30434782608695626,17.38035264483626,1.0866581114086478,1.043758267504067,0.721575690852565,1.0603009864706148,499215811.00000006,4.61,4.65,4.55,4.55,5524811.0,25414642.0,4.6,-1.0869565217391242,10.0,5.06,False,False,True,79.8296224588577
422,301559.SZ,中集环科,0.1816939890710383,19.444444444444443,1.0945839074431567,1.7746686666666622,0.7708313164106482,0.7129174284677114,90000000.0,13.28,13.42,13.11,13.12,1138673.0,15067368.0,13.21,-0.6813020439061401,20.0,15.85,False,False,True,79.8189738625363
423,600717.SH,天津港,0.2974683544303798,18.65284974093264,0.8890884072803462,0.6812474457032249,0.928414679600696,1.0587429240866317,2894001038.0,4.33,4.39,4.32,4.36,20873443.0,91170658.0,4.33,0.6928406466512715,10.0,4.76,False,False,True,79.79670861568249
424,600062.SH,华润双鹤,0.23340961098398194,15.384615384615397,0.9417810379239567,0.8926528388843394,1.2231620494829203,0.4230241079915376,1038225388.0,15.92,16.08,15.92,16.07,3920481.0,62788930.0,15.97,0.6261740763932266,10.0,17.57,False,False,True,79.79670861568248
425,603348.SH,文灿股份,0.18133802816901415,21.529968454258675,1.2760933909253036,0.7641454010438959,1.0082548438913757,1.8373197040610254,314477192.0,14.71,15.1,14.71,15.0,4415195.0,66050433.0,14.74,1.7639077340569909,10.0,16.21,False,False,True,79.7618586640852
426,301275.SZ,汉朔科技,0.10851528384279474,23.31020303263942,1.2591522682702094,1.653898369806716,0.8084474526031412,0.8955788241938134,300859233.0,42.84,43.45,42.63,43.25,4456316.0,192477948.0,42.66,1.3830285982184831,20.0,51.19,False,False,True,79.75605033881898
427,600827.SH,百联股份,0.2365145228215765,13.25966850828728,1.0495571807221764,0.8624934706593975,1.2105197652033852,0.7514436878039387,1604449920.0,7.8,7.91,7.8,7.81,10398685.0,81713916.0,7.81,0.0,10.0,8.59,False,False,True,79.70183930300097
428,600150.SH,中国船舶,0.32177844762622454,19.112090680100735,0.8810186357049854,0.9203079592968174,0.7711915516584459,1.4552639022376963,7525621287.999999,34.1,35.04,34.1,34.32,100789965.0,3484004388.0,33.93,1.1494252873563315,10.0,37.32,False,False,True,79.65537270087125
429,002911.SZ,佛燃能源,0.2619926199261993,26.045016077170423,1.116157017695234,0.416804322035478,0.77584649311987,0.9540869200699634,1267038001.0,11.45,11.54,11.35,11.42,5038599.0,57667789.0,11.46,-0.3490401396160636,10.0,12.61,False,False,True,79.65150048402711
430,002594.SZ,比亚迪,0.2706016538351867,24.93855904798863,1.0795558700152221,0.829680891215881,0.6636281820082951,0.7041944878511724,3487068722.0,86.96,87.86,86.96,87.31,20373433.0,1780039741.0,86.8,0.5875576036866503,10.0,95.48,False,False,True,79.63407550822845
431,601512.SH,中新集团,0.2941176470588237,16.28222523744911,1.1583891977476564,0.23686113724155347,1.008207821638361,1.0695763574554054,1498890000.0,8.52,8.59,8.41,8.55,3797304.0,32368700.0,8.47,0.9445100354191327,10.0,9.32,False,False,True,79.61665053242982
432,603309.SH,维力医疗,0.12310606060606065,17.3953488372093,1.0690012344740125,1.7074243802796696,1.1125482953242123,0.7045834151661475,291871418.0,11.41,11.48,11.22,11.27,3511280.0,39822008.0,11.4,-1.140350877192986,10.0,12.54,False,False,True,79.59535333978702
433,600117.SH,西宁特钢,0.19867549668874163,19.500000000000007,1.4212805172827858,0.4711130704657609,1.011334631415118,0.9132552986973353,3255114857.0,2.3,2.33,2.28,2.29,14005018.0,32267405.0,2.3,-0.43478260869563856,10.0,2.53,False,False,True,79.58180058083254
434,000563.SZ,陕国投Ａ,0.2719298245614035,15.750915750915762,0.9976387424484894,0.8210463340741917,1.0369938002622636,0.9409290930156354,5113970358.0,3.04,3.07,3.02,3.03,39507793.0,120157606.0,3.04,-0.328947368421062,10.0,3.34,False,False,True,79.51597289448209
435,300230.SZ,永利股份,0.31914893617021267,14.321608040200996,0.795272322133304,1.2732965974910284,0.7771881161040971,1.145209591991888,629822499.0,4.43,4.46,4.36,4.39,9184018.0,40396922.0,4.43,-0.9029345372460473,20.0,5.32,False,False,True,79.51210067763796
436,600478.SH,科力远,0.07862407862407847,35.491071428571416,1.082163459440294,1.2959364992414975,0.6938080856226558,0.722714238881828,1693918916.0,4.82,4.86,4.79,4.8,15865105.0,76550936.0,4.8,0.0,10.0,5.28,False,False,True,79.5082284607938
437,601336.SH,新华保险,0.24673147837747234,20.30608435983574,1.1674177832661843,0.882442509691982,0.8530000191895769,1.7368529438578875,2085439340.0,60.8,62.84,60.58,61.92,31962963.0,1986714320.0,60.55,2.2625928984310484,10.0,66.61,False,False,True,79.48499515972895
438,600461.SH,洪城环境,0.35260115606936376,11.371629542790163,0.6156318442662584,0.723355116228588,0.9800108783259088,1.0325236887359628,1284156812.0,8.98,9.04,8.93,8.98,9591127.0,86296531.0,8.93,0.5599104143337197,10.0,9.82,False,False,True,79.45595353339787
439,603566.SH,普莱柯,0.19120879120879108,16.422594142259417,1.2791709010337677,1.0018296909238593,1.0692377024874211,0.6021711389009824,346062273.0,10.43,10.56,10.32,10.35,2087700.0,21735968.0,10.43,-0.7670182166826467,10.0,11.47,False,False,True,79.44433688286544
440,603043.SH,广州酒家,0.24630541871921183,18.285714285714285,0.9868039569570343,0.6620763639061515,1.1638093958221345,1.2248580385933514,562452370.0,13.78,13.93,13.6,13.62,4561205.0,62629253.0,13.75,-0.9454545454545493,10.0,15.13,False,False,True,79.43465634075508
441,600519.SH,贵州茅台,0.38475074854231234,18.44814554174159,0.8611364806750481,0.2637280356228475,0.8627706220774857,0.538327036878753,1250081601.0,1297.5,1305.0,1293.02,1298.88,1774765.0,2305193119.0,1297.5,0.10635838150290233,10.0,1427.25,False,False,True,79.40174249757986
442,600038.SH,中直股份,0.22929500342231354,17.70747740345111,1.2343554266566352,0.9392495196481758,0.9348769339584424,1.171448057888093,668935221.0,27.66,28.06,27.5,27.93,7360174.0,205077821.0,27.69,0.8667388949078925,10.0,30.46,False,False,True,79.3920619554695
443,603418.SH,友升股份,0.05074875207986684,26.75294117647058,0.920852420506713,2.012850622169496,0.8890405905241082,0.9583106861171199,41364612.0,44.9,45.32,44.13,44.3,797897.0,35542738.0,44.94,-1.4241210502892732,10.0,49.43,False,False,True,79.38238141335914
444,600780.SH,通宝能源,0.318840579710145,20.145190562613436,1.1108592739468715,1.0037091475288404,0.5328343365036702,1.10799424937576,1146502523.0,6.28,6.4,6.28,6.29,12750300.0,80654341.0,6.32,-0.4746835443038,10.0,6.95,False,False,True,79.36495643756051
445,600845.SH,宝信软件,0.14634146341463414,28.70544090056284,1.2113833317279579,0.8519668783681464,0.8977193703296693,0.4777696158194514,2134054153.0,17.5,17.57,17.26,17.27,8686537.0,150889900.0,17.43,-0.9179575444635657,10.0,19.17,False,False,True,79.36302032913844
446,600859.SH,王府井,0.12531328320802004,18.22222222222223,1.4580036226486515,1.2321111959702713,0.9870785825623675,1.6016202112783886,1123828064.0,9.99,10.25,9.99,10.05,22177333.0,224719331.0,10.0,0.5000000000000115,10.0,11.0,False,False,True,79.34172313649565
447,601188.SH,龙江交通,0.24561403508771948,13.483146067415719,1.0114538143248897,1.1078688320442798,1.0456438706009326,1.1449852053471758,1305469915.0,2.95,3.0,2.94,2.95,16559800.0,49143204.0,2.95,0.0,10.0,3.25,False,False,True,79.3378509196515
448,002991.SZ,甘源食品,0.03674436981430263,18.157894736842106,1.0939582876560994,2.003122600193139,1.2369901774975962,1.0235611520051797,49933706.0,39.0,39.69,38.57,38.6,1023800.0,39830667.0,38.93,-0.847675314667351,10.0,42.82,False,False,True,79.33785091965149
449,600420.SH,国药现代,0.23415977961432521,20.603674540682416,0.958634971653396,0.723398866370592,1.1049127762601374,0.5519257388665249,1341172692.0,8.44,8.5,8.4,8.43,5354799.0,45500659.0,8.47,-0.47225501770957745,10.0,9.32,False,False,True,79.32236205227493
450,000753.SZ,漳州发展,0.10198300283286128,22.03791469194314,1.480915130771335,1.5204769249699535,0.7795888289265808,1.8375511332624874,991481071.0,4.92,5.09,4.89,4.97,27701526.0,137997654.0,4.94,0.6072874493926905,10.0,5.43,False,False,True,79.23717328170378
451,301318.SZ,维海德,0.23670793882010202,22.397820163487726,1.1348413656608718,1.0297104443707115,0.7901645945993799,0.956965300803701,93180195.0,21.7,21.8,21.12,21.13,918195.0,19633407.0,21.6,-2.1759259259259367,20.0,25.92,False,False,True,79.14811229428848
452,000868.SZ,安凯客车,0.14946619217081847,22.57053291536051,1.2571823278675314,1.1062960228314176,0.9936744423096393,0.7040924282802531,939513985.0,3.64,3.66,3.55,3.57,7318200.0,26361032.0,3.61,-1.1080332409972304,10.0,3.97,False,False,True,79.14714424007744
453,000550.SZ,江铃汽车,0.2396449704142014,17.623497997329785,1.2460042744909376,0.77554555660232,0.9922477980274323,0.8213795954058253,518463160.0,16.65,16.97,16.6,16.78,3302700.0,55502723.0,16.6,1.0843373493975905,10.0,18.26,False,False,True,79.14230396902225
454,600681.SH,百川能源,0.16867469879518068,15.705128205128194,1.1737918741565072,1.5523689226898076,1.0215237415117673,1.2829900799446121,1339808772.0,3.52,3.55,3.47,3.47,26684622.0,93480818.0,3.54,-1.9774011299435013,10.0,3.89,False,False,True,79.1403678606002
455,600284.SH,浦东建设,0.10452961672473862,21.748400852878458,1.1566004668734529,1.5108563410069045,1.0609854786984132,1.4946587407723229,970256000.0,5.33,5.41,5.23,5.24,21910463.0,115908657.0,5.29,-0.9451795841209809,10.0,5.82,False,False,True,79.1248789932236
456,300059.SZ,东方财富,0.15170556552962308,27.526132404181205,0.9160240029948868,1.605418567098761,0.7774502103692436,0.807632100334351,13392365708.000002,18.99,19.29,18.96,19.01,173643749.0,3320992877.0,18.91,0.5288207297726055,20.0,22.69,False,False,True,79.12294288480155
457,600305.SH,恒顺醋业,0.26794258373205726,15.064102564102555,1.0056850121673955,0.7553324367978705,1.1613394022311312,0.6183641068083915,1102959908.0,6.8,6.84,6.72,6.73,5151600.0,34871031.0,6.8,-1.0294117647058787,10.0,7.48,False,False,True,79.0861568247822
458,000709.SZ,河钢股份,0.28750000000000003,19.25133689839571,1.1118650218584711,0.734320784961478,0.875421898804959,0.8350595689360051,10335412398.0,2.1,2.12,2.08,2.08,63376914.0,133117552.0,2.1,-0.952380952380949,10.0,2.31,False,False,True,79.0784123910939
459,002554.SZ,惠博普,0.12195121951219523,25.093632958801493,1.367366557899129,1.4773317896913778,0.7451390701718941,1.9385489904604998,1333469849.9999998,2.97,2.99,2.85,2.87,38188977.0,111150391.0,2.97,-3.367003367003374,10.0,3.27,False,False,True,79.05905130687319
460,603677.SH,奇精机械,0.19670329670329662,31.16240725474031,1.0748778184093981,0.755728096029055,0.7799563011070744,0.795238134660576,192600865.0,14.08,14.08,13.55,13.55,1157500.0,15961910.0,13.92,-2.6580459770114917,10.0,15.31,False,False,True,79.02613746369796
461,300466.SZ,赛摩智能,0.20799999999999996,24.61300309597525,1.0724516515021452,1.1608995333673144,0.8097851108835292,0.901762924821249,460540826.0,7.54,7.63,7.39,7.43,4821200.0,36010966.0,7.5,-0.9333333333333416,20.0,9.0,False,False,True,78.99709583736689
462,603027.SH,千禾味业,0.15825688073394484,21.52466367713004,1.2278154071713792,1.1500748127386526,1.0172909737989484,0.6965212351805578,1330738612.0000002,7.42,7.47,7.35,7.35,10659902.0,78927031.0,7.38,-0.40650406504065817,10.0,8.12,False,False,True,78.98935140367861
463,600925.SH,苏能股份,0.29357798165137644,16.624040920716098,0.8245451740535081,0.761348651378839,1.0738411804145207,0.9359051346768631,1606048586.0,4.22,4.3,4.22,4.22,11443901.0,48672100.0,4.23,-0.23640661938535423,10.0,4.65,False,False,True,78.98547918683447
464,000581.SZ,威孚高科,0.26910656620021545,22.654754307594118,0.9524279895807348,0.9976265584523494,0.7952641971515327,0.6520019818769358,793891049.0,18.18,18.34,18.09,18.1,5163900.0,93987786.0,18.17,-0.38525041276830096,10.0,19.99,False,False,True,78.94482090997096
465,300699.SZ,光威复材,0.07408957722896609,35.27321190581962,1.2511502742675795,1.300997298940712,0.6074400315487707,0.5763440447459153,823380299.0,24.26,24.41,24.04,24.13,6173887.0,149414426.0,24.28,-0.6177924217462993,20.0,29.14,False,False,True,78.94482090997096
466,600512.SH,腾达建设,0.22619047619047583,13.440860215053752,1.202475661415107,1.4193244626608241,0.8844469110957028,0.9364490685392961,1587405163.0,2.06,2.08,2.04,2.05,21098600.0,43482545.0,2.05,0.0,10.0,2.26,False,False,True,78.89448209099709
467,603569.SH,长久物流,0.19298245614035103,22.352941176470598,1.3849586118610004,0.6426956334945456,0.941078260451826,0.8986739744138184,603507251.0,6.01,6.08,5.94,5.95,3485700.0,20884829.0,5.98,-0.5016722408026753,10.0,6.58,False,False,True,78.89254598257503
468,300183.SZ,东软载波,0.1911447084233261,26.970033296337405,1.3887024110417474,1.0127083765160605,0.5749344427409234,0.9244063160264114,371087762.0,10.77,10.9,10.54,10.55,3473953.0,37161812.0,10.78,-2.1335807050092637,20.0,12.94,False,False,True,78.8809293320426
469,688567.SH,孚能科技,0.016763848396501357,32.9954954954955,1.6365505757072623,0.8094829925198985,0.7147260554921964,0.8427260033185403,1222103885.0,9.13,9.23,8.99,9.05,8336855.0,75798422.0,9.11,-0.6586169045005308,20.0,10.93,False,False,True,78.86350435624395
470,002282.SZ,博深股份,0.29457364341085285,17.18464351005484,1.0784802973378034,0.8846469002292925,0.896029352130209,0.8198666165122637,483311104.0,6.22,6.27,6.15,6.17,3505419.0,21693214.0,6.23,-0.9630818619582704,10.0,6.85,False,False,True,78.86156824782186
471,002616.SZ,长青集团,0.22758620689655173,19.721577726218122,1.0938332707338887,1.6381011795956995,0.704090726281867,0.7147837945221133,587480268.0,4.97,5.01,4.87,4.88,6878737.0,33969893.0,4.97,-1.810865191146882,10.0,5.47,False,False,True,78.82865440464666
472,002393.SZ,力生制药,0.1092564491654022,17.05310396409874,1.5995763523853506,1.1430484403932486,1.024016791862607,0.5421993531471976,300217443.0,14.15,14.16,13.98,14.03,1860628.0,26153067.0,14.09,-0.42583392476934767,10.0,15.5,False,False,True,78.81703775411424
473,600794.SH,保税科技,0.25274725274725274,17.021276595744684,0.9645622804942453,0.9745760428608679,1.082384018274052,1.0524259465441805,1200152157.0,3.28,3.3,3.23,3.23,12309590.0,40085989.0,3.28,-1.5243902439024293,10.0,3.61,False,False,True,78.7976766698935
474,301311.SZ,昆船智能,0.17766497461928935,21.64609053497941,1.3815788553236499,0.8595737499999966,0.9622991883571229,0.8272995772614042,240000000.0,13.89,14.01,13.63,13.65,1706700.0,23548747.0,13.9,-1.7985611510791366,20.0,16.68,False,False,True,78.7976766698935
475,600626.SH,申达股份,0.20289855072463772,20.779220779220786,1.4855124514361715,0.7438718319655295,0.8527821333433675,0.8957753400527838,1320744667.0,3.66,3.69,3.61,3.61,8800677.0,32029518.0,3.64,-0.8241758241758323,10.0,4.0,False,False,True,78.77250726040658
476,600579.SH,中化装备,0.18539325842696636,30.29366306027821,1.0706640594382784,0.9587325310413416,0.7848081363930768,0.6919874804087529,493600759.00000006,7.05,7.08,6.98,6.98,3274700.0,23019201.0,7.03,-0.7112375533428139,10.0,7.73,False,False,True,78.76669893514037
477,601908.SH,京运通,0.07450980392156878,25.0,1.5342816552127692,1.6061834836863416,0.6875427195141007,0.621829864378543,2414602861.0,2.99,3.02,2.95,2.97,24116398.0,71919609.0,2.99,-0.6688963210702337,10.0,3.29,False,False,True,78.75605033881897
478,600120.SH,浙江东方,0.2071005917159764,24.52830188679245,1.1523562955359021,1.0014022395481144,0.8568407168628097,0.911359840251247,3415381492.0,4.91,4.97,4.88,4.89,31170062.0,153407625.0,4.94,-1.0121457489878694,10.0,5.43,False,False,True,78.73668925459826
479,603680.SH,今创集团,0.15540540540540532,30.83900226757368,1.0194887718142216,0.6227196866398326,1.0506422854382362,0.8583109679744535,783718766.9999999,10.15,10.29,10.06,10.06,4188876.0,42491125.0,10.2,-1.3725490196078272,10.0,11.22,False,False,True,78.66021297192643
480,301283.SZ,聚胶股份,0.10263022176379587,23.67957746478875,1.4531551885595704,1.1882956618718692,0.9299180527967149,0.6534138534904534,91361202.0,24.92,25.16,24.61,24.74,709373.0,17808750.0,24.71,0.121408336705775,20.0,29.65,False,False,True,78.648596321394
481,301613.SZ,新铝时代,0.059367771781033384,22.8620788943277,1.4233497884789441,1.4875486892346135,0.947749509351463,0.5740053918368004,83901247.0,36.39,36.71,35.59,35.63,716400.0,25737181.0,36.27,-1.7645437000275765,20.0,43.52,False,False,True,78.64278799612778
482,002108.SZ,沧州明珠,0.24609375000000014,25.063938618925818,1.053998772353188,1.333974525576633,0.5094714211204068,0.9639155424194129,1647998206.0,4.44,4.46,4.38,4.39,21190600.0,93608712.0,4.44,-1.1261261261261368,10.0,4.88,False,False,True,78.61955469506292
483,002605.SZ,姚记科技,0.059897735573411263,27.228027043638605,1.1634917954286963,1.7074391883850266,0.9047087441751184,0.9856914093260969,338424959.0,17.08,17.41,16.93,16.97,5693242.0,98635864.0,17.09,-0.702165008777067,10.0,18.8,False,False,True,78.54985479186834
484,003037.SZ,三和管桩,0.19750000000000006,31.640625,1.1884609926710665,0.5471406020602946,0.7905887120115774,2.3982811785339644,599074678.0,5.91,6.0,5.81,5.83,7861040.0,46499097.0,5.91,-1.3536379018612488,10.0,6.5,False,False,True,78.54211035818005
485,600166.SH,福田汽车,0.18032786885245886,18.085106382978733,1.4325491343015144,1.4731098503762146,0.7799290406501719,0.6370961400443115,7917400367.000001,2.87,2.88,2.84,2.86,74305800.0,212617286.0,2.86,0.0,10.0,3.15,False,False,True,78.53630203291384
486,600873.SH,梅花生物,0.14089347079037792,31.710914454277273,1.022339768047893,1.0214126838890603,0.8981974653841859,0.9125708061220479,2804241650.0,7.6,7.75,7.58,7.7,26138656.0,201070492.0,7.6,1.3157894736842257,10.0,8.36,False,False,True,78.52855759922555
487,002867.SZ,周大生,0.06567164179104497,24.14448669201521,1.3073512558834355,0.9902657704844096,1.5052207481669935,0.8495907764542613,1079141804.0,10.76,10.85,10.76,10.8,9079043.0,98017179.0,10.74,0.5586592178770999,10.0,11.81,False,False,True,78.52274927395933
488,600968.SH,海油发展,0.25974025974025977,27.217125382262996,1.0273097066976506,0.426617553062227,0.860403313692445,0.9940525274768192,10165104199.0,3.84,3.95,3.83,3.92,43108200.0,168299878.0,3.87,1.2919896640826822,10.0,4.26,False,False,True,78.51306873184899
489,002818.SZ,富森美,0.29499999999999993,14.215686274509821,0.6866766836960757,1.2090818518263857,0.9705228954673155,0.8784374454980538,298357191.0,10.84,10.92,10.81,10.92,3168860.0,34443469.0,10.79,1.2048192771084487,10.0,11.87,False,False,True,78.50145208131654
490,002901.SZ,大博医疗,0.0858560794044667,22.80171327790377,1.4496390630411744,0.8289249759015886,1.3182500517629312,0.6182620351404876,288412223.0,40.99,41.45,40.6,41.18,1478092.0,60706568.0,40.81,0.9066405292820434,10.0,44.89,False,False,True,78.48789932236205
491,000501.SZ,武商集团,0.202061855670103,16.250000000000007,1.2906875159158326,0.973129617140214,1.1205225941346717,3.026444448825582,768293891.0,7.4,7.79,7.38,7.49,22627198.0,170460789.0,7.38,1.4905149051490652,10.0,8.12,False,False,True,78.48015488867377
492,600358.SH,国旅联合,0.17796610169491528,25.73839662447257,1.4819686375493257,0.9608872922793875,0.7061994798264264,2.601799775352698,504936660.0,5.23,5.45,5.18,5.22,12623600.0,67139814.0,5.16,1.1627906976744207,10.0,5.68,False,False,True,78.46853823814133
493,605507.SH,国邦医药,0.17901234567901236,17.782426778242687,1.3325947383693895,0.790937695763633,1.3471708140174976,0.2789142206659293,782352899.9999999,15.51,15.57,15.35,15.39,1725900.0,26618167.0,15.5,-0.7096774193548372,10.0,17.05,False,False,True,78.42013552758954
494,603062.SH,麦加芯彩,0.24798154555940008,33.92204628501825,0.9036272933305749,0.7582147163307041,0.3514769615504845,1.7641804138619968,37073100.0,38.82,39.73,38.7,38.8,495900.0,19475198.0,39.29,-1.2471366759989833,10.0,43.22,False,False,True,78.41239109390126
495,600197.SH,伊力特,0.11666666666666661,18.34654586636466,1.249525370115006,1.394051058311296,1.2919713162383353,0.5699468830023826,473174717.0,9.57,9.68,9.5,9.51,3759539.0,35985876.0,9.6,-0.9375000000000022,10.0,10.56,False,False,True,78.4085188770571
496,600880.SH,博瑞传播,0.13255813953488366,20.96317280453257,1.465180379143781,1.493617127267318,0.8182231976001934,1.092272637684399,1093030175.0,4.15,4.2,4.03,4.04,17832100.0,73228180.0,4.1,-1.4634146341463317,10.0,4.51,False,False,True,78.38141335914813
497,600816.SH,建元信托,0.08387096774193568,18.220338983050866,1.4093748032224913,1.4213203415468616,1.197361413148874,0.8008340266193597,5469137919.0,2.49,2.51,2.47,2.48,62252008.0,155123669.0,2.49,-0.40160642570281624,10.0,2.74,False,False,True,78.36786060019361
498,600138.SH,中青旅,0.23148148148148145,18.8976377952756,1.0458191938622012,1.1588177912245754,0.9908621760858674,2.0062878735847303,723840000.0,7.36,7.58,7.23,7.26,16828716.0,124347195.0,7.35,-1.224489795918371,10.0,8.09,False,False,True,78.34365924491772
499,003016.SZ,欣贺股份,0.1844802342606149,22.31543624161074,1.3506377822003024,0.9013325141476646,0.9455921529106466,1.3559491277341125,410882842.0,7.23,7.36,7.19,7.25,5021650.0,36463131.0,7.22,0.41551246537396835,10.0,7.94,False,False,True,78.33494675701839
500,688348.SH,昱能科技,0.03824884792626728,31.336565096952906,1.8091177159028091,0.8649479369814281,0.600087789998333,0.6548442096059279,156277435.0,30.64,31.08,30.5,30.7,885165.0,27262277.0,30.54,0.5239030779305764,20.0,36.65,False,False,True,78.32526621490804
501,002557.SZ,洽洽食品,0.1921515561569691,21.264367816091976,0.8421989366834792,1.42427253131809,1.0191519888409502,0.7653637425205678,504268856.0,18.72,18.84,18.58,18.72,5496967.0,102725400.0,18.82,-0.5313496280552665,10.0,20.7,False,False,True,78.32139399806388
502,688526.SH,科前生物,0.16427432216905888,19.742489270386265,1.528662430028358,0.42001922536067643,1.2061808044481066,0.5327313190955618,466128056.0,12.73,12.78,12.51,12.55,1042996.0,13152255.0,12.68,-1.0252365930599305,20.0,15.22,False,False,True,78.31752178121974
503,002327.SZ,富安娜,0.2784810126582275,15.593220338983048,1.0004515565596255,1.0857292092922153,0.9817124863629297,0.7751442322884463,490983369.0,6.35,6.37,6.28,6.29,4132100.0,26117466.0,6.34,-0.7886435331230235,10.0,6.97,False,False,True,78.31364956437561
504,600808.SH,马钢股份,0.10407239819004524,26.18025751072961,1.479606614375081,0.9956442049626646,0.9159836412687401,0.7600435169942165,5967751186.0,2.56,2.6,2.55,2.57,45159938.0,116358432.0,2.56,0.390625,10.0,2.82,False,False,True,78.30009680542109
505,300750.SZ,宁德时代,0.31319030821719784,19.608013684729354,1.4359242977594724,0.5306297987635855,0.6654305579280838,1.162839461064177,4260196510.0,349.99,354.8,348.1,349.5,26286404.0,9235577474.0,348.29,0.3474116397255145,20.0,417.95,False,False,True,78.2942884801549
506,600643.SH,爱建集团,0.20481927710843364,16.076294277929158,1.4497488242640855,1.0148136124625615,0.9446388540368984,0.7704118326705054,1590351716.0,4.18,4.22,4.12,4.15,12433758.0,51822462.0,4.18,-0.7177033492822837,10.0,4.6,False,False,True,78.25169409486931
507,000425.SZ,徐工机械,0.07042253521126754,28.21522309711286,1.219185748151577,1.286257195985948,1.0132601016911575,0.8208925563930979,8998084894.0,8.0,8.05,7.93,7.93,95008885.0,758742748.0,7.97,-0.5018820577164407,10.0,8.77,False,False,True,78.24201355275896
508,600054.SH,黄山旅游,0.29904306220095694,12.309160305343504,0.883186627382322,1.2884060588349848,0.9082941560340709,2.5811224482312647,513300000.0,11.73,12.02,11.47,11.49,17069965.0,199914323.0,11.73,-2.0460358056266004,10.0,12.9,False,False,True,78.23620522749275
509,002985.SZ,北摩高科,0.15411106328024113,32.78201865988126,1.187838788743594,1.125454354700913,0.6944328881700481,1.1439165286997586,331021941.0,27.1,27.63,27.1,27.47,4261662.0,116863852.0,27.16,1.1413843888070652,10.0,29.88,False,False,True,78.23039690222653
510,601226.SH,华电科工,0.14783821478382153,33.45521023765996,1.3297170674105967,0.8927182090676636,0.6883171021983174,0.6934105736014015,1162223700.0,6.52,6.58,6.48,6.49,7194400.0,46945245.0,6.53,-0.6125574272588086,10.0,7.18,False,False,True,78.23039690222653
511,002063.SZ,远光软件,0.25274725274725285,25.0,1.0005336446380857,1.314038633059052,0.6339139576620669,0.8573026482603765,1769109143.0,5.58,5.62,5.5,5.51,19929524.0,110654812.0,5.57,-1.0771992818671583,10.0,6.13,False,False,True,78.20813165537271
512,601166.SH,兴业银行,0.3356321839080455,16.180048661800495,0.9546868102923799,0.4740298246953585,1.0816928329365116,0.9351150182387249,21162859513.0,17.81,18.12,17.81,17.93,93809117.0,1689348848.0,17.9,0.16759776536312554,10.0,19.69,False,False,True,78.20329138431752
513,000420.SZ,吉林化纤,0.09663865546218488,26.93409742120343,1.3910630883122799,1.8709544518856889,0.5742002332992453,1.0281579303705848,2458094143.0,3.73,3.79,3.69,3.69,47284800.0,175877225.0,3.72,-0.8064516129032362,10.0,4.09,False,False,True,78.18393030009682
514,600258.SH,首旅酒店,0.16690442225392296,21.02272727272727,1.205079498238581,1.4262252163890081,0.9615068432443704,1.4234692651640715,1116603126.0,11.77,12.07,11.64,11.67,22669140.0,268234567.0,11.73,-0.5115089514066584,10.0,12.9,False,False,True,78.16456921587609
515,002363.SZ,隆基机械,0.23272727272727273,23.46760070052538,1.133635703763501,1.2043034743319854,0.7726252258702659,0.7763147042802692,415758167.00000006,7.01,7.1,6.93,6.93,3887000.0,27171764.0,6.99,-0.8583690987124526,10.0,7.69,False,False,True,78.11810261374636
516,601068.SH,中铝国际,0.15384615384615383,32.28155339805825,1.4321698343502152,0.4562544355456449,0.7969785302136401,0.8192925582287467,2559590667.0,4.6,4.62,4.52,4.53,9567900.0,43753198.0,4.58,-1.091703056768556,10.0,5.04,False,False,True,78.11035818005809
517,300926.SZ,博俊科技,0.08955962394854028,25.620347394540932,1.5196480074738883,1.2380536715594506,0.8508562382711627,0.6061805265396937,297993117.0,17.93,18.13,17.71,17.85,2236390.0,39999005.0,17.93,-0.4461795872838681,20.0,21.52,False,False,True,78.10648596321394
518,002461.SZ,珠江啤酒,0.3906250000000001,27.223719676549862,0.936356984940762,0.21522459016114448,0.49120149463154866,0.7898088749452189,2213328480.0,8.66,8.78,8.63,8.7,3762355.0,32818156.0,8.67,0.34602076124565784,10.0,9.54,False,False,True,78.09099709583737
519,600810.SH,神马股份,0.1539634146341463,29.233511586452753,1.5356606820410206,0.9025363175301889,0.6390267327352778,0.5885831567493611,1080753008.0,6.64,6.7,6.56,6.58,5741151.0,37914142.0,6.62,-0.6042296072507614,10.0,7.28,False,False,True,78.07357212003873
520,002255.SZ,海陆重工,0.06064356435643567,34.81781376518218,1.1543240655878813,1.752607004396926,0.584889373152238,0.5920119638687835,637944743.0,7.9,7.96,7.81,7.86,6619087.0,52557532.0,7.9,-0.5063291139240533,10.0,8.69,False,False,True,78.06195546950629
521,601216.SH,君正集团,0.3395348837209304,21.42857142857144,1.1311191896681367,0.6247115662794284,0.7564945168636684,0.8341561716718825,8438017389.999999,4.77,4.83,4.75,4.77,43971100.0,209822242.0,4.79,-0.41753653444677186,10.0,5.27,False,False,True,78.0484027105518
522,002928.SZ,华夏航空,0.03963414634146338,34.45945945945945,1.2614282238132692,1.584306706314817,0.6566587665165913,1.2160795327257607,1278235175.0,6.21,6.35,6.19,6.28,24627028.0,154942856.0,6.18,1.6181229773462924,10.0,6.8,False,False,True,78.027105517909
523,600790.SH,轻纺城,0.20441988950276244,23.278688524590162,1.2973888428778166,0.863010587550855,0.9154169245738286,1.2723335903755806,1465790928.0000002,3.42,3.45,3.36,3.37,16094932.0,54802427.0,3.42,-1.4619883040935644,10.0,3.76,False,False,True,78.02129719264279
524,600653.SH,申华控股,0.25,20.547945205479444,1.0317106798352573,0.9929576548425354,0.9770204336439399,1.1362120922629737,1946380317.0,1.74,1.75,1.7,1.7,21959267.0,37771837.0,1.73,-1.7341040462427793,10.0,1.9,False,False,True,77.96321393998063
525,601500.SH,通用股份,0.27218934911242604,17.04545454545454,1.095427662743214,0.8951197233651269,1.0356113137219076,1.2409730423083345,1583000735.0,3.98,4.02,3.92,3.94,17584280.0,69656908.0,3.98,-1.005025125628145,10.0,4.38,False,False,True,77.92061955469507
526,688122.SH,西部超导,0.04899777282850788,36.82505399568037,1.3615511953848816,1.2615638899534884,0.6025274307165875,0.610390688054332,649664497.0,49.5,49.76,48.86,49.14,5002721.0,245998027.0,49.38,-0.4860267314702349,20.0,59.26,False,False,True,77.89351403678606
527,300034.SZ,钢研高纳,0.13935969868173262,30.094466936572207,1.286938040963885,1.319056829407895,0.7183403985953678,0.8412651266194775,767055977.0,16.4,16.4,16.14,16.21,8511840.0,138304089.0,16.3,-0.5521472392638005,20.0,19.56,False,False,True,77.87802516940948
528,688186.SH,广大特材,0.07586558044806517,37.63779527559057,1.3052081797115662,1.2428002793802928,0.5559149928711008,0.6859819746422934,280489356.0,14.29,14.29,13.91,14.0,2391280.0,33581267.0,14.19,-1.3389711064129672,20.0,17.03,False,False,True,77.87608906098741
529,300206.SZ,理邦仪器,0.1654411764705883,27.429609445958224,1.0812450372065319,1.6385212268950053,0.7398484066444658,0.8989623984181576,338379565.0,11.91,12.0,11.71,11.72,4984226.0,58906961.0,11.91,-1.5952980688497043,20.0,14.29,False,False,True,77.86253630203291
530,600609.SH,金杯汽车,0.13793103448275876,18.81188118811883,1.3451997778279996,1.3602537993545494,1.107341073021436,0.781250880954733,1304558558.0,3.35,3.38,3.33,3.33,13863537.0,46502562.0,3.35,-0.5970149253731294,10.0,3.69,False,False,True,77.80638915779284
531,600161.SH,天坛生物,0.12203389830508476,17.599277978339334,1.5916358639678447,0.765534266746961,1.4413477133041328,0.4058298171106162,1977371446.0,12.18,12.24,12.12,12.19,6143231.0,74797436.0,12.16,0.24671052631577428,10.0,13.38,False,False,True,77.79864472410455
532,603686.SH,福龙马,0.07122736418511064,28.024369016536134,1.0935270207980066,2.1762119750869218,0.7897692876659171,1.458193331357221,415430404.0,13.38,13.54,13.17,13.29,13183010.0,175776902.0,13.26,0.2262443438914019,10.0,14.59,False,False,True,77.78315585672799
533,603811.SH,诚意药业,0.12727272727272723,17.130307467057104,1.3972598924095663,1.403364655516042,1.1444351762884541,0.5174263842727527,458226048.0,7.25,7.3,7.18,7.23,3327353.0,24042944.0,7.25,-0.27586206896551557,10.0,7.98,False,False,True,77.76960309777348
534,603613.SH,国联股份,0.129798903107861,24.34017595307918,1.5680760848591286,1.200070071825635,0.7931890401793403,0.9473746008950789,720537813.0,19.2,19.41,18.83,18.91,8191909.0,155871723.0,19.18,-1.4077163712200136,10.0,21.1,False,False,True,77.76573088092934
535,600679.SH,上海凤凰,0.2663690476190477,22.44655581947743,1.1003774515307123,0.7972496467987195,0.9047865401795406,0.977007692690188,343694257.0,10.25,10.35,10.03,10.04,2677100.0,27174512.0,10.21,-1.66503428011755,10.0,11.23,False,False,True,77.75024201355276
536,000568.SZ,泸州老窖,0.1253353204172876,26.408298516063965,1.4944285747831703,0.7151255435045444,0.9905521943190684,1.0689931796863832,1471060137.0,77.84,77.99,75.75,76.0,11245730.0,860761601.0,77.82,-2.338730403495237,10.0,85.6,False,False,True,77.73281703775412
537,600278.SH,东方创业,0.24633431085043977,17.48251748251748,1.3926128456637665,0.6427955286040896,1.001126747690108,0.8073398814394347,860518657.0,6.56,6.61,6.5,6.51,4465700.0,29250366.0,6.56,-0.7621951219512146,10.0,7.22,False,False,True,77.69990319457891
538,001914.SZ,招商积余,0.21573033707865166,20.304568527918796,1.1197109204395985,0.8677375096043425,1.1936501106671313,0.9484840366496962,1053719483.0,8.83,9.07,8.79,8.91,8672482.0,77611865.0,8.84,0.7918552036199067,10.0,9.72,False,False,True,77.69022265246853
539,600731.SH,湖南海利,0.28052805280528037,20.07952286282306,1.0702200978903769,1.222155198560762,0.7925396826346947,1.1169370739145856,541682665.0,5.91,5.93,5.78,5.79,7394350.0,43174209.0,5.88,-1.5306122448979553,10.0,6.47,False,False,True,77.67666989351403
540,600699.SH,均胜电子,0.0432715168806467,36.93790149892933,1.1639730754529276,1.5843493791593242,0.6545867136317622,0.9887380813551722,1395670563.0,19.77,19.93,19.42,19.52,21863271.0,429219590.0,19.59,-0.35732516590096797,10.0,21.55,False,False,True,77.67086156824782
541,603628.SH,清源股份,0.1518987341772152,22.29885057471266,1.3846358450968388,1.4648571833029524,0.839988357593789,1.2581170956606589,272173673.0,10.1,10.15,9.91,9.92,5016057.0,50243823.0,10.02,-0.9980039920159611,10.0,11.02,False,False,True,77.66311713455954
542,002960.SZ,青鸟智控,0.29223744292237425,26.739427012278295,1.0864054405182726,0.8975991770263154,0.598598080803949,0.5657241328570712,968448955.0,8.6,8.7,8.6,8.63,4917721.0,42582579.0,8.61,0.23228803716610624,10.0,9.47,False,False,True,77.63407550822846
543,002383.SZ,合众思壮,0.12163616792249729,22.006472491909392,1.4397209479739115,1.4469578025256191,0.904240871232061,0.712982454882621,740360304.9999999,7.33,7.38,7.19,7.2,7637968.0,55423903.0,7.31,-1.5047879616962967,10.0,8.04,False,False,True,77.56631171345595
544,601968.SH,宝钢包装,0.33206106870229013,25.526315789473685,1.085047776187894,0.5675968948426191,0.7082529696845214,1.0596046729056887,1275779460.0,4.66,4.72,4.64,4.68,7672899.0,35953961.0,4.67,0.21413276231263545,10.0,5.14,False,False,True,77.55275895450146
545,600020.SH,中原高速,0.3448275862068966,13.636363636363647,0.759023447347783,0.6820058404113645,1.1706301257098621,0.9429897996778884,2247371832.0,3.92,3.97,3.89,3.91,14453400.0,56913841.0,3.92,-0.25510204081632404,10.0,4.31,False,False,True,77.51597289448209
546,600981.SH,苏豪汇鸿,0.18461538461538476,35.2112676056338,1.066457701732714,0.729608585815112,0.7871307398600296,0.761610619644168,2242433192.0,2.5,2.52,2.45,2.47,12460700.0,30900962.0,2.49,-0.8032128514056214,10.0,2.74,False,False,True,77.51403678606003
547,600805.SH,悦达投资,0.3298969072164949,19.59287531806615,1.1284427207272725,0.8515532346927824,0.7985415366538423,0.7691959864802487,850275368.0,4.57,4.59,4.51,4.53,5569400.0,25474688.0,4.57,-0.8752735229759279,10.0,5.03,False,False,True,77.50435624394964
548,002095.SZ,生 意 宝,0.2703296703296703,21.34831460674156,1.1539126007201115,0.973637611599115,0.8519600386014483,0.9396147544415174,251708415.0,15.05,15.05,14.6,14.68,2302740.0,34054904.0,14.92,-1.608579088471851,10.0,16.41,False,False,True,77.45788964181995
549,600708.SH,光明地产,0.1326530612244897,34.30656934306568,1.4982314668074797,0.7752657095139756,0.6446338496998358,0.6256860908349037,2225277771.0,3.02,3.05,2.99,3.0,10794221.0,32534256.0,3.0,0.0,10.0,3.3,False,False,True,77.45788964181995
550,300888.SZ,稳健医疗,0.22468544038346314,20.26500389711614,1.3579091755362365,0.6000841955335375,1.0651426600930984,0.5864492409360119,580360952.0,29.28,29.46,29.07,29.08,2042400.0,59735777.0,29.41,-1.122067324039444,20.0,35.29,False,False,True,77.38818973862536
551,002555.SZ,三七互娱,0.08668730650154781,20.9288653733098,1.3858362196961047,2.105127219509699,0.8663112021779605,0.6430362973518946,1633762624.0,18.24,18.65,18.2,18.3,22115807.0,406759461.0,18.13,0.9376723662438025,10.0,19.94,False,False,True,77.29719264278799
552,688236.SH,春立医疗,0.05427323767935127,22.65446224256291,1.787044944359224,0.8152643293993597,1.0847973176363885,0.7296083532437381,288428000.0,14.05,14.21,14.01,14.05,1715638.0,24214903.0,13.98,0.5007153075822668,20.0,16.78,False,False,True,77.27783155856727
553,000617.SZ,中油资本,0.14917127071823197,19.999999999999996,1.6163351409710809,0.8633310879323546,1.0396156831975512,0.8464015188638919,12642079079.0,7.27,7.36,7.17,7.19,92378800.0,670482999.0,7.31,-1.641586867305056,10.0,8.04,False,False,True,77.25169409486931
554,002926.SZ,,0.39575971731448734,16.621983914209103,0.9492822846981352,0.6072002399999951,0.9440421334384282,0.9706290159380889,2625000000.0,8.52,8.62,8.49,8.52,15470862.0,133630874.0,8.52,0.0,10.0,9.37,False,False,True,77.23039690222652
555,600928.SH,西安银行,0.3149606299212599,18.670886075949355,1.0434218705575222,0.5760766088309731,1.0639777089143654,1.4594072333225312,4423354066.0,3.56,3.65,3.54,3.55,37188481.0,133705164.0,3.56,-0.2808988764045006,10.0,3.92,False,False,True,77.21006776379478
556,301102.SZ,兆讯传媒,0.21266233766233744,21.811680572109648,1.5094445524231133,0.5497534236453151,0.9276338820104811,1.004704796225482,406000000.0,9.71,9.86,9.45,9.53,2242500.0,21640233.0,9.7,-1.7525773195876337,20.0,11.64,False,False,True,77.18683446272992
557,300384.SZ,三联虹普,0.15563298490127778,21.130676552363315,1.2458056523752226,1.5235390627146077,0.999173590609754,0.8080168013885022,220381842.0,12.27,12.29,11.82,11.9,2713000.0,32578094.0,12.13,-1.8961253091508645,20.0,14.56,False,False,True,77.17715392061955
558,605268.SH,王力安防,0.13897596656217348,19.952774498229033,1.6792758738885685,0.9817729429122618,0.9774575305935661,0.7804262123605038,440550000.0,9.81,9.94,9.66,9.68,3375500.0,32978489.0,9.8,-1.224489795918382,10.0,10.78,False,False,True,77.14036786060021
559,301267.SZ,华厦眼科,0.09420289855072458,20.139860139860133,1.6614449150667787,0.8399767416907304,1.2806551611563413,0.5477871154013507,648444383.0,15.09,15.14,14.96,14.97,2983677.0,44887748.0,15.08,-0.7294429708222805,20.0,18.1,False,False,True,77.13262342691192
560,600292.SH,电投水电,0.08381502890173413,30.73593073593073,1.1679935707724125,2.2167415029484445,0.6152872488555357,0.6390983408284525,439283583.0,12.13,12.18,12.03,12.07,6223400.0,75208959.0,12.13,-0.4946413849958864,10.0,13.34,False,False,True,77.1055179090029
561,601330.SH,绿色动力,0.2628676470588235,25.449101796407202,1.2004025423818347,1.216159171392881,0.5399319659020216,1.6745237662572388,989095351.0,7.84,7.94,7.78,7.9,20142800.0,158878787.0,7.81,1.1523687580025754,10.0,8.59,False,False,True,77.10358180058083
562,000905.SZ,厦门港务,0.14223669923995663,20.694259012016005,1.5718312366546843,1.323837598930921,0.866295771795826,1.0386815235265152,741808097.0,8.81,8.97,8.77,8.86,10200200.0,91653754.0,8.8,0.6818181818181612,10.0,9.68,False,False,True,77.0997095837367
563,002801.SZ,微光股份,0.20116618075801737,27.44391025641024,1.383975789239125,1.0375035297104416,0.6967388095924324,1.16176848927856,115802700.0,27.72,28.35,27.67,28.0,1395815.0,39104006.0,27.72,1.0101010101010166,10.0,30.49,False,False,True,77.09777347531461
564,000899.SZ,赣能股份,0.10044313146233376,39.24324324324324,1.268413335374393,1.1950068637415645,0.5017167424912942,0.4805417272950596,975677760.0,9.37,9.44,9.33,9.4,5602836.0,52659236.0,9.37,0.32017075773747017,10.0,10.31,False,False,True,77.09390125847048
565,688739.SH,成大生物,0.16826411075612335,17.927022739291388,1.5073396288203895,0.6527464161363861,1.4923696169244431,0.6188832545122891,416450000.0,20.45,20.62,20.3,20.41,1682349.0,34393188.0,20.49,-0.3904343582235126,20.0,24.59,False,False,True,77.05905130687317
566,601601.SH,中国太保,0.2916666666666666,23.490427098674527,1.0175068636998914,0.6149489185233826,0.9543822969924386,1.8060687001323938,6845041455.0,32.75,34.48,32.74,34.04,76023768.0,2585118166.0,32.83,3.6856533658239377,10.0,36.11,False,False,True,77.05517909002904
567,002337.SZ,赛象科技,0.18599033816425112,27.29528535980148,1.2365044515514467,1.1375903121373911,0.8327683103602379,1.0649987986312277,587817585.0,4.82,4.87,4.73,4.75,7121600.0,34028666.0,4.8,-1.041666666666663,10.0,5.28,False,False,True,77.05324298160697
568,688357.SH,建龙微纳,0.20063694267515925,36.111111111111114,1.2719172374883112,0.626049602800317,0.5167122332867975,0.9995666676165019,100059875.0,26.59,26.92,26.32,26.52,626153.0,16657655.0,26.46,0.22675736961450532,20.0,31.75,False,False,True,77.04549854791868
569,002777.SZ,久远银海,0.1170651277823578,18.610634648370493,1.321750111898904,1.7277925115852841,1.0934023702913143,0.6761386994505781,404511491.0,13.1,13.18,12.82,12.85,4725614.0,61304622.0,13.08,-1.7584097859327241,10.0,14.39,False,False,True,77.0377541142304
570,000819.SZ,岳阳兴长,0.17887725975261645,34.60438512869399,0.9248139693851517,1.1462193418412876,0.7551839100963574,0.74929805447916,366020106.0,12.37,12.53,12.3,12.33,3143600.0,39054322.0,12.37,-0.3233629749393674,10.0,13.61,False,False,True,77.03388189738625
571,600866.SH,星湖科技,0.09729729729729727,21.57360406091371,1.4900492847102453,1.3340627065742692,1.041187485073944,0.8489071295776194,1661472616.0,4.3,4.33,4.26,4.28,18816100.0,80752314.0,4.3,-0.46511627906975495,10.0,4.73,False,False,True,77.00193610842207
572,688100.SH,威胜信息,0.04210974053594224,29.955947136563886,1.4357554698054327,0.837327574499267,1.1453576467982964,0.6703700694062232,491685175.0,25.96,26.17,25.31,25.67,2759924.0,71008160.0,25.96,-1.1171032357472965,20.0,31.15,False,False,True,77.00096805421104
573,601995.SH,中金公司,0.3096385542168676,23.76364804110469,0.9087014637062829,0.6237943770024423,0.9365771650860049,1.025002484866755,2923542440.0,33.72,34.11,33.6,33.68,18692861.0,632298691.0,33.71,-0.0889943636902979,10.0,37.08,False,False,True,76.91965150048402
574,600728.SH,佳都科技,0.20111731843575412,25.798525798525795,1.2239697632304458,1.204386697009171,0.8314474958530795,0.7611754150473882,2132599261.0,4.81,4.82,4.71,4.72,19550594.0,92944551.0,4.79,-1.4613778705636848,10.0,5.27,False,False,True,76.90416263310746
575,600056.SH,中国医药,0.1901234567901234,18.554216867469876,1.2152331220085062,1.2342410544633133,1.2091167657310298,0.45836958947305945,1495351478.0,9.08,9.11,9.03,9.05,8459780.0,76670284.0,9.07,-0.22050716648290836,10.0,9.98,False,False,True,76.87318489835431
576,000993.SZ,闽东电力,0.15491183879093207,34.883720930232556,1.0619827262736332,1.557251215633756,0.3797553207818648,3.6787023786143154,457951455.0,10.3,11.05,10.25,10.49,26234499.0,277434229.0,10.26,2.2417153996101336,10.0,11.29,False,False,True,76.87318489835431
577,603136.SH,天目湖,0.25836431226765805,17.755856966707782,1.0255734653145532,1.2837045622034138,0.9951483906960886,1.9947866970424661,270126710.0,9.6,9.78,9.29,9.29,6917180.0,65792657.0,9.5,-2.210526315789485,10.0,10.45,False,False,True,76.85382381413359
578,300443.SZ,金雷股份,0.05214723926380356,30.631637786472886,1.5084547956651218,1.7506994744508761,0.536492126901665,0.6548864998894259,242106770.0,18.8,18.9,18.52,18.66,2775777.0,51920343.0,18.74,-0.4268943436499417,20.0,22.49,False,False,True,76.8460793804453
579,603833.SH,欧派家居,0.06508688783570296,24.402907580477674,1.5529573554205007,0.8006922379493482,1.4362400191956293,0.7795853005873695,605727207.0,30.95,31.69,30.9,30.95,3791418.0,118530659.0,30.95,0.0,10.0,34.05,False,False,True,76.83639883833494
580,600477.SH,杭萧钢构,0.1330645161290321,19.819819819819816,1.376151477787066,1.5269052417282913,1.0445773469228992,1.7663027654127486,2358968436.0,2.56,2.6,2.48,2.48,63620835.0,159955031.0,2.55,-2.7450980392156765,10.0,2.81,False,False,True,76.80154888673765
581,688101.SH,三达膜,0.06691919191919184,37.80918727915194,1.4432259400691105,0.8739311600801837,0.7653749980381302,0.7172745776586357,332012066.0,14.82,14.82,14.46,14.67,2081213.0,30391792.0,14.68,-0.06811989100817817,20.0,17.62,False,False,True,76.78799612778316
582,603609.SH,禾丰股份,0.27927927927927937,21.942446043165486,1.285454682830617,0.36787058564323694,0.963205552256962,0.8867241008131542,904016733.0,6.5,6.54,6.41,6.42,2948900.0,19042614.0,6.49,-1.078582434514641,10.0,7.14,False,False,True,76.77250726040657
583,601019.SH,山东出版,0.21993127147766334,21.077654516640255,1.2710032633018848,0.529099058411993,1.306697182548138,0.7492290014328095,2086900000.0,6.94,7.06,6.92,6.97,8272813.0,57918052.0,6.95,0.2877697841726645,10.0,7.65,False,False,True,76.75701839303
584,001308.SZ,康冠科技,0.23848238482384848,32.12307692307692,1.0651393664682753,0.411713774603937,0.864532126611786,0.6925881281634733,527325325.0,18.08,18.14,17.79,17.79,1503658.0,27498572.0,18.01,-1.2215435868961788,10.0,19.81,False,False,True,76.7512100677638
585,600582.SH,天地科技,0.27683615819209045,26.54028436018958,0.8743027008395832,0.5741943358021214,0.977446220451802,0.8227395637089975,4138588892.0,4.71,4.78,4.68,4.71,19551207.0,92548687.0,4.71,0.0,10.0,5.18,False,False,True,76.72410454985479
586,688366.SH,昊海生科,0.09005083514887438,22.295321637426913,1.7426340955532058,0.44944391281391843,1.4213598965459078,0.38993790375957005,194051855.0,29.97,30.06,29.65,29.84,340086.0,10250940.0,29.84,0.0,20.0,35.81,False,False,True,76.7163601161665
587,600361.SH,创新新材,0.19047619047619035,29.552238805970134,1.2252461462422448,1.146481345823038,0.7718010852720196,0.8591778051479959,3732662913.0,3.68,3.72,3.65,3.66,36767899.0,135637212.0,3.67,-0.27247956403269047,10.0,4.04,False,False,True,76.70667957405614
588,688566.SH,吉贝尔,0.16991150442477868,22.524101665205954,1.2436885056726277,1.152787875284445,1.1359725389917454,0.48577667754407844,201101625.0,25.68,26.01,25.54,25.62,1126164.0,29033825.0,25.7,-0.3112840466926059,20.0,30.84,False,False,True,76.67763794772509
589,603706.SH,东方环宇,0.13191489361702172,27.503015681544053,1.4173815683222935,0.8209146796787326,1.048540163215755,0.8942775977289078,189382714.0,17.49,17.63,17.41,17.45,1390307.0,24330298.0,17.51,-0.34266133637922414,10.0,19.26,False,False,True,76.67763794772507
590,000599.SZ,青岛双星,0.1508120649651971,23.54368932038835,1.6592032532677572,1.272317907613899,0.7313233129361749,0.557519962974939,816742112.0,4.79,4.82,4.7,4.71,5793500.0,27514773.0,4.77,-1.2578616352201144,10.0,5.25,False,False,True,76.64085188770571
591,002120.SZ,韵达股份,0.3774509803921571,17.19008264462809,0.7345264097083583,1.0196169479585888,0.9024373869832709,0.9908218051014939,2815129913.0,6.83,6.88,6.75,6.81,28440095.0,193752754.0,6.82,-0.14662756598241566,10.0,7.5,False,False,True,76.61568247821877
592,002593.SZ,日上集团,0.2015915119363396,20.519480519480517,1.00017099085012,1.9747526963346573,0.863491102633714,0.767497125770312,560504329.0,4.62,4.67,4.53,4.55,8495099.0,38971181.0,4.61,-1.3015184381778844,10.0,5.07,False,False,True,76.58857696030978
593,688219.SH,会通股份,0.16883116883116867,37.512742099898055,1.1484703751483702,0.890554720113622,0.7254289446262284,0.8587747174821956,548633400.0,10.59,10.63,10.42,10.51,4202590.0,44170105.0,10.54,-0.2846299810246644,20.0,12.65,False,False,True,76.57696030977735
594,300228.SZ,富瑞特装,0.08333333333333325,26.331811263318116,1.3922622855230737,2.3329838540787775,0.6204474039526809,1.2021374921417671,560382333.0,7.11,7.12,6.92,6.96,15716300.0,109872731.0,7.1,-1.9718309859154903,20.0,8.52,False,False,True,76.56727976766697
595,002358.SZ,森源电气,0.12847965738758022,29.387755102040813,1.4409830459304067,1.535671103633624,0.6219381524355051,0.7726367836385145,929755702.0,5.4,5.49,5.34,5.37,11031700.0,59615100.0,5.39,-0.37105751391465214,10.0,5.93,False,False,True,76.55179090029041
596,000959.SZ,首钢股份,0.2140221402214022,31.92182410423452,1.244881787744204,0.42426975799917854,0.848595534453868,0.9129399034601916,7451607404.0,3.65,3.73,3.63,3.7,28862519.0,106200927.0,3.65,1.3698630136986356,10.0,4.02,False,False,True,76.54598257502421
597,600798.SH,宁波海运,0.15697674418604654,22.33333333333334,1.2799207883515828,1.603561741885504,0.9241491949438024,1.4757709900594318,1206534201.0,3.26,3.38,3.26,3.33,28552510.0,95273863.0,3.27,1.8348623853211121,10.0,3.6,False,False,True,76.53823814133591
598,000999.SZ,华润三九,0.3060240963855422,22.4537037037037,1.1133998366481164,0.6226718975634465,0.9218070663304375,1.4026419706513595,1662560811.0,24.16,24.88,24.12,24.82,14520569.0,358287284.0,24.14,2.8169014084507005,10.0,26.55,False,False,True,76.53436592449177
599,603325.SH,博隆技术,0.1779681180109445,22.9487713452728,1.4909125056442054,1.2810715497671334,0.795006149838198,0.6451078843030409,34183200.0,55.86,56.37,54.55,54.81,282500.0,15552105.0,55.5,-1.2432432432432416,10.0,61.05,False,False,True,76.52274927395935
600,002311.SZ,海大集团,0.22436391673091746,24.181547619047628,1.363217010691979,0.5649050609724746,0.9830283346119033,1.26382325322917,1654870556.0,46.01,46.05,43.86,43.93,11812515.0,528457413.0,46.14,-4.789770264412663,10.0,50.75,False,False,True,76.50145208131654
601,600106.SH,重庆路桥,0.19018404907975464,29.499999999999993,1.3270699775452752,0.900377734938449,0.8173176358203442,1.2433880525978669,1329025062.0,4.63,4.67,4.53,4.57,14878687.0,68379640.0,4.62,-1.0822510822510734,10.0,5.08,False,False,True,76.48402710551791
602,300389.SZ,艾比森,0.15106580166821124,22.123104371097213,1.515870593437403,1.7221479200908365,0.7255438193970181,0.6990428403290058,274518071.0,12.87,13.03,12.74,12.8,3304800.0,42532791.0,12.84,-0.31152647975076775,20.0,15.41,False,False,True,76.44143272023233
603,603535.SH,嘉诚国际,0.1032531824611032,22.31985940246044,1.5672330033793358,0.9800663229677656,1.1970448354664687,0.5382500104596484,510918331.00000006,6.44,6.48,6.35,6.36,2695200.0,17304091.0,6.42,-0.9345794392523255,10.0,7.06,False,False,True,76.44143272023233
604,300796.SZ,贝斯美,0.22549019607843143,22.44556113902847,1.3088660350685155,1.173212833784291,0.8338531319845665,1.1035608640466226,360418057.0,7.14,7.19,6.82,6.96,4666375.0,32730973.0,7.12,-2.2471910112359605,20.0,8.54,False,False,True,76.4375605033882
605,688472.SH,阿特斯,0.0,30.612244897959172,1.7873595174612817,1.1042450787849318,0.7587197755608077,0.7678133677016071,3643140112.0,8.86,8.91,8.69,8.71,30888514.0,270952048.0,8.82,-1.2471655328798126,20.0,10.58,False,False,True,76.38334946757018
606,688065.SH,凯赛生物,0.11196443007275679,24.023154848046314,1.6838156684961008,0.908486400873922,0.9918613867056132,0.5500972502335724,583378039.0,42.1,42.5,41.87,42.42,2915466.0,122910990.0,41.88,1.2893982808023008,20.0,50.26,False,False,True,76.3407550822846
607,605108.SH,同庆楼,0.1689630166787526,21.897810218978098,1.2819471448167234,1.150933307692303,1.1673662323476632,1.6248351755728945,260000000.0,13.36,13.75,12.97,13.01,4862200.0,64591251.0,13.29,-2.1068472535741067,10.0,14.62,False,False,True,76.33881897386253
608,603858.SH,步长制药,0.18918918918918923,18.84476534296029,1.4874890072449198,0.6862796819781896,1.2825158617947188,0.5956133615474893,1054568442.0,14.83,14.94,14.76,14.85,4310626.0,63998443.0,14.83,0.13486176668913163,10.0,16.31,False,False,True,76.32720232333011
609,603909.SH,建发合诚,0.2850812407680945,27.341772151898724,1.2592726573175845,0.746051108296001,0.6847154534232694,0.8999242243823173,260673140.0,9.88,9.99,9.61,9.64,1750132.0,17142887.0,9.83,-1.9328585961342792,10.0,10.81,False,False,True,76.29816069699903
610,301339.SZ,通行宝,0.1895424836601307,23.713420787083738,1.2761894388472093,0.8319078008646081,1.1758839720882208,0.7258999857985028,573237742.0,11.07,11.22,10.95,10.96,3460440.0,38248704.0,11.07,-0.9936766034326916,20.0,13.28,False,False,True,76.28848015488867
611,688468.SH,科美诊断,0.30491803278688506,19.272727272727263,1.2650733432267571,0.7128741137050314,0.9295429972075303,0.8945703236324354,401108000.0,6.49,6.5,6.28,6.34,2557930.0,16302354.0,6.43,-1.3996889580093264,20.0,7.72,False,False,True,76.26331074540174
612,002381.SZ,双箭股份,0.30041152263374493,17.17791411042946,1.1508922143461402,1.3424057647429575,0.8187884082094342,1.0004389874830157,322026500.0,5.64,5.69,5.53,5.55,4324800.0,24146870.0,5.62,-1.245551601423489,10.0,6.18,False,False,True,76.26137463697968
613,300678.SZ,中科信息,0.12556561085972864,19.546332046332047,1.5055215646693745,1.6891257498858496,0.9193650351551254,0.7485401565917775,292736719.0,22.99,23.13,22.47,22.53,3701300.0,84132627.0,22.94,-1.7872711421098475,20.0,27.53,False,False,True,76.24201355275896
614,301370.SZ,国科恒泰,0.17786561264822126,19.01140684410647,1.34404216527274,1.0159474075648056,1.4107072806185805,0.5307296087876958,470600000.0,8.8,8.87,8.62,8.69,2537444.0,22107866.0,8.79,-1.1376564277588153,20.0,10.55,False,False,True,76.22071636011616
615,301187.SZ,欧圣电气,0.11496746203904552,35.8669833729216,1.2997667975302458,0.7652755164311895,0.9090101056317849,0.8070724331712571,254933525.0,14.74,14.86,14.45,14.45,1574553.0,23008719.0,14.75,-2.033898305084747,20.0,17.7,False,False,True,76.2052274927396
616,300217.SZ,东方电热,0.13962264150943404,31.45780051150895,1.263704026514421,1.655567094259756,0.6406616352811759,0.7418108234014087,1241414188.0,4.29,4.31,4.22,4.23,15246026.0,64965260.0,4.28,-1.1682242990654124,20.0,5.14,False,False,True,76.18393030009682
617,300388.SZ,节能国祯,0.2067415730337078,19.01639344262296,1.3416455711599633,1.0115468889329373,1.1390840830500462,0.5403929112840696,681042231.0,7.02,7.05,6.95,6.96,3722800.0,26008572.0,7.02,-0.8547008547008517,20.0,8.42,False,False,True,76.17812197483059
618,600748.SH,上实发展,0.11632653061224497,28.48484848484849,1.5952869909816698,0.8291319757288012,0.9122038043133843,0.6376454029110995,1844562892.0,3.88,3.89,3.8,3.81,9752060.0,37382138.0,3.87,-1.5503875968992276,10.0,4.26,False,False,True,76.17231364956437
619,605369.SH,拱东医疗,0.21011673151750984,31.457627118644083,1.2268478023644178,0.659922730182208,0.8456309103300078,2.160106771996432,219803029.0,16.45,17.28,16.37,16.46,3133300.0,52789826.0,16.37,0.5497861942577842,10.0,18.01,False,False,True,76.15295256534365
620,603856.SH,东宏股份,0.2549999999999999,29.60222016651248,0.8147111855816036,1.2013536067971686,0.7414397011039024,0.8042518871934913,282056060.0,11.87,11.92,11.75,11.77,2725200.0,32207063.0,11.77,0.0,10.0,12.95,False,False,True,76.14714424007745
621,600587.SH,新华医疗,0.2422680412371134,18.849557522123895,1.1689301677736352,1.087107452110309,1.0944347173389626,0.5637223226309521,606644549.0,12.8,12.8,12.53,12.6,3717680.0,47002744.0,12.71,-0.8654602675059131,10.0,13.98,False,False,True,76.13746369796708
622,301009.SZ,可靠股份,0.19067796610169502,18.956743002544528,1.1876912553645307,1.812022870615148,0.9490490139897545,0.9449423261217501,151035028.0,9.22,9.38,9.01,9.04,2586108.0,23653542.0,9.21,-1.8458197611292304,20.0,11.05,False,False,True,76.12003872216845
623,600055.SH,万东医疗,0.1303867403314917,25.534079348931837,1.632443076187674,0.8147045672383083,0.9794999016715831,0.8165163578984864,703061058.0,11.01,11.23,10.98,11.03,4676900.0,51799794.0,11.01,0.18165304268846771,10.0,12.11,False,False,True,76.09293320425944
624,601016.SH,节能风电,0.12286689419795217,32.187500000000014,1.2200650084424445,1.9796885465600347,0.41099900251016436,0.5349819345317716,6038256955.0,3.3,3.33,3.28,3.3,63951035.0,212030229.0,3.3,0.0,10.0,3.63,False,False,True,76.054211035818
625,600028.SH,中国石化,0.2857142857142857,26.86230248306998,1.1108879244848333,0.25164175833542995,0.9439525419224097,0.7992374747365492,94752475375.0,5.42,5.53,5.41,5.45,190567622.0,1042079931.0,5.43,0.36832412523020164,10.0,5.97,False,False,True,76.05033881897387
626,688223.SH,晶科能源,0.02264808362369336,38.01020408163267,1.748726796476977,0.796727412636097,0.6111499139138391,0.6240258630861154,10269412261.0,4.07,4.09,4.01,4.01,51057311.0,206183317.0,4.05,-0.987654320987652,20.0,4.86,False,False,True,76.04065827686351
627,603968.SH,醋化股份,0.25137211855104274,30.787037037037045,1.2027342044183178,1.0088986697965514,0.5299244798356023,1.0558430554397584,204480000.0,10.98,11.03,10.68,10.69,2178200.0,23515537.0,10.93,-2.1957913998170153,10.0,12.02,False,False,True,76.03872216844144
628,000910.SZ,大亚圣象,0.20111731843575437,27.0440251572327,1.272562056788418,0.7940162009885555,0.9927349944047591,1.0355027934629106,547235125.0,5.54,5.54,5.33,5.34,4499400.0,24361586.0,5.49,-2.732240437158473,10.0,6.04,False,False,True,76.02516940948692
629,002405.SZ,四维图新,0.06747404844290651,39.99999999999999,1.0941681686891573,1.5957729261678568,0.6798878724337785,0.823254275774234,2355762401.0,6.34,6.39,6.23,6.25,30948284.0,195069728.0,6.34,-1.4195583596214534,10.0,6.97,False,False,True,76.00096805421103
630,002441.SZ,众业达,0.2842105263157894,21.92737430167597,1.1381571170052744,1.3299955357657425,0.737609857841883,0.9056282405562347,398964279.0,8.24,8.35,8.2,8.2,4805451.0,40672046.0,8.24,-0.4854368932038944,10.0,9.06,False,False,True,75.98257502420135
631,601136.SH,首创证券,0.17135325131810203,21.16843702579667,1.5033018294656677,0.5361417163904335,1.4917603499511256,2.7874570839134507,2733333800.0,15.13,15.83,15.08,15.14,40848909.0,628781602.0,15.13,0.06609385327165374,10.0,16.64,False,False,True,75.98063891577928
632,600516.SH,方大炭素,0.1591836734693876,37.8048780487805,1.0188488581825976,1.133144452890315,0.7591900740604588,0.7829184152386438,4025970368.0,5.22,5.27,5.18,5.21,35716785.0,186165318.0,5.22,-0.19157088122604415,10.0,5.74,False,False,True,75.92836398838335
633,600612.SH,老凤祥,0.11987127916331472,21.661721068249264,1.4987540718489334,0.8231115214003385,1.8783516460978644,0.3865532072118481,317109630.0,33.32,33.58,33.14,33.17,1008968.0,33659534.0,33.31,-0.42029420594416056,10.0,36.64,False,False,True,75.92836398838334
634,600016.SH,民生银行,0.3963963963963966,16.393442622950815,0.9497941021125328,0.6339911426047365,1.0442695034109066,1.279021029209281,35462123213.0,3.5,3.53,3.47,3.48,287558103.0,1041190389.0,3.49,-0.2865329512894088,10.0,3.84,False,False,True,75.918683446273
635,000605.SZ,渤海股份,0.3186440677966103,20.857699805068243,1.1723218359844063,1.103759939499556,0.7680673660922661,1.1410905680811891,352658600.0,6.08,6.14,5.91,5.92,4441700.0,26675589.0,6.07,-2.471169686985175,10.0,6.68,False,False,True,75.91674733785092
636,600586.SH,金晶科技,0.10189573459715634,39.733333333333334,1.4592995109891427,1.009252195154334,0.41502653467898587,0.6953336195111055,1417337700.0,4.19,4.24,4.15,4.16,9946408.0,41608221.0,4.18,-0.4784688995215225,10.0,4.6,False,False,True,75.88770571151984
637,603877.SH,太平鸟,0.24143556280587286,23.39130434782608,1.379397711788497,0.4135568859999215,1.0382859817583652,0.8524823718897416,469323560.0,13.1,13.14,12.67,12.67,1654600.0,21305711.0,12.98,-2.3882896764252703,10.0,14.28,False,False,True,75.87415295256534
638,300474.SZ,景嘉微,0.06629986244841825,36.27471383975027,1.2838741088138557,1.605405167063646,0.6842726505779068,0.5567649675625593,406479684.0,50.53,50.86,50.01,50.42,3633251.0,183198248.0,50.46,-0.07927070947284509,20.0,60.55,False,False,True,75.8431752178122
639,603982.SH,泉峰汽车,0.24803149606299227,27.84313725490195,1.1456305890007363,1.1938948875303705,0.7136276515386895,1.0587979027519452,339553548.0,6.4,6.45,6.27,6.27,4292274.0,27183608.0,6.36,-1.4150943396226578,10.0,7.0,False,False,True,75.82575024201356
640,300507.SZ,苏奥传感,0.18126272912423635,34.14211438474872,1.35786433454674,0.9192490532609319,0.6756311119252153,1.0519778910672088,778347148.0,6.66,6.72,6.52,6.59,7519821.0,49679668.0,6.66,-1.0510510510510551,20.0,7.99,False,False,True,75.81800580832528
641,600390.SH,五矿资本,0.2989690721649481,16.40449438202245,1.2011363414172789,0.7944047252247819,1.1316638861610788,0.8557073019253936,4498065459.0,5.03,5.08,5.0,5.01,30576856.0,153968688.0,5.02,-0.19920318725099584,10.0,5.52,False,False,True,75.81026137463698
642,000409.SZ,云鼎科技,0.2173252279635259,24.35897435897436,1.2172349070215858,1.0369270000663522,0.9852557454966968,1.0618451298699734,590473934.0,9.23,9.29,9.04,9.05,6501448.0,59319975.0,9.23,-1.950162513542797,10.0,10.15,False,False,True,75.77347531461761
643,300425.SZ,中建环能,0.25945945945945925,15.846994535519121,1.081758879367048,1.3366288583043724,1.0843926435336133,0.7569370413812725,680738380.9999999,4.15,4.18,4.06,4.08,6887329.0,28271016.0,4.14,-1.449275362318836,20.0,4.97,False,False,True,75.7463697967086
644,600575.SH,淮河能源,0.1911764705882351,35.66666666666667,1.1437501177454368,1.0921885184777163,0.656648841277785,0.8385578471559835,3886261065.0,3.26,3.32,3.25,3.29,35592837.0,117067743.0,3.26,0.920245398773023,10.0,3.59,False,False,True,75.73862536302033
645,300150.SZ,世纪瑞尔,0.24770642201834875,24.23398328690809,1.3616152917641333,1.271529591546301,0.6592364144099074,1.0326148830066113,463663232.0,4.43,4.47,4.28,4.29,6087900.0,26450253.0,4.4,-2.500000000000002,20.0,5.28,False,False,True,75.70183930300097
646,600195.SH,中牧股份,0.31999999999999995,21.891418563922937,1.210761132663523,0.701672443725258,0.8775814454971645,0.7573722515962913,1021148260.0,6.73,6.83,6.68,6.73,5426660.0,36593132.0,6.75,-0.2962962962962945,10.0,7.43,False,False,True,75.68635043562439
647,603111.SH,康尼机电,0.32377049180327866,15.427509293680309,1.2108091080300447,0.7563656979236015,1.0796415698838606,1.0844385753737669,837595196.0,6.18,6.22,6.11,6.13,6870225.0,43527531.0,6.17,-0.648298217179899,10.0,6.79,False,False,True,75.68054211035819
648,601112.SH,振石股份,0.0891449363250454,35.58368495077355,1.0655664154158344,2.2386334844600295,0.4694889767484564,0.8198672389281897,182738500.0,15.73,15.77,15.45,15.52,3353950.0,52196406.0,15.69,-1.08349267049076,10.0,17.26,False,False,True,75.63988383349468
649,688208.SH,道通科技,0.1417322834645669,29.307359307359306,1.4709666163349149,1.3208737979021734,0.7536583688034738,0.6080596958308101,670186410.9999999,25.89,26.2,25.62,25.87,5382737.0,139680098.0,25.8,0.2713178294573737,20.0,30.96,False,False,True,75.60696999031946
650,300732.SZ,设研院,0.20250000000000007,22.59887005649719,1.1108194699343936,1.5979200210911224,0.9325012928473898,1.0572203030626073,370248562.0,6.11,6.16,5.96,5.97,6254807.0,37724064.0,6.12,-2.450980392156865,20.0,7.34,False,False,True,75.60116166505324
651,603014.SH,威高血净,0.10331905781584581,28.696826468602275,0.9392364015856419,1.5720938119630428,1.2116788617747252,0.47071726499103644,101484882.0,31.29,31.58,31.19,31.29,751000.0,23673125.0,31.43,-0.44543429844098315,10.0,34.57,False,False,True,75.59922555663117
652,603528.SH,多伦科技,0.1777059773828757,32.52788104089219,1.191533065220265,1.1272901099613166,0.8154861222837643,0.8555670014423628,705930131.0,6.54,6.54,6.33,6.36,6808500.0,43845033.0,6.48,-1.851851851851849,10.0,7.13,False,False,True,75.59341723136495
653,600496.SH,精工钢构,0.17687074829931992,21.31147540983609,1.1288809682573113,1.6270647699959506,1.085553760899285,0.6553145618758374,1990125599.0,3.31,3.35,3.3,3.3,21219500.0,70530269.0,3.31,-0.30211480362538623,10.0,3.64,False,False,True,75.50822846079379
654,603927.SH,中科软,0.1948979591836735,24.200164068908947,1.1659982064006806,1.1981448426068495,1.080476417967134,0.6416661282716212,831040000.0,14.17,14.19,13.89,13.9,6389110.0,89875767.0,14.1,-1.4184397163120477,10.0,15.51,False,False,True,75.49854791868346
655,002065.SZ,东华软件,0.08462867012089814,26.584234930448215,1.215916296668706,1.5764950925755292,1.1806021998439802,0.49815634337985376,2945739379.0,6.98,7.01,6.87,6.92,23134100.0,160399136.0,6.96,-0.5747126436781658,10.0,7.66,False,False,True,75.49854791868344
656,300284.SZ,苏交科,0.08928571428571436,28.305785123966952,1.176167043045453,1.2863941868855155,1.3585049605581154,0.648889877243116,1198281717.0,5.25,5.27,5.17,5.18,10002395.0,52073591.0,5.24,-1.1450381679389388,20.0,6.29,False,False,True,75.48886737657308
657,002312.SZ,川发龙蟒,0.10894308943089416,37.913486005089055,1.2974473517033003,1.1508010830938717,0.7541740945698087,0.8465857639188291,1884636265.0,8.56,8.64,8.46,8.47,18361103.0,156672968.0,8.53,-0.7033997655333968,10.0,9.38,False,False,True,75.47918683446272
658,000828.SZ,东莞控股,0.3616236162361626,14.754098360655732,0.9185752905559701,0.6890360768628925,1.294509116861997,0.8670508142164368,1039516992.0,10.08,10.19,10.0,10.02,6210379.0,62716186.0,10.13,-1.0858835143139345,10.0,11.14,False,False,True,75.4211035818006
659,002454.SZ,松芝股份,0.23053892215568877,26.24434389140271,1.2214603802253177,1.147002792611025,0.830713543185655,0.7964820193191618,877353836.0,5.22,5.26,5.13,5.15,8015216.0,41535872.0,5.19,-0.770712909441229,10.0,5.71,False,False,True,75.39399806389159
660,600560.SH,金自天正,0.2306818181818183,31.23711340206188,1.0926908027487383,0.9528188807733616,0.8161068323694993,0.9295058550664027,223645500.0,11.87,11.97,11.47,11.57,1980718.0,23082112.0,11.73,-1.3640238704177299,10.0,12.9,False,False,True,75.3920619554695
661,600052.SH,东望时代,0.24603174603174607,21.130952380952394,1.4422209256620326,1.262599697952863,0.7502776727004885,1.0414023848509593,844194741.0000001,4.0,4.04,3.94,3.95,11100100.0,44258228.0,3.98,-0.7537688442211032,10.0,4.38,False,False,True,75.39012584704744
662,600486.SH,扬农化工,0.1450970632155301,23.145277949989662,1.4404278161956028,1.395955320676515,0.9891870731438304,0.8659595232033145,404111938.0,54.4,55.87,54.2,55.08,4885070.0,269912728.0,54.22,1.5861305791220914,10.0,59.64,False,False,True,75.35721200387222
663,600841.SH,动力新科,0.0967213114754098,35.63218390804599,1.4707923774090803,1.155848792136307,0.7274874011982032,0.7570788064509341,1043024484.0,5.83,5.89,5.78,5.83,9127180.0,53279989.0,5.81,0.3442340791738552,10.0,6.39,False,False,True,75.33010648596321
664,603511.SH,爱慕股份,0.26502732240437155,21.834862385321085,1.4247771259145992,0.397884942433808,1.0050739907220503,0.9807078469322799,401887312.0,12.8,13.03,12.65,12.69,1568200.0,20146428.0,12.84,-1.1682242990654235,10.0,14.12,False,False,True,75.32042594385285
665,603599.SH,广信股份,0.14623955431754884,24.752475247524753,1.4246108448665264,1.393173072306412,0.9374636663941742,2.5194020445672454,910269345.0,10.15,10.87,10.12,10.58,31950118.0,337597933.0,10.14,4.339250493096647,10.0,11.15,False,False,True,75.32042594385285
666,301063.SZ,海锅股份,0.21464505310229176,30.926430517711157,1.211466168690618,1.2992349615798326,0.6337543471463718,0.9330005669059973,96647303.0,18.52,18.81,17.98,18.36,1171546.0,21416314.0,18.52,-0.8639308855291628,20.0,22.22,False,False,True,75.31848983543078
667,002159.SZ,三特索道,0.22453450164293529,19.253112033194995,1.2091093804997082,2.066746095167916,0.767139238586034,1.7063971164823568,138486813.0,14.2,14.43,13.77,13.81,4884000.0,68772146.0,14.1,-2.0567375886524797,10.0,15.51,False,False,True,75.27976766698934
668,603279.SH,景津装备,0.006930693069306958,24.464285714285715,1.573064208189397,1.4765694003709344,1.0804272872228329,0.6272678807197989,576373000.0,11.28,11.36,11.23,11.26,5338393.0,60328079.0,11.27,-0.08873114463175957,10.0,12.4,False,False,True,75.27395934172314
669,605368.SH,蓝天燃气,0.2871287128712871,25.12647554806071,0.950050093522894,0.6742607457672984,1.0567416520095267,0.916565598932259,714635915.0,7.13,7.13,6.95,6.95,4416480.0,30964006.0,7.09,-1.9746121297602226,10.0,7.8,False,False,True,75.25266214908035
670,003035.SZ,南网能源,0.1931464174454829,26.027397260273965,1.4885511098336464,1.0805705343706868,0.8108625035933984,0.785273312945777,3787878787.0,5.77,5.84,5.74,5.77,32141788.0,185961552.0,5.78,-0.17301038062285112,10.0,6.36,False,False,True,75.22846079380444
671,603275.SH,众辰科技,0.15971024491203872,32.787897499228144,1.1781337756432613,1.7711980097825062,0.5628425269320252,0.8908714425885076,41535963.0,37.05,37.55,36.69,36.91,655400.0,24281338.0,37.02,-0.29713668287414396,10.0,40.72,False,False,True,75.20038722168441
672,603000.SH,人民网,0.1654501216545013,26.043878273177622,1.2989032085619574,1.4458388320362738,0.9091164848330651,0.9767234602880648,1105691056.0,16.94,17.13,16.56,16.56,15614400.0,261899487.0,16.85,-1.721068249258173,10.0,18.54,False,False,True,75.18296224588576
673,600796.SH,钱江生化,0.28623188405797073,18.75,1.0233705235716901,1.779766797507731,0.7925884577282013,0.8177928268574385,311477889.0,5.28,5.31,5.13,5.15,4533500.0,23588513.0,5.27,-2.2770398481973264,10.0,5.8,False,False,True,75.17715392061955
674,300320.SZ,海达股份,0.18493150684931497,32.13811420982735,1.388948151733325,1.193257533814561,0.6122022528911939,0.6817193656103194,486538621.0,8.35,8.43,8.27,8.28,3957830.0,32974027.0,8.34,-0.7194244604316613,20.0,10.01,False,False,True,75.17134559535334
675,605011.SH,杭州热电,0.1993047508690613,34.5466578424884,1.1602898446514516,1.0961101974506324,0.7151929814318841,0.870520551314937,400100000.0,16.87,17.09,16.74,16.93,3817700.0,64787433.0,16.83,0.5941770647653,10.0,18.51,False,False,True,75.16940948693127
676,000928.SZ,中钢国际,0.28455284552845533,24.15966386554622,1.1213787221367817,1.0869799207908535,0.8429116227025324,0.8331370946881079,1434627071.0,5.47,5.52,5.45,5.46,12992030.0,71207736.0,5.46,0.0,10.0,6.01,False,False,True,75.1539206195547
677,603187.SH,海容冷链,0.008305647840531385,17.906336088154262,1.421681448267756,2.0564487426912477,1.5115186193431176,0.34275859691199995,382361891.00000006,10.96,11.01,10.92,10.94,2695137.0,29537615.0,10.94,0.0,10.0,12.03,False,False,True,75.12100677637947
678,600153.SH,建发股份,0.169291338582677,21.09375000000002,1.5713504299250798,0.8385947840429274,1.1882241347209659,1.3270628409142566,2899538551.0,8.13,8.37,8.12,8.21,32268036.0,265365222.0,8.11,1.233045622688067,10.0,8.92,False,False,True,75.09002904162632
679,000058.SZ,深 赛 格,0.18808777429467088,22.959183673469408,1.6007378356931568,0.7195198263234867,1.0123897390687462,0.707203968117879,984739279.0,7.08,7.15,6.96,6.97,5010819.0,35234464.0,7.08,-1.5536723163841804,10.0,7.79,False,False,True,75.06679574056147
680,002406.SZ,远东传动,0.2810218978102192,23.96694214876034,0.9731269492366952,1.8193919717827751,0.6032860543659955,2.472981369158926,562171311.0,6.81,7.02,6.8,6.93,25293900.0,175585736.0,6.82,1.6129032258064502,10.0,7.5,False,False,True,75.05905130687317
681,002410.SZ,广联达,0.09815950920245393,26.776649746192895,1.4399123497490365,1.6180892057152996,0.9049810813794311,0.6955107930523016,1588098783.9999998,8.72,8.81,8.58,8.6,17872440.0,155034447.0,8.68,-0.9216589861751112,10.0,9.55,False,False,True,75.0513068731849
682,002267.SZ,陕天然气,0.36734693877551045,16.82242990654206,1.010883591849362,0.7493654353639604,1.1362538486663127,0.762847919165864,1112075445.0,7.31,7.38,7.26,7.28,6357200.0,46515565.0,7.32,-0.5464480874316946,10.0,8.05,False,False,True,74.96805421103582
683,603967.SH,中创物流,0.3428571428571428,20.42801556420235,1.1080598421555325,0.846999788355791,0.9326661796236003,0.6516779489653238,346666710.0,11.58,11.75,11.58,11.68,1913500.0,22358024.0,11.6,0.6896551724137945,10.0,12.76,False,False,True,74.96224588576959
684,600694.SH,大商股份,0.32879818594104304,16.808018504240565,1.0166332204178459,0.9805427394074979,1.1113880346872524,2.5384706251283493,378793611.0,14.42,14.91,14.4,14.75,9428472.0,138643786.0,14.42,2.288488210818307,10.0,15.86,False,False,True,74.96030977734753
685,000055.SZ,方大集团,0.29375,23.003194888178925,1.121310722047249,1.2643884590123717,0.7921148590013046,0.8853977006223703,675854429.0,3.6,3.63,3.53,3.55,7566100.0,27015757.0,3.6,-1.388888888888895,10.0,3.96,False,False,True,74.92739593417231
686,002090.SZ,金智科技,0.21481481481481457,22.14022140221401,1.3810389736182316,1.6062701440777478,0.75841643106417,1.5382992010660936,398188681.0,9.29,9.52,9.11,9.4,9838940.0,91940252.0,9.29,1.1840688912809538,10.0,10.22,False,False,True,74.90222652468539
687,002936.SZ,郑州银行,0.31250000000000017,14.634146341463406,0.8438890514946712,1.2827308688196226,1.1588690451526444,1.0530407299408684,7029435959.0,1.79,1.81,1.78,1.78,94951361.0,170414879.0,1.79,-0.5586592178770999,10.0,1.97,False,False,True,74.88867376573089
688,600682.SH,南京新百,0.1352549889135254,21.301775147928993,1.5596076517152038,1.4352538531563537,0.995294141230838,0.722316461752214,1164060275.0,5.68,5.74,5.57,5.58,12067900.0,67837341.0,5.68,-1.7605633802816878,10.0,6.25,False,False,True,74.88576960309778
689,300451.SZ,创业慧康,0.13231552162849872,23.202614379084974,1.5963993359727238,1.4740161364283817,0.8794948180387908,1.074622960353586,1531143411.0,3.6,3.61,3.46,3.47,24253489.0,85202076.0,3.58,-3.0726256983240163,20.0,4.3,False,False,True,74.87124878993224
690,300011.SZ,鼎汉技术,0.18805309734513287,31.401869158878526,1.0884843720650481,1.199812887501271,0.8994772102178583,0.8684850497870551,509665579.0,6.21,6.28,6.08,6.09,5310815.0,32697640.0,6.2,-1.774193548387104,20.0,7.44,False,False,True,74.85382381413359
691,600825.SH,新华传媒,0.2857142857142858,23.43387470997682,1.2783428134938217,0.8399867794424062,0.8828688581233781,2.330149239827849,1044887850.0,5.44,5.53,5.18,5.18,20451533.0,109201957.0,5.25,-1.333333333333342,10.0,5.78,False,False,True,74.84414327202323
692,300712.SZ,永福股份,0.09252450980392145,28.109854604200322,2.0613452099587564,0.987174896263522,0.722866061497614,0.6195094470939144,186740010.0,20.13,20.32,19.76,19.81,1142035.0,22783745.0,20.08,-1.344621513944222,20.0,24.1,False,False,True,74.79767666989352
693,600081.SH,东风科技,0.3249027237354086,23.522727272727263,1.1551252596759076,0.50998535928236,0.9763331123011424,0.7836219054178512,553026170.0,10.41,10.54,10.4,10.47,2210090.0,23169946.0,10.47,0.0,10.0,11.52,False,False,True,74.79574056147143
694,601318.SH,中国平安,0.38072481083233783,22.569444444444443,0.970094896964531,0.659256187019656,0.9254252551895238,1.5469037181317455,10660065083.000002,55.61,57.56,55.52,56.99,108711967.0,6309518752.0,55.64,2.426312005751252,10.0,61.2,False,False,True,74.75701839303001
695,603999.SH,读者传媒,0.25126903553299496,23.203285420944564,1.3504274532638112,1.0664814062499954,0.8645503599400453,2.1905508686249853,576000000.0,5.9,6.07,5.84,5.91,13456407.0,80070403.0,5.86,0.8532423208191142,10.0,6.45,False,False,True,74.74733785091965
696,603057.SH,紫燕食品,0.16994158258098774,32.722513089005226,1.6370330427859863,0.571479526699024,0.7596026926989287,0.7079647821816957,412000000.0,20.06,20.2,19.7,19.78,1666900.0,33079752.0,20.07,-1.4449427005480797,10.0,22.08,False,False,True,74.7434656340755
697,300146.SZ,汤臣倍健,0.2394736842105263,27.733934611048493,1.1089898004961984,1.0706793158410424,0.8999513291473651,0.5871791382694083,1120818659.0,9.82,9.91,9.74,9.75,7046369.0,69145621.0,9.78,-0.30674846625766694,20.0,11.74,False,False,True,74.73959341723136
698,300350.SZ,华鹏飞,0.1811594202898551,21.866666666666678,1.2632366224461882,2.3442443133737694,0.7517603496882248,0.9144408693876723,461829061.0,4.52,4.57,4.38,4.4,9900104.0,44003731.0,4.5,-2.2222222222222143,20.0,5.4,False,False,True,74.71829622458858
699,601828.SH,美凯龙,0.1512605042016808,19.8019801980198,1.465789749293998,1.195703045847874,1.411885113062329,1.2590582740820448,3612402239.0,2.19,2.23,2.18,2.19,54383264.0,119707937.0,2.2,-0.454545454545463,10.0,2.42,False,False,True,74.69119070667958
700,600185.SH,珠免集团,0.13647642679900743,20.705882352941174,1.7095250034629124,1.1825668100930105,1.0441446938458379,2.518107153078389,1885005795.0,4.88,5.28,4.87,5.28,56132267.0,289260749.0,4.8,10.000000000000009,10.0,5.28,True,False,True,74.57696030977735
701,002034.SZ,旺能环境,0.11549566891241571,34.60104399701716,1.2486323232441716,1.4882549745196905,0.8044998989093078,1.023278751569891,514547415.0,14.65,14.79,14.6,14.7,7836041.0,115141461.0,14.61,0.6160164271047153,10.0,16.07,False,False,True,74.57115198451113
702,600048.SH,保利发展,0.10404624277456656,22.39467849223946,1.4189157663382628,1.4365421308572577,1.3601295988200346,1.9466759931748603,11970443418.0,4.88,5.19,4.86,5.09,334751305.0,1691233047.0,4.87,4.517453798767956,10.0,5.36,False,False,True,74.51694094869312
703,002761.SZ,浙江建投,0.29464285714285715,18.7793427230047,1.3009688462196556,0.9743601467520364,0.9736203471403535,4.796598521385367,1081789109.0,7.39,8.12,7.35,7.7,50558652.0,394863102.0,7.38,4.336043360433606,10.0,8.12,True,False,True,74.50338818973863
704,688579.SH,地纬智能,0.1787974683544305,23.305084745762716,1.7397090787978229,0.9545096122596886,0.8741281118258655,0.5860059019931176,400010000.0,8.26,8.31,8.08,8.08,2237449.0,18312275.0,8.21,-1.5834348355663885,20.0,9.85,False,False,True,74.49757986447241
705,002097.SZ,山河智能,0.08379888268156428,27.878787878787882,1.3486311373820303,1.6601245062741274,1.00891763101068,1.1996174173622907,1073000545.0,7.49,7.54,7.4,7.44,21368959.0,159467995.0,7.5,-0.7999999999999896,10.0,8.25,False,False,True,74.49564375605033
706,688188.SH,柏楚电子,0.18255631220534305,38.88135593220339,1.286285492996367,0.592668654997076,0.7830131793245224,0.5045191896152093,405557343.0,95.89,96.95,95.7,96.48,1212668.0,116955511.0,95.47,1.057923955169171,20.0,114.56,False,False,True,74.48015488867378
707,600279.SH,重庆港,0.29304029304029316,35.854341736694685,0.7781342850933836,0.5718412046254034,0.7613207301128797,0.9801242611148804,1186866283.0,4.38,4.43,4.35,4.39,6652094.0,29308527.0,4.37,0.4576659038901587,10.0,4.81,False,False,True,74.44530493707649
708,600993.SH,马应龙,0.286206896551724,19.641125121241522,0.9861486544510122,1.1591840787795455,1.1228509834107365,0.3932326103040423,430317966.0,23.11,23.25,23.06,23.06,1961514.0,45395393.0,23.11,-0.2163565556036362,10.0,25.42,False,False,True,74.43175217812198
709,601375.SH,中原证券,0.3963963963963964,15.44715447154472,0.9985749906728538,1.096420620888688,0.9608318681865335,0.9119838088925888,3447519699.9999995,4.14,4.19,4.12,4.13,34472365.0,143124305.0,4.13,0.0,10.0,4.54,False,False,True,74.4162633107454
710,000915.SZ,华特达因,0.2196041470311026,15.086956521739125,1.2849849488854597,1.4200116981314812,1.2372733311872095,0.3649558499560244,234122860.0,25.32,25.41,25.06,25.12,1213322.0,30585148.0,25.33,-0.8290564547966728,10.0,27.86,False,False,True,74.40851887705712
711,300979.SZ,华利集团,0.11648690292758092,29.236234458259336,1.5329454082712686,0.29979970865466454,1.5443940681426418,0.5299890878303041,1167000000.0,31.88,32.17,31.39,31.53,1854253.0,60757421.0,31.93,-1.2527403695584027,20.0,38.32,False,False,True,74.37947725072604
712,000589.SZ,贵州轮胎,0.3000000000000002,13.749999999999996,0.959844745586898,1.6342314274896648,1.0170444076495984,0.6200274115326263,1544110704.0,4.37,4.4,4.34,4.34,15645984.0,68422409.0,4.36,-0.4587155963302836,10.0,4.8,False,False,True,74.34269119070669
713,688599.SH,天合光能,0.0015686274509803585,34.40486533449176,1.7269776357175075,1.2497013757578104,0.7401937303467705,1.5432552945693379,2342567686.0,11.56,11.66,11.14,11.16,45178954.0,510524693.0,11.53,-3.209019947961833,20.0,13.84,False,False,True,74.3136495643756
714,601801.SH,皖新传媒,0.24267782426778248,24.675324675324674,1.1998760564730298,0.6550292961080069,1.257655573429105,1.1993604034961902,1957931237.0,5.2,5.3,5.13,5.14,15381825.0,80193645.0,5.2,-1.1538461538461608,10.0,5.72,False,False,True,74.31171345595354
715,600375.SH,汉马科技,0.07303370786516857,27.142857142857157,1.721841769719921,1.3028257826205905,0.9091491319434464,0.7131781959671473,1462685760.0,3.89,3.93,3.82,3.83,13590500.0,52395318.0,3.89,-1.5424164524421635,10.0,4.28,False,False,True,74.3000968054211
716,002508.SZ,老板电器,0.21410256410256406,19.288256227758005,1.2699046002472487,1.0876096390784784,1.4840577409776434,0.581327484168936,933605787.0,15.75,16.01,15.75,15.8,5902758.0,93803305.0,15.72,0.5089058524172962,10.0,17.29,False,False,True,74.28267182962247
717,601798.SH,蓝科高新,0.32397959183673475,23.664122137404586,0.9901739919692913,1.392151986172898,0.7409321528830708,1.1354105943580373,354528198.0,7.81,7.95,7.64,7.68,5603900.0,43471614.0,7.82,-1.7902813299232823,10.0,8.6,False,False,True,74.27879961277831
718,002269.SZ,美邦服饰,0.1173469387755102,22.83464566929134,1.5533570237587444,1.8990674764744264,0.8515629895646936,1.0452679807210032,2343729075.0,1.51,1.52,1.46,1.47,46523829.0,69168580.0,1.5,-2.0000000000000018,10.0,1.65,False,False,True,74.27686350435624
719,600064.SH,南京高科,0.3739130434782609,18.316100443131454,0.9800019100638911,0.9275748726936021,1.033950776941723,0.9850382042848294,1730339644.0,7.63,7.77,7.62,7.67,15810056.0,121878434.0,7.63,0.5242463958060384,10.0,8.39,False,False,True,74.25750242013554
720,301616.SZ,浙江华业,0.17771982116244409,25.814696485623003,1.2582152314958184,1.8904554293776705,0.8092987711821295,0.9273207043390936,28401791.0,35.98,36.39,35.52,35.81,497900.0,17832240.0,36.07,-0.7208206265594597,20.0,43.28,False,False,True,74.24394966118102
721,000728.SZ,国元证券,0.341317365269461,21.51515151515151,1.104185156066486,0.7069286182879145,1.0144063746405991,0.8682882173216832,4363777891.0,7.71,7.8,7.65,7.68,26785645.0,206944197.0,7.71,-0.3891050583657574,10.0,8.48,False,False,True,74.22846079380446
722,002419.SZ,天虹股份,0.33175355450236943,17.51824817518248,1.3581459959269804,1.0435474801048685,0.8493735685462611,1.3781767496322919,1141239697.0,4.83,4.86,4.74,4.76,16413228.0,78704577.0,4.81,-1.039501039501034,10.0,5.29,False,False,True,74.2274927395934
723,000553.SZ,安道麦A,0.24334600760456263,24.4,1.5345019656046766,0.418491304523299,0.9664654606220131,1.0732886226831673,2177071961.0,5.65,5.72,5.57,5.58,9778579.0,55065676.0,5.64,-1.0638297872340385,10.0,6.2,False,False,True,74.22652468538239
724,000886.SZ,海南高速,0.17551963048498845,24.0506329113924,1.3377354749638677,1.45099245375377,0.9967769635660324,0.8481190427666392,977836898.0,4.76,4.79,4.66,4.68,12033401.0,56774794.0,4.71,-0.6369426751592355,10.0,5.18,False,False,True,74.21297192642788
725,600037.SH,歌华有线,0.3244147157190637,20.32786885245903,0.9840707883344413,1.1122818933944154,0.9911289043383973,1.2384719598149243,1391777884.0,7.05,7.15,6.91,6.93,19172157.0,134729850.0,7.07,-1.980198019801993,10.0,7.78,False,False,True,74.18973862536302
726,600982.SH,宁波能源,0.22121212121212108,31.614349775784767,1.0596466149488517,1.7433378304936673,0.4197776475902682,0.674054848350041,1117627485.0,4.91,4.95,4.88,4.9,13133300.0,64584623.0,4.89,0.2044989775051187,10.0,5.38,False,False,True,74.13746369796709
727,002941.SZ,新疆交建,0.16488046166529266,25.80287929125138,1.378651671491696,1.5085792078727849,0.9103836187297377,0.7048404480623358,729751171.9999999,11.07,11.13,10.95,10.96,7759500.0,85671597.0,11.03,-0.6346328195829476,10.0,12.13,False,False,True,74.12778315585672
728,688298.SH,东方生物,0.1780936454849498,21.49148561362302,1.606563465602029,0.8390872271825351,1.173384948125088,0.6538567616921933,201600000.0,19.35,19.35,18.86,18.91,1106064.0,21056661.0,19.16,-1.3048016701461385,20.0,22.99,False,False,True,74.10648596321394
729,301206.SZ,三元生物,0.24401368301026233,17.267197005147384,1.305721592094995,1.1349744433129627,1.219153465589391,0.6904468150194618,130283123.0,23.46,23.66,23.2,23.31,1020950.0,23878718.0,23.51,-0.8507018290089485,20.0,28.21,False,False,True,74.08325266214908
730,300824.SZ,北鼎股份,0.1708463949843261,20.145985401459864,1.4901183203913904,1.3446552223328367,1.09081445579916,0.6604769259863187,318968151.0,8.0,8.06,7.78,7.82,2832800.0,22356509.0,7.94,-1.5113350125944613,20.0,9.53,False,False,True,74.07744433688286
731,300595.SZ,欧普康视,0.09477521263669512,18.15505397448478,1.6841249216807543,1.6250994473015707,1.140024881005881,0.6948254065430617,668494760.0,11.01,11.2,10.88,10.89,7548378.0,83140825.0,10.97,-0.7292616226071136,20.0,13.16,False,False,True,74.02516940948694
732,600529.SH,山东药玻,0.3852631578947365,15.244596131968159,0.6055302740203167,1.3131795390252599,1.0160932195213097,0.9063480493120345,663614113.0000001,19.08,19.34,18.9,19.06,7898320.0,151620870.0,19.02,0.2103049421661396,10.0,20.92,False,False,True,74.01161665053243
733,000404.SZ,长虹华意,0.2616279069767443,22.03147353361945,1.1340746010164242,1.6808503318744414,0.8110886467128496,0.5802615719039427,692984960.0,7.08,7.13,7.04,7.05,6758910.0,47814196.0,7.07,-0.28288543140029265,10.0,7.78,False,False,True,73.99031945788964
734,002299.SZ,圣农发展,0.2935222672064775,17.206477732793534,1.2164721338915228,0.9943812223179362,1.1777012304727268,0.5078181402352896,1218599736.0,16.26,16.41,16.2,16.38,6153500.0,100329188.0,16.27,0.6760909649661917,10.0,17.9,False,False,True,73.98838334946757
735,300962.SZ,中金辐照,0.21588089330024815,20.18819503849445,1.3049885439231477,1.1981208604724487,1.1924589659626157,0.8458576433757949,264001897.0,13.48,13.54,13.1,13.1,2675500.0,35352641.0,13.43,-2.4571854058078935,20.0,16.12,False,False,True,73.98451113262342
736,600854.SH,春兰股份,0.3472803347280333,21.57360406091371,1.2109317136376934,1.2443569461553396,0.7218697063453026,0.8941014787562912,519458538.0,4.77,4.81,4.66,4.67,5779399.0,27299438.0,4.77,-2.0964360587002018,10.0,5.25,False,False,True,73.95256534365924
737,603759.SH,海天股份,0.11214953271028039,26.027397260273965,1.5902482298694127,1.0358068368849571,1.143332209827805,0.7312754902623576,461760000.0,7.64,7.68,7.54,7.56,3497648.0,26590292.0,7.65,-1.176470588235301,10.0,8.42,False,False,True,73.9486931268151
738,688475.SH,萤石网络,0.3421284080914687,23.772102161100193,1.2172000738112232,0.5744029968253915,0.9165250319299939,0.7193887390957593,787500000.0,29.07,29.28,28.54,28.82,3254100.0,93861842.0,29.04,-0.7575757575757569,20.0,34.85,False,False,True,73.94772507260406
739,600075.SH,新疆天业,0.2198581560283688,29.743589743589727,1.2878599741596033,1.2013079323545897,0.7738629026639587,1.1692384059324665,1707797343.0,4.84,5.0,4.82,4.85,23987984.0,117517326.0,4.83,0.41407867494822614,10.0,5.31,False,False,True,73.93030009680542
740,002268.SZ,电科网安,0.17424892703862654,31.6225165562914,1.0680423244272144,1.2253717480058763,1.0189250572742081,0.5486624908081088,845109308.0,14.1,14.22,13.94,13.98,5681801.0,79900128.0,14.11,-0.9213323883770275,10.0,15.52,False,False,True,73.92836398838335
741,688570.SH,天玛智控,0.20617110799438973,24.925373134328343,1.3053381579652021,0.6429531083953196,1.5250199443700163,0.5300694131236815,188200000.0,14.87,14.95,14.68,14.73,641404.0,9471118.0,14.87,-0.9414929388029458,20.0,17.84,False,False,True,73.91868344627298
742,002007.SZ,华兰生物,0.2666666666666667,19.197952218430036,1.205471521905961,0.9112683166532486,1.3638335468999707,0.3857761430235508,1573543054.0000002,12.92,13.03,12.91,12.95,5531721.0,71785862.0,12.96,-0.07716049382717749,10.0,14.26,False,False,True,73.91093901258472
743,002398.SZ,垒知集团,0.1891117478510028,19.999999999999996,1.028467957535499,2.1904979791836627,1.050866590872495,0.6420951043409044,599740551.0,4.25,4.3,4.18,4.18,8435399.0,35618751.0,4.26,-1.8779342723004744,10.0,4.69,False,False,True,73.9080348499516
744,600051.SH,宁波联合,0.33695652173913065,18.330308529945547,1.0166250721222039,1.57823158453422,0.8313410194097645,1.1184764588444658,310880000.0,6.43,6.49,6.25,6.3,5487700.0,34797228.0,6.44,-2.1739130434782705,10.0,7.08,False,False,True,73.90125847047435
745,300251.SZ,光线传媒,0.03328050713153728,30.94339622641511,1.593818016701371,1.6677838909520424,0.804824197485815,1.696917121901551,2753141609.0,11.25,11.91,11.25,11.34,77916414.0,904784051.0,11.23,0.9795191451469121,20.0,13.48,False,False,True,73.86253630203292
746,002320.SZ,海峡股份,0.07845084409136048,21.674876847290637,1.6479413045317457,1.209075802343593,1.583954484173163,2.6168146049484435,2236834324.0,6.9,7.12,6.85,6.86,70771810.0,494549648.0,6.88,-0.29069767441859407,10.0,7.57,False,False,True,73.86060019361085
747,002468.SZ,申通快递,0.21143617021276595,35.48387096774193,1.1889207007926705,1.082644669743666,0.7146654622454804,0.6988407224163767,1476289631.0,14.02,14.18,13.97,14.13,11169551.0,157149213.0,14.0,0.9285714285714342,10.0,15.4,False,False,True,73.8160696999032
748,300815.SZ,玉禾田,0.07400828892835998,37.70375620127568,1.1704336595545326,1.256881493067229,1.021848864145697,0.7799221829496487,392159808.0,15.43,15.59,15.25,15.27,3844224.0,59188672.0,15.36,-0.5859375,20.0,18.43,False,False,True,73.80638915779284
749,688297.SH,中无人机,0.17330383480825967,27.473684210526315,1.4770068155234548,1.093793370370366,0.9350649223177678,1.7637222495236675,675000000.0,42.19,43.67,42.07,42.72,13021747.0,557259477.0,42.7,0.04683840749413193,20.0,51.24,False,False,True,73.79090029041626
750,001322.SZ,箭牌家居,0.24817518248175185,21.7857142857143,1.5753937989121112,0.5100951013380315,1.015988805121107,0.5843486006601539,785611975.0,6.67,6.69,6.52,6.53,2341700.0,15441138.0,6.62,-1.3595166163141936,10.0,7.28,False,False,True,73.75217812197484
751,300633.SZ,开立医疗,0.11496531219028741,24.476744186046528,1.4450874532609759,1.8231795072139119,0.9705048238867937,0.636578115028921,260116315.0,19.54,19.88,19.41,19.43,3018900.0,59172030.0,19.52,-0.4610655737704916,20.0,23.42,False,False,True,73.74056147144239
752,600858.SH,银座股份,0.19999999999999987,20.327102803738327,1.4106939917709822,1.4690912869846857,1.0020629711634772,1.4453550342202213,517548029.0,5.07,5.14,5.03,5.04,10989400.0,55844230.0,5.06,-0.39525691699603405,10.0,5.57,False,False,True,73.71539206195548
753,000860.SZ,顺鑫农业,0.1569186875891583,19.599578503688075,1.6221714733899195,1.2472571356232154,1.1441505032757973,0.7190213708625264,741766989.0,10.55,10.71,10.45,10.47,6652200.0,70311874.0,10.59,-1.1331444759206777,10.0,11.65,False,False,True,73.6921587608906
754,688420.SH,美腾科技,0.3360071301247774,25.147453083109927,1.4239433926374887,0.6862806739794146,0.7021539750251357,0.9707502990716421,88430000.0,22.42,22.9,22.01,22.11,589127.0,13150465.0,22.42,-1.382694023193587,20.0,26.9,False,False,True,73.6863504356244
755,601238.SH,广汽集团,0.06315789473684207,25.103734439834025,2.0045639149691166,0.4547426410412196,1.460979610377984,0.599559432091509,7383697595.0,5.13,5.17,5.1,5.12,20131300.0,103298621.0,5.12,0.0,10.0,5.63,False,False,True,73.64956437560504
756,002054.SZ,德美化工,0.1921708185053381,23.547880690737834,1.055886353936315,2.482650261091312,0.825562731090994,1.1482280616377314,384375669.0,7.48,7.57,7.32,7.35,10957200.0,81122594.0,7.45,-1.34228187919464,10.0,8.2,False,False,True,73.6379477250726
757,300636.SZ,同和药业,0.2447129909365558,18.65793780687397,1.052564958834829,1.7930790975391049,1.0389395130135533,0.5003199282714469,367310277.0,6.94,6.98,6.85,6.89,3295189.0,22737547.0,6.92,-0.43352601156069204,20.0,8.3,False,False,True,73.61277831558567
758,601949.SH,中国出版,0.23188405797101444,26.62192393736018,1.3250009653917278,0.615847299820288,1.1117255757112383,2.2813626892795695,1903968054.0,5.28,5.62,5.28,5.3,26750200.0,144985156.0,5.27,0.569259962049351,10.0,5.8,False,False,True,73.57405614714425
759,600782.SH,新钢股份,0.20670391061452495,25.311203319502074,1.3184272900063594,1.2915250916384722,0.9526927151282206,0.6008941349648284,3145652149.0,2.78,2.82,2.77,2.78,24412458.0,68204563.0,2.78,0.0,10.0,3.06,False,False,True,73.53727008712488
760,600839.SH,四川长虹,0.1553030303030304,21.88006482982172,1.3863462966368796,1.7106035278347382,1.0608127603244355,0.6461452711371284,4614958631.0,7.02,7.09,6.96,6.96,51009063.0,357429217.0,6.99,-0.42918454935623185,10.0,7.69,False,False,True,73.5353339787028
761,688429.SH,时创能源,0.17429406037000963,29.290617848970246,2.1258526380641287,0.4740666643666661,0.6704466248922966,1.126982177041255,400000800.0,10.41,10.68,9.91,9.95,2137063.0,21797642.0,10.53,-5.508072174738842,20.0,12.64,False,False,True,73.51016456921586
762,603197.SH,保隆科技,0.21159563924677902,23.277182235834616,1.166278002835472,1.407445306009155,1.0920742368509053,0.9311366146354525,211152127.0,30.35,30.88,30.17,30.42,2767199.0,84482186.0,30.39,0.09871668311944859,10.0,33.43,False,False,True,73.50242013552759
763,600676.SH,久事动娱,0.26326963906581746,28.498293515358352,1.4620785309621416,0.8486644464524346,0.7101791746313237,1.4845664620823258,1028492944.0,6.75,7.1,6.72,6.78,12957970.0,89084061.0,6.71,1.0432190760059745,10.0,7.38,False,False,True,73.47725072604067
764,300625.SZ,三雄极光,0.33547008547008556,24.39320388349515,1.2262422353058784,1.0504051089005866,0.7662746475701482,0.9124467278992636,161971756.0,9.86,9.98,9.62,9.67,1552400.0,15130505.0,9.81,-1.4271151885830835,20.0,11.77,False,False,True,73.459825750242
765,002249.SZ,大洋电机,0.014947683109118034,35.07692307692307,1.2751215624568906,1.8280895036846352,0.8956501544717972,2.357870132241003,1863776633.0,6.63,6.95,6.62,6.84,80336184.0,546248116.0,6.6,3.6363636363636376,10.0,7.26,False,False,True,73.44433688286543
766,603987.SH,康德莱,0.3250883392226147,19.047619047619047,1.0418334334430956,1.096201310338709,1.0867313485799897,0.4903189983825238,436790880.00000006,7.64,7.7,7.56,7.57,2347700.0,17887461.0,7.64,-0.9162303664921434,10.0,8.4,False,False,True,73.4433688286544
767,600729.SH,重百集团,0.1680071492403931,16.941444002274018,1.34572945857293,1.9672851467219539,1.1803495271041542,0.8540976617445797,192482844.0,19.41,19.65,19.33,19.35,3234200.0,63058994.0,19.47,-0.6163328197226425,10.0,21.42,False,False,True,73.41723136495644
768,002157.SZ,正邦科技,0.32520325203252026,16.296296296296298,1.1750078779113875,1.5832383484554895,0.8575579500502684,1.0578630297374536,7787895012.000001,3.09,3.1,3.02,3.03,130433205.0,398484691.0,3.1,-2.2580645161290436,10.0,3.41,False,False,True,73.405614714424
769,000791.SZ,甘肃能源,0.2222222222222223,38.92045454545454,1.209998848922268,1.00282895105625,0.38377852293315734,0.7052786001595651,1935632286.0,7.22,7.29,7.2,7.23,13690220.0,99232192.0,7.2,0.4166666666666652,10.0,7.92,False,False,True,73.40367860600193
770,300207.SZ,欣旺达,0.04463874827427514,34.228607120549626,1.3669124962761225,2.248973126595758,0.6969730838950405,0.49369166038164264,1713925731.0,17.08,17.17,16.91,16.98,19029705.0,324189153.0,16.98,0.0,20.0,20.38,False,False,True,73.38044530493708
771,002773.SZ,康弘药业,0.0662382600098863,27.200843437005794,1.6956537710360031,1.318632036484318,1.0039638342284636,0.31752010535410646,686839429.0,20.37,20.4,20.14,20.25,2875743.0,58272931.0,20.31,-0.2954209748892156,10.0,22.34,False,False,True,73.37463697967087
772,000718.SZ,苏宁环球,0.15686274509803924,30.120481927710863,1.4976651899000646,1.1341634879174696,0.8870273840114435,0.7739430422180663,2282093122.0,1.98,2.01,1.96,1.97,20031710.0,39685064.0,1.98,-0.5050505050505083,10.0,2.18,False,False,True,73.33204259438529
773,300707.SZ,威唐工业,0.16510454217736115,27.499999999999993,1.2495920729045618,2.3234679074366325,0.7209296900392097,0.8159356611050499,143580522.0,12.38,12.58,12.1,12.12,2722000.0,33487974.0,12.29,-1.3832384052074875,20.0,14.75,False,False,True,73.3213939980639
774,002117.SZ,东港股份,0.15060240963855426,28.648648648648646,1.298309134997123,1.4353032046241994,1.0045355708875197,1.286642500101569,523554680.0,8.42,8.49,8.19,8.22,9668600.0,80364603.0,8.4,-2.1428571428571352,10.0,9.24,False,False,True,73.29525653436593
775,002242.SZ,九阳股份,0.1395833333333333,23.4375,1.9203838071186534,1.0114282788751419,0.9432082922666403,0.43038670246631316,761765625.0,8.37,8.47,8.28,8.29,3316006.0,27737268.0,8.35,-0.7185628742515049,10.0,9.19,False,False,True,73.27976766698936
776,301355.SZ,南王科技,0.22948870392390008,26.426076833527357,1.1570536748208406,1.7879321144221896,0.7644195654866234,1.0094599823236954,141712928.0,10.52,10.59,10.31,10.34,2557700.0,26605098.0,10.52,-1.7110266159695797,20.0,12.62,False,False,True,73.27395934172313
777,300775.SZ,三角防务,0.0959629384513568,26.193001060445397,1.6113480461788598,2.2361893005044533,0.7002792651933447,0.8890829803561836,531643401.0,21.71,21.9,21.51,21.73,10569910.0,229485104.0,21.76,-0.13786764705883137,20.0,26.11,False,False,True,73.27008712487898
778,002572.SZ,索菲亚,0.09039548022598878,25.208913649025067,1.5166295251584083,1.558628035172561,1.1072953936260983,0.7540975536936737,729247004.0,7.82,7.95,7.78,7.8,8571260.0,67412468.0,7.82,-0.2557544757033292,10.0,8.6,False,False,True,73.2487899322362
779,601921.SH,浙版传媒,0.38095238095238093,18.279569892473123,1.13769291988855,0.44372610434469195,1.2962465747121903,1.1114356243604775,2222222223.0,7.31,7.44,7.28,7.31,10959400.0,81780292.0,7.31,0.0,10.0,8.04,False,False,True,73.23717328170378
780,300406.SZ,九强生物,0.2598253275109169,15.976900866217525,1.2507323117952882,1.29905426393141,1.2435374019967287,0.8383490179512151,424283173.0,11.62,11.81,11.62,11.73,4620702.0,54166353.0,11.58,1.2953367875647714,20.0,13.9,False,False,True,73.2294288480155
781,000623.SZ,吉林敖东,0.380106571936057,16.03948180135717,1.0014396134290215,1.077237036932633,1.0964917529877143,1.006971761026881,1191023318.0,18.32,18.61,18.23,18.44,12919593.0,238390058.0,18.23,1.1519473395501967,10.0,20.05,False,False,True,73.2216844143272
782,603816.SH,顾家家居,0.14071038251366136,28.957528957528964,1.5880849031820659,0.9047193606499702,1.0257577223021501,0.8228518184514568,815880346.0,22.83,23.21,22.78,22.8,6073821.0,139478865.0,22.78,0.08779631255486642,10.0,25.06,False,False,True,73.21200387221685
783,001279.SZ,强邦新材,0.18181818181818185,28.205128205128194,1.0147741367473628,1.888165375,0.9162676645409873,3.1408014247692684,40000000.0,26.32,27.38,26.13,26.54,2372141.0,63641462.0,26.26,1.0662604722010638,10.0,28.89,False,False,True,73.19651500484026
784,600623.SH,华谊集团,0.3095238095238094,24.52830188679245,1.3962048523477557,0.8766130690822289,0.7904870855219688,0.9147389831495397,1876034733.0,8.62,8.91,8.54,8.67,15043400.0,131551294.0,8.62,0.5800464037122977,10.0,9.48,False,False,True,73.18586640851888
785,000570.SZ,苏常柴Ａ,0.3138075313807532,17.62114537444934,1.097169440067806,1.895489181033707,0.8108873168946787,0.9635965038886709,555692507.0,5.29,5.34,5.19,5.19,10149650.0,53110075.0,5.29,-1.8903591682419618,10.0,5.82,False,False,True,73.17715392061956
786,301101.SZ,明月镜片,0.20190229139645474,21.266794625719765,1.6017472953273504,1.0988832880464945,0.9936719401663273,1.2680974436078944,194103143.0,30.66,31.0,29.78,29.84,2704810.0,81605688.0,30.72,-2.864583333333326,20.0,36.86,False,False,True,73.17521781219747
787,603997.SH,继峰股份,0.051867219917012444,33.2425068119891,1.2828052202140134,1.3685844349467104,1.1901140466625768,1.5166960334507793,1272264864.0,11.26,11.75,11.22,11.57,26408740.0,306111497.0,11.26,2.7531083481350027,10.0,12.39,False,False,True,73.15004840271055
788,002847.SZ,盐津铺子,0.04483152484294689,24.831903547414804,1.523419620386805,1.6150073499128708,1.2669255449084884,0.4912336337391591,243870918.0,44.69,44.96,44.26,44.44,1934740.0,86315603.0,44.7,-0.5816554809843555,10.0,49.17,False,False,True,73.14617618586641
789,603697.SH,有友食品,0.13306451612903225,31.372549019607842,1.4993983037849459,1.2864582782167706,0.8610278616375675,0.7432315965430094,427692098.0,9.33,9.53,9.26,9.37,4089320.0,39539323.0,9.33,0.4287245444801524,10.0,10.26,False,False,True,73.11713455953534
790,000619.SZ,海螺新材,0.22616407982261633,30.2211302211302,1.2338009113712378,1.4547649166666616,0.7191175998077649,1.068882129619377,360000000.0,5.1,5.2,5.0,5.0,5597900.0,28367839.0,5.09,-1.7681728880157177,10.0,5.6,False,False,True,73.09583736689254
791,605183.SH,确成股份,0.2392638036809816,24.01779095626391,1.5343399424478914,0.5352237762752305,1.0572164869453604,1.1384328708198748,412429445.0,15.83,15.9,15.51,15.57,2513000.0,39377753.0,15.83,-1.6424510423246996,10.0,17.41,False,False,True,73.09390125847048
792,002561.SZ,徐家汇,0.25000000000000006,19.636963696369648,1.330095955853625,1.12970151085984,1.1423520922288641,1.0873507176810555,414439567.0,7.14,7.22,7.09,7.09,5090900.0,36454903.0,7.12,-0.4213483146067398,10.0,7.83,False,False,True,73.0861568247822
793,688085.SH,三友医疗,0.20227920227920237,29.94604316546763,1.3245501063414027,0.982618219299684,0.9643627655770319,0.9900396564798253,350615573.0,13.17,13.67,13.17,13.37,3410897.0,45783441.0,13.25,0.9056603773584859,20.0,15.9,False,False,True,73.07938044530493
794,603229.SH,奥翔药业,0.15767634854771778,24.755244755244753,1.7157256111107362,1.078400281624474,0.9632987852588906,0.5151727425065209,830297145.0,7.89,7.96,7.87,7.9,4612819.0,36524930.0,7.91,-0.12642225031604948,10.0,8.7,False,False,True,73.05711519845111
795,603365.SH,水星家纺,0.20965842167255613,22.90322580645161,1.518803823713315,0.795213448130206,1.1613953834348623,1.157437337902791,261133700.0,17.32,17.38,16.8,16.9,2403500.0,41050934.0,17.28,-2.199074074074092,10.0,19.01,False,False,True,73.05517909002906
796,688339.SH,亿华通-U,0.10814742967992236,38.605551969012254,1.5078979067622946,1.292015947177807,0.6386813113565358,0.9984638682909969,195787119.0,17.72,17.8,17.12,17.19,2525715.0,43856920.0,17.72,-2.9909706546275228,20.0,21.26,False,False,True,73.00677637947726
797,000957.SZ,中通客车,0.34491315136476447,21.177802944507352,1.0904397969678894,1.5609127614224463,0.7535596476211692,2.30312928551908,592903936.0,10.21,10.6,10.21,10.39,21314801.0,222564437.0,10.22,1.6634050880626194,10.0,11.24,False,False,True,72.99709583736689
798,002382.SZ,蓝帆医疗,0.248081841432225,25.4,1.428009706723061,1.4031278227225508,0.705230070455758,0.6245008879398791,997792227.0,5.98,6.06,5.94,6.01,8743200.0,52514314.0,5.97,0.670016750418756,10.0,6.57,False,False,True,72.9893514036786
799,002595.SZ,豪迈科技,0.1704078406576036,29.030732860520093,1.7618372737417936,0.41691838017925054,0.975027504771215,0.9264163797713785,1152118323.0,43.0,43.2,42.24,42.28,4449942.0,189318694.0,42.95,-1.559953434225847,10.0,47.25,False,False,True,72.97773475314618
800,000830.SZ,鲁西化工,0.1403162055335968,20.72310405643738,1.5016117003052076,1.9094033455643644,1.01081837732069,0.6846504751003828,1904178218.0,12.88,12.92,12.62,12.69,24892825.0,317589275.0,12.76,-0.5485893416927956,10.0,14.04,False,False,True,72.96030977734753
801,301175.SZ,中科环保,0.30322580645161296,20.76271186440679,0.7467719635940802,2.2454379060268814,0.7624459322820201,0.8166866786438352,621880000.0,5.67,5.7,5.6,5.61,11404155.0,65087033.0,5.66,-0.8833922261484051,20.0,6.79,False,False,True,72.95837366892546
802,600182.SH,S佳通,0.24468085106382978,22.093981863149214,1.0278976437343417,1.3462928823529374,1.2184943299792366,0.4102769526725218,170000000.0,13.12,13.18,13.0,13.03,939000.0,12271389.0,13.05,-0.1532567049808531,10.0,14.36,False,False,True,72.94288480154889
803,601360.SH,三六零,0.11642743221690598,21.912832929782077,1.5009425334085902,1.5733742631146495,1.261837228053258,0.7409518068943909,6999557879.0,9.02,9.11,8.86,8.89,81600461.0,730944369.0,8.99,-1.1123470522803047,10.0,9.89,False,False,True,72.90029041626332
804,603712.SH,七一二,0.08532176428054951,31.924882629107977,1.4896696777622334,1.3181777590673525,0.9821723870516923,0.7393555731272651,772000000.0,11.86,11.88,11.64,11.66,7523928.0,88295912.0,11.83,-1.4370245139475935,10.0,13.01,False,False,True,72.89641819941917
805,603238.SH,诺邦股份,0.19144981412639406,22.485768500948787,1.3402256171793077,1.5641522965032713,1.0438802413039936,0.8346139873166724,177509000.0,12.59,12.74,12.23,12.27,2317315.0,28793549.0,12.6,-2.619047619047621,10.0,13.86,False,False,True,72.88673765730881
806,600809.SH,山西汾酒,0.18955699256828493,31.22465531224654,1.6436947487245521,0.587179424676598,0.8669199315383688,0.6516267064974044,1219964222.0,118.28,118.79,116.6,116.96,4667849.0,547811068.0,118.28,-1.115995941832948,10.0,130.11,False,False,True,72.80735721200388
807,000411.SZ,英特集团,0.31340579710144906,22.77108433734938,1.2876197776841012,0.818586825020141,0.9789352766932051,0.5780898955658371,563735936.0,10.11,10.17,9.98,10.04,2667693.0,26849408.0,10.03,0.09970089730806375,10.0,11.03,False,False,True,72.78606001936109
808,603050.SH,科林电气,0.2218487394957984,32.62195121951221,1.5163873457766965,0.9060230366968877,0.6609673256476586,1.0274115168533178,403319193.0,18.25,18.64,18.11,18.5,3754331.0,69222765.0,18.12,2.0971302428256067,10.0,19.93,False,False,True,72.77637947725071
809,603606.SH,东方电缆,0.0,34.13155501667171,1.2737882057759364,1.8507255710976562,0.9941364999247312,0.45793735627524446,824808488.0000001,33.29,33.47,33.0,33.09,6990387.0,232028467.0,32.99,0.30312215822976274,10.0,36.29,False,False,True,72.73572120038723
810,000513.SZ,丽珠集团,0.055290102389078645,23.34887334887337,1.6357020415470587,1.4469248443554577,1.4425448432216113,0.3766816798659304,567651788.0,26.59,26.76,26.5,26.61,3093873.0,82391056.0,26.55,0.2259887005649608,10.0,29.21,False,False,True,72.72797676669894
811,301558.SZ,三态股份,0.17102137767220896,16.66666666666665,1.5629282677878886,2.4350015508343668,0.8295683886520023,1.2443523686020836,219481852.0,6.69,6.73,6.49,6.49,6650300.0,43710250.0,6.66,-2.552552552552556,20.0,7.99,False,False,True,72.72216844143271
812,603383.SH,顶点软件,0.18099547511312214,26.131850675139013,1.3468200582689893,1.9032584466063052,0.8158490420328377,0.6581129162289945,205376359.0,28.61,29.17,28.32,28.43,2572460.0,73796344.0,28.38,0.17618040873854657,10.0,31.22,False,False,True,72.70861568247823
813,600433.SH,冠豪高新,0.1709401709401709,20.86092715231789,1.738929302863585,1.8670857103176242,0.7508321461816228,0.7660894298543773,1750279233.0,3.42,3.44,3.35,3.35,25035200.0,84745878.0,3.42,-2.0467836257309857,10.0,3.76,False,False,True,72.6621490803485
814,601628.SH,中国人寿,0.3300467047223663,29.589632829373656,1.0962667606106524,0.1531007708587315,0.9779788078723819,1.5483573069470051,20823530000.0,38.15,39.68,38.15,39.27,49363156.0,1939517357.0,38.15,2.935779816513784,10.0,41.97,False,False,True,72.63697967086158
815,002732.SZ,燕塘乳业,0.28499369482976034,20.899250624479592,1.448992266971378,0.9926916394506,0.9359912917201704,1.0598101660898396,157062585.0,14.34,14.49,13.91,14.02,1652400.0,23396497.0,14.27,-1.7519271198318198,10.0,15.7,False,False,True,72.63697967086156
816,603810.SH,丰山集团,0.2819672131147541,28.928928928928933,1.322902064956093,1.0385110807085645,0.7357130401101666,1.1121096634706422,165342179.0,12.57,12.86,12.2,12.28,1909600.0,23648311.0,12.57,-2.3070803500397807,10.0,13.83,False,False,True,72.61181026137464
817,002351.SZ,漫步者,0.27306273062730635,20.518602029312284,1.1726501807668754,1.4656436466141411,0.9993932598868212,0.8746655402414849,527441600.00000006,10.38,10.42,10.15,10.18,6761527.0,69451278.0,10.35,-1.6425120772946888,10.0,11.39,False,False,True,72.56727976766699
818,600261.SH,阳光照明,0.32231404958677684,18.181818181818187,1.380274258812184,1.010216365453169,0.973602323751498,0.6785832192249655,1335052966.0,3.27,3.28,3.22,3.22,9152000.0,29662174.0,3.25,-0.9230769230769154,10.0,3.58,False,False,True,72.54211035818007
819,300048.SZ,合康新能,0.17699115044247782,29.58715596330275,1.7874567141258801,1.0637928986909957,0.7075236808423876,0.6099167013244,1129301795.0,5.19,5.23,5.1,5.12,7327193.0,37829857.0,5.16,-0.7751937984496138,20.0,6.19,False,False,True,72.46272991287512
820,300743.SZ,天地数码,0.20292682926829272,29.534883720930228,0.9388721151940123,1.835394085918676,0.8986418299691632,0.7746372282941908,127410896.0,15.05,15.13,14.69,14.69,1811483.0,26898870.0,14.98,-1.9359145527369837,20.0,17.98,False,False,True,72.42787996127782
821,600963.SH,岳阳林纸,0.14933333333333335,28.08219178082192,1.263247715938189,1.711572362997936,1.0188104270052833,0.8319456160389146,1757567854.0,3.48,3.51,3.41,3.42,25026626.0,86451170.0,3.48,-1.7241379310344862,10.0,3.83,False,False,True,72.40851887705712
822,603066.SH,音飞储存,0.20947630922693264,33.293269230769226,0.9744312748451284,1.3590631226777052,0.8923617351322999,0.9415989308302466,294180074.0,9.19,9.26,9.11,9.11,3764600.0,34569693.0,9.16,-0.5458515283842891,10.0,10.08,False,False,True,72.39109390125849
823,300172.SZ,中电环保,0.2758620689655172,19.548872180451117,1.0703749719447009,2.2867627390065897,0.8085694342705709,0.8157792471915476,523512387.0,4.73,4.75,4.66,4.67,9766090.0,45908051.0,4.71,-0.849256900212314,20.0,5.65,False,False,True,72.35624394966119
824,002671.SZ,龙泉股份,0.23157894736842113,24.633431085043988,1.3053099115269484,1.7462427230597943,0.7985034394967845,0.9110354905345717,551396073.0,4.1,4.12,3.97,3.99,8772100.0,35296088.0,4.07,-1.9656019656019708,10.0,4.48,False,False,True,72.35140367860599
825,002270.SZ,华明装备,0.08695652173913047,30.644225188624507,1.6871203843273463,1.634453218277395,0.779887783340437,0.45293865629723257,896225431.0,19.15,19.23,18.86,19.0,6634820.0,126098265.0,19.01,-0.052603892688063425,10.0,20.91,False,False,True,72.33107454017424
826,600725.SH,云维股份,0.1564885496183205,34.129692832764505,1.0859257299431875,1.4714302863355657,0.9739241886393806,1.0795653804551295,1232470000.0,3.36,3.38,3.25,3.25,19577850.0,64672769.0,3.34,-2.6946107784431073,10.0,3.67,False,False,True,72.3213939980639
827,603080.SH,新疆火炬,0.3295454545454547,22.4147891392259,1.0597222116199503,1.3106194699646596,0.9072360394295917,1.3518275055161653,141500000.0,20.44,20.76,20.32,20.57,2507000.0,51521572.0,20.5,0.34146341463414664,10.0,22.55,False,False,True,72.3000968054211
828,300994.SZ,久祺股份,0.19621513944223096,33.229491173416406,1.0746191734316095,1.6786884049746198,0.7857508163775959,1.0796514206464003,118412160.0,11.6,11.68,11.29,11.33,2146100.0,24549677.0,11.6,-2.327586206896548,20.0,13.92,False,False,True,72.28460793804453
829,600089.SH,特变电工,0.25902335456475584,33.06451612903225,1.149993631707542,1.4041837796234315,0.5543101747916885,0.5108048036035019,5052792571.0,18.83,18.97,18.72,18.83,36241853.0,683096894.0,18.78,0.26624068157612424,10.0,20.66,False,False,True,72.27686350435624
830,600658.SH,电子城,0.1581920903954802,25.495750708215304,1.7746625232085744,1.0873081223788346,0.9391202489986326,0.7479001349401505,1118585045.0,4.11,4.12,4.04,4.05,9096310.0,37028046.0,4.09,-0.9779951100244544,10.0,4.5,False,False,True,72.26524685382383
831,600425.SH,青松建化,0.329608938547486,22.292993630573243,1.1642951226697025,1.0046880791557813,0.9947186662328033,0.7544782078830311,1604703707.0,3.76,3.78,3.7,3.71,12163899.0,45417896.0,3.73,-0.536193029490617,10.0,4.1,False,False,True,72.23039690222653
832,003028.SZ,振邦智能,0.26975476839237045,30.971659919028326,1.2761705251571114,1.2172880603341314,0.6701883515636257,1.892183944296715,70693645.0,23.65,24.5,23.3,23.43,1628310.0,38516752.0,23.72,-1.2225969645868418,10.0,26.09,False,False,True,72.22071636011617
833,300168.SZ,万达信息,0.1776649746192894,29.19540229885058,1.3902218615810145,1.2778019374733292,0.9694432705509686,0.8166091306347928,1439440508.0,5.08,5.12,4.96,4.97,15020054.0,75438684.0,5.05,-1.5841584158415856,20.0,6.06,False,False,True,72.18780251694095
834,600918.SH,中泰证券,0.3258928571428573,20.24539877300615,1.1630329291188912,0.8865898375972461,1.2174980338146562,0.9163032477623224,4562824063.0,5.62,5.72,5.6,5.64,37067705.0,210235554.0,5.62,0.3558718861209842,10.0,6.18,False,False,True,72.17424975798646
835,000069.SZ,华侨城Ａ,0.1764705882352941,26.114649681528658,1.6425194681245958,0.796366064371323,1.1222543509881915,1.094099473565019,6898601781.0,1.81,1.86,1.8,1.82,60107772.0,110225635.0,1.81,0.5524861878453136,10.0,1.99,False,False,True,72.15295256534367
836,002372.SZ,伟星新材,0.26078028747433274,27.78523489932885,1.0467382501302869,0.8841584622536024,1.1979029785130442,0.543749318769855,1470108109.0,8.69,8.83,8.63,8.67,7067700.0,61730205.0,8.72,-0.5733944954128489,10.0,9.59,False,False,True,72.13165537270088
837,000795.SZ,英洛华,0.15591397849462393,27.728983688833118,1.2702312091382162,1.5744481226768365,1.0957070085268983,0.5798546283004113,1116249027.0,8.6,8.65,8.55,8.6,10190807.0,87601258.0,8.55,0.5847953216374213,10.0,9.41,False,False,True,72.12971926427879
838,603170.SH,宝立食品,0.29484902309058614,28.450704225352098,1.1641331031920576,0.682941051473708,1.000400074705025,1.0860914788882554,400010000.0,12.33,12.68,12.33,12.37,2967020.0,37483816.0,12.31,0.4874086108854536,10.0,13.54,False,False,True,72.12003872216846
839,002481.SZ,双塔食品,0.20136518771331055,18.918918918918926,1.6143163077331586,1.112724010121691,1.213792178512616,0.7355758701681906,1118152600.0,4.31,4.33,4.23,4.25,9152000.0,39027475.0,4.29,-0.9324009324009341,10.0,4.72,False,False,True,72.108422071636
840,300675.SZ,建科院,0.24000000000000002,29.7752808988764,1.209595427059987,1.433544458285345,0.7915564904751149,0.9671194833220996,146666700.0,13.33,13.88,13.16,13.23,2033400.0,27202167.0,13.5,-2.0000000000000018,20.0,16.2,False,False,True,72.08712487899322
841,002035.SZ,华帝股份,0.12449799196787167,17.169373549883993,1.4816554595036677,1.96873410318738,1.5335630470908306,0.6708267402066891,782037666.9999999,4.62,4.66,4.59,4.59,10328211.0,47751421.0,4.62,-0.6493506493506551,10.0,5.08,False,False,True,72.06582768635043
842,000633.SZ,合金投资,0.21799999999999997,27.499999999999993,1.3506062366120553,1.7648683393769706,0.7171771893261993,1.234128058452933,385106373.0,5.54,5.56,5.36,5.4,8387900.0,45633132.0,5.49,-1.6393442622950838,10.0,6.04,False,False,True,72.05517909002904
843,301050.SZ,雷电微力,0.05232191636898506,33.6026441424899,1.7414329403649813,1.6355764531248853,0.7139596502748695,0.5756313059613106,210489977.0,29.72,29.99,29.12,29.19,1981740.0,58289562.0,29.72,-1.7833109017496573,20.0,35.66,False,False,True,72.03872216844144
844,301260.SZ,格力博,0.03285256410256411,35.36379018612521,1.6632347524209519,1.269939165421014,0.882389995690829,0.8314524717020115,205505655.0,12.34,12.39,12.1,12.15,2169922.0,26483690.0,12.23,-0.6541291905151292,20.0,14.68,False,False,True,71.92642787996128
845,301019.SZ,宁波色母,0.2115915363385465,31.336742147552975,1.1253350489670633,1.2212164058231316,0.9896398380669875,0.7596718589461945,145146658.0,15.66,15.98,15.38,15.38,1346560.0,20961544.0,15.57,-1.2202954399486154,20.0,18.68,False,False,True,71.90900290416263
846,002601.SZ,龙佰集团,0.19052319842053306,27.3758865248227,1.8273108409455616,0.9850720803216142,0.7879941926305747,0.5368418285610861,1979780012.0,15.69,15.86,15.52,15.81,10469629.0,165002964.0,15.59,1.4111610006414477,10.0,17.15,False,False,True,71.89545014520814
847,002997.SZ,瑞鹄模具,0.2539221382916909,29.641827912721276,1.3003040404686215,1.345839918603606,0.7306056615307052,0.7915147826247774,209321325.0,28.75,29.1,28.5,28.63,2229800.0,64383475.0,28.66,-0.10467550593161734,10.0,31.53,False,False,True,71.78509196515004
848,603321.SH,梅轮电梯,0.39696969696969703,25.607476635514015,1.1557075236209555,0.9564239776562625,0.7904671807725981,0.828979614972818,344564469.0,6.67,6.72,6.52,6.56,2731900.0,18025852.0,6.66,-1.501501501501512,10.0,7.33,False,False,True,71.75992255566312
849,601066.SH,中信建投,0.38926174496644284,30.514859773963998,0.898703923112102,0.329807760192396,0.9418509652606067,0.7430200356158759,6495671035.0,24.81,25.38,24.81,25.0,15917887.0,400432894.0,24.81,0.765820233776715,10.0,27.29,False,False,True,71.75217812197484
850,300374.SZ,中铁装配,0.1520522388059702,39.99999999999999,1.2602889630042047,1.164892323963551,0.8430296091358606,0.9380027227809709,245883447.0,11.32,11.37,11.09,11.1,2686700.0,30092799.0,11.23,-1.1576135351736516,20.0,13.48,False,False,True,71.72604065827686
851,300247.SZ,融捷健康,0.1388888888888889,23.988439306358387,1.3749114252586354,1.9171901894426486,1.139090081366153,0.6932995445599612,804040313.0,3.81,3.84,3.72,3.74,10687200.0,40214470.0,3.81,-1.8372703412073421,20.0,4.57,False,False,True,71.71151984511133
852,603214.SH,爱婴室,0.3382949932341,22.719449225473333,1.123056592046734,1.567412794666801,0.7780623633953205,1.105137625853718,138540036.0,14.18,14.3,13.7,13.73,2399800.0,33407375.0,14.12,-2.7620396600566477,10.0,15.53,False,False,True,71.70958373668925
853,600233.SH,圆通速递,0.22192866578599732,30.33783783783783,1.5004670945035354,0.626346845534619,0.9544272515882111,1.502821829579428,3424016438.0,16.4,17.03,16.4,16.89,32229846.0,545017681.0,16.48,2.487864077669899,10.0,18.13,False,False,True,71.69796708615682
854,002786.SZ,银宝山新,0.30787589498806667,26.262626262626277,1.0754680085745378,1.435932115001939,0.8120841432517809,0.9187438174694513,491861250.0,8.15,8.18,7.98,8.05,6488898.0,52264486.0,8.12,-0.8620689655172264,10.0,8.93,False,False,True,71.68247821878026
855,600668.SH,尖峰集团,0.15398550724637675,19.91084695393759,1.5855354182480215,1.6428988353550247,1.1488451831003281,0.6325960488131929,412900594.0,7.59,7.61,7.42,7.45,4291240.0,32130377.0,7.58,-1.715039577836408,10.0,8.34,False,False,True,71.67279767666989
856,600315.SH,上海家化,0.17870439314966494,18.444165621079044,1.485416325687018,1.4448306877398533,1.6089958477669726,0.8022280709688614,672225980.0,18.36,18.48,17.96,17.98,7791662.0,141391920.0,18.34,-1.9629225736095934,10.0,20.17,False,False,True,71.66118102613746
857,301656.SZ,联合动力,0.01213483146067414,36.289222373806275,1.3172210065353678,2.489854406967852,0.7390435808218816,0.7468430335382243,203631517.0,15.0,15.1,14.76,14.85,3786590.0,56383878.0,14.93,-0.5358338914936422,20.0,17.92,False,False,True,71.64762826718295
858,002676.SZ,顺威股份,0.11001410437235534,32.58928571428572,1.3698282210360186,1.7683835555262644,0.9041532099713172,0.6905087834863614,719974734.0,5.3,5.33,5.19,5.21,8791499.0,46034990.0,5.26,-0.9505703422053147,10.0,5.79,False,False,True,71.63988383349466
859,300365.SZ,恒华科技,0.22118380062305296,25.96153846153846,1.3793010058729738,1.9799532626353957,0.690438696945299,0.9192789522151467,511724617.0,4.89,4.93,4.74,4.78,9314050.0,44754990.0,4.87,-1.848049281314168,20.0,5.84,False,False,True,71.62633107454018
860,600137.SH,浪莎股份,0.3947089947089948,28.82392929979605,1.1124540231517135,1.1596933982768585,0.48622143396226414,0.9792217395741157,97217588.0,18.44,18.71,17.92,17.95,1104000.0,20088738.0,18.44,-2.6572668112798348,10.0,20.28,False,False,True,71.57212003872218
861,301011.SZ,华立科技,0.11643454038997211,22.163388804841123,1.892363158096612,1.4959154617580208,0.9774817762910271,1.1090193549783574,146696876.0,15.23,15.71,14.96,14.99,2433700.0,37155180.0,15.31,-2.090137165251471,20.0,18.37,False,False,True,71.5701839303001
862,600526.SH,菲达环保,0.33971291866028736,20.398009950248763,1.138698279177,1.092204616355973,1.0849214688455033,0.8541162708714426,874011140.0,4.72,4.76,4.64,4.66,8145200.0,38125239.0,4.73,-1.4799154334038112,10.0,5.2,False,False,True,71.56437560503387
863,002389.SZ,航天彩虹,0.19332827899924188,17.682558841279427,1.5000986751748313,2.0158862985731143,0.9847533474017224,1.1783230429187306,984767026.0,18.89,19.15,18.73,18.94,23391814.0,443509691.0,19.12,-0.9414225941422605,10.0,21.03,False,False,True,71.55082284607937
864,603300.SH,海南华铁,0.10569105691056915,28.23529411764707,1.489843358647872,2.0362691143252114,0.8881130601765814,0.8953998462280397,1999188217.0,4.93,5.04,4.81,4.82,36450700.0,178529367.0,4.9,-1.6326530612244872,10.0,5.39,False,False,True,71.54501452081317
865,603312.SH,西典新能,0.0828555045871561,31.11566018423746,1.5116737027939895,2.0654063767318953,0.8126028652568962,0.664819425715412,50919500.0,32.35,32.72,31.88,32.45,699187.0,22641724.0,32.2,0.7763975155279601,10.0,35.42,False,False,True,71.53920619554695
866,600713.SH,南京医药,0.38285714285714284,18.599562363238498,0.959499815006622,1.1774022371379416,1.1335992703781703,0.6551433165514262,1289813712.0,5.23,5.24,5.14,5.15,9949200.0,52503981.0,5.24,-1.717557251908397,10.0,5.76,False,False,True,71.53920619554694
867,000532.SZ,华金资本,0.20479302832244015,28.438469493278173,1.3251923785440294,1.51114854848415,0.8809340548391968,0.8525011908781718,343549746.0,11.65,11.71,11.5,11.52,4425800.0,51319797.0,11.55,-0.25974025974027093,10.0,12.71,False,False,True,71.53533397870281
868,002877.SZ,智能自控,0.2228163992869875,32.91338582677166,1.1227060241593498,1.8398815470086145,0.6402972678462211,1.0629160857398787,240514652.0,7.6,7.68,7.48,7.58,4703600.0,35530960.0,7.6,-0.2631578947368318,10.0,8.36,False,False,True,71.48112294288481
869,600763.SH,通策医疗,0.11782630777044188,16.784506609283746,1.5032542610565158,2.2743177310057736,1.3197960290222222,0.4803488806442028,444455953.0,34.91,35.3,34.9,35.03,4885594.0,171530808.0,34.85,0.5164992826398818,10.0,38.34,False,False,True,71.41916747337851
870,002564.SZ,天沃科技,0.11167512690355325,34.860050890585235,1.571659868308648,1.3290634006090933,0.8226938108270205,0.7314295543626887,858904477.0,4.6,4.62,4.48,4.48,8349550.0,37822827.0,4.59,-2.3965141612200314,10.0,5.05,False,False,True,71.41335914811229
871,002672.SZ,东江环保,0.2716981132075472,35.40983606557377,1.292907928953483,0.8111082091454549,0.7260381315232212,0.7820484532915963,905118302.0,3.77,3.8,3.7,3.71,5741400.0,21463552.0,3.77,-1.5915119363395291,10.0,4.15,False,False,True,71.39012584704744
872,002690.SZ,美亚光电,0.3214285714285713,21.301775147928993,1.1011890513043492,1.3372254056216328,1.0081044904940033,0.6153700993209792,427032322.0,16.22,16.3,15.98,15.99,3514000.0,56624012.0,16.22,-1.4180024660912394,10.0,17.84,False,False,True,71.35237173281703
873,603298.SH,杭叉集团,0.393579072532699,23.110338835794963,1.5313120565133431,0.3941083191241835,0.8119792732927125,0.6152702160220063,1309812049.0,26.15,26.28,25.61,26.0,3176073.0,82872006.0,25.84,0.6191950464396356,10.0,28.42,False,False,True,71.34753146176186
874,688616.SH,西力科技,0.34853420195439744,25.274725274725274,1.2951096662572965,1.0139981006059968,0.8080603802151638,0.9108401256545056,179378265.0,11.27,11.4,11.19,11.19,1656720.0,18673179.0,11.24,-0.4448398576512469,20.0,13.49,False,False,True,71.27202323330106
875,603098.SH,森特股份,0.19327731092436976,35.52338530066814,1.5231738155372498,0.8795249709531302,0.7836864007710385,1.2596954468369306,538799978.0,10.83,10.96,10.65,10.68,5969546.0,64472025.0,10.82,-1.2939001848428888,10.0,11.9,False,False,True,71.26815101645693
876,600660.SH,福耀玻璃,0.3592035757822022,26.23606143488322,1.4054640093708959,0.533024306228762,0.8463219602091532,0.678522562465789,2002986332.0,56.4,57.35,56.4,57.01,7244181.0,412366079.0,56.37,1.1353556856483982,10.0,62.01,False,False,True,71.26234269119071
877,000680.SZ,山推股份,0.2692307692307691,22.683706070287535,1.2696164285316045,1.5435214904445858,0.9191470057591081,0.43959100846054,1314570547.0,10.43,10.56,10.4,10.43,8919600.0,93445279.0,10.4,0.28846153846153744,10.0,11.44,False,False,True,71.23136495643756
878,301223.SZ,中荣股份,0.3886010362694301,16.41497045305318,1.6224255167862143,0.6601218386438431,0.892402438768296,0.9449733668466265,193127560.0,17.66,17.72,17.48,17.51,1204725.0,21230765.0,17.48,0.17162471395881784,20.0,20.98,False,False,True,71.21781219748306
879,600057.SH,厦门象屿,0.26984126984127,26.02996254681649,1.4401007913246884,0.8450747768984259,0.9697454659361581,1.0032158860884348,2092510164.0,6.36,6.54,6.35,6.39,17740143.0,114491150.0,6.36,0.4716981132075304,10.0,7.0,False,False,True,71.2081316553727
880,600128.SH,苏豪弘业,0.26269702276707535,23.496503496503497,1.2687785979230926,1.578539252535277,0.9070803472887583,1.3937487604522332,246767500.0,8.66,8.74,8.36,8.39,5429100.0,46184508.0,8.65,-3.0057803468208077,10.0,9.52,False,False,True,71.20038722168442
881,002462.SZ,嘉事堂,0.20907079646017684,31.518624641833792,1.3034488333316367,1.23390765084809,0.9042889962638897,0.5330496037259587,291470419.0,12.35,12.47,12.19,12.28,1917100.0,23582592.0,12.36,-0.6472491909385147,10.0,13.6,False,False,True,71.20038722168441
882,002666.SZ,德联集团,0.21755725190839692,22.282608695652172,1.0822882577503006,2.2263001501140653,1.0072476341477736,1.424543327367839,500793826.0,4.26,4.33,4.17,4.24,15882481.0,67347710.0,4.25,-0.23529411764705577,10.0,4.68,False,False,True,71.17521781219747
883,600231.SH,凌钢股份,0.2192982456140351,28.47682119205297,1.7757388155001177,0.5088980053504214,0.8955742243754826,1.0201167760945113,2836383381.0,1.77,1.78,1.74,1.75,14724670.0,25917264.0,1.76,-0.5681818181818232,10.0,1.94,False,False,True,71.13843175217812
884,000785.SZ,居然智家,0.20652173913043484,30.051813471502587,1.4411135307222787,0.8576886134767832,1.0508195127039601,1.0041671110587425,6176865685.000001,2.3,2.33,2.27,2.28,53199040.0,122203764.0,2.31,-1.2987012987013102,10.0,2.54,False,False,True,71.09196515004841
885,002722.SZ,物产金轮,0.37638376383763844,20.940550133096725,1.0306267904263455,1.362095937519572,0.9343350690644527,0.9472004603403199,222357010.0,13.27,13.44,13.16,13.17,2868801.0,38018062.0,13.31,-1.0518407212622094,10.0,14.64,False,False,True,71.07066795740562
886,300210.SZ,森远股份,0.0873180873180873,32.81653746770026,1.8915698753432164,1.5359046656220656,0.6638841473843498,1.734482714318443,484219953.0,8.24,8.3,7.98,8.26,12899620.0,104924649.0,8.16,1.225490196078427,20.0,9.79,False,False,True,71.06098741529526
887,603345.SH,安井食品,0.17624792997397684,25.48755884330869,1.0450397474831825,2.0905538640118864,1.1938398845855758,0.7594423585493856,293294232.0,75.6,76.88,75.37,75.72,4656501.0,354196660.0,75.8,-0.10554089709762238,10.0,83.38,False,False,True,71.02420135527589
888,300851.SZ,交大思诺,0.25097168239866735,26.976976976976985,1.2041701971176915,1.8356538236668478,0.7845884732998321,0.8822798179717428,56663527.0,24.58,24.83,24.01,24.09,917700.0,22353130.0,24.5,-1.6734693877551,20.0,29.4,False,False,True,71.02420135527589
889,002099.SZ,海翔药业,0.1327014218009478,22.176591375770016,2.2792565589179703,1.211954434274399,0.8918080481754845,0.695049734495133,1616843253.0,5.44,5.48,5.29,5.34,13619780.0,72717072.0,5.43,-1.6574585635359074,10.0,5.97,False,False,True,71.01452081316553
890,600893.SH,航发动力,0.21911348632505495,30.97928436911488,1.4103585332135613,1.085812281887926,0.8905399769433459,0.9447751732633595,2665124758.0,38.73,39.48,38.63,39.16,27340142.0,1068260484.0,38.83,0.8498583569405138,10.0,42.71,False,False,True,71.01452081316553
891,002444.SZ,巨星科技,0.27967479674796764,30.576631259484067,1.5639367370324486,0.7767263565479176,0.6990426870506601,0.9198878071455031,1147158478.0,29.9,30.72,29.77,30.55,8196460.0,248695370.0,29.8,2.5167785234899265,10.0,32.78,False,False,True,70.99903194578896
892,002961.SZ,瑞达期货,0.1517730496453901,23.601789709172284,1.8305859831680025,1.469718472989839,0.9152038330855095,0.953012974863692,476931183.0,20.14,20.5,20.0,20.03,6680188.0,134830410.0,20.02,0.04995004995005381,10.0,22.02,False,False,True,70.95062923523717
893,603908.SH,牧高笛,0.3445575567736885,29.89690721649485,1.0975816069045607,1.0789838387127855,0.7790788677432748,0.8884132726972449,93126988.0,19.92,20.22,19.39,19.43,892700.0,17595605.0,19.92,-2.4598393574297273,10.0,21.91,False,False,True,70.91190706679573
894,000529.SZ,广弘控股,0.35944700460829465,22.22222222222221,1.3092223692309113,0.8172020216655224,0.9995728034853106,1.1813345524307457,569884377.0,5.04,5.07,4.93,4.94,5501601.0,27407255.0,5.01,-1.3972055888223478,10.0,5.51,False,False,True,70.89448209099709
895,300288.SZ,朗玛信息,0.18411967779056385,23.604651162790713,1.348474540534366,1.8934106330710874,1.0506735511990917,0.7741851936400631,257836666.0,10.33,10.39,9.97,9.98,3779500.0,38130539.0,10.2,-2.1568627450980316,20.0,12.24,False,False,True,70.83059051306873
896,600979.SH,广安爱众,0.17916666666666653,39.2757660167131,1.0993506425252833,1.9744285146652143,0.5043640496537145,0.669698090730083,1241686456.0,4.0,4.04,3.97,3.98,16418460.0,65671755.0,4.02,-0.995024875621886,10.0,4.42,False,False,True,70.80929332042595
897,600966.SH,博汇纸业,0.07675438596491241,31.506849315068486,1.9640465304948465,1.0103941477139278,0.9569179891795,1.1617590449860529,1336844288.0,4.75,4.89,4.75,4.78,15692340.0,75524824.0,4.73,1.0570824524312794,10.0,5.2,False,False,True,70.79961277831559
898,001219.SZ,青岛食品,0.3556034482758622,21.816562778272484,1.0158871072024784,1.4774099817295128,0.9252150016043115,0.5637006319064023,190197500.0,12.9,13.04,12.74,12.8,1583997.0,20356083.0,12.88,-0.6211180124223614,10.0,14.17,False,False,True,70.76089060987414
899,002917.SZ,金奥博,0.22382671480144412,35.21276595744682,1.1192270500172379,1.4108822382423174,0.7990104875345055,0.780493500346592,260546731.0,10.69,10.7,10.39,10.44,2869100.0,30145468.0,10.64,-1.8796992481203145,10.0,11.7,False,False,True,70.72410454985479
900,601702.SH,华峰铝业,0.14346895074946464,32.2556943423953,1.6083688926716078,1.044974039854157,0.9916302382257527,0.7951210888503156,998530600.0,15.65,16.06,15.65,16.04,8296600.0,132153017.0,15.62,2.688860435339313,10.0,17.18,False,False,True,70.71442400774443
901,000090.SZ,天健集团,0.29787234042553173,26.101694915254225,1.4413169801136374,0.9124113014028323,0.8792817097966548,0.8721198066668029,1868459934.0,3.51,3.57,3.47,3.48,14867933.0,52313983.0,3.51,-0.8547008547008517,10.0,3.86,False,False,True,70.69893514036787
902,601615.SH,明阳智能,0.0161194029850746,32.028836251287316,1.9590402611510271,1.967646770474663,0.58997945306589,2.6602932259368512,2261496706.0,10.0,10.04,9.12,9.18,118378438.0,1123345642.0,9.98,-8.016032064128265,10.0,10.98,False,False,True,70.68731848983543
903,600217.SH,中再资环,0.2865168539325842,23.465703971119133,1.5225469685388133,0.8044132931499196,0.9953088454446011,0.6215261572026579,1657653673.0000002,3.29,3.3,3.21,3.22,8287670.0,26891405.0,3.28,-1.8292682926829174,10.0,3.61,False,False,True,70.67376573088094
904,600446.SH,金证股份,0.13611615245009076,28.144329896907227,1.5142453394708377,1.8604606332096547,0.9082833455971917,0.614981429582308,941267479.0,11.3,11.34,11.07,11.08,10769500.0,120537771.0,11.2,-1.0714285714285676,10.0,12.32,False,False,True,70.65440464666021
905,688522.SH,纳睿雷达,0.07701564380264746,30.25495750708216,1.47969519057586,2.1912613544056416,0.9045181652220713,0.7338651259559967,172184486.0,18.93,18.98,18.56,18.64,2768882.0,51850719.0,18.93,-1.5319598520866284,20.0,22.72,False,False,True,70.65246853823813
906,002166.SZ,莱茵生物,0.17931034482758623,25.082508250825096,1.3971266001878313,1.580284195226498,1.1370403158392564,0.6951268578455166,738553925.0,6.85,6.91,6.71,6.76,8113000.0,54991723.0,6.84,-1.1695906432748537,10.0,7.52,False,False,True,70.63310745401742
907,000008.SZ,神州高铁,0.2517482517482516,31.79723502304148,1.041534506804045,1.2770625289867008,0.9404687932726385,0.8273200938566053,2716296952.0,2.53,2.55,2.48,2.49,28698750.0,71913980.0,2.53,-1.5810276679841695,10.0,2.78,False,False,True,70.60793804453048
908,600071.SH,凤凰光学,0.2519214346712211,34.76702508960574,1.4660603976509143,0.8522841583510559,0.7095729126257226,0.8987512822110704,281573889.0,17.18,17.18,16.54,16.58,2156832.0,36056243.0,16.9,-1.8934911242603603,10.0,18.59,False,False,True,70.59051306873184
909,600249.SH,两面针,0.3172205438066465,26.605504587155938,1.230333620318715,1.331309136363631,0.7958337633294026,1.4743382632836353,550000000.0,5.42,5.43,5.25,5.27,10795400.0,57402708.0,5.41,-2.5878003696857776,10.0,5.95,False,False,True,70.58857696030978
910,688389.SH,普门科技,0.35976789168278556,23.290598290598297,1.451427405597799,0.5256214250122115,0.9759524549796713,0.7363535985587153,428485730.0,11.29,11.38,11.12,11.13,1658425.0,18658338.0,11.22,-0.8021390374331583,20.0,13.46,False,False,True,70.53823814133591
911,603866.SH,桃李面包,0.34123222748815146,23.676880222841245,1.2993749392306904,0.7528102487464381,1.0680346232712066,0.7210293394219255,1599719155.0,4.32,4.35,4.25,4.27,8683248.0,37284706.0,4.31,-0.9280742459396807,10.0,4.74,False,False,True,70.53049370764762
912,600276.SH,恒瑞医药,0.010884831460674238,27.500549571334343,1.7835567508893024,1.4503425461547292,1.2084622966605423,0.5435923263891681,6379002274.0,45.6,46.09,45.36,45.96,50291740.0,2300358125.0,45.57,0.8558262014483287,10.0,50.13,False,False,True,70.52662149080348
913,600651.SH,飞乐音响,0.10919540229885048,33.93574297188753,1.7281990525799222,0.8523899622238515,1.0388865673858492,0.5088234659696884,2507028015.0,5.55,5.6,5.49,5.5,10873382.0,60220861.0,5.55,-0.9009009009009028,10.0,6.11,False,False,True,70.5246853823814
914,300003.SZ,乐普医疗,0.07864077669902918,22.615803814713907,1.8530389023362992,1.8139243777031755,1.061933247150948,0.36334153846412764,1578912054.0,11.85,11.89,11.78,11.82,10406200.0,123072079.0,11.82,0.0,20.0,14.18,False,False,True,70.4511132623427
915,600640.SH,国脉文化,0.24277456647398846,21.256544502617803,1.5252446726345288,1.0343693436233672,1.2135177776918133,0.9547960318944178,791551340.0,11.25,11.43,11.01,11.04,7817454.0,87489167.0,11.23,-1.6918967052537925,10.0,12.35,False,False,True,70.42594385285574
916,300002.SZ,神州泰岳,0.14460511679644056,32.65007320644217,1.285613963959087,1.9288131852657007,0.9036244833884336,0.8225019796641531,1851049053.0,8.19,8.31,8.15,8.17,29366017.0,241645482.0,8.13,0.49200492004919383,20.0,9.76,False,False,True,70.38334946757018
917,601008.SH,连云港,0.20769230769230768,23.453608247422686,1.394790974831735,1.1870808752250928,1.6028986288040932,1.4545202263281582,1240638006.0,4.42,4.55,4.4,4.46,21421267.0,96651121.0,4.42,0.9049773755656076,10.0,4.86,False,False,True,70.36786060019361
918,600335.SH,国机汽车,0.25193798449612415,21.75824175824177,1.2859347101622176,1.1562295278941048,1.5856673264080619,0.745994639808627,1487456892.0,5.19,5.26,5.15,5.16,12829926.0,66602808.0,5.2,-0.7692307692307665,10.0,5.72,False,False,True,70.36398838334948
919,301090.SZ,华润材料,0.30149253731343273,19.738988580750405,1.5318794856213738,0.7669210841320195,1.1623551195119934,0.6594934121309266,1470933296.0,7.14,7.22,7.07,7.11,7439670.0,53015347.0,7.14,-0.42016806722687816,20.0,8.57,False,False,True,70.36398838334947
920,688013.SH,天臣医疗,0.08785004516711835,29.60682141165325,1.7879123148756833,1.478524833776099,0.9401314093599004,0.7180030897428024,81155600.0,25.2,25.55,24.7,24.8,861536.0,21619051.0,25.0,-0.8000000000000007,20.0,30.0,False,False,True,70.33107454017426
921,002602.SZ,世纪华通,0.19519230769230766,27.916666666666657,1.7054851756118854,1.3649164296550031,0.7786887587802219,1.9367038888277517,6796829127.0,14.03,14.68,13.95,14.57,179670029.0,2592776831.0,14.03,3.8488952245189,10.0,15.43,False,False,True,70.3000968054211
922,003038.SZ,鑫铂股份,0.13557929334428925,36.411889596602975,1.157567903147898,2.1166824459178057,0.8166305578473286,0.7384051224934645,162031348.0,11.17,11.24,10.91,10.94,2532500.0,27967728.0,11.07,-1.1743450767841113,10.0,12.18,False,False,True,70.2729912875121
923,002404.SZ,嘉欣丝绸,0.17669172932330823,27.137546468401496,1.4339982130073539,1.779510942977635,0.9438151559553771,0.6962066693636941,455787096.0,5.85,5.9,5.78,5.79,5646780.0,32886100.0,5.85,-1.025641025641022,10.0,6.44,False,False,True,70.26524685382381
924,000419.SZ,通程控股,0.30859374999999994,19.25754060324827,1.3430031950292538,1.3235111318995207,1.0470244103701505,1.0554576237487807,543582655.0,5.1,5.16,5.03,5.03,7593360.0,38595343.0,5.1,-1.3725490196078272,10.0,5.61,False,False,True,70.23426911907066
925,605500.SH,森林包装,0.23148148148148145,28.474576271186436,1.578810604953834,1.047546126930496,0.8631374552937873,1.016187133326606,414400000.0,7.4,7.5,7.27,7.32,4411300.0,32435276.0,7.4,-1.0810810810810811,10.0,8.14,False,False,True,70.17231364956437
926,605009.SH,豪悦护理,0.3325842696629215,25.169409486931272,1.1844835309126183,0.725646577139147,1.222713895176225,0.5567601729263817,214957453.0,25.26,25.34,24.94,24.94,868452.0,21826011.0,25.1,-0.6374501992031822,10.0,27.61,False,False,True,70.1703775411423
927,002332.SZ,仙琚制药,0.26804123711340183,18.518518518518512,1.1629448711669976,1.5772498602487868,1.501362596455928,0.8744610765542452,985714191.0,8.6,8.64,8.56,8.61,13595400.0,118232405.0,8.61,0.0,10.0,9.47,False,False,True,70.1645692158761
928,000701.SZ,厦门信达,0.222972972972973,27.315914489311165,1.2449318068164177,1.7872494739700107,0.9129313060451157,0.6684934379656,667746631.0,5.2,5.26,5.1,5.11,7978000.0,41122534.0,5.2,-1.7307692307692246,10.0,5.72,False,False,True,70.14520813165538
929,300177.SZ,中海达,0.17996870109546156,33.086876155268016,1.3663161507904187,1.497842042743718,0.8730521603930331,0.791854618170086,606303251.0,6.58,6.65,6.43,6.46,7191200.0,46788584.0,6.56,-1.5243902439024293,20.0,7.87,False,False,True,70.12584704743466
930,002692.SZ,远程股份,0.2461538461538461,30.930930930930934,1.4125922615200932,1.5454847760189956,0.6463409787357997,0.7266268412630255,717861675.0,4.31,4.34,4.22,4.25,8061520.0,34403628.0,4.29,-0.9324009324009341,10.0,4.72,False,False,True,70.1026137463698
931,300315.SZ,掌趣科技,0.09756097560975598,22.702702702702695,1.6780824364712763,2.304877819604605,0.9823793591623585,0.9090506393469514,2707580778.0000005,4.1,4.16,4.0,4.01,56730604.0,230923915.0,4.1,-2.195121951219514,20.0,4.92,False,False,True,70.06389157792836
932,300349.SZ,金卡智能,0.08246527777777772,38.445154419595305,1.3720299688655757,1.8724310046980048,0.8358025616185317,0.6407979006361266,369737928.0,10.34,10.47,10.24,10.3,4436300.0,45998074.0,10.34,-0.3868471953578201,20.0,12.41,False,False,True,70.04453049370765
933,603444.SH,吉比特,0.18414969386480085,25.778624967691922,1.2483504179127247,2.413133025271222,0.930823113915355,0.6736469940192618,72041101.0,368.5,376.41,368.5,370.8,1171100.0,448486589.0,368.47,0.632344559937037,10.0,405.32,False,False,True,70.0348499515973
934,301589.SZ,诺瓦星云,0.17470808548138372,26.60629921259843,1.3459816097584918,2.0164713668607135,0.9823774494906304,0.5203546222923797,34464960.0,142.87,144.15,141.47,141.77,361634.0,51813458.0,142.86,-0.7629847403051948,20.0,171.43,False,False,True,70.00193610842207
935,301153.SZ,中科江南,0.21638822593476523,33.052495139338966,1.4627256127620136,1.1738890692041106,0.808038494241612,0.7533583022339063,331752348.0,18.18,18.32,17.75,17.82,2933882.0,52862332.0,18.15,-1.8181818181818077,20.0,21.78,False,False,True,69.97676669893514
936,002662.SZ,峰璟股份,0.2567567567567567,37.91946308724834,1.482506157370532,0.778900794150002,0.5988075833950505,0.8376471377290825,1499981099.9999998,3.37,3.4,3.31,3.32,9786537.0,32741198.0,3.36,-1.1904761904761862,10.0,3.7,False,False,True,69.96902226524685
937,300294.SZ,博雅生物,0.07326892109500807,24.633431085043988,1.8089274196143723,1.5188391805157038,1.2855309508173334,0.5436247802735478,504248738.0,14.55,14.64,14.38,14.42,4163474.0,60278615.0,14.55,-0.8934707903780148,20.0,17.46,False,False,True,69.95643756050339
938,301078.SZ,孩子王,0.1612903225806452,28.075709779179792,1.806343178597626,1.40870567600199,0.8248431170062657,0.9941662669612987,1260986021.0,7.26,7.34,7.15,7.15,17671066.0,128215385.0,7.24,-1.2430939226519278,20.0,8.69,False,False,True,69.94966118102614
939,600739.SH,辽宁成大,0.3793103448275863,16.288659793814443,1.2386166649139325,1.1026387454312927,1.2474000214988952,0.7467195817211734,1522315928.0000002,10.95,11.09,10.9,10.96,12534170.0,137855155.0,10.91,0.45829514207149646,10.0,12.0,False,False,True,69.93417231364957
940,300793.SZ,佳禾智能,0.2254395036194416,31.96300102774923,1.2898622929486234,1.39644637762701,0.8615819786584926,1.0215138086763604,372088326.0,11.98,11.98,11.65,11.66,5307800.0,62497953.0,11.91,-2.099076406381195,20.0,14.29,False,False,True,69.89157792836399
941,600399.SH,抚顺特钢,0.15929203539823006,27.540106951871635,1.6832420569596411,1.668129273363415,0.8419345430838042,0.5928958513018202,1972100000.0,4.46,4.5,4.41,4.43,19504600.0,86728283.0,4.46,-0.6726457399103158,10.0,4.91,False,False,True,69.85285575992256
942,002765.SZ,蓝黛科技,0.14479166666666662,37.97678275290215,1.0845300712192123,1.7226345479042455,0.9576069890325042,2.0913580923769786,595908390.0,7.56,7.6,7.25,7.3,21468468.0,157995464.0,7.42,-1.6172506738544534,10.0,8.16,False,False,True,69.84898354307842
943,600760.SH,中航沈飞,0.28832429346274624,30.31578947368423,1.255616172277405,0.630415484359188,1.092853310032772,0.9559537067682551,2829552651.0,48.0,48.47,47.27,48.02,17052243.0,816065314.0,48.1,-0.16632016632016633,10.0,52.91,False,False,True,69.8354307841239
944,603025.SH,大豪科技,0.15174672489082958,26.202321724709776,1.6982603181301386,1.1110895099666986,1.267605196369694,0.4097290582649664,1109174773.0,13.5,13.64,13.42,13.5,5049470.0,68304459.0,13.45,0.3717472118959231,10.0,14.8,False,False,True,69.82575024201354
945,688269.SH,凯立新材,0.013821441912588757,33.578792341678955,1.883679994280545,1.2273019953482627,0.9944533439135071,1.0159071618010678,130704000.0,27.55,27.73,26.95,27.18,1629650.0,44385961.0,27.53,-1.2713403559753034,20.0,33.04,False,False,True,69.73668925459826
946,002307.SZ,北新路桥,0.0764525993883792,37.05035971223023,1.4129850806308295,1.4192150700033297,1.0869122390218242,0.5531704058867287,1629123037.0,3.06,3.07,3.02,3.02,12789720.0,38872574.0,3.03,-0.3300330033003229,10.0,3.33,False,False,True,69.72894482090996
947,001201.SZ,东瑞股份,0.25243902439024396,25.853658536585368,1.2455503737945741,1.552026130667118,1.0001122869791983,0.6608815803113623,212507395.0,12.45,12.47,12.17,12.24,2179700.0,26730118.0,12.32,-0.6493506493506551,10.0,13.55,False,False,True,69.69796708615684
948,300987.SZ,川网传媒,0.16464237516869104,24.615384615384617,1.4734187812869548,2.15187142379216,0.9713733401031089,2.2980494491793797,173368000.0,14.3,15.3,13.93,13.94,8573233.0,124116726.0,14.14,-1.4144271570014189,20.0,16.97,False,False,True,69.60890609874154
949,002642.SZ,荣联科技,0.23927392739273917,30.47138047138047,1.2194202857107812,1.9023698714565531,0.7644489110219436,0.6767439968229668,661580313.0,7.49,7.49,7.28,7.3,8517300.0,62873797.0,7.39,-1.2178619756427533,10.0,8.13,False,False,True,69.59148112294288
950,301199.SZ,迈赫股份,0.14536157779401013,37.02337023370232,1.585226077690494,0.9649702832948449,0.9376522120278091,0.9142650892930679,179675875.0,18.25,18.56,18.05,18.12,1585170.0,28915237.0,18.25,-0.7123287671232825,20.0,21.9,False,False,True,69.54695062923523
951,300869.SZ,康泰医学,0.17364532019704434,22.745490981963922,1.6049753987085484,1.5216689018150276,1.1837930843256357,0.6645169624169129,263734916.0,11.39,11.53,11.2,11.21,2666821.0,30187024.0,11.39,-1.5803336259877065,20.0,13.67,False,False,True,69.54307841239108
952,600133.SH,东湖高新,0.2993039443155454,24.09470752089138,1.262806390332975,1.61522621258185,0.8776482720091165,0.6023237137327506,1066239875.0,8.46,8.52,8.35,8.37,10373331.0,87314879.0,8.47,-1.1806375442739214,10.0,9.32,False,False,True,69.5295256534366
953,688466.SH,金科环境,0.2793994995829858,34.076717216770724,1.3722268384748093,0.9206513913665363,0.7833408734010441,1.180958193740981,122154152.0,14.56,14.83,14.15,14.3,1328122.0,19133405.0,14.56,-1.7857142857142794,20.0,17.47,False,False,True,69.52565343659245
954,688586.SH,江航装备,0.19457547169811323,35.610766045548644,1.6310398151757988,0.8088720432279425,0.8471414546448831,0.7396271336694474,791339155.9999999,11.31,11.43,11.2,11.31,4734295.0,53550851.0,11.31,0.0,20.0,13.57,False,False,True,69.47144240077445
955,002588.SZ,史丹利,0.0827423167848699,19.55380577427821,1.8803590043426504,2.033819034751799,1.1881464943834879,0.5529425049850788,858636570.0000001,8.0,8.09,7.93,7.97,9656098.0,77359881.0,7.97,0.0,10.0,8.77,False,False,True,69.46757018393029
956,603059.SH,倍加洁,0.18054909260120983,26.71328671328672,1.5499976834231548,1.3565599156584354,1.0818525194920883,0.7960243255992675,100448700.0,25.41,25.68,24.61,24.68,1084700.0,27112222.0,25.33,-2.5661271219897253,10.0,27.86,False,False,True,69.44820909970959
957,603160.SH,汇顶科技,0.15243751546646864,37.36853402017599,1.6411795636621833,1.07508084714422,0.8196565002274236,1.7616620233500015,465982755.00000006,52.83,54.01,52.4,53.92,8825383.0,470210819.0,52.75,2.2180094786729887,10.0,58.03,False,False,True,69.44433688286544
958,605499.SH,东鹏饮料,0.08773833514183854,34.09926470588236,1.6627299660300452,1.0870962249612348,1.1572908359757965,0.6684930761985154,676016900.0,120.0,120.76,118.81,118.92,4912725.0,587718639.0,120.12,-0.9990009990009985,10.0,132.13,False,False,True,69.43852855759923
959,605338.SH,巴比食品,0.14546599496221674,25.318761384335176,1.8884825152894886,1.0939374152151384,1.1785566813271813,0.4789542953322924,239566662.0,18.75,19.0,18.62,18.71,1255200.0,23606489.0,18.78,-0.37273695420660946,10.0,20.66,False,False,True,69.39980638915779
960,002221.SZ,东华能源,0.1490196078431372,25.396825396825395,1.7235397821805407,1.6143003971421137,1.0053175846092035,0.6382812213718093,1461003187.0,5.79,5.85,5.72,5.77,15053850.0,87142279.0,5.8,-0.5172413793103514,10.0,6.38,False,False,True,69.38431752178123
961,002252.SZ,上海莱士,0.26838235294117657,27.751196172248815,1.3428333387041633,0.7750761618596912,1.2574931408192587,0.5406134024256449,6588259885.0,4.9,4.95,4.89,4.92,27605900.0,135808421.0,4.91,0.20366598778003286,10.0,5.4,False,False,True,69.33204259438529
962,002510.SZ,天汽模,0.1847290640394089,36.97813121272364,1.3017117002022434,1.6224477532077235,0.7710469790513458,2.236929788173095,1015096290.0,5.83,5.99,5.8,5.81,36840907.0,217067891.0,5.78,0.519031141868509,10.0,6.36,False,False,True,69.31461761858664
963,301004.SZ,嘉益股份,0.12852112676056335,35.61553653719554,1.7849400381828069,0.5319972191073375,1.0865201492134184,0.581421484380098,136107375.0,34.86,35.25,34.75,34.94,421000.0,14725445.0,34.76,0.5178365937859697,20.0,41.71,False,False,True,69.31268151016457
964,002368.SZ,太极股份,0.0793650793650793,35.9594383775351,1.6460806226260605,1.491561617030834,0.8900227191433503,0.6371481043835903,621573946.0,14.23,14.29,13.81,13.83,5907101.0,82645104.0,14.12,-2.053824362606227,10.0,15.53,False,False,True,69.297192642788
965,301258.SZ,富士莱,0.2587800369685767,25.20661157024793,1.328648152120221,1.258552822155894,1.1288762364056886,0.6824791779770212,91136000.0,25.98,26.29,25.57,25.77,782800.0,20235387.0,25.98,-0.8083140877598205,20.0,31.18,False,False,True,69.28363988383349
966,600597.SH,光明乳业,0.3449477351916378,22.166666666666668,1.197419091926611,0.8460302642385915,1.5314157200000762,0.7718217779157187,1378455363.0,6.98,7.04,6.87,6.88,9001101.0,62511359.0,6.99,-1.5736766809728242,10.0,7.69,False,False,True,69.27202323330107
967,600906.SH,财达证券,0.34259259259259267,30.37156704361874,0.8797778462402001,1.4083912422211065,0.8281360041274017,1.1387245454915258,2124234950.0,6.69,6.75,6.62,6.64,34067836.0,227542948.0,6.65,-0.15037593984963404,10.0,7.32,False,False,True,69.26427879961278
968,002356.SZ,鹏飞绿能,0.18000000000000005,38.33333333333333,1.546685436329532,1.3280769657512113,0.6360707212788059,0.8557071142681297,1311247021.0,2.88,2.89,2.81,2.81,14901600.0,42327152.0,2.85,-1.403508771929829,10.0,3.14,False,False,True,69.25847047434657
969,002004.SZ,华邦健康,0.3208556149732623,21.134020618556715,1.044662431070321,1.5308192169815682,1.1878021810527777,0.5945512965853371,1885347429.0,4.49,4.52,4.42,4.43,17159500.0,76688042.0,4.48,-1.1160714285714413,10.0,4.93,False,False,True,69.20232333010648
970,603258.SH,电魂网络,0.23083264633140982,28.930232558139537,1.5641204650419336,1.1652241938648267,0.8827434733223812,0.9218155474221702,241341350.0,13.55,13.75,13.36,13.43,2592300.0,35170459.0,13.55,-0.8856088560885711,10.0,14.91,False,False,True,69.16166505324298
971,002813.SZ,路畅科技,0.27460815047021947,30.195177956371964,1.0288039816525019,1.3306575958627271,1.027801024352532,0.9579712073082269,119892056.0,21.95,22.38,21.74,21.86,1528302.0,33616041.0,21.8,0.2752293577981568,10.0,23.98,False,False,True,69.12100677637947
972,002408.SZ,齐翔腾达,0.34980988593155915,25.663716814159287,1.3200361560514082,1.1228511078466241,0.8796307232514906,0.5881074755865556,2751751309.0,5.44,5.5,5.41,5.44,18169659.0,99040322.0,5.44,0.0,10.0,5.98,False,False,True,69.11519845111326
973,600675.SH,中华企业,0.2222222222222221,21.999999999999996,1.8478239173319424,0.6540546735241404,1.3201676559876443,1.0176596221481755,6046135331.0,2.28,2.34,2.24,2.29,40243381.0,92189826.0,2.28,0.43859649122808264,10.0,2.51,False,False,True,69.09196515004841
974,300226.SZ,上海钢联,0.18379594898724677,21.40883977900552,1.545416346677227,2.1883881475205014,0.9723035220626676,0.8417854485179996,367696869.0,17.05,17.19,16.66,16.74,6773540.0,114397489.0,16.93,-1.1222681630242204,20.0,20.32,False,False,True,69.0861568247822
975,000935.SZ,四川双马,0.2500000000000001,34.59330143540671,1.719014923807033,0.606462188316157,0.7184053974081729,0.5925213083404227,763440333.0,22.45,22.5,22.08,22.28,2743360.0,61094967.0,22.28,0.0,10.0,24.51,False,False,True,69.07454017424976
976,300098.SZ,高新兴,0.1348314606741572,27.427184466019416,1.5000606784817916,2.330719454305221,0.9143937657878346,0.9193548633742643,1541743627.0,4.61,4.64,4.48,4.49,33035839.0,149849507.0,4.6,-2.391304347826073,20.0,5.52,False,False,True,69.04743465634074
977,000655.SZ,金岭矿业,0.21578947368421045,23.731587561374788,1.5792451250083066,1.27066970595956,1.1175224658740748,0.6687413657342087,595340230.0,7.36,7.36,7.23,7.28,5058900.0,36846875.0,7.34,-0.8174386920980825,10.0,8.07,False,False,True,69.03388189738625
978,002019.SZ,亿帆医药,0.10830860534124635,21.83020948180816,1.7947988996347188,1.8998664604681748,1.1641214774206192,0.5270786630170085,842518305.0,9.8,9.85,9.61,9.66,8436802.0,81906239.0,9.8,-1.4285714285714346,10.0,10.78,False,False,True,68.9835430784124
979,000031.SZ,大悦城,0.09178743961352677,26.108374384236477,2.084935542077832,1.0022572296359906,1.3857207947894332,1.299361650291716,4286304701.0,2.21,2.28,2.18,2.22,55820315.0,124617941.0,2.22,0.0,10.0,2.44,False,False,True,68.98257502420135
980,000786.SZ,北新建材,0.012934518997574787,29.247572815533985,1.774759305318534,1.4253698296832134,1.3896727544913117,0.7160075868370622,1689507842.0,16.61,16.88,16.53,16.56,17242705.0,287604930.0,16.64,-0.48076923076924016,10.0,18.3,False,False,True,68.9757986447241
981,601696.SH,中银证券,0.24576271186440687,30.66538090646096,1.352885720118097,1.227452345212377,0.944911822388659,1.5220880680554927,2778000000.0,11.86,12.25,11.82,11.98,51901112.0,626500212.0,11.81,1.4394580863674955,10.0,12.99,False,False,True,68.96224588576959
982,600429.SH,三元股份,0.21084337349397594,23.484848484848484,1.8648716855244458,1.04058164177538,1.0168121841487963,0.7170813957459153,1497557426.0,4.65,4.68,4.55,4.57,11174500.0,51443211.0,4.66,-1.931330472102999,10.0,5.13,False,False,True,68.93514036786061
983,688606.SH,奥泰生物,0.19911364355808817,30.70351758793972,1.646176357247382,0.625678012023202,1.1680018402828225,0.3463253900498672,75654353.0,46.08,46.21,45.52,45.57,167054.0,7661897.0,46.09,-1.128227381210678,20.0,55.31,False,False,True,68.91190706679573
984,603676.SH,卫信康,0.2714570858283432,25.44757033248082,1.476823073609108,0.665368707939461,1.3524667538594484,0.7062909808736596,435161500.0,9.16,9.25,9.08,9.11,2045015.0,18768132.0,9.18,-0.7625272331154731,10.0,10.1,False,False,True,68.89835430784125
985,300682.SZ,朗新科技,0.024024024024024048,32.747252747252766,1.7929664933752203,1.7435444649054257,0.9128281138073647,0.528997012654678,1033933617.0,9.52,9.59,9.36,9.37,9536278.0,90023096.0,9.5,-1.3684210526315854,20.0,11.4,False,False,True,68.89835430784125
986,301508.SZ,中机认检,0.2550167224080267,23.217550274223054,1.0926064215220048,2.315355375243893,0.9757041198086082,0.6191128899208252,58836400.0,24.96,25.1,24.6,24.6,843400.0,20920172.0,24.93,-1.3237063778579916,20.0,29.92,False,False,True,68.88480154888674
987,300428.SZ,立中集团,0.35784313725490186,25.50213024954353,1.4326437871192967,1.110352546966591,0.8020376298107169,0.8136901017569482,603229584.0,20.28,20.3,20.04,20.15,5450076.0,109902242.0,20.08,0.3486055776892538,20.0,24.1,False,False,True,68.8809293320426
988,605116.SH,奥锐特,0.12151162790697671,23.664980326025862,2.335314484832682,1.0657786037520145,1.0873505918179707,0.4279265440121007,406183234.0,19.88,19.99,19.6,19.8,1852500.0,36610526.0,19.88,-0.4024144869215207,10.0,21.87,False,False,True,68.86350435624396
989,300856.SZ,科思股份,0.10846953937592847,25.273631840796007,1.78400841448772,1.4254855121374779,1.3524590390606557,0.5316313064141476,459735623.0,10.79,10.92,10.7,10.7,3484027.0,37565820.0,10.78,-0.7421150278293154,20.0,12.94,False,False,True,68.85382381413358
990,002042.SZ,华孚时尚,0.27985074626865664,29.75460122699389,1.2176399405915135,1.7667549045364779,0.7579474238222305,0.8095711129989949,1700681355.0,4.0,4.06,3.94,3.95,24325079.0,96613590.0,4.01,-1.4962593516209433,10.0,4.41,False,False,True,68.83639883833496
991,300800.SZ,力合科技,0.3982869379014988,23.6470588235294,1.235746599857825,1.2521526879039995,0.8824315247226922,0.62153717498281,234279200.0,10.39,10.54,10.11,10.18,1823300.0,18728755.0,10.36,-1.737451737451734,20.0,12.43,False,False,True,68.82865440464666
992,300298.SZ,三诺生物,0.31076178960096734,25.953627524308164,1.2312615118130346,1.1757501559834431,1.059368319709874,0.566888260042864,448001059.0,15.98,16.03,15.67,15.72,2986012.0,47155284.0,15.94,-1.3801756587201952,20.0,19.13,False,False,True,68.80929332042594
993,002646.SZ,天佑德酒,0.2541567695961996,22.549019607843146,1.4225016170514548,1.3222499127764429,1.1920552873642032,2.3674701342339306,476001249.0,7.24,7.36,7.01,7.03,14899281.0,106918010.0,7.19,-2.2253129346314293,10.0,7.91,False,False,True,68.75895450145208
994,301456.SZ,盘古智能,0.21171918186843555,36.73469387755102,1.2886860701456138,1.6808801683770989,0.6920773897114028,0.7983863216591015,68551838.0,23.58,23.83,23.15,23.2,919960.0,21512299.0,23.43,-0.9816474605207071,20.0,28.12,False,False,True,68.75314617618585
995,601099.SH,太平洋,0.20952380952380953,17.948717948717952,1.3925617870937015,2.0567692099361814,1.367681714077281,0.9025447127504314,6816316370.0,3.56,3.62,3.53,3.57,126533065.0,452731129.0,3.56,0.2808988764044784,10.0,3.92,False,False,True,68.74152952565343
996,600997.SH,开滦股份,0.293103448275862,29.28416485900216,1.2466797813837645,0.906223696326566,1.1137774574255843,1.0219018760730623,1587799851.0,5.42,5.59,5.41,5.44,14704165.0,80618640.0,5.46,-0.3663003663003539,10.0,6.01,False,False,True,68.70474346563408
997,603117.SH,万林物流,0.29720279720279735,27.300613496932534,1.4269694091364638,1.352859979569145,0.7988934620344819,1.06761816289341,599197742.0,4.12,4.18,4.0,4.02,8654440.0,35162567.0,4.11,-2.1897810218978297,10.0,4.52,False,False,True,68.6892545982575
998,603368.SH,柳药集团,0.2226086956521738,19.31659693165968,1.416936421573921,1.59492211646366,1.7283101933473877,0.4069227835991433,397211355.0,15.64,15.76,15.62,15.63,2577942.0,40460166.0,15.62,0.0640204865557159,10.0,17.18,False,False,True,68.68151016456922
999,000801.SZ,四川九洲,0.2449494949494949,28.301886792452823,1.575741241419443,1.2687280491521669,0.8384503320166978,1.4337576259849147,1015939973.0,12.53,12.85,12.48,12.65,18480441.0,234653589.0,12.54,0.8771929824561431,10.0,13.79,False,False,True,68.66795740561471
1000,300512.SZ,中亚股份,0.25385934819897077,27.302631578947366,1.494097564550913,1.18782480302012,0.961610765909953,1.441914027617483,326330671.0,7.56,7.67,7.4,7.41,5589200.0,42060725.0,7.56,-1.984126984126977,20.0,9.07,False,False,True,68.62536302032913
1001,301162.SZ,国能日新,0.11695685087055249,35.011918951132294,1.675032405783551,1.6958288448016456,0.7818786549276496,0.5773583495348976,121218016.0,36.81,37.31,36.75,37.06,1186440.0,44169390.0,36.65,1.1186903137790027,20.0,43.98,False,False,True,68.60600193610843
1002,601969.SH,海南矿业,0.2870229007633588,28.181818181818173,1.5953694124344326,0.9268660627812451,0.8416810683873429,0.7682288477020457,1972476616.0,9.62,9.72,9.56,9.62,14044926.0,135546183.0,9.58,0.41753653444676075,10.0,10.54,False,False,True,68.6001936108422
1003,002697.SZ,红旗连锁,0.21084337349397594,21.23456790123457,1.4872450066049479,1.7412121258970947,1.1694941132377406,1.7985642055534095,1148092375.0,4.77,4.87,4.74,4.78,35954600.0,172779261.0,4.75,0.6315789473684275,10.0,5.23,False,False,True,68.59632139399805
1004,301539.SZ,宏鑫科技,0.27665441176470584,27.611336032388657,1.2438554367811077,1.7227987541001684,0.8603899955165567,1.0148683838609946,77973524.0,15.35,15.58,15.05,15.11,1363300.0,20812024.0,15.36,-1.627604166666663,20.0,18.43,False,False,True,68.58276863504356
1005,000963.SZ,华东医药,0.08634772462077014,26.809015421115067,1.6211776814160799,1.5988981247189702,1.7984875585530107,0.5227366172647225,1753013098.0,26.74,27.17,26.67,27.09,14651729.0,399422806.0,26.77,1.1953679491968572,10.0,29.45,False,False,True,68.56921587608906
1006,301491.SZ,汉桑科技,0.09476490547746011,27.16459197786998,1.5368595866911072,2.1199101771359747,1.147885378991103,0.9149785952592817,38250840.0,40.0,40.19,39.19,39.31,741941.0,29346908.0,40.06,-1.872191712431348,20.0,48.07,False,False,True,68.5595353339787
1007,601900.SH,南方传媒,0.3211920529801327,28.542914171656708,1.1206492691561531,0.9057076089475615,1.1753438122621065,2.8412753380580247,881970094.0,11.93,12.7,11.93,12.05,22696307.0,279469198.0,11.96,0.7525083612040184,10.0,13.16,False,False,True,68.52081316553728
1008,300471.SZ,厚普股份,0.18623024830699775,26.233453670276763,1.523303273463172,2.0167104637869575,0.8958033488866262,0.9127918988656181,374763985.0,9.89,9.97,9.67,9.71,6898794.0,67456567.0,9.96,-2.510040160642568,20.0,11.95,False,False,True,68.49370764762827
1009,603767.SH,中马传动,0.07791057990261177,35.85817888799354,1.6858479109258515,1.5155018363323198,0.9165403185825447,1.608486559295047,308631500.0,14.17,14.95,14.17,14.45,7523400.0,109143890.0,14.17,1.9760056457304165,10.0,15.59,False,False,True,68.46853823814133
1010,600807.SH,济高发展,0.30898876404494374,25.675675675675656,1.2911830351733855,1.7412881770101911,0.8042236879195254,1.1625363439441383,787525589.0,2.76,2.78,2.65,2.67,15933680.0,43024122.0,2.77,-3.6101083032491044,10.0,3.05,False,False,True,68.45111326234269
1011,603806.SH,福斯特,0.2019635343618515,36.45283018867924,1.8223111477348417,0.9847739195240222,0.5934476639639225,0.728712331235519,2608745702.0,14.43,14.6,14.36,14.54,18720800.0,271594946.0,14.31,1.607267645003474,10.0,15.74,False,False,True,68.44530493707647
1012,300559.SZ,佳发教育,0.191256830601093,25.382262996941908,1.7340181574191191,2.197424918829841,0.7007706018613423,1.1981483160526747,311136833.0,11.21,11.62,11.21,11.52,8191738.0,93673434.0,11.21,2.7653880463871516,20.0,13.45,False,False,True,68.4027105517909
1013,300702.SZ,天宇股份,0.3748763600395647,26.042230644288054,1.0013608141906554,1.5206853060667445,0.8989895958159277,0.4522183290545308,211146066.0,21.96,21.96,21.5,21.59,1452013.0,31398328.0,21.77,-0.826825907211759,20.0,26.12,False,False,True,68.37366892545982
1014,603719.SH,良品铺子,0.2513966480446927,26.4452644526445,1.5365833225358698,1.1575192457775825,0.9954695529096528,0.7274174442592409,397983400.0,9.48,9.59,9.38,9.38,3351019.0,31687736.0,9.48,-1.0548523206751037,10.0,10.43,False,False,True,68.35818005808325
1015,002186.SZ,全 聚 德,0.309197651663405,22.194821208384717,1.3582802491225596,1.3200756151236042,1.068620648666491,1.3475759379979266,306801588.0,9.75,10.0,9.55,9.58,5457700.0,53156728.0,9.69,-1.1351909184726505,10.0,10.66,False,False,True,68.35043562439496
1016,300022.SZ,吉峰科技,0.32035928143712566,21.00139082058412,1.375909683084774,2.0093059757805487,0.7868681528965239,0.7498909308519399,494225980.0,8.26,8.3,8.15,8.16,7446801.0,61350551.0,8.26,-1.2106537530266248,20.0,9.91,False,False,True,68.34462729912875
1017,600463.SH,空港股份,0.25654450261780115,32.714285714285694,1.3659251058974107,1.0987422666666624,0.9122615597187848,0.7060800549282592,300000000.0,8.47,8.47,8.3,8.33,2327400.0,19516541.0,8.47,-1.6528925619834767,10.0,9.32,False,False,True,68.31752178121975
1018,600196.SH,复星医药,0.1419087136929461,24.743777452415806,1.5902961759163232,1.590834018206346,1.5743231014710444,0.36931364965080976,2118488825.0,22.21,22.35,22.11,22.28,12446476.0,276874676.0,22.2,0.3603603603603789,10.0,24.42,False,False,True,68.31558567279767
1019,600616.SH,金枫酒业,0.3392070484581498,23.28767123287672,1.3193807913075695,1.1645054644214465,1.052741708269738,0.8038697459882161,669004950.0,4.42,4.47,4.35,4.37,6262627.0,27597619.0,4.42,-1.1312217194570096,10.0,4.86,False,False,True,68.30396902226525
1020,600732.SH,爱旭股份,0.06821282401091405,37.286527514231516,2.0959840651413932,1.3226269176095988,0.7279405107294811,0.4801577087318959,2105253328.0,11.01,11.15,10.85,10.93,13369822.0,146664448.0,10.97,-0.3646308113035679,10.0,12.07,False,False,True,68.27105517909004
1021,002791.SZ,坚朗五金,0.13910574875798445,27.450980392156854,1.7434254141980212,1.9895968883727269,0.8737330012987488,0.6666602438655522,212331087.0,14.76,15.06,14.69,14.73,2816328.0,41747915.0,14.71,0.13596193065941176,10.0,16.18,False,False,True,68.25847047434657
1022,603848.SH,好太太,0.07863089731729886,25.533661740558287,2.239549929233598,0.9302169939293001,1.8194540306705227,0.675695576341839,402406511.0,13.98,13.99,13.62,13.65,2529300.0,34797554.0,13.88,-1.6570605187319898,10.0,15.27,False,False,True,68.2323330106486
1023,605333.SH,沪光股份,0.1010016694490818,26.370083816892343,1.996723173606745,1.0153079104926002,1.7884513287437442,0.6722396349845517,464040406.0,18.19,18.23,17.62,17.72,3167216.0,56381845.0,17.93,-1.171221416620194,10.0,19.72,False,False,True,68.22652468538237
1024,002075.SZ,沙钢股份,0.1459627329192547,29.721362229102176,1.5935295314257762,1.478688347685025,1.0999968990329714,0.6639064432142069,2193821920.0,3.71,3.75,3.67,3.68,21536985.0,79875439.0,3.7,-0.5405405405405461,10.0,4.07,False,False,True,68.21297192642788
1025,688281.SH,华秦科技,0.22441558441558443,29.02387142519498,1.7923754957384088,0.8283437864326337,0.9453808042859521,0.9064777859664171,381598945.0,50.93,51.4,50.18,51.17,2865332.0,145572867.0,50.95,0.4317958783120579,20.0,61.14,False,False,True,68.18780251694095
1026,600223.SH,福瑞达,0.2500000000000001,23.553719008264483,1.50718520305166,1.0215054952873155,1.4259315535941335,0.8318899773551547,1016568775.0,5.72,5.74,5.58,5.6,8638600.0,48729898.0,5.7,-1.7543859649122862,10.0,6.27,False,False,True,68.17231364956439
1027,301136.SZ,招标股份,0.12982998454404943,34.41084462982273,1.5828947554511337,1.7009423738834781,0.8671059526448046,2.247756466188424,274974195.0,12.11,12.54,11.94,12.12,10513100.0,128472874.0,12.11,0.08257638315440907,20.0,14.53,False,False,True,68.14908034849952
1028,601089.SH,福元医药,0.06322229775662824,23.62565445026179,2.3270391142264293,1.1458857708333303,1.6066815321723984,0.349371466036727,480000000.0,16.22,16.35,16.01,16.12,1921631.0,31055438.0,16.21,-0.5552128315854388,10.0,17.83,False,False,True,68.14908034849951
1029,600872.SH,中炬高新,0.3992740471869326,27.660891089108897,1.023450392735663,1.418150815456968,0.8299230229199098,0.7316321460849206,770987950.0,18.36,18.52,18.11,18.11,7999499.0,146385650.0,18.36,-1.3616557734204782,10.0,20.2,False,False,True,68.11423039690223
1030,000876.SZ,新 希 望,0.25887265135699367,28.350515463917514,1.517654411271025,0.8180095482959396,1.1070784850795707,0.7603211878631966,4500008269.0,7.07,7.1,6.95,7.0,27987794.0,196117595.0,7.06,-0.8498583569405027,10.0,7.77,False,False,True,68.09293320425944
1031,002920.SZ,德赛西威,0.18034743402731726,27.336539711425957,1.7947412682563546,1.3375814008564306,0.9568927332084424,0.7507935022234715,596621794.0,90.88,92.5,90.2,90.32,5991559.0,545739543.0,90.53,-0.23196730365625529,10.0,99.58,False,False,True,68.06969990319458
1032,300289.SZ,利德曼,0.14750957854406122,29.865125240847767,1.633378421788289,1.3906438348401746,1.121221927692691,0.6162413127212241,543156487.0,6.03,6.03,5.85,5.88,4654700.0,27519622.0,5.96,-1.342281879194629,20.0,7.15,False,False,True,68.06001936108422
1033,600285.SH,羚锐制药,0.1290322580645165,24.473684210526315,1.3683228007345605,2.314104124248253,1.7005479388970848,0.3451026001268409,566490486.0,19.59,19.68,19.54,19.55,4524012.0,88685342.0,19.6,-0.25510204081633514,10.0,21.56,False,False,True,68.0
1034,301022.SZ,海泰科,0.17706013363028952,37.29529846804014,1.4333089768000058,1.8574796787509555,0.6930496556214701,1.3377465171674994,66986286.0,23.71,24.09,23.33,23.35,1664500.0,39295163.0,23.7,-1.4767932489451407,20.0,28.44,False,False,True,67.99612778315586
1035,301100.SZ,风光股份,0.21380471380471386,32.96460176991152,1.3020610372992045,1.576056555501703,0.9144271374856956,0.985849632401658,88727000.0,16.48,16.5,15.71,15.77,1378600.0,21951061.0,16.1,-2.049689440993796,20.0,19.32,False,False,True,67.98838334946757
1036,605089.SH,味知香,0.2917721518987341,34.31257344300822,1.4109818826198373,0.825827173913039,0.8563993910136947,1.4692339652425785,138000000.0,21.39,21.86,20.95,21.1,1674400.0,35749363.0,21.63,-2.4503005085529272,10.0,23.79,False,False,True,67.89157792836399
1037,301386.SZ,未来电器,0.26554174067495573,27.14932126696834,1.2830440606577254,2.426312777777774,0.7116422954463241,0.8171677050888603,45000000.0,20.66,20.88,20.2,20.35,892217.0,18242488.0,20.67,-1.548137397194005,20.0,24.8,False,False,True,67.864472410455
1038,002933.SZ,新兴装备,0.29318332230311067,29.604130808950103,1.4372850034138407,1.2213870506371016,0.8371337144532396,1.318944727389403,116894276.0,27.6,27.97,27.51,27.6,1883099.0,52213215.0,27.67,-0.25298156848572173,10.0,30.44,False,False,True,67.86253630203291
1039,300232.SZ,洲明科技,0.24096385542168672,31.90578158458244,1.393270815670951,1.85659879237552,0.7011855407035301,0.7265375035816126,888454758.0,5.67,5.73,5.58,5.6,11984500.0,67598691.0,5.67,-1.2345679012345734,20.0,6.8,False,False,True,67.83543078412391
1040,603291.SH,联合水务,0.2807017543859648,31.31578947368423,1.4398487810493699,1.039836827036894,0.8906963416775328,0.5557103126413023,423220604.0,9.03,9.1,8.9,8.9,2445572.0,21954082.0,9.04,-1.5486725663716672,10.0,9.94,False,False,True,67.81994191674734
1041,600697.SH,欧亚集团,0.26848249027237353,25.869565217391322,1.3479260684606331,1.9496129437995897,0.8473847208235425,1.0572320518716485,155376015.0,11.27,11.45,11.09,11.1,3202600.0,35910353.0,11.27,-1.5084294587400127,10.0,12.4,False,False,True,67.79283639883835
1042,600558.SH,大西洋,0.21074380165289247,27.06422018348622,1.2745234006627157,1.8226225600606154,1.1531839626423603,0.5723062147968971,897604831.0,4.87,4.91,4.81,4.82,9362900.0,45361928.0,4.87,-1.0266940451745366,10.0,5.36,False,False,True,67.79090029041626
1043,688326.SH,经纬恒润-W,0.04750142504275129,33.26986325082222,2.0538430349303938,1.3850176344105787,0.939335571285354,0.6264900295144497,111623521.0,62.87,63.3,61.18,61.51,968557.0,60102925.0,62.77,-2.0073283415644516,20.0,75.32,False,False,True,67.77153920619554
1044,603180.SH,金牌家居,0.2468899521531101,29.745889387144974,1.330480401141249,0.9700278055200505,1.3716406157975378,0.7260395827237197,154257140.0,15.88,16.39,15.72,15.75,1086400.0,17316317.0,15.96,-1.3157894736842146,10.0,17.56,False,False,True,67.75798644724105
1045,002088.SZ,鲁阳节能,0.19726858877086478,32.55131964809381,1.5540106775490155,0.7957094008979809,1.2443417952113027,0.5358161036012806,505964633.00000006,8.15,8.19,7.99,8.03,2157200.0,17397010.0,8.12,-1.1083743842364546,10.0,8.93,False,False,True,67.73088092933205
1046,601588.SH,北辰实业,0.24675324675324675,32.48407643312101,1.5083824053871022,1.2490982218045055,0.8155345877987963,0.9757327878225966,2660000000.0,1.75,1.78,1.73,1.75,32419710.0,56875959.0,1.76,-0.5681818181818232,10.0,1.94,False,False,True,67.71151984511133
1047,002799.SZ,环球印务,0.3042505592841164,26.455026455026463,1.1455109684144664,1.6531469291872916,0.9789451363431482,0.9415834918201162,320035800.0,7.03,7.11,6.88,6.91,4981600.0,34730648.0,7.03,-1.7069701280227556,10.0,7.73,False,False,True,67.6243949661181
1048,002530.SZ,金财互联,0.16783216783216784,29.793977812995244,1.3277842787353145,2.1432163610869313,1.0331097858784848,0.7001958163728719,706661559.0,7.5,7.6,7.42,7.44,10604666.0,79507074.0,7.51,-0.9320905459387352,10.0,8.26,False,False,True,67.62052274927396
1049,001286.SZ,陕西能源,0.20762711864406755,27.5377969762419,1.414615487924323,1.804227088888883,1.0134372420268383,0.7388964755307122,1350000000.0,9.53,9.69,9.53,9.62,17997350.0,173318799.0,9.53,0.9443861490031402,10.0,10.48,False,False,True,67.55469506292353
1050,600155.SH,华创云信,0.3642857142857144,24.517374517374524,1.1583910876760064,1.2717320599594322,1.08334398685878,0.9729060988538087,2183188774.0,6.23,6.27,6.14,6.15,27369165.0,169506702.0,6.2,-0.8064516129032251,10.0,6.82,False,False,True,67.52371732817038
1051,300978.SZ,东箭科技,0.18287373004354146,39.42931258106355,1.3603535523529333,1.1742990773888944,0.9708311867526623,0.7002787556398544,287089219.0,8.99,9.11,8.84,8.86,2360840.0,21084101.0,8.97,-1.2263099219621099,20.0,10.76,False,False,True,67.5082284607938
1052,600977.SH,中国电影,0.054721977052074225,32.65306122448979,1.5475382748880846,2.100132265666841,1.0761533258466338,0.6811758845173254,1867000000.0,12.38,12.72,12.32,12.34,26708545.0,333584151.0,12.38,-0.3231017770597866,10.0,13.62,False,False,True,67.48693126815101
1053,300529.SZ,健帆生物,0.07783783783783771,28.716904276985744,1.5260256794151354,1.8943618348930336,1.7185241396733941,0.4279796304825776,512402075.0,15.5,15.54,15.32,15.38,4154291.0,64102656.0,15.45,-0.45307443365695255,20.0,18.54,False,False,True,67.46176185866408
1054,300513.SZ,恒实科技,0.31477927063339733,28.782894736842103,1.2054113205970198,1.8019637744991053,0.7837481384925213,0.9236549443972536,287155781.0,7.75,7.79,7.54,7.58,4779400.0,36569820.0,7.72,-1.813471502590669,20.0,9.26,False,False,True,67.45595353339787
1055,002302.SZ,西部建设,0.17275747508305636,25.235849056603765,1.9364583689440948,0.9272234081122075,1.4677931559175672,0.4943252300846438,1262354304.0,4.77,4.82,4.72,4.73,5786000.0,27600765.0,4.76,-0.6302521008403228,10.0,5.24,False,False,True,67.4540174249758
1056,600523.SH,贵航股份,0.3242424242424243,21.568627450980404,1.4137869803660283,1.179970593346839,1.1756022004902034,0.9779579808967923,404044620.0,12.28,12.45,12.2,12.26,4662520.0,57364963.0,12.34,-0.648298217179899,10.0,13.57,False,False,True,67.43175217812197
1057,301170.SZ,锡南科技,0.3090306545153273,25.91636551368095,1.3308201896133398,2.140669237028733,0.693934447903783,1.1061430065527067,38003725.0,23.2,23.4,22.9,22.9,899885.0,20820836.0,23.1,-0.8658008658008809,20.0,27.72,False,False,True,67.40755082284609
1058,603896.SH,寿仙谷,0.2222222222222223,27.258320126782888,1.5878070158652446,1.1137357703215067,1.1575736088060822,0.6041676494006004,198243938.00000003,14.92,15.05,14.73,14.78,1333950.0,19792773.0,14.92,-0.9383378016085797,10.0,16.41,False,False,True,67.40367860600193
1059,301036.SZ,双乐股份,0.2546740778170793,38.24017708909795,1.2841173636848686,1.3505718934925453,0.734862842386462,0.9904677704805326,69679408.0,23.48,23.48,22.53,22.58,932100.0,21345395.0,23.11,-2.293379489398528,20.0,27.73,False,False,True,67.40367860600193
1060,301331.SZ,恩威医药,0.18682710576314124,34.7111817700053,1.138016358487256,1.7212360038131183,1.082671146136733,0.6123456135726549,102590978.0,21.85,22.18,21.53,21.57,1081300.0,23493504.0,21.82,-1.14573785517873,20.0,26.18,False,False,True,67.3920619554695
1061,301332.SZ,德尔玛,0.21003134796238246,24.965893587994547,1.3229774170796194,1.640464473978723,1.7115380228956976,0.8221732120699763,264840240.0,8.05,8.07,7.83,7.85,3572022.0,28302320.0,8.0,-1.8750000000000044,20.0,9.6,False,False,True,67.35721200387222
1062,002001.SZ,新 和 成,0.2561048243001785,22.60536398467432,1.7583348796540235,1.216392409372543,1.0008953991982334,0.5229304720593423,3036852928.0,26.7,26.89,26.54,26.72,19317077.0,516172132.0,26.65,0.262664165103188,10.0,29.32,False,False,True,67.33978702807357
1063,002583.SZ,海能达,0.21836734693877555,33.94736842105264,1.3516011062946598,1.554988924758352,0.8896193797313693,1.0532343349497102,1283137692.0,8.69,8.79,8.59,8.6,21014815.0,182593339.0,8.67,-0.8073817762399127,10.0,9.54,False,False,True,67.3378509196515
1064,000888.SZ,峨眉山Ａ,0.29624060150375947,23.943661971831,1.099455478291936,1.827849272193649,1.1341147288245714,2.1834303683725143,526913102.0,10.51,10.75,10.22,10.25,21029005.0,220152801.0,10.49,-2.2878932316491962,10.0,11.54,False,False,True,67.2487899322362
1065,002344.SZ,海宁皮城,0.372448979591837,23.952095808383223,1.395580777140068,0.8841312213975746,1.118381475598773,0.6704707772787654,1281450092.0,4.09,4.11,4.04,4.04,7596233.0,30904980.0,4.07,-0.7371007371007376,10.0,4.48,False,False,True,67.24685382381413
1066,600771.SH,广誉远,0.1505646173149311,28.75502008032129,1.4430141309329458,1.8291820219071089,1.2820032759962399,0.45915178857748273,489491141.0,13.66,13.76,13.45,13.54,4111100.0,55769891.0,13.65,-0.8058608058608141,10.0,15.02,False,False,True,67.24298160696999
1067,603600.SH,永艺股份,0.3735763097949887,22.424242424242415,1.021327188420255,1.5103456623316547,1.1681625527342088,0.8753160551840695,330433170.0,9.88,10.13,9.88,9.93,4368425.0,44560617.0,9.89,0.4044489383215222,10.0,10.88,False,False,True,67.22555663117134
1068,301032.SZ,新柴股份,0.31192660550458706,30.558858501783593,1.187931987113965,1.885166543482573,0.7303969569432294,0.8675374352816497,163861801.0,10.49,10.57,10.25,10.26,2679882.0,27778127.0,10.45,-1.8181818181818188,20.0,12.54,False,False,True,67.20425943852855
1069,002016.SZ,世荣兆业,0.24698795180722888,29.61038961038962,1.5109721163003476,1.2722289730517242,0.944379626231674,0.7961468838582937,809095632.0,4.69,4.74,4.64,4.65,8195177.0,38372448.0,4.67,-0.4282655246252598,10.0,5.14,False,False,True,67.1674733785092
1070,600143.SH,金发科技,0.07455731593662634,33.4355828220859,1.9467226869383292,1.6392303302387092,0.8900681639624717,0.4070939543112765,2634826028.0,13.89,14.03,13.77,13.82,17582741.0,244142553.0,13.84,-0.14450867052022698,10.0,15.22,False,False,True,67.12875121006776
1071,300533.SZ,冰川网络,0.11956521739130435,38.99224806201549,1.3797295483175813,2.4131209434703407,0.757434742350847,2.6144260194435693,230971287.0,14.93,16.0,14.8,14.98,14571808.0,222670902.0,14.88,0.6720430107526765,20.0,17.86,False,False,True,67.09777347531463
1072,600550.SH,保变电气,0.2603448275862069,36.40000000000001,1.3768469530565635,1.5388101681707307,0.6108878732129508,0.6465029226599862,1841528480.0,11.03,11.2,10.93,11.03,18320359.0,202501086.0,11.0,0.27272727272726893,10.0,12.1,False,False,True,67.07647628267182
1073,300971.SZ,博亚精工,0.1798051372896369,27.866831072749697,1.5208390958918843,2.48999582744177,0.8256564601857385,0.7997789202668525,92252757.0,18.22,18.44,17.88,17.94,1837164.0,33236740.0,18.25,-1.69863013698629,20.0,21.9,False,False,True,67.0377541142304
1074,300653.SZ,正海生物,0.19583333333333341,23.03664921465969,1.6232224500730499,1.5356661111111063,1.358809839060955,0.6557769538300245,180000000.0,15.17,15.34,14.95,15.08,1812698.0,27300263.0,15.25,-1.1147540983606596,20.0,18.3,False,False,True,67.02226524685382
1075,603271.SH,永杰新材,0.2407932011331445,34.34889434889434,1.2421880920410744,2.127679998210112,0.6922160740432545,0.8473649880430083,94575996.0,41.25,41.77,41.23,41.67,1705131.0,70698312.0,41.28,0.9447674418604723,10.0,45.41,False,False,True,66.97967086156825
1076,300355.SZ,蒙草生态,0.16143497757847547,22.222222222222232,1.8036617451064962,1.7470267191662205,1.207613641023014,1.0196035059333017,1572051300.0,2.99,3.01,2.89,2.89,28002550.0,82095884.0,2.97,-2.6936026936026924,20.0,3.56,False,False,True,66.92933204259438
1077,002073.SZ,软控股份,0.24137931034482757,25.458248472505083,1.2554694743872825,1.9551032614065829,1.1332999743426824,0.5191569549379627,1014137353.0,5.96,6.01,5.84,5.87,10292800.0,61052700.0,5.96,-1.5100671140939603,10.0,6.56,False,False,True,66.90609874152952
1078,000407.SZ,胜利股份,0.3006134969325155,24.157303370786522,1.0042795209922804,2.0850449746289157,1.0780604438027408,1.0074566605768214,875782212.0,4.29,4.3,4.2,4.21,18396615.0,78044130.0,4.32,-2.546296296296302,10.0,4.75,False,False,True,66.8673765730881
1079,002310.SZ,东方新能,0.16509433962264145,39.69849246231154,1.460914318083967,2.088022135488691,0.5740451302899169,0.553613844478181,4399009452.0,2.34,2.36,2.3,2.3,50850700.0,118261332.0,2.34,-1.7094017094017144,10.0,2.57,False,False,True,66.85382381413359
1080,301061.SZ,匠心家居,0.06909615731553308,25.669781931464186,1.9781757679683145,1.5946439237317769,1.529042939146904,0.7377395714258341,188839656.0,36.13,36.6,35.44,35.6,2221570.0,80018780.0,35.93,-0.9184525466184201,20.0,43.12,False,False,True,66.83446272991287
1081,600149.SH,廊坊发展,0.2926136363636364,25.845410628019327,1.4766196361620723,2.2769658696338326,0.559690232715515,0.9916344153275857,380160000.0,5.2,5.21,5.09,5.11,8583700.0,44166373.0,5.17,-1.1605415860734936,10.0,5.69,False,False,True,66.79574056147143
1082,600976.SH,健民集团,0.21792717086834734,25.202593192868704,1.256879418426916,2.034515220621711,1.278295581764077,1.040957495252267,153298600.0,28.48,28.67,27.7,28.08,3246625.0,90935604.0,28.57,-1.7150857542877262,10.0,31.43,False,False,True,66.78993223620523
1083,002868.SZ,绿康生化,0.05617173524150269,33.12469908521906,1.7902911529725891,1.6315360683451856,1.0867117703586595,4.59377796845554,107433221.0,22.27,24.57,21.95,23.48,8052028.0,190905113.0,22.34,5.102954341987465,10.0,24.57,True,False,True,66.76089060987415
1084,688211.SH,中科微至,0.30746489283074646,37.28560775540642,1.5514605104719426,0.5079345204928034,0.7745819643097067,0.5474135257564624,131092862.0,31.15,31.23,30.71,30.84,364504.0,11285640.0,30.98,-0.4519044544867623,20.0,37.18,False,False,True,66.75508228460794
1085,001217.SZ,华尔泰,0.28502415458937197,34.226552984165636,1.2318379023885133,1.1984034834730128,0.9458347304957725,0.8206823012367515,328578747.0,10.63,10.7,10.4,10.4,3231600.0,33959901.0,10.57,-1.6083254493850507,10.0,11.63,False,False,True,66.6427879961278
1086,600189.SH,泉阳泉,0.39406779661016944,19.533527696792994,1.4678270895520713,1.4202780237252697,0.9322907661631724,0.8265525202666107,715197812.0,7.76,7.82,7.7,7.76,8395953.0,65226848.0,7.76,0.0,10.0,8.54,False,False,True,66.62342691190706
1087,002749.SZ,国光股份,0.24346076458752494,22.696929238985298,1.7003895443085066,0.9239323412001257,1.827478993031835,0.5956958850364245,544316897.0,8.92,8.92,8.67,8.72,2995826.0,26234771.0,8.7,0.22988505747127963,10.0,9.57,False,False,True,66.6137463697967
1088,002590.SZ,万安科技,0.20393120393120392,37.88235294117648,1.3488536705886334,1.3540694414703922,0.9340021863172316,0.9039792837912733,494350592.00000006,10.25,10.32,10.09,10.13,6051102.0,61672746.0,10.16,-0.2952755905511695,10.0,11.18,False,False,True,66.58857696030978
1089,300498.SZ,温氏股份,0.36783042394014975,27.81629116117852,1.4438948415282686,0.8247652198779145,0.9729130988684495,0.5685071947030509,5945879969.0,14.5,14.6,14.32,14.47,27879337.0,402834329.0,14.49,-0.13802622498274575,20.0,17.39,False,False,True,66.58276863504358
1090,600148.SH,长春一东,0.38362573099415204,31.88073394495412,1.2600781058350647,1.0426784306700705,0.8342633007293493,2.188251726546132,141516450.0,16.36,17.12,16.19,16.56,3228900.0,53583140.0,16.36,1.2224938875305513,10.0,18.0,False,False,True,66.56534365924492
1091,300493.SZ,润欣科技,0.11627906976744187,34.323144104803504,1.6894138372277503,2.1506940063359803,0.7872030131976956,0.72704644532371,506611297.0,13.2,13.2,12.86,12.91,7921650.0,102890406.0,13.1,-1.450381679389312,20.0,15.72,False,False,True,66.52468538238142
1092,001979.SZ,招商蛇口,0.06597938144329903,34.68395461912481,1.7369476312279932,1.2069643522061,1.580531427968305,2.012606909058328,8869713675.0,6.5,6.98,6.49,6.83,215458188.0,1458936593.0,6.49,5.238828967642517,10.0,7.14,False,False,True,66.52274927395935
1093,000717.SZ,中南股份,0.34259259259259267,23.958333333333325,1.6184156475040516,0.789325936352874,1.0618376148892283,1.021490410805813,2423697090.0,2.31,2.32,2.25,2.26,19542000.0,44504678.0,2.29,-1.310043668122285,10.0,2.52,False,False,True,66.51306873184899
1094,600716.SH,凤凰股份,0.3919597989949748,31.399317406143346,1.669096443995316,0.6072949668781554,0.669640973109103,0.7200092930982008,936060590.0,3.73,3.73,3.63,3.64,4093000.0,15057478.0,3.71,-1.8867924528301883,10.0,4.08,False,False,True,66.51016456921587
1095,001205.SZ,盛航股份,0.3913713405238827,24.27983539094649,1.1036879516689007,1.8382717270644686,0.8934974731623863,1.182156382475579,166484329.0,14.61,15.13,14.61,14.83,3617912.0,53862993.0,14.69,0.9530292716133371,10.0,16.16,False,False,True,66.48983543078413
1096,002187.SZ,广百股份,0.21722846441947571,28.25607064017659,1.5413722170728934,1.5197809126325499,1.0251042083686195,1.856250876326739,700894633.0,5.69,5.83,5.67,5.69,19772901.0,113571956.0,5.69,0.0,10.0,6.26,False,False,True,66.48596321393998
1097,002670.SZ,国盛证券,0.12283236994219648,25.428571428571423,1.6569204009043985,1.8722697280198264,1.61389868608262,3.539557212927335,1623350634.0000002,12.26,13.42,12.26,12.69,107579541.0,1397237253.0,12.2,4.016393442622945,10.0,13.42,True,False,True,66.4704743465634
1098,002377.SZ,国创高新,0.2857142857142857,26.582278481012644,1.207034304394385,2.4693035631636238,0.8134092345565277,1.0832558199899815,872447921.0000001,2.79,2.82,2.74,2.75,23337000.0,64596624.0,2.81,-2.135231316725983,10.0,3.09,False,False,True,66.45111326234269
1099,000402.SZ,金 融 街,0.157894736842105,21.27659574468086,1.864167064001963,1.8615649317273604,1.213882729430131,1.1861952822615869,2988667172.0,2.52,2.61,2.5,2.55,65995137.0,168705084.0,2.53,0.7905138339920903,10.0,2.78,False,False,True,66.42787996127782
1100,001202.SZ,炬申股份,0.19320066334991712,26.126878130217012,1.4386169663632054,1.952329768325337,1.202703485842801,0.8232243857207562,116823955.0,14.46,14.57,14.12,14.15,1877601.0,27175341.0,14.31,-1.1180992313067795,10.0,15.74,False,False,True,66.42013552758955
1101,002184.SZ,海得控制,0.19085714285714284,36.73708920187795,1.2718918726939221,2.0509575115759455,0.8342889174577487,0.6097523353111854,248289322.0,10.25,10.33,10.08,10.08,3105047.0,31548990.0,10.19,-1.079489695780167,10.0,11.21,False,False,True,66.41432720232334
1102,600383.SH,金地集团,0.09881422924901187,26.108374384236477,1.7068071238324092,2.0607120472195737,1.3277150432805962,1.439552282893003,4514583572.0,2.27,2.36,2.25,2.31,133925245.0,309910690.0,2.28,1.3157894736842257,10.0,2.51,False,False,True,66.40367860600193
1103,002391.SZ,长青股份,0.30188679245283,15.690376569037646,1.3886512150660062,2.0570129482759483,1.1750866215295535,0.8616473342364962,464098311.00000006,5.41,5.44,5.31,5.34,8225770.0,43990189.0,5.42,-1.4760147601476037,10.0,5.96,False,False,True,66.39883833494676
1104,688789.SH,宏华数科,0.0038176033934252326,39.14395026303203,1.971793815753599,1.0900260649698772,1.0657080923993312,1.033788755824238,180256107.0,42.1,42.43,41.46,41.65,2031228.0,84809603.0,42.0,-0.8333333333333415,20.0,50.4,False,False,True,66.30590513068731
1105,301272.SZ,英华特,0.2923519736842104,32.97947629157818,1.2736477627730427,1.7125058439252863,0.7575103773036452,1.0458992277475498,39686323.0,35.37,35.84,34.81,35.04,681400.0,24012722.0,35.37,-0.9329940627650468,20.0,42.44,False,False,True,66.27686350435626
1106,002737.SZ,葵花药业,0.19294605809128632,28.860294117647058,1.6378177555963453,1.168126932500804,1.3311161536568046,0.9653614456396333,583990700.0,11.83,11.94,11.71,11.74,6585457.0,77837739.0,11.81,-0.592718035563089,10.0,12.99,False,False,True,66.27492739593417
1107,300957.SZ,贝泰妮,0.17644320297951596,18.21573948439621,1.954646286792449,1.8894497875354053,1.2178918369599925,0.8158582171393957,423600000.0,33.1,33.84,32.83,33.01,6529892.0,217153313.0,33.27,-0.7814848211602166,20.0,39.92,False,False,True,66.15488867376574
1108,000897.SZ,津滨发展,0.264705882352941,21.739130434782595,1.4028614551104874,1.976604638289934,1.104543885516132,0.7330370757525999,1617241634.0,1.88,1.9,1.85,1.85,23432610.0,43885795.0,1.88,-1.5957446808510523,10.0,2.07,False,False,True,66.10939012584704
1109,000159.SZ,国际实业,0.2792792792792792,29.795918367346943,1.4090410524319048,2.0966330946929728,0.6751394630601006,1.2524887861302467,480668493.0,5.83,5.88,5.63,5.65,12622400.0,72251157.0,5.83,-3.0874785591766707,10.0,6.41,False,False,True,66.0890609874153
1110,300266.SZ,兴源环境,0.2,30.061349693251536,1.848851588534216,1.2763998338564184,0.9192904831997741,0.694420340684417,1553051914.0,1.93,1.95,1.87,1.89,13765600.0,26151437.0,1.92,-1.5625,20.0,2.3,False,False,True,66.0677637947725
1111,603209.SH,兴通股份,0.3482142857142855,20.48979591836735,1.1013566938243897,1.683204055874587,1.4358690264547456,0.7713773078396047,321491597.0,14.12,14.49,14.12,14.34,4174200.0,60031123.0,14.2,0.9859154929577452,10.0,15.62,False,False,True,66.06582768635043
1112,300514.SZ,友讯达,0.3024142312579416,31.358024691358043,1.3088156684926167,1.6234160690248027,0.8059558704626519,0.9545830634094532,160258325.0,10.54,10.67,10.16,10.23,2483500.0,25621046.0,10.48,-2.385496183206104,20.0,12.58,False,False,True,66.06582768635043
1113,688580.SH,伟思医疗,0.07303370786516847,38.40760009047726,1.8606964152023182,1.6083763538817555,0.8630621855152318,0.8904675213679375,95771288.0,43.98,44.59,43.46,43.96,1371643.0,60194415.0,44.41,-1.0132852961044714,20.0,53.29,False,False,True,65.92642787996128
1114,688370.SH,丛麟科技,0.3501683501683502,27.499999999999993,1.891139180262757,0.45507691064201544,0.8432527218864538,0.5355925662192403,137107879.0,24.03,24.03,23.45,23.62,334181.0,7918443.0,23.76,-0.5892255892255949,20.0,28.51,False,False,True,65.90029041626332
1115,003006.SZ,百亚股份,0.10162162162162167,30.215827338129486,1.6606077917537703,1.796867168231197,1.335960576006795,0.9441641066043964,428572965.0,14.38,14.58,14.24,14.41,7270901.0,104488415.0,14.39,0.1389854065323215,10.0,15.83,False,False,True,65.85866408518878
1116,002226.SZ,江南化工,0.359154929577465,29.146919431279628,1.3282604604572197,0.8857012907597529,1.0850705633405564,0.952826440025201,2648918190.0,5.22,5.25,5.07,5.1,22354740.0,115057818.0,5.24,-2.6717557251908497,10.0,5.76,False,False,True,65.83155856727977
1117,601619.SH,嘉泽新能,0.08108108108108095,28.42639593908629,1.9225318805947407,2.0725263785035404,1.0253283144738674,0.34068376896695934,2533248859.0,4.05,4.09,4.03,4.04,17506400.0,71031840.0,4.06,-0.49261083743841194,10.0,4.47,False,False,True,65.82187802516941
1118,301600.SZ,慧翰股份,0.10531343283582083,32.9081632653061,1.842610069444408,2.3433254801060137,0.7586706932570169,0.862494148699141,32258500.0,83.8,86.2,83.37,85.43,651978.0,55362029.0,83.3,2.5570228091236658,20.0,99.96,False,False,True,65.82187802516941
1119,601515.SH,衢州东峰,0.19583333333333328,38.305084745762706,1.9287523713303727,0.9478375729426706,0.754965511201482,0.5202933978520887,1924470671.0,3.42,3.45,3.38,3.38,9490597.0,32286794.0,3.42,-1.1695906432748537,10.0,3.76,False,False,True,65.78315585672797
1120,600802.SH,福建水泥,0.21937842778793418,35.890410958904106,1.556846733438178,1.312016408567924,0.8427019582470863,1.0056434031455082,458248400.0,4.86,4.94,4.73,4.74,6046224.0,29063226.0,4.85,-2.268041237113394,10.0,5.34,False,False,True,65.72120038722169
1121,688036.SH,传音控股,0.12989729935336627,36.14969135802468,1.7103363101795228,1.289814709942961,1.0566000984859913,0.5696192028694542,1151184545.0,56.11,57.42,56.08,56.46,8457790.0,480407309.0,56.21,0.4447607187333169,20.0,67.45,False,False,True,65.71539206195547
1122,301330.SZ,熵基科技,0.1707232267037552,39.79836773883822,1.458017176081991,1.3963733721714469,0.9523589144713042,1.422311364602655,204668620.0,25.83,26.19,25.5,25.72,4006320.0,103515577.0,25.74,-0.07770007770007137,20.0,30.89,False,False,True,65.70183930300097
1123,601933.SH,永辉超市,0.12000000000000004,23.655913978494624,2.0619604076613074,1.7910483395729322,1.2053000670244391,1.5174069687945846,8925037165.0,3.2,3.23,3.14,3.15,242560129.0,773108618.0,3.18,-0.9433962264151052,10.0,3.5,False,False,True,65.66698935140367
1124,301066.SZ,万事利,0.16394513389941215,36.13766730401529,1.5828901851119148,1.6608138390995917,0.881195129206756,2.3629184050692396,233116669.0,13.17,13.5,12.63,12.73,9148355.0,118642836.0,12.97,-1.8504240555127227,20.0,15.56,False,False,True,65.63213939980639
1125,000768.SZ,中航西飞,0.3048683160415004,23.22916666666668,1.6543532617421206,1.0224436362149139,1.1582076804596133,1.2962299347129678,2776414009.0,23.29,23.39,22.86,23.04,36796427.0,850309505.0,23.02,0.08688097306690512,10.0,25.32,False,False,True,65.62826718296225
1126,688060.SH,云涌科技,0.33362180874080466,32.2400558269365,1.6394937384918475,0.623378737004141,0.8524250582154825,0.6784062095399932,60190728.0,36.59,36.88,35.5,35.6,254549.0,9175808.0,36.37,-2.1171295023370784,20.0,43.64,False,False,True,65.60503388189738
1127,300213.SZ,佳讯飞鸿,0.1834061135371179,32.83302063789868,1.375221737911629,2.1017510010679312,0.9688051100887968,0.8448277036326954,552590868.0,6.58,6.64,6.48,6.49,9811900.0,64251899.0,6.59,-1.5174506828528056,20.0,7.91,False,False,True,65.60116166505324
1128,002395.SZ,双象股份,0.24162436548223354,31.851179673321226,1.6775144540390599,1.5995392585632797,0.7268718065146571,1.6628764553901407,268209000.0,13.54,13.81,13.25,13.27,7133920.0,95701490.0,13.4,-0.970149253731345,10.0,14.74,False,False,True,65.54888673765731
1129,002224.SZ,三 力 士,0.26767676767676774,22.082018927444793,1.6163967328489537,1.6561405402963068,1.0287820171497664,1.4811237572082927,806380369.0000001,3.71,3.86,3.69,3.74,19780100.0,74517144.0,3.7,1.0810810810810922,10.0,4.07,False,False,True,65.5430784123911
1130,688489.SH,三未信安,0.22334723049434188,27.794117647058837,1.8011992863150919,0.8326742977031204,1.317443918023801,0.7083741360682879,168277447.0,24.2,24.43,23.75,23.96,992576.0,23853378.0,24.15,-0.7867494824016497,20.0,28.98,False,False,True,65.54114230396902
1131,601599.SH,浙文影业,0.17647058823529407,26.181818181818194,1.4875709891793854,2.0667986714312763,1.3044101714739789,1.4822266051354127,1160542453.0,3.26,3.4,3.24,3.26,35552800.0,117670225.0,3.26,0.0,10.0,3.59,False,False,True,65.51306873184899
1132,688626.SH,翔宇医疗,0.02854046242774576,35.87786259541985,2.200379425800368,1.33867021875,0.9684744803973967,0.6024126507819199,160000000.0,41.52,41.52,40.1,40.54,1290291.0,52390034.0,40.88,-0.8317025440313208,20.0,49.06,False,False,True,65.50435624394966
1133,300381.SZ,溢多利,0.10619469026548643,24.067164179104484,2.114574145020786,2.0388338671570767,1.0745424814750395,0.9510638709123751,478453174.0,5.59,5.63,5.5,5.52,9277500.0,51450295.0,5.6,-1.4285714285714346,20.0,6.72,False,False,True,65.4888673765731
1134,300791.SZ,仙乐健康,0.24692526017029343,24.02597402597404,1.6523334852133214,1.100598065122625,1.6821741981583387,0.6198204958269607,257499743.00000003,18.09,18.13,17.75,17.77,1756123.0,31412075.0,18.01,-1.3325930038867395,20.0,21.61,False,False,True,65.48112294288481
1135,001238.SZ,浙江正特,0.13888888888888884,39.29203539823008,1.7918029024446707,0.4750302008631376,1.406762018413266,0.640037614188644,145422996.0,25.24,25.39,24.7,24.72,442140.0,11033828.0,25.25,-2.099009900990101,10.0,27.78,False,False,True,65.4811229428848
1136,603096.SH,新经典,0.38959212376933905,25.931677018633525,1.3362131142678373,1.1411221451805744,1.0418857185141335,0.921531237303839,154234624.0,15.74,15.97,15.22,15.3,1621900.0,25171444.0,15.65,-2.2364217252396124,10.0,17.22,False,False,True,65.46563407550823
1137,688779.SH,五矿新能,0.21939586645468995,38.980509745127435,1.3753983470016589,1.390977344344154,0.8779586357520681,0.43097512354838485,1929219984.0,7.84,7.9,7.78,7.81,11565223.0,90696382.0,7.81,0.0,20.0,9.37,False,False,True,65.46369796708616
1138,603363.SH,傲农生物,0.14722222222222217,27.3076923076923,1.9072022267334667,1.8410712484618144,1.0082091929255126,1.4132225070303965,2146589668.0,3.13,3.19,3.01,3.01,55850900.0,171175257.0,3.13,-3.833865814696491,10.0,3.44,False,False,True,65.4269119070668
1139,603915.SH,国茂股份,0.22829964328180735,38.083333333333336,1.8511415966475355,0.8283311998212395,0.7618899117755041,1.1415325099225666,656632480.0000001,13.96,14.12,13.68,13.73,6208900.0,85851738.0,13.92,-1.3649425287356243,10.0,15.31,False,False,True,65.40367860600195
1140,002688.SZ,金河生物,0.28235294117647053,21.834061135371186,1.477525380581787,1.5477248958439815,1.281945774090587,1.1196974339013768,747041116.9999999,5.28,5.37,5.19,5.19,12946100.0,67863178.0,5.3,-2.075471698113196,10.0,5.83,False,False,True,65.37463697967085
1141,300960.SZ,通业科技,0.22527472527472536,32.48502994011977,1.4759219957050318,1.3184022346963074,1.0720284700807692,0.7526981979924148,131579400.0,17.07,17.26,16.7,16.9,1305740.0,22327455.0,17.05,-0.8797653958944385,20.0,20.46,False,False,True,65.37076476282672
1142,002210.SZ,飞马国际,0.10583941605839418,28.07881773399017,1.9347633904758303,2.2673401100048913,0.9337386308372186,0.7428429903680188,2656759025.0000005,2.33,2.35,2.26,2.27,44747200.0,102633326.0,2.32,-2.155172413793094,10.0,2.55,False,False,True,65.35333978702808
1143,002576.SZ,通达动力,0.31744040150564606,35.27980535279804,1.3319825253840487,1.6241736414106918,0.5953643817182863,0.9143835229935935,162027571.0,14.85,15.04,14.78,14.84,2406300.0,35869891.0,14.86,-0.1345895020188448,10.0,16.35,False,False,True,65.35333978702808
1144,000690.SZ,宝新能源,0.35714285714285726,30.78651685393259,1.0665855266872692,2.3894034068950307,0.6019889648641398,1.213416633443805,2174468225.0,4.87,4.96,4.86,4.91,63045267.0,309769107.0,4.87,0.8213552361396204,10.0,5.36,False,False,True,65.351403678606
1145,600097.SH,开创国际,0.21782178217821785,26.907630522088354,1.4557695353895488,1.728498662587769,1.241177582070425,0.8446699565661425,240936559.00000003,9.31,9.38,9.12,9.13,3517700.0,32347886.0,9.23,-1.0834236186348822,10.0,10.15,False,False,True,65.33591481122943
1146,600867.SH,通化东宝,0.29487179487179493,23.18435754189945,1.5218279072852892,1.6354924705095597,1.0135935645181535,0.3626685532906255,1958542829.0,8.08,8.13,8.0,8.06,11616934.0,93654809.0,8.08,-0.24752475247524774,10.0,8.89,False,False,True,65.29138431752177
1147,603199.SH,九华旅游,0.34264305177111726,18.133333333333333,1.1906471980239488,2.0491356161908154,1.324428587779662,1.8474121921444484,110680000.0,35.04,35.99,34.08,34.36,4189900.0,146176924.0,35.03,-1.912646303168719,10.0,38.53,False,False,True,65.21006776379478
1148,600201.SH,生物股份,0.39562443026435734,28.649635036496335,1.4162126646251136,1.4093634994556403,0.7499634221856255,0.5540843350133573,1099927826.0,12.31,12.45,12.22,12.32,8589405.0,106036858.0,12.31,0.08123476848089783,10.0,13.54,False,False,True,65.2081316553727
1149,000555.SZ,神州信息,0.12818645302257825,30.92672413793105,1.8402564325383046,2.1555452193126237,0.8704467581267579,0.5245403455878649,974916887.0,11.13,11.18,10.9,10.95,11023097.0,121615381.0,11.04,-0.8152173913043459,10.0,12.14,False,False,True,65.14811229428848
1150,300371.SZ,汇中股份,0.2812499999999999,29.276693455797908,1.4308531677008258,1.7458992765075774,0.8734561774255308,1.0606815180490252,139995662.0,10.59,10.68,10.3,10.35,2592500.0,27050496.0,10.51,-1.5223596574690745,20.0,12.61,False,False,True,65.12487899322362
1151,600975.SH,新五丰,0.3286713286713286,26.49164677804294,1.480100299433505,1.1396951306199015,1.0682413343747978,0.7903143543747816,1249661740.0,5.15,5.17,5.04,5.08,11255921.0,57298681.0,5.13,-0.9746588693957059,10.0,5.64,False,False,True,65.07454017424976
1152,300771.SZ,智莱科技,0.23214285714285704,28.036437246963565,1.2867031220988423,2.3490244647224148,1.004739578149177,0.5733910613496238,189077273.0,11.9,12.01,11.72,11.75,2546700.0,30143383.0,11.83,-0.6762468300929858,20.0,14.2,False,False,True,65.07454017424976
1153,688660.SH,电气风电,0.022631578947368454,37.883008356545965,2.2311185469617754,1.3194404977779701,0.9321626579129154,0.5824553194088504,1333333400.0,7.63,7.72,7.41,7.48,10246869.0,77264453.0,7.61,-1.708278580814715,20.0,9.13,False,False,True,65.02613746369796
1154,000096.SZ,广聚能源,0.2558502340093602,25.854383358098065,1.41597716539479,1.6621276191743866,1.225064112122578,0.7954315383267615,510848000.0,8.31,8.4,8.18,8.25,6753966.0,55916101.0,8.37,-1.4336917562723928,10.0,9.21,False,False,True,64.97967086156825
1155,300036.SZ,超图软件,0.04603174603174605,32.741617357001985,1.740572077419651,2.4279173547584665,1.016578487393282,0.6609811664059633,445052653.0,10.74,10.8,10.43,10.47,7142239.0,75511678.0,10.72,-2.332089552238803,20.0,12.86,False,False,True,64.88867376573089
1156,300859.SZ,西域旅游,0.16493656286043826,33.02364864864864,1.3715678120271535,2.368808645161287,1.0170731511385396,3.6694716336787128,155000000.0,30.27,31.31,28.26,28.5,13473028.0,402645406.0,29.4,-3.0612244897959107,20.0,35.28,False,False,True,64.87124878993222
1157,301298.SZ,东利机械,0.3860589812332439,32.32421875,1.3340912764129018,1.457653070447384,0.6953581395348838,0.9597107261828068,108204492.0,13.12,13.34,12.78,12.88,1513700.0,19677946.0,13.12,-1.8292682926829174,20.0,15.74,False,False,True,64.81703775411422
1158,300188.SZ,国投智能,0.14087759815242498,37.06140350877194,1.4558628242552918,1.6157342499623477,1.1967942759919235,0.4914954195097554,855508590.0,10.36,10.45,10.23,10.27,6793816.0,70171911.0,10.34,-0.6769825918762074,20.0,12.41,False,False,True,64.81510164569215
1159,301289.SZ,国缆检测,0.19498607242339827,33.195449844881075,1.4927206146466603,1.258241904287559,1.387865219711795,0.7407033675270892,77500900.0,45.2,45.28,44.28,44.55,722296.0,32268997.0,44.98,-0.9559804357492263,20.0,53.98,False,False,True,64.7512100677638
1160,002790.SZ,瑞尔特,0.18057285180572855,28.294573643410857,1.621944434428841,1.8585846431208537,1.1224500967520814,2.2054312320246594,260697500.0,6.64,6.8,6.41,6.45,10685940.0,70220115.0,6.61,-2.4205748865355536,10.0,7.27,False,False,True,64.73572120038723
1161,605266.SH,健之佳,0.24024960998439923,26.85634975711313,1.473757559202745,1.5023461312962771,1.3773069436028218,0.7075202161523599,154542928.0,15.93,16.09,15.78,15.79,1642699.0,26159140.0,15.95,-1.0031347962382475,10.0,17.55,False,False,True,64.66602129719264
1162,002683.SZ,广东宏大,0.19876627827278964,27.25806451612902,2.0812671419841435,1.401474386070718,0.9403930182753454,0.8758692075425246,666725371.0,30.43,30.57,29.82,30.04,8184109.0,247690777.0,30.6,-1.8300653594771288,10.0,33.66,False,False,True,64.65053242981608
1163,601100.SH,恒立液压,0.3832512315270937,28.27285016117291,2.0590046825102726,0.49641129872763246,0.7351579372196418,0.532164959639569,1340820992.0,100.77,101.58,98.83,100.16,3542083.0,354114701.0,100.28,-0.11966493817312518,10.0,110.31,False,False,True,64.62536302032913
1164,300370.SZ,安控科技,0.24848484848484842,28.57142857142858,1.7236324459947963,1.4210099099249132,0.9311096869273993,0.9293447514870753,1561476109.0,2.29,2.32,2.22,2.23,20620980.0,46473190.0,2.3,-3.0434782608695587,20.0,2.76,False,False,True,64.56534365924492
1165,300597.SZ,吉大通信,0.32649572649572656,32.00000000000001,1.3108027336719172,1.6366605492678679,0.8077052326147734,1.1099615091016968,271552238.0,8.19,8.23,7.93,7.95,4933100.0,39504995.0,8.16,-2.573529411764708,20.0,9.79,False,False,True,64.56147144240077
1166,600650.SH,锦江在线,0.17599067599067597,28.66379310344829,1.553284278266434,1.612796597296839,1.77705080089364,2.1857091628565546,390560075.0,10.8,11.66,10.8,11.33,13767650.0,155667522.0,10.79,5.004633920296575,10.0,11.87,False,False,True,64.54791868344627
1167,301229.SZ,纽泰格,0.13,37.809523809523824,1.222701114834706,2.3189143222147193,1.1441014366206212,0.7833090769684573,129280641.0,12.52,12.74,12.35,12.41,2348288.0,29368832.0,12.58,-1.3513513513513487,20.0,15.1,False,False,True,64.51500484027105
1168,600350.SH,山东高速,0.36585365853658525,35.30591775325978,1.1538119224858556,0.30114766081640304,1.5060642549758463,0.8839238897719561,4834570825.0,10.07,10.28,10.06,10.25,12869222.0,131469927.0,10.11,1.3847675568743778,10.0,11.12,False,False,True,64.4511132623427
1169,301263.SZ,泰恩康,0.10053619302949063,29.908675799086758,2.2690151511520757,1.4717882051598135,1.0755719659790297,0.3764053771397425,364303266.0,19.09,19.25,18.77,18.82,2018200.0,38230434.0,19.02,-1.051524710830698,20.0,22.82,False,False,True,64.39690222652469
1170,002482.SZ,广田集团,0.16981132075471708,29.824561403508774,1.90514188909293,1.5158546459675173,1.0391567280680543,1.0265219787741162,3743709801.0,1.33,1.35,1.3,1.31,58254300.0,77185085.0,1.32,-0.7575757575757569,10.0,1.45,False,False,True,64.36786060019361
1171,600211.SH,西藏药业,0.14694835680751187,20.2962962962963,2.100929918376671,1.821647104133377,1.6532002199004254,0.3605849274113648,322319196.0,36.69,37.08,36.69,36.88,2117181.0,80482411.0,36.88,0.0,10.0,40.57,False,False,True,64.33688286544046
1172,001387.SZ,雪祺电气,0.28366762177650406,39.320388349514545,0.9860325815065074,2.088273675093345,0.7301283112122813,1.057427430216782,116409541.0,12.34,12.42,12.03,12.03,2570553.0,31344151.0,12.28,-2.035830618892509,10.0,13.51,False,False,True,64.33301064859631
1173,300760.SZ,迈瑞医疗,0.3154975251749445,31.6361953251562,1.4897414567654126,0.8164764502875655,1.1090938752154567,0.7201412211682072,1210662145.0,166.57,168.27,165.27,166.35,7118661.0,1199555919.0,166.6,-0.15006002400960172,20.0,199.92,False,False,True,64.31364956437561
1174,601965.SH,中国汽研,0.3461962513781698,39.70988213961923,1.2517456837796845,0.764503857858974,0.917941845746306,0.5634395842926463,998405727.0,14.2,14.29,14.08,14.09,4300650.0,60883659.0,14.17,-0.5645730416372619,10.0,15.59,False,False,True,64.29041626331075
1175,300896.SZ,爱美客,0.08082820757168845,35.649327028010205,1.6320474129143783,1.8137879492336986,1.257415245431877,0.4814619821989428,221012302.00000003,92.05,93.4,91.0,91.25,1930034.0,178016401.0,91.8,-0.5991285403050051,20.0,110.16,False,False,True,64.23620522749275
1176,603518.SH,锦泓集团,0.3470873786407768,22.861356932153388,1.251922320855529,1.8621889471306206,1.1294576598433272,0.9913466462676671,344073984.0,8.2,8.28,8.06,8.08,6351863.0,51789020.0,8.21,-1.5834348355663885,10.0,9.03,False,False,True,64.23620522749273
1177,605337.SH,李子园,0.2052067381316998,28.518057285180575,1.6352061758797407,1.3213655056845912,1.5224966200284602,0.5381580873227265,387616508.00000006,9.35,9.46,9.23,9.24,2768642.0,25783532.0,9.37,-1.387406616862319,10.0,10.31,False,False,True,64.21297192642787
1178,002535.SZ,林州重机,0.19387755102040824,32.835820895522396,1.6549018527241206,1.8046214907307279,0.8937622133949854,1.264671980651721,746337535.0000001,2.58,2.64,2.49,2.5,17033320.0,43211553.0,2.58,-3.100775193798455,10.0,2.84,False,False,True,64.19554695062925
1179,600518.SH,康美药业,0.20720720720720717,29.31034482758621,1.7361043811787293,1.41144733505903,1.1083356998480243,0.711603041127482,13822352188.0,1.4,1.41,1.37,1.37,138830353.0,192185435.0,1.39,-1.4388489208632893,10.0,1.53,False,False,True,64.17618586640852
1180,000797.SZ,中国武夷,0.15217391304347822,30.805687203791464,1.5882563606027622,1.9339342965794013,1.222138989392465,1.0623865912535122,1570574028.9999998,2.53,2.57,2.5,2.52,32268792.0,81828426.0,2.53,-0.39525691699603405,10.0,2.78,False,False,True,64.15295256534367
1181,002162.SZ,悦心健康,0.25867507886435326,30.487804878048784,1.4659052315803933,1.5295695950950459,1.0311240138933087,0.5507900572420559,918321621.0,4.12,4.14,4.03,4.03,7736600.0,31431931.0,4.1,-1.7073170731707221,10.0,4.51,False,False,True,64.14908034849951
1182,002968.SZ,新大正,0.29796511627906963,30.23255813953487,1.2195220432717198,1.6957028727141936,1.0529134003700698,0.7740246887729041,213140277.0,9.85,9.85,9.57,9.59,2797500.0,27094658.0,9.79,-2.0429009193054015,10.0,10.77,False,False,True,64.12778315585673
1183,000882.SZ,华联股份,0.2307692307692308,24.409448818897637,1.6461162686625648,2.155449447982704,0.9776768657331879,0.8131388006687145,2735636141.0,1.54,1.56,1.52,1.52,47946936.0,73565484.0,1.54,-1.2987012987012991,10.0,1.69,False,False,True,64.05614714424009
1184,300879.SZ,大叶股份,0.13217726396917145,38.76525484565685,1.7160157652902268,1.6907510523087712,0.9005178210370542,0.7332980943840911,201028448.0,17.42,17.77,17.04,17.15,2492400.0,43191531.0,17.36,-1.2096774193548487,20.0,20.83,False,False,True,64.04259438528558
1185,003003.SZ,天元股份,0.3966942148760329,27.071823204419875,1.1294970484219196,2.4899801245983273,0.7310978505148292,0.9359667102056197,118041388.0,11.45,11.55,11.17,11.22,2751000.0,31173355.0,11.45,-2.00873362445414,10.0,12.6,False,False,True,64.03678606001937
1186,601865.SH,福莱特,0.09066183136899364,31.28491620111733,2.2791365706165503,1.2993048353841237,1.208040559940279,0.5236979167631364,1901026024.0,9.99,10.09,9.84,9.85,12935400.0,128870363.0,9.95,-1.005025125628134,10.0,10.95,False,False,True,64.02129719264279
1187,603585.SH,苏利股份,0.20294117647058826,32.17097862767153,1.4777719415350448,1.6826687856934444,1.1402872815274134,1.125300675122906,270796011.0,11.0,11.05,10.66,10.78,5127545.0,55415277.0,10.96,-1.642335766423375,10.0,12.06,False,False,True,64.01355275895449
1188,002238.SZ,天威视讯,0.26838966202783304,30.929791271347273,1.6098752869384974,0.9187426631576869,1.2045052226866282,0.8237659710441785,802559160.0,6.62,6.73,6.43,6.5,6074000.0,39895338.0,6.62,-1.812688821752273,10.0,7.28,False,False,True,63.98644724104551
1189,002567.SZ,唐人神,0.3401015228426396,24.92012779552717,1.4769830232314471,1.4492547352970226,1.0425498974232275,0.6459312366265592,1431666421.0,3.83,3.83,3.74,3.75,13402100.0,50566386.0,3.8,-1.3157894736842035,10.0,4.18,False,False,True,63.98063891577929
1190,603668.SH,天马科技,0.15714285714285722,33.943089430894304,1.78694617259331,1.642923643879925,0.9755988694359876,1.0019694569607427,505796732.0,11.35,11.6,11.15,11.24,8326220.0,94256221.0,11.38,-1.2302284710017597,10.0,12.52,False,False,True,63.9244917715392
1191,002599.SZ,盛通股份,0.23108384458077705,32.644628099173566,1.479463130687028,2.0835806111509156,0.8361311222686907,0.7636550847716008,413371086.0,5.98,6.03,5.83,5.84,6577300.0,38895978.0,5.97,-2.1775544388609736,10.0,6.57,False,False,True,63.92255566311712
1192,300463.SZ,迈克生物,0.21169036334913127,28.335451080050824,1.4846030753318533,1.787000046367061,1.2894207555116561,0.43747039833500156,491598938.0,9.25,9.29,9.11,9.16,3843122.0,35260005.0,9.21,-0.5428881650380135,20.0,11.05,False,False,True,63.889641819941914
1193,000537.SZ,绿发电力,0.10635155096011827,33.82570162481537,2.3935095361850256,1.6561406463679338,0.8056222864766078,0.3198607894463315,2055717899.0,7.5,7.54,7.43,7.45,10889846.0,81417627.0,7.49,-0.5340453938584733,10.0,8.24,False,False,True,63.87221684414327
1194,301586.SZ,佳力奇,0.14973821989528793,34.53626849512812,1.684945433857497,1.6972815896559963,1.0510600135998212,1.8323036299154218,52911070.0,32.0,32.0,30.61,30.8,1645500.0,51349915.0,32.0,-3.749999999999998,20.0,38.4,False,False,True,63.82187802516941
1195,300482.SZ,万孚生物,0.10285714285714288,39.10795087265675,1.5992656109237644,1.6901618251928734,1.1108078751128776,0.7603612701317806,429263727.0,16.55,16.94,16.55,16.65,5525882.0,92771768.0,16.55,0.6042296072507503,20.0,19.86,False,False,True,63.81606969990319
1196,002858.SZ,力盛体育,0.3122721749696234,31.006160164271044,1.4515361319867588,2.2362899398557046,0.546631516538554,1.7373227417849617,147391713.0,12.44,12.68,12.15,12.25,5726400.0,71036875.0,12.31,-0.4874086108854647,10.0,13.54,False,False,True,63.80058083252661
1197,600990.SH,四创电子,0.16507798960138656,35.39473684210526,1.748030856225736,1.520018464109956,0.9896462517448414,0.7108771536046463,269012696.0,19.1,19.11,18.71,18.86,2906807.0,54942734.0,19.01,-0.7890583903208959,10.0,20.91,False,False,True,63.69603097773475
1198,002423.SZ,中粮资本,0.2549019607843136,29.71285892634208,1.527776239909322,1.0768426507539646,1.6419072252221008,0.6964043384794475,2304105575.0,9.68,9.85,9.67,9.7,17278900.0,168578107.0,9.7,0.0,10.0,10.67,False,False,True,63.64956437560504
1199,000650.SZ,仁和药业,0.37305699481865306,20.550847457627142,1.2152295903258041,1.8239727342629926,1.4705860470298877,0.6370902235817978,1331385834.0,5.45,5.46,5.35,5.37,15471172.0,83417991.0,5.44,-1.2867647058823595,10.0,5.98,False,False,True,63.62052274927395
1200,600299.SH,安迪苏,0.08975834292289982,36.41160949868074,1.7611393070569032,1.382717478962482,1.5253912355667811,0.6966764718516705,3079779257.0,8.34,8.44,8.29,8.32,29667721.0,247549101.0,8.36,-0.4784688995215225,10.0,9.2,False,False,True,63.59535333978703
1201,603231.SH,索宝蛋白,0.3803680981595093,24.087591240875916,0.8841794319230262,2.2296883305515363,1.1385873137914466,0.6714779546317249,106265982.0,16.8,16.86,16.45,16.5,1591000.0,26423651.0,16.8,-1.7857142857142905,10.0,18.48,False,False,True,63.58180058083253
1202,301505.SZ,苏州规划,0.17504655493482313,39.565217391304344,1.2733239949983066,2.377789286999917,0.9048851871346811,1.9117994894631867,91169401.0,16.62,17.23,16.46,16.74,4144430.0,69589410.0,16.62,0.7220216606498076,20.0,19.94,False,False,True,63.55082284607938
1203,300190.SZ,维尔利,0.24731182795698925,34.036144578313255,1.7935017200252488,1.587280875291024,0.6773945368601032,1.9487246499094895,944241642.0,3.78,3.99,3.72,3.89,29207031.0,112935088.0,3.78,2.9100529100529293,20.0,4.54,False,False,True,63.54501452081316
1204,603658.SH,安图生物,0.3806863527533921,25.940383250532296,1.4451923617172422,0.7709061011510041,1.8534215512636818,0.5072019821171064,571424768.0,33.08,33.08,32.26,32.39,2234300.0,72880412.0,32.95,-1.6995447647951467,10.0,36.25,False,False,True,63.48886737657309
1205,600864.SH,哈投股份,0.260450160771704,21.01010101010101,1.5761498868771757,2.054154809422173,1.196676354128413,0.8608014414403824,2080570520.0,5.76,5.84,5.73,5.74,36789052.0,212689031.0,5.76,-0.3472222222222099,10.0,6.34,False,False,True,63.48499515972894
1206,300523.SZ,辰安科技,0.2677219545767378,31.4792899408284,1.778872425180675,1.0711586675514875,0.948178331297588,0.9787265327632648,232630438.0,20.91,21.0,20.48,20.51,2438831.0,50499636.0,20.79,-1.3468013468013407,20.0,24.95,False,False,True,63.48305905130687
1207,300306.SZ,远方信息,0.31383737517831684,28.02395209580839,1.4141606052019224,1.7716046778121486,0.9451304185983553,0.7612367818757116,157651136.0,10.58,10.7,10.33,10.37,2126100.0,22258708.0,10.55,-1.706161137440776,20.0,12.66,False,False,True,63.4811229428848
1208,300239.SZ,东宝生物,0.2863247863247863,28.923766816143505,1.4965205077894042,1.6232381996100629,0.9791243045328097,0.5509383008642473,589777015.0,5.14,5.17,5.04,5.06,5274400.0,26811610.0,5.13,-1.3645224171540016,20.0,6.16,False,False,True,63.384317521781206
1209,603208.SH,江山欧派,0.3026819923371648,32.68608414239485,1.6596589565559348,1.0913423507309206,0.8800594761859131,0.8518552594712494,175879347.00000003,11.7,11.84,11.4,11.42,1635090.0,18944421.0,11.64,-1.8900343642611728,10.0,12.8,False,False,True,63.35914811229429
1210,002314.SZ,南山控股,0.20129870129870145,31.413612565445014,1.6131881314835745,1.968463495300577,0.960848955341463,0.9099206563535949,1338333414.0,2.23,2.26,2.19,2.21,23971500.0,53173481.0,2.22,-0.45045045045045695,10.0,2.44,False,False,True,63.359148112294285
1211,300324.SZ,旋极信息,0.09957627118644072,32.398753894081,2.4052037307456,1.918489623794857,0.8116382082364304,0.8249642195709277,1709983348.0,3.71,3.73,3.57,3.59,27063655.0,98044336.0,3.68,-2.445652173913049,20.0,4.42,False,False,True,63.359148112294285
1212,301088.SZ,戎美股份,0.3238916256157637,30.967741935483883,1.4261511975050272,0.9915224202127603,1.2212147209119497,1.0338174615047035,188000000.0,13.6,13.69,13.23,13.28,1927100.0,25895312.0,13.48,-1.4836795252225587,20.0,16.18,False,False,True,63.32042594385284
1213,300078.SZ,思创智联,0.1443037974683544,31.538461538461537,1.6187705769274163,2.361997149569205,1.055769912763899,3.8805647199500557,1113367148.0,2.93,3.02,2.76,2.81,102049928.0,292708598.0,3.17,-11.356466876971606,20.0,3.8,False,False,True,63.26040658276864
1214,002021.SZ,中捷资源,0.34090909090909094,32.86384976525822,1.227307363518954,2.115139740036895,0.7304767453888247,0.9764386547679929,1195437891.0,2.75,2.77,2.68,2.69,24689429.0,66909689.0,2.73,-1.465201465201471,10.0,3.0,False,False,True,63.23136495643757
1215,000155.SZ,川能动力,0.2528977871443625,30.879541108986608,1.5077579707771975,2.0736382310904076,0.8552775101697384,0.7507195019614599,1846168342.0,12.3,12.48,12.15,12.19,28739684.0,353718874.0,12.25,-0.4897959183673528,10.0,13.48,False,False,True,63.206195546950624
1216,301585.SZ,蓝宇股份,0.3587786259541985,20.79497907949792,1.4643291096838689,1.7488045331764797,1.1215340564832805,0.7502402627726502,68111886.0,28.15,28.45,27.62,27.94,893644.0,24925007.0,28.13,-0.6754354781372096,20.0,33.76,False,False,True,63.1539206195547
1217,301221.SZ,光庭信息,0.22685185185185178,31.754530477759467,1.4349930903498145,2.1195262800210504,0.9671380456075469,0.6273125078867565,89340795.99999999,29.18,29.49,28.51,28.6,1187880.0,34355990.0,29.18,-1.9876627827278948,20.0,35.02,False,False,True,63.09002904162633
1218,300510.SZ,金冠股份,0.2489082969432314,24.242424242424242,1.5552303564864964,2.4444784268817332,0.9935687750663816,1.0796921458856417,824690700.0000001,3.54,3.58,3.42,3.45,21765931.0,75912855.0,3.54,-2.5423728813559254,20.0,4.25,False,False,True,63.03872216844143
1219,000524.SZ,岭南控股,0.25651720542231476,34.158415841584166,1.2223425170739644,1.7286223352384937,1.1268791906182107,2.1765400022260564,670008507.0,10.58,10.76,9.99,10.1,25208505.0,260771525.0,10.54,-4.174573055028463,10.0,11.59,False,False,True,62.989351403678604
1220,300741.SZ,华宝股份,0.37795275590551175,28.5953177257525,1.6553226703325925,0.46827055525602246,1.1900333101225016,2.0102897346743753,615877150.0,15.34,15.8,15.24,15.74,5797618.0,90871306.0,15.32,2.741514360313313,20.0,18.38,False,False,True,62.933204259438526
1221,300532.SZ,今天国际,0.3734335839598998,25.9567387687188,1.3934875780560652,1.5175173732984284,1.0637292852093976,1.1900506782865221,604581510.0,7.48,7.48,7.35,7.4,10918274.0,80839283.0,7.5,-1.3333333333333308,20.0,9.0,False,False,True,62.83059051306874
1222,603755.SH,日辰股份,0.23723150357995218,36.32714500752636,1.7773955454028176,1.078846047740571,0.9073686993603411,1.5905303350027418,98613681.0,24.96,25.89,24.8,24.91,1692149.0,42889340.0,24.9,0.040160642570286065,10.0,27.39,False,False,True,62.82478218780253
1223,603737.SH,三棵树,0.08625138223368965,34.36041083099906,2.029443895319949,1.286980114982544,1.6600406899962776,0.7316680411388581,885380968.0,23.95,24.96,23.75,24.45,8337121.0,204001761.0,23.76,2.9040404040403978,10.0,26.14,False,False,True,62.78993223620524
1224,002488.SZ,金固股份,0.06075533661740545,36.078431372549026,1.7260179907261086,2.3792686508832515,1.0414877552956925,1.147979392141392,920083999.0,8.05,8.46,7.95,8.33,25130727.0,206580221.0,8.02,3.8653366583541127,10.0,8.82,False,False,True,62.76863504356244
1225,688317.SH,之江生物,0.17001434720229566,31.215846994535525,1.8570849458489438,1.573980680487321,1.152956654689271,0.31982862975606247,189843712.0,17.01,17.25,16.85,16.94,955681.0,16260985.0,17.01,-0.4115226337448541,20.0,20.41,False,False,True,62.75701839303001
1226,688692.SH,达梦数据,0.036538022379538584,38.349802371541486,2.1602243322715653,1.9394271733666055,0.8635819874860897,0.5980990294225306,74164708.0,215.5,215.66,208.68,210.41,860288.0,181833963.0,207.2,1.5492277992277925,20.0,248.64,False,False,True,62.731848983543074
1227,301388.SZ,欣灵电气,0.27170283806343903,38.39056893900563,1.4634842550816831,1.6538429377152934,0.7453716206367627,1.1268612988840665,72662562.0,26.03,26.22,25.36,25.51,1354177.0,34819748.0,26.02,-1.96003074558031,20.0,31.22,False,False,True,62.7241045498548
1228,603077.SH,和邦生物,0.283132530120482,23.188405797101442,1.7029492997645181,1.9986210452206468,0.9591993192019792,1.0632520143271211,8831707728.0,2.33,2.35,2.29,2.3,187677111.0,433789040.0,2.35,-2.1276595744680993,10.0,2.59,False,False,True,62.69312681510165
1229,002414.SZ,高德红外,0.2707808564231738,25.20938023450585,1.5005706594215529,2.0383319562453477,1.0936109585322398,0.9237674774125687,3398612431.0,12.86,12.9,12.65,12.66,63993995.0,813840802.0,12.83,-1.3250194855806696,10.0,14.11,False,False,True,62.68151016456922
1230,601611.SH,中国核建,0.18323249783923948,34.963579604578584,1.7720784909400613,1.340218524269637,1.080033759373764,0.37481932916340166,3013834212.0,10.58,10.64,10.51,10.6,15139689.0,160046439.0,10.56,0.37878787878786735,10.0,11.62,False,False,True,62.671829622458866
1231,688608.SH,恒玄科技,0.03713305375524213,37.920242301867766,2.2663615221764273,1.8152907503243494,0.8768432732321884,0.5139284593482979,236886047.0,105.08,105.99,102.46,102.8,2209980.0,229126325.0,103.92,-1.0777521170130866,20.0,124.7,False,False,True,62.61374636979671
1232,301131.SZ,聚赛龙,0.2783547985043624,37.29729729729729,1.2386892852275053,2.2061873671573484,0.7608128472332315,0.888716581313255,39154877.0,34.44,34.86,33.46,33.56,767700.0,26088945.0,34.45,-2.5834542815674877,20.0,41.34,False,False,True,62.58567279767667
1233,600426.SH,华鲁恒升,0.18777567737870196,28.757062146892665,1.8151878332975777,1.6450821157035012,1.2088765859464912,0.7148356656310753,2749579013.0000005,20.86,21.06,20.54,20.68,32334042.0,672851728.0,20.68,0.0,10.0,22.75,False,False,True,62.56147144240076
1234,605155.SH,西大门,0.31918997107039543,35.96412556053812,1.2365931136093626,1.4235508100141032,0.9668431598684234,0.6778934580824344,187428372.00000003,14.52,14.69,14.24,14.28,1807200.0,26053401.0,14.46,-1.2448132780083054,10.0,15.91,False,False,True,62.54791868344628
1235,688050.SH,爱博医疗,0.0909849749582639,27.618506954300326,2.173736671213082,1.8826276062423861,1.3777382725988498,0.5747851244258126,193437735.0,39.65,39.93,39.0,39.05,2093202.0,82375030.0,39.59,-1.3639808032331557,20.0,47.51,False,False,True,62.5459825750242
1236,600241.SH,时代万恒,0.38611713665943603,31.51618398637137,1.6833167947676153,1.364543812401751,0.57583949261535,0.8188240025919094,294302115.0,7.65,7.73,7.45,7.48,3288300.0,24827985.0,7.65,-2.2222222222222254,10.0,8.42,False,False,True,62.530493707647636
1237,603081.SH,大丰实业,0.2833583208395803,26.913580246913572,1.8324732326438724,1.1093768143897442,1.1226739481909962,0.542466744309433,422499149.00000006,10.05,10.14,9.95,10.02,2542600.0,25513857.0,9.99,0.30030030030030463,10.0,10.99,False,False,True,62.53049370764763
1238,688113.SH,联测科技,0.3484337349397589,38.20263705759888,1.639076472726721,0.9722332798359585,0.6803489250262156,0.9778955093839667,64397559.0,36.0,36.57,35.61,35.86,612255.0,22046720.0,36.05,-0.5270457697642117,20.0,43.26,False,False,True,62.4917715392062
1239,600583.SH,海油工程,0.35342465753424657,34.453781512605055,1.31677938710346,1.0621977182197597,1.0579841755170156,0.6686334509719923,4421354800.0,6.02,6.14,6.0,6.11,31401387.0,190868781.0,6.05,0.9917355371900971,10.0,6.66,False,False,True,62.48209099709584
1240,603969.SH,银龙股份,0.2092050209205021,26.466165413533837,1.764108436482563,1.979054441422253,1.080923353738971,0.5434021119910702,851553800.0,7.62,7.78,7.62,7.7,9157800.0,70473234.0,7.65,0.6535947712418277,10.0,8.42,False,False,True,62.480154888673766
1241,603583.SH,捷昌驱动,0.2270759543486816,28.257756563245827,1.88901944548699,1.3563789540193947,1.1026052463266196,2.1486093576269756,382246955.0,26.6,27.6,26.33,27.12,11139932.0,303631357.0,26.72,1.4970059880239583,10.0,29.39,False,False,True,62.46853823814133
1242,600865.SH,百大集团,0.11426726920593933,30.74901445466489,1.8880615330998964,2.0773877007906787,1.1608872548542717,3.1379347468200702,376240316.0,9.38,10.32,9.31,10.32,24526004.0,246986051.0,9.38,10.021321961620465,10.0,10.32,True,False,True,62.46660212971926
1243,603307.SH,扬州金泉,0.35108153078202975,29.431438127090303,1.4607379213009175,0.9893715388574321,1.2784040140718622,0.9207641755354609,97150000.0,25.15,25.78,24.7,24.75,885015.0,22188821.0,25.15,-1.5904572564612307,10.0,27.67,False,False,True,62.441432720232335
1244,600475.SH,华光环能,0.21775417298937794,33.11475409836064,1.900159929210877,1.293253437289001,0.9485082887797662,0.5599458601525101,942885729.0,15.2,15.35,14.92,15.07,6827925.0,103206545.0,15.07,0.0,10.0,16.58,False,False,True,62.414327202323335
1245,603101.SH,汇嘉时代,0.20584652862362976,30.000000000000004,1.736892828604993,1.9840276785714241,0.9703259507066726,1.0064387294012638,470400000.0,7.66,7.79,7.62,7.67,9392958.0,72351436.0,7.69,-0.2600780234070288,10.0,8.46,False,False,True,62.35333978702807
1246,300611.SZ,美力科技,0.2774798927613942,26.666666666666682,1.8024560763280224,2.3334450191088494,0.6811590280473316,0.9351353686540231,148302980.0,26.34,26.84,26.11,26.29,3236100.0,85570487.0,26.34,-0.18982536066818323,20.0,31.61,False,False,True,62.31752178121975
1247,301083.SZ,百胜智能,0.21290322580645155,34.417344173441734,1.6380428259978508,2.0905105989186055,0.8113361162439144,0.964115970549279,86943917.0,14.43,14.57,14.0,14.01,1752350.0,24876262.0,14.37,-2.5052192066805756,20.0,17.24,False,False,True,62.25750242013554
1248,600422.SH,昆药集团,0.17453505007153075,32.191780821917824,1.6917046500803377,1.5829271068716615,1.4355126058675431,0.29131955561612416,756975757.0,8.5,8.55,8.44,8.45,3490700.0,29640677.0,8.52,-0.8215962441314617,10.0,9.37,False,False,True,62.14714424007746
1249,002930.SZ,宏川智慧,0.22186147186147187,38.74345549738221,1.6357931087529285,1.8868243136572254,0.7133704145647712,1.6471397826657481,433418021.0,9.73,9.85,9.6,9.64,13470040.0,130877596.0,9.69,-0.5159958720330149,10.0,10.66,False,False,True,62.10454985479187
1250,600738.SH,丽尚国潮,0.3726415094339624,25.77903682719549,1.2238046789859691,1.67660343223665,1.3383948304747146,1.2595587049245247,760666196.0,4.34,4.44,4.3,4.35,16063600.0,70314955.0,4.32,0.6944444444444198,10.0,4.75,False,False,True,62.02323330106485
1251,003039.SZ,顺控发展,0.39393939393939387,27.736549165120607,1.6112121178844052,0.7294642139842406,1.2196456198302355,7.832818706897115,617518730.0,13.59,15.0,13.12,13.27,35283544.0,484940944.0,13.77,-3.631082062454616,10.0,15.15,False,False,True,62.01161665053243
1252,301087.SZ,可孚医疗,0.3928571428571428,28.43182875756167,1.8132723047174828,1.0204697097967295,0.8362984575375012,0.9343086002548517,193991270.0,47.13,48.88,47.13,48.23,1849578.0,88706321.0,47.05,2.5079702444208207,20.0,56.46,False,False,True,62.00774443368828
1253,000045.SZ,深纺织Ａ,0.3337612323491656,36.084905660377345,1.2564575654317522,1.526553897864077,0.902011996512804,0.8854205303540407,457021849.0,11.02,11.17,10.92,10.93,6177300.0,68113726.0,11.08,-1.3537906137184197,10.0,12.19,False,False,True,61.98063891577929
1254,002945.SZ,华林证券,0.3072429906542055,27.605409705648356,1.8767307713218877,0.6370981851851791,1.3735457482977853,1.698092816788342,2700000000.0,15.16,15.43,15.01,15.01,29210000.0,443606573.0,15.2,-1.2499999999999956,10.0,16.72,False,False,True,61.930300096805425
1255,002707.SZ,众信旅游,0.23608017817371948,24.782608695652186,1.5005893381052318,2.376888507438723,1.2736595187524182,1.6830804130061914,865278032.0,5.74,5.8,5.49,5.49,34615400.0,194427420.0,5.66,-3.0035335689045928,10.0,6.23,False,False,True,61.92255566311713
1256,002092.SZ,中泰化学,0.21280602636534837,36.78474114441417,1.4244102481948668,2.239631690043479,0.879173412455198,1.0051875457189852,2575637892.0,4.84,4.9,4.76,4.81,57984045.0,279793571.0,4.8,0.2083333333333215,10.0,5.28,False,False,True,61.91868344627299
1257,603099.SH,长白山,0.24126517101875675,28.262176788935655,1.3636098063003916,2.420554949689713,1.17993317941606,1.2669742196206892,272355860.0,39.9,40.8,38.7,38.89,8352557.0,329623405.0,39.44,-1.3945233265720058,10.0,43.38,False,False,True,61.87028073572121
1258,301167.SZ,建研设计,0.3667546174142479,31.461675579322623,1.2581194970832361,2.0545579090974107,0.8240656213478252,0.926469375300127,105807244.0,14.05,14.15,13.7,13.72,2014025.0,27890360.0,14.0,-1.9999999999999907,20.0,16.8,False,False,True,61.85285575992256
1259,600686.SH,金龙汽车,0.10247651579846279,36.04766633565044,1.9035792938403322,2.2789790971382815,0.9088078251737269,0.8445855404055014,717047417.0,11.3,11.51,11.23,11.27,13801677.0,156846263.0,11.27,0.0,10.0,12.4,False,False,True,61.73668925459827
1260,002835.SZ,同为股份,0.3480113636363636,23.616236162361638,1.3534775131515695,2.140111588936334,1.092110305893658,0.7406491004891491,127453854.0,13.31,13.45,12.93,13.0,2020235.0,26436145.0,13.29,-2.1820917983446098,10.0,14.62,False,False,True,61.73281703775412
1261,603708.SH,家家悦,0.20634920634920634,24.484848484848488,2.0939947928025475,1.3029466685533304,1.9112730748098254,1.1498804437183732,638338675.0,9.43,9.5,9.24,9.28,9563800.0,89430700.0,9.42,-1.4861995753715607,10.0,10.36,False,False,True,61.70571151984511
1262,300375.SZ,鹏翎股份,0.2647058823529411,39.385474860335194,1.2083433020524372,1.9673234936026054,0.8918508741009431,1.0884232268533858,532628329.0,4.3,4.36,4.22,4.24,11405067.0,48687185.0,4.3,-1.3953488372092981,20.0,5.16,False,False,True,61.67860600193612
1263,300441.SZ,鲍斯股份,0.3860759493670888,25.12820512820515,1.6061152851147456,1.0968877470434086,1.2082152400798516,0.7092840048420249,629019147.0,7.06,7.12,6.98,6.98,4893800.0,34393800.0,7.07,-1.2729844413012725,20.0,8.48,False,False,True,61.61277831558567
1264,601003.SH,柳钢股份,0.2357414448669202,28.527607361963202,1.9906219953964281,0.9943991228008514,1.435405461007199,0.6728927753041134,2562793200.0,3.88,3.92,3.82,3.82,17148264.0,66277679.0,3.88,-1.5463917525773252,10.0,4.27,False,False,True,61.6108422071636
1265,600736.SH,苏州高新,0.251923076923077,36.27118644067795,1.3290445077913282,2.2706169812266497,0.8543835670052063,0.6946780089464999,1151292907.0,6.68,6.76,6.66,6.67,18159892.0,121498009.0,6.69,-0.2989536621823663,10.0,7.36,False,False,True,61.57405614714424
1266,300072.SZ,海新能科,0.20731707317073178,26.688102893890676,2.207864837671161,1.6653060975025533,0.9778131795932313,1.007552010574067,2331363778.0,3.77,3.78,3.65,3.7,39117545.0,145026821.0,3.79,-2.37467018469657,20.0,4.55,False,False,True,61.57018393030009
1267,600438.SH,通威股份,0.05966724039013191,38.856589147286826,2.2268495791047123,1.3558556983679706,1.1261491693920074,0.3465320362288575,4501990940.0,11.42,11.49,11.23,11.28,21152489.0,239625365.0,11.36,-0.7042253521126751,10.0,12.5,False,False,True,61.5566311713456
1268,688288.SH,鸿泉技术,0.26867275658248263,38.720538720538734,1.577754339490987,1.4780723396458622,0.7875814036419505,1.1812525259371915,99813704.0,20.16,20.16,19.18,19.18,1742724.0,33940683.0,19.85,-3.375314861460965,20.0,23.82,False,False,True,61.54114230396902
1269,301006.SZ,迈拓股份,0.39330024813895786,32.27272727272727,1.5092750566705377,1.6222342692313227,0.7124797555385791,0.8136078813170412,86236250.0,14.22,14.36,13.76,13.82,1138200.0,15893407.0,14.17,-2.470007057163015,20.0,17.0,False,False,True,61.494675701839306
1270,600346.SH,恒力石化,0.3012448132780084,35.02710027100271,2.010000310955193,0.5381046170894496,0.9107061293188429,1.18359359738617,7039099786.0,18.39,19.31,18.21,19.16,44831828.0,850076013.0,18.39,4.1870581837955445,10.0,20.23,False,False,True,61.492739593417234
1271,000850.SZ,华茂股份,0.2907348242811502,34.7181008902077,1.5845950204643924,1.0805167679882421,1.0553181304835837,0.7448162354313206,943374379.0,4.29,4.32,4.19,4.21,7592149.0,32201463.0,4.28,-1.6355140186915973,10.0,4.71,False,False,True,61.424975798644724
1272,300579.SZ,数字认证,0.2102385685884692,26.264189886480914,1.646660802653696,2.0225386475333504,1.4475746081165766,0.6068924235752308,262800019.0,23.5,23.9,23.3,23.32,3225774.0,75969310.0,23.61,-1.228293096145694,20.0,28.33,False,False,True,61.409486931268155
1273,300024.SZ,机器人,0.019125683060109127,39.674681753889665,1.8933568143468105,2.2133092200550064,0.995630480261216,0.4354351084977646,1565174707.0,14.31,14.48,14.26,14.36,15084411.0,216969961.0,14.27,0.6306937631394449,20.0,17.12,False,False,True,61.258470474346574
1274,300272.SZ,开能健康,0.20356234096692108,28.007889546351073,1.6678371985416234,2.442847455513542,1.067024612860258,0.47698109385519355,464472015.0,5.88,5.91,5.78,5.82,5411991.0,31581384.0,5.87,-0.8517887563884163,20.0,7.04,False,False,True,61.235237173281696
1275,600179.SH,安通控股,0.371875,19.85472154963681,1.8406314021696482,1.2634201330424721,1.2205677204753878,0.741354883116208,3862278495.0,4.56,4.65,4.54,4.61,36175749.0,166585457.0,4.54,1.541850220264318,10.0,4.99,False,False,True,61.23330106485964
1276,000803.SZ,山高环能,0.31238447319778184,31.399317406143346,1.5776742836214646,2.0520928724459955,0.7505414628497197,0.802634488596288,464888628.0,7.54,7.77,7.5,7.5,7657090.0,58178847.0,7.55,-0.6622516556291314,10.0,8.31,False,False,True,61.18780251694095
1277,301320.SZ,豪江智能,0.37085308056872035,36.36363636363635,1.2345122320947044,1.619481053076511,0.8576643017783033,0.829424394014271,114209175.0,14.09,14.19,13.7,13.81,1534100.0,21270018.0,14.02,-1.4978601997146845,20.0,16.82,False,False,True,61.081316553727014
1278,001236.SZ,弘业期货,0.26570915619389596,26.236881559220393,1.819524968279595,1.630012732018107,1.07860463066012,0.8305934102829815,758077778.0,8.23,8.32,8.06,8.07,10263447.0,83960503.0,8.15,-0.9815950920245453,10.0,8.97,False,False,True,61.04937076476282
1279,600831.SH,广电网络,0.2668918918918919,32.2222222222222,1.538459228288072,1.864025208506679,0.9563357327906591,1.1008485918237247,710946992.0,3.5,3.53,3.32,3.37,14588700.0,49832813.0,3.49,-3.4383954154727836,10.0,3.84,False,False,True,61.04937076476282
1280,600435.SH,北方导航,0.1597222222222221,32.77486910994762,1.843596725827816,1.718424652975407,1.2363370825103666,2.0490035595585354,1512357749.0,11.51,11.95,11.38,11.61,53250997.0,620219688.0,11.62,-0.08605851979345269,10.0,12.78,False,False,True,61.04356243949661
1281,000683.SZ,博源化工,0.19331742243436764,29.001883239171367,1.5134791100204916,2.4253409339675702,1.428489787329301,1.1267933498705138,3338565773.0,6.12,6.19,6.08,6.16,91238263.0,560025198.0,6.12,0.6535947712418277,10.0,6.73,False,False,True,60.93320425943853
1282,002416.SZ,爱施德,0.2638376383763837,35.69739952718676,1.5248094090364228,1.736200387054993,0.89790211092514,1.0715458535292701,1223281973.0,9.93,9.94,9.58,9.6,22758162.0,221433589.0,9.89,-2.932254802831147,10.0,10.88,False,False,True,60.877057115198454
1283,300807.SZ,天迈科技,0.22906403940886694,38.13559322033899,1.4771884056901072,2.2872356780588534,0.8017344676215952,0.6804028296139322,51939171.0,39.0,39.86,38.4,38.52,808299.0,31472503.0,39.05,-1.357234314980782,20.0,46.86,False,False,True,60.82284607938044
1284,300220.SZ,金运激光,0.3265524625267666,38.372093023255815,1.3361468014783806,1.5552978350826896,0.8581504356880583,1.2467639601513223,151019348.0,11.7,11.95,11.42,11.47,2928400.0,33981443.0,11.65,-1.5450643776824036,20.0,13.98,False,False,True,60.801548886737656
1285,300509.SZ,新美星,0.23117154811715476,33.614627285513365,1.515946761296234,2.230323361273966,0.9440660804233147,0.8648318745967762,247103523.0,9.34,9.36,9.09,9.14,4766268.0,43767769.0,9.32,-1.931330472102999,20.0,11.18,False,False,True,60.696999031945786
1286,002030.SZ,达安基因,0.1970588235294118,24.374999999999993,2.0862578331905235,1.9275805825927133,1.2308661914015118,0.44002630406064597,1403446032.0000002,5.48,5.51,5.39,5.42,11903835.0,64698589.0,5.47,-0.9140767824497242,10.0,6.02,False,False,True,60.68344627299129
1287,603901.SH,永创智能,0.2210663198959689,38.61502347417842,1.6447768626735169,1.523746193980489,0.9515842605436654,1.901791840372086,568899147.0,10.26,10.31,9.95,9.98,16485833.0,166285502.0,10.22,-2.3483365949119372,10.0,11.24,False,False,True,60.63310745401742
1288,600096.SH,XD云天化,0.33924949290060863,31.096625766871156,1.4045901982011373,2.0293088149552374,0.883762242443532,0.6892509347352458,1822990731.0,31.06,31.21,30.44,30.7,25498226.0,791015445.0,30.69,0.032583903551630655,10.0,33.76,False,False,True,60.61374636979671
1289,000607.SZ,华媒控股,0.32962962962962955,33.670033670033675,1.474079890120048,1.4153577853527621,0.9777850829033095,1.0736068247553445,885062168.0,3.87,3.94,3.77,3.79,13448854.0,51769322.0,3.86,-1.813471502590669,10.0,4.25,False,False,True,60.6079380445305
1290,002420.SZ,毅昌科技,0.365079365079365,36.03411513859274,1.251112440075478,1.9576071690228305,0.783926443175283,1.4003055255887877,403867700.0,6.32,6.37,6.11,6.15,11071112.0,68601059.0,6.3,-2.3809523809523725,10.0,6.93,False,False,True,60.59825750242014
1291,300972.SZ,万辰集团,0.24772173020151464,36.004879536444044,1.7368190816898115,1.131244482383772,1.0781296581416768,0.5454705451296071,180717761.0,186.0,186.0,180.0,180.88,1115138.0,202229217.0,183.25,-1.2933151432469314,20.0,219.9,False,False,True,60.575024201355276
1292,002492.SZ,恒基达鑫,0.2851919561243145,38.27433628318586,1.6744377522381448,1.5420309778137096,0.7296432996075277,1.5235214654025706,397834725.00000006,6.09,6.21,5.84,5.86,9346400.0,56165864.0,6.08,-3.6184210526315708,10.0,6.69,False,False,True,60.56921587608905
1293,600778.SH,友好集团,0.29197080291970784,31.23644251626896,1.318140686197887,2.300965719884817,1.0058062524356146,1.6579176967182871,311214882.0,5.85,5.9,5.75,5.76,11872262.0,69156638.0,5.81,-0.8605851979345935,10.0,6.39,False,False,True,60.54598257502419
1294,600684.SH,珠江股份,0.2299465240641711,34.602076124567475,1.520719867970446,1.9908016962134956,1.0019265227017238,2.76392325452216,853460723.0,3.76,3.79,3.45,3.51,46961020.0,167249241.0,3.75,-6.400000000000006,10.0,4.13,False,False,True,60.497579864472414
1295,600571.SH,信雅达,0.20512820512820512,29.06077348066296,1.6175591070260384,2.236927614445156,1.2546842625479617,0.5624550259011013,457751703.0,11.1,11.15,10.83,10.86,5759300.0,63245971.0,11.05,-1.7194570135746767,10.0,12.16,False,False,True,60.433688286544054
1296,600444.SH,国机通用,0.3168214654282766,32.09982788296042,0.9808823956682895,2.210176683094165,1.2326791540095035,0.775234184811652,146421932.0,14.61,14.9,14.27,14.36,2508800.0,36378903.0,14.69,-2.24642614023145,10.0,16.16,False,False,True,60.40464666021298
1297,603076.SH,乐惠国际,0.22257857601026293,36.44115974985787,1.8702716556070498,1.950933702942027,0.7124005108535196,0.7416539097619707,120701344.0,21.06,21.35,20.91,21.0,1746449.0,36805040.0,21.06,-0.2849002849002802,10.0,23.17,False,False,True,60.402710551790896
1298,605136.SH,丽人丽妆,0.23933975240715258,28.529839883551666,1.7172411847105722,2.0489717286560243,1.0491746104873074,2.290604790893553,400458500.0,8.7,9.15,8.51,8.61,18795057.0,164228533.0,8.61,0.0,10.0,9.47,False,False,True,60.38141335914812
1299,002603.SZ,以岭药业,0.22904191616766464,25.175808720112514,1.7403802440172806,1.9138456436297584,1.6160638787240516,0.39125661254247257,1376272762.0,15.72,15.83,15.6,15.72,10305596.0,161936733.0,15.75,-0.19047619047618536,10.0,17.33,False,False,True,60.34462729912875
1300,688613.SH,奥精医疗,0.22235363690124196,31.138652207591022,1.6627530429808914,2.0247008026883866,1.069463668970654,2.353116543503982,137008584.0,16.65,16.75,15.97,16.21,6527578.0,106099850.0,16.67,-2.7594481103779267,20.0,20.0,False,False,True,60.30977734753146
1301,000705.SZ,浙江震元,0.298136645962733,27.604166666666675,1.3439574430045569,2.4215581940286426,1.1195312070237784,0.6130094830323307,281965270.0,7.22,7.27,7.08,7.1,4185600.0,29906868.0,7.2,-1.388888888888895,10.0,7.92,False,False,True,60.27492739593418
1302,000702.SZ,正虹科技,0.345744680851064,31.85840707964602,1.4715514525356166,1.8866029083399911,0.8492995077794228,0.919681709265356,346624948.0,5.82,5.87,5.67,5.69,6014200.0,34561817.0,5.82,-2.2336769759450203,10.0,6.4,False,False,True,60.269119070667955
1303,605008.SH,长鸿高科,0.3648351648351648,29.668246445497616,1.5078698730012774,0.8594620413936285,2.2815092319767896,0.4590185519502745,645962414.0,13.51,13.51,13.34,13.37,2548380.0,34171685.0,13.52,-1.1094674556213047,10.0,14.87,False,False,True,60.26718296224588
1304,688098.SH,申联生物,0.19178082191780813,34.03973509933773,2.1431326268214486,1.0064783242906221,1.3187447103585797,0.7894183821491229,410644000.0,8.45,8.52,8.25,8.45,3262700.0,27356213.0,8.27,2.1765417170495738,20.0,9.92,False,False,True,60.208131655372696
1305,300261.SZ,雅本化学,0.1640091116173122,35.36299765807964,1.731064532492444,1.7772525650684552,1.278604362658632,0.5343308085954966,942830489.0,5.03,5.04,4.88,4.9,8953503.0,44268005.0,4.99,-1.8036072144288595,20.0,5.99,False,False,True,60.17037754114231
1306,688330.SH,宏力达,0.2660300136425648,31.878866818625863,1.9588007577814857,1.1709938928571384,1.0261431581701457,1.2880822331969586,140000000.0,37.77,37.8,36.53,36.62,2111671.0,77977225.0,37.5,-2.3466666666666747,20.0,45.0,False,False,True,60.15295256534367
1307,002059.SZ,云南旅游,0.30221130221130227,30.597014925373145,1.6017643966223865,1.2478721154364525,1.3172155215151786,2.025713551630203,990393246.0,5.78,5.78,5.78,5.78,25035472.0,144705028.0,5.25,10.095238095238091,10.0,5.78,True,False,True,60.135527589545
1308,000792.SZ,盐湖股份,0.35132743362831864,36.18612380556709,1.7397496180722265,1.214334968419991,0.7372901284739581,0.7012593661242891,5291518096.0,27.12,27.41,27.01,27.07,45060651.0,1225870334.0,26.94,0.48255382331106045,10.0,29.63,False,False,True,60.10648596321394
1309,605138.SH,盛泰集团,0.2795180722891567,38.43058350100603,1.5853752541132786,0.9667552348960569,1.1396539885631836,1.170373968005285,555571680.0,6.12,6.25,6.0,6.0,6286100.0,38325654.0,6.13,-2.1207177814029365,10.0,6.74,False,False,True,60.015488867376575
1310,600743.SH,华远控股,0.21022727272727282,35.63829787234043,2.1056185065909836,1.5531828278923303,0.8264713130872344,1.2900396739658309,2346100874.0,2.14,2.18,2.07,2.13,47008060.0,99873736.0,2.14,-0.4672897196261738,10.0,2.35,False,False,True,60.005808325266216
1311,601162.SH,天风证券,0.26408450704225356,33.22368421052631,1.372248118813943,1.8918205109202562,1.2309700906128977,1.08707506140902,8597970474.0,3.8,3.86,3.77,3.79,176821639.0,675110135.0,3.79,0.0,10.0,4.17,False,False,True,59.945788964181986
1312,600715.SH,文投控股,0.15217391304347827,27.97202797202798,2.3299947230479408,1.5938400724589692,1.5930974700095837,1.04410811152896,2862372241.0,1.7,1.76,1.65,1.67,47633920.0,80984594.0,1.71,-2.3391812865497075,10.0,1.88,False,False,True,59.8702807357212
1313,600638.SH,新黄浦,0.2356495468277946,30.98591549295775,1.702312609800461,1.8142161061635913,1.1456515474474596,0.9747764463737016,673396786.0,5.05,5.12,4.98,4.99,11908720.0,59987800.0,5.04,-0.9920634920634885,10.0,5.54,False,False,True,59.7541142303969
1314,000558.SZ,天府文旅,0.18502202643171808,36.63366336633662,1.5276965750346299,2.3350543138726043,1.0427944352253515,1.9137114743762194,1288679883.0,3.92,4.04,3.82,3.83,57586210.0,225151148.0,3.87,-1.033591731266148,10.0,4.26,False,False,True,59.68054211035818
1315,000503.SZ,国新健康,0.1674418604651163,28.407224958949094,2.2493822871073137,1.7476335661173799,1.2808618920401564,1.043851607739733,979235472.0,7.2,7.29,7.0,7.03,17863900.0,126945263.0,7.17,-1.9525801952580135,10.0,7.89,False,False,True,59.56631171345595
1316,300275.SZ,梅安森,0.255263157894737,33.837689133425044,1.5978117781245877,2.080117706435465,0.9242140555318866,0.5652841422789372,271461453.0,9.25,9.36,9.04,9.05,3192000.0,29219942.0,9.21,-1.7372421281216077,20.0,11.05,False,False,True,59.413359148112285
1317,601519.SH,大智慧,0.14389989572471315,34.412955465587046,1.9740686680610533,1.913826678095271,1.160949006324566,0.7191936809549069,1989160000.0,8.87,9.0,8.73,8.8,27379038.0,242737686.0,8.79,0.11376564277589818,10.0,9.67,False,False,True,59.41142303969023
1318,300329.SZ,海伦钢琴,0.2873443983402491,37.66909469302811,1.8802886978791868,1.1948520663867614,0.8323884537278793,0.8750275479165295,252140431.0,12.38,12.49,11.99,12.02,2636200.0,32058720.0,12.38,-2.9079159935379795,20.0,14.86,False,False,True,59.370764762826724
1319,605339.SH,南侨食品,0.20689655172413784,39.48763250883391,1.7715354434024633,0.7870724390472931,2.4336716474905917,0.46186907550873646,424290616.0,13.83,13.98,13.45,13.45,1542400.0,20939583.0,13.78,-2.394775036284469,10.0,15.16,False,False,True,59.36689254598257
1320,001299.SZ,美能能源,0.33724832214765105,33.25635103926097,1.7844305910453957,1.588736360578834,0.7492881213747501,4.108748317547212,282337678.0,10.33,11.36,10.09,11.36,18430207.0,199814092.0,10.33,9.970958373668925,10.0,11.36,True,False,True,59.34559535333979
1321,002483.SZ,润邦股份,0.22848664688427292,31.645569620253156,1.4921490031260976,1.93853401989417,1.698162897545366,0.6048673040979424,885250799.0,5.5,5.55,5.45,5.47,10380060.0,57175138.0,5.51,-0.7259528130671544,10.0,6.06,False,False,True,59.33978702807357
1322,001209.SZ,洪兴股份,0.2192513368983957,35.14467184191954,1.6668596559236057,2.1623394424577302,0.9236432076174294,1.3444253112203874,96126596.0,18.74,19.18,18.13,18.16,2794500.0,51775125.0,18.68,-2.7837259100642386,10.0,20.55,False,False,True,59.322362052274926
1323,600875.SH,东方电气,0.2487768159578472,38.16825528387901,1.923833662699233,1.803154534937363,0.6432164880043395,0.5419210626530129,2263366595.0,24.66,24.73,24.37,24.58,22116881.0,542965064.0,24.55,0.12219959266801528,10.0,27.01,False,False,True,59.322362052274926
1324,002105.SZ,信隆健康,0.2972027972027972,39.301310043668124,1.3845979059729676,1.8322677484325052,0.8774911404713256,1.0732539750120185,364471975.0,6.31,6.41,6.21,6.22,7167300.0,45101270.0,6.28,-0.9554140127388644,10.0,6.91,False,False,True,59.23330106485963
1325,000930.SZ,中粮科技,0.19329896907216496,26.840855106888363,2.2636694240657294,1.5743665214968061,1.4973385018003662,0.7537158465778515,1856302967.0,4.97,5.04,4.91,4.95,22027355.0,109452170.0,4.96,-0.20161290322580072,10.0,5.46,False,False,True,59.140367860600186
1326,002714.SZ,牧原股份,0.38992750858450975,34.486010688462756,1.3747211492306648,1.4568234463160885,0.9919202105347031,0.5605045162896575,3280499319.9999995,41.98,42.3,41.71,42.08,26787118.0,1124682647.0,42.03,0.11896264572923698,10.0,46.23,False,False,True,59.060987415295266
1327,000514.SZ,渝 开 发,0.1976401179941003,29.66101694915253,1.9072008762926944,1.7723892703513398,1.4568679431754612,1.2086668374623457,843770965.0,4.23,4.28,4.15,4.16,18075499.0,75882797.0,4.21,-1.187648456057,10.0,4.63,False,False,True,59.05711519845111
1328,002663.SZ,普邦股份,0.31932773109243695,30.88235294117647,2.015673815217582,1.7750772123781233,0.6906084379464921,0.7574506494243175,1707116179.9999998,1.75,1.77,1.7,1.71,22952747.0,39672917.0,1.74,-1.7241379310344862,10.0,1.91,False,False,True,59.03581800580832
1329,301039.SZ,中集车辆,0.38961038961038963,35.43307086614173,1.443994682923996,1.085191490177791,1.0874462414813957,0.4133416911120358,1446957375.0,7.87,7.91,7.77,7.78,6490398.0,50856751.0,7.85,-0.8917197452229186,20.0,9.42,False,False,True,58.96611810261374
1330,300999.SZ,金龙鱼,0.3190184049079755,23.99113082039912,1.4272356333735412,2.490745564607706,1.3296638427127587,0.6612073424167438,542647097.0,26.21,26.35,25.99,26.01,8936851.0,233253595.0,26.19,-0.6872852233676952,20.0,31.43,False,False,True,58.8054211035818
1331,688029.SH,南微医学,0.3497638724911451,22.420091324200907,1.836031094555996,1.3727568217571766,1.4693899727511741,0.3011488437745656,187847422.0,77.55,78.2,76.96,77.55,776569.0,60132572.0,77.55,0.0,20.0,93.06,False,False,True,58.78799612778316
1332,603355.SH,莱克电气,0.329261198371146,38.66090712742982,1.9182156988145613,0.48036213423287705,0.9745431444512338,0.7044467151699937,573396882.0,27.39,27.68,27.09,27.51,1940315.0,53166743.0,27.39,0.4381161007667167,10.0,30.13,False,False,True,58.74733785091964
1333,688213.SH,思特威-W,0.35190813914218166,26.355873528732985,2.0569987006051997,2.0764497328047313,0.6707905928710087,0.6720363484594775,323509476.0,94.8,95.12,91.9,93.33,4514412.0,420419202.0,94.3,-1.028632025450693,20.0,113.16,False,False,True,58.64666021297192
1334,300135.SZ,宝利国际,0.27667984189723305,30.662020905923338,1.5157224159790323,2.301357248263884,1.0532479593648554,0.8149487797537048,921600000.0,3.59,3.6,3.49,3.52,17284500.0,61041680.0,3.57,-1.4005602240896309,20.0,4.28,False,False,True,58.63310745401743
1335,600059.SH,古越龙山,0.31830985915492954,19.69486823855757,1.773171045776047,1.8318626332530243,2.0478418515952197,0.7660091677459568,911542413.0,8.38,8.53,8.31,8.35,12790978.0,107643689.0,8.34,0.11990407673860837,10.0,9.17,False,False,True,58.594385285576
1336,300215.SZ,电科院,0.20462046204620463,39.23809523809523,1.9122699481255316,1.8992516290878607,0.8123872264820088,0.856452013652414,749094187.0,6.53,6.55,6.37,6.45,12184900.0,78516345.0,6.49,-0.6163328197226536,20.0,7.79,False,False,True,58.56340755082285
1337,002523.SZ,天桥起重,0.35211267605633795,31.818181818181834,1.4899568867048711,1.5816140963269703,1.0763240469844784,0.8492823637591224,1411542683.0,3.62,3.68,3.59,3.61,18960363.0,68555154.0,3.61,0.0,10.0,3.97,False,False,True,58.53630203291383
1338,300735.SZ,光弘科技,0.18109090909090925,39.84243106359033,1.8327900170412383,1.813519611004204,0.9768264360672747,1.193420725456735,760538820.0,20.35,21.0,19.98,20.2,16460280.0,336405657.0,20.26,-0.29615004935835687,20.0,24.31,False,False,True,58.437560503388184
1339,002103.SZ,广博股份,0.2455089820359282,29.255319148936177,1.5508310925088586,2.3015100717844974,1.3360440621844454,0.8925465312125724,388135588.0,6.88,6.97,6.76,6.78,7973100.0,54655145.0,6.87,-1.3100436681222738,10.0,7.56,False,False,True,58.42787996127783
1340,000421.SZ,南京公用,0.3229813664596274,25.872689938398352,1.3847455659811854,2.2245966375579425,1.6193127175341666,0.9524955954124378,574208022.0,5.9,5.96,5.76,5.77,12167000.0,70884856.0,5.91,-2.368866328257202,10.0,6.5,False,False,True,58.424007744433695
1341,600066.SH,宇通客车,0.3658310120705663,32.39054629988378,1.9712369266897998,0.8669829731816396,0.9910644082173281,1.2241542763441196,2213939223.0,29.33,29.78,28.3,28.4,23497000.0,679036979.0,29.47,-3.630810994231426,10.0,32.42,False,False,True,58.33107454017424
1342,002570.SZ,贝因美,0.25796178343949044,39.740259740259745,1.4805511462482408,1.9232047598116746,0.9453142887402036,0.6374900073826505,1079995333.0,4.66,4.71,4.58,4.58,13241000.0,61278906.0,4.66,-1.716738197424894,10.0,5.13,False,False,True,58.21297192642788
1343,002321.SZ,华英农业,0.22222222222222213,35.403726708074544,1.8132114074524626,1.5391631319362524,1.1564564513391973,0.913662803869734,2125250009.0,2.1,2.12,2.05,2.07,29886883.0,61992013.0,2.11,-1.8957345971563955,10.0,2.32,False,False,True,58.1974830590513
1344,300778.SZ,新城市,0.2895705521472392,36.075205640423036,1.5354439323384033,1.9238473476948792,0.9231116941550436,0.8390379979983874,203602009.0,10.99,11.0,10.74,10.75,3286505.0,35624055.0,10.87,-1.1039558417663242,20.0,13.04,False,False,True,58.108422071636
1345,600824.SH,益民集团,0.27314814814814814,22.57053291536051,1.9559133560131525,1.72046731194351,2.002464598910593,0.8501619833749134,1054027073.0,3.79,3.81,3.73,3.75,15417000.0,58138280.0,3.78,-0.7936507936507908,10.0,4.16,False,False,True,58.06873184898353
1346,002573.SZ,清新环境,0.29496402877697825,24.73867595818815,1.9584573441951758,1.361440856287884,1.9228715525405529,0.6796149086983697,1412690868.0,3.28,3.31,3.24,3.24,13071000.0,42712320.0,3.28,-1.2195121951219412,10.0,3.61,False,False,True,58.015488867376575
1347,600649.SH,城投控股,0.23109243697478984,25.525525525525516,2.2034709328942204,1.5641603975940295,1.6616328012829984,0.9470030409258875,2491800768.0,3.88,3.99,3.84,3.97,36910164.0,145404105.0,3.88,2.3195876288659933,10.0,4.27,False,False,True,58.011616650532424
1348,600533.SH,栖霞建设,0.36000000000000004,31.318681318681318,1.5278446246120683,1.6723861857142808,1.0387731175468373,1.3161006651633513,1050000000.0,2.26,2.28,2.22,2.23,23110800.0,51944831.0,2.27,-1.7621145374449365,10.0,2.5,False,False,True,57.98838334946757
1349,300768.SZ,迪普科技,0.15384615384615388,35.64885496183206,1.6440383043992122,2.3025241859099372,1.5628601523238241,0.3952485784527589,420667034.0,15.0,15.13,14.74,14.82,3828362.0,56998790.0,15.0,-1.200000000000001,20.0,18.0,False,False,True,57.920619554695065
1350,300271.SZ,华宇软件,0.27546296296296297,30.38793103448276,1.638095102033151,1.8189632450853441,1.3005740665262298,0.6630384290906075,804241453.9999999,5.86,5.89,5.73,5.73,9699494.0,56211476.0,5.83,-1.715265866209259,20.0,7.0,False,False,True,57.881897386253634
1351,603707.SH,健友股份,0.25354969574036507,27.827380952380953,2.4735580495444274,1.001591850571785,1.460553382326435,0.4579152861386256,1615651020.0000002,7.91,8.01,7.88,7.9,7410090.0,58643814.0,7.97,-0.8782936010037545,10.0,8.77,False,False,True,57.81026137463697
1352,603337.SH,杰克科技,0.20160366552119147,36.46043165467627,2.138870537550353,1.0745327057733625,1.3632663298154108,0.44050003030355656,467029791.0,38.3,38.78,38.13,38.6,2210600.0,85043975.0,38.27,0.8622942252416887,10.0,42.1,False,False,True,57.765730880929326
1353,001328.SZ,登康口腔,0.29195524773574855,36.04938271604938,1.7353234626524228,1.136487435759647,1.1747845329718007,0.946954316826789,161716900.0,29.77,30.23,29.32,29.37,1740400.0,51624518.0,29.78,-1.3767629281396965,10.0,32.76,False,False,True,57.711519845111326
1354,603605.SH,珀莱雅,0.34222696549270704,25.084618277547953,1.754925641153316,1.5746263558203548,1.3938761732126854,0.6654432411726349,395976100.0,62.4,63.4,62.3,62.72,4149134.0,260648026.0,62.8,-0.1273885350318471,10.0,69.08,False,False,True,57.709583736689254
1355,000902.SZ,新洋丰,0.3856041131105399,30.782918149466187,1.6792593138108731,1.3005126416032666,1.0687182806067774,0.8416004002034014,1142783444.0,14.27,14.45,14.13,14.22,12507901.0,178095750.0,14.24,-0.1404494382022392,10.0,15.66,False,False,True,57.68828654404646
1356,688561.SH,奇安信-U,0.2222707423580786,33.2575068243858,2.115272094981603,1.2877360878258077,1.2542926609024638,0.8187208713817293,682252725.0000001,26.96,27.34,26.8,27.21,7192966.0,195118107.0,27.07,0.5171776874769218,20.0,32.48,False,False,True,57.64956437560503
1357,600415.SH,小商品城,0.30642023346303493,38.37209302325579,1.6674993340940278,1.3343098174827608,0.9637229480774988,0.66225601547829,5483559226.000001,12.67,12.91,12.52,12.85,48455729.0,617855088.0,12.61,1.9032513877874635,10.0,13.87,False,False,True,57.57599225556631
1358,601061.SH,中信金属,0.3175824175824177,34.114052953156815,2.143834463015806,0.461125161224485,1.258186959635684,0.4810593523882305,4900000000.0,11.5,11.63,11.41,11.49,10869600.0,125439053.0,11.42,0.6129597197898518,10.0,12.56,False,False,True,57.35527589545014
1359,002889.SZ,东方嘉盛,0.3423295454545455,36.3819095477387,1.0855624713357375,1.7197815509185599,1.6829804427381803,0.5283984752306431,251284554.0,12.39,12.43,12.14,12.19,2283498.0,27985020.0,12.36,-1.3754045307443397,10.0,13.6,False,False,True,57.34753146176186
1360,603970.SH,中农立华,0.3581488933601608,22.655426765015818,1.7225936244915823,1.6350862756638305,1.9404395875602287,0.8429132704427401,268800134.0,11.27,11.37,11.02,11.05,3704700.0,41277411.0,11.27,-1.9520851818988327,10.0,12.4,False,False,True,57.31848983543079
1361,603393.SH,新天然气,0.20816326530612245,33.899127061105716,1.767039742414634,2.469926973030064,1.0272673927540326,0.9717973478979208,423921327.0,25.11,26.35,25.03,25.63,10175250.0,269748969.0,25.21,1.6660055533518348,10.0,27.73,False,False,True,57.124878993223625
1362,301091.SZ,深城交,0.18752803947958732,38.97260273972603,1.8932647258052273,1.4487967778030597,1.3116894345703258,1.5799500306029455,527280000.0,18.89,20.09,18.82,19.7,12069579.0,235909205.0,18.78,4.898828541001055,20.0,22.54,False,False,True,57.1190706679574
1363,600266.SH,城建发展,0.12261580381471394,28.342245989304793,2.3593142727834153,2.480094160304167,1.4230916809164795,0.6780018105339463,2075743507.0,4.16,4.3,4.15,4.23,34903800.0,147579073.0,4.19,0.9546539379474916,10.0,4.61,False,False,True,56.9970958373669
1364,000410.SZ,沈阳机床,0.20496894409937874,33.33333333333333,2.0776962003436306,1.4943217222728848,1.409797416281693,0.8477004713123497,1971018333.0,5.31,5.42,5.31,5.41,24967623.0,134126127.0,5.31,1.8832391713747842,10.0,5.84,False,False,True,56.93901258470474
1365,301103.SZ,何氏眼科,0.26496815286624176,26.689655172413794,1.803877694869417,2.1176984905225495,1.3450682381729073,0.6517452168147919,121633616.0,16.69,16.72,16.2,16.3,1678787.0,27506125.0,16.58,-1.6887816646562026,20.0,19.9,False,False,True,56.81122942884801
1366,600812.SH,华北制药,0.3192488262910797,27.00729927007297,1.9030371429984108,1.4819758013609032,1.3562101985059594,0.5186163121567023,1715730370.0,4.78,4.81,4.69,4.7,13186706.0,62427477.0,4.79,-1.8789144050104345,10.0,5.27,False,False,True,56.66021297192644
1367,300240.SZ,飞力达,0.3062645011600927,30.246913580246915,1.5534495871304999,2.267202322162911,1.1158158843019603,0.9154708417565804,363338504.00000006,6.19,6.26,6.07,6.09,7541300.0,46274634.0,6.18,-1.4563106796116498,20.0,7.42,False,False,True,56.609874152952564
1368,000637.SZ,茂化实华,0.387218045112782,34.95440729483283,1.4518091457137887,2.277258530663696,0.8020582818150659,1.0297447461010012,364589305.0,4.31,4.37,4.21,4.23,8549601.0,36549571.0,4.32,-2.083333333333326,10.0,4.75,False,False,True,56.509196515004845
1369,003017.SZ,大洋生物,0.36311475409836064,33.74070138150904,1.2395627530833537,2.4416188673997703,1.0431062110861742,0.7438543265811748,83481083.99999999,23.32,23.48,22.86,23.0,1515832.0,34937529.0,23.25,-1.0752688172043001,10.0,25.58,False,False,True,56.50726040658277
1370,002020.SZ,京新药业,0.12961210974456017,38.68995633187775,1.8326329733350264,2.3231573173707893,1.278649452196299,0.43604449865097933,723968334.9999999,12.79,12.85,12.61,12.72,7333799.0,93251426.0,12.82,-0.7800312012480437,10.0,14.1,False,False,True,56.431752178121975
1371,600322.SH,津投城开,0.37500000000000006,37.446808510638284,1.5663088564014371,2.033828348557471,0.7283832634615032,0.9315400521087207,1105700000.0,2.7,2.74,2.67,2.68,20948510.0,56560445.0,2.72,-1.4705882352941235,10.0,2.99,False,False,True,56.410454985479184
1372,002476.SZ,新叶股份,0.2763819095477388,39.152119700748145,1.6166518967142867,1.7128598039215643,1.0062772443173909,0.5014454288598493,612000000.0,5.13,5.14,5.06,5.09,5256503.0,26750257.0,5.11,-0.391389432485334,10.0,5.62,False,False,True,56.396902226524695
1373,605377.SH,华旺科技,0.23549488054607523,39.726027397260275,1.686488989332093,1.6557064441602216,1.120562845167428,0.5325442040754704,556670268.0,8.02,8.07,7.91,7.95,4908367.0,40192002.0,7.96,-0.12562814070351536,10.0,8.76,False,False,True,56.39496611810261
1374,000665.SZ,湖北广电,0.1739130434782609,27.195467422096332,2.337018352364608,2.183653902318007,1.6336896121642264,0.7060089454489502,1137119780.0,4.18,4.26,4.1,4.11,17530739.0,73081146.0,4.17,-1.4388489208633004,10.0,4.59,False,False,True,56.22458857696031
1375,301300.SZ,远翔新材,0.2885375494071147,39.007367196587836,1.637100731956064,2.0057577828431046,0.8691860929355661,0.6970378506991622,39074763.0,33.88,34.16,33.49,33.51,546300.0,18564267.0,33.82,-0.9166173861620441,20.0,40.58,False,False,True,56.021297192642784
1376,000952.SZ,广济药业,0.2804428044280442,35.999999999999986,1.6397124972165358,2.1032601288273325,0.967884005352385,0.8100095480367866,343994535.00000006,6.54,6.62,6.36,6.37,5860500.0,37675404.0,6.52,-2.300613496932502,10.0,7.17,False,False,True,55.98547918683446
1377,688151.SH,华强科技,0.3179190751445088,30.701754385964897,1.9192595938289116,1.1615768505079787,1.6325436608892754,1.2166225419639698,344500000.0,16.84,16.98,16.42,16.57,4868476.0,80636516.0,16.98,-2.414605418138993,20.0,20.38,False,False,True,55.94191674733785
1378,600860.SH,京城股份,0.14240170031880978,34.17015341701533,2.1173957386508326,2.3059964031952793,1.2856491162450117,0.4623283493909497,444040788.0,8.51,8.6,8.39,8.43,4734041.0,40077533.0,8.51,-0.9400705052878933,10.0,9.36,False,False,True,55.91287512100676
1379,002905.SZ,金逸影视,0.19004524886877824,33.18181818181818,1.8078912694979608,2.3868651842948667,1.3919547393592127,1.3849764461733294,349440000.0,8.35,8.57,8.19,8.22,11551620.0,96673968.0,8.28,-0.7246376811594013,10.0,9.11,False,False,True,55.89545014520812
1380,301116.SZ,益客食品,0.23111111111111118,31.25,1.7919868698148491,1.9006148936116751,2.184541771504443,0.5205470630882942,448977343.0,9.56,9.62,9.38,9.41,4442000.0,41969410.0,9.56,-1.5690376569037712,20.0,11.47,False,False,True,55.872216844143274
1381,688695.SH,中创股份,0.25970149253731334,36.58227848101263,1.6456619504514136,2.212955655158659,0.9865674520427167,0.8667850213044695,53395478.0,20.15,20.4,19.62,19.67,1024209.0,20468924.0,20.15,-2.3821339950372056,20.0,24.18,False,False,True,55.82575024201355
1382,600774.SH,汉商集团,0.35,35.95890410958904,1.570773557745276,1.5599771949911911,1.0516898879747343,0.7962840673105764,288856047.0,7.87,7.95,7.65,7.68,3659253.0,28463834.0,7.87,-2.414231257941557,10.0,8.66,False,False,True,55.7812197483059
1383,002912.SZ,中新赛克,0.20032573289902286,35.757575757575744,1.6472074368207252,2.4600739318846543,1.3237260411012317,0.5940811341240032,162222836.0,20.13,20.42,19.84,19.93,2370860.0,47726832.0,20.19,-1.2877662209014429,10.0,22.21,False,False,True,55.59341723136495
1384,001368.SZ,通达创智,0.3373983739837399,32.48136315228967,1.776280271248303,1.6579090665476373,1.0378673906747755,1.0794819435396288,108080599.0,23.8,24.47,23.61,24.01,1934300.0,46435937.0,23.76,1.05218855218856,10.0,26.14,False,False,True,55.560503388189744
1385,600094.SH,大名城,0.2867647058823529,37.50000000000002,2.1557600184230417,1.105814251181998,1.0064149674054792,0.48797256506547687,2126229950.0,3.97,4.0,3.92,3.92,11473286.0,45333357.0,3.98,-1.5075376884422176,10.0,4.38,False,False,True,55.46563407550823
1386,001338.SZ,永顺泰,0.18518518518518515,27.95031055900621,2.2556025700327917,2.3041166331826393,1.4991977279506166,0.5767798101107295,501730834.00000006,9.14,9.2,9.0,9.04,6667842.0,60466180.0,9.15,-1.2021857923497414,10.0,10.07,False,False,True,55.40174249757985
1387,603280.SH,南方路机,0.18377483443708614,29.5484436650592,1.9836915383525409,2.445841176908422,2.07761706629055,0.6646539603596501,108406667.0,27.3,27.38,26.66,26.79,1762300.0,47594192.0,27.25,-1.6880733944954152,10.0,29.98,False,False,True,55.364956437560494
1388,301097.SZ,天益医疗,0.29340714645193755,33.037542662116024,1.780994502710535,2.092619061336903,0.9878664141183794,1.24597989089963,39590371.0,34.62,34.7,33.78,33.86,1032264.0,35321762.0,34.61,-2.1670037561398403,20.0,41.53,False,False,True,55.306873184898365
1389,002005.SZ,德豪润达,0.32432432432432423,34.90566037735847,1.7852591941331313,1.1225715471658204,1.4271782374109463,0.8504845488620758,1751993158.0,2.48,2.51,2.38,2.39,16726800.0,40671037.0,2.48,-3.629032258064513,10.0,2.73,False,False,True,55.30106485963214
1390,603289.SH,泰瑞机器,0.33392857142857163,36.908077994428965,1.799328751022891,1.8584072971162653,0.8067426478040509,0.6728989445720356,293397874.0,9.02,9.17,8.92,8.95,3669000.0,33056504.0,9.05,-1.1049723756906271,10.0,9.96,False,False,True,55.17521781219749
1391,301185.SZ,鸥玛软件,0.3795243019648397,30.63707945597709,1.5871193367128946,1.959654578524862,1.0990260721530656,0.5745444556046627,140470363.0,17.68,17.81,17.4,17.4,1581568.0,27811958.0,17.64,-1.3605442176870874,20.0,21.17,False,False,True,55.08034849951598
1392,688687.SH,凯因科技,0.19403857393337232,31.279945242984255,1.9833455857296678,2.4296702410096738,1.4125622529924884,0.4087715666670258,170944422.0,18.08,18.14,17.62,17.71,1697786.0,30240276.0,17.93,-1.2269938650306678,20.0,21.52,False,False,True,55.02226524685382
1393,603617.SH,君禾股份,0.38596491228070184,38.543516873889885,1.3952115039601096,1.8966642295168996,0.9649787662312034,0.5225904849065361,386726337.0,7.2,7.22,7.09,7.09,3833149.0,27339007.0,7.17,-1.115760111576014,10.0,7.89,False,False,True,54.92933204259439
1394,002037.SZ,保利联合,0.22312703583061888,35.387323943661976,1.7819709046947243,1.9673664841925984,1.4715652510897506,0.49231729306373184,483883566.0,7.08,7.08,6.9,6.99,4686744.0,32692513.0,7.05,-0.8510638297872242,10.0,7.76,False,False,True,54.799612778315584
1395,600557.SH,康缘药业,0.2780269058295966,28.811973807296543,1.9932690067509822,1.7747426329000653,1.5058660268846045,0.4582031617732159,566158806.0,12.57,12.61,12.34,12.52,4603962.0,57342590.0,12.55,-0.23904382470120167,10.0,13.81,False,False,True,54.74152952565344
1396,300949.SZ,奥雅股份,0.2925824175824176,37.813211845102515,1.6060076164961454,2.120670049799598,0.9793502245847793,1.1584047165012268,49736542.0,23.95,24.1,22.97,23.13,1221825.0,28497534.0,23.95,-3.4237995824634715,20.0,28.74,False,False,True,54.69506292352372
1397,603168.SH,莎普爱思,0.3039647577092511,35.164835164835175,1.6503338701890367,2.0948253744177974,1.0251223565818885,0.9845259661671308,372514005.00000006,6.01,6.04,5.84,5.86,7682766.0,45356813.0,5.93,-1.1804384485666009,10.0,6.52,False,False,True,54.64666021297193
1398,600073.SH,光明肉业,0.36754966887417234,27.753303964757702,1.711050644311618,1.639495265858505,1.8822848620837884,0.6690569615958152,937729472.0,5.67,5.69,5.6,5.64,10286102.0,58009321.0,5.65,-0.1769911504424848,10.0,6.22,False,False,True,54.59632139399806
1399,000812.SZ,陕西金叶,0.3003663003663003,30.201342281879185,1.740024789139993,2.1318400937100592,1.241232362059236,1.2779306463423001,756129681.0,3.8,3.87,3.73,3.74,20599572.0,77980182.0,3.8,-1.5789473684210464,10.0,4.18,False,False,True,54.5866408518877
1400,002819.SZ,东方中科,0.2380952380952382,34.30296377607025,2.093874089294386,1.5810095087905645,1.3092418431786437,0.6765425582223502,237741486.0,21.67,21.75,21.27,21.63,2542931.0,54620878.0,21.57,0.2781641168289273,10.0,23.73,False,False,True,54.57889641819942
1401,002244.SZ,滨江集团,0.22486288848263267,34.57814661134162,2.2473268193514255,1.450554736039641,1.337616156559537,1.1725743356944003,2757549340.0,8.48,8.88,8.41,8.71,46902695.0,407767994.0,8.46,2.9550827423167947,10.0,9.31,False,False,True,54.56340755082285
1402,605300.SH,佳禾食品,0.37268128161888686,36.14457831325302,1.7783982215806933,0.9392453075729853,1.3854531425041414,3.5762635992846628,454398597.0,10.46,10.6,10.09,10.15,15263198.0,157222050.0,10.51,-3.4253092293054177,10.0,11.56,False,False,True,54.45304937076476
1403,300380.SZ,安硕信息,0.16712141882673948,38.01462100808002,1.9523192466646744,2.460397017375873,1.1631037969768636,1.1117802612435448,127107535.0,31.04,31.18,30.25,30.3,3476926.0,106697961.0,30.89,-1.9100032372936226,20.0,37.07,False,False,True,54.40464666021296
1404,002556.SZ,辉隆股份,0.3321299638989169,27.397260273972602,1.9659210602369002,1.7149771635881776,1.3214904523603448,0.8078311562243066,934041003.0,5.3,5.36,5.23,5.25,12940316.0,68251341.0,5.3,-0.9433962264150941,10.0,5.83,False,False,True,54.39690222652469
1405,000039.SZ,中集集团,0.20524017467248898,35.644937586685145,2.237104147259788,2.0306089443041277,1.0278863222231471,0.8900483060754666,2301407141.0,8.71,8.95,8.58,8.86,41594253.0,367711911.0,8.62,2.78422273781902,10.0,9.48,False,False,True,54.3213939980639
1406,300933.SZ,中辰股份,0.29273084479371303,37.8585086042065,1.5708657179637102,2.408842313669756,0.9575291417412793,0.7832730352691745,547090454.0,6.74,6.8,6.56,6.67,10322400.0,68896254.0,6.72,-0.7440476190476164,20.0,8.06,False,False,True,54.25943852855759
1407,600499.SH,科达制造,0.3556485355648536,28.28207051762941,1.8338004981493197,1.828861462964456,1.2145454310934236,0.6284411101192457,1917856391.0,14.18,14.46,14.13,14.39,22042532.0,315895704.0,14.23,1.1243851018974071,10.0,15.65,False,False,True,54.23426911907067
1408,002390.SZ,信邦制药,0.3398692810457516,29.527559055118104,1.8217633572007963,1.7413235079920861,1.3049621663796094,0.683726727470993,1927818234.0,3.06,3.08,2.99,2.99,22952400.0,69365394.0,3.06,-2.287581699346397,10.0,3.37,False,False,True,54.178121974830596
1409,603536.SH,惠发食品,0.25647348951911225,33.42036553524805,1.7833916969483172,2.2674778426810573,1.2005053157535603,0.7133092777859074,240532260.0,9.79,9.93,9.54,9.58,3890400.0,37727541.0,9.74,-1.642710472279263,10.0,10.71,False,False,True,54.02516940948693
1410,000852.SZ,石化机械,0.26513569937369513,26.513569937369507,2.302629364719544,1.9723711382803322,1.338544574310109,4.211300795577975,950258873.0,5.71,5.79,5.55,5.58,78930860.0,445835882.0,6.06,-7.920792079207917,10.0,6.67,False,False,True,53.82575024201356
1411,002069.SZ,獐子岛,0.37872340425531914,33.68055555555556,1.5297530090370386,1.8658387209345964,1.206506514016278,1.0471351756609233,710216194.0,3.78,3.84,3.68,3.71,13876100.0,51919613.0,3.77,-1.5915119363395291,10.0,4.15,False,False,True,53.81800580832527
1412,688393.SH,安必平,0.21620450606585795,34.90445859872613,1.985111198161185,2.1695885670972794,1.2080839693520793,0.5604669399395803,93567699.0,20.79,20.98,20.31,20.42,1137767.0,23404144.0,20.69,-1.3049782503624874,20.0,24.83,False,False,True,53.74249757986447
1413,000829.SZ,天音控股,0.38137082601054484,34.857142857142854,1.5689016277635854,2.2492347939194355,0.9316184677637684,0.759720841179509,1024129669.0,9.17,9.3,9.12,9.13,17500231.0,161181059.0,9.17,-0.4362050163576825,10.0,10.09,False,False,True,53.58373668925459
1414,600219.SH,南山铝业,0.29621848739495793,32.90488431876606,2.079999172424605,1.8549223223504663,1.0176311963790585,0.6497453620993154,11483701558.999998,4.9,4.98,4.9,4.93,138404692.0,684702096.0,4.88,1.0245901639344135,10.0,5.37,False,False,True,53.53146176185866
1415,600467.SH,好当家,0.36956521739130455,30.20833333333335,1.586910538400615,2.343011047769282,1.1638502938248503,0.8128767292351288,1460994304.0000002,2.43,2.46,2.4,2.4,27825793.0,67218639.0,2.43,-1.2345679012345734,10.0,2.67,False,False,True,53.428848015488875
1416,300847.SZ,中船汉光,0.2050359712230217,37.440000000000005,1.7119688668181614,2.225400881726963,2.0773160580243766,0.46734610374095253,296010000.0,14.23,14.3,14.02,14.04,3078600.0,43498140.0,14.21,-1.196340605207613,20.0,17.05,False,False,True,53.39206195546951
1417,000953.SZ,中哲精化,0.3830409356725146,29.69696969696969,1.6661674495752343,2.2618789063033957,1.1006608491455971,0.7915027756650039,366122195.0,6.26,6.29,6.08,6.13,6554625.0,40306379.0,6.26,-2.076677316293929,10.0,6.89,False,False,True,53.225556631171344
1418,000590.SZ,古汉医药,0.37753222836095757,29.718875502008025,1.9623405443552748,1.7903411586364275,1.0710942035261475,0.6248716585558627,239351027.0,9.58,9.61,9.31,9.38,2677700.0,25164233.0,9.52,-1.4705882352941013,10.0,10.47,False,False,True,53.13455953533398
1419,002178.SZ,延华智能,0.1804511278195488,39.5,2.025482922895581,2.262264156199568,1.1777715468579635,0.508920545858736,711830932.9999999,4.74,4.78,4.67,4.67,8195400.0,38568013.0,4.72,-1.0593220338983023,10.0,5.19,False,False,True,52.86156824782188
1420,301606.SZ,绿联科技,0.1667413715822501,36.897274633123665,2.4802349172121616,2.328887434252017,1.0518511376150255,1.6979291235281508,164998797.0,55.55,55.98,53.75,54.37,6524524.0,356103325.0,55.14,-1.39644541167937,20.0,66.17,False,False,True,52.7783155856728
1421,300822.SZ,贝仕达克,0.18411214953271016,34.890656063618295,2.278814788132914,1.9316703930632149,1.832061166284863,0.8127370730195581,288982037.0,12.13,12.3,11.76,12.1,4536845.0,54315944.0,12.03,0.5818786367414841,20.0,14.44,False,False,True,52.75314617618586
1422,300256.SZ,星星科技,0.24902723735408563,39.13043478260872,1.8591895224242947,1.612457947667316,1.5000482042871524,0.8553214046022586,2243393386.0,2.94,2.96,2.83,2.84,30940204.0,89027818.0,2.94,-3.401360544217691,20.0,3.53,False,False,True,52.69312681510164
1423,601366.SH,利群股份,0.2267080745341615,32.45901639344264,2.1482792931914063,1.9528948115406988,1.8083705403069583,0.7169284754950164,959741113.0,3.76,3.81,3.72,3.74,13437200.0,50559075.0,3.78,-1.058201058201047,10.0,4.16,False,False,True,52.63697967086157
1424,300662.SZ,科锐国际,0.3088875077688005,33.030852994555325,1.7784064805504947,2.3186832289096713,1.1154603788815578,1.193343805432434,196369135.0,21.52,21.97,20.83,21.0,5433507.0,115521279.0,21.5,-2.3255813953488413,20.0,25.8,False,False,True,52.45304937076476
1425,601999.SH,出版传媒,0.33633633633633636,25.14071294559099,2.2559859367776633,1.8014165713857297,1.4898506969524714,4.5876552092951695,550914700.0,6.49,7.1,6.43,6.73,45529123.0,315542939.0,6.45,4.341085271317824,10.0,7.1,True,False,True,52.44530493707648
1426,002043.SZ,兔 宝 宝,0.324254215304799,31.999999999999986,1.9544577864197223,1.7288439981159163,1.309900314520459,0.5464038330152265,806105572.0,12.35,12.83,12.34,12.58,7614852.0,96042116.0,12.38,1.6155088852988664,10.0,13.62,False,False,True,52.2865440464666
1427,600622.SH,光大嘉宝,0.33561643835616456,34.73684210526318,1.6994985458406888,1.8862382845278864,1.2932789489085454,2.015429480752516,1499685402.0,2.38,2.47,2.32,2.4,57011744.0,136567508.0,2.39,0.4184100418409997,10.0,2.63,False,False,True,52.11907066795741
1428,600740.SH,山西焦化,0.3171806167400882,32.698412698412696,1.8362524431422578,2.0179113668876836,1.2504607085089612,1.0041742056404193,2562121154.0,3.88,3.99,3.86,3.87,51917146.0,203208130.0,3.87,0.0,10.0,4.26,False,False,True,52.06195546950628
1429,605016.SH,百龙创园,0.25750242013552754,36.476683937823836,2.0707740655772495,1.589607300090621,1.447515332791246,1.4799079134699353,420012320.00000006,21.23,22.3,21.12,22.07,9880674.0,216539267.0,21.24,3.9077212806026385,10.0,23.36,False,False,True,52.0406582768635
1430,002127.SZ,南极电商,0.3684210526315791,32.66932270916336,1.7253585548012826,2.0696045065724604,1.1470595222459437,1.0541222889258952,1994732997.0,3.0,3.04,2.91,2.93,43517419.0,129439400.0,3.0,-2.3333333333333317,10.0,3.3,False,False,True,51.978702807357216
1431,300643.SZ,万通智控,0.2768959435626101,39.57361758827449,2.022730833823311,2.1503436771507642,0.9042671846874879,0.672494532445552,231099303.0,18.15,18.32,17.71,17.8,3341914.0,60010416.0,18.15,-1.928374655647369,20.0,21.78,False,False,True,51.48693126815102
1432,002627.SZ,三峡旅游,0.3937499999999999,36.044362292051765,1.4880950704639946,2.3350633005005768,1.089782210471564,1.2728282927753625,698158144.0,7.3,7.58,7.13,7.15,20750200.0,151872582.0,7.3,-2.0547945205479423,10.0,8.03,False,False,True,51.32236205227492
1433,601177.SH,杭齿前进,0.2918149466192172,34.24657534246576,1.870959775472281,2.1943051664134,1.249827559033776,0.7863617798056713,402416500.0,14.12,14.29,14.03,14.09,6943768.0,98412096.0,14.14,-0.35360678925036026,10.0,15.55,False,False,True,51.13455953533397
1434,603993.SH,洛阳钼业,0.39210850801479663,34.3478260869565,2.253812016996908,1.4248829348676615,0.9789662955128406,0.4860280495087528,17460842176.0,18.54,18.67,18.41,18.52,120922107.0,2252109922.0,18.37,0.8165487207403288,10.0,20.21,False,False,True,51.08809293320425
1435,301179.SZ,泽宇智能,0.3705512909979065,36.78571428571429,2.03472394711241,2.3643409471907004,0.7220600831600162,0.7572729347549669,237475029.0,20.28,20.36,19.91,20.05,4251875.0,85424191.0,20.21,-0.7916872835230127,20.0,24.25,False,False,True,51.06485963213942
1436,603711.SH,香飘飘,0.2561307901907358,35.59837728194726,1.949154228437915,1.9171368099863813,1.9245925684940708,0.5299694877480231,412874100.00000006,11.73,11.84,11.52,11.55,4194900.0,48832931.0,11.74,-1.6183986371379855,10.0,12.91,False,False,True,51.05905130687318
1437,002987.SZ,京北方,0.292558613659531,37.52711496746202,1.65813953042229,2.0696086158446887,1.7141958132416308,0.5954590959266874,1013925333.0,12.1,12.23,11.92,11.93,12495284.0,150768587.0,12.09,-1.3234077750206796,10.0,13.3,False,False,True,50.81316553727009
1438,000504.SZ,南华生物,0.2981530343007917,35.47008547008548,1.957459219400139,1.988098907811186,1.235140214436726,0.5612323900977596,329122398.00000006,8.19,8.24,8.06,8.12,3672300.0,29928920.0,8.15,-0.36809815950921143,10.0,8.97,False,False,True,50.532429816069694
1439,300908.SZ,仲景食品,0.36279683377308686,29.569892473118276,1.6802685897344798,2.368739176374651,2.1251916476702837,0.4599295778249541,122992524.0,17.69,17.72,17.39,17.41,1339946.0,34029022.0,17.63,-1.247872943845707,20.0,21.16,False,False,True,50.5053242981607
1440,603369.SH,今世缘,0.3562731604023291,35.20942408376961,1.9989786331719004,1.45662940415841,1.4105690724448776,0.6103539882108209,1246800037.0,29.65,30.22,29.65,30.06,11084795.0,332457250.0,29.65,1.382799325463746,10.0,32.62,False,False,True,50.201355275895445
1441,300143.SZ,盈康生命,0.2967741935483871,32.656249999999986,2.2951055667422966,1.916130115032794,1.2992824470575506,0.4018933921279435,832252459.0,7.74,7.9,7.72,7.78,6409010.0,50186025.0,7.78,0.0,20.0,9.34,False,False,True,49.69796708615683
1442,000839.SZ,国安股份,0.22164948453608257,35.34482758620692,2.2989644538202567,2.4215182377038067,1.3173236452070236,0.4351601375947634,3919826352.0,2.75,2.76,2.69,2.7,41305100.0,112214662.0,2.75,-1.8181818181818077,10.0,3.03,False,False,True,49.51597289448209
1443,002098.SZ,浔兴股份,0.34192439862542967,34.48844884488451,1.912990679203432,1.7247040642458042,1.7827427998094385,2.05533665718103,358000000.0,8.15,8.25,7.77,7.8,12690554.0,101048144.0,8.05,-3.105590062111807,10.0,8.86,False,False,True,49.508228460793795
1444,600967.SH,内蒙一机,0.29632867132867136,33.83233532934133,2.4080720284819854,1.575213521338407,1.5101528796794275,7.302391294432306,1701794667.0,14.6,14.6,13.39,13.56,195754471.0,2714549022.0,13.41,1.118568232662187,10.0,14.75,False,False,True,49.500484027105514
1445,603839.SH,安正时尚,0.2745424292845257,32.136445242369824,2.358170461788282,1.9264516704985426,1.8185206446073767,1.4281004453778834,387016200.0,7.22,7.61,6.93,6.94,10647460.0,76950579.0,7.22,-3.878116343490301,10.0,7.94,False,False,True,49.33978702807357
1446,600212.SH,绿能慧充,0.36794582392776515,34.957627118644076,1.9286832729024699,2.238838123868449,1.0188056169367672,0.6762752174283092,684680212.9999999,6.34,6.41,6.18,6.21,8397100.0,52712865.0,6.35,-2.2047244094488105,10.0,6.99,False,False,True,49.30687318489836
1447,002545.SZ,东方铁塔,0.37438665358194306,39.711664482306695,2.0932762408359067,1.8916394455660532,0.937926025947917,0.5699392933291189,1130163708.0,17.57,17.82,17.43,17.52,12184517.0,214138251.0,17.56,-0.2277904328018221,10.0,19.32,False,False,True,48.13939980638916
1448,603739.SH,蔚蓝生物,0.28985507246376824,29.307116104868914,2.379234167118859,2.437030465132775,1.6346240947311497,0.7229306940346164,253028866.00000003,12.9,13.02,12.5,12.6,4457873.0,56559744.0,12.88,-2.1739130434782705,10.0,14.17,False,False,True,48.127783155856726
1449,600657.SH,信达地产,0.368181818181818,36.160714285714256,2.3940472432002333,1.218711659428121,1.5371051472350261,3.870811919088241,2851878595.0,3.02,3.36,2.84,3.36,134534624.0,414701309.0,3.05,10.163934426229515,10.0,3.36,True,False,True,47.78509196515005
1450,001318.SZ,阳光乳业,0.27763819095477393,33.57894736842104,2.2497706712497876,2.1962168152550716,2.4918020511379604,0.439445113675818,282660000.0,11.71,11.81,11.58,11.59,2727999.0,31780670.0,11.71,-1.0247651579846417,10.0,12.88,False,False,True,47.2836398838335
1451,002277.SZ,友阿股份,0.3342245989304813,38.57142857142857,2.2018884528487903,1.9292271768607112,1.1646699106558114,0.7481979089113763,1394172800.0,6.15,6.17,6.04,6.06,20124100.0,122358628.0,6.15,-1.4634146341463539,10.0,6.77,False,False,True,46.61955469506292
1452,600316.SH,洪都航空,0.3524487233151945,37.74220724515587,2.0106131028335996,2.0606653474054872,1.3463715882492824,1.3977272383149182,717114512.0,31.8,32.68,30.93,31.98,20654677.0,653269489.0,32.16,-0.5597014925373012,10.0,35.38,False,False,True,46.12391093901259
1453,603883.SH,老百姓,0.38505747126436785,36.11383709519136,1.8128299720958545,2.4508743580672414,2.2152034415282023,0.4664844805970621,758890236.0,12.87,12.95,12.8,12.9,8676353.0,114239909.0,12.87,0.2331002331002363,10.0,14.16,False,False,True,44.56147144240077
