pool_rank,code,name,bottom_percentile,range_60d_pct,mean_abs_return_20d_pct,mean_turnover_20d_pct,recent_volume_ratio,event_volume_ratio,outstanding_share,event_open,event_high,event_low,event_close,event_volume,event_amount,previous_close,event_gain_pct,limit_up_rate_pct,limit_up_price,hit_limit_up,is_st,passes_dormant_filter,dormancy_score
1,600029.SH,南方航空,0.06552706552706539,16.56565656565656,1.0621198497936086,0.6464588275430605,0.8032635296282906,0.9772105895633687,13476972212.0,5.14,5.23,5.13,5.18,85137593.0,441896497.0,5.18,0.0,10.0,5.7,False,False,True,94.70918960837534
2,600221.SH,海航控股,0.07936507936507944,26.923076923076916,1.0060258200703531,0.5678714450753395,0.7033849964164166,1.2365936325841518,42845514933.0,1.35,1.37,1.34,1.35,300872437.0,408703743.0,1.35,0.0,10.0,1.49,False,False,True,92.98177588212486
3,603230.SH,内蒙新华,0.05457227138643057,26.941176470588225,1.5313031445182883,0.5300037197014005,0.8155676199181684,1.263125838571429,353523000.0,8.87,9.02,8.81,8.87,2366700.0,21124426.0,8.87,0.0,10.0,9.76,False,False,True,92.48739821636292
4,605259.SH,绿田机械,0.09186746987951798,20.570388349514566,1.4388703239367946,0.5783951182745775,0.5925773973579168,0.7399040051386511,172480000.0,17.7,18.08,17.67,17.85,738140.0,13202950.0,17.7,0.847457627118664,10.0,19.47,False,False,True,92.33811554866227
5,688459.SH,哈铁科技,0.11049723756906062,19.325551232166017,0.8335197185790172,0.2194151874999955,0.7046217867554697,1.0220748734633514,480000000.0,8.1,8.15,8.02,8.09,1076442.0,8706343.0,8.11,-0.2466091245376001,20.0,9.73,False,False,True,92.16169057774331
6,002641.SZ,公元股份,0.052910052910052956,21.68021680216803,1.3090361974457676,0.9360442598516745,0.872087674750278,0.7364138322872482,1133957528.0,3.78,3.82,3.75,3.8,7816550.0,29620339.0,3.79,0.26385224274405594,10.0,4.17,False,False,True,92.01046917409849
7,600935.SH,华塑股份,0.08593749999999992,30.555555555555536,1.2870033010216684,0.4369495091085895,0.5109069967463196,0.8080218849863708,3507401812.0,2.26,2.3,2.26,2.27,12383400.0,28207353.0,2.27,0.0,10.0,2.5,False,False,True,91.75455602946879
8,605005.SH,合兴股份,0.07520891364902493,34.1242149337055,1.2897662174826627,0.31115260598503197,0.5497904558373173,0.6861304315436625,401000000.0,14.74,15.13,14.73,14.82,856100.0,12773054.0,14.87,-0.3362474781439029,10.0,16.36,False,False,True,91.75261729352462
9,600897.SH,厦门空港,0.12729498164014696,16.131386861313878,0.8047624797836729,0.3567931974844885,0.62421910306845,1.0202393176113493,416934000.0,14.73,14.87,14.64,14.82,1517700.0,22432561.0,14.74,0.5427408412483015,10.0,16.21,False,False,True,91.23885226832107
10,000958.SZ,电投产融,0.09999999999999981,27.692307692307683,1.2775317121359826,0.37448085960813843,0.6267660380063887,0.7497286211681519,5383418520.0,5.42,5.48,5.4,5.42,15114433.0,82158260.0,5.43,-0.18416206261510082,10.0,5.97,False,False,True,91.10314075222954
11,600567.SH,山鹰国际,0.07228915662650608,17.322834645669282,1.1846908531229907,1.1361085389539585,0.8669662624379905,0.9490834738492149,6307453306.0,1.33,1.35,1.33,1.33,68010862.0,91024899.0,1.33,0.0,10.0,1.46,False,False,True,90.6533540131834
12,601456.SH,国联民生,0.11302211302211279,13.898704358068304,0.844136483511364,0.49155383510032546,0.8681018612150779,0.8912591230180718,4376981617.0,8.94,9.02,8.9,8.97,19175637.0,171932862.0,8.95,0.22346368715084886,10.0,9.85,False,False,True,90.55253974408686
13,002059.SZ,云南旅游,0.0810810810810811,21.890547263681604,1.4106746117635738,0.8384827474883609,0.8509752995837492,1.6852762549512892,990393246.0,4.33,4.47,4.33,4.39,13995000.0,61925501.0,4.35,0.9195402298850519,10.0,4.79,False,False,True,90.25979061651802
14,605183.SH,确成股份,0.07873210633946827,28.317272053372868,1.7248629237099902,0.46713222670121907,0.7671702647438872,0.7535071600698197,412429445.0,14.26,14.55,14.25,14.46,1451700.0,20923749.0,14.26,1.4025245441795287,10.0,15.69,False,False,True,89.97673516867003
15,688569.SH,铁科轨道,0.06370070778564232,33.14028314028317,1.6222572977856977,0.4221559221272226,0.8358315934702385,1.216089042015841,210666700.0,16.18,16.36,15.99,16.19,1081519.0,17628107.0,16.17,0.12368583797155441,20.0,19.4,False,False,True,89.76153547886777
16,600117.SH,西宁特钢,0.07232704402515723,33.00000000000001,1.4519279064841228,0.4495520340405565,0.8732416963049602,1.2850746892815161,3255114857.0,2.23,2.33,2.22,2.28,18805057.0,42979190.0,2.23,2.2421524663676973,10.0,2.45,False,False,True,89.30496316401707
17,688334.SH,西高院,0.10591350397175635,28.98983861326956,1.46934669736162,0.581470043272968,0.643556576713059,1.136198382392943,312171069.0,17.94,18.2,17.81,17.91,2062406.0,37617705.0,17.93,-0.1115448968209698,20.0,21.52,False,False,True,88.82512601783637
18,002282.SZ,博深股份,0.10077519379844983,25.41133455210238,1.4199592452663399,0.8536960077788684,0.7602005702415006,0.953076286141596,483311104.0,5.72,5.8,5.68,5.73,3932400.0,22592933.0,5.73,0.0,10.0,6.3,False,False,True,88.53431562621171
19,603111.SH,康尼机电,0.09426229508196737,26.022304832713772,1.2836700261560328,0.677314194328562,0.9142120027481689,0.8295132153960073,837595196.0,5.58,5.68,5.52,5.57,4718706.0,27082093.0,5.61,-0.7130124777183555,10.0,6.17,False,False,True,88.49941837921675
20,000877.SZ,天山股份,0.052083333333333384,37.85310734463276,1.4744872230463213,0.19244036524438302,0.9617447508701137,1.2909679751674965,7110490194.0,3.74,3.83,3.73,3.82,17664900.0,67170391.0,3.74,2.1390374331550666,10.0,4.11,False,False,True,88.16013958898797
21,601111.SH,中国国航,0.1048387096774193,28.795811518324598,1.213236062374506,0.6849642773002785,0.8374736723790106,1.1347375219968199,11638109474.0,6.08,6.22,6.07,6.17,90457749.0,557909116.0,6.12,0.8169934640522847,10.0,6.73,False,False,True,87.995347033734
22,600168.SH,武汉控股,0.1174377224199287,29.77099236641221,1.140272917909379,0.5247463868114175,0.7518666032709287,1.1588613248782518,993397569.0,4.26,4.31,4.23,4.27,6040933.0,25833219.0,4.26,0.23474178403755097,10.0,4.69,False,False,True,87.97789841023652
23,688526.SH,科前生物,0.12531969309462923,23.347639484978533,1.1979676232903684,0.3268726652231325,0.8510581775629156,1.1062319495378583,466128056.0,12.63,12.96,12.62,12.69,1685505.0,21531780.0,12.63,0.47505938242278223,20.0,15.16,False,False,True,87.96044978673905
24,002206.SZ,海 利 得,0.1160714285714285,18.540433925049292,1.4510575401933208,1.0106530492786818,0.6642147125949356,0.784369522339715,1056970986.0,5.32,5.37,5.25,5.28,8378878.0,44524389.0,5.33,-0.9380863039399556,10.0,5.86,False,False,True,87.73749515316015
25,600551.SH,时代出版,0.11224489795918369,27.357032457496146,0.933739486042829,0.605977627436334,0.8947449674089878,1.7789154593507321,678055239.0,6.79,7.01,6.77,6.9,7309320.0,50482047.0,6.8,1.4705882352941346,10.0,7.48,False,False,True,87.67545560294687
26,600307.SH,酒钢宏兴,0.08695652173913035,34.558823529411754,1.4124076921231776,0.833613569615754,0.7480289067981812,1.2739341248257825,6263357424.0,1.46,1.54,1.45,1.48,66514900.0,99572625.0,1.46,1.3698630136986356,10.0,1.61,False,False,True,87.46607212097712
27,002302.SZ,西部建设,0.07785888077858867,38.20754716981132,1.5491388051318278,0.541767578906273,0.788606831483591,1.38300417573329,1262354304.0,4.55,4.67,4.54,4.64,9458402.0,43827413.0,4.56,1.7543859649122862,10.0,5.02,False,False,True,87.40403257076386
28,300193.SZ,佳士科技,0.1111111111111111,21.178120617110817,1.4636791905511937,1.1314876514605114,0.6509474875659691,0.9736999973231941,418156172.0,7.38,7.46,7.25,7.32,4606950.0,33945055.0,7.42,-1.3477088948786964,20.0,8.9,False,False,True,87.31097324544396
29,600798.SH,宁波海运,0.11627906976744198,28.666666666666664,1.0337158971635396,1.0918468070844134,0.49026906079095794,0.9731198989207516,1206534201.0,3.19,3.25,3.18,3.19,12819400.0,41238617.0,3.2,-0.31250000000000444,10.0,3.52,False,False,True,87.13648701046918
30,002978.SZ,安宁股份,0.1047774158523344,30.159378831221908,1.4634519057206274,0.8260151378322376,0.7769309355821833,0.7954614244237638,369279558.00000006,26.4,26.7,26.14,26.53,2426400.0,64300359.0,26.4,0.49242424242426086,10.0,29.04,False,False,True,86.71965878247381
31,601992.SH,金隅集团,0.13592233009708732,30.708661417322823,1.14430666556847,0.583847274777401,0.6495724086304189,1.0903397963777368,8334158264.0,1.41,1.43,1.41,1.42,53054578.0,75282177.0,1.41,0.7092198581560183,10.0,1.55,False,False,True,86.50542846064366
32,688297.SH,中无人机,0.06932153392330392,27.473684210526315,2.002659293402668,0.9785615925925865,0.8148540867821497,1.3080673246669725,675000000.0,39.8,41.09,39.68,39.9,8640165.0,347375755.0,39.88,0.05015045135405849,20.0,47.86,False,False,True,86.49282667700659
33,601669.SH,中国电建,0.11600000000000002,32.67108167770418,1.1197999891357404,0.911608494045852,0.5924204464036269,1.045282967687823,13071525850.0,4.8,4.86,4.8,4.84,124557110.0,602047270.0,4.82,0.4149377593360981,10.0,5.3,False,False,True,86.48894920511827
34,603357.SH,设计总院,0.07868852459016375,34.159292035398224,1.7327939776780845,0.6376953840527224,0.8782730184173875,1.0569159947573383,560543253.0,5.9,6.0,5.86,5.92,3778008.0,22411652.0,5.89,0.5093378607809784,10.0,6.48,False,False,True,86.43660333462581
35,600054.SH,黄山旅游,0.14114832535885166,12.022900763358768,1.0479986535382786,1.161022569647376,0.6994049893229617,1.4546116342737396,513300000.0,11.06,11.28,11.06,11.14,8668800.0,97058139.0,11.07,0.6323396567299078,10.0,12.18,False,False,True,86.43078712679333
36,000541.SZ,佛山照明,0.11636363636363646,25.053995680345587,1.2996962977469328,0.6924346206158829,0.9101436199063959,1.0551102524423166,1221592075.0,4.92,5.08,4.92,4.99,8924889.0,44675982.0,4.95,0.8080808080808133,10.0,5.45,False,False,True,86.37844125630089
37,002939.SZ,长城证券,0.08940397350993377,28.756476683937816,1.2499953831104693,0.6822124962489925,1.081466043384761,1.0090872597509177,3602659631.0,8.21,8.35,8.2,8.31,24801139.0,205496387.0,8.26,0.6053268765133346,10.0,9.09,False,False,True,86.29507561070182
38,600469.SH,风神股份,0.08945686900958474,33.53535353535353,1.6541264315445816,0.9552590005749635,0.6933907544716453,1.0005819195699586,729450871.0,5.18,5.32,5.18,5.23,6972200.0,36661271.0,5.23,0.0,10.0,5.75,False,False,True,86.28344319503684
39,002116.SZ,中国海诚,0.14754098360655746,23.39449541284404,1.3778844085539705,0.5526007101177075,0.7424316866760428,1.1461453279449418,552152964.0,7.01,7.1,6.95,7.02,3497120.0,24609152.0,6.99,0.42918454935620964,10.0,7.69,False,False,True,86.19426134160527
40,600817.SH,宇通重工,0.14516129032258046,32.08868144690782,1.172538437265202,0.40868307726079506,0.5694112579136352,1.1931078123757979,529491846.0,9.09,9.22,9.07,9.14,2580910.0,23896185.0,9.11,0.3293084522502765,10.0,10.02,False,False,True,86.13416052733618
41,300160.SZ,秀强股份,0.08949416342412467,29.850746268656714,1.7429203424095607,0.9448987093108967,0.8079338318843348,0.8269247474552194,762964451.0,4.24,4.3,4.2,4.22,5961500.0,25378835.0,4.25,-0.7058823529411784,20.0,5.1,False,False,True,86.11283443195038
42,603310.SH,巍华新材,0.06811594202898559,26.052819414703787,1.3730027235861244,1.2360739652595174,1.0540576440050733,0.6006153770196502,194010000.0,14.45,14.58,14.4,14.5,1440340.0,20886462.0,14.48,0.13812154696133394,10.0,15.93,False,False,True,86.01395889879798
43,688739.SH,成大生物,0.0803402646502837,32.152300370174494,1.4535012522106499,0.4692246848361105,1.0910949861260046,0.8846283239705598,416450000.0,19.69,20.03,19.62,19.74,1728640.0,34280843.0,19.76,-0.10121457489880026,20.0,23.71,False,False,True,86.00038774718882
44,002736.SZ,国信证券,0.12479474548440092,12.063492063492065,1.348277768381351,0.35794811800987203,1.0756993407542992,0.9878561381107553,9612429377.0,10.16,10.34,10.15,10.32,33989670.0,348790147.0,10.21,1.0773751224289807,10.0,11.23,False,False,True,85.97906165180302
45,000789.SZ,万年青,0.12396694214876042,29.49061662198391,1.428964444235001,0.547578587533042,0.8144405273147519,1.928756319116604,797420215.0,4.03,4.13,4.01,4.07,8421919.0,34336207.0,4.03,0.992555831265518,10.0,4.43,False,False,True,85.96549050019388
46,600261.SH,阳光照明,0.13223140495867775,32.51748251748252,1.2438737527683064,0.6997887640361924,0.5868892541113042,0.80128010866069,1335052966.0,3.02,3.04,2.99,3.01,7486000.0,22585743.0,3.02,-0.33112582781458233,10.0,3.32,False,False,True,85.83753392787904
47,600894.SH,广日股份,0.14596273291925455,24.28376534788539,1.3729291856863113,0.5689513200789645,0.7835149825708851,1.1347943654365094,843144445.0,7.8,7.94,7.73,7.87,5443701.0,42907577.0,7.8,0.8974358974358942,10.0,8.58,False,False,True,85.74447460255914
48,600569.SH,安阳钢铁,0.1209677419354838,32.29813664596273,1.5667564075541978,0.5846820763086966,0.7030269300917706,3.488210955315042,2872421386.0,1.77,1.94,1.76,1.84,58582874.0,109493090.0,1.76,4.545454545454541,10.0,1.94,True,False,True,85.5835595191935
49,603888.SH,新华网,0.08921933085501867,27.77777777777779,1.6154984678429023,1.2297405574647555,0.8497479050435318,1.0412700411804932,742211985.0,16.12,16.4,16.0,16.09,8833255.0,143266306.0,16.14,-0.30978934324659146,10.0,17.75,False,False,True,85.5389685924777
50,000631.SZ,顺发恒能,0.11111111111111101,33.823529411764696,1.828347200623282,0.515969748322851,0.530696075874488,0.9118893732958983,2300000085.0,2.91,2.96,2.86,2.88,10821669.0,31442129.0,2.92,-1.3698630136986356,10.0,3.21,False,False,True,85.51570376114773
51,600805.SH,悦达投资,0.11646586345381511,34.35114503816794,1.4528539118907813,0.7851788198573295,0.6058279128141586,1.0388272662604574,850275368.0,4.2,4.28,4.18,4.21,6935400.0,29530707.0,4.22,-0.23696682464454666,10.0,4.64,False,False,True,85.48468398604109
52,603210.SH,泰鸿万立,0.07087378640776704,32.280978689818475,1.5078386328751827,1.0965476249314992,0.97201713912798,1.2447458661836728,232677500.0,13.3,13.79,13.3,13.51,3175869.0,42994097.0,13.4,0.8208955223880654,10.0,14.74,False,False,True,85.36254362155876
53,003039.SZ,顺控发展,0.10540184453227938,34.23005565862711,1.4774152547824781,0.6051842184608681,0.8715761469982478,1.1854832078309163,617518730.0,11.58,11.84,11.58,11.84,4430300.0,52067762.0,11.58,2.2452504317789224,10.0,12.74,False,False,True,85.24621946490888
54,600814.SH,杭州解百,0.11914062500000008,30.574324324324344,1.5993816311900388,0.7340198061377861,0.7399930740799155,1.8018862513083522,735078598.0,6.47,6.77,6.47,6.59,9722298.0,64514146.0,6.53,0.9188361408882129,10.0,7.18,False,False,True,85.22489336952307
55,601568.SH,北元化工,0.21621621621621634,16.766467065868262,1.0913104416633834,0.44626683882124557,0.7087120957325076,1.1656686637781197,3972222224.000001,3.67,3.71,3.64,3.7,20663471.0,76114013.0,3.66,1.0928961748633892,10.0,4.03,False,False,True,84.97867390461418
56,603639.SH,海利尔,0.15799256505576204,30.02092050209204,1.2262188080146992,0.528979184480879,0.6898919413922927,2.5183281261519608,339878336.0,10.43,10.91,10.37,10.83,4527666.0,48599596.0,10.41,4.034582132564846,10.0,11.45,False,False,True,84.92051182628926
57,603855.SH,华荣股份,0.14414414414414428,24.59123610202747,1.3275424358984855,0.6348158971187544,0.8652208431584014,0.7064273977774743,335532500.0,16.35,16.51,16.2,16.36,1504700.0,24688301.0,16.25,0.6769230769230639,10.0,17.88,False,False,True,84.89724699495929
58,300729.SZ,乐歌股份,0.09230769230769226,37.28813559322035,1.4692568704664448,0.7929064395048359,0.8648057937337054,1.04964096583503,328084465.0,10.0,10.18,10.0,10.13,2730539.0,27663409.0,10.04,0.8964143426295035,20.0,12.05,False,False,True,84.87592089957346
59,600278.SH,东方创业,0.13196480938416424,34.79020979020979,1.1476262658380432,0.5556580686663674,0.7734600671027219,0.9617561918606017,860518657.0,6.16,6.25,6.11,6.21,4598677.0,28839993.0,6.17,0.6482982171799101,10.0,6.79,False,False,True,84.80612640558356
60,603199.SH,九华旅游,0.14509536784741162,18.666666666666675,1.18378825644605,1.2274670672208114,0.7144678148829872,1.6281938997860639,110680000.0,32.24,32.79,32.15,32.65,2212000.0,72117958.0,32.13,1.6184251478368994,10.0,35.34,False,False,True,84.76347421481195
61,301215.SZ,中汽股份,0.10622710622710625,31.919191919191924,1.3603461308714029,0.7901994706594025,0.9386425538527595,1.0908272469587297,1322400000.0,5.23,5.33,5.22,5.28,11398706.0,60152257.0,5.24,0.7633587786259444,20.0,6.29,False,False,True,84.74214811942613
62,600917.SH,重庆燃气,0.18592964824120606,29.147982062780265,0.969275065665397,0.26365631135493345,0.6797942884645655,1.1158169696564308,1561039760.0,4.81,4.87,4.81,4.85,4592457.0,22246910.0,4.83,0.41407867494822614,10.0,5.31,False,False,True,84.71888328809617
63,301332.SZ,德尔玛,0.10829493087557598,35.06139154160983,1.5704182038237178,0.753506094844193,0.7810600542549765,1.0174753813708028,264840240.0,7.72,7.89,7.71,7.82,2030461.0,15896134.0,7.8,0.2564102564102555,20.0,9.36,False,False,True,84.71306708026367
64,000881.SZ,中广核技,0.10027100271002715,37.66666666666667,1.1805878161721062,1.0087425686433669,0.7748282577732131,0.8146271513263831,903730851.0,6.33,6.43,6.32,6.35,7426400.0,47294365.0,6.37,-0.31397174254317317,10.0,7.01,False,False,True,84.67041488949205
65,603107.SH,上海汽配,0.10915492957746468,32.11009174311927,1.3679559103354115,0.819565629447736,0.907497741506542,1.087317110300098,218173998.0,11.5,11.69,11.47,11.6,1944209.0,22543431.0,11.52,0.694444444444442,10.0,12.67,False,False,True,84.63357890655293
66,600115.SH,中国东航,0.06953642384105958,35.838150289017356,1.5784501730464797,1.139411314320877,0.9050950945113545,0.885754297957282,17024964893.0,3.64,3.72,3.63,3.69,171822495.0,632753507.0,3.67,0.5449591280654031,10.0,4.04,False,False,True,84.58898797983714
67,300712.SZ,永福股份,0.07039473684210529,39.360081259522595,1.6941382743640574,1.1389216215635787,0.726253083290635,0.6229951457863888,186740010.0,20.68,20.99,20.09,20.27,1325000.0,27193944.0,20.76,-2.3603082851637813,20.0,24.91,False,False,True,84.55021326095387
68,000156.SZ,华数传媒,0.13424657534246584,23.491027732463298,1.6886187596860212,0.5925260065326475,0.860865005427304,1.1062412028649153,1699875877.0,6.6,6.75,6.6,6.69,11142290.0,76391312.0,6.62,1.0574018126888296,10.0,7.28,False,False,True,84.50368359829392
69,600558.SH,大西洋,0.09090909090909081,32.79816513761467,1.4884116271575227,1.3456197129135057,0.7946712601177367,1.1307457368205966,897604831.0,4.55,4.64,4.53,4.57,13657540.0,64241657.0,4.58,-0.21834061135370675,10.0,5.04,False,False,True,84.47072508724312
70,600425.SH,青松建化,0.16022099447513813,28.025477707006342,1.1186938384937135,0.8171443141060756,0.6903929840851663,1.1330405560922556,1604703707.0,3.43,3.49,3.41,3.44,14857272.0,51329377.0,3.43,0.2915451895043608,10.0,3.77,False,False,True,84.42031795269483
71,601921.SH,浙版传媒,0.2382978723404258,16.897081413210447,1.0353598561468103,0.26334861965782297,0.7448544644398682,1.1765441956526526,2222222223.0,7.06,7.19,7.04,7.18,6885362.0,49857294.0,7.07,1.555869872701554,10.0,7.78,False,False,True,84.36409461031405
72,600628.SH,新世界,0.10096153846153842,29.729729729729737,1.603353487074647,1.15250095836078,0.843396392158176,1.0732139587632599,646875384.0,5.96,6.1,5.94,6.01,8001073.0,48648418.0,5.97,0.670016750418756,10.0,6.57,False,False,True,84.31756494765413
73,601022.SH,宁波远洋,0.21518987341772136,27.27272727272727,1.0121069634924036,0.37062404525299547,0.5370623663672363,1.439039586279057,1308633334.0,8.08,8.24,8.06,8.21,6979500.0,57630485.0,8.11,1.233045622688067,10.0,8.92,False,False,True,84.30205506010081
74,601618.SH,中国中冶,0.15789473684210542,24.583333333333357,1.2226481788131227,0.5794100384655155,0.8785636729389998,0.8079675654959946,17852619170.0,2.69,2.73,2.69,2.71,83576058.0,226663818.0,2.7,0.37037037037035425,10.0,2.97,False,False,True,84.27685149282668
75,600742.SH,富维股份,0.10091743119266045,38.96848137535815,1.4614532449972732,0.7819338918793186,0.789810956911269,1.6481048381392143,743057880.0,7.4,7.59,7.37,7.55,9575854.0,72018533.0,7.42,1.7520215633423097,10.0,8.16,False,False,True,84.26521907716169
76,002609.SZ,捷顺科技,0.10789980732177258,25.787965616045838,1.5989650080141904,1.368503554064673,0.7605080509417353,0.8071353287997247,459573516.0,7.51,7.64,7.44,7.45,5076300.0,38313886.0,7.54,-1.1936339522546358,10.0,8.29,False,False,True,84.24583171772005
77,603611.SH,诺力股份,0.08424336973478926,31.225806451612904,1.9468753915054493,1.0223085262187677,0.8360824203856843,0.8332724347073222,257600791.0,16.59,16.86,16.57,16.78,2194402.0,36715855.0,16.58,1.2062726176115923,10.0,18.24,False,False,True,84.18379216750677
78,000655.SZ,金岭矿业,0.0999999999999999,36.006546644844526,1.6068163797066557,0.9670280975300417,0.743456433322292,0.9613916697366401,595340230.0,6.65,6.81,6.65,6.73,5534835.0,37286731.0,6.68,0.7485029940119903,10.0,7.35,False,False,True,84.13920124079101
79,601136.SH,首创证券,0.1054481546572936,28.224582701062207,1.3428411036371986,0.42142345000086795,1.1949138325406252,1.3685462033663325,2733333800.0,14.3,14.67,14.27,14.62,15764160.0,229374119.0,14.38,1.6689847009735637,10.0,15.82,False,False,True,84.03450949980612
80,300230.SZ,永利股份,0.1241379310344829,24.874371859296485,1.477693832311744,1.334922516002397,0.708576222885356,0.9724723840090558,629822499.0,4.16,4.19,4.09,4.15,8176200.0,33939351.0,4.16,-0.24038461538461453,20.0,4.99,False,False,True,83.91430787126794
81,603299.SH,苏盐井神,0.18346253229974177,24.418604651162788,1.2560591275186994,0.6602481255933206,0.7310212738008875,1.1440680338296165,780506184.0000001,9.26,9.4,9.17,9.35,5895700.0,54837246.0,9.31,0.42964554242748143,10.0,10.24,False,False,True,83.90461419154711
82,301048.SZ,金鹰重工,0.08461538461538462,36.585365853658544,1.7515107037246433,0.7108219361472526,0.9274719327903784,0.996639243135439,533333400.0,8.79,9.0,8.79,8.86,3778310.0,33628449.0,8.86,0.0,20.0,10.63,False,False,True,83.89492051182629
83,301318.SZ,维海德,0.04435925520262863,38.964577656675736,1.4307354531569076,1.3148076691618804,0.9694951447705884,1.0124554301064363,93180195.0,19.15,19.43,18.58,18.71,1240400.0,23578472.0,19.16,-2.3486430062630403,20.0,22.99,False,False,True,83.85129895308259
84,301223.SZ,中荣股份,0.13644214162348864,30.86014445173999,1.5886980382362264,0.6236984509098489,0.7725826438329806,0.6064961575169011,193127560.0,16.06,16.18,15.7,15.95,730545.0,11646339.0,16.02,-0.43695380774032566,20.0,19.22,False,False,True,83.84063590538968
85,000401.SZ,金隅冀东,0.175257731958763,30.000000000000004,1.4128489597982405,0.315123369259746,0.6617726443572023,0.8895547451197786,2631354687.9999995,3.63,3.69,3.62,3.66,7376200.0,27024050.0,3.64,0.5494505494505475,10.0,4.0,False,False,True,83.83094222566886
86,002705.SZ,新宝股份,0.10685249709639952,39.31947069943289,1.3125033164813436,0.8562930808111885,0.7782039070602064,1.5364392284760677,808103400.0,11.51,11.91,11.43,11.78,10631750.0,125073246.0,11.5,2.4347826086956514,10.0,12.65,False,False,True,83.81155486622723
87,000965.SZ,天保基建,0.12182741116751256,31.141868512110715,1.448043759465118,1.152813834759929,0.6973722448303266,1.0711595813321044,1109830895.0,3.1,3.18,3.09,3.12,13704720.0,42986541.0,3.13,-0.31948881789136685,10.0,3.44,False,False,True,83.7863512989531
88,300791.SZ,仙乐健康,0.12442396313364053,25.649350649350655,1.8214389359588143,0.6209274252423299,0.8856618102377051,0.9583762066950892,257407184.00000003,16.8,17.24,16.66,16.77,1531784.0,25997284.0,16.75,0.11940298507462366,20.0,20.1,False,False,True,83.70686312524234
89,600794.SH,保税科技,0.12807881773399027,29.078014184397173,1.2292626387908256,0.8820300066335631,0.9075416682741563,1.008737998546464,1200152157.0,3.07,3.13,3.06,3.09,10678200.0,33093101.0,3.08,0.32467532467532756,10.0,3.39,False,False,True,83.68359829391237
90,603566.SH,普莱柯,0.12177121771217715,21.23430962343096,1.6142838701469835,0.9148401160735545,0.9536309567737146,0.8830934107074523,346062273.0,10.23,10.45,10.18,10.28,2795800.0,28824863.0,10.22,0.5870841487279677,10.0,11.24,False,False,True,83.6273749515316
91,688425.SH,铁建重工,0.13821138211382128,23.376623376623385,1.3559114377999022,0.4002566721233695,1.0543376899338543,1.1324823455268969,5333497000.0,4.17,4.22,4.17,4.21,24175868.0,103519198.0,4.19,0.4773269689737347,20.0,5.03,False,False,True,83.61380379992245
92,000544.SZ,中原环保,0.18965517241379287,19.82633863965266,0.9328431263758146,0.47882858068014494,0.9268405197182105,1.161420642712312,974684488.0,7.35,7.43,7.31,7.42,5420429.0,40021567.0,7.35,0.952380952380949,10.0,8.09,False,False,True,83.54207056998837
93,603656.SH,泰禾智能,0.11281070745697878,29.618033813400114,1.4053961469697889,1.2231435792975907,0.8557928673869395,0.9842317352706218,182945358.0,17.03,17.57,16.92,16.94,2202400.0,37861510.0,17.15,-1.2244897959183487,10.0,18.87,False,False,True,83.51492826677007
94,002191.SZ,劲嘉股份,0.1972789115646259,20.281690140845065,1.0072770210054982,0.8317927584427875,0.790323696652224,1.4438648450972873,1402715536.0000002,3.72,3.89,3.71,3.76,16846562.0,63863207.0,3.75,0.2666666666666595,10.0,4.13,False,False,True,83.48003101977511
95,300218.SZ,安利股份,0.035714285714285775,37.71377137713772,1.973712932349859,1.4133974325464247,0.7653773981382384,0.7633687674710363,216276394.0,11.65,11.82,11.61,11.65,2333500.0,27394953.0,11.65,0.0,20.0,13.98,False,False,True,83.45094998061265
96,002304.SZ,洋河股份,0.09539842873176202,27.527635481261783,1.558712463105395,0.5326306542364895,1.279299478576648,2.2581672895436617,1506409974.0,40.37,43.05,40.36,42.44,18118634.0,766613784.0,40.49,4.816003951592984,10.0,44.54,False,False,True,83.43737882900349
97,603970.SH,中农立华,0.11066398390342029,36.98630136986301,1.4248206631811695,0.765365001640953,0.8602556093432534,1.4938496029861243,268800134.0,10.05,10.39,10.03,10.24,3073300.0,31522233.0,10.04,1.9920318725099806,10.0,11.04,False,False,True,83.43737882900348
98,600905.SH,三峡能源,0.24752475247524747,21.32963988919667,0.8215449801692243,0.40362488479064057,0.7540830225058194,0.9730880389480571,28587650142.0,3.85,3.91,3.85,3.9,112281583.0,436665223.0,3.86,1.0362694300518172,10.0,4.25,False,False,True,83.38697169445523
99,002673.SZ,西部证券,0.1531791907514452,18.181818181818187,1.0747256163616963,0.6603847160234375,1.0483243731971312,1.3147179435150238,4469581705.0,6.66,6.78,6.66,6.77,38805786.0,261411122.0,6.69,1.195814648729443,10.0,7.36,False,False,True,83.35401318340442
100,603035.SH,常熟汽饰,0.0924657534246576,32.509881422924906,1.5796256646396873,1.0237805498545212,0.9691563865043856,1.154271681751204,366347080.0,10.85,11.15,10.84,11.09,4329200.0,47915274.0,10.93,1.4638609332113361,10.0,12.02,False,False,True,83.33462582396278
101,001213.SZ,中铁特货,0.24489795918367324,20.241691842900302,0.918570610420757,0.2152670051465205,0.8137293174569423,0.8523888270450523,4444444444.0,3.54,3.59,3.53,3.57,8155164.0,29135515.0,3.55,0.5633802816901401,10.0,3.91,False,False,True,83.30942225668863
102,002583.SZ,海能达,0.07309941520467836,35.39473684210526,1.70390777000866,1.4998408253445608,0.7746098196982579,1.1718770124927287,1283137692.0,8.07,8.24,8.03,8.08,22552800.0,183624016.0,8.1,-0.24691358024691024,10.0,8.91,False,False,True,83.29197363319116
103,300470.SZ,中密控股,0.16241299303944326,23.1021897810219,1.5521189897572423,0.9689133210413519,0.6511176343886457,0.9081580221109072,197334685.0,29.47,29.93,29.22,29.71,1736400.0,51543658.0,29.5,0.7118644067796609,20.0,35.4,False,False,True,83.23962776269872
104,601686.SH,友发集团,0.17695473251028798,27.17622080679407,0.9026007087172271,0.4003884345412955,0.9130157175995897,1.414301573646229,1479347326.0,5.14,5.21,5.13,5.2,8377100.0,43411419.0,5.14,1.1673151750972943,10.0,5.65,False,False,True,83.23187281892207
105,601188.SH,龙江交通,0.1666666666666666,27.715355805243448,1.213187884354328,0.8634451564515715,0.7664467849791204,1.2873561423691107,1305469915.0,2.85,2.89,2.82,2.85,14511100.0,41517200.0,2.86,-0.34965034965034336,10.0,3.15,False,False,True,83.05350911205893
106,601390.SH,中国中铁,0.20434782608695642,25.92592592592593,1.0333577442835902,0.587982316233961,0.7934200228108562,1.1674125477927255,20323920329.0,4.5,4.61,4.49,4.6,139507034.0,648469460.0,4.52,1.7699115044247815,10.0,4.97,False,False,True,83.03509112058937
107,600755.SH,厦门国贸,0.15686274509803932,16.44859813084114,1.3103458455077321,0.8679999405691421,0.9589985572117351,0.8453280589997769,2132158487.0,5.82,5.9,5.82,5.86,15644600.0,91772372.0,5.83,0.5145797598627766,10.0,6.41,False,False,True,83.00116324156649
108,000825.SZ,太钢不锈,0.13360323886639677,35.0609756097561,1.207961139258904,0.5796641444072411,0.8930228282098187,1.0776896850603863,5696247796.0,3.6,3.69,3.6,3.63,35584350.0,129594299.0,3.61,0.5540166204986097,10.0,3.97,False,False,True,82.97789841023652
109,600643.SH,爱建集团,0.10247349823321555,38.964577656675736,1.5247570610147267,0.8677990699259841,0.8368786973901724,1.345657108853123,1590351716.0,3.93,4.05,3.93,4.03,18571491.0,74566399.0,3.96,1.7676767676767735,10.0,4.36,False,False,True,82.97692904226444
110,002543.SZ,万和电气,0.07208387942332894,34.54545454545457,1.6572042706338448,0.8105640889515278,1.1483433225557653,0.935129653283925,661176201.0,6.61,6.74,6.57,6.72,5011600.0,33476534.0,6.6,1.81818181818183,10.0,7.26,False,False,True,82.97595967429237
111,600824.SH,益民集团,0.1342592592592593,29.46708463949843,1.4056058351680445,0.8129969352314671,0.9038023643419643,1.1266691420413448,1054027073.0,3.48,3.57,3.47,3.51,9654662.0,34389497.0,3.48,0.8620689655172376,10.0,3.83,False,False,True,82.97402093834819
112,601005.SH,重庆钢铁,0.1607142857142855,26.785714285714256,0.8418860027361312,0.9028141745806916,0.874663300373488,1.3456385416764989,8313636567.000001,1.2,1.24,1.2,1.22,100999174.0,123327317.0,1.21,0.8264462809917328,10.0,1.33,False,False,True,82.92361380379991
113,600517.SH,国网英大,0.15737704918032797,30.530973451327448,1.2568418921499969,0.46062472902029544,0.8922477859852875,1.0416775549097124,5718435744.0,4.98,5.09,4.98,5.07,27438338.0,140055288.0,5.0,1.4000000000000012,10.0,5.5,False,False,True,82.86157425358667
114,600939.SH,重庆建工,0.1259842519685039,37.88546255506606,1.5580617334961777,0.544748533098152,0.770966692901905,1.0477527757726899,1902474944.0,2.59,2.63,2.57,2.58,10858600.0,28203767.0,2.59,-0.3861003861003742,10.0,2.85,False,False,True,82.86157425358667
115,601021.SH,春秋航空,0.1727166276346606,14.382442213401836,1.1433197587672828,0.7629005944735001,0.9858409330927722,1.2480123327382093,978333423.0,45.13,46.56,45.04,46.43,9314804.0,437570776.0,45.24,2.630415561450028,10.0,49.76,False,False,True,82.8596355176425
116,600125.SH,铁龙物流,0.2367149758454107,21.513944223107572,0.9509818120509838,0.802532428499159,0.6663186268613072,1.0808123982007316,1305521874.0,5.53,5.57,5.49,5.56,11323927.0,62721196.0,5.51,0.9074410163339319,10.0,6.06,False,False,True,82.84606436603335
117,000713.SZ,国投丰乐,0.2008032128514056,24.95164410058026,1.1776328701831924,0.8446251913919054,0.6915648263365425,1.2012899341496808,614014980.0,5.64,5.78,5.64,5.73,6230040.0,35729301.0,5.67,1.0582010582010692,10.0,6.24,False,False,True,82.81892206281503
118,600649.SH,城投控股,0.15126050420168063,33.33333333333335,1.4423081232408546,0.7270111066701755,0.6916313812642751,1.3419223790313584,2504500768.0,3.67,3.77,3.67,3.73,24433721.0,91010497.0,3.69,1.084010840108407,10.0,4.06,False,False,True,82.81892206281503
119,600822.SH,上海物贸,0.10912052117263829,35.9731543624161,1.5937404970437963,0.7509739013944216,0.900645565596476,1.0198128557644026,396147908.0,8.06,8.28,8.06,8.2,3033910.0,24905821.0,8.12,0.9852216748768461,10.0,8.93,False,False,True,82.70647537805351
120,603529.SH,爱玛科技,0.1738401341531582,24.118942731277528,1.4172178670532276,0.7051265993974201,0.8482155484943166,1.2154999657400989,847560564.0,21.2,21.83,21.17,21.66,7264283.0,159951764.0,21.27,1.833568406205921,10.0,23.4,False,False,True,82.68127181077936
121,600679.SH,上海凤凰,0.1369047619047619,35.39192399049882,1.3142878650628547,0.7480791859725434,0.8128979590804354,1.4415201680584675,343694257.0,9.58,9.58,9.33,9.37,3706300.0,35097342.0,9.34,0.3211991434689532,10.0,10.27,False,False,True,82.6308646762311
122,600981.SH,苏豪汇鸿,0.08205128205128212,35.2112676056338,1.9864368186402657,0.923830597223869,0.891776641510424,1.0164602904084061,2242433192.0,2.29,2.35,2.27,2.29,21057280.0,48625578.0,2.29,0.0,10.0,2.52,False,False,True,82.5882124854595
123,601599.SH,浙文影业,0.07958477508650519,36.00000000000001,1.6224724008008402,1.4616038048545177,0.8385638598828608,1.1906299853164912,1160542453.0,2.97,3.04,2.95,2.97,20196100.0,60551865.0,2.98,-0.3355704697986517,10.0,3.28,False,False,True,82.5436215587437
124,603136.SH,天目湖,0.11861313868613144,33.29223181257708,1.5216911005735796,1.115253671138254,0.7903258476280371,1.3475836910934733,270126710.0,8.76,8.98,8.75,8.76,4059728.0,35990297.0,8.76,0.0,10.0,9.64,False,False,True,82.52811167119037
125,600000.SH,浦发银行,0.21119133574007215,15.289765721331694,0.9588774968004256,0.23142836927181654,1.0155845034263604,2.0984422151536863,33305838300.0,9.26,9.72,9.25,9.71,161746160.0,1544913226.0,9.28,4.633620689655182,10.0,10.21,False,False,True,82.47382706475379
126,601008.SH,连云港,0.18076923076923063,26.030927835051543,1.2445108217453709,0.6720865884871126,0.8639217203458376,0.9333472204871441,1240638006.0,4.35,4.41,4.32,4.35,7782400.0,34233514.0,4.35,0.0,10.0,4.79,False,False,True,82.44668476153547
127,000755.SZ,山西高速,0.23152709359605897,25.238095238095237,1.3582177102470077,0.3442076299727361,0.7352939425160898,0.7804722124101193,1467310196.0,4.67,4.72,4.62,4.67,3941848.0,18429104.0,4.67,0.0,10.0,5.14,False,False,True,82.3962776269872
128,600820.SH,隧道股份,0.22058823529411772,16.599999999999994,0.900042795893943,0.6071932132237119,0.9260687415738704,1.3673317324488359,3144096094.0,5.46,5.54,5.43,5.52,26103372.0,147742654.0,5.45,1.284403669724754,10.0,6.0,False,False,True,82.37882900348973
129,000409.SZ,云鼎科技,0.11246200607902723,38.46153846153848,1.3165574517216145,0.9761340794426964,0.82919224706569,1.0573548193486286,590473934.0,8.5,8.65,8.46,8.51,6094400.0,52209619.0,8.54,-0.3512880562060783,10.0,9.39,False,False,True,82.31485071733229
130,301058.SZ,中粮科工,0.13836477987421367,34.35013262599471,1.5355264975768756,0.8105237166471195,0.7482557132133288,1.0096808142521951,512274245.0,8.19,8.28,8.1,8.15,4192300.0,34324552.0,8.2,-0.609756097560965,20.0,9.84,False,False,True,82.3090345094998
131,600528.SH,中铁工业,0.22591362126245862,22.10200927357033,1.0675913582025545,0.5477319800146765,0.8609931861160033,1.185652936434824,2221551588.0,7.13,7.25,7.12,7.22,14427201.0,104944981.0,7.15,0.9790209790209614,10.0,7.87,False,False,True,82.28576967816984
132,600864.SH,哈投股份,0.12903225806451601,24.444444444444446,1.5485471875883943,1.3368884607669957,0.8305974425367018,1.1294043792459607,2080570520.0,5.41,5.5,5.4,5.48,31414278.0,171539164.0,5.43,0.9208103130755152,10.0,5.97,False,False,True,82.28383094222566
133,300962.SZ,中金辐照,0.10918114143920604,38.237810094097526,1.4688428556188122,0.9480953843297526,0.8404300548145287,0.889536185884577,264001897.0,12.54,12.76,12.41,12.63,2226500.0,28090242.0,12.57,0.4773269689737569,20.0,15.08,False,False,True,82.27219852656067
134,603053.SH,成都燃气,0.245070422535211,26.80151706700378,1.047625341269066,0.25180702336621597,0.7722463963875379,1.237553291021669,888890000.0,8.8,8.91,8.71,8.89,2770000.0,24553809.0,8.78,1.252847380410027,10.0,9.66,False,False,True,82.21015897634742
135,603209.SH,兴通股份,0.15714285714285725,22.530612244897963,1.216396427658014,1.1633965195052938,0.8652462549380014,1.4141941118175057,321491597.0,13.2,13.56,13.16,13.33,5289400.0,70757833.0,13.13,1.5232292460015229,10.0,14.44,False,False,True,82.20434276851493
136,600167.SH,联美控股,0.13294797687861262,35.61643835616437,1.5332754739321666,0.454197744739546,0.8838629742705247,0.9310557323359536,2262840463.0,5.77,5.9,5.76,5.88,9569177.0,55910982.0,5.8,1.379310344827589,10.0,6.38,False,False,True,82.18107793718497
137,002758.SZ,浙农股份,0.16814159292035408,21.36986301369863,1.7690018308101685,0.950404949233923,0.6672751408193683,1.007623106322561,518247801.00000006,7.85,7.93,7.82,7.88,4963000.0,39147058.0,7.87,0.12706480304955914,10.0,8.66,False,False,True,82.08220240403256
138,000885.SZ,城发环境,0.22507122507122485,16.86143572621035,1.0300252789298099,0.733062919254285,0.8884345872893032,1.142766217385533,642078255.0,12.75,12.95,12.71,12.94,5378815.0,69193012.0,12.77,1.3312451057165164,10.0,14.05,False,False,True,82.06669251647926
139,000099.SZ,中信海直,0.0763116057233705,37.528430629264605,1.8467254868658909,1.146557063203887,0.893917062714261,1.1985523023493017,775770137.0,14.04,14.48,14.01,14.39,10660700.0,153217581.0,14.15,1.6961130742049413,10.0,15.57,False,False,True,82.0589375727026
140,000501.SZ,武商集团,0.10301109350237708,29.843749999999993,1.3330978217390503,1.0366231911116373,1.126918078578226,1.7414974285320153,768293891.0,7.01,7.26,7.01,7.17,13869830.0,99586725.0,7.05,1.7021276595744705,10.0,7.76,False,False,True,82.03179526948429
141,601366.SH,利群股份,0.14285714285714285,29.180327868852473,1.4278967195514374,0.9782053277527932,0.8574797795689995,0.8814013218475155,959741113.0,3.49,3.57,3.46,3.47,8274806.0,29135829.0,3.51,-1.1396011396011319,10.0,3.86,False,False,True,81.9988367584335
142,002095.SZ,生 意 宝,0.10565338276181639,34.34991974317816,1.6682099258498866,1.099891555075736,0.8720488356490158,1.4039748896847253,251708415.0,13.6,14.07,13.57,13.81,3886932.0,54068645.0,13.6,1.5441176470588402,10.0,14.96,False,False,True,81.93291973633191
143,688370.SH,丛麟科技,0.1115602263540824,32.040816326530596,2.2196589637652053,0.503309332062523,0.7791974594213126,0.48687482950266037,137107879.0,21.08,21.37,20.58,20.86,335981.0,7046490.0,20.98,-0.5719733079122991,20.0,25.18,False,False,True,81.9174098487786
144,600515.SH,海南机场,0.07384615384615378,36.36363636363635,1.5705444470428709,1.1074632179435506,1.0795966736456621,1.211100149833848,9176012508.0,2.87,2.96,2.86,2.92,123073164.0,360522814.0,2.88,1.388888888888884,10.0,3.17,False,False,True,81.89802248933695
145,002852.SZ,道道全,0.10583941605839418,31.27690100430418,1.7612715022213181,1.3436703343453846,0.8157641272192648,0.9692324232786906,285818746.0,7.57,7.71,7.51,7.6,3722300.0,28546576.0,7.55,0.6622516556291425,10.0,8.31,False,False,True,81.8301667312912
146,601065.SH,江盐集团,0.16117216117216135,28.482003129890465,1.207173768326046,0.6845452162509557,0.9549695566473811,1.4891731035951534,642776079.0,6.84,6.93,6.82,6.93,6552500.0,45160290.0,6.83,1.4641288433382194,10.0,7.51,False,False,True,81.77394338891042
147,600308.SH,华泰股份,0.1637426900584797,38.01369863013699,1.2511774809088478,0.6001985630706941,0.6552640870166134,1.084458185549513,1516870176.0,3.2,3.24,3.18,3.23,9873160.0,31745112.0,3.2,0.9374999999999911,10.0,3.52,False,False,True,81.71190383869717
148,600271.SH,航天信息,0.06020942408376963,39.370078740157474,1.9952924865860784,0.9123791845048435,0.9720076662033454,1.0351536537987605,1852884638.0,6.78,6.91,6.75,6.83,17499618.0,119954569.0,6.81,0.2936857562408246,10.0,7.49,False,False,True,81.69639395114386
149,002011.SZ,盾安环境,0.11071428571428558,33.673469387755084,1.5940771926963346,1.1776865023125462,0.8687097052621432,0.875844216733081,1061515502.0,10.42,10.58,10.34,10.44,10939536.0,115711940.0,10.42,0.19193857965451588,10.0,11.46,False,False,True,81.66731291198137
150,002110.SZ,三钢闽光,0.1517857142857144,26.811594202898558,1.5917079396213658,0.871342293203378,0.8712288565968652,1.9229699877893665,2429076227.0,3.1,3.24,3.09,3.2,40700753.0,130210468.0,3.1,3.2258064516129004,10.0,3.41,False,False,True,81.6013958898798
151,601878.SH,浙商证券,0.17486338797814174,13.522727272727275,1.0135775909844955,0.6516878110810933,1.1482017433617564,0.8745095493941613,4573796639.0,9.43,9.54,9.41,9.51,26066397.0,247475759.0,9.44,0.741525423728806,10.0,10.38,False,False,True,81.59557968204732
152,601999.SH,出版传媒,0.12912912912912905,38.086303939962484,1.720478411716551,0.8036483324913956,0.624299886164479,1.2571213082987804,550914700.0,5.72,5.88,5.72,5.78,5565800.0,32655449.0,5.76,0.3472222222222321,10.0,6.34,False,False,True,81.58782473827065
153,600987.SH,航民股份,0.2745098039215687,17.0854271356784,1.1800578417309455,0.6390731326143847,0.789898683346637,0.8629660616270248,1020818873.0,6.64,6.71,6.63,6.7,5629800.0,37639873.0,6.67,0.4497751124437732,10.0,7.34,False,False,True,81.54323381155486
154,600372.SH,中航机载,0.1319018404907975,32.46628131021194,1.5550533195933776,0.7564386212151796,0.9376725751989508,0.8098426865287502,4838896630.0,11.19,11.32,11.16,11.29,29642901.0,333652247.0,11.24,0.4448398576512469,10.0,12.36,False,False,True,81.52772392400156
155,002675.SZ,东诚药业,0.1012269938650307,13.443983402489623,1.4409883854502525,1.504429156434052,1.190472498024073,0.551862172126254,743383994.0,12.69,12.88,12.59,12.79,6171853.0,78596252.0,12.71,0.6294256490951833,10.0,13.98,False,False,True,81.48894920511827
156,000927.SZ,中国铁物,0.2232142857142857,26.66666666666666,1.2337891088745814,0.7880584118502278,0.7212439035283288,0.8952202891807928,6050350581.0,2.5,2.55,2.49,2.53,42684369.0,107732037.0,2.5,1.200000000000001,10.0,2.75,False,False,True,81.45792943001163
157,600765.SH,中航重机,0.10703043022035671,34.31999999999999,1.735286430384733,1.151738530895448,0.8602584786935399,0.9398695827078569,1552494153.0,13.45,13.69,13.43,13.64,16805501.0,228562044.0,13.52,0.887573964497057,10.0,14.87,False,False,True,81.40364482357502
158,000726.SZ,鲁  泰Ａ,0.25,21.161048689138575,1.0384226892151005,0.8730669178620933,0.7428034180975754,1.0849803086015901,589288850.0,5.93,6.0,5.91,5.98,5582100.0,33262849.0,5.96,0.3355704697986628,10.0,6.56,False,False,True,81.37456378441256
159,603708.SH,家家悦,0.19576719576719567,29.939393939393955,1.3732851650448246,0.5684429037610745,0.8134453304901756,1.1687456968488787,638338675.0,9.4,9.59,9.36,9.48,4240900.0,40220461.0,9.36,1.2820512820512997,10.0,10.3,False,False,True,81.37068631252423
160,002614.SZ,奥佳华,0.09045226130653275,31.78654292343388,1.6627213907951728,1.6593556148442608,0.8682017394088145,0.8652304523999895,441275311.0,4.67,4.75,4.64,4.68,6335500.0,29744726.0,4.67,0.21413276231263545,10.0,5.14,False,False,True,81.36196200077549
161,000768.SZ,中航西飞,0.14205905826017565,33.38541666666668,1.5504668758065865,0.8443298522486271,0.8264047256260392,0.8011931597078474,2776414009.0,20.85,21.13,20.81,20.96,18781644.0,393963284.0,20.98,-0.09532888465204614,10.0,23.08,False,False,True,81.35711516091509
162,600038.SH,中直股份,0.14234663490172722,29.82744453574364,1.4111189182062074,0.991334069700594,0.8936142007327591,1.0435592787944565,668935221.0,26.6,27.08,26.6,27.04,6920241.0,186381974.0,26.73,1.1597456041900545,10.0,29.4,False,False,True,81.33772780147345
163,301102.SZ,兆讯传媒,0.12337662337662333,34.08820023837902,2.117984618614598,0.49562497536945244,0.729965729758084,1.1066040219707676,406000000.0,9.18,9.34,8.97,8.99,2226750.0,20432654.0,9.15,-1.748633879781425,20.0,10.98,False,False,True,81.26987204342768
164,600639.SH,浦东金桥,0.30241935483870963,16.839677047289502,1.2887869972047994,0.5419644181133355,0.7462148463378719,1.7643976957888101,850236703.0,9.43,9.7,9.37,9.65,8130310.0,77989502.0,9.42,2.441613588110414,10.0,10.36,False,False,True,81.25242341993021
165,002561.SZ,徐家汇,0.10141509433962276,35.14851485148516,1.5560586115629758,1.0440385630457876,0.9954583184751477,1.406728715735152,414439567.0,6.48,6.68,6.46,6.62,6086787.0,40289052.0,6.49,2.003081664098616,10.0,7.14,False,False,True,81.24272974020938
166,002312.SZ,川发龙蟒,0.07804878048780481,39.69465648854962,1.8772567151500108,1.3871914615842282,0.7511114064268396,0.9003265813927033,1884636265.0,8.34,8.57,8.31,8.46,23537700.0,199278888.0,8.34,1.4388489208633226,10.0,9.17,False,False,True,81.1923226056611
167,300360.SZ,炬华科技,0.12017167381974242,33.901345291479814,1.637004687005198,1.1250022628520644,0.8224909180181259,1.1512580211841326,500308887.00000006,12.17,12.42,12.14,12.32,6479840.0,79809436.0,12.27,0.4074979625101838,20.0,14.72,False,False,True,81.18069018999611
168,603787.SH,新日股份,0.10306748466257669,37.7272727272727,1.7952010350899967,1.2048880397772148,0.7311874427642246,1.075090832048612,230143790.0,9.6,9.83,9.58,9.66,2981200.0,28973868.0,9.64,0.20746887966804906,10.0,10.6,False,False,True,81.1768127181078
169,002060.SZ,广东建工,0.2167832167832168,25.16778523489933,1.1000874606641142,1.1281012503995451,0.6200950794013682,0.8830285895395059,1562823660.0,3.27,3.33,3.27,3.32,15568000.0,51574362.0,3.29,0.911854103343468,10.0,3.62,False,False,True,81.1709965102753
170,688566.SH,吉贝尔,0.04883831199620679,23.882559158632777,1.8869492091544875,1.3812568396699876,1.4206982044935357,0.4278436066112186,201101625.0,23.69,24.29,23.45,23.77,1188434.0,28297122.0,23.85,-0.33542976939203717,20.0,28.62,False,False,True,81.11671190383869
171,002230.SZ,科大讯飞,0.05279610976033355,31.958495460440982,1.67101774001036,2.008048046713994,0.9750551160976533,0.7355014623623667,2189966940.0,39.8,40.66,39.7,39.87,32333927.0,1301438250.0,40.07,-0.4991265285750002,10.0,44.08,False,False,True,81.09732454439705
172,603569.SH,长久物流,0.14473684210526316,25.68627450980394,1.5823095957331543,0.7412281530317466,1.0224578696307065,1.0209274978449392,603507251.0,5.76,5.85,5.68,5.76,4566982.0,26374531.0,5.76,0.0,10.0,6.34,False,False,True,81.08569212873206
173,600983.SH,惠而浦,0.21093750000000006,29.525222551928778,1.6249164671028442,0.350378112282903,0.7277332054970331,1.8007529135415516,766439000.0,7.81,8.04,7.76,8.04,4835804.0,38480774.0,7.82,2.813299232736566,10.0,8.6,False,False,True,81.04497867390462
174,603511.SH,爱慕股份,0.11748633879781416,32.84403669724772,1.410218231665719,0.4875947912483435,1.206924297370807,1.1008472420847388,401887312.0,11.63,11.83,11.55,11.77,2157200.0,25276915.0,11.76,0.08503401360544505,10.0,12.94,False,False,True,80.96161302830555
175,603987.SH,康德莱,0.16463414634146342,23.065476190476186,1.396119441877325,0.9869144703753839,0.9306726498545134,0.944752707207215,436790880.00000006,7.25,7.32,7.2,7.27,4072595.0,29586653.0,7.26,0.13774104683195176,10.0,7.99,False,False,True,80.96161302830554
176,002010.SZ,传化智联,0.12847222222222224,32.873563218390814,1.7019758535789786,0.7965117808640645,0.9154460539103111,1.1133562171856108,2757765331.0,4.7,4.81,4.69,4.79,24455900.0,116588284.0,4.72,1.4830508474576343,10.0,5.19,False,False,True,80.96161302830554
177,603609.SH,禾丰股份,0.17260273972602755,27.697841726618712,1.57161614147642,0.4139102597730671,0.9468254921377797,0.6862050991418079,904016733.0,6.17,6.3,6.15,6.21,2575200.0,16056284.0,6.19,0.3231017770597644,10.0,6.81,False,False,True,80.94416440480806
178,002321.SZ,华英农业,0.1111111111111111,34.16149068322982,1.3549165527740616,1.3009229165000264,0.9315428045815903,0.9171233854865116,2125250009.0,1.86,1.91,1.84,1.84,25356503.0,47425397.0,1.86,-1.0752688172043001,10.0,2.05,False,False,True,80.94416440480806
179,002959.SZ,小熊电器,0.15690290864399828,32.40464344941958,1.410475704305738,0.7400480448464299,0.8953845374908962,1.1633706062173284,139794390.0,33.78,34.52,33.78,34.42,1203560.0,41270821.0,33.98,1.2948793407887127,10.0,37.38,False,False,True,80.92671578131058
180,601800.SH,中国交建,0.18041237113402067,25.678119349005414,0.9735693427395796,0.3512073458660315,1.104604005782675,1.214469475182832,11722873078.999998,6.23,6.36,6.22,6.34,50001641.0,314981983.0,6.23,1.7656500802568198,10.0,6.85,False,False,True,80.90926715781309
181,600170.SH,上海建工,0.13017751479289952,29.107981220657276,1.3817397397271565,1.3691063140749504,0.8843821450620082,1.0380193274666074,8885939744.0,2.35,2.38,2.33,2.35,126283316.0,297450736.0,2.35,0.0,10.0,2.59,False,False,True,80.89569600620396
182,002626.SZ,金达威,0.10426008968609862,32.63565891472868,1.8932561466678102,0.829392900118919,1.0051656051588287,0.9284630700813764,609861032.0,13.83,14.23,13.71,14.15,4696300.0,66107531.0,13.83,2.313810556760676,10.0,15.21,False,False,True,80.87824738270648
183,601117.SH,中国化学,0.17987804878048774,20.85106382978723,1.461552778553102,1.279018192361427,0.7534053978935169,0.9488497126026126,6049451162.0,7.59,7.71,7.59,7.69,73415900.0,570526233.0,7.64,0.654450261780104,10.0,8.4,False,False,True,80.87630864676231
184,601236.SH,红塔证券,0.18604651162790692,16.58767772511849,1.1587913525303495,0.3652892392314155,1.1921041243348995,1.220353899281491,4693233706.0,6.95,7.07,6.95,7.05,20921598.0,148018962.0,6.97,1.147776183644189,10.0,7.67,False,False,True,80.76773943388912
185,600648.SH,外高桥,0.27297297297297285,27.89473684210528,1.0180475402878664,0.19383900178177,0.8185322047158762,3.3741324618471835,1137770691.0,8.6,9.13,8.59,9.0,7441458.0,66272693.0,8.61,4.529616724738683,10.0,9.47,False,False,True,80.75804575416828
186,601555.SH,东吴证券,0.246875,20.396600566572243,1.0816163197951423,0.813211289254644,0.860014531217129,1.1963948252465266,4968702837.0,7.83,7.97,7.79,7.93,48341592.0,391932794.0,7.85,1.0191082802547768,10.0,8.64,False,False,True,80.75029081039162
187,002688.SZ,金河生物,0.12574850299401197,30.786026200873362,1.505692806137719,1.2013035957162677,0.9170972078514329,0.974022088442155,747041116.9999999,4.99,5.09,4.96,5.02,8741100.0,43993970.0,5.0,0.40000000000000036,10.0,5.5,False,False,True,80.74447460255914
188,600526.SH,菲达环保,0.14975845410628022,34.50881612090679,1.381958621268596,0.9241875329908491,0.8214816551359002,0.8815447797821506,873007140.0000001,4.27,4.35,4.26,4.3,7112500.0,30988718.0,4.28,0.4672897196261516,10.0,4.71,False,False,True,80.73865839472664
189,601956.SH,东贝集团,0.07375271149674618,38.106235565819865,1.8031877385644912,1.1529419525305733,1.010196355225286,1.0400008946712358,621616590.0,4.65,4.74,4.65,4.68,7453560.0,35061562.0,4.67,0.21413276231263545,10.0,5.14,False,False,True,80.73090345094998
190,601818.SH,光大银行,0.2564102564102563,12.455516014234869,0.8636583567538475,0.4539952309872689,1.0253321184740969,1.6899167293470123,46406815561.0,3.13,3.2,3.12,3.19,356039649.0,1127865543.0,3.11,2.5723472668810254,10.0,3.42,False,False,True,80.719271035285
191,002753.SZ,永东股份,0.146341463414634,35.379061371841146,1.2064962015639158,1.326230737601399,0.5929137030503704,0.7176937106091682,295788903.0,6.03,6.12,5.95,6.02,2815400.0,17028422.0,6.02,0.0,10.0,6.62,False,False,True,80.71345482745251
192,600681.SH,百川能源,0.12851405622489953,31.410256410256387,1.536142159599855,1.372743169351331,0.8101643971626832,1.0555915171863641,1339808772.0,3.43,3.49,3.4,3.42,19414580.0,66848697.0,3.44,-0.5813953488372103,10.0,3.78,False,False,True,80.66886390073672
193,000915.SZ,华特达因,0.16425619834710742,14.834935227747593,1.3323250114871317,1.1425178002694776,1.0005125630020293,1.3491746508886786,234122860.0,25.48,26.1,25.36,25.79,3608901.0,93315189.0,25.52,1.0579937304075138,10.0,28.07,False,False,True,80.65529274912757
194,603689.SH,皖天然气,0.26799999999999996,23.167155425219942,0.9733657161873606,0.740392906102897,0.8218585089253394,0.8576154289086028,523447965.0,7.49,7.58,7.46,7.55,3323750.0,25047425.0,7.49,0.8010680907877044,10.0,8.24,False,False,True,80.55253974408686
195,601200.SH,上海环境,0.21923076923076903,26.56249999999998,1.0652953239358443,0.6731370724486809,0.9096108045440516,1.2205725707759354,1346230251.0,7.0,7.13,6.99,7.1,11060798.0,78170481.0,6.97,1.865136298421799,10.0,7.67,False,False,True,80.50019387359443
196,601881.SH,中国银河,0.14325068870523425,17.677642980935882,1.5284047387026871,0.7127699766483521,1.2469068146241624,0.5898439711470083,7243417622.999999,12.5,12.63,12.44,12.57,30452999.0,382440237.0,12.58,-0.07949125596183881,10.0,13.84,False,False,True,80.45560294687863
197,600283.SH,钱江水利,0.13025210084033603,21.094793057409888,1.6543286717263441,0.9004336947251526,1.147727883023883,0.45873047458072747,560824898.0,7.81,7.84,7.74,7.8,2316523.0,18069992.0,7.8,0.0,10.0,8.58,False,False,True,80.39937960449788
198,601579.SH,会稽山,0.09599395313681025,37.69063180827887,1.9302954550606954,1.171795280836535,0.8189635049115248,2.5448882529070564,479463409.0,14.86,16.0,14.86,15.27,14298021.0,222160815.0,15.04,1.5292553191489366,10.0,16.54,False,False,True,80.38580845288872
199,600958.SH,东方证券,0.19526627218934922,15.75262543757292,1.3427946891277558,0.8108573813310201,1.0288826047401745,1.425223063615614,7469482864.0,9.15,9.28,9.12,9.2,86321276.0,795057784.0,9.23,-0.3250270855904791,10.0,10.15,False,False,True,80.34703373400542
200,600061.SH,国投资本,0.18431372549019592,11.99999999999999,1.3154082558336428,0.681406912695896,1.1497769080519902,0.9694501530284684,6394097773.0,6.43,6.53,6.43,6.51,42238244.0,274297933.0,6.47,0.6182380216383399,10.0,7.12,False,False,True,80.32570763861962
201,601811.SH,新华文轩,0.2994454713493529,25.30345471521942,1.2211949406487435,0.29378792047872854,0.7826251496740096,1.0820359008612872,791903900.0,12.31,12.57,12.25,12.57,2517376.0,31422782.0,12.33,1.9464720194647178,10.0,13.56,False,False,True,80.31213648701046
202,600834.SH,申通地铁,0.21160409556314,31.43297380585515,1.501694229881388,0.4300096376715361,0.8014432151300606,2.982248728826481,477381905.0,7.38,7.57,7.21,7.23,6121925.0,44922601.0,7.11,1.6877637130801704,10.0,7.82,False,False,True,80.3043815432338
203,600874.SH,创业环保,0.3443708609271521,21.626984126984116,0.9438176646743145,0.648185848146075,0.6996761954032372,0.9442919316394061,1230418085.0,5.56,5.6,5.52,5.59,7531102.0,41965757.0,5.56,0.5395683453237377,10.0,6.12,False,False,True,80.28499418379216
204,601866.SH,中远海发,0.24528301886792472,26.26728110599079,1.0459019516270303,0.7444710030754405,0.8480681447454055,1.0241866019689765,9710427720.0,2.43,2.46,2.42,2.46,74039800.0,182131223.0,2.43,1.2345679012345512,10.0,2.67,False,False,True,80.26560682435053
205,000030.SZ,富奥股份,0.1919642857142858,29.9212598425197,1.4949460728997939,0.6822769043070112,0.8476932836084214,1.0778541400108066,1670808645.0,4.24,4.32,4.23,4.28,12287043.0,52549174.0,4.24,0.9433962264151052,10.0,4.66,False,False,True,80.2617293524622
206,601880.SH,辽港股份,0.28070175438596484,24.060150375939827,1.2048092461157522,0.5317491553249706,0.8324774152665712,1.2143964245381365,18413051214.0,1.49,1.51,1.48,1.51,118903065.0,177946328.0,1.49,1.342281879194629,10.0,1.64,False,False,True,80.2287708414114
207,000797.SZ,中国武夷,0.0797101449275363,38.38862559241707,1.7812258099127796,1.4920278234143607,0.8735110694560615,0.9418779429012899,1570574028.9999998,2.32,2.38,2.3,2.32,22071404.0,51712635.0,2.33,-0.42918454935623185,10.0,2.56,False,False,True,80.20550601008144
208,002419.SZ,天虹股份,0.17535545023696691,33.33333333333333,1.5788620280549672,0.9004094474642118,0.631347780537154,1.3986127573217308,1141239697.0,4.47,4.57,4.46,4.48,14371907.0,64909681.0,4.48,0.0,10.0,4.93,False,False,True,80.20453664210935
209,600704.SH,物产中大,0.2710843373493977,12.831858407079654,1.0733856325911257,0.8534258203885406,0.892814225894994,1.133923296123996,5171179890.0,4.95,5.04,4.95,5.02,50042512.0,250243393.0,4.97,1.0060362173038184,10.0,5.47,False,False,True,80.19968980224893
210,601059.SH,信达证券,0.2715700141442718,20.316804407713484,1.401233683136488,0.2757162981806915,0.8958492174564107,1.0576118803515018,3243000000.0,16.4,16.54,16.21,16.53,9456615.0,155241529.0,16.44,0.5474452554744547,10.0,18.08,False,False,True,80.16091508336564
211,000581.SZ,威孚高科,0.208826695371367,25.079770261646473,1.2711470790423924,1.101442800119032,0.7842967468198859,1.236922071744516,793891049.0,17.6,18.0,17.55,17.92,10815963.0,192670108.0,17.61,1.7603634298694049,10.0,19.37,False,False,True,80.1473439317565
212,600035.SH,楚天高速,0.2,13.213213213213205,0.9434062789563018,0.7374927259972396,1.1650596391554047,1.4909611700173018,1610115901.0,3.5,3.53,3.47,3.51,17704400.0,62033266.0,3.5,0.28571428571428914,10.0,3.85,False,False,True,80.13765025203567
213,603551.SH,奥普科技,0.16279069767441884,38.30787309048178,1.53793403386019,0.5740242834878464,0.7455584959074404,2.312502785899305,379883650.0,9.2,9.65,9.2,9.61,5042700.0,47806613.0,9.21,4.343105320303997,10.0,10.13,False,False,True,80.13183404420319
214,603277.SH,银都股份,0.09447983014862,37.01030927835052,1.756599447179416,0.32003177880495,1.2540832006231275,0.8176670568774869,609746025.0,10.53,10.84,10.53,10.81,1595580.0,17179844.0,10.59,2.077431539187913,10.0,11.65,False,False,True,80.12407910042653
215,000931.SZ,中 关 村,0.14754098360655712,21.739130434782595,1.7245753312893346,1.170762077302703,0.9190939761439038,3.197528350838788,751029532.0,4.17,4.23,3.76,3.79,28115128.0,109927053.0,4.18,-9.330143540669845,10.0,4.6,False,False,True,80.04071345482744
216,000498.SZ,山东路桥,0.28323699421965326,19.290465631929045,1.2451792818736207,0.6852722061541815,0.8506318152350199,1.1443441147545894,1449347778.9999998,4.99,5.08,4.98,5.07,11365600.0,57312511.0,5.0,1.4000000000000012,10.0,5.5,False,False,True,80.01550988755329
217,601952.SH,苏垦农发,0.206043956043956,34.42176870748301,1.1915745757141845,0.756814756894045,0.7486997857331257,1.0737926442505024,1378000000.0,8.09,8.24,8.08,8.18,11198484.0,91559635.0,8.1,0.9876543209876631,10.0,8.91,False,False,True,79.91469561845676
218,605577.SH,龙版传媒,0.11523178807947008,38.12865497076024,1.7340782395713412,0.7105961803617505,0.9642395848360433,1.0309652927085724,444444445.0,9.42,9.69,9.42,9.57,3256000.0,31195487.0,9.42,1.5923566878981,10.0,10.36,False,False,True,79.87785963551764
219,002014.SZ,永新股份,0.34962406015037584,16.44120707596255,0.8440699074622143,0.41424279831970945,0.8953398776259642,1.6329421086906752,610527693.0,10.56,10.85,10.55,10.79,4129820.0,45522612.0,10.54,2.371916508538896,10.0,11.59,False,False,True,79.84490112446684
220,601186.SH,中国铁建,0.29487179487179493,15.07092198581561,0.8814137264632947,0.47483035331202406,0.9817734969261174,0.9555792527315723,11503245500.0,6.32,6.39,6.31,6.38,52194600.0,332067912.0,6.33,0.789889415481837,10.0,6.96,False,False,True,79.83520744474602
221,601163.SH,三角轮胎,0.22907488986784166,22.428330522765606,1.395555085720465,0.5111919500000001,0.9713786294998911,1.2281849313159177,800000000.0,12.87,13.23,12.83,13.19,5022706.0,66566747.0,12.9,2.248062015503871,10.0,14.19,False,False,True,79.80806514152773
222,600861.SH,北京人力,0.20109289617486337,26.96245733788396,1.4681126961093405,0.5141267141918665,0.9638129710608264,2.1480186689054075,566112718.0,13.61,14.07,13.57,13.99,6011054.0,83681682.0,13.56,3.1710914454277317,10.0,14.92,False,False,True,79.80418766963939
223,603018.SH,XD华设集,0.13793103448275873,28.716904276985744,1.45835319612023,0.943979882397936,1.0693838843748404,0.9407620519373862,819147727.0,5.18,5.31,5.15,5.23,7274527.0,38507007.0,5.19,0.7707129094412402,10.0,5.71,False,False,True,79.80418766963939
224,600028.SH,中国石化,0.2114285714285715,19.18735891647856,1.2555028920496007,0.30732010509228896,1.1304068493522876,1.0099558919649427,94752475375.0,5.19,5.27,5.18,5.27,294092497.0,1540030946.0,5.17,1.934235976789167,10.0,5.69,False,False,True,79.78867778208607
225,000652.SZ,泰达股份,0.1726190476190474,38.27160493827162,1.3454961793579803,0.7470738261220125,0.727982511844753,1.173247464402051,1458222470.0,3.52,3.57,3.49,3.51,12781356.0,45141669.0,3.53,-0.5665722379603388,10.0,3.88,False,False,True,79.78286157425359
226,600548.SH,深高速,0.30357142857142855,14.72868217054264,1.0608951575977048,0.20215746753529654,0.9874962140908475,1.1527545492829494,1714425983.0000002,8.59,8.72,8.53,8.72,3995263.0,34521485.0,8.59,1.5133876600698537,10.0,9.45,False,False,True,79.74214811942612
227,601228.SH,广州港,0.31958762886597936,18.772563176895307,0.8093072839838472,0.33491901848416844,0.9350328232870779,1.0906570869191836,7544531351.0,3.07,3.12,3.06,3.1,27558800.0,85345156.0,3.08,0.6493506493506551,10.0,3.39,False,False,True,79.69561845676618
228,002462.SZ,嘉事堂,0.11946902654867256,34.86150907354344,1.6793537791522593,1.3595221990606148,0.8039124494081129,0.7909948027750079,291470419.0,11.54,11.71,11.45,11.65,3134400.0,36714198.0,11.55,0.8658008658008587,10.0,12.71,False,False,True,79.67816983326871
229,000898.SZ,鞍钢股份,0.22330097087378617,28.57142857142856,1.4246601110226087,0.49576622179127344,0.8982690782270899,0.9746075885903064,7957508008.0,2.05,2.1,2.04,2.07,38448890.0,79654534.0,2.05,0.9756097560975618,10.0,2.26,False,False,True,79.63551764249709
230,603408.SH,建霖家居,0.2205029013539653,22.756410256410263,1.5429647227693466,0.4593809278039515,0.9652207591014718,2.47735358561135,447573000.0,10.48,11.02,10.32,10.81,5093600.0,54752287.0,10.5,2.9523809523809508,10.0,11.55,False,False,True,79.62776269872043
231,601990.SH,南京证券,0.19318181818181807,17.759999999999998,0.9417131944947809,0.5639048231586276,1.2633121150751225,0.9838832980915637,4231724800.0,6.72,6.84,6.72,6.82,23478309.0,161283771.0,6.76,0.887573964497057,10.0,7.44,False,False,True,79.62000775494377
232,603885.SH,吉祥航空,0.18416523235800322,21.356275303643724,1.4438796293185474,0.9248958984322684,0.9896932622531259,0.8855732151970629,2169005268.0,10.9,11.13,10.84,10.91,17772103.0,194976067.0,10.95,-0.36529680365295913,10.0,12.05,False,False,True,79.57347809228382
233,603811.SH,诚意药业,0.06048387096774191,26.35431918008786,1.930431325767613,1.5003915709305071,1.3102978060010977,0.48450478059863117,458226048.0,7.09,7.18,7.01,7.05,3331060.0,23610031.0,7.13,-1.1220196353436185,10.0,7.84,False,False,True,79.5696006203955
234,002797.SZ,第一创业,0.19047619047619027,31.95364238410596,1.2722948691748934,1.2887197280125586,0.42911207448939837,0.9351035580608852,4202400000.0,6.47,6.56,6.45,6.52,50642551.0,330361914.0,6.52,0.0,10.0,7.17,False,False,True,79.563784412563
235,600760.SH,中航沈飞,0.16699971453040255,33.31578947368421,1.283019544556561,0.611429728790717,0.9868446353911842,0.7980780066797312,2829552651.0,43.5,44.44,43.45,44.11,13807329.0,607977770.0,43.85,0.5929304446978367,10.0,48.24,False,False,True,79.54633578906552
236,688009.SH,中国通号,0.337579617834395,11.739130434782608,1.2205001885557203,0.414498776710588,0.9151199125701532,1.321812315899584,8621018000.0,5.11,5.21,5.08,5.18,47233660.0,251770309.0,5.13,0.974658869395717,20.0,6.16,False,False,True,79.52888716556807
237,688075.SH,安旭生物,0.052569403425871256,39.73214285714286,1.9072864732092463,0.635198207971562,1.5031543371087803,0.7449979726909768,127082805.0,27.69,28.18,27.3,27.4,601383.0,16653773.0,27.77,-1.3323730644580478,20.0,33.32,False,False,True,79.51337727801474
238,600059.SH,古越龙山,0.18765432098765428,22.607489597780848,1.2200502594877454,0.940401009075148,1.021138393988543,1.834262649537895,911542413.0,7.96,8.2,7.95,8.15,15723582.0,127770561.0,7.97,2.258469259723972,10.0,8.77,False,False,True,79.47654129507562
239,603515.SH,欧普照明,0.22016460905349758,30.527638190954786,1.30573162389099,0.20258988706845152,0.9395464545203657,0.7003389124543872,737750549.0,17.03,17.25,16.93,17.19,1045500.0,17874306.0,16.99,1.1771630370806418,10.0,18.69,False,False,True,79.47266382318728
240,600195.SH,中牧股份,0.2184615384615384,30.472854640980728,1.5196771931348017,0.7528771923873171,0.7669485115467864,0.8500000653616676,1021148260.0,6.42,6.55,6.38,6.46,6534794.0,42275815.0,6.42,0.6230529595015577,10.0,7.06,False,False,True,79.46684761535478
241,002322.SZ,理工能科,0.18327402135231308,31.1886586695747,1.6809239443497481,0.978160527886811,0.6707655100407877,1.1304688320898248,351380929.00000006,10.2,10.36,10.14,10.24,3885500.0,40953330.0,10.2,0.39215686274509665,10.0,11.22,False,False,True,79.41450174486235
242,601377.SH,兴业证券,0.20353982300884957,13.357400722021673,1.1064459687421802,1.054508422716995,1.0458256224253926,0.9919503916653278,8635987294.0,5.95,6.01,5.93,6.01,90334158.0,550031960.0,5.99,0.33388981636059967,10.0,6.59,False,False,True,79.38542070569989
243,002573.SZ,清新环境,0.23021582733812943,32.40418118466897,1.122400496875919,0.6153207893462466,0.8569988204236625,1.0285211505545315,1412690868.0,3.17,3.23,3.16,3.19,8940503.0,28593038.0,3.19,0.0,10.0,3.51,False,False,True,79.37766576192323
244,002783.SZ,凯龙股份,0.1312910284463894,38.2882882882883,1.4458800971011647,1.4431609167925217,0.598757017540308,1.332290684639391,461116586.0,7.25,7.55,7.22,7.27,8865934.0,65367527.0,7.26,0.13774104683195176,10.0,7.99,False,False,True,79.33501357115162
245,002091.SZ,江苏国泰,0.23204419889502764,33.8526912181303,1.2935896273088343,0.789535459895065,0.6550796769736823,1.2632707652228856,1602372071.0,7.75,7.98,7.71,7.95,15982012.0,126166447.0,7.74,2.7131782945736482,10.0,8.51,False,False,True,79.33113609926329
246,001201.SZ,东瑞股份,0.12317073170731706,33.268292682926834,1.2612841100978989,1.4701018051630586,0.9314397643669045,1.1538455198123363,212507395.0,11.25,11.47,11.1,11.2,3604700.0,40685159.0,11.26,-0.5328596802841923,10.0,12.39,False,False,True,79.30011632415666
247,002381.SZ,双箭股份,0.09836065573770499,37.423312883435585,1.772354791372918,1.4835157199795617,0.8398716365917023,0.9927336256698652,322026500.0,5.13,5.21,5.05,5.13,4742600.0,24368916.0,5.13,0.0,10.0,5.64,False,False,True,79.28848390849167
248,603227.SH,雪峰科技,0.20370370370370358,35.84070796460177,1.4764820783087989,0.787541226755532,0.5994838166422387,1.137828821353452,1071692689.0,7.55,7.79,7.53,7.72,9603300.0,73919425.0,7.55,2.251655629139071,10.0,8.31,False,False,True,79.27297402093835
249,301508.SZ,中机认检,0.0925795053003535,36.88299817184644,1.627161809849713,1.9510336288420034,0.7524012853348278,1.1631850516842255,58836400.0,23.05,23.61,23.05,23.3,1335241.0,31208450.0,23.19,0.47434238896075787,20.0,27.83,False,False,True,79.27297402093835
250,002933.SZ,新兴装备,0.09426987060998158,37.17728055077454,2.029488604391246,1.352591721428682,0.7991962556969378,0.7043187528093533,116894276.0,24.7,25.09,24.4,24.45,1113600.0,27572854.0,24.77,-1.291885345175614,10.0,27.25,False,False,True,79.16246607212098
251,002697.SZ,红旗连锁,0.1746987951807229,26.172839506172863,1.2291134594495354,1.3903631665526865,0.8577645755100292,1.5968209796698274,1148092375.0,4.62,4.76,4.62,4.67,25489500.0,119817481.0,4.63,0.8639308855291628,10.0,5.09,False,False,True,79.15471112834432
252,000828.SZ,东莞控股,0.2951388888888889,14.754098360655732,0.7008445963562893,0.561434569604413,1.0330076772783658,1.3356853172336094,1039516992.0,9.97,10.13,9.95,10.07,7795337.0,78417766.0,10.0,0.7000000000000117,10.0,11.0,False,False,True,79.08297789841023
253,603128.SH,华贸物流,0.3378378378378377,16.84210526315788,1.0342357905213924,0.6962124830380501,0.8853764917709366,1.6014372620537742,1309046494.0,5.23,5.39,5.23,5.38,14595091.0,77864412.0,5.25,2.4761904761904763,10.0,5.78,False,False,True,79.00736719658782
254,300770.SZ,新媒股份,0.18242548818088392,26.015473887814334,1.513552940370142,0.940087427945859,0.949097078441082,1.49644521725392,227838591.0,34.4,35.6,34.4,35.42,3205209.0,113070884.0,34.57,2.458779288400348,20.0,41.48,False,False,True,78.97440868553703
255,002061.SZ,浙江交科,0.3333333333333333,17.17791411042946,1.140889790088647,0.6579164095140875,0.8841243848346638,0.9981248269112887,2599137900.0,3.61,3.66,3.6,3.64,17068089.0,62132760.0,3.63,0.27548209366392573,10.0,3.99,False,False,True,78.9492051182629
256,601788.SH,光大证券,0.1530740276035132,16.77953348382242,1.498241967540179,0.8622588670956364,1.2942989149259778,0.635123841579314,3906698839.0,14.45,14.63,14.43,14.56,21394691.0,315136634.0,14.51,0.344589937973816,10.0,15.96,False,False,True,78.92787902287708
257,600495.SH,晋西车轴,0.1782178217821782,31.437125748502993,1.3596182759769053,0.9495312522991456,0.9041497582483179,0.6768896820696657,1208190886.0,3.87,3.92,3.83,3.85,7765380.0,30052495.0,3.88,-0.773195876288657,10.0,4.27,False,False,True,78.92787902287708
258,000548.SZ,湖南投资,0.12077294685990318,35.51637279596977,1.6107339450576164,1.3936492989001048,0.8512930571943216,1.3081341772572364,499215811.00000006,4.22,4.31,4.2,4.24,9101105.0,38862657.0,4.22,0.4739336492891155,10.0,4.64,False,False,True,78.9162466072121
259,600020.SH,中原高速,0.2586206896551723,13.920454545454541,1.0856709922780934,0.6487142956235069,1.0857359875276464,0.6695029862547677,2247371832.0,3.82,3.87,3.81,3.85,9760699.0,37531652.0,3.82,0.7853403141361293,10.0,4.2,False,False,True,78.86196200077548
260,600662.SH,外服控股,0.17361111111111094,31.29973474801062,1.4470677027309369,0.6437778973954261,1.0176789456216386,1.1942607428037515,2276762040.0,4.27,4.38,4.25,4.35,17504327.0,78635080.0,4.27,1.87353629976581,10.0,4.7,False,False,True,78.84063590538969
261,002352.SZ,顺丰控股,0.2508305647840533,23.997303673744508,1.070178277054492,0.46842225674496396,1.0410047566894027,1.215413269072715,4799115259.0,34.2,34.71,34.12,34.58,27322641.0,956498144.0,34.2,1.1111111111111072,10.0,37.62,False,False,True,78.79022877084141
262,300206.SZ,理邦仪器,0.09558823529411757,38.96457765667576,1.6277602174955739,1.7922578007924277,0.7614477231151306,0.8392962995137967,338379565.0,11.67,11.77,11.4,11.48,5090025.0,59148630.0,11.53,-0.43365134431916363,20.0,13.84,False,False,True,78.78829003489726
263,600655.SH,豫园股份,0.22175732217573227,23.8805970149254,1.181261295363386,0.40290232826894545,1.1291255453478748,1.1291324328713552,3889846273.0,4.53,4.66,4.53,4.64,17696081.0,81730389.0,4.55,1.978021978021971,10.0,5.01,False,False,True,78.7417603722373
264,600033.SH,福建高速,0.2764705882352943,15.555555555555568,1.1854290863545789,0.8766534324442455,0.940142990467185,0.9992444036290172,2744400000.0,3.62,3.66,3.6,3.65,24040698.0,87485242.0,3.62,0.8287292817679592,10.0,3.98,False,False,True,78.72818922062815
265,600273.SH,嘉化能源,0.12115732368896925,25.908372827804094,1.7913402034155026,1.4277693707677823,0.982915564018434,0.8413825739872998,1311309122.0,6.97,7.11,6.96,7.07,15752760.0,111225186.0,7.0,1.0000000000000009,10.0,7.7,False,False,True,78.69716944552152
266,000913.SZ,钱江摩托,0.17189460476787943,29.829829829829823,1.4854349312916029,0.9640524825218352,0.9389832833478624,2.8184888591591717,520102675.0,11.35,12.3,11.25,12.16,14132080.0,168751801.0,11.36,7.042253521126773,10.0,12.5,False,False,True,78.67584335013571
267,000998.SZ,隆平高科,0.24533333333333332,25.442176870748323,0.9896939244078846,1.2552780917973887,0.7890414734358376,1.0861610197142986,1315050546.0,8.25,8.45,8.25,8.43,17929848.0,150379488.0,8.27,1.93470374848852,10.0,9.1,False,False,True,78.60992632803413
268,000550.SZ,江铃汽车,0.24852071005917162,25.83444592790387,1.368237844729996,0.7275457334326281,0.9112903116701392,1.2804632889124727,518463160.0,16.62,17.18,16.55,17.1,4829980.0,82086106.0,16.66,2.6410564225690436,10.0,18.33,False,False,True,78.59829391236914
269,002483.SZ,润邦股份,0.11869436201780402,35.864978902953595,1.8392064000667507,1.0515629480951143,0.9192739163834229,1.170118036911798,885250799.0,5.11,5.18,5.05,5.1,10892593.0,55692229.0,5.14,-0.7782101167315147,10.0,5.65,False,False,True,78.58278402481582
270,000900.SZ,现代投资,0.3434343434343438,20.29411764705882,0.9126024891832802,0.7794603398942339,0.8651888096504522,1.0478164148523137,1517752584.0,3.74,3.78,3.73,3.76,12395961.0,46557985.0,3.74,0.53475935828875,10.0,4.11,False,False,True,78.57115160915085
271,601658.SH,邮储银行,0.3000000000000001,11.777301927194861,0.9921354091736111,0.21477468357044954,1.1219690447491881,1.2956068204690465,72527800605.0,5.12,5.22,5.11,5.22,201818429.0,1047169752.0,5.12,1.953125,10.0,5.63,False,False,True,78.51686700271422
272,601006.SH,大秦铁路,0.2842105263157894,22.779043280182233,1.0521394142824214,0.5880922162525054,0.9797504536893408,1.309126156490002,19862892778.0,4.94,5.06,4.93,5.04,152921810.0,765247885.0,4.93,2.2312373225152227,10.0,5.42,False,False,True,78.48390849166344
273,601018.SH,宁波港,0.3070175438596492,20.58823529411764,0.9389333448032922,0.29947245580330695,1.0332213107192951,1.0791628728392018,19454388399.0,3.4,3.46,3.4,3.45,62872606.0,217711712.0,3.41,1.1730205278592365,10.0,3.75,False,False,True,78.43931756494766
274,601099.SH,太平洋,0.15238095238095234,22.115384615384603,1.2131530309487437,1.5390763559878562,1.0051023161216783,1.035689301176604,6816316370.0,3.44,3.48,3.41,3.45,108652418.0,375279673.0,3.44,0.29069767441860517,10.0,3.78,False,False,True,78.431562621171
275,002926.SZ,,0.2393162393162393,16.216216216216207,1.13662177510773,0.7352453942857101,1.1240351506180501,0.8393567450387384,2625000000.0,8.2,8.34,8.17,8.3,16199746.0,135144847.0,8.24,0.728155339805836,10.0,9.06,False,False,True,78.42962388522682
276,600675.SH,中华企业,0.16666666666666666,33.00000000000001,1.5858709167851037,0.514636208859938,1.0249916444125513,1.0226096013798274,6046135331.0,2.21,2.26,2.2,2.25,31819113.0,71474663.0,2.21,1.8099547511312153,10.0,2.43,False,False,True,78.39375727025978
277,000421.SZ,南京公用,0.15527950310559008,29.9794661190965,1.6715766763095892,1.2443913139896847,0.8689417312205859,0.9368273180428555,574208022.0,5.36,5.46,5.31,5.36,6694001.0,35950312.0,5.37,-0.18621973929235924,10.0,5.91,False,False,True,78.38309422256688
278,003012.SZ,东鹏控股,0.1404011461318052,33.25471698113207,1.6358334892934487,0.7915592138482921,1.0483166901891225,1.5530572083450274,1134585953.0,4.71,4.88,4.68,4.85,13947882.0,67282625.0,4.73,2.5369978858350795,10.0,5.2,False,False,True,78.35982939123691
279,603776.SH,永安行,0.2670454545454544,29.099944781888464,1.5750334908358083,0.8429771079110024,0.6306936638766085,0.7230040840649932,280760572.0,19.03,19.27,18.35,18.37,1711168.0,32235872.0,19.14,-4.0229885057471275,10.0,21.05,False,False,True,78.34431950368361
280,603368.SH,柳药集团,0.2034782608695652,14.225941422594147,1.1841595513660086,1.0296506503445695,1.1233418208820065,0.8675787386225833,397211355.0,15.49,15.67,15.42,15.64,3548301.0,55212750.0,15.51,0.8381689232753065,10.0,17.06,False,False,True,78.33656455990695
281,603899.SH,晨光股份,0.3131046613896218,20.45340050377833,1.1715502228338153,0.454589748382181,0.9811380282460231,1.4027864588506498,915795377.0,23.35,23.81,23.23,23.65,5839957.0,137494598.0,23.41,1.0252029047415512,10.0,25.75,False,False,True,78.30748352074447
282,600626.SH,申达股份,0.11956521739130438,39.6103896103896,1.828385662049066,0.972745649247279,0.8734538077105989,1.1469337011534526,1320744667.0,3.42,3.49,3.39,3.44,12538000.0,43233516.0,3.41,0.8797653958944274,10.0,3.75,False,False,True,78.28227995347034
283,603167.SH,渤海轮渡,0.3211009174311932,9.113607990012484,0.7551757276805388,0.9734525227933822,0.9193833734284881,0.9703520923059608,469144503.0,8.69,8.8,8.67,8.75,4431500.0,38757494.0,8.71,0.4592422502870175,10.0,9.58,False,False,True,78.278402481582
284,601311.SH,骆驼股份,0.2004716981132077,35.343618513323996,1.364147962297404,1.092428287777869,0.6798125544904363,1.3300618404417763,1173146118.0,7.95,8.11,7.92,8.1,17045780.0,137501887.0,7.98,1.5037593984962294,10.0,8.78,False,False,True,78.21054672353625
285,002069.SZ,獐子岛,0.09787234042553189,36.111111111111114,1.6816482062694558,1.5577569820943804,0.956383287673613,0.8402177826687008,710216194.0,3.09,3.18,3.08,3.13,9295701.0,29136667.0,3.11,0.6430868167202508,10.0,3.42,False,False,True,78.16789453276463
286,600009.SH,上海机场,0.17637407711238712,23.757409940720486,1.3151099234159616,0.656055928073076,1.2823778063546118,1.363318881877544,2480218840.0,24.05,24.66,24.05,24.65,18474569.0,457572224.0,24.08,2.3671096345514897,10.0,26.49,False,False,True,78.11942613416053
287,002236.SZ,大华股份,0.11602209944751364,15.95607235142118,1.5869568697483254,1.7830247997888107,1.1386866217522111,1.1472197674384528,2391139515.0,15.99,16.08,15.81,15.85,48911268.0,793028328.0,16.11,-1.6139044072004949,10.0,17.72,False,False,True,78.06708026366809
288,002500.SZ,山西证券,0.28350515463917525,18.049792531120335,0.9944214089585873,0.7359511908794965,1.0388488416392094,1.0206576041130482,3589771547.0,5.34,5.43,5.34,5.4,26964719.0,145438255.0,5.37,0.5586592178770999,10.0,5.91,False,False,True,78.04575416828229
289,002287.SZ,奇正藏药,0.12506738544474394,23.951434878587197,1.788158074119804,0.642283169001292,1.6252915988422465,0.6959603368227218,570989795.0,20.44,20.88,20.33,20.66,2552345.0,53283854.0,20.44,1.0763209393346296,10.0,22.48,False,False,True,78.03024428072897
290,600019.SH,宝钢股份,0.3542600896860986,19.691119691119695,1.224740377259287,0.43880086253180756,0.9401565791741939,1.4153581096411616,21414095749.0,5.97,6.14,5.96,6.12,132994460.0,825922980.0,5.97,2.5125628140703515,10.0,6.57,False,False,True,77.93718495540908
291,688330.SH,宏力达,0.1867232494695361,39.921849560403764,1.732596349996437,0.7134364642857101,0.4309148426259284,0.9820045543148526,140000000.0,32.2,32.88,31.88,32.01,980837.0,31738783.0,32.19,-0.5591798695246952,20.0,38.63,False,False,True,77.87126793330748
292,002267.SZ,陕天然气,0.3031358885017423,23.208722741433018,1.0900533517776032,0.7122854870696245,0.9423386872276003,0.8741531534807059,1112075445.0,7.3,7.41,7.27,7.4,6924300.0,50959777.0,7.29,1.5089163237311354,10.0,8.02,False,False,True,77.86351298953083
293,000972.SZ,中基健康,0.12735849056603774,30.491803278688522,1.4043096247563063,1.224239437619345,1.176718304099372,0.9601627305425915,771283579.0,3.33,3.37,3.23,3.24,9066200.0,29813801.0,3.32,-2.409638554216853,10.0,3.65,False,False,True,77.78208607987591
294,601222.SH,林洋能源,0.24309392265193397,34.47619047619046,1.0808973009668628,1.0569399085435986,0.6818017018219784,0.9131885784014689,2041220156.0,5.69,5.76,5.66,5.73,19701560.0,112735168.0,5.69,0.7029876977152849,10.0,6.26,False,False,True,77.71423032183017
295,002393.SZ,力生制药,0.11528822055137841,25.953627524308164,1.728176835828961,1.3770558794613363,1.1737738958255433,0.705117998582518,300217443.0,14.27,14.58,14.0,14.11,2915072.0,41640031.0,14.29,-1.259622113365988,10.0,15.72,False,False,True,77.71423032183016
296,600050.SH,中国联通,0.26775956284152996,28.498727735368945,0.8068186778304458,0.5498445017754835,1.0247306286904696,1.1861639556642438,30990409152.0,4.42,4.48,4.41,4.48,202121224.0,899646718.0,4.42,1.3574660633484337,10.0,4.86,False,False,True,77.70647537805351
297,605368.SH,蓝天燃气,0.19801980198019814,31.02866779089375,1.3235217625123756,0.7021942005251686,1.0429570296583366,1.0857825290943177,714635915.0,6.73,6.83,6.68,6.73,5448600.0,36777589.0,6.73,0.0,10.0,7.4,False,False,True,77.69290422644436
298,600016.SH,民生银行,0.2469135802469138,15.73770491803279,0.9602734767834727,0.7710373342782915,1.1896864054025207,1.214288570240374,35462123213.0,3.45,3.51,3.44,3.51,332018321.0,1199004683.0,3.45,1.7391304347825987,10.0,3.8,False,False,True,77.66963939511439
299,301585.SZ,蓝宇股份,0.1084977238239757,28.619246861924697,1.7641217786534589,1.680161594703157,1.032859980062844,0.5758632493868457,68111886.0,25.21,25.3,24.73,24.82,659012.0,16492136.0,25.33,-2.0134228187919434,20.0,30.4,False,False,True,77.58627374951531
300,000715.SZ,中兴商业,0.12015503875969011,34.389140271493225,1.77975180558087,1.5315997967262653,0.8607021451520135,1.1480360274067787,486231055.0,4.73,4.85,4.69,4.71,8549555.0,40750417.0,4.73,-0.42283298097252064,10.0,5.2,False,False,True,77.54168282279953
301,002204.SZ,大连重工,0.12618296529968462,36.217303822937616,1.6312026600295542,1.2333716017811707,0.9544298527417145,1.0518383393253579,1931370032.0,5.36,5.45,5.35,5.42,25055809.0,135554541.0,5.37,0.9310986964618184,10.0,5.91,False,False,True,77.52035672741373
302,000090.SZ,天健集团,0.18085106382978716,34.576271186440664,1.421244459412404,0.9911086993637349,0.8863565572606273,0.8397028956327408,1868459934.0,3.27,3.32,3.26,3.29,15550012.0,51305865.0,3.29,0.0,10.0,3.62,False,False,True,77.50872431174874
303,000778.SZ,新兴铸管,0.17857142857142871,29.74504249291785,1.172550475242126,1.3549061313670576,0.9315775366640842,1.238584113475219,3893451290.0,3.81,3.9,3.81,3.85,65338545.0,252157744.0,3.83,0.5221932114882533,10.0,4.21,False,False,True,77.4951531601396
304,600827.SH,百联股份,0.1945392491467575,18.646408839778992,1.3875831151164169,0.821580189925774,1.2447920172958464,1.8334957069393645,1604449920.0,7.79,8.08,7.78,8.05,24168852.0,192951208.0,7.81,3.0729833546735197,10.0,8.59,False,False,True,77.48545948041877
305,300653.SZ,正海生物,0.07072691552062874,37.097980553477925,2.1361285620694765,1.1892555277777728,1.1110542808465804,0.8962465056628914,180000000.0,14.1,14.35,14.0,14.0,1918559.0,27219766.0,14.09,-0.6387508871540049,20.0,16.91,False,False,True,77.4835207444746
306,600618.SH,氯碱化工,0.12203791469194306,37.084673097534825,2.0573138252524545,1.2004844684354294,0.7512356581448101,1.305128781357596,749839976.0,10.4,10.61,10.27,10.55,11748394.0,123440602.0,10.36,1.8339768339768359,10.0,11.4,False,False,True,77.46994959286545
307,600315.SH,上海家化,0.16976917349218162,29.736511919698884,1.6803571114489695,0.8902439771815965,1.0006642946714046,1.412080836884745,672225980.0,18.29,18.88,18.21,18.64,8450529.0,157733224.0,18.22,2.3051591657519355,10.0,20.04,False,False,True,77.45443970531214
308,000166.SZ,申万宏源,0.2885906040268454,13.942307692307686,1.2358312950054022,0.467710621829069,1.1470859893033685,0.8029518884445394,22535507316.0,4.58,4.63,4.56,4.62,84631901.0,396119510.0,4.59,0.6535947712418277,10.0,5.05,False,False,True,77.44474602559131
309,002159.SZ,三特索道,0.08543263964950706,36.43153526970955,1.9210784561581078,2.25051037891961,0.6889048798661562,1.5548788910282516,138486813.0,12.8,13.19,12.78,13.02,4846029.0,63221603.0,12.83,1.480904130943106,10.0,14.11,False,False,True,77.42923613803801
310,600017.SH,日照港,0.32530120481927727,19.83805668016194,0.8458690338436803,1.0532525856173285,0.8773540146590827,1.1163027999641455,3075653888.0,2.74,2.78,2.73,2.78,36161964.0,99790547.0,2.74,1.4598540145985162,10.0,3.01,False,False,True,77.41178751454052
311,300627.SZ,华测导航,0.10692124105011941,27.57966616084979,2.1626115637664753,1.5020784858154395,0.931511769895675,1.0496641710160959,657131856.0,28.48,28.94,28.33,28.51,10342238.0,296241362.0,28.6,-0.3146853146853146,20.0,34.32,False,False,True,77.40597130670803
312,600022.SH,山东钢铁,0.2741935483870966,21.487603305785118,1.1760666923296434,0.9472553720704414,0.9661285283377307,1.4245553061443679,10698849554.0,1.38,1.42,1.37,1.4,144372166.0,201821051.0,1.38,1.449275362318847,10.0,1.52,False,False,True,77.28383094222568
313,002423.SZ,中粮资本,0.16642958748221906,26.591760299625488,1.2487618211091112,0.8554041279119721,1.3042706073353472,0.9322118259608142,2304105575.0,9.14,9.35,9.11,9.28,18373349.0,170345687.0,9.18,1.089324618736387,10.0,10.1,False,False,True,77.2489336952307
314,600467.SH,好当家,0.1811594202898551,28.125,1.4032425299478994,1.6700438073713342,0.7614139332607834,1.1050629685675233,1460994304.0000002,2.17,2.21,2.16,2.17,26962702.0,59018905.0,2.17,0.0,10.0,2.39,False,False,True,77.2489336952307
315,600512.SH,腾达建设,0.16666666666666655,33.33333333333333,1.619746528168512,1.3845615071871815,0.7475485479169499,1.17877339767058,1587405163.0,1.98,2.02,1.98,2.0,25907790.0,51800821.0,2.0,0.0,10.0,2.2,False,False,True,77.24214811942613
316,301339.SZ,通行宝,0.12132352941176473,34.51059535822401,1.6205128584152444,0.9121982713232677,1.2244924005555995,1.2779928913828953,569800000.0,10.88,11.15,10.86,11.05,6642631.0,73421812.0,10.9,1.3761467889908285,20.0,13.08,False,False,True,77.21015897634743
317,002101.SZ,广东鸿图,0.14307228915662654,26.120358514724717,1.6243535378042595,1.1310340116522033,1.159437965922965,0.8627632250663873,662212199.0,8.75,9.03,8.74,8.97,6461963.0,57827290.0,8.76,2.3972602739726234,10.0,9.64,False,False,True,77.20240403257077
318,600210.SH,紫江企业,0.24186046511627893,16.404886561954623,1.2235649627848812,1.2101073283702868,1.0045819083981748,0.9901334279140167,1516736158.0,6.23,6.33,6.21,6.31,18173043.0,114238281.0,6.25,0.9599999999999831,10.0,6.88,False,False,True,77.2004652966266
319,002239.SZ,奥特佳,0.16153846153846146,24.786324786324787,1.6139836935705394,1.6379676627894506,0.8691741794847219,1.1001941237989667,3266152096.0,2.54,2.6,2.53,2.55,58858752.0,150920583.0,2.55,0.0,10.0,2.81,False,False,True,77.17720046529664
320,001289.SZ,龙源电力,0.2734082397003745,31.613324624428472,1.6720764042000051,0.172545035635649,0.8470176694405152,0.6566874727020718,5041934164.0,16.26,16.47,16.15,16.42,5712923.0,93417155.0,16.27,0.92194222495392,10.0,17.9,False,False,True,77.17720046529662
321,300425.SZ,中建环能,0.11616161616161617,38.524590163934434,1.5947153571640222,1.2550107483949797,1.0028191031141793,1.3703993058405608,680738380.9999999,3.88,3.97,3.83,3.85,11707787.0,45562341.0,3.89,-1.0282776349614386,20.0,4.67,False,False,True,77.1403644823575
322,600073.SH,光明肉业,0.18343195266272194,30.176211453744493,1.3851690038721776,0.9747082365349777,1.0300993806754,1.1529141435068118,937729472.0,5.17,5.28,5.15,5.24,10537781.0,55234304.0,5.16,1.5503875968992276,10.0,5.68,False,False,True,77.12873206669252
323,001308.SZ,康冠科技,0.07875894988066828,39.75384615384616,1.88551518680146,0.743839166078354,1.5555728156725916,0.6166772251124635,527325325.0,16.74,17.0,16.63,16.8,2418887.0,41570366.0,16.91,-0.6505026611472453,10.0,18.6,False,False,True,77.04924389298178
324,601949.SH,中国出版,0.23188405797101444,30.42505592841165,1.6323672500787754,0.5628705102212765,0.9421671407521591,1.7240661589521058,1903968054.0,5.24,5.4,5.23,5.36,18476601.0,98659017.0,5.27,1.707779886148031,10.0,5.8,False,False,True,77.0376114773168
325,600970.SH,中材国际,0.23441396508728168,30.3724928366762,1.3620972052421778,0.8194092874949864,0.9496707717922737,0.8890677465415053,2621812924.0,7.91,8.06,7.9,8.03,19100179.0,152651003.0,7.92,1.388888888888884,10.0,8.71,False,False,True,77.00271423032183
326,300859.SZ,西域旅游,0.042387543252595125,33.02364864864864,2.3704985559796468,2.152023290322576,0.8729175269872425,1.463558929584675,155000000.0,25.18,26.14,24.9,24.94,4881900.0,124888980.0,25.15,-0.8349900596421378,20.0,30.18,False,False,True,77.00271423032183
327,002554.SZ,惠博普,0.05691056910569111,39.700374531835216,2.2658649112715863,1.9003207159126938,0.7680171091256247,0.889326706993572,1333469849.9999998,2.81,2.87,2.74,2.78,22535720.0,63106613.0,2.81,-1.067615658362997,10.0,3.09,False,False,True,76.9988367584335
328,600373.SH,中文传媒,0.14885496183206112,27.981651376146765,1.37480675999325,0.9721403116551866,1.3211387314877976,1.148774502117836,1347358719.0,7.32,7.57,7.31,7.53,15046898.0,112749094.0,7.32,2.868852459016402,10.0,8.05,False,False,True,76.97944939899186
329,600925.SH,苏能股份,0.3963963963963962,25.063938618925818,1.2464815993680818,0.6256257212631995,0.8500189180195606,0.7608292002240219,1606048586.0,4.37,4.39,4.31,4.34,7644700.0,33232617.0,4.35,-0.22988505747125743,10.0,4.79,False,False,True,76.9775106630477
330,605008.SH,长鸿高科,0.20659340659340664,25.294117647058822,1.4400880938367688,0.44286692816774,1.2601329838780724,1.2575307508975169,645962414.0,12.01,12.19,11.46,11.65,3597486.0,42429514.0,12.08,-3.5596026490066213,10.0,13.29,False,False,True,76.94649088794107
331,600585.SH,海螺水泥,0.21961184882533186,29.462631253860394,1.327701973505864,0.8070124247194912,1.0299618042323881,1.013473874088301,3977460044.0,18.35,18.67,18.3,18.64,32595310.0,604101403.0,18.34,1.6357688113413316,10.0,20.17,False,False,True,76.94649088794107
332,600858.SH,银座股份,0.10769230769230768,36.915887850467286,1.8848614438064248,1.445406876431168,0.9200059130874532,1.1030555692649546,517548029.0,4.67,4.82,4.66,4.7,8251600.0,39132305.0,4.7,0.0,10.0,5.17,False,False,True,76.94649088794107
333,002661.SZ,克明食品,0.15024630541871906,36.036036036036045,1.641253065133404,1.0276896604347525,0.9306800789042612,1.8769486586838016,308417401.0,7.3,7.67,7.25,7.52,6109399.0,46071434.0,7.27,3.43878954607979,10.0,8.0,False,False,True,76.93679720822023
334,002646.SZ,天佑德酒,0.12723214285714293,33.66013071895424,1.6739373682848668,1.2564695779075246,1.0444580139044315,2.140354931182558,475887499.0,6.67,7.08,6.64,6.86,12797999.0,88209469.0,6.69,2.5411061285500747,10.0,7.36,False,False,True,76.93291973633191
335,603648.SH,畅联股份,0.14814814814814783,24.686716791979933,1.8108742443767878,0.9627632633284416,1.17234012599748,0.7720157986812537,362412800.0,8.45,8.67,8.45,8.5,2693700.0,23901278.0,8.54,-0.4683840749414414,10.0,9.39,False,False,True,76.89414501744864
336,603235.SH,天新药业,0.35931790499390975,21.452301850972955,1.2957571665394967,0.12250842889121849,1.0073551633494646,0.5162129738844945,437780000.0,23.8,24.24,23.8,23.96,276854.0,6664264.0,24.02,-0.24979184013321776,10.0,26.42,False,False,True,76.87088018611864
337,600653.SH,申华控股,0.1944444444444444,28.08219178082192,1.66754114688088,1.0301564357630069,0.9417442742480541,1.0242252587496412,1946380317.0,1.66,1.69,1.65,1.65,20536497.0,34271540.0,1.67,-1.19760479041916,10.0,1.84,False,False,True,76.83404420317953
338,000728.SZ,国元证券,0.21556886227544902,22.070015220700135,1.4615074538175907,0.8023612091305613,1.1450089038960507,0.8871728616092446,4363777891.0,7.27,7.37,7.23,7.31,31062815.0,227227897.0,7.29,0.274348422496562,10.0,8.02,False,False,True,76.82822799534704
339,601319.SH,中国人保,0.25414364640883974,18.23899371069182,1.2777247407779098,0.260443647569193,1.3070859525069862,1.0402939792572372,35497756583.0,7.26,7.42,7.23,7.42,96176897.0,720258449.0,7.28,1.9230769230769162,10.0,8.01,False,False,True,76.79333074835208
340,002065.SZ,东华软件,0.07772020725388604,38.639876352395696,1.8747540359143813,1.4894363453461448,1.096961074268425,0.946691109047545,2945739379.0,6.86,7.04,6.83,6.88,41535990.0,288021191.0,6.92,-0.5780346820809301,10.0,7.61,False,False,True,76.78557580457542
341,002516.SZ,旷达科技,0.10775862068965517,37.42454728370221,1.628907736375302,1.22837315988871,1.1396401959197895,0.6442998752102417,1460498682.0,5.21,5.28,5.13,5.18,11548500.0,60204239.0,5.22,-0.7662835249042099,10.0,5.74,False,False,True,76.74486234974796
342,000529.SZ,广弘控股,0.2073732718894006,31.914893617021267,1.66312251939789,0.8620079700833715,0.9051671997151343,0.7318549633723914,569884377.0,4.67,4.77,4.64,4.69,3595200.0,16941243.0,4.68,0.21367521367523512,10.0,5.15,False,False,True,76.6731291198139
343,600810.SH,神马股份,0.11585365853658534,39.57219251336899,2.0428097936488507,1.2957887228938394,0.7640667838187217,0.7675632290469919,1080753008.0,6.34,6.43,6.33,6.37,10749167.0,68589603.0,6.37,0.0,10.0,7.01,False,False,True,76.66149670414889
344,002540.SZ,亚太科技,0.12244897959183695,32.96460176991152,1.8487528853257253,1.4077709138278895,0.9716876576859921,0.8753483453486783,858201358.0,4.93,5.02,4.9,4.97,10575529.0,52549932.0,4.94,0.6072874493926905,10.0,5.43,False,False,True,76.61496704148895
345,600582.SH,天地科技,0.36269430051813467,30.094786729857837,1.3435971801825624,0.5533371989246565,0.8190587628615064,0.8353277768524766,4138588892.0,4.89,4.97,4.88,4.95,19129300.0,94368254.0,4.92,0.6097560975609762,10.0,5.41,False,False,True,76.56843737882902
346,600027.SH,华电国际,0.26282051282051283,35.944700460829516,1.2579926376725103,0.9014772935528106,0.732401448607391,1.0193049441458595,9215677327.0,4.75,4.81,4.74,4.8,84681040.0,404282205.0,4.75,1.0526315789473717,10.0,5.23,False,False,True,76.52384645211322
347,000987.SZ,越秀资本,0.15748031496062992,28.936170212765955,2.012328227453687,0.8706115398884929,0.9933297017314807,0.8344339165284826,5012547583.0,7.72,7.88,7.68,7.79,36414544.0,283719029.0,7.76,0.3865979381443285,10.0,8.54,False,False,True,76.46956184567662
348,601169.SH,北京银行,0.31481481481481466,11.713665943600859,0.8607740289728077,0.6563156653517804,1.2076713530760725,1.6676962379354212,21142984272.0,5.12,5.22,5.1,5.21,231417398.0,1197992359.0,5.12,1.7578125,10.0,5.63,False,False,True,76.46374563784411
349,600787.SH,中储股份,0.2687224669603525,27.654320987654323,1.1706615674564438,0.9561600423370956,0.9506069195214153,0.9496066322792706,2170079582.0,4.65,4.74,4.65,4.74,19703800.0,92645641.0,4.66,1.7167381974249052,10.0,5.13,False,False,True,76.46180690189996
350,300406.SZ,九强生物,0.17248908296943213,20.981713185755524,1.5805229020041502,1.165002486511256,1.1587305326647583,0.8141723446147846,424283173.0,11.16,11.34,11.09,11.24,4024655.0,45841426.0,11.18,0.5366726296959001,20.0,13.42,False,False,True,76.35323768902674
351,000025.SZ,特  力Ａ,0.18772563176895316,30.72669826224328,1.1645019720881022,1.3193007826908532,0.9792465516366563,2.824530088702805,392778320.0,14.23,15.64,14.13,15.64,14636510.0,223174738.0,14.22,9.985935302391002,10.0,15.64,True,False,True,76.34160527336175
352,000419.SZ,通程控股,0.14453125,33.87470997679816,1.644547574249819,1.3194004690970078,0.9597524165660126,1.109336920006256,543582655.0,4.64,4.78,4.64,4.72,7956200.0,38632208.0,4.68,0.8547008547008517,10.0,5.15,False,False,True,76.32997285769677
353,600369.SH,西南证券,0.32592592592592584,14.516129032258052,1.090359882375952,0.6862759008018905,1.1292369492331236,1.0217558159786417,6645109124.0,4.14,4.19,4.11,4.17,46595930.0,193785186.0,4.16,0.24038461538460343,10.0,4.58,False,False,True,76.31834044203181
354,600217.SH,中再资环,0.16145833333333334,37.90613718411551,1.5017366433137003,0.903628106641304,0.9803064357382009,0.9952450508375896,1657653673.0000002,3.09,3.12,3.06,3.07,14907800.0,46067920.0,3.08,-0.32467532467532756,10.0,3.39,False,False,True,76.3183404420318
355,000717.SZ,中南股份,0.24561403508771948,30.72916666666665,1.6278658026774,0.7662247801766296,0.8974729358594002,1.1803069906798664,2423697090.0,2.2,2.26,2.19,2.22,21919443.0,49026602.0,2.2,0.9090909090909038,10.0,2.42,False,False,True,76.29313687475765
356,600997.SH,开滦股份,0.26206896551724135,29.067245119305852,1.936214987906227,0.7087529950901815,0.759883702518237,0.8826969624507901,1587799851.0,5.39,5.48,5.31,5.39,9933500.0,53629243.0,5.37,0.3724394785847185,10.0,5.91,False,False,True,76.27374951531601
357,603856.SH,东宏股份,0.0950000000000002,29.60222016651248,2.120865611973217,1.752380626035826,0.9863224888385842,0.5295086188543974,282056060.0,11.12,11.22,11.05,11.12,2617200.0,29153646.0,11.13,-0.08984725965859308,10.0,12.24,False,False,True,76.27181077937185
358,002945.SZ,华林证券,0.2102803738317756,29.832935560859198,2.1572838316916987,0.4104092462962906,0.8452932060006013,4.410561864055902,2700000000.0,14.45,15.39,14.37,14.7,48873655.0,725760935.0,14.37,2.2964509394572064,10.0,15.81,False,False,True,76.23885226832107
359,600131.SH,国网信通,0.17936354869816776,39.32253313696614,1.9723118233782304,0.7832767680474249,0.6237796479796751,0.9601113121045851,1195905149.0,15.37,15.7,15.37,15.59,8993600.0,141221495.0,15.44,0.9715025906735786,10.0,16.98,False,False,True,76.2310973245444
360,600098.SH,广州发展,0.23275862068965517,35.384615384615394,1.5491957322945205,0.7897950291885425,0.8553989134647303,0.8802273573801469,3505864981.0000005,6.38,6.49,6.36,6.47,24372745.0,156783265.0,6.39,1.2519561815336422,10.0,7.03,False,False,True,76.20977122915858
361,000800.SZ,一汽解放,0.369158878504673,20.430107526881724,1.0939246322205318,0.335805921170414,1.0871599525404128,1.136666832932055,4920635033.0,6.35,6.49,6.35,6.48,18782037.0,121064311.0,6.37,1.7268445839874413,10.0,7.01,False,False,True,76.20783249321443
362,600928.SH,西安银行,0.35433070866141725,15.506329113924044,1.3041873300630709,0.597498281974514,1.0629867415558611,1.0445202152232025,4423354066.0,3.62,3.69,3.61,3.68,27606110.0,101062397.0,3.61,1.939058171745156,10.0,3.97,False,False,True,76.19038386971694
363,600004.SH,白云机场,0.29487179487179493,21.965317919075144,0.9170380721006417,0.5267723746231726,1.2015487438893588,0.932152618714515,2366718283.0,7.83,7.96,7.8,7.93,11621350.0,91780857.0,7.84,1.1479591836734748,10.0,8.62,False,False,True,76.1874757658007
364,002275.SZ,桂林三金,0.2695473251028808,20.82283795130142,1.4957354340091922,0.4596509077566395,1.162678812930943,0.6918778551202875,564751305.0,13.2,13.38,13.15,13.27,1796035.0,23839339.0,13.22,0.3782148260211615,10.0,14.54,False,False,True,76.12058937572702
365,601900.SH,南方传媒,0.2781456953642384,21.5568862275449,1.5064175883021025,0.830982099037018,1.0109159966090444,1.1517413475668814,881970094.0,11.64,12.03,11.64,11.94,8441128.0,100486287.0,11.7,2.051282051282044,10.0,12.87,False,False,True,76.11865063978286
366,000563.SZ,陕国投Ａ,0.29824561403508754,20.512820512820507,1.1712945560471755,0.944626397265476,1.0194981575325839,1.0860012513539719,5113970358.0,3.07,3.12,3.06,3.11,52462455.0,162516175.0,3.07,1.3029315960912058,10.0,3.38,False,False,True,76.11283443195038
367,002344.SZ,海宁皮城,0.19897959183673475,36.82634730538923,1.7247686000070526,0.7715521003684906,0.8602201470927361,1.1183107495780014,1281450092.0,3.72,3.8,3.69,3.75,11056800.0,41512866.0,3.73,0.536193029490617,10.0,4.1,False,False,True,76.10314075222955
368,002099.SZ,海翔药业,0.14218009478672977,32.4435318275154,1.9715706375054896,1.4140910850558455,0.8358981673818382,0.713019695821526,1616843253.0,5.41,5.5,5.35,5.43,16302223.0,88340456.0,5.47,-0.7312614259597838,10.0,6.02,False,False,True,76.06824350523459
369,600717.SH,天津港,0.2965116279069768,22.27979274611398,1.1128356574161535,0.81214804664489,1.0664056426878175,1.2279333071100864,2894001038.0,4.36,4.48,4.36,4.47,28860820.0,127826409.0,4.37,2.2883295194507935,10.0,4.81,False,False,True,76.06048856145792
370,603568.SH,伟明环保,0.13312368972746327,25.10578279266571,2.0732970983833967,0.5485906175668379,1.4580564835025391,0.6363002099407802,2048457418.0,15.4,15.59,15.2,15.4,7150516.0,109993361.0,15.45,-0.3236245954692518,10.0,17.0,False,False,True,76.03916246607211
371,603102.SH,百合股份,0.10423607805806749,38.368983957219235,2.0409479671651045,1.010965546875,1.0646120115178939,1.177554656713929,64000000.0,32.11,32.95,31.84,32.12,761899.0,25175613.0,32.11,0.031142946122697523,10.0,35.32,False,False,True,76.02753005040712
372,002391.SZ,长青股份,0.1745283018867925,34.728033472803354,1.2867444494370335,1.5022947260844435,0.8483412590135411,1.2975528570778738,464098311.00000006,5.15,5.28,5.15,5.25,9046700.0,47340194.0,5.15,1.9417475728155331,10.0,5.67,False,False,True,75.97324544397053
373,002004.SZ,华邦健康,0.25,20.844327176780997,1.583950085333935,1.286571033375298,0.894485529841704,0.8702056991390608,1885347429.0,4.23,4.32,4.23,4.3,21108000.0,92560514.0,4.25,1.17647058823529,10.0,4.68,False,False,True,75.95579682047305
374,600780.SH,通宝能源,0.21014492753623168,39.56442831215972,1.5390510008652778,1.1058575184661803,0.5640696254269111,0.9012212690664548,1146502523.0,5.96,6.1,5.93,5.98,11426300.0,68569832.0,6.02,-0.6644518272425071,10.0,6.62,False,False,True,75.91120589375727
375,601633.SH,长城汽车,0.1921140939597316,36.3572923935799,1.4943510414553347,0.2950989539860745,1.0903032199832596,1.2258588920359481,6220163678.0,16.6,17.1,16.5,17.02,22501422.0,380128815.0,16.62,2.406738868832714,10.0,18.28,False,False,True,75.8937572702598
376,600023.SH,浙能电力,0.29281767955801075,37.17948717948718,1.5782926758913665,0.3970376033780654,0.739835948916634,1.4882608453387651,13408732749.0,5.14,5.16,5.05,5.07,79231601.0,404199836.0,5.14,-1.3618677042801397,10.0,5.65,False,False,True,75.88212485459482
377,000157.SZ,中联重科,0.29411764705882354,23.273273273273286,1.7774717390554167,0.8932079120319906,0.8439671008326396,0.9472752601104516,7070417363.0,7.58,7.75,7.56,7.73,59823774.0,458378081.0,7.61,1.5768725361366531,10.0,8.37,False,False,True,75.86273749515316
378,300185.SZ,通裕重工,0.1530054644808742,35.43307086614173,1.4944935638763526,1.96072597993181,0.6115425342651181,0.9980086660536355,3846458721.0,2.8,2.84,2.79,2.8,75268332.0,212170697.0,2.82,-0.7092198581560294,20.0,3.38,False,False,True,75.83365645599069
379,600848.SH,上海临港,0.19821162444113252,32.48945147679325,1.9716600559544424,0.4180255292922285,0.9635132242110998,1.4284413003725547,2393912273.0,8.44,8.75,8.36,8.72,14294647.0,122492521.0,8.44,3.31753554502372,10.0,9.28,False,False,True,75.77743311360993
380,603071.SH,物产环能,0.26139088729016785,37.200736648250476,1.2499437371210322,0.5444870622608945,0.9135162827760405,0.7202460113632707,557954442.0,12.02,12.09,11.86,12.02,2188100.0,26222820.0,11.95,0.585774058577404,10.0,13.15,False,False,True,75.77161690577745
381,603508.SH,思维列控,0.16056338028169023,30.70904645476773,1.4084185797207103,1.0927850653861226,1.1848913963400831,0.9598374965884212,381274377.0,22.66,23.09,22.66,23.0,3999172.0,91848685.0,22.73,1.187857457105146,10.0,25.0,False,False,True,75.7619232260566
382,002332.SZ,仙琚制药,0.15743440233236128,12.132822477650063,1.320966383066473,1.4672238395317938,1.4265864530530394,0.6907144491304821,985714191.0,8.34,8.47,8.33,8.43,9989550.0,84966649.0,8.37,0.7168458781362075,10.0,9.21,False,False,True,75.75610701822413
383,601216.SH,君正集团,0.3162790697674421,30.29556650246308,1.5386885004132385,0.7966305974868291,0.8155506017652299,1.2879750979013027,8438017389.999999,4.6,4.78,4.59,4.75,86577465.0,406838345.0,4.74,0.21097046413500742,10.0,5.21,False,False,True,75.74835207444745
384,002373.SZ,千方科技,0.11175616835994202,35.61046511627908,1.8008093515704449,1.603119571518842,0.9868592282722487,1.0982872065268656,1377594126.0,7.62,7.82,7.6,7.75,24255103.0,188119178.0,7.65,1.3071895424836555,10.0,8.42,False,False,True,75.66304769290421
385,002269.SZ,美邦服饰,0.056122448979591774,35.43307086614173,1.9621000491929348,2.3992498749028783,1.0198883121618805,1.321475082063226,2343729075.0,1.37,1.42,1.37,1.38,74309077.0,103996837.0,1.38,0.0,10.0,1.52,False,False,True,75.6533540131834
386,603173.SH,福斯达,0.1136454581832733,36.05653223026542,2.310512282832649,0.9333970000000003,0.9487248356255756,0.4942296793325884,160000000.0,31.74,32.19,31.25,31.35,738100.0,23405093.0,31.85,-1.5698587127158548,10.0,35.04,False,False,True,75.64366033346258
387,002481.SZ,双塔食品,0.16040955631399312,25.40540540540539,1.7768713289222557,1.0764690705007476,1.1640290101901414,0.8676103482630084,1118152600.0,4.17,4.25,4.15,4.18,10443050.0,43933895.0,4.17,0.23980815347721673,10.0,4.59,False,False,True,75.62039550213261
388,000750.SZ,国海证券,0.2993197278911564,17.10914454277286,1.109248125403353,0.9313028926207457,1.1121918382751774,1.0715682714218444,5796203977.0,3.81,3.86,3.79,3.83,57843486.0,221712378.0,3.83,0.0,10.0,4.21,False,False,True,75.61457929430011
389,603759.SH,海天股份,0.05088265835929381,38.96499238964992,2.2008922951087335,1.301060691701312,1.2743643374364941,0.8680380883257859,461760000.0,7.06,7.24,7.06,7.15,5214980.0,37318158.0,7.06,1.2747875354107707,10.0,7.77,False,False,True,75.55835595191935
390,600609.SH,金杯汽车,0.10212765957446818,38.61386138613862,1.7495217976855852,1.3631307150567884,1.1376545684558332,0.9052997973596837,1304558558.0,3.25,3.33,3.25,3.28,16098800.0,53077552.0,3.27,0.3058103975535076,10.0,3.6,False,False,True,75.54672353625436
391,002041.SZ,登海种业,0.1608247422680411,35.87096774193548,1.3253257586199934,1.5075986249999955,0.8954863716578813,1.1898370526475204,880000000.0,8.51,8.75,8.5,8.66,15785411.0,136675451.0,8.53,1.5240328253224078,10.0,9.38,False,False,True,75.5447848003102
392,002511.SZ,中顺洁柔,0.27205882352941163,31.79012345679011,1.1873345749686768,1.118995528057062,0.866757734772935,1.4832591267533894,1265003933.0,7.23,7.52,7.23,7.5,20995800.0,155470829.0,7.22,3.878116343490312,10.0,7.94,False,False,True,75.54090732842187
393,603055.SH,台华新材,0.268221574344023,20.078740157480325,1.8165386435450135,0.8023369643183296,0.9816272367120661,0.7917649365104309,887050942.0000001,8.53,8.75,8.52,8.71,5635100.0,48820743.0,8.54,1.9906323185011843,10.0,9.39,False,False,True,75.5331523846452
394,603043.SH,广州酒家,0.2758620689655172,23.26530612244897,1.7337959885325778,0.6075694196114719,1.0264296376126307,2.032383217501735,562452370.0,13.93,14.38,13.93,14.19,6945240.0,98393708.0,13.93,1.866475233309406,10.0,15.32,False,False,True,75.50407134548274
395,002984.SZ,森麒麟,0.1660231660231659,35.83860759493671,1.352745904716034,1.436678666331982,0.9054042986391888,1.346686596262776,713920189.0,14.34,14.89,14.33,14.72,13812613.0,202868063.0,14.36,2.506963788300842,10.0,15.8,False,False,True,75.49243892981777
396,601007.SH,金陵饭店,0.25081433224755684,29.725085910652904,1.6290013906402905,1.3286142051282002,0.7069396414409216,2.4850724547115353,390000000.0,6.66,6.79,6.59,6.62,12876640.0,86238940.0,6.59,0.4552352048558417,10.0,7.25,False,False,True,75.45366421093448
397,300664.SZ,鹏鹞环保,0.16525423728813549,38.82063882063882,1.7565793208806575,1.324919214596083,0.6874637232852031,0.8789923101599105,725179886.0,4.44,4.5,4.4,4.43,8445400.0,38035867.0,4.46,-0.6726457399103158,20.0,5.35,False,False,True,75.45366421093446
398,002224.SZ,三 力 士,0.14141414141414152,37.85488958990537,1.8740585001503014,1.4256943239152644,0.7776693397279363,0.8770045844702481,806380369.0000001,3.44,3.49,3.41,3.41,10082500.0,34775242.0,3.45,-1.1594202898550732,10.0,3.8,False,False,True,75.35478867778208
399,000869.SZ,张  裕Ａ,0.29781420765027333,25.78534031413613,1.4216325697651906,0.2833825365998755,1.1306217280098363,1.3715239876359842,454935920.0,17.4,17.88,17.35,17.8,1768181.0,31391161.0,17.46,1.9473081328751363,10.0,19.21,False,False,True,75.3373400542846
400,603231.SH,索宝蛋白,0.11288343558282204,30.729927007299285,1.9733255737632445,1.9160699046661935,0.9232971112084531,1.1753696533694673,106265982.0,14.74,15.02,14.53,14.72,2393206.0,35443093.0,14.62,0.6839945280437965,10.0,16.08,False,False,True,75.33346258239628
401,000709.SZ,河钢股份,0.3249999999999998,26.203208556149725,1.42936493416383,0.8832886307242587,0.9138025470492358,1.0325997339469284,10335412398.0,2.13,2.18,2.12,2.15,94267602.0,202876537.0,2.13,0.9389671361502261,10.0,2.34,False,False,True,75.32570763861962
402,600361.SH,创新新材,0.2321428571428572,36.417910447761194,1.2491391901288027,1.2788821161360469,0.7603510495130225,1.0574665022442657,3732662913.0,3.74,3.8,3.73,3.75,50479600.0,190341890.0,3.74,0.2673796791443861,10.0,4.11,False,False,True,75.29856533540132
403,600968.SH,海油发展,0.25974025974025977,28.74617737003058,2.111567840130895,0.49835527563980037,0.813737874117596,1.2583727920356433,10165104199.0,3.92,3.99,3.82,3.88,63747068.0,248116701.0,3.87,0.2583979328165231,10.0,4.26,False,False,True,75.29468786351299
404,301370.SZ,国科恒泰,0.13043478260869587,33.2065906210393,1.9126065151169385,0.9333012798510971,1.2045171660799388,0.8761552549961221,470600000.0,8.52,8.72,8.49,8.59,3443900.0,29673603.0,8.55,0.46783625730992817,20.0,10.26,False,False,True,75.25979061651805
405,002228.SZ,合兴包装,0.06077348066298347,38.65248226950355,2.073907314187032,1.904481605564225,1.0363152730979819,0.931757093533913,1209321709.0,3.02,3.1,3.02,3.04,21459586.0,65855291.0,3.04,0.0,10.0,3.34,False,False,True,75.25882124854596
406,603194.SH,中力股份,0.25150100066711156,19.060773480662995,1.4562437832031216,1.1359468244500814,1.0649153410606016,1.0271947266274664,158026913.0,34.77,35.73,34.65,35.37,1843919.0,65228145.0,34.81,1.6087331226658952,10.0,38.29,False,False,True,75.2500969367972
407,002311.SZ,海大集团,0.29645335389360045,23.88392857142858,1.2093478663984711,0.6619668982138118,1.1508351664667682,0.784722817325355,1654037596.0,47.5,49.5,47.5,49.08,8576153.0,419834614.0,48.01,2.228702353676315,10.0,52.81,False,False,True,75.23070957735557
408,600390.SH,五矿资本,0.2420091324200911,20.495495495495476,1.4067419265850902,0.8829198321366586,1.222598236654327,1.0134900989849704,4498065459.0,4.94,5.05,4.94,5.0,40250062.0,201305332.0,4.97,0.6036217303823088,10.0,5.47,False,False,True,75.21713842574641
409,601166.SH,兴业银行,0.3866906474820142,14.233576642335755,0.971861690513926,0.5117511146519275,1.2241367322454575,1.4554836369774768,21162859513.0,18.58,19.1,18.54,19.1,157630580.0,2983174091.0,18.59,2.74341043571813,10.0,20.45,False,False,True,75.1958123303606
410,002157.SZ,正邦科技,0.16260162601625994,36.29629629629629,1.4493883053040872,1.5736911741273334,0.8394628286911734,0.8755004906078132,7787671445.000001,2.89,2.97,2.89,2.91,107295998.0,313903293.0,2.9,0.34482758620690834,10.0,3.19,False,False,True,75.19193485847228
411,000858.SZ,五 粮 液,0.12473385379701918,34.003522160258306,1.4882845861627279,1.0130606721897515,1.63212631431446,1.8540183155315415,3881513391.0,75.1,78.84,75.01,78.56,72903867.0,5681290332.0,75.17,4.509777836903028,10.0,82.69,False,False,True,75.11244668476155
412,002996.SZ,顺博合金,0.1310975609756097,31.533101045296164,1.9627819077849051,1.9417891311770323,0.7869295363271267,0.6710599945220188,458377491.0,6.14,6.25,6.08,6.12,5972920.0,36813592.0,6.17,-0.8103727714748765,10.0,6.79,False,False,True,75.11244668476152
413,601901.SH,方正证券,0.27999999999999997,22.063492063492074,1.08888546235959,0.8695365947931145,1.1794868173386397,0.7999892664455638,8232101395.000001,6.96,7.04,6.95,7.03,57264139.0,405621490.0,7.0,0.4285714285714226,10.0,7.7,False,False,True,75.09887553315238
414,603325.SH,博隆技术,0.09875074360499696,32.04914618908787,1.737018184157615,1.9729165203959793,1.140325202839628,0.4764192489390664,34183200.0,53.09,53.54,52.21,52.38,321300.0,16959755.0,53.0,-1.16981132075471,10.0,58.3,False,False,True,75.07754943776658
415,301185.SZ,鸥玛软件,0.1892450879007239,32.211882605583384,1.3990339584027844,1.6448286319299905,0.8443287467392073,1.2756252524484182,140470363.0,15.67,16.21,15.62,15.83,2947328.0,47103537.0,15.8,0.18987341772152,20.0,18.96,False,False,True,75.06203955021327
416,601688.SH,华泰证券,0.3188044831880448,22.805017103762836,1.583219562435072,1.0495937375704831,0.8783131109655373,1.6423864146059222,7306758106.0,19.54,19.81,19.09,19.28,125956709.0,2489385491.0,19.73,-2.2807906741003525,10.0,21.7,False,False,True,75.0601008142691
417,601098.SH,中南传媒,0.3393393393393396,21.420882669537143,0.7927162872349081,0.6138179287305071,1.1939005230002895,1.1332478544870044,1796000000.0,10.49,10.67,10.42,10.63,12493117.0,132405292.0,10.42,2.0153550863723613,10.0,11.46,False,False,True,75.06010081426909
418,002818.SZ,富森美,0.3650000000000002,17.05882352941177,0.9527530395025547,1.1598547829202432,0.9819654716924915,2.0086243642429427,298357191.0,10.9,11.19,10.9,11.17,6950865.0,77266858.0,10.93,2.1957913998170264,10.0,12.02,False,False,True,75.02132609538582
419,600248.SH,陕建股份,0.22222222222222235,35.52123552123552,1.4336338712842671,0.5211737175619485,1.0808305040122461,0.9163999977797729,3705739286.0,2.91,2.97,2.9,2.95,17698744.0,52098632.0,2.91,1.3745704467353903,10.0,3.2,False,False,True,74.99224505622335
420,600616.SH,金枫酒业,0.15600000000000003,35.616438356164394,1.756438065927955,1.139889577797588,0.9808030994021101,1.3862134913939603,669004950.0,4.03,4.18,4.02,4.11,10571150.0,43552325.0,4.04,1.7326732673267342,10.0,4.44,False,False,True,74.98642884839086
421,601966.SH,玲珑轮胎,0.2175324675324675,35.0453172205438,1.250595448862688,0.7973883297622846,1.0726517680100245,1.2686149297713734,1463502683.0,11.24,11.57,11.23,11.54,14804482.0,169733719.0,11.27,2.395740905057675,10.0,12.4,False,False,True,74.95347033734005
422,605009.SH,豪悦护理,0.14528668610301254,36.54404646660214,1.6430446373325232,0.7484475176130335,1.248777200375876,1.0128470400593939,214957453.0,23.65,24.3,23.46,23.9,1630003.0,39155228.0,23.65,1.0570824524312794,10.0,26.02,False,False,True,74.93602171384258
423,600127.SH,金健米业,0.19133574007220197,35.98409542743537,1.1695055199341877,1.8376763475918698,0.6383991751079771,1.2492680961199394,641783218.0,5.53,5.64,5.49,5.51,14733741.0,81907771.0,5.56,-0.8992805755395628,10.0,6.12,False,False,True,74.92632803412175
424,603797.SH,联泰环保,0.18012422360248445,37.845303867403324,1.6907869221846532,0.9857664305796423,0.9067543220137546,0.9288448637155751,576605190.0,3.89,3.97,3.85,3.91,5279536.0,20684797.0,3.91,0.0,10.0,4.3,False,False,True,74.91663435440094
425,000516.SZ,国际医学,0.16455696202531647,23.03664921465969,1.598511457519297,1.4755402510082605,1.134068988467248,0.7817117446343017,2204748361.0,4.22,4.31,4.18,4.22,25430607.0,107920318.0,4.21,0.23752969121140222,10.0,4.63,False,False,True,74.89918573090344
426,600570.SH,恒生电子,0.09233097880928365,38.87225548902195,1.9207899245554632,1.532889253392165,1.0825658385637413,1.7529102669852763,1893647942.0,21.58,22.59,21.55,22.25,50882648.0,1131678177.0,21.87,1.7375400091449444,10.0,24.06,False,False,True,74.89724699495929
427,600305.SH,恒顺醋业,0.2905982905982905,18.75,1.133659433566712,0.8178121919550265,1.245846176030072,1.5570698532127094,1102959908.0,6.9,7.07,6.89,7.07,14044989.0,98705355.0,6.92,2.1676300578034713,10.0,7.61,False,False,True,74.86622721985265
428,600269.SH,赣粤高速,0.21604938271604915,16.266666666666673,1.3730600279283354,1.013453488326291,1.4144567033044002,1.0424430856596183,2335407014.0,4.12,4.19,4.11,4.17,24672818.0,102474228.0,4.1,1.7073170731707332,10.0,4.51,False,False,True,74.84877859635517
429,002186.SZ,全 聚 德,0.1406685236768802,38.47102342786683,1.7887436786810178,1.2174633365978484,0.9512764196097273,2.333259892313306,306801588.0,9.2,9.47,9.1,9.2,8715185.0,81454968.0,9.12,0.8771929824561431,10.0,10.03,False,False,True,74.83520744474603
430,300289.SZ,利德曼,0.05555555555555547,35.645472061657024,2.4566284098184075,1.4143376234775547,1.1500099625748503,0.7485686257169955,543156487.0,5.51,5.66,5.43,5.47,5750554.0,31875959.0,5.55,-1.4414414414414378,20.0,6.66,False,False,True,74.8255137650252
431,600927.SH,永安期货,0.22764227642276408,35.94276094276092,1.6259128447414626,0.44595840132489306,1.0073201306044368,1.089376353565386,1450444656.0,12.91,13.22,12.91,13.17,7046500.0,92552590.0,13.0,1.3076923076922986,10.0,14.3,False,False,True,74.81194261341604
432,001390.SZ,古麒绒材,0.08510638297872332,30.981595092024538,1.9752930563305278,1.698561701644011,1.326154282508477,0.43581713432680613,118779250.0,17.81,17.88,17.5,17.58,879278.0,15569543.0,17.7,-0.6779661016949157,10.0,19.47,False,False,True,74.74214811942615
433,002441.SZ,众业达,0.14473684210526308,39.24581005586594,2.0183952415400106,1.370876927555707,0.6665078686803921,0.8906868815289609,398964279.0,7.7,7.76,7.58,7.66,4871442.0,38323504.0,7.71,-0.6485084306095956,10.0,8.48,False,False,True,74.72082202404033
434,002911.SZ,佛燃能源,0.25461254612546125,31.939978563772776,1.5969142866433856,0.6286407940182944,1.0234412442908498,1.0024003725494202,1267038001.0,11.35,11.68,11.3,11.66,7984237.0,92385007.0,11.4,2.280701754385972,10.0,12.54,False,False,True,74.69174098487785
435,001322.SZ,箭牌家居,0.11678832116788328,38.39285714285716,1.9153418878264195,0.7177532521700636,1.34005413445064,0.7967715571281642,785611975.0,6.03,6.17,6.01,6.11,4492800.0,27383340.0,6.08,0.49342105263159297,10.0,6.69,False,False,True,74.6723536254362
436,601318.SH,中国平安,0.2895260852250101,26.085069444444443,1.0500614097589105,0.8633469522317315,1.1341675132100355,1.150080926644991,10660065083.000002,53.12,54.83,53.12,54.83,105845797.0,5834022322.0,53.35,2.774133083411434,10.0,58.69,False,False,True,74.60062039550212
437,601766.SH,中国中车,0.3515358361774744,21.11553784860558,1.2021013458806675,0.81093575756733,1.0886228887291196,1.474009854119406,24327798048.0,6.05,6.22,6.04,6.2,290796811.0,1822581121.0,6.05,2.4793388429752206,10.0,6.66,False,False,True,74.59480418766964
438,600741.SH,华域汽车,0.37118644067796597,22.531293463143264,1.0980100319101058,0.6126169702142831,1.1337008132934119,0.8367748155719312,3152723984.0,16.57,16.96,16.46,16.92,16161571.0,271536161.0,16.57,2.112251056125536,10.0,18.23,False,False,True,74.59286545172547
439,002073.SZ,软控股份,0.16551724137931031,38.08553971486761,1.509504946642054,1.5335063825002233,0.8264886518014887,1.774621281600518,1014010853.0,5.65,5.84,5.64,5.82,27595221.0,159677067.0,5.63,3.374777975133214,10.0,6.19,False,False,True,74.58220240403259
440,000686.SZ,东北证券,0.2011494252873561,22.070844686648506,1.637919276060878,1.176098768045496,1.1548176314893321,0.8230608081811877,2340452915.0,8.0,8.12,7.96,8.1,22655603.0,182621432.0,8.04,0.7462686567164312,10.0,8.84,False,False,True,74.55602946878635
441,000897.SZ,津滨发展,0.13725490196078424,36.02484472049687,1.6020401217011362,1.7379376377098588,0.9185734978140755,0.9427483890863618,1617241634.0,1.74,1.79,1.73,1.74,26497500.0,46467572.0,1.75,-0.5714285714285672,10.0,1.93,False,False,True,74.44746025591316
442,000523.SZ,红棉股份,0.17277486910994766,39.99999999999999,1.5132275440920278,1.2073659278000521,0.9019613769452658,2.370078758089289,1794818054.0000002,2.81,3.03,2.81,2.88,51359658.0,149138684.0,2.83,1.7667844522968101,10.0,3.11,False,False,True,74.38832880961613
443,600583.SH,海油工程,0.21643835616438356,35.92436974789916,1.6741855025868702,1.048635717947808,0.8656794293151161,0.8764145175073275,4421354800.0,5.63,5.69,5.5,5.66,40634000.0,228933462.0,5.55,1.981981981981984,10.0,6.11,False,False,True,74.36021713842575
444,002327.SZ,富安娜,0.3797468354430377,26.779661016949152,1.1539068560696986,1.036716632656447,0.9063513336174006,1.0741374995855932,490983369.0,6.5,6.62,6.48,6.6,5467474.0,35955689.0,6.5,1.538461538461533,10.0,7.15,False,False,True,74.34276851492827
445,600523.SH,贵航股份,0.1389290882778583,35.88235294117648,1.4759121624339884,1.3109184203467372,1.1738113866696598,0.727846278717918,404044620.0,11.18,11.32,10.97,11.06,3855180.0,42932539.0,11.16,-0.8960573476702427,10.0,12.28,False,False,True,74.32531989143078
446,600161.SH,天坛生物,0.13802816901408457,31.48316651501364,1.7442417408264042,0.8463648539000852,1.698735802359362,0.9548764929016338,1977371446.0,12.37,12.77,12.37,12.73,15980600.0,203799383.0,12.46,2.1669341894061,10.0,13.71,False,False,True,74.30011632415665
447,600738.SH,丽尚国潮,0.14622641509433962,33.14447592067991,1.8596189619440697,1.3364788528081202,1.0250509153058793,1.2446298647082261,760666196.0,3.83,3.96,3.82,3.87,12653085.0,49509671.0,3.84,0.78125,10.0,4.22,False,False,True,74.29817758821248
448,600916.SH,中国黄金,0.10403120936280894,33.23353293413174,1.8724752411693857,1.9343244910714237,1.0688991082884003,0.9681616288499165,1680000000.0,7.5,7.67,7.46,7.52,31462011.0,240711085.0,7.48,0.53475935828875,10.0,8.23,False,False,True,74.24195424583172
449,603877.SH,太平鸟,0.3409461663947798,26.347826086956516,1.663790072909767,0.40334988722918097,1.0203378890611596,1.1300728274332381,469323560.0,13.53,13.9,13.5,13.79,2139246.0,29468982.0,13.59,1.471670345842524,10.0,14.95,False,False,True,74.23807677394339
450,300439.SZ,美康生物,0.14120370370370355,35.37675606641124,1.683710391284336,1.3154351487788054,1.0927122557501865,0.8874410436229699,292332051.0,8.45,8.61,8.4,8.52,3412600.0,29049653.0,8.44,0.9478672985782088,20.0,10.13,False,False,True,74.21675067855757
451,688708.SH,佳驰科技,0.11129373092275169,31.600094540297796,2.3871116508640906,1.2165828744405573,1.0494605087706417,1.1064889525842891,142743950.0,46.62,47.33,45.5,47.2,1921527.0,89606901.0,47.05,0.31880977683316214,20.0,56.46,False,False,True,74.21287320666924
452,603668.SH,天马科技,0.08133472367049002,38.1094527363184,2.1736229486016097,1.7096987688722303,1.0114882559361302,0.8261574988345033,505796732.0,10.73,10.95,10.65,10.84,7144280.0,76998844.0,10.83,0.09233610341643494,10.0,11.91,False,False,True,74.18766963939512
453,001914.SZ,招商积余,0.2347140039447733,33.62944162436548,1.5273490421325195,0.7980231632482735,1.0481786970408915,0.7193546861643935,1053719483.0,9.05,9.24,9.02,9.15,6049000.0,55320897.0,9.07,0.8820286659316334,10.0,9.98,False,False,True,74.17991469561846
454,301275.SZ,汉朔科技,0.10589519650655026,27.961963505525578,2.361782956908333,1.798927324261304,0.9483917610263417,1.2086777875910302,300859233.0,42.54,43.98,42.31,42.74,6541653.0,281712342.0,42.54,0.4701457451810054,20.0,51.05,False,False,True,74.08103916246608
455,300384.SZ,三联虹普,0.13201320132013214,34.47636700648751,2.0183959041440946,1.5321205773386666,0.9108293782866181,1.146825164184421,220381842.0,11.95,12.17,11.87,12.16,3872273.0,46779092.0,11.99,1.4178482068390341,20.0,14.39,False,False,True,74.07328421868941
456,603100.SH,川仪股份,0.19130434782608696,31.750924784217037,1.988400536292081,1.0125386273941681,0.9344473114845931,0.9019242116224929,511539166.0,18.27,18.54,18.15,18.32,4671545.0,85788695.0,18.2,0.659340659340657,10.0,20.02,False,False,True,74.07134548274526
457,600576.SH,祥源文旅,0.07999999999999999,27.499999999999993,2.130343592155895,2.3346423117016983,1.1144636383810302,0.6676890253408826,660390083.0,5.51,5.64,5.4,5.45,10294260.0,56846084.0,5.54,-1.6245487364620947,10.0,6.09,False,False,True,74.0189996122528
458,002662.SZ,峰璟股份,0.13513513513513525,37.91946308724834,2.3994587427115825,1.1188384640313094,0.7275241937600705,0.6854158908647294,1499981099.9999998,3.16,3.21,3.13,3.16,11502900.0,36485277.0,3.18,-0.6289308176100628,10.0,3.5,False,False,True,74.01706087630865
459,002063.SZ,远光软件,0.1978021978021978,37.090163934426236,1.5006016919334428,1.6411939486539597,0.6928906423958282,0.965163416797476,1769109143.0,5.4,5.5,5.38,5.39,28023049.0,152480679.0,5.42,-0.5535055350553542,10.0,5.96,False,False,True,73.94532764637457
460,600335.SH,国机汽车,0.2286821705426356,32.08791208791209,1.7109449701139727,0.8021795767107132,1.0538029044221289,1.2230020772413155,1487456892.0,5.12,5.33,5.12,5.27,14592953.0,76689239.0,5.14,2.529182879377423,10.0,5.65,False,False,True,73.90461419154711
461,600406.SH,国电南瑞,0.31313131313131315,31.2793979303857,1.6129576651248965,0.8992918548886394,0.8833461813730172,1.0542120301456925,8008176162.0,23.88,24.36,23.8,24.32,75921057.0,1828389776.0,23.93,1.629753447555382,10.0,26.32,False,False,True,73.89492051182629
462,000597.SZ,东北制药,0.2374429223744294,24.44987775061125,1.6542013912376519,1.0064238355053354,1.1228888071022476,0.8617456945702964,1409203737.0,4.61,4.66,4.5,4.56,12221762.0,55993276.0,4.61,-1.0845986984815759,10.0,5.07,False,False,True,73.89104303993797
463,000513.SZ,丽珠集团,0.23482658959537578,14.745211420310799,1.3942562227005921,1.253135813253172,1.2967164223452847,0.9411960474272684,567651788.0,30.9,31.4,30.7,31.01,6695149.0,207886153.0,30.92,0.2910737386804696,10.0,34.01,False,False,True,73.84257464133385
464,000589.SZ,贵州轮胎,0.3000000000000002,24.750000000000007,1.3741474191669658,1.4633996086850471,0.8796996599669268,1.145493308479938,1544110704.0,4.35,4.41,4.33,4.38,25884151.0,113278015.0,4.36,0.4587155963302614,10.0,4.8,False,False,True,73.83675843350136
465,688198.SH,佰仁医疗,0.10417768376520356,35.42666666666665,2.181567942721055,0.6479987282295825,1.7311351016933045,0.6565191154015687,137748133.0,81.46,83.49,80.31,81.15,586013.0,47916212.0,80.91,0.29662588060810346,20.0,97.09,False,False,True,73.82900348972471
466,603589.SH,口子窖,0.12203585887796412,32.95389869095049,2.0038054913287064,1.063736092510958,1.3195113769365328,3.2460852468749786,598119472.0,19.65,21.48,19.5,20.78,20652934.0,428875797.0,19.68,5.589430894308944,10.0,21.65,False,False,True,73.7689026754556
467,002461.SZ,珠江啤酒,0.39634146341463444,39.622641509433954,1.2206605087304,0.37495526195008794,0.8091630618784653,1.238221882282662,2213328480.0,8.71,8.88,8.64,8.87,10275993.0,90541744.0,8.72,1.7201834862385246,10.0,9.59,False,False,True,73.75533152384645
468,600612.SH,老凤祥,0.20957361222847953,25.783053082756346,1.6289146955796376,0.6570374573613496,1.5233615774596811,1.5825159721195152,317109630.0,35.55,36.89,35.55,36.71,3297218.0,120523624.0,35.54,3.292065278559364,10.0,39.09,False,False,True,73.75145405195813
469,002376.SZ,新北洋,0.23885350318471346,32.48175182481749,1.2580402812979325,1.3937346551426635,0.9324879527144441,0.8134729510798123,787464555.0,6.2,6.29,6.18,6.18,8928001.0,55748872.0,6.23,-0.8025682182985716,10.0,6.85,False,False,True,73.71849554090733
470,600729.SH,重百集团,0.16864784546805345,18.64695849914726,1.195791226264239,1.994462425960409,1.1804098597943553,1.840610492633755,192482844.0,19.77,20.46,19.71,20.39,7066100.0,149062547.0,19.86,2.6686807653575118,10.0,21.85,False,False,True,73.71655680496316
471,002035.SZ,华帝股份,0.208835341365462,35.26682134570767,1.516518263565605,1.2130186818737942,0.986455230436094,1.0697573955096964,782037666.9999999,4.8,4.91,4.8,4.87,10148000.0,49410828.0,4.83,0.8281573498964745,10.0,5.31,False,False,True,73.40635905389686
472,603676.SH,卫信康,0.15864527629233524,34.398976982097174,1.859079496503671,0.6164376329247829,1.352850316463676,0.8679965148172921,435161500.0,8.73,8.9,8.65,8.78,2328400.0,20453243.0,8.71,0.8036739380022695,10.0,9.58,False,False,True,73.40248158200852
473,300636.SZ,同和药业,0.15105740181268884,28.968903436988526,1.8034619525277318,1.7678148439064716,1.0006490985303398,1.0162438720530382,367310277.0,6.61,6.73,6.58,6.68,6598843.0,44024763.0,6.61,1.0590015128592922,20.0,7.93,False,False,True,73.40054284606437
474,301166.SZ,优宁维,0.06547619047619045,33.947258267057336,2.248509899314746,2.2513194147910953,1.0601601835533923,1.3215977468832885,56420468.0,24.66,25.05,24.28,24.42,1678700.0,41367093.0,24.66,-0.9732360097323589,20.0,29.59,False,False,True,73.39472663823186
475,300869.SZ,康泰医学,0.0864765409383624,35.470941883767516,1.9199777882266686,1.7142146813810524,1.3597328795860335,0.8111068508524357,263734916.0,10.86,11.05,10.82,10.87,3667000.0,40119470.0,10.92,-0.45787545787546735,20.0,13.1,False,False,True,73.30166731291199
476,300021.SZ,大禹节水,0.08880308880308879,29.213483146067396,2.106398801878776,2.0327734634657726,1.2138853570131949,0.575442764000332,873233219.0,3.78,3.83,3.75,3.77,10214600.0,38746773.0,3.79,-0.527704485488123,20.0,4.55,False,False,True,73.25319891430789
477,603858.SH,步长制药,0.26359143327841833,20.866425992779767,1.5596209932498144,0.7327008368793895,1.425733358993525,0.9938289325775151,1054568442.0,15.33,15.69,15.21,15.44,7679149.0,119949448.0,15.45,-0.06472491909385036,10.0,17.0,False,False,True,73.23381155486622
478,600682.SH,南京新百,0.10421286031042123,34.51676528599605,2.2963564127549363,1.5297497717633164,1.0204849851300173,0.6964594912889608,1164060275.0,5.51,5.64,5.47,5.55,12402000.0,68869685.0,5.54,0.18050541516245744,10.0,6.09,False,False,True,73.22024040325707
479,601019.SH,山东出版,0.38831615120274926,21.077654516640255,1.3672642686264755,0.5001290310987538,1.2420804552663829,1.1333283080357024,2086900000.0,7.4,7.61,7.4,7.6,11828766.0,89114529.0,7.44,2.1505376344086002,10.0,8.18,False,False,True,73.20666925164792
480,603809.SH,豪能股份,0.06184486373165617,39.42307692307692,2.458704371062683,1.4932482820037107,1.1064886959329354,1.2407296481156491,920288807.0,9.26,9.26,8.99,9.09,17050351.0,155280696.0,8.91,2.020202020202011,10.0,9.8,False,False,True,73.14656843737883
481,603967.SH,中创物流,0.30129870129870123,36.08949416342413,1.6315651898576398,0.804898947464549,0.8563732565651668,0.9127637733738252,346666710.0,11.44,11.6,11.38,11.58,2546900.0,29345277.0,11.44,1.2237762237762295,10.0,12.58,False,False,True,73.14462970143467
482,600740.SH,山西焦化,0.2026431718061674,35.87301587301588,2.062702163777926,1.2741736529138339,0.6561222832927434,0.7679798065254356,2562121154.0,3.61,3.67,3.56,3.62,25071371.0,90867656.0,3.61,0.27700831024930483,10.0,3.97,False,False,True,73.13299728576969
483,600132.SH,重庆啤酒,0.3197997775305896,34.52292441140023,1.45644861362145,0.8042942361210466,0.9340643333090173,1.6908897399699778,483971198.0,46.1,47.75,45.9,47.35,6581877.0,310720570.0,46.1,2.711496746203901,10.0,50.71,False,False,True,73.05544784800311
484,002223.SZ,鱼跃医疗,0.17836812144212516,24.309392265193374,1.510641996356451,1.3972036768733531,1.345253260914879,0.8897319074758246,942293319.0,27.22,27.73,27.14,27.56,11713994.0,326785847.0,27.29,0.9893733968486584,10.0,30.02,False,False,True,73.02055060100814
485,600380.SH,健康元,0.23284823284823267,20.044052863436136,1.5758582770437042,1.020745764440041,1.3883018744906517,0.8156651266763759,1829453386.0,10.2,10.35,10.07,10.24,15231786.0,155696708.0,10.2,0.39215686274509665,10.0,11.22,False,False,True,73.00310197751065
486,600157.SH,永泰能源,0.2753623188405799,26.490066225165563,1.4683110470508276,2.052766217580719,0.6219379509095515,1.0289359121840544,21817764145.0,1.59,1.62,1.57,1.58,460827152.0,732593938.0,1.6,-1.2499999999999956,10.0,1.76,False,False,True,73.00310197751065
487,601500.SH,通用股份,0.2544378698224853,33.52272727272727,1.4634708274181771,0.9414758831429046,1.0482627027445244,1.0484762941180237,1583000735.0,3.95,4.03,3.94,4.01,15626040.0,62408454.0,3.95,1.5189873417721378,10.0,4.35,False,False,True,72.96820473051571
488,605338.SH,巴比食品,0.1668765743073049,38.79781420765027,1.9824209503834802,0.895697979045176,0.9714968873797397,1.8547397670442465,239566662.0,19.07,20.09,18.91,19.28,3979889.0,77865635.0,19.12,0.8368200836819994,10.0,21.03,False,False,True,72.9468786351299
489,300172.SZ,中电环保,0.15708812260536406,36.842105263157876,1.433313297223893,2.3799690149451944,0.7200157278013188,1.0520968667545905,523512387.0,4.36,4.44,4.33,4.37,13108530.0,57525962.0,4.4,-0.6818181818181834,20.0,5.28,False,False,True,72.85769678169834
490,000028.SZ,国药一致,0.3716337522441652,18.07486631016042,1.7669547047467464,0.7233154147559215,1.0840513944164063,0.7758590908586606,525859082.0,20.69,21.06,20.67,21.0,2951073.0,61735620.0,20.77,1.1073663938372613,10.0,22.85,False,False,True,72.84024815820085
491,002724.SZ,海洋王,0.1496062992125985,35.836909871244636,2.1027443267130637,1.3910992182791269,0.8891536128503036,0.8236489156555519,566478289.0,5.19,5.3,5.17,5.24,6490580.0,34051278.0,5.23,0.19120458891013214,10.0,5.75,False,False,True,72.77626987204343
492,600694.SH,大商股份,0.3436123348017618,23.592906707787197,1.3229298904093052,1.0066070781748178,1.0958293133857715,1.2319612412739458,378793611.0,14.46,14.77,14.46,14.67,4697423.0,68840804.0,14.53,0.9635237439779898,10.0,15.98,False,False,True,72.77433113609926
493,600479.SH,千金药业,0.33486238532110113,19.550561797752806,1.2980381815451492,1.48423714858832,0.9742519627921348,0.8492365323086032,418507117.0,9.6,9.75,9.56,9.68,5275150.0,51030740.0,9.63,0.5192107995846129,10.0,10.59,False,False,True,72.71423032183016
494,601801.SH,皖新传媒,0.3807531380753139,27.7056277056277,1.5448703315557843,0.5979943998411169,1.0766999668529276,1.6025635925716972,1957931237.0,5.54,5.7,5.51,5.69,18763326.0,106089343.0,5.53,2.893309222423146,10.0,6.08,False,False,True,72.70259790616518
495,002399.SZ,海普瑞,0.2453987730061348,28.117647058823536,1.770370053470407,0.46701253945688487,1.3278812300126925,0.8343211070014931,1247201704.0,9.65,9.82,9.52,9.58,4859577.0,46932684.0,9.7,-1.2371134020618513,10.0,10.67,False,False,True,72.6851492826677
496,688016.SH,心脉医疗,0.2742483660130718,27.457098283931348,1.6843958396148593,1.4180573014172675,0.891807681956344,0.8827843512612609,123262117.0,93.48,94.76,91.9,92.89,1543043.0,143964307.0,93.82,-0.9912598593050492,20.0,112.58,False,False,True,72.67739433889105
497,603658.SH,安图生物,0.35271317829457344,19.58836053938966,1.4164487359148303,0.549090952249373,1.3887011085870964,1.1366259570045871,571424768.0,32.73,33.52,32.63,33.45,3566325.0,118392758.0,32.73,2.199816681943201,10.0,36.0,False,False,True,72.66963939511439
498,300294.SZ,博雅生物,0.11814946619217083,31.74486803519061,1.9762290681780919,1.471045525948342,1.3093515357156884,0.8384251324377806,504248738.0,15.22,15.67,15.21,15.56,6219210.0,96257596.0,15.3,1.6993464052287521,20.0,18.36,False,False,True,72.65606824350523
499,300888.SZ,稳健医疗,0.25344517675254646,23.421667965705396,1.6479182139877253,0.7729558362844459,1.3704715991846093,1.1460209115656042,580360952.0,30.16,30.86,29.62,30.45,5140974.0,159003149.0,29.89,1.87353629976581,20.0,35.87,False,False,True,72.65412950756107
500,603049.SH,中策橡胶,0.3900057438253877,16.86182669789227,1.3722614790443532,0.640023342140048,1.326548252497956,1.047088752444294,504980262.0,49.3,50.56,49.11,50.18,3384182.0,169741380.0,49.49,1.3942210547585265,10.0,54.44,False,False,True,72.62698720434277
501,002299.SZ,圣农发展,0.3137651821862349,28.744939271255056,1.5734926288364655,0.9710734870863241,1.0162395629005843,0.9282637406242387,1218599736.0,16.32,16.79,16.23,16.7,10984608.0,182637098.0,16.37,2.0158827122785494,10.0,18.01,False,False,True,72.6250484683986
502,000407.SZ,胜利股份,0.1773700305810398,36.79775280898876,1.708716269702549,1.757336035046115,0.7765789814943297,0.8746340682061491,875782212.0,3.89,3.96,3.85,3.9,13461000.0,52600520.0,3.91,-0.2557544757033292,10.0,4.3,False,False,True,72.60759984490113
503,002732.SZ,燕塘乳业,0.1336696090794452,37.385512073272274,2.043583990374097,1.193900858056037,1.0777467383182942,2.702899369393696,157062585.0,12.97,13.67,12.97,13.23,5068400.0,67651317.0,13.07,1.224177505738333,10.0,14.38,False,False,True,72.50096936797208
504,000008.SZ,神州高铁,0.13986013986013998,32.258064516129046,2.3971142875743583,1.4011628652006058,0.8806211285150001,0.7432595408773136,2716296952.0,2.36,2.39,2.33,2.35,28288268.0,66796143.0,2.37,-0.8438818565400852,10.0,2.61,False,False,True,72.49321442419543
505,600332.SH,白云山,0.35106382978723366,17.99053129931614,1.2532134773322643,0.8772347285379625,1.3108614110992227,1.0181980873672647,1405890949.0,21.66,21.93,21.54,21.87,12557400.0,277444088.0,21.65,1.0161662817552042,10.0,23.82,False,False,True,72.44668476153547
506,002333.SZ,罗普斯金,0.329113924050633,22.687224669603534,1.8026747352045387,1.149153326852245,0.9377694370301441,0.9307705262554282,666502712.9999999,5.28,5.39,5.27,5.29,7128900.0,38013052.0,5.32,-0.5639097744360999,10.0,5.85,False,False,True,72.41372625048469
507,600871.SH,石化油服,0.09756097560975618,36.363636363636374,2.3132491632617045,1.4604693158443502,1.1031619206044692,0.8831422014763061,13547012351.0,2.22,2.3,2.19,2.22,174729648.0,390412045.0,2.2,0.9090909090909038,10.0,2.42,False,False,True,72.40791004265219
508,600559.SH,老白干酒,0.15589353612167306,28.505106778087285,1.7481017441985032,1.4769035255156127,1.2617397679060476,2.498322780884863,914747444.0,11.96,12.7,11.92,12.51,33752184.0,421480071.0,12.0,4.249999999999998,10.0,13.2,False,False,True,72.37689026754556
509,603213.SH,镇洋发展,0.33255269320843095,14.721586575133493,1.3367326300301545,0.9177429229797769,1.3887214210401007,0.5902061946252318,444893635.0,13.61,13.74,13.54,13.6,2409800.0,32884693.0,13.67,-0.5120702267739641,10.0,15.04,False,False,True,72.33423807677394
510,002032.SZ,苏 泊 尔,0.3617957746478873,23.582707740098364,1.6416467031030624,0.268699466026871,1.2402534822857105,2.0749251718535624,799557283.0,43.0,44.94,42.69,44.94,4457782.0,196456575.0,42.74,5.147402901263454,10.0,47.01,False,False,True,72.33229934082978
511,300908.SZ,仲景食品,0.21899736147757234,30.37634408602148,1.7921359521388431,1.082569945470827,1.0898442027443367,1.9889369732225062,122992524.0,16.46,16.88,16.34,16.66,2648230.0,64173766.0,16.54,0.7255139056832061,20.0,19.85,False,False,True,72.32842186894145
512,603170.SH,宝立食品,0.31793960923623427,24.97652582159624,1.867977372470244,0.7485944601384925,1.0534018257611737,4.398226761103957,400010000.0,12.39,13.68,12.37,13.17,13170282.0,176561665.0,12.44,5.86816720257235,10.0,13.68,True,False,True,72.31485071733229
513,600710.SH,苏美达,0.34195933456561917,34.408602150537625,1.8442596455446243,0.8857042979212745,0.7521591812636331,0.97742523353702,1306749434.0,11.0,11.32,10.95,11.19,11312657.0,125738105.0,11.08,0.9927797833934937,10.0,12.19,False,False,True,72.29158588600232
514,600272.SH,开开实业,0.07334109429569274,31.08384458077711,2.123980115304839,2.2096394062500004,1.3247486838407494,0.7335472907549212,160000000.0,10.41,10.59,10.27,10.3,2593400.0,27058908.0,10.41,-1.056676272814594,10.0,11.45,False,False,True,72.26250484683985
515,600782.SH,新钢股份,0.2707182320441988,26.556016597510368,1.5865225887868588,1.5072828384750885,0.9417629302708855,1.1462087838211916,3145652149.0,2.89,2.97,2.88,2.96,54346200.0,160388281.0,2.9,2.0689655172413834,10.0,3.19,False,False,True,72.24699495928654
516,300070.SZ,碧水源,0.22754491017964074,26.114649681528658,1.3361612924760942,1.3017695672075198,1.2905401810542676,0.8628208108435801,3477748047.0,3.51,3.57,3.5,3.56,39061853.0,138559989.0,3.52,1.1363636363636465,20.0,4.22,False,False,True,72.23148507173323
517,688278.SH,特宝生物,0.18331346841477944,23.2,1.9324722296411843,1.0234889443990525,1.4262811106885371,0.7377296743323275,408189480.0,57.36,59.04,56.8,57.89,3082068.0,178258530.0,57.69,0.3466805338880219,20.0,69.23,False,False,True,72.157813105855
518,000795.SZ,英洛华,0.0909090909090908,27.728983688833118,2.1502212739289135,2.132461025652472,1.2806176217343472,0.5363795883025632,1116249027.0,8.3,8.47,8.28,8.39,12767752.0,107243628.0,8.37,0.2389486260454099,10.0,9.21,False,False,True,72.15199689802249
519,600179.SH,安通控股,0.36127167630057805,20.14563106796117,1.7231569842715608,1.159033491705777,0.9806563115962056,0.8649034376249698,3862278495.0,4.32,4.47,4.31,4.36,38717490.0,170546106.0,4.34,0.4608294930875667,10.0,4.77,False,False,True,72.10158976347422
520,000507.SZ,珠海港,0.3560606060606058,19.56043956043958,1.441234341601,1.51197510295441,0.9420769246172723,0.8619788181878492,902354455.0,5.0,5.08,4.97,5.05,11760300.0,59318072.0,5.02,0.5976095617529875,10.0,5.52,False,False,True,72.0918960837534
521,301206.SZ,三元生物,0.2588369441277081,27.328029948525966,1.4961714972880915,1.1362464039183284,1.18475321931348,1.2971401855509552,130283123.0,23.58,23.82,23.04,23.22,1920205.0,44892821.0,23.64,-1.7766497461929043,20.0,28.37,False,False,True,72.06669251647925
522,001205.SZ,盛航股份,0.17103235747303536,28.065843621399168,1.4072071008115994,2.173884426083124,1.0403670571325907,1.8380914179685441,166484329.0,13.25,13.99,13.21,13.38,6652378.0,91091371.0,13.26,0.9049773755656076,10.0,14.59,False,False,True,72.0317952694843
523,688563.SH,航材股份,0.14432668329177062,35.49289711579855,2.1811289544395525,1.8364117407374383,0.7118697770083858,0.849357990672231,135542674.0,50.88,51.74,50.67,51.24,1917841.0,98288534.0,51.09,0.29359953024075125,20.0,61.31,False,False,True,72.01046917409849
524,301267.SZ,华厦眼科,0.22342995169082105,26.503496503496503,1.7846663525303748,0.8703337476515648,1.3514278564672357,0.9495053210696668,648444383.0,16.02,16.62,16.01,16.58,5358657.0,87933912.0,16.15,2.6625386996903977,20.0,19.38,False,False,True,71.993020550601
525,688505.SH,复旦张江,0.13852813852813847,25.37993920972643,1.9642195074306197,1.2380379274671724,1.9950753537841084,0.6766630759970604,710572100.0000001,7.19,7.3,7.07,7.14,5952708.0,42726575.0,7.22,-1.1080332409972304,20.0,8.66,False,False,True,71.92322605661109
526,300022.SZ,吉峰科技,0.1526946107784431,39.08205841446453,1.940752183675339,1.8606299591939657,0.7063355356943559,0.7196720225171357,494225980.0,7.67,7.83,7.6,7.78,6617900.0,51085850.0,7.7,1.0389610389610393,20.0,9.24,False,False,True,71.9115936409461
527,600621.SH,华鑫股份,0.17606602475928484,26.825127334465204,1.8547579637888927,1.4030228469602894,1.1893576582582044,0.755744532670514,1060899292.0,13.01,13.28,12.98,13.18,11249000.0,150015038.0,13.06,0.9188361408882129,10.0,14.37,False,False,True,71.87281892206282
528,300158.SZ,振东制药,0.08793103448275874,35.123042505592835,2.2423856167456093,2.0781531303659317,1.0601071746027826,0.7209514756359728,991685242.0,4.94,5.03,4.85,4.86,14857900.0,73315768.0,4.98,-2.409638554216864,20.0,5.98,False,False,True,71.85730903450951
529,002644.SZ,佛慈制药,0.24269662921348314,28.054298642533947,1.7616041894485561,1.1223469373767467,1.1239903641885285,0.8381979288903865,510657000.0,7.67,7.84,7.64,7.66,4804000.0,37180179.0,7.71,-0.6485084306095956,10.0,8.48,False,False,True,71.82628925940287
530,600757.SH,长江传媒,0.39024390243902407,14.226519337016574,1.3974598345974496,0.8865363562388284,1.3102846775297072,0.9054063763903137,1213497103.0,8.04,8.15,8.01,8.14,9740446.0,78844941.0,8.04,1.2437810945273853,10.0,8.84,False,False,True,71.80690189996123
531,601089.SH,福元医药,0.10386612810155794,35.60209424083769,2.270409869598919,1.0415103229166631,1.521332141444265,0.5526193426371364,480000000.0,17.09,17.36,16.82,17.06,2762682.0,47165670.0,17.08,-0.11709601873536313,10.0,18.79,False,False,True,71.78945327646373
532,002007.SZ,华兰生物,0.28205128205128194,23.549488054607504,1.4770553357876741,0.9006548733429135,1.4164507954434717,1.0422078526425855,1573543054.0000002,13.22,13.54,13.22,13.48,14770370.0,197912549.0,13.26,1.6591251885369473,10.0,14.59,False,False,True,71.75455602946879
533,603205.SH,健尔康,0.08770491803278692,36.17782319877363,1.6951266719136833,2.319404813739713,1.3241213476225755,0.894526986434,41340000.0,20.6,20.84,20.34,20.42,857710.0,17638626.0,20.64,-1.0658914728682078,10.0,22.7,False,False,True,71.72741372625048
534,600713.SH,南京医药,0.22285714285714267,18.599562363238498,1.7117356995313986,1.3475042510635022,1.308634389749064,0.6029241874875929,1289813712.0,4.94,5.0,4.9,4.95,10479000.0,52806085.0,4.96,-0.20161290322580072,10.0,5.46,False,False,True,71.65180302442808
535,002601.SZ,龙佰集团,0.2971372161895362,33.16251830161055,1.742603386848471,1.2155858658098178,0.8698611783532287,0.7631094685490182,1979780012.0,16.58,16.79,16.33,16.78,18364936.0,304604079.0,16.67,0.6598680263947276,10.0,18.34,False,False,True,71.58394726638232
536,600109.SH,国金证券,0.37333333333333346,22.6790450928382,1.6655085715127989,0.9236620989105185,1.0919515221470328,1.0046410361406821,3705364910.0,8.59,8.81,8.59,8.73,34383891.0,299277379.0,8.66,0.8083140877598094,10.0,9.53,False,False,True,71.57231485071733
537,000812.SZ,陕西金叶,0.1428571428571429,38.25503355704698,1.799051313750823,1.6997194360896881,0.9797512635599229,3.200324766028299,756129681.0,3.34,3.69,3.32,3.49,41130840.0,144331329.0,3.37,3.5608308605341366,10.0,3.71,False,False,True,71.50639782861575
538,300119.SZ,瑞普生物,0.2158498435870699,31.63191948238677,1.6870827811992632,1.3073273449889244,1.0997893953671454,2.292233851812551,338529850.0,16.0,17.1,15.9,16.73,10144724.0,169530944.0,15.98,4.693366708385471,20.0,19.18,False,False,True,71.48119426134161
539,603309.SH,维力医疗,0.20643939393939387,37.76744186046513,1.65971558855582,1.416313621363221,0.9228621327487534,1.0494906925737466,291871418.0,11.8,11.98,11.75,11.88,4338400.0,51415613.0,11.84,0.33783783783785104,10.0,13.02,False,False,True,71.44435827840249
540,600600.SH,青岛啤酒,0.38319238900634245,26.102256261643554,1.1106132487091478,0.9636389159717939,1.1922678701335432,2.139511225688953,709125943.0,55.72,57.75,55.47,57.45,14620165.0,835140227.0,55.56,3.4017278617710645,10.0,61.12,False,False,True,71.40364482357504
541,301103.SZ,何氏眼科,0.09430051813471506,38.41379310344828,2.1105316263066105,1.776431237561822,1.1519964588200544,0.7633041782422859,121633616.0,15.4,15.8,15.27,15.48,1649300.0,25659137.0,15.41,0.454250486696961,20.0,18.49,False,False,True,71.3551764249709
542,600496.SH,精工钢构,0.17687074829931992,37.04918032786886,1.6982112665760698,1.435337154818434,1.0222150935389036,0.9573900356279037,1990125599.0,3.3,3.37,3.29,3.3,27347858.0,91021878.0,3.31,-0.30211480362538623,10.0,3.64,False,False,True,71.33772780147343
543,600182.SH,S佳通,0.20744680851063815,22.093981863149214,1.8476814884023256,1.369195617647054,1.23922299419688,0.583425420820825,170000000.0,12.91,13.03,12.78,12.87,1358000.0,17498839.0,12.91,-0.30983733539892144,10.0,14.2,False,False,True,71.32997285769679
544,300320.SZ,海达股份,0.12356979405034307,35.46666666666667,2.319185293375884,1.8958820331757338,0.8398230637186573,0.5946947172633962,486538621.0,8.04,8.12,7.89,7.98,5485582.0,44133981.0,8.04,-0.7462686567163979,20.0,9.65,False,False,True,71.32221791392013
545,688687.SH,凯因科技,0.04641856742697079,39.08281998631076,2.115035047350341,2.260805971194537,1.295052109076372,0.5697145023404919,170944422.0,16.07,16.07,15.45,15.5,2201788.0,34615456.0,15.77,-1.7121116043119833,20.0,18.92,False,False,True,71.30476929042264
546,601860.SH,紫金银行,0.3888888888888888,12.083333333333336,0.9863958439847375,1.390036252784101,1.1989503264577062,1.3986251726165537,3551687961.0,2.61,2.67,2.61,2.67,69048723.0,183186541.0,2.61,2.298850574712641,10.0,2.87,False,False,True,71.28344319503684
547,600062.SH,华润双鹤,0.3206611570247936,18.193979933110384,1.3859086696560703,0.9884927173443341,1.46231663481362,2.4820915158548598,1038225388.0,16.5,16.66,16.0,16.23,25473165.0,416206742.0,16.89,-3.9076376554174064,10.0,18.58,False,False,True,71.26211709965102
548,301335.SZ,天元宠物,0.09081253319171538,39.33121019108281,2.1630670037848017,1.867925392405566,1.0971858681407864,2.069117926845372,88390447.0,20.56,21.66,20.36,21.11,3412734.0,72487845.0,20.55,2.7250608272505916,20.0,24.66,False,False,True,71.19426134160527
549,300760.SZ,迈瑞医疗,0.2007015785517414,33.76533209905115,1.5515533125998844,0.9787588535116194,1.4167816213104003,1.4988298248152445,1211304108.0,153.78,160.73,153.04,160.35,17769746.0,2840604819.0,153.66,4.353768059351815,20.0,184.39,False,False,True,71.1923226056611
550,601336.SH,新华保险,0.25846463291987937,21.188193269411528,1.517253709040598,1.3380906874040221,1.299354703555676,0.7988936533596748,2085439340.0,60.44,61.13,59.78,60.64,22293183.0,1397271950.0,60.9,-0.42692939244662886,10.0,66.99,False,False,True,71.17293524621947
551,002936.SZ,郑州银行,0.36000000000000015,12.804878048780498,1.0367888397353426,1.3850461198859845,1.261253308888018,1.1109416272009727,7029435959.0,1.81,1.85,1.81,1.85,108162310.0,198517510.0,1.82,1.6483516483516425,10.0,2.0,False,False,True,71.13997673516866
552,002807.SZ,江阴银行,0.3921568627450979,13.698630136986312,1.1103578650421237,1.4651882643282748,1.1423352730112533,1.479017586275163,2703506366.0000005,4.04,4.13,4.03,4.12,58586043.0,240575372.0,4.05,1.7283950617283939,10.0,4.46,False,False,True,71.05273361768128
553,000882.SZ,华联股份,0.11965811965811958,30.708661417322823,1.7677302131534671,2.471367009915515,1.1275320560811348,1.116217553091964,2735636141.0,1.41,1.45,1.39,1.4,75464800.0,107283291.0,1.41,-0.7092198581560294,10.0,1.55,False,False,True,71.04982551376501
554,600697.SH,欧亚集团,0.09468223086900134,38.36956521739132,2.0009656886156852,2.460033744590497,0.9959359024466505,1.0260177216747686,155376015.0,9.96,10.22,9.9,10.01,3921750.0,39595580.0,9.93,0.8056394763343411,10.0,10.92,False,False,True,71.01202016285382
555,300979.SZ,华利集团,0.21171032357473046,32.11367673179395,1.9232182925404673,0.2790977420736875,1.5954297586505612,1.72029918970287,1167000000.0,34.92,36.38,34.81,35.55,5603136.0,206815469.0,35.02,1.5134209023415002,20.0,42.02,False,False,True,70.9480418766964
556,002233.SZ,塔牌集团,0.24210526315789452,29.793510324483783,1.781677034201931,0.958992631135382,1.238182577265659,1.0941889452847553,1173623408.0,7.45,7.7,7.41,7.68,12315055.0,94984468.0,7.47,2.8112449799196693,10.0,8.22,False,False,True,70.93447072508724
557,600859.SH,王府井,0.14661654135338345,37.000000000000014,1.6889951011587523,1.5776183046092656,1.1464810891782842,1.4973450295717492,1123828064.0,10.15,10.49,10.12,10.42,26547504.0,275902473.0,10.17,2.4582104228122015,10.0,11.19,False,False,True,70.9208995734781
558,601375.SH,中原证券,0.3728813559322033,15.44715447154472,1.2286511547593046,1.3985916889756964,1.1748686513232578,1.0955677328886964,3447519699.9999995,4.11,4.18,4.11,4.14,52824687.0,220125996.0,4.13,0.2421307506053294,10.0,4.54,False,False,True,70.90345094998061
559,002086.SZ,东方海洋,0.1345029239766082,31.21019108280254,1.9734409872570489,2.394383729060422,0.9445647560955831,0.9067503971193652,1580971270.0,1.8,1.84,1.77,1.78,34324600.0,62112817.0,1.8,-1.1111111111111072,10.0,1.98,False,False,True,70.89763474214813
560,002670.SZ,国盛证券,0.08062130177514792,21.719038817005544,2.4448232638194165,1.9894687274320488,1.6741928950493354,1.2706929464681462,1623350634.0000002,11.81,12.45,11.8,12.17,41038367.0,500726761.0,11.91,2.183039462636449,10.0,13.1,False,False,True,70.8065141527724
561,600211.SH,西藏药业,0.15352112676056354,25.185185185185176,1.731792983337264,1.5966380109734408,1.656275783406831,0.7949665221659148,322319196.0,36.9,38.07,36.77,37.62,4091113.0,158180931.0,37.02,1.6207455429497308,10.0,40.72,False,False,True,70.79294300116325
562,600327.SH,大东方,0.16473988439306364,33.66336633663367,1.8923994820474164,1.4835701135658477,1.1031118987165611,0.9399051501431341,884779518.0,3.58,3.66,3.54,3.55,12337500.0,44434557.0,3.6,-1.388888888888895,10.0,3.96,False,False,True,70.7842186894145
563,600333.SH,长春燃气,0.25671641791044764,27.935222672064764,1.4326568420815848,2.0203893864894287,0.9228735597528203,0.8096176324420877,609030684.0,5.77,5.84,5.71,5.72,9962176.0,57479228.0,5.76,-0.694444444444442,10.0,6.34,False,False,True,70.7793718495541
564,603187.SH,海容冷链,0.21922428330522747,34.06193078324227,1.5258933762422937,1.425685450959332,1.0901002307171228,1.9353985047744358,382361891.00000006,12.22,12.74,12.19,12.58,10550395.0,132444744.0,12.28,2.442996742671011,10.0,13.51,False,False,True,70.74253586661496
565,600057.SH,厦门象屿,0.3253968253968256,31.647940074906366,1.6524472314966083,0.9247748987277978,1.061203445621999,1.3771287246201054,2092510164.0,6.56,6.72,6.53,6.71,26648830.0,177187560.0,6.57,2.130898021308969,10.0,7.23,False,False,True,70.7134548274525
566,600731.SH,湖南海利,0.1700879765395895,38.36978131212723,1.989987982396201,1.4912266391245825,0.8991775097540478,1.899671097630293,541682665.0,5.63,5.87,5.63,5.84,15345004.0,89159188.0,5.61,4.099821746880572,10.0,6.17,False,False,True,70.70569988367583
567,688389.SH,普门科技,0.24758220502901376,37.60683760683763,1.7963283121696947,0.639175253280892,1.122948702362753,0.6692605881516909,428485730.0,10.63,10.86,10.6,10.82,1832954.0,19739838.0,10.64,1.6917293233082775,20.0,12.77,False,False,True,70.63590538968592
568,603237.SH,五芳斋,0.31818181818181823,38.74999999999999,1.915567740633346,0.7321788141703489,0.8516436131145874,0.9561308519714783,189806926.0,14.25,14.34,14.0,14.17,1328760.0,18869941.0,14.24,-0.49157303370787053,10.0,15.66,False,False,True,70.5990694067468
569,600587.SH,新华医疗,0.23110465116279072,22.3008849557522,1.5564778761835807,1.42102386219578,1.3965878988064897,0.7912473195778679,606644549.0,12.87,13.08,12.78,13.0,6820998.0,88365345.0,12.89,0.853374709076804,10.0,14.18,False,False,True,70.59713067080266
570,002749.SZ,国光股份,0.239171374764595,35.91455273698263,1.5016347749786108,0.7016204569522995,1.4304260409062495,1.6640122028614164,544316897.0,8.76,9.19,8.76,9.1,6354927.0,59128313.0,8.76,3.8812785388127935,10.0,9.64,False,False,True,70.51376502520357
571,300314.SZ,戴维医疗,0.0929678188319427,34.42069741282339,2.140071258378168,2.4877302613509173,1.0708369892344318,0.9533545335935756,143741448.0,9.58,9.8,9.52,9.61,3409100.0,33035450.0,9.67,-0.6204756980351611,20.0,11.6,False,False,True,70.50988755331525
572,002588.SZ,史丹利,0.24181360201511334,35.786802030456855,1.564566782285726,1.6128888267593768,0.9063816614055636,0.9736607578910522,858636570.0000001,8.8,9.04,8.8,9.02,13484085.0,120974081.0,8.84,2.036199095022617,10.0,9.72,False,False,True,70.45948041876697
573,600862.SH,中航高科,0.17641996557659212,29.18429003021148,1.993067005020979,1.5681555653873962,1.0898869340653936,0.8506120099159095,1393049107.0,18.51,19.08,18.49,18.9,18581770.0,350176504.0,18.6,1.612903225806428,10.0,20.46,False,False,True,70.33927879022878
574,600133.SH,东湖高新,0.23201856148491876,38.718662952646255,1.705595704938429,1.6579749514620192,0.7718004970122074,1.8292416110959402,1066239875.0,8.12,8.78,8.12,8.16,32337315.0,270547362.0,8.18,-0.24449877750610804,10.0,9.0,False,False,True,70.28402481582009
575,002187.SZ,广百股份,0.11985018726591756,37.74834437086092,1.9528126532365566,1.842677471322563,1.1220241689218247,1.75883854930159,700894633.0,5.19,5.4,5.12,5.21,22715800.0,120062699.0,5.17,0.7736943907156624,10.0,5.69,False,False,True,70.26948429623884
576,002991.SZ,甘源食品,0.16375457131247464,35.64225053078556,1.596710162096684,1.7395974975300204,1.1203377862041615,1.9025022290451052,49933706.0,41.7,43.24,41.62,42.35,1652600.0,71629876.0,41.71,1.534404219611596,10.0,45.88,False,False,True,70.21907716169058
577,300239.SZ,东宝生物,0.11111111111111102,28.923766816143505,2.130832621963097,2.1878500470215787,1.214378239244086,0.5432351212293699,589777015.0,4.69,4.77,4.64,4.7,7009600.0,32985535.0,4.72,-0.4237288135593098,20.0,5.66,False,False,True,70.16091508336565
578,000919.SZ,金陵药业,0.14609571788413098,27.865961199294542,1.6461420240893119,2.240015102152953,1.238345947397018,0.787458419609023,621717978.0,6.22,6.31,6.14,6.19,10966600.0,68280267.0,6.25,-0.9599999999999942,10.0,6.88,False,False,True,70.15122140364481
579,002139.SZ,拓邦股份,0.1165413533834586,32.61851015801356,1.833365112649825,2.221478199671512,1.2593284459124772,0.5922824132910716,1071089847.0,9.79,9.92,9.72,9.75,14092784.0,138343495.0,9.79,-0.40858018386107364,10.0,10.77,False,False,True,70.12020162853818
580,000906.SZ,浙商中拓,0.26063829787234055,38.21138211382114,1.521392921090435,1.159989049618412,1.0319812710464316,0.6931722120348891,703701505.0,5.38,5.47,5.36,5.41,5658268.0,30700816.0,5.41,0.0,10.0,5.95,False,False,True,70.09887553315238
581,603866.SH,桃李面包,0.3080568720379148,33.98328690807799,1.5898513367533673,0.880437988504295,1.132619633429248,1.3813356133375831,1599719155.0,4.24,4.38,4.21,4.35,19455470.0,84206326.0,4.24,2.594339622641506,10.0,4.66,False,False,True,70.07367196587825
582,002145.SZ,钛能化学,0.2536585365853661,22.73838630806846,2.05262432686697,1.495553421393973,0.9859441381599284,0.7563080717461061,3806474258.000001,4.58,4.65,4.55,4.58,43054997.0,198818431.0,4.61,-0.6507592190889477,10.0,5.07,False,False,True,70.06979449398992
583,688065.SH,凯赛生物,0.26839126919967665,31.475326003579653,2.1091432757742634,0.9547096869719471,0.9879749744383716,0.9607433282084881,583378039.0,45.82,46.28,44.88,46.03,5350924.0,244454166.0,45.75,0.6120218579235059,20.0,54.9,False,False,True,70.03489724699497
584,600356.SH,恒丰纸业,0.19254658385093174,36.26373626373627,1.9228860986029797,1.7032283096822802,0.871248367932452,2.637920759617375,298731378.0,7.95,8.41,7.92,8.23,13421945.0,110219376.0,7.9,4.177215189873418,10.0,8.69,False,False,True,69.98061264055836
585,601601.SH,中国太保,0.24537037037037032,34.72017673048602,1.4283672947766077,0.9031080995841785,1.4542331059392157,1.0923431163726132,6845041455.0,31.82,32.93,31.82,32.8,67526602.0,2198999413.0,31.93,2.724710303789535,10.0,35.12,False,False,True,69.93796044978674
586,002707.SZ,众信旅游,0.10690423162583527,37.82608695652174,2.0326842320608765,2.183170853920392,1.0771067701703454,1.1413539350985233,865278032.0,5.1,5.23,5.04,5.05,21560744.0,110798416.0,5.08,-0.5905511811023723,10.0,5.59,False,False,True,69.93602171384258
587,600918.SH,中泰证券,0.28225806451612906,23.51738241308794,1.3145644713601004,1.176674704277323,1.7307370261523776,0.7324995814296169,4562824063.0,5.57,5.66,5.57,5.65,39327607.0,221228254.0,5.59,1.073345259391778,10.0,6.15,False,False,True,69.88949205118263
588,002120.SZ,韵达股份,0.28571428571428586,30.247933884297517,1.1468542580670569,1.3748898042418647,1.227168395659675,0.8891360689732629,2815129913.0,6.82,6.94,6.8,6.89,34413953.0,236612242.0,6.83,0.8784773060029227,10.0,7.51,False,False,True,69.87979837146182
589,603099.SH,长白山,0.17947774917248974,20.29464822609741,1.919015072688607,2.1232050230165735,1.1060802560788359,1.572526153258563,272355860.0,37.6,39.05,37.6,37.96,9093405.0,350032032.0,37.76,0.5296610169491567,10.0,41.54,False,False,True,69.87592089957349
590,300144.SZ,宋城演艺,0.13533834586466165,32.379248658318424,1.9115400618863994,1.6570543211941604,1.3889335295465717,1.2418643898807546,2581597994.0,6.11,6.33,6.11,6.23,53137325.0,331905231.0,6.13,1.6313213703099683,20.0,7.36,False,False,True,69.86622721985266
591,600597.SH,光明乳业,0.3436426116838488,24.83333333333333,1.5266954688633183,0.8201567351006005,1.5137332310832627,1.5302130304870787,1378455363.0,6.97,7.13,6.91,7.1,17299815.0,122267753.0,7.0,1.4285714285714235,10.0,7.7,False,False,True,69.84683986041101
592,600037.SH,歌华有线,0.20165745856353598,34.918032786885256,1.762466829782215,1.3918457587733828,1.1290077794489872,0.9713535723560156,1391777884.0,6.77,6.98,6.76,6.95,18816480.0,130227892.0,6.83,1.7569546120058677,10.0,7.51,False,False,True,69.70531213648701
593,000888.SZ,峨眉山Ａ,0.1639097744360902,36.854460093896726,1.8212034761630567,1.7901557228690752,1.0089996424534273,1.1516803692755873,526913102.0,9.6,9.92,9.58,9.64,10863300.0,106006804.0,9.61,0.3121748178980255,10.0,10.57,False,False,True,69.6839860411012
594,003000.SZ,劲仔食品,0.3149171270718233,17.4331550802139,1.41339434141799,1.6040225339653016,1.2069755146496126,2.1297594888189155,308060295.0,10.49,10.91,10.42,10.74,10523901.0,114454979.0,10.49,2.3832221163012424,10.0,11.54,False,False,True,69.64521132221792
595,601717.SH,中创智领,0.18610421836228289,36.89604685212298,1.969809221097795,1.2859054097901608,1.0660432014615875,1.2875234782283071,1542165730.0,15.88,16.38,15.84,16.32,25532611.0,413115879.0,15.91,2.5769956002514194,10.0,17.5,False,False,True,69.59868165955797
596,002627.SZ,三峡旅游,0.16049382716049385,39.37153419593344,1.969775253789943,1.9849589199203415,0.8279948428519233,1.4370543802452058,698158144.0,6.12,6.5,6.07,6.32,20080300.0,127535517.0,6.13,3.0995106035889064,10.0,6.74,False,False,True,69.50562233423807
597,605300.SH,佳禾食品,0.18655462184873942,35.66265060240963,1.701828580689455,1.062387798261617,1.5646384548455667,1.5849280635876901,454398597.0,9.41,9.74,9.4,9.45,7651201.0,73299883.0,9.41,0.4250797024442088,10.0,10.35,False,False,True,69.27103528499417
598,001228.SZ,永泰运,0.33688524590163943,32.19149814279818,1.8107814925760166,1.6192443889633221,0.7805662894220612,0.666407259122155,79864609.0,26.47,27.04,26.47,26.86,861800.0,23097451.0,26.71,0.561587420441767,10.0,29.38,False,False,True,69.17991469561846
599,000850.SZ,华茂股份,0.20447284345047914,33.53115727002967,2.014229276883726,1.2699959174956514,1.1192620567047917,0.5604960416678126,943374379.0,3.99,4.05,3.94,3.96,6715200.0,26850743.0,4.01,-1.2468827930174564,10.0,4.41,False,False,True,69.13920124079101
600,600803.SH,新奥股份,0.38100820633059784,38.53524982888432,1.8237181366778306,0.32639136897017695,1.0099134207463034,0.8363540536811397,3071726707.0,18.1,18.3,17.75,17.95,8385161.0,151260910.0,17.86,0.50391937290033,10.0,19.65,False,False,True,69.13532376890268
601,300702.SZ,天宇股份,0.1613394216133943,25.639599555061167,2.0706805484358384,1.9554808565554753,1.1358827957777582,0.7220959355263987,211146066.0,20.01,20.61,19.61,19.88,2981477.0,59974644.0,20.1,-1.0945273631840946,20.0,24.12,False,False,True,69.13338503295851
602,601808.SH,中海油服,0.16543438077634018,38.74643874643875,2.0898684915191788,0.9706794010271311,1.2141156175064176,1.138748515460815,2960468000.0,12.51,12.75,12.46,12.69,32723821.0,413715978.0,12.32,3.0032467532467466,10.0,13.55,False,False,True,69.03838697169445
603,600420.SH,国药现代,0.2761394101876677,23.490813648293972,1.85192212483628,1.0048241013544243,1.5153107148844656,0.6948429566801072,1341172692.0,8.64,8.82,8.62,8.79,9364000.0,82242133.0,8.65,1.6184971098265777,10.0,9.52,False,False,True,68.98797983714618
604,600739.SH,辽宁成大,0.25203252032520357,23.608247422680417,1.902487700879447,1.1603793913663845,1.4163438909695274,0.8907568301857808,1522315928.0000002,10.6,10.87,10.59,10.78,15734899.0,171352067.0,10.63,1.4111006585136199,10.0,11.69,False,False,True,68.98604110120202
605,601968.SH,宝钢包装,0.247104247104247,38.13333333333333,1.7549326098604656,0.9997117526880335,1.1248653640079904,0.8432978019050978,1275779460.0,4.37,4.48,4.37,4.43,10755519.0,48314010.0,4.39,0.9111617312072884,10.0,4.83,False,False,True,68.98410236525785
606,603605.SH,珀莱雅,0.2206494587843465,25.141030462579916,2.158748327027123,1.2191081031772144,1.2218164694710152,1.5182425914566715,395976049.0,62.01,63.86,61.11,61.8,7329128.0,459191800.0,61.13,1.0960248650417004,10.0,67.24,False,False,True,68.91236913532377
607,300999.SZ,金龙鱼,0.32375979112271536,27.0509977827051,1.2440563028742107,1.925220020111886,1.0212634754345538,1.326014489185283,542647097.0,26.2,26.93,26.11,26.87,13853073.0,370278635.0,26.27,2.283974114960041,20.0,31.52,False,False,True,68.9104303993796
608,002773.SZ,康弘药业,0.09966405375139985,27.200843437005794,2.3491812170188493,1.9906035053791251,1.6673844366189325,0.4082137250308787,686839429.0,21.57,21.98,21.32,21.46,5581200.0,120604525.0,21.64,-0.8317929759704246,10.0,23.8,False,False,True,68.79410624272974
609,605337.SH,李子园,0.2625954198473283,32.37858032378582,2.3281037535852205,0.8739044771377089,0.9788945385193418,6.966575627165045,390102653.0,9.82,10.2,9.48,9.6,23749924.0,235084572.0,9.75,-1.538461538461544,10.0,10.73,False,False,True,68.77859635517642
610,002508.SZ,老板电器,0.3076923076923075,32.52669039145908,1.7314826124024005,0.8540347836479812,1.2669857314678554,1.06243141042276,933596787.0,16.45,16.69,16.38,16.54,8471022.0,139962076.0,16.45,0.5471124620060719,10.0,18.1,False,False,True,68.76890267545559
611,600763.SH,通策医疗,0.1701371254443881,30.986781432523824,1.9009674240767054,2.007978600114248,1.0919251429087602,1.321934530815516,447289117.0,35.76,37.14,35.58,36.6,11872915.0,434097751.0,35.88,2.006688963210701,10.0,39.47,False,False,True,68.76114773167895
612,603788.SH,宁波高发,0.2965779467680607,38.370253164556935,1.9196411248802943,0.8709501973657241,0.9885395375485483,1.1295121517909092,223065068.0,14.2,14.49,14.05,14.29,2194400.0,31520859.0,14.2,0.6338028169013965,10.0,15.62,False,False,True,68.69716944552151
613,002533.SZ,金杯电工,0.2515822784810126,39.04382470119523,2.038441805390713,1.4997606733111009,0.694191269109423,1.3642114820317333,646143983.0,11.3,11.49,11.22,11.22,13220046.0,150113410.0,11.34,-1.058201058201047,10.0,12.47,False,False,True,68.64676231097326
614,688289.SH,圣湘生物,0.19605695509309956,39.92537313432835,1.6761850688553104,1.0357544318927412,1.3634323271653983,0.6722333212762505,579388006.0,15.2,15.44,15.07,15.35,4034097.0,61634247.0,15.19,1.0533245556286985,20.0,18.23,False,False,True,68.52074447460257
615,600502.SH,安徽建工,0.3107344632768361,28.33333333333332,1.6777684336841543,1.6532162558384516,1.0378093474350925,0.9389435832377596,1716533938.0,4.74,4.81,4.71,4.76,26645358.0,126982205.0,4.75,0.21052631578946102,10.0,5.23,False,False,True,68.29391236913533
616,000629.SZ,钒钛股份,0.23369565217391308,36.05442176870748,1.9933399526446824,1.409444168000901,0.9674008836999957,0.7674463977274031,9290444430.0,3.06,3.11,3.03,3.06,100492215.0,308373832.0,3.08,-0.6493506493506551,10.0,3.39,False,False,True,68.290034897247
617,002551.SZ,尚荣医疗,0.10726643598615919,39.99999999999999,2.032347882391955,2.384075349097525,1.0811264892554948,0.8689500322280627,611186723.0,2.91,2.99,2.86,2.89,12661603.0,37027026.0,2.91,-0.6872852233676952,10.0,3.2,False,False,True,68.21733229934082
618,300847.SZ,中船汉光,0.24705882352941172,31.599999999999984,1.7833463760929054,1.4015547954460954,1.195917298725198,1.7573267715697023,296010000.0,14.36,14.61,14.11,14.14,7290696.0,104651084.0,14.6,-3.150684931506842,20.0,17.52,False,False,True,68.2027917797596
619,002901.SZ,大博医疗,0.2016553799849511,24.71852610030707,2.15487779315905,1.083252511804947,1.7762797045591385,0.655488956624277,288412223.0,44.46,45.08,43.51,44.21,2047900.0,90861150.0,44.44,-0.517551755175516,10.0,48.88,False,False,True,68.08452888716556
620,600155.SH,华创云信,0.25085910652920973,24.90347490347491,1.6762376470350067,1.559670968988588,1.3806782632005692,1.2570244147463487,2213542477.0,5.88,6.03,5.82,6.0,43397485.0,258416659.0,5.91,1.522842639593902,10.0,6.5,False,False,True,68.0341217526173
621,300009.SZ,安科生物,0.16195856873822997,21.7687074829932,1.8491659871212538,2.093972530755559,1.5673122714126755,0.5915568486146184,1230879578.0,8.18,8.38,8.13,8.23,15246952.0,125800584.0,8.21,0.24360535931788885,20.0,9.85,False,False,True,67.99922450562234
622,600718.SH,东软集团,0.2135231316725979,33.90070921985815,1.9930931767631956,1.396094106445813,1.13519417760277,0.7090641593035454,1196438852.0,8.21,8.37,8.2,8.29,11843791.0,98223799.0,8.25,0.48484848484846577,10.0,9.08,False,False,True,67.87514540519582
623,600688.SH,上海石化,0.16406249999999994,38.80597014925373,1.992387506360539,1.3402147168842502,1.2276664329952767,0.7554613535119881,7328813500.0,2.81,2.88,2.79,2.83,74202802.0,210233709.0,2.82,0.35460992907803135,10.0,3.1,False,False,True,67.86157425358667
624,600056.SH,中国医药,0.291358024691358,27.59036144578313,1.5316875498086309,1.3704799742071034,1.4591113020345474,0.7186162614336813,1495351478.0,9.47,9.58,9.37,9.53,14726957.0,139735721.0,9.48,0.5274261603375408,10.0,10.43,False,False,True,67.84606436603335
625,000978.SZ,桂林旅游,0.19999999999999996,35.43307086614173,1.9372985473026652,2.2896706213039746,0.8394537243975897,1.4694130123521032,468121563.0,5.79,6.0,5.76,5.84,15749818.0,92778162.0,5.8,0.6896551724137945,10.0,6.38,False,False,True,67.81310585498255
626,600516.SH,方大炭素,0.16141732283464572,38.08553971486761,2.122458086918385,1.78861853336919,0.9651379485419987,0.519588898410744,4025970368.0,5.14,5.2,5.1,5.16,37415208.0,192691215.0,5.15,0.19417475728154,10.0,5.67,False,False,True,67.80632027917797
627,688363.SH,华熙生物,0.17790132036136197,28.039095907147214,2.401033715872867,0.9903488021781941,1.4922396445122914,2.2988177229385847,481678242.0,39.1,40.74,38.9,38.9,10966038.0,435266097.0,37.86,2.7469624933967207,20.0,45.43,False,False,True,67.71035284994184
628,605266.SH,健之佳,0.2931297709923661,32.82442748091603,1.7636832991474152,1.242138753835435,1.17684271960843,0.786565651766771,154542928.0,16.35,16.65,16.31,16.57,1509921.0,24922340.0,16.33,1.4696876913655954,10.0,17.96,False,False,True,67.68514928266771
629,002386.SZ,天原股份,0.3373015873015871,30.37037037037036,2.1445933983987753,1.7405818994454363,0.6366343640534299,0.6970879806194636,1301385155.0,5.73,5.84,5.72,5.81,15790210.0,91556769.0,5.77,0.6932409012131657,10.0,6.35,False,False,True,67.55331523846453
630,600189.SH,泉阳泉,0.1525423728813561,33.96501457725947,1.9424590855656874,1.948409854754976,1.2332548760526596,0.9908708439086799,715197812.0,7.13,7.35,7.13,7.16,13807770.0,100083808.0,7.19,-0.417246175243402,10.0,7.91,False,False,True,67.50678557580457
631,000957.SZ,中通客车,0.3895781637717123,38.61834654586636,1.812440369777649,1.5135734484312773,0.652095002893687,1.7157651313555213,592903936.0,10.39,10.69,10.33,10.59,15397339.0,162464417.0,10.4,1.8269230769230704,10.0,11.44,False,False,True,67.46801085692128
632,002349.SZ,精华制药,0.31914893617021284,26.711185308848062,1.7293899616893107,1.6296080661719419,1.104202424051616,0.7058132213301629,814180908.0,6.71,6.83,6.67,6.71,9364700.0,63238631.0,6.74,-0.4451038575667643,10.0,7.41,False,False,True,67.41954245831717
633,300482.SZ,万孚生物,0.1333333333333334,39.10795087265675,1.743337098321398,1.9901360605456404,1.33474642972099,1.345544293323961,430066407.00000006,16.85,17.44,16.79,17.23,11516388.0,198140682.0,16.87,2.1339656194427903,20.0,20.24,False,False,True,67.3962776269872
634,002521.SZ,齐峰新材,0.16085790884718512,35.79638752052545,2.0215262836547954,1.5789579920815093,1.233997557762169,0.49274957967159966,419173590.0,6.66,6.74,6.58,6.63,3261300.0,22042556.0,6.69,-0.8968609865470878,10.0,7.36,False,False,True,67.39433889104303
635,000623.SZ,吉林敖东,0.3818827708703373,17.153511497824738,1.6774338197840375,1.3638647081467072,1.3882426554253169,0.8361502442014292,1191023318.0,18.12,18.38,17.98,18.3,13582380.0,247513833.0,18.24,0.328947368421062,10.0,20.06,False,False,True,67.38464521132222
636,601628.SH,中国人寿,0.39387649195640906,32.117017930166725,1.7454275916163215,0.21094653380093947,1.6523299060722807,0.8878144378618156,20823530000.0,39.05,39.86,38.84,39.74,38998594.0,1536588661.0,39.38,0.9141696292534363,10.0,43.32,False,False,True,67.34005428460644
637,688271.SH,联影医疗,0.26677409903310884,36.34842622607968,1.7767025103099023,0.9367418155752865,1.3544972120040981,1.0173863287148412,824157988.0,113.76,117.16,113.26,116.36,7854459.0,912186168.0,113.84,2.213633169360496,20.0,136.61,False,False,True,67.2004652966266
638,601368.SH,绿城水务,0.2375,25.742574257425744,2.2254441815781076,1.102831870376491,1.3786858527490267,0.4418801404868507,882973077.0,4.43,4.47,4.38,4.44,4302900.0,19061562.0,4.42,0.452488687782826,10.0,4.86,False,False,True,67.15199689802247
639,600196.SH,复星医药,0.2082987551867221,22.889214250854085,1.9165059918863094,1.5966476481177514,1.7518910952861346,0.6022738285356408,2118488825.0,23.02,23.29,22.81,23.17,20371793.0,470383643.0,23.0,0.73913043478262,10.0,25.3,False,False,True,67.13842574641333
640,002019.SZ,亿帆医药,0.15746971736204576,23.26350606394707,2.2319952262938645,2.059388976717836,1.2618670775259282,0.5134817648671605,842518305.0,10.16,10.36,10.11,10.23,8909283.0,91188196.0,10.24,-0.09765625,10.0,11.26,False,False,True,67.00853043815432
641,601888.SH,中国中免,0.15325045852863262,26.694745286803045,2.3503993732682753,1.9813684539548786,1.1764629256160046,1.5498356118842722,1952475544.0,56.99,59.5,56.99,58.08,59956529.0,3496907293.0,57.38,1.2199372603694636,10.0,63.12,False,False,True,66.72741372625049
642,600812.SH,华北制药,0.23389830508474566,29.68369829683697,1.815548986929652,1.5022042041489265,1.4828255888327422,0.6353752911329099,1715730370.0,4.8,4.88,4.77,4.83,16376019.0,79021006.0,4.8,0.6250000000000089,10.0,5.28,False,False,True,66.67506785575806
643,002567.SZ,唐人神,0.22842639593908642,36.4217252396166,1.7287637008182688,1.6269265771932166,1.1486744385437668,0.6115355588617226,1431666421.0,3.58,3.65,3.56,3.58,14243985.0,51354563.0,3.58,0.0,10.0,3.94,False,False,True,66.66343544009305
644,603027.SH,千禾味业,0.25229357798165125,34.52914798206277,1.909688161596808,1.355280692636177,1.190765016477748,1.9668374046676145,1330738612.0000002,7.78,8.13,7.77,7.95,34731049.0,277544492.0,7.79,2.0539152759948776,10.0,8.57,False,False,True,66.53935633966654
645,002390.SZ,信邦制药,0.281045751633987,33.07086614173227,1.8103186731682528,1.5140439194538655,1.1298095361481582,0.6841730816927177,1927818234.0,2.96,3.02,2.94,2.97,19969654.0,59467430.0,2.97,0.0,10.0,3.27,False,False,True,66.51221403644824
646,300194.SZ,福安药业,0.2149532710280374,28.08641975308641,1.5455829388258029,2.0624628619587186,1.4891075826499618,0.7850075203840658,968378683.0,3.68,3.75,3.65,3.68,15678524.0,58094486.0,3.7,-0.5405405405405461,20.0,4.44,False,False,True,66.4753780535091
647,603383.SH,顶点软件,0.19041394335511985,34.90865766481335,1.8626573349252866,2.1950797170379244,1.048902069197863,2.0136626024350255,205376359.0,29.75,30.99,29.58,29.86,9077943.0,276421833.0,29.55,1.0490693739424684,10.0,32.51,False,False,True,66.4598681659558
648,601933.SH,永辉超市,0.1169230769230769,37.99283154121864,2.136921356724741,1.9965245332398511,1.340202402121221,2.018925305944075,8925037165.0,3.13,3.45,3.13,3.23,359753424.0,1185361352.0,3.17,1.8927444794952786,10.0,3.49,False,False,True,66.44048080651415
649,301109.SZ,军信股份,0.32058287795992707,34.68724614134848,1.6899811334351433,2.088606956150186,0.8518156795625975,0.6947243582929992,624288808.0,14.08,14.27,14.05,14.13,3731070.0,52890437.0,14.07,0.4264392324093924,20.0,16.88,False,False,True,66.35711516091509
650,002597.SZ,金禾实业,0.29601518026565443,34.14766558089033,2.369109658856096,1.3550363559926726,0.8348344952409918,1.9578204047782368,565976294.0,21.54,22.02,21.11,21.43,15014886.0,325641390.0,21.54,-0.510677808727944,10.0,23.69,False,False,True,66.34936021713843
651,002690.SZ,美亚光电,0.25952380952380943,31.804733727810653,1.6885121965910805,1.6675458585076326,1.265871218875009,1.332029847998861,427032322.0,15.64,16.02,15.62,15.94,9485331.0,150392441.0,15.7,1.5286624203821653,10.0,17.27,False,False,True,66.1981388134936
652,688475.SH,萤石网络,0.38565400843881853,26.011787819253442,2.062114579077163,0.832745999999995,1.3846891690344396,0.8480193983576768,787500000.0,29.44,29.87,29.27,29.44,5561205.0,164435001.0,29.72,-0.9421265141318913,20.0,35.66,False,False,True,66.11283443195038
653,002701.SZ,奥瑞金,0.3389121338912135,31.8840579710145,1.5776983984909831,1.3593076250443248,1.326716152447909,0.8536976376162966,2557357434.0,4.95,5.03,4.93,5.01,29676540.0,148102837.0,4.95,1.2121212121211977,10.0,5.45,False,False,True,66.03722373012795
654,000682.SZ,东方电子,0.35171102661596954,32.773851590106,2.095819361088096,1.6403557987716186,0.8346654677523949,0.8519246565789355,1340600019.0,11.85,12.05,11.79,11.84,18734343.0,224006722.0,11.95,-0.9205020920502016,10.0,13.15,False,False,True,66.00426521907717
655,600085.SH,同仁堂,0.2916666666666667,30.04672897196261,1.8086755816638185,1.0642988152520312,2.0684014865410814,0.8662546387057742,1371470262.0,25.89,26.62,25.8,26.28,12644322.0,332113293.0,25.88,1.5455950540958385,10.0,28.47,False,False,True,65.91314462970143
656,603883.SH,老百姓,0.24999999999999994,31.79587831207067,1.6955256661874256,1.5375421169603725,1.5008048255188824,1.0474725573836778,758890236.0,12.31,12.6,12.21,12.45,12222179.0,155583866.0,12.27,1.4669926650366705,10.0,13.5,False,False,True,65.84141139976735
657,600975.SH,新五丰,0.23076923076923056,36.038186157517885,1.6356600503985046,1.5156210631846623,1.4071131695296522,0.5794220633536035,1249661740.0,4.82,4.96,4.81,4.86,10974333.0,53582210.0,4.85,0.20618556701033075,10.0,5.34,False,False,True,65.84141139976735
658,301301.SZ,川宁生物,0.17729083665338638,33.0299089726918,1.8755834222765373,2.4335516885812725,1.111531110169226,0.7389143922862844,619153732.0,8.56,8.75,8.55,8.66,11133538.0,96315452.0,8.58,0.932400932400923,20.0,10.3,False,False,True,65.81814656843738
659,300110.SZ,华仁药业,0.21641791044776124,31.950207468879665,1.678116610193032,2.281934748996318,1.1609999538344973,0.88090550981217,1181425107.0,2.68,2.74,2.64,2.66,23748640.0,63811153.0,2.7,-1.4814814814814836,20.0,3.24,False,False,True,65.77937184955408
660,000860.SZ,顺鑫农业,0.17285531370038407,35.721812434141206,1.8602851536697524,1.6361878231278315,1.6318515840355352,1.3885726270849141,741766989.0,10.84,11.29,10.79,11.13,16852691.0,187571390.0,10.84,2.6752767527675303,10.0,11.92,False,False,True,65.62427297402094
661,000650.SZ,仁和药业,0.3554502369668246,19.279661016949156,1.6193563022750248,1.70268360388758,1.4504782137507028,0.6642687587152879,1331385834.0,5.44,5.52,5.41,5.49,15058500.0,82388036.0,5.47,0.365630712979903,10.0,6.02,False,False,True,65.5447848003102
662,605507.SH,国邦医药,0.3009259259259258,17.782426778242687,2.2982761659227484,0.9245273328698557,1.7974839431957546,0.6526720119699163,782352899.9999999,16.18,16.48,16.03,16.3,4720820.0,76890102.0,16.29,0.06138735420504471,10.0,17.92,False,False,True,65.53702985653355
663,002351.SZ,漫步者,0.23247863247863262,30.32694475760993,1.681839902192295,1.9376113677798588,1.4016807245948355,0.8693728323628156,527441600.00000006,10.23,10.38,10.16,10.33,8884789.0,91505818.0,10.23,0.9775171065493637,10.0,11.25,False,False,True,65.41682822799535
664,600761.SH,安徽合力,0.3034134007585333,30.759493670886062,2.182058311749653,1.554009660352449,0.9813027235384448,0.9414870220023996,890692761.0,18.24,18.46,18.14,18.35,13031547.0,238535622.0,18.2,0.8241758241758435,10.0,20.02,False,False,True,65.3819309810004
665,000963.SZ,华东医药,0.17770034843205573,30.2491103202847,2.1085261833828155,1.512404250159226,2.1083333164349503,0.6893978430201565,1753013098.0,28.81,29.45,28.72,29.1,18277760.0,538257567.0,28.86,0.8316008316008316,10.0,31.75,False,False,True,65.30438154323382
666,002027.SZ,分众传媒,0.26595744680851063,39.68253968253968,1.7372603011076564,1.2574391259322164,1.2849399187632697,1.1899006161114971,14442199726.0,5.39,5.58,5.39,5.56,216088177.0,1206991180.0,5.41,2.772643253234741,10.0,5.95,False,False,True,65.21132221791392
667,000902.SZ,新洋丰,0.3110539845758355,38.434163701067625,1.8575213593245201,1.365125431084908,1.0699950424913633,0.6365011850638684,1142783267.0,13.64,13.94,13.59,13.81,9929689.0,138102157.0,13.66,1.0980966325036645,10.0,15.03,False,False,True,65.17060876308646
668,600216.SH,浙江医药,0.18230563002680983,33.676333021515426,2.0646116496048745,2.3884461250740605,1.0363175487012934,0.6913679590744618,951389475.0,12.01,12.22,11.9,12.1,15710248.0,189604465.0,12.05,0.4149377593360981,10.0,13.26,False,False,True,65.11244668476154
669,603707.SH,健友股份,0.2674418604651162,35.26785714285714,2.1317624321007904,0.9428404996767136,1.3533540507481157,0.7621748663805799,1615651020.0000002,8.03,8.25,7.97,8.14,11610219.0,94507664.0,8.1,0.4938271604938427,10.0,8.91,False,False,True,65.05428460643661
670,601696.SH,中银证券,0.16562107904642415,30.791505791505802,2.3030442112765313,1.7943223254139617,1.3143268485022384,0.82004199222577,2778000000.0,11.55,11.86,11.52,11.65,40876038.0,478226291.0,11.68,-0.25684931506848585,10.0,12.85,False,False,True,64.9185730903451
671,002389.SZ,航天彩虹,0.15693707354056105,39.34821967410984,2.313707678606197,2.1142798296741434,0.9756087670600493,1.0796771463917794,984767026.0,18.45,18.84,18.39,18.68,22479667.0,419577802.0,18.64,0.21459227467810482,10.0,20.5,False,False,True,64.55215199689803
672,000153.SZ,丰原药业,0.19262295081967207,30.101010101010097,2.0118251234468985,2.1915024453130445,1.2855257527254678,0.7380717276590297,460855922.0,5.4,5.49,5.36,5.39,7454280.0,40461255.0,5.42,-0.5535055350553542,10.0,5.96,False,False,True,64.3621558743699
673,600011.SH,华能国际,0.3027210884353743,39.72809667673716,1.8395132516830839,1.384844063643461,1.1199540014120066,0.721409150883142,10997709919.0,7.19,7.27,7.12,7.17,109871431.0,789609598.0,7.2,-0.4166666666666652,10.0,7.92,False,False,True,64.24777045366422
674,600096.SH,XD云天化,0.3282296650717703,33.4355828220859,2.3295956321972158,1.8624738855021596,0.7294993867057188,0.8767092143643264,1822990731.0,29.4,30.29,29.4,30.15,29766668.0,900266523.0,29.68,1.5835579514824838,10.0,32.65,False,False,True,64.23419930205506
675,300171.SZ,东富龙,0.1780962128966223,28.640308582449393,1.9754552017711198,2.2609468229879175,1.5860308468068207,0.9052029037901873,560697223.0,12.06,12.21,11.8,12.04,11475317.0,138951291.0,12.11,-0.5780346820809301,20.0,14.53,False,False,True,64.04032570763862
676,002215.SZ,诺 普 信,0.1973180076628351,31.43564356435642,2.3089231361978575,2.213336368430569,1.0390692766317597,1.2674496394687842,808061974.0,9.11,9.48,9.05,9.32,22668501.0,211670629.0,9.11,2.3051591657519355,10.0,10.02,False,False,True,64.01512214036448
677,600993.SH,马应龙,0.35287356321839086,24.636275460717737,1.5877030036562545,1.6928394060610399,1.7581987342198355,1.0146072171045109,430317966.0,23.7,24.34,23.66,24.26,7390863.0,183296563.0,23.69,2.4060785141409857,10.0,26.06,False,False,True,63.997673516866996
678,000568.SZ,泸州老窖,0.20953800298062597,36.78144359602362,2.3293726899891447,1.0579214852315664,1.4364240458908846,1.2699037576237162,1471060137.0,83.47,87.24,83.21,85.66,19763082.0,1793155538.0,83.47,2.623697136695813,10.0,91.82,False,False,True,63.94145017448625
679,000528.SZ,柳    工,0.2818532818532817,38.60845839017735,1.7896756202622703,1.785421722210481,1.0775751132922538,0.8560038823298325,2035002777.0,8.74,8.9,8.74,8.86,31096980.0,274934084.0,8.79,0.7963594994311762,10.0,9.67,False,False,True,63.79992245056223
680,300833.SZ,浩洋股份,0.20208877284595303,32.49999999999999,2.1726400488469526,1.8117747133454931,1.2882136233191586,0.47421085346439695,81253477.0,33.28,33.74,32.95,33.04,698100.0,23223010.0,33.07,-0.0907166616268551,20.0,39.68,False,False,True,63.790228770841416
681,603197.SH,保隆科技,0.11395582329317266,37.93638479441428,2.4813976643471443,1.969281204541211,1.4946672190250934,0.8089110350139677,211152127.0,28.08,28.58,27.49,27.8,3363597.0,95505703.0,28.05,-0.89126559714795,10.0,30.86,False,False,True,63.480031019775105
682,600613.SH,神奇制药,0.17799352750809055,34.411085450346434,2.142613310657414,2.2124032560144977,1.2632740441601298,0.7281537742481704,479319978.0,4.86,4.97,4.8,4.86,7721700.0,37698227.0,4.88,-0.4098360655737654,10.0,5.37,False,False,True,62.78208607987591
683,603896.SH,寿仙谷,0.19289827255278327,39.144215530903324,2.2674949094896335,1.3927338095957258,1.4074902824400826,0.908442809712756,198243938.00000003,14.66,14.91,14.49,14.59,2508220.0,36830744.0,14.63,-0.2734107997265922,10.0,16.09,False,False,True,62.6308646762311
684,001318.SZ,阳光乳业,0.19347037484885124,39.894736842105246,2.204715515914146,1.3609180287270881,1.597794812153434,4.245913111175922,282660000.0,11.22,11.45,10.6,10.65,16333055.0,179100304.0,11.1,-4.0540540540540455,10.0,12.21,False,False,True,62.349747964327264
685,300298.SZ,三诺生物,0.2978723404255321,29.3193717277487,1.7971116456867797,1.861983857497975,1.6848809453115565,0.8084956324409077,448001059.0,15.89,16.23,15.82,16.08,6744234.0,108320386.0,15.89,1.1957205789804748,20.0,19.07,False,False,True,62.32648313299729
686,002111.SZ,威海广泰,0.3903225806451614,37.39445114595901,1.7774428080892146,1.814666663892246,1.0567034667241095,0.9424827952308684,488751597.0,9.43,9.59,9.33,9.48,8359080.0,79203928.0,9.5,-0.21052631578947212,10.0,10.45,False,False,True,62.16944552151996
687,002262.SZ,恩华药业,0.3754646840148699,23.608017817371916,1.9506859879225136,1.6730517458261076,1.6346093836151967,0.9059264427950187,883776305.0,21.96,22.46,21.9,22.08,13395060.0,297262316.0,22.0,0.363636363636366,10.0,24.2,False,False,True,62.0918960837534
688,000685.SZ,中山公用,0.3819577735124761,29.80671414038656,1.9349512384755438,1.7621083937731319,1.2562200869512554,0.7837984168805376,1246581940.0,11.0,11.18,10.97,11.13,17217014.0,191073854.0,11.06,0.6329113924050667,10.0,12.17,False,False,True,62.0589375727026
689,000049.SZ,德赛电池,0.2810750279955205,30.94170403587444,2.1931047877026892,2.3027931080017336,1.0183489152623324,1.2707924613753678,384534862.0,24.58,24.85,23.81,24.34,11252921.0,275281552.0,24.81,-1.8943974203949998,10.0,27.29,False,False,True,61.96587824738271
690,600276.SH,恒瑞医药,0.30301966292134846,29.540433053468853,2.044456031516809,1.6534420528409997,1.5312794750277552,0.6976933711930887,6379002274.0,54.05,54.69,53.3,54.65,73587887.0,3975428219.0,53.89,1.4102802004082315,10.0,59.28,False,False,True,61.8573090345095
691,002154.SZ,报 喜 鸟,0.3150684931506848,28.857142857142847,1.846073648570138,2.4931738520197237,1.187449905893293,1.029623658990574,1180127141.0,3.8,3.9,3.79,3.88,30294227.0,116945511.0,3.82,1.5706806282722585,10.0,4.2,False,False,True,61.554866227219854
692,001328.SZ,登康口腔,0.36784869976359325,34.156378600823054,2.2986988687282635,1.174474807518566,1.2633239969296957,1.7683131250496065,161716900.0,32.08,33.06,31.7,31.83,3358600.0,108946844.0,32.08,-0.7793017456359075,10.0,35.29,False,False,True,61.32803412175263
693,603719.SH,良品铺子,0.222222222222222,36.53136531365311,2.2996317113689115,1.564758495070117,1.3860504098998023,3.365458938378937,397983400.0,9.65,9.69,9.07,9.16,20996262.0,198456892.0,9.45,-3.0687830687830653,10.0,10.4,False,False,True,61.18844513377278
694,002252.SZ,上海莱士,0.3222591362126247,36.363636363636374,1.9743675282468474,1.1965837250817508,2.529090849565699,0.6173382281787516,6588259885.0,5.15,5.24,5.13,5.22,48667270.0,252555011.0,5.15,1.3592233009708687,10.0,5.67,False,False,True,60.9538580845289
695,300529.SZ,健帆生物,0.3578378378378377,33.401221995926676,1.872832051924093,1.6205237752013337,1.5605924994709441,1.1630206134330368,512402075.0,18.0,18.73,17.94,18.53,9657255.0,177929983.0,18.04,2.716186252771635,20.0,21.65,False,False,True,60.83171772004653
696,300003.SZ,乐普医疗,0.18834951456310678,32.33424159854679,2.3488748951473974,2.3473807427148783,1.388413880281273,0.8138768562864215,1578912054.0,12.88,13.1,12.83,13.05,30164781.0,391931930.0,12.95,0.7722007722007929,20.0,15.54,False,False,True,60.09693679720822
697,688538.SH,和辉光电-U,0.26666666666666694,23.98190045248869,2.3175180431714204,2.1397659203196118,1.483749222997174,0.7982092304438855,5752235725.0,2.4,2.46,2.4,2.44,98247088.0,238846564.0,2.41,1.2448132780082943,20.0,2.89,False,False,True,59.98642884839085
698,601108.SH,财通证券,0.36538461538461514,27.724137931034477,2.3514587643019964,1.4990056945102215,1.4399029368561576,0.6174995936237171,4643768990.0,8.15,8.3,8.08,8.21,42984370.0,352175702.0,8.2,0.12195121951221743,10.0,9.02,False,False,True,59.976735168670025
699,300146.SZ,汤臣倍健,0.34473684210526323,27.733934611048493,1.9943900535286267,2.0053476866680136,1.5784953873050585,1.2086845986232246,1120818659.0,10.1,10.34,10.07,10.15,27166771.0,277764995.0,10.18,-0.29469548133594925,20.0,12.22,False,False,True,59.93408297789842
700,600422.SH,昆药集团,0.2349799732977304,30.136986301369873,2.304209916517208,1.9151254205885957,1.8207283523716855,0.7886079382238375,756975757.0,9.08,9.24,8.96,9.09,11432477.0,104182324.0,9.06,0.3311258278145601,10.0,9.97,False,False,True,59.82357502908104
701,600120.SH,浙江东方,0.2662721893491123,35.849056603773576,2.1024848230385556,1.9677907155444592,1.4480370386892767,0.7956152117345358,3415381492.0,5.1,5.19,5.09,5.12,53471357.0,275554286.0,5.14,-0.38910505836574627,10.0,5.65,False,False,True,59.27491275688253
702,300832.SZ,新产业,0.3193668528864059,33.73333333333333,2.368398836284079,1.3528641229167397,1.7465762124591289,0.6396754429711533,683122288.0,47.68,49.59,47.68,48.75,5911699.0,289452471.0,47.79,2.0087884494664143,20.0,57.35,False,False,True,58.861962000775506
703,603836.SH,海程邦达,0.24330900243309006,33.59683794466404,2.4003726923170663,1.7379245363839981,1.743546128115671,0.8100410817246119,278929332.0,8.58,8.82,8.54,8.63,3926740.0,34099339.0,8.59,0.465657741559955,10.0,9.45,False,False,True,58.646762310973244
704,600557.SH,康缘药业,0.21766561514195587,28.999064546304965,2.4341873749178795,2.084702485401238,2.082482673953437,0.6533430109840636,566158806.0,12.74,12.89,12.46,12.7,7711229.0,97894314.0,12.76,-0.4702194357366851,10.0,14.04,False,False,True,58.61768127181078
705,600150.SH,中国船舶,0.38206480783722657,30.887909319899244,2.4350116015710395,1.6293816684015905,1.2429820273771395,0.6361675356676418,7525621287.999999,34.63,34.73,34.32,34.63,78007559.0,2691536763.0,34.73,-0.28793550244743393,10.0,38.2,False,False,True,58.55370298565335
706,002162.SZ,悦心健康,0.21451104100946375,37.5,2.2165861512998517,2.311016855607711,1.3825226083013045,0.8279099143586419,918321621.0,3.94,4.0,3.92,3.95,17570374.0,69661778.0,3.96,-0.2525252525252486,10.0,4.36,False,False,True,58.38697169445521
707,300026.SZ,红日药业,0.34730538922155685,28.11387900355873,1.7945407041910026,2.4980708098322877,2.017674866739013,0.6384254802932804,3001325425.0,3.38,3.43,3.33,3.35,47866100.0,161713863.0,3.39,-1.179941002949858,20.0,4.07,False,False,True,58.280341217526164
708,600771.SH,广誉远,0.20448179271708694,35.903614457831345,2.2128221726264052,2.356343421545188,1.8333811464628378,0.7810325915286805,489491141.0,14.55,15.04,14.51,14.77,9008502.0,133181334.0,14.64,0.8879781420765065,10.0,16.1,False,False,True,57.7665761923226
709,600419.SH,天润乳业,0.32885906040268453,32.065217391304344,2.4140357406602893,2.0614449259066117,1.3536113237637395,4.646055511515392,315514808.0,8.88,9.18,8.5,8.65,30218707.0,268619457.0,8.83,-2.0385050962627327,10.0,9.71,False,False,True,56.54129507561071
710,301015.SZ,百洋医药,0.3391634980988593,35.05434782608698,2.222362172174795,1.9665424813054861,1.7258383395418333,0.5627793815837845,525556577.00000006,22.78,23.28,22.37,22.39,5816490.0,132228364.0,22.86,-2.0559930008748895,20.0,27.43,False,False,True,55.89957347809229
711,603882.SH,金域医学,0.3276148312119536,36.23255813953487,2.393218603900557,2.0018316076255176,1.7640410513900764,0.5895211824091652,460134577.0,27.2,27.66,27.03,27.14,5430150.0,148285355.0,27.42,-1.0211524434719177,10.0,30.16,False,False,True,54.05195812330361
