pool_rank,code,name,bottom_percentile,range_60d_pct,mean_abs_return_20d_pct,mean_turnover_20d_pct,recent_volume_ratio,event_volume_ratio,outstanding_share,event_open,event_high,event_low,event_close,event_volume,event_amount,previous_close,event_gain_pct,limit_up_rate_pct,limit_up_price,hit_limit_up,is_st,passes_dormant_filter,dormancy_score
1,600029.SH,南方航空,0.019943019943019766,13.939393939393918,0.5069770279275859,0.35805386222251256,0.4945395503844584,1.0482029655834495,13476973184.0,5.01,5.04,4.99,5.03,50580847.0,253814253.0,5.02,0.19920318725101804,10.0,5.52,False,False,True,98.85874830459213
2,601669.SH,中国电建,0.051999999999999956,14.348785871964665,0.5036540326789307,0.5774533142968875,0.47652969859533956,1.3348877665758259,13071525850.0,4.65,4.69,4.63,4.68,100759944.0,469837245.0,4.66,0.42918454935620964,10.0,5.13,False,False,True,97.53729897306722
3,601021.SH,春秋航空,0.05113306217315529,11.9823173569102,0.8241742490079584,0.4203210943555755,0.5931538599902231,0.8679851563969068,978333423.0,43.25,43.58,43.0,43.52,3569278.0,154499865.0,43.49,0.06898137502875379,10.0,47.84,False,False,True,97.4539817864755
4,600905.SH,三峡能源,0.08910891089108938,15.512465373961227,0.4035408133379981,0.22538359004658898,0.5264875580746582,1.1248151035412564,28587650142.0,3.7,3.72,3.68,3.7,72473943.0,268321334.0,3.7,0.0,10.0,4.07,False,False,True,97.23115675256733
5,601111.SH,中国国航,0.03753351206434332,15.034965034965042,0.8090181668606669,0.45673001030579163,0.6402427058751919,1.0224703466042442,11638109474.0,5.84,5.91,5.81,5.9,54349144.0,319025193.0,5.86,0.6825938566553003,10.0,6.45,False,False,True,96.79325712071304
6,600221.SH,海航控股,0.031250000000000035,17.829457364341074,0.45631534962801484,0.44111805096880546,0.6886166604695493,0.8734894661017486,42845514933.0,1.3,1.31,1.29,1.31,165088898.0,214788169.0,1.31,0.0,10.0,1.44,False,False,True,95.94845960085253
7,601881.SH,中国银河,0.1097372488408038,14.695945945945944,0.6586286484220037,0.32617645467491957,0.6490219354385007,0.7886029983472502,7243417622.999999,12.23,12.23,12.13,12.17,18631789.0,226764696.0,12.25,-0.6530612244897926,10.0,13.48,False,False,True,95.61519085448558
8,601727.SH,上海电气,0.0860655737704918,18.354430379746844,0.8133471349360184,0.37920073678616406,0.4766951278138392,1.1894437931636352,12615639635.999998,6.72,6.79,6.71,6.74,56901324.0,384055566.0,6.74,0.0,10.0,7.41,False,False,True,95.5570625847704
9,001289.SZ,龙源电力,0.06741573033707857,21.304926764314235,0.703548224776433,0.08296345735465202,0.473532936273822,0.9151427090113565,5041934164.0,15.17,15.29,15.14,15.29,3828008.0,58297769.0,15.17,0.7910349373764003,10.0,16.69,False,False,True,95.44468126332106
10,688425.SH,铁建重工,0.1122448979591838,11.428571428571432,0.5883057875423143,0.2499798809298985,0.7311074636171386,0.8691958533480331,5333497000.0,4.06,4.09,4.05,4.07,11588701.0,47176665.0,4.07,0.0,20.0,4.88,False,False,True,95.27610928114707
11,688819.SH,天能股份,0.0440528634361233,21.286889211417503,0.9350344328771655,0.19743534615779848,0.5962377359686309,0.6372519954211734,972100000.0,21.39,21.44,21.16,21.34,1223058.0,26061710.0,21.37,-0.14038371548901196,20.0,25.64,False,False,True,94.42937415229608
12,603885.SH,吉祥航空,0.05163511187607556,19.230769230769205,0.9261147345652809,0.5257559314512426,0.6068173144554042,0.7673486733400394,2169005268.0,10.11,10.19,10.07,10.15,8750594.0,88701073.0,10.18,-0.29469548133594925,10.0,11.2,False,False,True,94.36543305560939
13,002206.SZ,海 利 得,0.11160714285714289,11.834319526627212,0.6646657092661723,0.7553380561763066,0.635578307936923,0.8121793992840992,1056970986.0,5.29,5.32,5.26,5.3,6484200.0,34288233.0,5.32,-0.375939849624074,10.0,5.85,False,False,True,94.32861848478979
14,000157.SZ,中联重科,0.03313253012048176,17.960426179604248,0.8963476288313789,0.6294289447874521,0.6682915937406108,0.6398957115346539,7070417363.0,6.68,6.68,6.62,6.66,28477441.0,189444749.0,6.68,-0.29940119760478723,10.0,7.35,False,False,True,94.28986630497965
15,600406.SH,国电南瑞,0.11330049261083731,19.190968955785493,0.7587980243659563,0.456699417696945,0.5534893764429986,0.6869677111582231,8008176162.0,22.4,22.54,22.26,22.45,25124672.0,563423730.0,22.41,0.17849174475679241,10.0,24.65,False,False,True,93.98759930246077
16,002705.SZ,新宝股份,0.09407665505226485,16.540642722117195,1.004227769811646,0.583920764347726,0.5306704333036416,0.5671497085241074,808103400.0,11.39,11.4,11.26,11.27,2676200.0,30248604.0,11.39,-1.0535557506584858,10.0,12.53,False,False,True,93.97016082154622
17,600271.SH,航天信息,0.07722513089005245,13.070866141732296,1.037302748346625,0.584896009052017,0.6907794604583521,0.6844600126027821,1852884638.0,6.93,6.94,6.86,6.89,7417800.0,51138176.0,6.94,-0.7204610951008772,10.0,7.63,False,False,True,93.90621972485953
18,000625.SZ,长安汽车,0.09843081312410847,20.763358778625964,0.7892389557197305,0.48668989726843,0.5589606149823575,0.9496625138729089,8267021316.0,7.23,7.23,7.15,7.18,38209441.0,274187634.0,7.24,-0.8287292817679592,10.0,7.96,False,False,True,93.4876961829103
19,002736.SZ,国信证券,0.14016736401673635,8.171603677221672,0.7101046926368809,0.23513617383843505,0.7826338688936267,0.604111122122528,9612429377.0,10.13,10.14,10.06,10.1,13654300.0,137813529.0,10.12,-0.19762845849802257,10.0,11.13,False,False,True,93.48188335593876
20,601868.SH,中国能建,0.13043478260869587,19.262295081967217,0.6188655950885542,0.5830636524576299,0.40007751951787157,1.5519463130370554,32428727636.0,2.49,2.53,2.48,2.51,293442201.0,735815945.0,2.49,0.8032128514056103,10.0,2.74,False,False,True,93.45088161209068
21,601456.SH,国联民生,0.11864406779661008,10.356731875719216,0.6968577953237938,0.39313243361971795,0.8216867386744799,0.635607455375562,4376981617.0,8.84,8.85,8.79,8.83,10937110.0,96465226.0,8.84,-0.11312217194570096,10.0,9.72,False,False,True,93.40437899631854
22,605259.SH,绿田机械,0.15028901734104036,14.320388349514568,1.0007368896188762,0.43098356331168436,0.5178826362840884,0.9223304791101007,172480000.0,18.09,18.15,17.95,18.08,685624.0,12368101.0,18.04,0.22172949002217113,10.0,19.84,False,False,True,93.37725247045147
23,301109.SZ,军信股份,0.12568306010928953,16.084484159220125,0.6977888158826273,0.5883529951092715,0.6821640424803842,0.9464985765535457,624288808.0,13.0,13.15,12.95,13.13,3476510.0,45431263.0,13.0,1.0000000000000009,20.0,15.6,False,False,True,93.27068397597364
24,600779.SH,水井坊,0.06399235912129894,18.244803695150114,1.0010533835749325,0.488233258728279,0.7195693835016352,0.7062525713948401,487503198.0,27.3,27.43,27.04,27.2,1680989.0,45784897.0,27.32,-0.43923865300147247,10.0,30.05,False,False,True,92.9897306723503
25,601633.SH,长城汽车,0.06469500924214412,23.72644801116539,0.761134123080982,0.17477320263295198,0.6700651420157258,1.5199038052358158,6213232822.0,15.03,15.03,14.66,14.74,16510277.0,244308517.0,15.03,-1.9294743845642004,10.0,16.53,False,False,True,92.92191435768262
26,601800.SH,中国交建,0.14199395770392742,16.636528028933096,0.8421762384518748,0.21134149737047853,0.7069877190635245,1.0884142633132268,11722873078.999998,6.01,6.03,5.96,6.02,26965785.0,161973939.0,6.0,0.3333333333333188,10.0,6.6,False,False,True,92.91803913970162
27,000958.SZ,电投产融,0.0478260869565215,27.499999999999993,0.6147394237838016,0.22065250650435553,0.4300144152677707,0.7125979380195283,5383418520.0,5.29,5.31,5.27,5.29,8464700.0,44763596.0,5.31,-0.37664783427494575,10.0,5.84,False,False,True,92.74074791707035
28,002959.SZ,小熊电器,0.11767169179229489,16.35157545605306,0.9943082336469148,0.4936175192724061,0.6807236855085331,0.6837899768364477,139794390.0,32.96,32.96,32.41,32.55,471849.0,15365220.0,32.96,-1.2439320388349606,10.0,36.26,False,False,True,92.65646192598334
29,300360.SZ,炬华科技,0.03433476394849789,15.605381165919274,0.8132655437501907,0.8791884502343407,0.7843617506625199,0.6354381340335863,500308887.00000006,11.47,11.52,11.4,11.46,2795075.0,32026081.0,11.47,-0.08718395815169311,20.0,13.76,False,False,True,92.63708583607827
30,600131.SH,国网信通,0.11957569913211188,20.02945508100147,0.906557477702129,0.5175605778748884,0.5569007747127482,0.9946009502234547,1195905149.0,14.79,14.81,14.56,14.59,6156116.0,90022018.0,14.82,-1.5519568151147078,10.0,16.3,False,False,True,92.5014532067429
31,600528.SH,中铁工业,0.1794019933554817,14.528593508500776,0.5082449444479853,0.3900273528106736,0.6856781362621528,0.8599415313391133,2221551588.0,7.02,7.04,6.98,7.03,7451100.0,52252577.0,7.01,0.28530670470756636,10.0,7.71,False,False,True,92.45107537298975
32,000885.SZ,城发环境,0.07122507122507123,11.018363939899833,0.8561190167540227,0.6600749312091199,0.8846463098265575,0.49325213151930436,642078255.0,12.24,12.24,12.17,12.22,2090500.0,25522081.0,12.23,-0.08176614881438837,10.0,13.45,False,False,True,92.38325905832203
33,601186.SH,中国铁建,0.20909090909090905,14.361702127659592,0.627128817446389,0.248547763759362,0.5964115099025779,1.6470739422004874,11503245500.0,6.1,6.15,6.07,6.14,47091589.0,288241721.0,6.1,0.6557377049180246,10.0,6.71,False,False,True,92.05774074791708
34,600009.SH,上海机场,0.13453650533223963,12.448700410396718,0.77801303945561,0.34637561054894045,0.8582025510799641,0.6225333451699261,2480218840.0,23.52,23.59,23.34,23.5,5348105.0,127053059.0,23.57,-0.2969876962240159,10.0,25.93,False,False,True,92.05192792094556
35,002939.SZ,长城证券,0.07789473684210527,11.577608142493624,0.6582936815882856,0.6029402837028605,0.9556313507589075,0.5604347563518678,3602659631.0,8.07,8.09,8.04,8.06,12173700.0,98096156.0,8.09,-0.3708281829418958,10.0,8.9,False,False,True,92.00930052315444
36,601163.SH,三角轮胎,0.12008733624454129,13.68948247078463,0.8203185447574184,0.40935370625000006,0.87197819541715,0.8107191163363261,800000000.0,12.5,12.61,12.46,12.58,2654967.0,33322079.0,12.53,0.3990422984836428,10.0,13.78,False,False,True,91.9647355163728
37,600100.SH,同方股份,0.13989637305699484,15.615141955835977,1.0366275879033238,0.6088992247119699,0.5976459911225566,0.6200336365747956,3350297713.0,6.86,6.89,6.8,6.82,12648647.0,86406746.0,6.88,-0.8720930232558044,10.0,7.57,False,False,True,91.92792094555318
38,600006.SH,东风股份,0.11214953271028044,15.936254980079688,0.9635938891043555,0.5484011075000002,0.7660430822234328,0.7394725219441683,2000000000.0,5.38,5.43,5.35,5.39,8110551.0,43736829.0,5.38,0.18587360594795044,10.0,5.92,False,False,True,91.80585157915134
39,603508.SH,思维列控,0.08134328358208953,15.501222493887546,0.6081164885977797,0.7681753290229567,0.8548419668404795,0.6207543785786374,381274377.0,21.54,21.55,21.28,21.33,1818100.0,38860901.0,21.54,-0.9749303621169991,10.0,23.69,False,False,True,91.80391397016083
40,002978.SZ,安宁股份,0.09717698154180253,18.267266040049044,0.9227074767249089,0.6602597536687864,0.7164057719602354,0.6841510368921916,369279558.00000006,26.22,26.4,26.0,26.18,1668100.0,43697661.0,26.26,-0.30464584920031346,10.0,28.89,False,False,True,91.7574113543887
41,688009.SH,中国通号,0.20382165605095556,13.260869565217392,0.6863476287925828,0.2736483440818655,0.674361057010063,1.019124699205507,8621018000.0,4.91,4.92,4.88,4.88,24042449.0,117672895.0,4.92,-0.8130081300813052,20.0,5.9,False,False,True,91.74966091842667
42,603809.SH,豪能股份,0.04821802935010473,20.432692307692292,0.9195940755032795,0.8359307905827824,0.6736470440814532,0.7574675735110366,920288807.0,8.78,8.8,8.68,8.7,5827181.0,50876207.0,8.78,-0.9111617312072884,10.0,9.66,False,False,True,91.74772330943615
43,000858.SZ,五 粮 液,0.06462898177131292,15.702964484884063,0.7340557296487067,0.6653405849347425,0.9283234981849992,0.6918678636481514,3881513391.0,71.64,71.64,70.95,71.16,17867684.0,1270641223.0,71.65,-0.6838799720865429,10.0,78.82,False,False,True,91.57140089130013
44,300569.SZ,天能重工,0.07522123893805308,15.454545454545453,1.2338086360561267,0.885664947368334,0.46709594608650756,0.8512587401653415,1019647941.0,4.73,4.77,4.69,4.74,7687432.0,36343582.0,4.74,0.0,20.0,5.69,False,False,True,91.47258283278434
45,000987.SZ,越秀资本,0.1200787401574804,17.61442441054093,1.034682140321121,0.5370866301859054,0.7001058296190592,0.6928812494389057,5012547583.0,7.57,7.61,7.53,7.57,18653557.0,141171049.0,7.57,0.0,10.0,8.33,False,False,True,91.34663824840146
46,601377.SH,兴业证券,0.16814159292035394,10.175438596491237,0.535778650882025,0.683958635986381,0.7530477413051337,0.7376733566780738,8635987294.0,5.9,5.94,5.88,5.93,43571843.0,258076955.0,5.91,0.33840947546530664,10.0,6.5,False,False,True,91.29819802363883
47,601390.SH,中国中铁,0.16086956521739137,14.814814814814836,0.9919704780707814,0.4225830804770949,0.715654625473501,0.9825786250827129,20323920329.0,4.42,4.46,4.39,4.44,84389206.0,373908893.0,4.42,0.452488687782826,10.0,4.86,False,False,True,91.2245688819996
48,601117.SH,中国化学,0.1097560975609757,17.018284106891702,0.8526305865804318,0.965921589995634,0.675962872739737,0.6403212039515745,6049451162.0,7.4,7.43,7.36,7.42,37415860.0,276878753.0,7.41,0.13495276653170407,10.0,8.15,False,False,True,91.13156365045532
49,603109.SH,神驰机电,0.11716937354988398,20.45307443365696,0.6790802779538667,0.7317421118365457,0.6914323331402924,0.5334270713191733,208848360.0,17.48,17.54,17.18,17.37,815200.0,14129738.0,17.47,-0.5724098454493287,10.0,19.22,False,False,True,90.99205580313892
50,000541.SZ,佛山照明,0.18055555555555539,14.40501043841338,0.700215928399565,0.47800820498937346,0.7543424186350783,0.7283981746234811,1221592075.0,5.0,5.02,4.98,5.0,4253343.0,21241709.0,5.02,-0.3984063745019806,10.0,5.52,False,False,True,90.89711296260413
51,603167.SH,渤海轮渡,0.07798165137614677,10.611735330836458,0.6915877729166309,0.8438216742784629,0.947613828160775,0.8001469153213533,469144503.0,8.18,8.23,8.15,8.21,3167576.0,25954572.0,8.18,0.3667481662591898,10.0,9.0,False,False,True,90.87386165471807
52,000531.SZ,穗恒运Ａ,0.07333333333333325,26.229508196721298,0.8248362133165592,0.7062474378548339,0.37110304728480054,1.450443795478021,909745488.0,5.7,5.8,5.68,5.78,9319180.0,53618299.0,5.71,1.2259194395796813,10.0,6.28,False,False,True,90.71110249951559
53,603218.SH,日月股份,0.050734312416555495,24.636058230683112,0.9619424862750476,0.577794630669624,0.6729409453596125,0.6007942773625418,1028936500.0,9.28,9.32,9.24,9.28,3571806.0,33138031.0,9.31,-0.3222341568206333,10.0,10.24,False,False,True,90.70528967254408
54,601096.SH,宏盛华源,0.06344410876132917,20.654911838790934,0.9494669766841483,1.018874112457575,0.6288686455053762,0.7313799554980219,1642976541.0000002,4.16,4.2,4.15,4.18,12243200.0,51344852.0,4.18,0.0,10.0,4.6,False,False,True,90.43014919589227
55,601618.SH,中国中冶,0.11578947368421064,15.416666666666679,1.1226357686097161,0.4543001496177605,0.8116929252685439,1.0180208723277906,17852619170.0,2.62,2.63,2.6,2.62,82566049.0,216002485.0,2.62,0.0,10.0,2.88,False,False,True,90.43014919589226
56,600167.SH,联美控股,0.14065510597302494,20.352250489236788,0.8532421449966655,0.3547554227202225,0.7577922322501179,0.9503430950610486,2262840463.0,5.84,5.92,5.78,5.9,7628926.0,44637754.0,5.84,1.0273972602739878,10.0,6.42,False,False,True,90.41464832396822
57,688459.SH,哈铁科技,0.17537313432835808,12.191958495460442,0.8547507937276227,0.23902614583333043,0.8523419008889477,0.7493932628534796,480000000.0,8.16,8.22,8.14,8.2,859798.0,7039049.0,8.18,0.24449877750609694,20.0,9.82,False,False,True,90.337143964348
58,002091.SZ,江苏国泰,0.19364161849711006,14.305949008498597,0.7235612649054152,0.6866124228646725,0.6851677989461065,0.7043690815824131,1602372071.0,7.73,7.75,7.66,7.68,7749529.0,59686342.0,7.73,-0.6468305304010435,10.0,8.5,False,False,True,90.33133113737647
59,002204.SZ,大连重工,0.10725552050473179,16.901408450704224,0.8912505653470969,0.8835301323552844,0.7766914145631129,1.14208469524115,1931370032.0,5.31,5.36,5.28,5.35,19488803.0,103900128.0,5.31,0.7532956685499137,10.0,5.84,False,False,True,90.22088742491766
60,600011.SH,华能国际,0.20068027210884376,18.04281345565748,0.7951250854976039,0.5928636732576055,0.5121726859563568,1.7969893971799114,10997709919.0,6.91,7.05,6.87,7.04,117166273.0,818190757.0,6.9,2.0289855072463725,10.0,7.59,False,False,True,90.21313698895563
61,002230.SZ,科大讯飞,0.02500868357068447,17.5875486381323,0.9170939087453659,1.2867034033856186,0.7011362070631543,0.5854423674329757,2189966940.0,39.27,39.32,38.9,39.04,16496817.0,643898448.0,39.27,-0.5856888209829436,10.0,43.2,False,False,True,90.14919589226893
62,600995.SH,南网储能,0.2173144876325089,19.006102877070607,0.7934783630423303,0.3010139229080615,0.4622497495396264,0.9635498906807363,3196005805.0,12.48,12.59,12.31,12.54,9269757.0,115488036.0,12.43,0.8849557522123908,10.0,13.67,False,False,True,90.0639410966867
63,600307.SH,酒钢宏兴,0.15652173913043477,15.441176470588225,1.192058582386068,0.5753202677197174,0.6201272965582845,1.8016046776592678,6263357424.0,1.54,1.57,1.52,1.56,64919680.0,100842670.0,1.54,1.2987012987013102,10.0,1.69,False,False,True,89.99806239100948
64,605099.SH,共创草坪,0.05566293003478938,19.728813559322035,1.4318148491677172,0.4511634499193109,0.517657357024034,0.8064206606247873,402126336.0,30.04,30.13,29.38,29.54,1462998.0,43364116.0,30.17,-2.088167053364276,10.0,33.19,False,False,True,89.92443324937028
65,600050.SH,中国联通,0.18562874251497014,15.521628498727736,0.7728792418094377,0.39182179187899496,0.7962055934576358,0.907093150151232,30990409152.0,4.24,4.26,4.19,4.21,110145760.0,463850205.0,4.24,-0.7075471698113289,10.0,4.66,False,False,True,89.90796357295098
66,002304.SZ,洋河股份,0.07470435535044696,16.554327311943908,1.2067999157049984,0.35560702547498796,0.8793898000692757,0.8455911541520928,1506409974.0,39.61,39.62,39.1,39.12,4529747.0,177890685.0,39.68,-1.4112903225806495,10.0,43.65,False,False,True,89.87793063359814
67,603515.SH,欧普照明,0.03243243243243238,17.925147734734082,0.9582108930490285,0.22004099518466846,1.0991256643759097,0.8684355377523562,737750549.0,15.39,15.39,15.12,15.15,1409778.0,21425551.0,15.41,-1.6872160934458091,10.0,16.95,False,False,True,89.85274171672157
68,601878.SH,浙商证券,0.1945392491467572,9.677419354838701,0.647424872101036,0.4606579530257402,0.8379358620686767,0.6563555901820127,4535015039.0,9.36,9.36,9.29,9.32,13783972.0,128474607.0,9.37,-0.5336179295624244,10.0,10.31,False,False,True,89.82367758186399
69,300470.SZ,中密控股,0.08110119047619048,17.143919672740804,0.8089206123486493,0.970363978334569,0.8486981977739488,0.5294368839741002,197334685.0,27.9,28.05,27.76,27.96,1013800.0,28253467.0,27.98,-0.07147962830592602,20.0,33.58,False,False,True,89.8004262739779
70,601788.SH,光大证券,0.19110378912685339,10.19382627422829,0.8526200525353597,0.5125656820561441,0.7945674296357134,0.5858862405575842,3906698839.0,14.44,14.45,14.35,14.38,11732019.0,168730989.0,14.45,-0.48442906574392985,10.0,15.9,False,False,True,89.78298779306336
71,002032.SZ,苏 泊 尔,0.07829534192269569,21.278798860988868,0.7643906059658507,0.21616641945536402,0.9712735695845729,1.2437019743360154,799580533.0,39.46,39.46,38.88,39.11,2149613.0,84054512.0,39.42,-0.7864028411973645,10.0,43.36,False,False,True,89.75004844022476
72,688533.SH,上声电子,0.03967168262653912,21.595528455284562,1.1158325964004498,0.525243793440851,0.8144480643825813,0.8315241715306371,164987108.99999997,20.16,20.33,19.88,19.99,720586.0,14442150.0,20.26,-1.332675222112556,20.0,24.31,False,False,True,89.60666537492733
73,600742.SH,富维股份,0.21559633027522926,14.756446991403994,0.7927207349366117,0.539301588457681,0.6951646667620194,0.6916313046344318,743057880.0,7.91,7.91,7.83,7.87,2771590.0,21791072.0,7.92,-0.631313131313127,10.0,8.71,False,False,True,89.47490796357295
74,600894.SH,广日股份,0.14675767918088756,15.74468085106384,0.8769897609019364,0.6037768890240345,0.8684344144712476,0.4838944608781881,843144445.0,7.48,7.49,7.41,7.45,2463367.0,18339578.0,7.48,-0.40106951871657914,10.0,8.23,False,False,True,89.38384034101918
75,601992.SH,金隅集团,0.15533980582524268,17.322834645669282,1.1407730809773446,0.4784576748709515,0.7137300372257979,1.02583998247231,8334158264.0,1.43,1.43,1.41,1.42,40905800.0,58109202.0,1.43,-0.6993006993006978,10.0,1.57,False,False,True,89.28695989149391
76,600741.SH,华域汽车,0.18983050847457614,17.94158553546592,0.7417013078991956,0.41441079099551903,0.7693070404701423,1.2282024093815305,3152723984.0,15.46,15.68,15.44,15.49,16046745.0,249550963.0,15.5,-0.0645161290322549,10.0,17.05,False,False,True,89.26564619259834
77,601012.SH,隆基绿能,0.038651315789473735,18.667835232252393,1.2765124133863082,1.0111770195926637,0.5873029054344289,0.5455335085587997,7578061602.0,11.9,11.94,11.78,11.83,41802933.0,494840020.0,11.88,-0.42087542087542174,10.0,13.07,False,False,True,89.2559581476458
78,600115.SH,中国东航,0.029220779220779314,24.705882352941178,1.0111709020438708,0.8131904950765712,0.6917922730714474,0.9322927771488491,17024964893.0,3.48,3.52,3.45,3.51,129071643.0,450336144.0,3.49,0.5730659025787732,10.0,3.84,False,False,True,89.14938965316799
79,600755.SH,厦门国贸,0.15686274509803932,13.221601489757905,0.8756289757191565,0.6660739192977214,0.8801726487422195,0.8320664473528744,2132158487.0,5.83,5.84,5.78,5.8,11816801.0,68610562.0,5.83,-0.5145797598627877,10.0,6.41,False,False,True,89.10869986436737
80,600761.SH,安徽合力,0.07079646017699098,17.721518987341778,0.7631043866980975,1.12360428738232,0.8406724808941358,0.5464312929852985,890692761.0,16.37,16.5,16.32,16.42,5468609.0,89808020.0,16.36,0.3667481662591898,10.0,18.0,False,False,True,89.06413485758574
81,001213.SZ,中铁特货,0.2525252525252526,9.63855421686748,0.751686080596996,0.14915550826491147,0.7233796238578206,0.9344107813061607,4444444444.0,3.56,3.59,3.55,3.58,6194334.0,22128569.0,3.57,0.2801120448179262,10.0,3.93,False,False,True,88.97694245301298
82,600104.SH,上汽集团,0.15527950310559005,20.41259500542887,0.8982776884319261,0.31196746783642854,0.8052300124386575,1.85905576692809,11495277504.0,10.71,10.99,10.67,10.93,66668577.0,724944527.0,10.71,2.0541549953314586,10.0,11.78,False,False,True,88.94206549118388
83,600567.SH,山鹰国际,0.13253012048192755,11.627906976744185,0.7784120591106236,0.9839052606118704,0.8781629582242603,1.0855457432473226,6205458106.0,1.38,1.38,1.36,1.37,66278895.0,90769243.0,1.38,-0.7246376811594013,10.0,1.52,False,False,True,88.86456113156366
84,600023.SH,浙能电力,0.17679558011049695,25.85470085470085,0.6018087011686546,0.2488390772982455,0.5510936154160095,2.92858189073043,13408732749.0,4.93,5.03,4.92,5.02,97715552.0,488224324.0,4.93,1.8255578093306246,10.0,5.42,False,False,True,88.85681069560162
85,002145.SZ,钛能化学,0.11219512195121974,20.095693779904302,0.8880230802750153,0.9446222202719505,0.7409747980421935,0.7663332314207651,3806474258.000001,4.3,4.34,4.29,4.31,27554892.0,118760474.0,4.32,-0.23148148148149916,10.0,4.75,False,False,True,88.8432474326681
86,000877.SZ,天山股份,0.0895522388059701,15.81920903954801,1.2084048839810235,0.170275171186033,0.9658937431463954,1.0770431884697023,7110490194.0,3.86,3.86,3.78,3.81,13040192.0,49784976.0,3.84,-0.78125,10.0,4.22,False,False,True,88.79674481689594
87,600101.SH,明星电力,0.08250000000000003,22.015915119363385,0.6402710165531372,1.3913923481719872,0.4164081408218937,1.3747621399237417,547862471.0,7.85,7.98,7.81,7.95,10479697.0,82893486.0,7.87,1.016518424396451,10.0,8.66,False,False,True,88.79286959891493
88,600517.SH,国网英大,0.17049180327868863,15.929203539823034,0.9887634518339923,0.3645034032579609,0.8555691355665783,0.5710737460179524,5718435744.0,5.02,5.04,4.99,5.01,11903400.0,60198182.0,5.04,-0.5952380952381042,10.0,5.54,False,False,True,88.78705677194341
89,603299.SH,苏盐井神,0.1085271317829457,16.04651162790698,0.9327253509683459,0.6360973756426985,0.9777850997565459,0.6087743322743634,944420338.0,9.03,9.05,8.95,8.99,3374252.0,30355809.0,9.02,-0.3325942350332567,10.0,9.92,False,False,True,88.78318155396242
90,002101.SZ,广东鸿图,0.1581325301204819,20.74263764404609,0.9691611701424685,0.602120514545212,0.6879491610082566,0.9883090515410682,662212199.0,8.8,8.99,8.8,8.9,3940700.0,35143126.0,8.86,0.4514672686230403,10.0,9.75,False,False,True,88.77930633598139
91,000544.SZ,中原环保,0.23706896551724127,10.85383502170767,0.7046237801129562,0.338984973155739,0.769444864276118,0.8539909222179753,974684488.0,7.46,7.47,7.41,7.45,2821615.0,21008927.0,7.46,-0.13404825737265424,10.0,8.21,False,False,True,88.7754311180004
92,600600.SH,青岛啤酒,0.18202764976958508,19.54046781204719,0.6242817967036757,0.5865178521609901,0.7485499730394962,0.8376273494808224,709125943.0,51.2,51.49,51.03,51.38,3483818.0,178723499.0,51.47,-0.17485914124731883,10.0,56.62,False,False,True,88.6766130594846
93,300140.SZ,节能环境,0.20224719101123614,18.711018711018724,0.9550125332749249,0.3417417257855665,0.6924339468629159,0.7185792960345914,3095265928.0,5.55,5.55,5.46,5.51,7600999.0,41787178.0,5.53,-0.3616636528029016,20.0,6.64,False,False,True,88.64948653361752
94,600332.SH,白云山,0.12898936170212752,17.99053129931614,0.828328158895491,0.6095865832336287,0.9306763139967914,0.6753814700387134,1405890949.0,19.95,19.98,19.83,19.89,5788102.0,116869393.0,19.98,-0.45045045045044585,10.0,21.98,False,False,True,88.647548924627
95,688538.SH,和辉光电-U,0.022222222222222244,25.688073394495415,0.6087362273013037,0.9754293492553235,0.7484867633829104,0.9959392161992991,5752235725.0,2.19,2.2,2.18,2.18,55881149.0,122260675.0,2.19,-0.45662100456620447,20.0,2.63,False,False,True,88.62817283472194
96,603611.SH,诺力股份,0.08673978065802601,19.5483870967742,1.1007731110917152,0.8111499937125529,0.7818732144293752,0.4661338001179979,257600791.0,16.38,16.38,16.21,16.3,974000.0,15838242.0,16.37,-0.42761148442272967,10.0,18.01,False,False,True,88.61267196279792
97,002675.SZ,东诚药业,0.13691931540342267,13.858921161825721,0.9783416530442711,0.9982780917932915,0.7901439148808402,0.8224332937290437,743383994.0,12.6,12.72,12.51,12.62,6103310.0,76955284.0,12.61,0.07930214115781098,10.0,13.87,False,False,True,88.59910869986436
98,601369.SH,陕鼓动力,0.15227272727272706,22.50922509225093,0.7907690979261828,0.546046538531519,0.7433377214001372,0.5960746197929984,1706211292.0,8.59,8.65,8.54,8.56,5553453.0,47616594.0,8.62,-0.6960556844547439,10.0,9.48,False,False,True,88.56035652005426
99,688349.SH,三一重能,0.025600000000000022,23.455824863174346,1.1574012057523473,0.43385891654347697,0.833397523103166,0.838220140562095,1566188095.0,13.09,13.11,12.9,13.01,5695745.0,73941399.0,13.11,-0.7627765064835978,20.0,15.73,False,False,True,88.56035652005424
100,600585.SH,海螺水泥,0.17671092951991835,15.318097591105628,0.9181951764005511,0.5838715912440685,0.8367714426278747,0.5493426595580032,3977460044.0,17.9,17.92,17.76,17.86,12757527.0,227535369.0,17.92,-0.33482142857144126,10.0,19.71,False,False,True,88.52547955822516
101,603788.SH,宁波高发,0.21673003802281354,18.51265822784809,0.8852876187084135,0.5030847546241476,0.6333085869205757,0.8674875168902759,223065068.0,13.8,13.8,13.61,13.67,973500.0,13311572.0,13.78,-0.7982583454281489,10.0,15.16,False,False,True,88.49254020538656
102,002010.SZ,传化智联,0.14583333333333326,16.09195402298851,1.0955166024051048,0.6200657741896846,0.8117074580311229,0.8495575949906009,2757765331.0,4.76,4.77,4.71,4.74,14527400.0,68807758.0,4.77,-0.6289308176100517,10.0,5.25,False,False,True,88.48866498740554
103,000591.SZ,太阳能,0.08646616541353366,25.970873786407765,0.9805608371174162,0.9006827981537695,0.4805825426394429,1.0743969718501507,3903396026.0,4.36,4.38,4.32,4.37,37772807.0,164441758.0,4.35,0.45977011494253706,10.0,4.79,False,False,True,88.43247432668088
104,601200.SH,上海环境,0.24615384615384606,13.593749999999982,0.6736757063952636,0.46406669626976993,0.7307849367962433,0.74724418633733,1346230251.0,7.04,7.06,7.0,7.03,4668338.0,32849584.0,7.04,-0.14204545454544748,10.0,7.74,False,False,True,88.31428017826002
105,000030.SZ,富奥股份,0.14754098360655743,16.010498687664043,1.0359441218567018,0.5901307447448555,0.8643370428257707,0.9170832464710413,1670808645.0,4.09,4.1,4.05,4.07,9042400.0,36828906.0,4.08,-0.2450980392156854,10.0,4.49,False,False,True,88.31428017826002
106,603210.SH,泰鸿万立,0.08932038834951457,15.074980268350435,0.8067996341969806,1.1155438751060958,0.9293978760361029,0.9708780130956015,232677500.0,13.53,13.61,13.34,13.36,2520030.0,33821853.0,13.59,-1.692420897718916,10.0,14.95,False,False,True,88.25033908157334
107,300185.SZ,通裕重工,0.10928961748633889,19.92337164750959,0.8580471828763775,1.3763724569130276,0.5429114871539635,1.202215234833394,3846459090.0,2.74,2.78,2.73,2.78,63647200.0,175867170.0,2.75,1.0909090909090757,20.0,3.3,False,False,True,88.24452625460182
108,002480.SZ,新筑股份,0.1868512110726644,20.77393075356415,0.8995204941106932,0.7416859056452232,0.5495072473925214,0.7712812417740423,767487470.9999999,5.44,5.45,5.37,5.38,4390400.0,23676087.0,5.45,-1.2844036697247763,10.0,6.0,False,False,True,88.21739972873475
109,600132.SH,重庆啤酒,0.054375970999482,23.654536135315208,0.967287926590329,0.7043602623642025,0.841271633020169,0.634275423913773,483971198.0,39.97,40.21,39.59,39.71,2162182.0,86010712.0,40.07,-0.8984277514349825,10.0,44.08,False,False,True,88.17670993993413
110,600958.SH,东方证券,0.21305841924398597,10.844748858447506,0.5934786831088023,0.6175461573426481,0.8381619863017152,0.6662815255186448,7469482864.0,9.16,9.19,9.11,9.14,30733904.0,280958227.0,9.19,-0.5440696409140244,10.0,10.11,False,False,True,88.15539624103856
111,002139.SZ,拓邦股份,0.058897243107769504,20.20316027088038,1.1200730390253253,1.1751551548410808,0.6695354876133355,0.6314301652426203,1071089847.0,9.34,9.35,9.22,9.26,7947791.0,73783137.0,9.33,-0.7502679528403,10.0,10.26,False,False,True,88.13795776012401
112,002223.SZ,鱼跃医疗,0.10056925996204923,19.167020824479387,1.0411225943714346,0.853002094775538,0.8151311587528783,0.5454234932417765,942293319.0,25.78,25.96,25.52,25.71,4383995.0,112697863.0,25.65,0.2339181286549863,10.0,28.22,False,False,True,88.12051927920946
113,002236.SZ,大华股份,0.07550644567219156,12.83043197936815,0.6376423580899753,1.3769744380641005,0.8999212820536543,0.5170780428869098,2391139515.0,15.84,15.88,15.79,15.84,17024991.0,274738570.0,15.89,-0.3146633102580232,10.0,17.48,False,False,True,88.09145514435185
114,600372.SH,中航机载,0.21472392638036794,14.354527938342954,0.9383378106589069,0.5198484824834905,0.7653765368559027,2.115381896082902,4838896630.0,11.78,12.06,11.72,11.94,53212285.0,634990895.0,11.78,1.3582342954159499,10.0,12.96,False,False,True,88.05076535555125
115,688334.SH,西高院,0.1244483671668138,28.392109982068135,0.8790434986867478,0.43428206026356103,0.6280265200147406,1.0330323467983897,312171069.0,18.04,18.33,18.04,18.32,1400485.0,25854903.0,18.14,0.9922822491730932,20.0,21.77,False,False,True,88.0313892656462
116,603656.SH,泰禾智能,0.14435946462715105,18.91045710707575,1.1189621219822796,0.8512594509230398,0.6713747419844905,0.7293848840232123,182945358.0,17.37,17.69,17.33,17.38,1135900.0,19876161.0,17.48,-0.5720823798627039,10.0,19.23,False,False,True,87.99651230381708
117,300015.SZ,爱尔眼科,0.119460500963391,20.051746442432062,1.0657484646838857,0.7546409966827929,0.7746034149286144,0.6442112250255216,7957892308.0,8.35,8.35,8.22,8.24,38685036.0,319600365.0,8.35,-1.3173652694610682,20.0,10.02,False,False,True,87.9674481689595
118,601686.SH,友发集团,0.2304526748971192,13.800424628450102,0.7133501808256865,0.310908920384253,0.8451687673890029,0.9419808068090632,1479347326.0,5.25,5.29,5.23,5.27,4332568.0,22828558.0,5.27,0.0,10.0,5.8,False,False,True,87.7988761867855
119,000682.SZ,东方电子,0.06040268456375831,30.831826401446662,0.8127008052479555,0.8407899888296161,0.46376582243325887,0.772665481434441,1340600019.0,11.17,11.26,11.12,11.22,8709200.0,97841192.0,11.16,0.5376344086021501,10.0,12.28,False,False,True,87.77756248788995
120,600959.SH,江苏有线,0.2100000000000002,15.714285714285726,1.0712336178243576,0.5831264786580036,0.6856530612093742,1.3801353765466429,5000717686.0,3.2,3.21,3.16,3.17,40245450.0,127791964.0,3.22,-1.552795031055909,10.0,3.54,False,False,True,87.73687269908933
121,601888.SH,中国中免,0.09639290809048305,19.334135579622934,0.9833714326719983,1.1467253722487545,0.7487104772766139,0.938083635596419,1952475544.0,54.3,54.3,53.4,53.74,21003254.0,1128285920.0,54.59,-1.5570617329181191,10.0,60.05,False,False,True,87.72912226312731
122,600956.SH,新天绿能,0.18181818181818188,27.457098283931348,0.7494544511568135,0.2700760074403225,0.41470672719093077,1.475884533459776,2348088677.0,7.26,7.4,7.19,7.36,9359505.0,68575772.0,7.23,1.7980636237897585,10.0,7.95,False,False,True,87.72330943615577
123,600987.SH,航民股份,0.23529411764705904,14.74036850921272,0.7124617299849066,0.5285801617423604,0.7684314415628313,0.7204245569608125,1020818873.0,6.56,6.56,6.51,6.54,3887300.0,25391716.0,6.57,-0.45662100456621557,10.0,7.23,False,False,True,87.70005812826972
124,002191.SZ,劲嘉股份,0.14285714285714285,20.281690140845065,1.0232441523104174,0.7171944447616015,0.7694474416739145,1.0749914770563311,1402715536.0000002,3.66,3.71,3.63,3.67,10814627.0,39611697.0,3.67,0.0,10.0,4.04,False,False,True,87.61092811470644
125,600983.SH,惠而浦,0.1796875,23.14540059347181,0.9563451782029112,0.2887194284215645,0.6976102089008215,1.116203418899439,766439000.0,7.65,7.65,7.42,7.44,2470000.0,18538158.0,7.66,-2.8720626631853707,10.0,8.43,False,False,True,87.60511528773493
126,605050.SH,福然德,0.11917494270435451,26.262626262626256,1.1918465435882841,0.39302994316807155,0.5551637288621382,1.017932036761095,492829181.0,10.47,10.61,10.35,10.47,1971700.0,20613801.0,10.47,0.0,10.0,11.52,False,False,True,87.59736485177292
127,600098.SH,广州发展,0.2068965517241381,16.58119658119659,0.9784063227255535,0.615441797300631,0.7305932703320172,0.8501670941873495,3505864981.0000005,6.36,6.38,6.27,6.37,18343680.0,116209947.0,6.33,0.6319115323854652,10.0,6.96,False,False,True,87.58186397984888
128,603357.SH,设计总院,0.17377049180327853,16.637168141592905,0.8469882371352029,0.577593304829231,0.9316123360947017,0.5801624710288477,560543253.0,6.16,6.18,6.11,6.17,1878369.0,11545221.0,6.18,-0.16181229773462036,10.0,6.8,False,False,True,87.3900406897888
129,601311.SH,骆驼股份,0.1330166270783849,14.305750350631152,1.1253259482051063,1.02302925150198,0.7878541416338088,0.7864148130004314,1173146118.0,7.67,7.67,7.58,7.6,9438258.0,71938408.0,7.69,-1.170351105331613,10.0,8.46,False,False,True,87.34935090098817
130,601990.SH,南京证券,0.2204081632653062,8.920187793427225,0.8564053362310281,0.40411766143204203,0.9055738994043736,0.6495472382721362,4231724800.0,6.79,6.81,6.74,6.76,11108003.0,75212045.0,6.79,-0.44182621502208974,10.0,7.47,False,False,True,87.26797132338694
131,600897.SH,厦门空港,0.21175030599755204,14.618181818181819,0.8332532242559626,0.43487158639016704,0.8928920107543323,1.4557227773557018,416934000.0,15.49,15.56,15.19,15.48,2639411.0,40637155.0,15.43,0.3240440699935343,10.0,16.97,False,False,True,87.26603371439643
132,600010.SH,包钢股份,0.12408759124087584,23.529411764705888,0.9206788637713954,1.0782943367535518,0.5828756187478903,0.6730492831228558,31318211887.0,2.21,2.23,2.2,2.22,227290429.0,503522931.0,2.21,0.452488687782826,10.0,2.43,False,False,True,87.25731447393916
133,002233.SZ,塔牌集团,0.0965517241379311,14.03762662807524,0.9317564011327374,0.8913157686439004,1.0895291701137504,0.7897584772248065,1173623408.0,7.21,7.25,7.11,7.14,8261419.0,59134996.0,7.19,-0.6954102920723293,10.0,7.91,False,False,True,87.13621391203255
134,002140.SZ,东华科技,0.13323572474377748,20.946745562130186,0.9410085747857199,0.778454196094223,0.8211321152251977,0.5464511856142632,706908875.0,9.34,9.36,9.28,9.32,3007100.0,28009031.0,9.36,-0.42735042735041473,10.0,10.3,False,False,True,87.12071304010851
135,002797.SZ,第一创业,0.20952380952380967,11.97411003236246,0.9081617904865468,1.1977807455263603,0.5577098647904031,0.7172039159319169,4202400000.0,6.47,6.47,6.4,6.42,36100845.0,232532047.0,6.48,-0.92592592592593,10.0,7.13,False,False,True,87.09939934121294
136,601880.SH,辽港股份,0.2456140350877192,16.541353383458635,0.9951084410562128,0.3582019116953901,0.6914516514767528,1.8700509323415515,18413051214.0,1.47,1.49,1.45,1.48,123340895.0,181984583.0,1.47,0.6802721088435382,10.0,1.62,False,False,True,87.0858360782794
137,000631.SZ,顺发恒能,0.16111111111111093,20.220588235294112,1.211924284311044,0.5045257248327409,0.7015618423760122,0.9296735933352339,2300000085.0,3.0,3.04,2.98,3.03,10788018.0,32507351.0,3.01,0.6644518272425293,10.0,3.31,False,False,True,87.07227281534587
138,000166.SZ,申万宏源,0.29230769230769227,9.557109557109555,0.6440398566972899,0.27368033892101495,0.7344992683857543,0.7143652923948778,22535507316.0,4.54,4.56,4.52,4.55,44058660.0,199995569.0,4.54,0.22026431718060735,10.0,4.99,False,False,True,87.02577019957373
139,002352.SZ,顺丰控股,0.15657036346691522,17.69464105156724,0.9763482898034683,0.4151963273362115,0.9838012813029275,0.6643313200607557,4799115259.0,31.31,31.31,31.01,31.13,13237300.0,418147897.0,31.35,-0.7017543859649145,10.0,34.49,False,False,True,86.99476845572563
140,600618.SH,氯碱化工,0.15402843601895744,17.577706323687046,1.0303276010879945,0.9264987293768876,0.7754240927947392,1.0352170820894464,749839976.0,10.56,10.77,10.55,10.72,7191920.0,76857378.0,10.63,0.8466603951081897,10.0,11.69,False,False,True,86.97345475683007
141,688232.SH,新点软件,0.08158995815899593,23.00724637681162,1.1601805965095742,0.626975531782481,0.8167051807979545,1.276617856550906,321981975.0,18.07,18.14,17.58,17.68,2577170.0,45935957.0,18.12,-2.428256070640189,20.0,21.74,False,False,True,86.95989149389654
142,600329.SH,达仁堂,0.22968749999999988,20.716034271725835,0.7965154988739294,0.42853094036911754,0.6927969627188997,0.7248513761487521,567089356.0,35.62,35.65,35.13,35.23,1761500.0,62218598.0,35.62,-1.0948905109489093,10.0,39.18,False,False,True,86.95601627591552
143,600933.SH,爱柯迪,0.09402460456941991,28.41091492776886,0.8973565248917271,0.787301377367096,0.6556607925252153,0.9033175946737511,981013104.0,13.53,13.57,13.27,13.33,6976800.0,93184458.0,13.53,-1.4781966001478186,10.0,14.88,False,False,True,86.95214105793451
144,603693.SH,江苏新能,0.044565217391304174,35.49270072992699,0.8613255434684659,0.5917502445495165,0.3514975713114918,1.109225661343511,891475880.0,11.36,11.54,11.3,11.51,5851510.0,66995312.0,11.37,1.2313104661389573,10.0,12.51,False,False,True,86.8494477814377
145,600935.SH,华塑股份,0.20312499999999986,16.203703703703674,1.1299517851420642,0.49648782156698645,0.7696001085954189,2.0467155493085767,3507401812.0,2.43,2.44,2.39,2.42,35641142.0,86244491.0,2.42,0.0,10.0,2.66,False,False,True,86.72737841503584
146,002533.SZ,金杯电工,0.19734660033167514,19.422310756972117,0.9501357640482049,1.00431169688691,0.5466637654136438,0.845838586339888,646143983.0,11.28,11.28,11.14,11.27,5488900.0,61643424.0,11.23,0.3561887800534125,10.0,12.35,False,False,True,86.61112187560552
147,600862.SH,中航高科,0.17383820998278823,21.69096209912538,0.8662889717056445,0.8746197415996705,0.705679331215271,2.1110286478878963,1393049107.0,18.56,19.24,18.46,19.05,25720525.0,488137429.0,18.57,2.584814216478204,10.0,20.43,False,False,True,86.5762449137764
148,688016.SH,心脉医疗,0.11576276562004457,16.920676827073102,1.0278765749167451,1.2132481871944425,0.8062129283531502,0.679175999819188,123262117.0,86.73,87.12,85.51,85.87,1015691.0,87441053.0,86.98,-1.2761554380317341,20.0,104.38,False,False,True,86.57236969579539
149,600061.SH,国投资本,0.23979591836734682,8.780487804878057,0.8116205210116352,0.494234230878403,0.8716317204537967,0.6828462422146039,6394097773.0,6.46,6.49,6.43,6.48,21579184.0,139378296.0,6.47,0.15455950540959051,10.0,7.12,False,False,True,86.53943034295679
150,600452.SH,涪陵电力,0.058897243107769275,23.148148148148138,0.9259966338374712,1.4627867322365433,0.6491471064586756,0.8798204263570649,1536541654.0,9.11,9.17,9.02,9.14,19775132.0,180776538.0,9.11,0.3293084522502765,10.0,10.02,False,False,True,86.5374927339663
151,600021.SH,上海电力,0.017907106883044224,31.638846737481053,0.92411876151993,0.9062674198732085,0.5972512304564873,1.0785782160721455,2821875805.0,13.47,13.67,13.41,13.66,27583280.0,374812979.0,13.5,1.185185185185178,10.0,14.85,False,False,True,86.49874055415617
152,002641.SZ,公元股份,0.17989417989418005,17.344173441734423,1.0271298587444444,0.722487346104549,0.8177897247087909,0.703467751316869,1133957528.0,4.03,4.04,3.97,4.01,5763300.0,23054252.0,4.03,-0.49627791563277013,10.0,4.43,False,False,True,86.47936446425112
153,600850.SH,电科数字,0.06560392397302271,24.310216256524985,1.0313881993233767,1.0577428124686186,0.7368381526951863,0.6742450324579407,816238489.0,14.42,14.58,14.22,14.28,5821232.0,83569398.0,14.48,-1.3812154696132617,10.0,15.93,False,False,True,86.4754892462701
154,600125.SH,铁龙物流,0.21739130434782614,13.147410358565747,0.8609032961154849,0.8071088627351427,0.8223535325242252,0.9644611973954309,1305521874.0,5.47,5.5,5.43,5.5,10162511.0,55653082.0,5.47,0.5484460694698434,10.0,6.02,False,False,True,86.33210618097269
155,301613.SZ,新铝时代,0.05204317656129534,22.8620788943277,1.1298680181824172,1.122187671418037,0.7432576639388424,0.5170799490127473,83901247.0,36.08,36.18,35.53,35.75,486846.0,17407273.0,36.08,-0.9146341463414642,20.0,43.3,False,False,True,86.22553768649487
156,603310.SH,巍华新材,0.17499999999999988,19.12919343326196,0.6348792297076499,0.8343386165661515,0.8762192880794254,0.900475495665396,194010000.0,14.79,14.82,14.66,14.79,1457600.0,21503140.0,14.78,0.06765899864682456,10.0,16.26,False,False,True,86.20616159658982
157,603194.SH,中力股份,0.22815210140093403,17.802332719459812,0.9112591721785975,0.6797080191017794,0.7290216876366762,0.8201324691729501,158026913.0,34.31,34.57,33.94,33.95,880922.0,30082915.0,34.46,-1.4799767846778833,10.0,37.91,False,False,True,86.1693470257702
158,600208.SH,衢州发展,0.07526881720430108,18.61313868613137,1.2884648439535065,0.9779186160658399,0.8067857442661966,0.7839092534808901,8507976337.0,2.92,2.93,2.88,2.89,65222100.0,189039597.0,2.93,-1.3651877133105783,10.0,3.22,False,False,True,86.15190854485564
159,000875.SZ,电投绿能,0.05769230769230769,28.6624203821656,1.065116394458847,0.9557017664066725,0.6088852954987969,1.3283824817242809,3342439867.0,4.92,5.07,4.9,5.01,42433527.0,212103581.0,4.92,1.8292682926829285,10.0,5.41,False,False,True,86.14997093586514
160,600273.SH,嘉化能源,0.09945750452079564,12.796208530805675,1.0807309809818109,1.2173232369232265,0.9228360560628459,0.6186932298420899,1311309122.0,6.87,6.89,6.79,6.84,9876120.0,67543180.0,6.88,-0.5813953488372103,10.0,7.57,False,False,True,86.14803332687464
161,605005.SH,合兴股份,0.25348189415041755,18.00418702023727,1.052782921628008,0.3076887905236865,0.6618205492678217,1.4355276311715197,401000000.0,16.17,16.39,16.13,16.21,1771200.0,28793168.0,16.15,0.37151702786379914,10.0,17.77,False,False,True,86.12671962797907
162,600718.SH,东软集团,0.17971530249110332,23.68794326241137,0.8884004239328647,0.699606568777653,0.7063216023941318,0.8022232197096117,1196438852.0,8.06,8.06,7.95,7.95,6714901.0,53651033.0,8.06,-1.3647642679900818,10.0,8.87,False,False,True,86.08602983917845
163,000027.SZ,深圳能源,0.19583333333333364,27.33446519524618,0.8058830366395459,0.47441028586061706,0.5788741945709335,0.9896763502179448,4757389916.0,6.36,6.42,6.33,6.41,22336547.0,142663775.0,6.36,0.7861635220125729,10.0,7.0,False,False,True,86.04727765936833
164,600480.SH,凌云股份,0.06537890044576515,28.101265822784804,1.1572623925162069,0.9026974755020494,0.5958218257763075,0.681149048303829,1213185142.0,8.33,8.37,8.28,8.29,7459530.0,62003434.0,8.34,-0.5995203836930529,10.0,9.17,False,False,True,85.8942065491184
165,601956.SH,东贝集团,0.1626898047722343,19.168591224018485,1.0994342250874256,0.805798225237195,0.7894105080840509,0.8135396231578655,621616590.0,5.07,5.07,4.99,5.02,4075000.0,20432187.0,5.08,-1.1811023622047334,10.0,5.59,False,False,True,85.8670800232513
166,000800.SZ,一汽解放,0.23499999999999988,17.38351254480286,0.861058661447867,0.26230441931659854,0.864858759193491,0.7479249033114141,4920635033.0,6.05,6.09,6.03,6.08,9653499.0,58540076.0,6.05,0.49586776859504855,10.0,6.66,False,False,True,85.8632048052703
167,002892.SZ,科力尔,0.06020066889632118,22.700814901047718,1.1448849087889428,1.1740063563317884,0.7276187002050128,0.8168034520035549,501123935.0,9.1,9.14,8.99,9.02,4805440.0,43436570.0,9.13,-1.2048192771084487,10.0,10.04,False,False,True,85.85545436930828
168,002340.SZ,格林美,0.06940874035989708,26.504065040650392,0.8857469657277262,1.4016025550108488,0.5213962225311958,0.6982527364580987,5075981882.0,6.43,6.43,6.37,6.4,49677255.0,317947801.0,6.42,-0.31152647975076775,10.0,7.06,False,False,True,85.8322030614222
169,002232.SZ,启明信息,0.1478420569329661,19.580419580419584,0.9579362900885757,0.9214287323641885,0.8600619192570786,0.578762897007221,408548455.00000006,14.48,14.49,14.29,14.32,2178743.0,31342277.0,14.48,-1.104972375690605,10.0,15.93,False,False,True,85.74888587483045
170,603035.SH,常熟汽饰,0.08561643835616438,15.513833992094872,1.110432226483346,1.0380750953440046,1.0120456322414757,0.6472330563331521,366347080.0,10.86,10.91,10.79,10.83,2461400.0,26628894.0,10.87,-0.36798528058876734,10.0,11.96,False,False,True,85.71207130401086
171,000913.SZ,钱江摩托,0.157142857142857,23.123123123123122,0.8516512079015678,0.7726441899188403,0.8183432987138901,0.4999324257589772,520102675.0,11.21,11.23,11.1,11.12,2009000.0,22405355.0,11.2,-0.7142857142857117,10.0,12.32,False,False,True,85.63069172640961
172,600168.SH,武汉控股,0.2135231316725979,15.521628498727736,0.7122427459684388,0.5999773641483466,0.9612036638935505,0.626690165250666,993397569.0,4.51,4.53,4.46,4.52,3735174.0,16813421.0,4.53,-0.22075055187639192,10.0,4.98,False,False,True,85.62197248595234
173,601005.SH,重庆钢铁,0.21428571428571414,12.5,0.7466246563502654,0.7397879658840214,0.9514365205271141,1.850162263330306,8313636567.000001,1.24,1.26,1.23,1.25,113791053.0,141903082.0,1.24,0.8064516129032251,10.0,1.36,False,False,True,85.56868823871343
174,000401.SZ,金隅冀东,0.19587628865979395,16.96969696969697,1.0866178540680373,0.34715948753161147,0.931708306781084,0.7130953276839722,2631354687.9999995,3.69,3.69,3.64,3.65,6514124.0,23819943.0,3.68,-0.815217391304357,10.0,4.05,False,False,True,85.55706258477039
175,000521.SZ,长虹美菱,0.076923076923077,34.17721518987342,0.6900782314004572,0.6773377560073649,0.6795269070003114,3.3231769944312646,875288864.0,4.92,4.93,4.78,4.8,19701993.0,94939940.0,4.94,-2.8340080971660075,10.0,5.43,False,False,True,85.52218562294128
176,000686.SZ,东北证券,0.18965517241379312,17.431192660550465,0.8971142429029527,0.8131279389570579,0.8765569851752852,0.6184581130079371,2340452915.0,7.99,8.02,7.94,7.98,11769800.0,93950811.0,8.0,-0.24999999999999467,10.0,8.8,False,False,True,85.51055996899827
177,600170.SH,上海建工,0.11242603550295856,13.6150234741784,0.9449430973394035,1.3177256426824522,0.9550510758333625,0.8714292250520924,8885939744.0,2.31,2.31,2.28,2.29,102037658.0,234251420.0,2.32,-1.2931034482758563,10.0,2.55,False,False,True,85.42142995543499
178,600820.SH,隧道股份,0.23039215686274497,14.19999999999999,0.7631657894361765,0.5762429091965224,0.9459753575133175,1.6179433350634345,3144096094.0,5.47,5.55,5.47,5.52,29313300.0,163455980.0,5.47,0.9140767824497242,10.0,6.02,False,False,True,85.40980430149196
179,000099.SZ,中信海直,0.06124401913875603,29.264594389689158,0.9252349303109435,0.8726908561059978,0.7664437494827694,0.8641701837559393,775770137.0,13.83,13.93,13.66,13.81,5850497.0,80726803.0,13.83,-0.1446131597975353,10.0,15.21,False,False,True,85.38267777562487
180,002609.SZ,捷顺科技,0.17374517374517365,15.616045845272208,0.9821327185832145,1.177567812676129,0.7894775707887788,0.6775207714091187,459573516.0,7.84,7.87,7.74,7.79,3666600.0,28569272.0,7.88,-1.1421319796954266,10.0,8.67,False,False,True,85.36136407672932
181,603868.SH,飞科电器,0.19859961807765764,22.325581395348838,1.1735212847067902,0.22146882460972947,0.7136017456912493,1.3303366724085852,435600000.0,31.13,31.28,30.4,30.51,1283400.0,40017918.0,31.07,-1.8023817186997082,10.0,34.18,False,False,True,85.31292385196669
182,000543.SZ,皖能电力,0.2619047619047618,18.926553672316395,0.8487108712365592,0.8394436947200264,0.523032310966208,1.15788029741677,2266863331.0,7.44,7.5,7.37,7.47,22033352.0,164274207.0,7.43,0.5383580080753791,10.0,8.17,False,False,True,85.23929471032747
183,603786.SH,科博达,0.020203467545493674,27.85808147174771,1.3441558964207772,0.504686885224383,0.7417120742217245,0.6753797618088562,403856700.0,39.5,39.57,38.8,39.0,1376567.0,53763520.0,39.46,-1.1657374556512945,10.0,43.41,False,False,True,85.21410579345088
184,300080.SZ,易成新能,0.15028901734104044,21.084337349397586,1.3066231579415788,0.7382612949690736,0.6871129104205349,0.860970848908977,1873127461.0,3.84,3.85,3.76,3.81,11906000.0,45337903.0,3.84,-0.78125,20.0,4.61,False,False,True,85.18504165859329
185,002060.SZ,广东建工,0.18181818181818196,15.436241610738243,1.1511389587671204,0.9730242278261845,0.7728681386311205,0.7963929419221272,1562823660.0,3.23,3.25,3.2,3.23,12110471.0,39097513.0,3.24,-0.30864197530865445,10.0,3.56,False,False,True,85.1501646967642
186,601236.SH,红塔证券,0.21381578947368438,10.318664643399078,0.8497921574395851,0.3461578682781195,1.1568078088454226,0.6561025160796911,4693233706.0,6.97,6.98,6.91,6.94,10659040.0,74561839.0,6.98,-0.5730659025787954,10.0,7.68,False,False,True,85.02615772137183
187,603107.SH,上海汽配,0.23226950354609943,17.064220183486235,0.7729737079162124,0.7255630893283576,0.8402755144397721,0.8392270323880757,218173998.0,12.19,12.24,12.04,12.06,1328488.0,16086854.0,12.21,-1.2285012285012331,10.0,13.43,False,False,True,85.01840728540981
188,600269.SH,赣粤高速,0.16167664670658685,13.513513513513509,0.7822535274585524,0.8618427335938397,1.1712961262682628,0.8757107331219658,2335407014.0,3.97,4.01,3.95,3.95,17625899.0,70075477.0,3.97,-0.5037783375314908,10.0,4.37,False,False,True,85.00678163146677
189,688032.SH,禾迈股份,0.02363936228697085,26.965970832141828,1.3028966268897701,0.7704535241577837,0.7274959874398687,0.855421270826599,124073545.0,71.96,71.98,70.66,71.22,817722.0,58330624.0,71.66,-0.614010605637727,20.0,85.99,False,False,True,85.00290641348576
190,600927.SH,永安期货,0.1829268292682924,12.23491027732464,1.1430793725714437,0.45924721928858947,1.046778815963411,0.5757611503189006,1450444656.0,12.74,12.8,12.69,12.75,3835218.0,48859187.0,12.78,-0.23474178403755097,10.0,14.06,False,False,True,84.85177291222631
191,601399.SH,国机重装,0.06811989100817438,27.85234899328859,1.2298367563219752,0.7714319816547466,0.7060351306407607,1.0850856332643888,7213555890.0,3.22,3.28,3.21,3.27,60382495.0,196474587.0,3.23,1.238390092879249,10.0,3.55,False,False,True,84.83820964929276
192,600548.SH,深高速,0.17199999999999988,14.470284237726094,0.9322135364671535,0.27549480974005347,1.5471663427812867,1.9740545863139862,1714425983.0000002,8.18,8.33,8.12,8.28,9323765.0,76941800.0,8.17,1.346389228886169,10.0,8.99,False,False,True,84.79751986049216
193,301215.SZ,中汽股份,0.1831501831501832,14.141414141414144,1.1455004671346427,0.7303642279189304,0.9315278593366718,0.9903530437650777,1322400000.0,5.44,5.45,5.35,5.37,9565163.0,51493727.0,5.45,-1.4678899082568808,20.0,6.54,False,False,True,84.78589420654913
194,002401.SZ,中远海科,0.1873239436619718,19.657348963029754,0.9193025939922979,0.815796959968746,0.8535301681463059,1.8659728738732289,371398485.0,12.4,12.8,12.33,12.63,5653632.0,71131382.0,12.42,1.6908212560386549,10.0,13.66,False,False,True,84.77814377058709
195,600032.SH,XD浙江新,0.07493540051679588,35.66878980891719,0.989775737613719,0.718448899424057,0.3301639061329512,1.046365000634335,2404675324.0,6.89,7.02,6.81,6.98,18077382.0,125806237.0,6.86,1.7492711370262315,10.0,7.55,False,False,True,84.743266808758
196,600515.SH,海南机场,0.07076923076923078,14.39393939393938,1.3819786755789387,0.9217667938688855,0.9758654707029606,0.8923381690078962,9176012508.0,2.86,2.87,2.82,2.84,75475244.0,214696323.0,2.87,-1.0452961672474004,10.0,3.16,False,False,True,84.6735128850998
197,601106.SH,中国一重,0.08093994778067887,31.40794223826715,1.0128760877351368,0.676802672147333,0.7341394306086264,1.2844818193720438,6857782927.0,3.08,3.14,3.06,3.11,59617500.0,185292624.0,3.08,0.9740259740259605,10.0,3.39,False,False,True,84.65219918620421
198,601995.SH,中金公司,0.17349397590361423,18.913915458191923,1.0076982777727415,0.6480746966683336,0.9688129558774705,1.062793402735884,2923542440.0,32.42,32.62,32.13,32.44,20136469.0,651635192.0,32.58,-0.42971147943523524,10.0,35.84,False,False,True,84.6134470063941
199,601966.SH,玲珑轮胎,0.16188870151770673,19.536757301107755,1.159461852382592,0.599396212381247,0.9128057035244485,0.5813401233751523,1463502683.0,10.87,10.98,10.81,10.9,5099620.0,55593197.0,10.89,0.09182736455464191,10.0,11.98,False,False,True,84.59600852547956
200,688161.SH,威高骨科,0.15248226950354618,17.59959657085226,1.410809216161294,0.3125113625,0.8711558249458596,1.0884692232590423,400000000.0,22.34,22.49,21.97,22.32,1360636.0,30205508.0,22.41,-0.40160642570280514,20.0,26.89,False,False,True,84.5030032939353
201,300729.SZ,乐歌股份,0.21999999999999995,17.161016949152554,1.039286059935685,0.7105682373592381,0.8220523451580041,0.7906268873881294,328084465.0,10.78,10.86,10.66,10.7,1843160.0,19760078.0,10.87,-1.5639374425022945,20.0,13.04,False,False,True,84.50106568494478
202,002540.SZ,亚太科技,0.2157434402332362,17.25663716814161,0.9395612209814308,0.9550926042696806,0.7862068598381108,1.9589333780932592,858201358.0,5.38,5.47,5.31,5.4,16056628.0,86359195.0,5.26,2.6615969581749166,10.0,5.79,False,False,True,84.46812633210618
203,600507.SH,方大特钢,0.1308411214953271,20.155038759689937,1.1019951470103901,1.0330691317080996,0.8543312968891013,0.5771049118709366,2313187890.0,4.28,4.32,4.25,4.29,13790978.0,59159393.0,4.29,0.0,10.0,4.72,False,False,True,84.42937415229608
204,000629.SZ,钒钛股份,0.1560693641618497,24.82993197278911,0.8814449838078631,0.9074803130812066,0.7810600094107272,0.8428274395556433,9290444430.0,3.03,3.05,3.01,3.04,71057900.0,215676624.0,3.03,0.33003300330034513,10.0,3.33,False,False,True,84.40612284440999
205,603195.SH,公牛集团,0.24043062200956916,17.711470024637286,0.9035667079119847,0.20810721646980349,0.9387016005889389,0.5894062863624199,1800163354.9999998,38.59,38.87,38.42,38.79,2208075.0,85227347.0,38.54,0.6486766995329463,10.0,42.39,False,False,True,84.38093392753342
206,600157.SH,永泰能源,0.22058823529411778,13.245033112582782,0.7304125020140285,1.5904858194625004,0.609075512860015,1.261406621355313,21817764145.0,1.56,1.59,1.55,1.57,437718750.0,687866757.0,1.57,0.0,10.0,1.73,False,False,True,84.3712458825809
207,688363.SH,华熙生物,0.09310718152291585,23.566878980891737,1.2926600556130556,0.5678732837594048,0.8916667821187583,0.8441192509671759,481678242.0,35.35,35.35,34.7,34.73,2308938.0,80497948.0,35.32,-1.6704416761041951,20.0,42.38,False,False,True,84.28986630497965
208,000881.SZ,中广核技,0.22493224932249328,19.999999999999996,0.9939968708003633,0.807328408887078,0.7203400550221131,0.8154657491981409,903730851.0,6.8,6.84,6.77,6.79,5949700.0,40449241.0,6.83,-0.5856515373352855,10.0,7.51,False,False,True,84.28599108699865
209,002276.SZ,万马股份,0.0903377847604085,25.57628979143798,1.0732616327993703,1.2748668904517924,0.6744864976665891,0.9270458761789498,1007318046.0,10.26,10.41,10.21,10.3,11905090.0,122923694.0,10.26,0.3898635477582957,10.0,11.29,False,False,True,84.27630304204612
210,000726.SZ,鲁  泰Ａ,0.2620967741935485,13.670411985018728,0.7406378970695455,0.8082369537451735,0.8350258786390315,0.7514620053401847,589288850.0,5.99,5.99,5.9,5.95,3579101.0,21276779.0,5.99,-0.6677796327211993,10.0,6.59,False,False,True,84.25498934315056
211,601688.SH,华泰证券,0.26151930261519285,18.027397260273958,0.9085785952431891,0.7684662395473536,0.7063099374359372,0.4839422774928768,7306758106.0,19.22,19.35,19.17,19.32,27173344.0,523359449.0,19.27,0.2594706798131785,10.0,21.2,False,False,True,84.21817477233095
212,002521.SZ,齐峰新材,0.15340909090909094,24.630541871921174,0.8482183331701799,0.9814939438336233,0.7951991132161811,0.8674181487298244,419173590.0,6.63,6.67,6.56,6.61,3568700.0,23576053.0,6.63,-0.3016591251885359,10.0,7.29,False,False,True,84.2026739004069
213,688439.SH,振华风光,0.05065502183406118,32.663043478260875,0.959858011785568,0.8580592750000001,0.7265471559400759,0.8666056316447369,200000000.0,38.54,38.85,38.22,38.3,1487198.0,57271440.0,38.54,-0.622729631551644,20.0,46.25,False,False,True,84.20267390040688
214,600635.SH,大众公用,0.16389548693586703,19.756097560975626,0.9651980629662249,1.2537169597294835,0.758401848897027,0.9004082036619567,2418791675.0,4.78,4.81,4.72,4.78,27304700.0,130286118.0,4.79,-0.20876826722338038,10.0,5.27,False,False,True,84.19492346444487
215,301327.SZ,华宝新能,0.03887011105746014,26.475548060708263,1.365073877458543,0.8865420528345377,0.6987472994648201,0.5779560287636509,142773075.0,43.13,43.29,42.22,42.31,731544.0,31167409.0,43.12,-1.8784786641929396,20.0,51.74,False,False,True,84.08835496996707
216,003012.SZ,东鹏控股,0.16332378223495683,16.509433962264165,1.2260603194076594,0.7208408431617466,0.9442110702047648,1.0062408365962807,1134585953.0,4.82,4.82,4.71,4.75,8229600.0,39104091.0,4.81,-1.2474012474012364,10.0,5.29,False,False,True,84.07866692501453
217,002967.SZ,广电计量,0.15217391304347838,26.342387871130768,1.2593981631604951,0.677102403275325,0.5914413251306935,0.7257609373969142,606418935.0,17.44,17.57,17.3,17.4,2972350.0,51783667.0,17.44,-0.2293577981651529,10.0,19.18,False,False,True,84.04960279015695
218,002061.SZ,浙江交科,0.22522522522522517,15.030674846625768,0.8976428300600304,0.651435241277497,0.9830870128986006,1.980020346745744,2599137900.0,3.51,3.52,3.43,3.44,33525111.0,115641819.0,3.51,-1.9943019943019946,10.0,3.86,False,False,True,84.03991474520443
219,601158.SH,重庆水务,0.3265306122448978,12.598425196850393,0.5199534714929328,0.13203013403841002,0.8564384071467728,0.8498437440384485,4800030119.0,4.13,4.14,4.11,4.13,5385873.0,22229140.0,4.13,0.0,10.0,4.54,False,False,True,84.0341019182329
220,300059.SZ,东方财富,0.1454219030520647,19.024390243902456,0.9071672222338188,1.5409498844309737,0.7557261147377212,0.5619480113857966,13392365708.000002,18.84,18.98,18.76,18.91,115969011.0,2189233304.0,18.84,0.37154989384289294,20.0,22.61,False,False,True,83.99147452044177
221,601608.SH,中信重工,0.12958435207823968,27.020785219399546,1.1411497027113353,0.635142900943068,0.7734048219469957,1.2380732917269184,4579553437.0,4.87,4.96,4.84,4.95,36011477.0,176961611.0,4.86,1.8518518518518379,10.0,5.35,False,False,True,83.98953691145127
222,688065.SH,凯赛生物,0.057801131770412274,27.846842366981605,1.1659603682562438,0.7627700740376975,0.8392825958230261,0.7635165013267576,583378039.0,40.26,40.87,40.05,40.1,3397521.0,137019033.0,40.54,-1.0853478046373932,20.0,48.65,False,False,True,83.96241038558419
223,000049.SZ,德赛电池,0.06942889137737973,15.659955257270685,1.1263835078936721,1.8589002341223313,0.807038441958614,0.6480747883976673,384534862.0,22.86,22.93,22.6,22.79,4632516.0,105532425.0,22.92,-0.567190226876102,10.0,25.21,False,False,True,83.89846928889749
224,600751.SH,海航科技,0.16796875000000008,24.723247232472325,0.8917782716420082,1.0088156282113656,0.7421362680136926,1.1090862049112389,2573189052.0,3.14,3.2,3.1,3.18,28790473.0,91033967.0,3.14,1.273885350318471,10.0,3.45,False,False,True,83.8635923270684
225,300101.SZ,振芯科技,0.05432862190812723,29.336349924585203,1.1784499800916661,1.1453266516656724,0.5721328234770475,0.909131908974457,565589340.0,14.46,14.65,14.34,14.35,5889216.0,85306974.0,14.49,-0.9661835748792313,20.0,17.39,False,False,True,83.85777950009688
226,603677.SH,奇精机械,0.21208791208791206,20.610057708161577,1.1591616794260482,0.7062181158947497,0.7212572162458394,1.1067928987748847,192600865.0,14.06,14.28,13.83,13.94,1505440.0,21075420.0,14.06,-0.8534850640113834,10.0,15.47,False,False,True,83.78221274946716
227,601901.SH,方正证券,0.2932692307692308,17.58409785932722,0.7761443061295399,0.5279528472085785,0.7826913584555686,0.6449185295667013,8232101395.000001,6.9,6.91,6.85,6.88,28029200.0,192750290.0,6.91,-0.434153400868309,10.0,7.6,False,False,True,83.7608990505716
228,300218.SZ,安利股份,0.20146904512067154,25.56255625562556,0.9548955489005954,0.8959027909444374,0.5857217004138779,0.9609180305025286,216276394.0,13.09,13.09,12.79,12.86,1861900.0,23970969.0,13.03,-1.304681504221028,20.0,15.64,False,False,True,83.75896144158109
229,300627.SZ,华测导航,0.06062052505966584,18.323216995447655,1.3646219450759274,1.2474606770547374,0.8259172384220418,0.5453817623907108,657131856.0,27.55,27.96,27.51,27.65,4470746.0,123882791.0,27.63,0.07238508867173366,20.0,33.16,False,False,True,83.75508622360009
230,002275.SZ,桂林三金,0.16413373860182348,16.708648194794296,1.0511990556734117,0.5033885933207309,1.2864453231234414,0.4847177452452363,564751305.0,12.38,12.46,12.33,12.43,1378001.0,17094211.0,12.45,-0.16064257028112205,10.0,13.7,False,False,True,83.73571013369502
231,600328.SH,中盐化工,0.15257731958762893,21.21739130434783,1.216401798067889,1.0468418369070194,0.7175222162199949,0.9297015145331188,1466309533.0,6.49,6.54,6.43,6.45,14270864.0,92295375.0,6.49,-0.6163328197226536,10.0,7.14,False,False,True,83.7337725247045
232,688128.SH,中国电研,0.10147492625368727,32.226078334159645,1.1776740310886353,0.4485220519159405,0.704255781242934,0.6230064659003389,404500000.0,21.92,22.04,21.81,21.95,1130303.0,24792907.0,21.89,0.2740977615349527,20.0,26.27,False,False,True,83.6950203448944
233,601006.SH,大秦铁路,0.26490066225165576,15.261958997722092,0.6200465944333085,0.5327953464926014,0.958133350997581,0.8687324924637267,19862892778.0,4.79,4.83,4.76,4.82,91936716.0,441736559.0,4.79,0.6263048016701411,10.0,5.27,False,False,True,83.68726990893238
234,600008.SH,首创环保,0.25423728813559315,15.671641791044767,0.724720316252534,0.879819692199406,0.8410623690226328,0.7989529004168888,7340590677.0,2.83,2.84,2.81,2.83,51599544.0,145798019.0,2.83,0.0,10.0,3.11,False,False,True,83.6620809920558
235,605507.SH,国邦医药,0.18055555555555552,17.782426778242687,0.9591699276255433,0.6319732310061055,1.1091332437519208,0.6143083994616869,782352899.9999999,15.51,15.76,15.46,15.69,3037301.0,47587421.0,15.51,1.1605415860735047,10.0,17.06,False,False,True,83.60782794032166
236,600268.SH,国电南自,0.14340588988476302,26.44710578842315,1.0583617231143612,1.1665765956903056,0.566361744179067,1.1955778873602443,1015495450.0,10.46,10.76,10.42,10.7,14163452.0,150709243.0,10.45,2.392344497607657,10.0,11.5,False,False,True,83.60782794032164
237,688271.SH,联影医疗,0.1788669637173776,25.169925755516065,1.115417600397874,0.5449916175537864,0.7769107760931555,0.8913169416469365,824157988.0,106.55,106.87,103.37,103.5,4003432.0,417796036.0,106.87,-3.153363900065509,20.0,128.24,False,False,True,83.56907576051152
238,300415.SZ,伊之密,0.1270611057225996,26.30998345284059,1.1579423019599118,0.988867722532738,0.681871981272843,0.951243493283116,454427139.0,19.48,19.52,19.22,19.32,4274587.0,82747737.0,19.44,-0.6172839506172867,20.0,23.33,False,False,True,83.5613253245495
239,002373.SZ,千方科技,0.11611030478955005,20.203488372093027,1.3102957172541112,1.1522085134094084,0.7475050606180417,0.8788328439581459,1377594126.0,7.66,7.66,7.49,7.54,13949500.0,105287635.0,7.68,-1.822916666666663,10.0,8.45,False,False,True,83.54776206161597
240,002296.SZ,辉煌科技,0.12158054711246184,16.924910607866515,0.9831159131087814,1.9707467869505488,0.7319754428728739,0.9208773006976361,347415444.0,9.21,9.22,9.13,9.17,6304951.0,57870143.0,9.19,-0.21762785636560977,10.0,10.11,False,False,True,83.49544661887231
241,600173.SH,卧龙新能,0.1605839416058394,25.69316081330868,1.2382494939200837,0.7594056884837129,0.6406465675429154,0.6385785841581374,700416244.0,6.29,6.29,6.2,6.22,3396600.0,21175835.0,6.29,-1.112877583465821,10.0,6.92,False,False,True,83.4896337919008
242,600000.SH,浦发银行,0.2127272727272727,19.85203452527746,1.0640664341382522,0.215325349730045,0.9564945023372365,0.7046198817956062,33305838300.0,9.25,9.29,9.21,9.23,50532458.0,467549947.0,9.28,-0.5387931034482651,10.0,10.21,False,False,True,83.48769618291028
243,688562.SH,航天软件,0.10771793448084403,31.570762052877164,0.8956881842462916,0.7495349750000001,0.780883138139022,0.8018038117567496,400000000.0,14.68,14.89,14.54,14.65,2403920.0,35342730.0,14.8,-1.0135135135135198,20.0,17.76,False,False,True,83.46832009300523
244,603589.SH,口子窖,0.10722610722610725,22.253841775754136,1.1722000194578373,0.8064305587429472,0.9725910973991846,2.6301121889037113,598119472.0,19.46,19.46,18.6,18.65,12686131.0,238363328.0,19.41,-3.9155074703761006,10.0,21.35,False,False,True,83.44894400310018
245,600456.SH,宝钛股份,0.07833163784333685,27.93362307388385,1.1694762633374627,1.0917812107529759,0.6906801808010684,0.9649264973116692,477777539.00000006,26.9,27.36,26.79,27.21,5033332.0,136520389.0,26.85,1.3407821229050265,10.0,29.54,False,False,True,83.43731834915714
246,000652.SZ,泰达股份,0.20833333333333315,12.037037037037024,1.1800491841872058,0.8020426265959211,0.9113171780471001,1.157053898153435,1458222470.0,3.6,3.62,3.55,3.61,13532400.0,48611928.0,3.59,0.557103064066844,10.0,3.95,False,False,True,83.42763030420463
247,600845.SH,宝信软件,0.11991869918699205,28.70544090056284,1.0547278859051468,0.7333371122752335,0.7913177440002095,0.5260689696120358,2134054153.0,17.14,17.17,17.03,17.1,8232880.0,140577010.0,17.17,-0.4076878276062956,10.0,18.89,False,False,True,83.39081573338501
248,600282.SH,南钢股份,0.20863309352517992,15.068493150684926,1.101036361583558,0.610200080305022,1.0052143547470707,0.8969932721105266,6165091011.0,4.66,4.73,4.62,4.72,33744340.0,162160807.0,4.67,1.070663811563155,10.0,5.14,False,False,True,83.3559387715559
249,603215.SH,比依股份,0.16858917480035496,24.0,1.3308953473325165,0.6270203000207505,0.6827333236405931,0.9565914067170691,187228380.0,14.73,14.73,14.39,14.44,1123000.0,16260308.0,14.65,-1.433447098976115,10.0,16.12,False,False,True,83.34818833559387
250,001391.SZ,国货航,0.08695652173913035,17.811704834605592,1.0299488358538635,1.3686402001292586,1.019921420226492,0.559752850681853,1519354020.0,4.16,4.17,4.13,4.15,11639775.0,48273300.0,4.17,-0.47961630695442237,10.0,4.59,False,False,True,83.30168571982175
251,300993.SZ,玉马科技,0.10007524454477038,23.54910714285714,1.1446376486338283,0.9953152258906849,0.8898304475525455,1.4787056742161373,242507317.0,10.24,10.37,10.1,10.1,3569170.0,36396080.0,10.29,-1.8464528668610258,20.0,12.35,False,False,True,83.28037202092617
252,002405.SZ,四维图新,0.06574394463667818,25.546218487394956,1.1334610116231023,1.5067570687490515,0.6530439141545219,0.8939504403311321,2355762401.0,6.34,6.34,6.22,6.24,31731322.0,198557905.0,6.33,-1.421800947867291,10.0,6.96,False,False,True,83.27262158496416
253,000927.SZ,中国铁物,0.25892857142857145,14.666666666666671,1.1345777335960439,0.677116354689458,0.7839697987281302,1.0611035929916401,6050350581.0,2.54,2.57,2.52,2.55,43471200.0,110760558.0,2.54,0.3937007874015741,10.0,2.79,False,False,True,83.26487114900213
254,002074.SZ,国轩高科,0.06595995288574794,26.975589573851888,1.2459207963711028,1.2151454988230808,0.6425979826431182,0.6050911609130448,1736657690.0,25.84,25.89,25.55,25.84,12769189.0,328883499.0,25.85,-0.03868471953578645,10.0,28.44,False,False,True,83.25130788606859
255,002500.SZ,山西证券,0.2903225806451614,11.468812877263579,0.7869854290579997,0.614688084216402,0.9062250465851152,0.71955163737173,3589771547.0,5.37,5.37,5.33,5.35,15877553.0,84979438.0,5.36,-0.1865671641791189,10.0,5.9,False,False,True,83.1873667893819
256,600861.SH,北京人力,0.19971671388101983,20.98976109215016,1.0910645723882844,0.44945994306384346,0.9423413857672354,0.626343635219542,566112718.0,13.16,13.17,13.05,13.13,1593700.0,20899162.0,13.13,0.0,10.0,14.44,False,False,True,83.1176128657237
257,600369.SH,西南证券,0.3303571428571427,10.103626943005196,0.759165275316518,0.493458795606074,0.8531966987919561,0.7618059797790486,6645109124.0,4.08,4.1,4.07,4.08,24980285.0,101966327.0,4.09,-0.24449877750610804,10.0,4.5,False,False,True,83.03235807014144
258,688581.SH,安杰思,0.07735011102886764,15.387755102040824,1.0861586146755264,1.2815577183679174,1.2137348117379996,0.4129227546097065,41178278.0,51.13,51.13,50.6,50.89,217909.0,11065866.0,51.09,-0.39146604032100907,20.0,61.31,False,False,True,82.96841697345475
259,603787.SH,新日股份,0.20490797546012274,20.79545454545455,1.0864563946331778,1.114748088575402,0.6764859284041591,0.6070195809938985,230143790.0,10.54,10.55,10.35,10.43,1557323.0,16250761.0,10.47,-0.3820439350525451,10.0,11.52,False,False,True,82.9490408835497
260,600218.SH,全柴动力,0.1750902527075812,16.97841726618705,1.168933089500284,1.1769388437374744,0.8174209824894667,0.9041800043620272,435599919.0,7.9,8.0,7.87,7.94,4635500.0,36798335.0,7.92,0.2525252525252597,10.0,8.71,False,False,True,82.93935283859717
261,600320.SH,振华重工,0.1882352941176472,18.087855297157617,1.0007980412976503,1.0659809155877469,0.8805921174742286,1.348074365517975,3310205899.0,4.19,4.28,4.17,4.26,47568372.0,201331237.0,4.19,1.6706443914080937,10.0,4.61,False,False,True,82.92578957566364
262,002096.SZ,易普力,0.2462057335581786,18.772563176895286,1.2308624161602935,0.43454534889869245,0.7570548813480714,0.632173760147067,1239619861.0,9.77,9.79,9.66,9.71,3405337.0,33106111.0,9.77,-0.6141248720573089,10.0,10.75,False,False,True,82.881224568882
263,600019.SH,宝钢股份,0.23318385650224233,18.53281853281854,0.8103853041960978,0.4577474386448296,1.0508168761281933,1.1521951392314775,21414095749.0,5.68,5.78,5.66,5.77,112941019.0,663389109.0,5.7,1.228070175438578,10.0,6.27,False,False,True,82.82890912613834
264,603529.SH,爱玛科技,0.20713391739674608,21.687398593834505,1.259459448053238,0.621134855024954,0.7304015100117278,0.7404998581279216,850765921.0,21.8,22.05,21.63,21.82,3912660.0,85446544.0,21.8,0.09174311926605228,10.0,23.98,False,False,True,82.78628172834722
265,002773.SZ,康弘药业,0.05981216015818095,27.200843437005794,1.222412854618592,1.0337093868267084,0.7870329331929887,0.4680927801244736,686839429.0,20.1,20.2,20.0,20.05,3323423.0,66688034.0,20.18,-0.6442021803766074,10.0,22.2,False,False,True,82.77853129238521
266,601866.SH,中远海发,0.2924528301886793,15.668202764976957,0.8309478159810185,0.6395896420925066,0.8500263417344074,1.785032951714428,9710427720.0,2.47,2.54,2.46,2.52,110862845.0,278489228.0,2.48,1.6129032258064502,10.0,2.73,False,False,True,82.75527998449914
267,603309.SH,维力医疗,0.125,17.3953488372093,1.0118833927171167,1.451542216442716,0.9458168907193166,0.5215221597291257,291871418.0,11.41,11.42,11.28,11.33,2209500.0,25078012.0,11.41,-0.7011393514461006,10.0,12.55,False,False,True,82.70296454175548
268,600085.SH,同仁堂,0.2154857560262967,26.728971962616832,0.8613644305065413,0.4159462919510185,0.8114985078992148,0.8078071027739344,1371470262.0,24.29,24.33,23.97,23.99,4608200.0,110885754.0,24.35,-1.4784394250513477,10.0,26.79,False,False,True,82.70296454175546
269,600022.SH,山东钢铁,0.22580645161290339,17.355371900826434,1.0837013415760692,0.7365479223000906,0.8970402204309076,1.4522701861014229,10698849554.0,1.35,1.38,1.34,1.36,114442019.0,155498266.0,1.35,0.7407407407407307,10.0,1.49,False,False,True,82.6777756248789
270,300124.SZ,汇川技术,0.0,30.586176727909,1.399024431170322,0.8663226224972012,0.6326112851845556,1.5282889038241094,2412212777.0,57.1,57.1,55.26,55.92,31916509.0,1783338247.0,57.15,-2.152230971128599,20.0,68.58,False,False,True,82.67583801588839
271,600570.SH,恒生电子,0.08786346396965869,21.107784431137723,1.2583041380349584,1.207781419805219,0.8702033571033237,0.645031674869731,1893647942.0,21.42,21.42,21.03,21.14,14752602.0,312146386.0,21.43,-1.3532431171255244,10.0,23.57,False,False,True,82.62352257314475
272,603350.SH,安乃达,0.14460285132382894,32.27676845767298,0.7531123694519226,1.0982770343006665,0.5668169845350576,0.6661036701218559,44124500.0,28.8,28.98,28.38,28.53,322800.0,9245166.0,28.71,-0.6269592476489061,10.0,31.58,False,False,True,82.46851385390428
273,603153.SH,上海建科,0.2178571428571428,18.4937238493724,0.9451194888814186,0.413921083380392,1.1245399871016404,1.371978176079697,403780169.0,13.79,13.92,13.61,13.9,2293030.0,31625011.0,13.78,0.8708272859216271,10.0,15.16,False,False,True,82.42976167409417
274,601059.SH,信达证券,0.26591230551626577,14.398422090729767,0.8797294346028023,0.28425616867098363,1.0915132505315228,1.868747994879018,3243000000.0,15.96,16.06,15.55,15.93,17226918.0,273304850.0,16.4,-2.865853658536577,10.0,18.04,False,False,True,82.4084479751986
275,000561.SZ,烽火电子,0.15969581749049439,21.68674698795181,1.276790106966576,0.9839479518487454,0.7606015626256457,0.934356306142943,776247360.0,7.91,8.02,7.88,7.93,7136492.0,56740769.0,7.9,0.37974683544304,10.0,8.69,False,False,True,82.38907188529355
276,603062.SH,麦加芯彩,0.20184544405997695,28.80633373934225,1.060113612217921,0.7841679007150685,0.37775722550863616,0.7364592203335669,37073100.0,37.71,38.36,37.7,37.92,214100.0,8138287.0,38.09,-0.44631136781307923,10.0,41.9,False,False,True,82.37744623135052
277,601065.SH,江盐集团,0.23809523809523828,14.241001564945233,0.8628340780986588,0.6918627256506801,1.0936729876701574,1.0574015171723972,642776079.0,7.04,7.07,6.98,7.02,4702400.0,32993143.0,7.04,-0.28409090909091717,10.0,7.74,False,False,True,82.37550862236
278,603325.SH,博隆技术,0.15536521532238864,19.304456476468125,1.335469310162997,1.1678255692854929,0.7271762910015611,0.530410622340698,34183200.0,54.86,54.86,53.8,54.0,211740.0,11465930.0,54.55,-1.0082493125572856,10.0,60.01,False,False,True,82.371633404379
279,601668.SH,中国建筑,0.2361111111111111,18.114143920595517,0.8942865171385843,0.5184139419987079,1.0405723538713614,0.8493031989908867,41320390444.0,4.37,4.4,4.35,4.39,181929803.0,797158139.0,4.37,0.4576659038901587,10.0,4.81,False,False,True,82.32900600658786
280,000498.SZ,山东路桥,0.2774566473988441,15.964523281596477,0.7363630918143022,0.618161446811721,0.9572060334912257,0.6230391066311229,1449347778.9999998,4.99,5.01,4.97,4.98,5582000.0,27843245.0,4.99,-0.2004008016032066,10.0,5.49,False,False,True,82.28637860879675
281,001390.SZ,古麒绒材,0.05106382978723403,23.91304347826089,0.8997436660359053,1.3236618769692465,1.0277316192223682,1.1269023190003358,118779250.0,17.28,17.28,16.85,16.94,1771756.0,30105274.0,17.14,-1.1668611435239118,10.0,18.85,False,False,True,82.2670025188917
282,600704.SH,物产中大,0.34265734265734266,11.674008810572701,0.6915821931394307,0.6700402864925226,0.8225505004072099,1.61896659462517,5171179890.0,5.01,5.08,4.99,5.03,56095555.0,282945399.0,5.01,0.3992015968063978,10.0,5.51,False,False,True,82.23793838403411
283,688306.SH,均普智能,0.03478260869565231,33.17073170731708,1.4329330560862115,0.5860163066681334,0.5898010162233561,0.6513253275677928,1228282800.0,8.46,8.54,8.36,8.42,4688199.0,39548104.0,8.48,-0.7075471698113289,20.0,10.18,False,False,True,82.22049990311956
284,600764.SH,中国海防,0.1082802547770701,16.280451574569234,1.4264073992083806,0.8239912062966617,1.0374446188325515,1.883089824084307,710629386.0,18.64,19.32,18.58,19.21,11026477.0,210358444.0,18.7,2.7272727272727337,10.0,20.57,False,False,True,82.19337337725246
285,301559.SZ,中集环科,0.20218579234972664,19.444444444444443,0.9589085697785116,1.5132820555555506,0.6747889417073086,1.0324872608568931,90000000.0,13.31,13.38,13.22,13.3,1406200.0,18720310.0,13.36,-0.44910179640718084,20.0,16.03,False,False,True,82.18077891881418
286,603013.SH,亚普股份,0.019154557463672336,24.84472049689441,1.2533429440342336,0.7057799136595171,1.1475798090721827,1.0436022454526062,508219564.0,14.76,14.76,14.46,14.52,3743309.0,54739606.0,14.78,-1.7591339648173165,10.0,16.26,False,False,True,82.1042433636892
287,002884.SZ,凌霄泵业,0.35014836795252174,11.424731182795679,0.7100641053861833,0.731872469248298,0.7834483833549823,0.5107025230341316,272657626.0,16.07,16.07,15.91,15.95,1019110.0,16270702.0,16.06,-0.6849315068493067,10.0,17.67,False,False,True,82.1023057546987
288,603227.SH,雪峰科技,0.26455026455026454,20.6489675516224,1.1109083427882471,0.675634239583765,0.6993636184861602,1.4536790543457834,1071692689.0,7.78,8.0,7.74,7.91,10525687.0,83164839.0,7.78,1.670951156812328,10.0,8.56,False,False,True,82.08874249176517
289,600970.SH,中材国际,0.22194513715710718,24.498567335243536,1.140286985880078,0.5842708383109596,0.7256353986424163,0.555152689070655,2621812924.0,7.87,7.88,7.79,7.86,8504100.0,66727960.0,7.87,-0.12706480304954804,10.0,8.66,False,False,True,82.08486727378414
290,600765.SH,中航重机,0.15634837355718784,14.239999999999986,1.2698319446794817,1.08861959430516,0.9698599120072242,1.7566091594053024,1552494153.0,13.93,14.36,13.91,14.24,29688022.0,421432142.0,13.99,1.7869907076483171,10.0,15.39,False,False,True,82.0325518310405
291,000883.SZ,湖北能源,0.36134453781512643,20.4878048780488,0.7968125553595579,0.38856920457457655,0.6517322827980631,1.440731015124991,6479510729.0,4.52,4.6,4.5,4.59,36273837.0,165127665.0,4.53,1.3245033112582627,10.0,4.98,False,False,True,82.03061422204999
292,600027.SH,华电国际,0.32051282051282043,13.824884792626735,1.0392031555304377,0.7706974895042298,0.7208378201537645,1.1810856363636881,9215677327.0,4.84,4.91,4.81,4.9,83886600.0,408557812.0,4.84,1.2396694214876103,10.0,5.32,False,False,True,82.01898856810695
293,000778.SZ,新兴铸管,0.1666666666666668,15.014164305948995,1.0136547493246848,1.323686344359012,0.9848517642542668,1.0651729929445435,3893451290.0,3.81,3.82,3.76,3.78,54895909.0,207723526.0,3.81,-0.7874015748031593,10.0,4.19,False,False,True,82.00930052315442
294,000028.SZ,国药一致,0.29802513464991026,18.07486631016042,0.6721436388367279,0.5510661504558695,0.8959585374001746,0.6540556500285006,525859082.0,20.33,20.42,20.24,20.3,1895343.0,38506103.0,20.36,-0.29469548133594925,10.0,22.4,False,False,True,81.96279790738228
295,603568.SH,伟明环保,0.029835390946501974,24.357142857142854,1.4010954425364137,0.45172574341498345,1.1046783559059326,0.4003405447473172,2048457418.0,14.35,14.35,14.17,14.21,3704515.0,52797924.0,14.29,-0.5598320503848675,10.0,15.72,False,False,True,81.95698508041077
296,600283.SH,钱江水利,0.3789954337899545,16.15487316421895,0.749997713783942,0.4935975399580008,0.7477950225029955,1.4646245875369854,560824898.0,8.36,8.46,8.3,8.31,4054400.0,33866829.0,8.32,-0.12019230769230171,10.0,9.15,False,False,True,81.84460375896144
297,601279.SH,英利汽车,0.17765042979942697,21.95121951219512,1.1299764878062395,0.6738346946608899,0.9763580273112409,1.0213768398440546,1585785985.0,3.5,3.54,3.45,3.46,10914000.0,38102464.0,3.49,-0.8595988538682042,10.0,3.84,False,False,True,81.82522766905639
298,600469.SH,风神股份,0.11182108626198071,17.373737373737352,1.1351879023242124,1.1579905590096995,1.1839466269124987,0.9857154132649111,846239192.0,5.29,5.39,5.26,5.37,9659390.0,51534399.0,5.3,1.3207547169811429,10.0,5.83,False,False,True,81.78260027126527
299,603680.SH,今创集团,0.14076576576576577,29.70521541950113,0.9226768648001069,0.5528044666563355,0.9505273452283659,0.8250700094601593,783718766.9999999,10.02,10.22,10.02,10.1,3574560.0,36184527.0,10.07,0.2979145978152964,10.0,11.08,False,False,True,81.77291222631274
300,000895.SZ,双汇发展,0.2713643178410797,21.418888386805257,0.8225135058484166,0.31788400851719006,0.9126229342312895,0.8227225562539794,3464212167.0,23.95,23.97,23.73,23.89,9059966.0,216029786.0,23.94,-0.20885547201336951,10.0,26.33,False,False,True,81.74191048246463
301,600072.SH,中船科技,0.17095310136157324,25.31645569620253,1.105455234261799,1.2970876099683748,0.5783470672833387,1.789922213784178,1083337316.0,9.03,9.24,8.98,9.15,25151690.0,229799420.0,9.03,1.3289036544850585,10.0,9.93,False,False,True,81.73416004650261
302,600339.SH,中油工程,0.19444444444444456,17.999999999999993,1.3022009355326585,1.0126175431270403,0.7776663131909245,0.8212567721811143,5583147471.0,3.49,3.53,3.46,3.48,46430516.0,161964240.0,3.49,-0.2865329512894088,10.0,3.84,False,False,True,81.73028482852162
303,688075.SH,安旭生物,0.1901949202598938,14.471726190476186,1.3829666945903658,0.457404367176183,1.0349067789971444,0.7619567979276162,127082805.0,30.01,30.08,29.42,29.57,442912.0,13126707.0,30.1,-1.7607973421926992,20.0,36.12,False,False,True,81.6915326487115
304,300160.SZ,秀强股份,0.24537037037037046,19.1542288557214,1.0473998466354506,0.8049342000076969,0.836433814859384,1.6304527116445087,762964451.0,4.55,4.68,4.51,4.62,10013200.0,46235983.0,4.55,1.5384615384615552,20.0,5.46,False,False,True,81.6789381902732
305,603053.SH,成都燃气,0.312684365781711,18.710493046776232,0.6080596853899717,0.26380660149174295,0.927764033567963,1.235804337874083,888890000.0,8.98,9.04,8.93,8.99,2897900.0,26055078.0,8.97,0.22296544035673715,10.0,9.87,False,False,True,81.64890525092035
306,000825.SZ,太钢不锈,0.1214574898785426,19.512195121951216,1.4192028264650818,0.58740863807744,1.0473149976649214,0.8555378585378001,5696247796.0,3.56,3.61,3.53,3.59,28626512.0,102460836.0,3.58,0.27932960893854997,10.0,3.94,False,False,True,81.6275915520248
307,002594.SZ,比亚迪,0.26404334188765305,24.93855904798863,0.941928158788915,0.7467094033944257,0.6202579522638347,0.6984248556097912,3487068722.0,86.57,86.58,85.5,85.88,18185775.0,1561326834.0,86.57,-0.7970428554926579,10.0,95.23,False,False,True,81.60240263514822
308,603069.SH,海汽集团,0.1176470588235294,22.925577416595377,1.239610710243791,1.080261075949362,0.8740648827621949,1.049409352228203,316000000.0,14.0,14.2,13.82,14.03,3582290.0,50346049.0,14.03,0.0,10.0,15.43,False,False,True,81.57527610928116
309,688092.SH,爱科科技,0.27435697583788,22.390396659707722,0.9081717003241263,0.8002808728470256,0.7006410219070097,0.7794182713390425,82663740.0,22.71,22.71,22.36,22.37,515618.0,11642071.0,22.68,-1.3668430335096904,20.0,27.22,False,False,True,81.52877349350902
310,688285.SH,高铁电气,0.29916897506925205,18.552036199095024,1.1029506112724268,0.572598102038409,0.74991634643262,1.0389663853483075,376289913.0,7.68,7.8,7.64,7.79,2238587.0,17334445.0,7.71,1.037613488975353,20.0,9.25,False,False,True,81.48420848672738
311,600502.SH,安徽建工,0.14689265536723156,15.476190476190466,1.054364304056965,1.6013076666591333,0.9456362681491354,0.6592810743073899,1716533938.0,4.46,4.49,4.43,4.48,18121652.0,80923193.0,4.46,0.4484304932735439,10.0,4.91,False,False,True,81.47452044177486
312,601818.SH,光大银行,0.323943661971831,14.234875444839856,0.7603225152573367,0.4013388828741779,0.9874587846505778,0.6311001159785123,46406815561.0,3.04,3.05,3.02,3.03,117541510.0,356348468.0,3.04,-0.328947368421062,10.0,3.34,False,False,True,81.45514435186979
313,300217.SZ,东方电热,0.10943396226415097,25.31969309462916,1.2000435928766378,1.5468403604228793,0.6187585675558891,0.7543883539226214,1241414188.0,4.2,4.22,4.16,4.17,14486290.0,60580780.0,4.2,-0.7142857142857229,20.0,5.04,False,False,True,81.45320674287929
314,600720.SH,中交设计,0.21639344262295082,18.31896551724139,0.9894132364159984,0.8157431661515091,1.01685323120725,0.9309273517728838,1009049771.0,5.28,5.31,5.23,5.3,7662700.0,40455187.0,5.3,0.0,10.0,5.83,False,False,True,81.42026739004069
315,601368.SH,绿城水务,0.36874999999999997,17.574257425742566,0.8559677713935671,0.49490546357847354,0.7393609515510926,0.8272539166961488,882973077.0,4.63,4.66,4.58,4.62,3615002.0,16685042.0,4.63,-0.21598272138227959,10.0,5.09,False,False,True,81.39120325518311
316,601808.SH,中海油服,0.2144177449168207,25.92592592592593,1.0007562611507441,0.5625461261530226,0.8380095308877046,0.8324131513873931,2960468000.0,12.87,13.0,12.76,12.88,13863007.0,178538236.0,12.85,0.23346303501945442,10.0,14.14,False,False,True,81.36601433830653
317,300284.SZ,苏交科,0.09151785714285716,18.801652892561993,1.0920492282307466,1.2196393504683636,1.2714446585212875,0.7276091080350737,1198281717.0,5.25,5.27,5.16,5.19,10633800.0,55201137.0,5.25,-1.1428571428571344,20.0,6.3,False,False,True,81.31176128657238
318,603877.SH,太平鸟,0.2120717781402938,20.86956521739132,1.292791283847787,0.3579172330491936,0.8985957150881322,1.0323314838361632,469323560.0,12.82,12.83,12.6,12.72,1734100.0,22001088.0,12.8,-0.6249999999999978,10.0,14.08,False,False,True,81.2885099786863
319,002673.SZ,西部证券,0.2610294117647058,10.691823899371066,0.9930809788639836,0.664424000053039,1.0717932121182505,0.5014872298325497,4469581705.0,6.86,6.88,6.81,6.85,14892653.0,101982678.0,6.87,-0.29112081513829047,10.0,7.56,False,False,True,81.24975779887617
320,600662.SH,外服控股,0.21527777777777762,18.56763925729443,1.2468545764178605,0.5490907846478276,0.9590659650158341,0.7051741522133934,2276762040.0,4.39,4.4,4.33,4.35,8815728.0,38375662.0,4.39,-0.9111617312072884,10.0,4.83,False,False,True,81.1490021313699
321,002777.SZ,久远银海,0.10799670239076674,18.610634648370493,1.1898922675247854,1.4957769271380184,0.943394449982124,0.7641486770491646,404511491.0,12.91,12.96,12.73,12.78,4623550.0,59246675.0,12.97,-1.4649190439475768,10.0,14.27,False,False,True,81.14318930439838
322,002901.SZ,大博医疗,0.09478908188585627,22.186011531712204,1.3410306305857804,0.6999942231990581,1.1132098172844354,0.44663623279352116,288412223.0,40.64,40.9,40.16,40.24,901700.0,36432155.0,40.99,-1.829714564527929,10.0,45.09,False,False,True,81.14318930439838
323,600917.SH,重庆燃气,0.28140703517587917,13.452914798206272,0.8819068199502962,0.3957402116394485,1.1838001084985899,1.2746407842105898,1561039760.0,5.0,5.08,5.0,5.06,7874300.0,39743682.0,5.02,0.7968127490039834,10.0,5.52,False,False,True,81.11412516954078
324,600109.SH,国金证券,0.35958904109589024,11.13801452784504,0.8955489032907872,0.651261802391971,0.8202940500802477,0.6800748979019648,3683262908.0,8.6,8.62,8.53,8.57,16365966.0,140327465.0,8.59,-0.2328288707799664,10.0,9.45,False,False,True,81.10056190660724
325,601228.SH,广州港,0.3814432989690722,14.801444043321311,0.7650677956916629,0.28010603928630545,0.8609567851000496,1.1352394005325763,7544531351.0,3.14,3.19,3.12,3.16,23990660.0,75843924.0,3.14,0.6369426751592355,10.0,3.45,False,False,True,81.09862429761675
326,300982.SZ,苏文电能,0.10560625814863098,38.06306306306306,0.8679024692264647,1.0818156137274926,0.4777878632507056,0.6796784301521122,193897146.0,14.91,14.96,14.7,14.76,1425700.0,21099434.0,14.94,-1.2048192771084265,20.0,17.93,False,False,True,81.0850610346832
327,000869.SZ,张  裕Ａ,0.198300283286119,17.473821989528805,1.1401351291741701,0.35601740350596545,1.4456684644719608,2.1939874024099204,454935920.0,16.7,17.23,16.51,16.9,3553494.0,60254975.0,16.68,1.318944844124692,10.0,18.35,False,False,True,81.08312342569269
328,002239.SZ,奥特佳,0.18461538461538474,13.247863247863245,1.0733691046830174,1.5079456667164302,0.9049839421288594,0.72258879315251,3266152096.0,2.58,2.59,2.56,2.58,35588798.0,91661181.0,2.58,0.0,10.0,2.84,False,False,True,81.03662080992055
329,600960.SH,渤海汽车,0.19519519519519513,30.000000000000004,1.0372539335795612,0.8917108757818244,0.5873627632039417,0.8307367157648874,950515518.0,4.04,4.06,4.0,4.03,7041200.0,28337990.0,4.05,-0.49382716049382047,10.0,4.46,False,False,True,81.01143189304398
330,000755.SZ,山西高速,0.3201970443349751,18.333333333333314,1.0050826904023236,0.31309007887517754,0.840684773403194,0.826904181259016,1467310196.0,4.84,4.88,4.78,4.85,3798800.0,18361498.0,4.85,0.0,10.0,5.34,False,False,True,81.00755667506299
331,300183.SZ,东软载波,0.18034557235421167,25.19422863485017,1.3321378984116645,0.9927396096667784,0.5635977814601983,0.8061390439223795,371087762.0,10.72,10.73,10.52,10.58,2969764.0,31575133.0,10.68,-0.9363295880149725,20.0,12.82,False,False,True,81.00368145708197
332,603855.SH,华荣股份,0.31926605504587197,16.350555918901243,0.9112179335491278,0.5473403917653235,0.8973877364340404,0.8099624455126693,335532500.0,17.06,17.2,16.97,17.11,1487500.0,25395230.0,17.03,0.4697592483851931,10.0,18.73,False,False,True,80.97267971323389
333,603288.SH,海天味业,0.24873609706774527,23.417721518987335,0.9972600523496024,0.2794018682376715,0.9124380502336463,0.9209021791551442,5559820644.0,34.01,34.44,33.7,34.36,14305518.0,487399584.0,34.06,0.8807985907222537,10.0,37.47,False,False,True,80.96686688626235
334,002152.SZ,广电运通,0.10058027079303666,20.48192771084336,1.3689991321584363,0.9432945382620586,1.0228643578634122,0.640811187916371,2482126213.0,9.65,9.65,9.48,9.53,15003800.0,143071041.0,9.65,-1.2435233160621895,10.0,10.62,False,False,True,80.96105405929083
335,300466.SZ,赛摩智能,0.198,21.052631578947366,1.0845154316875436,1.1465297215582735,0.8243442659677125,0.733610947742511,460540826.0,7.41,7.48,7.35,7.36,3873640.0,28591096.0,7.45,-1.2080536912751683,20.0,8.94,False,False,True,80.94555318736678
336,600308.SH,华泰股份,0.2631578947368422,17.12328767123288,1.0910109183030752,0.6119843508611466,0.93520594989132,0.9358555875869591,1516870176.0,3.36,3.39,3.33,3.36,8687555.0,29153766.0,3.37,-0.29673590504452063,10.0,3.71,False,False,True,80.94361557837628
337,000750.SZ,国海证券,0.28571428571428564,11.830985915492963,0.901242886335084,0.7797659611246581,0.9863586866161247,0.7274919538514095,5796203977.0,3.8,3.82,3.79,3.8,32880327.0,124989534.0,3.81,-0.2624671916010568,10.0,4.19,False,False,True,80.89711296260414
338,600787.SH,中储股份,0.2687224669603525,18.765432098765423,0.9791179854856846,0.7366441780566865,0.8818556632159911,1.232420289128611,2170079582.0,4.66,4.73,4.63,4.72,19701181.0,92526209.0,4.66,1.2875536480686511,10.0,5.13,False,False,True,80.89130013563263
339,600639.SH,浦东金桥,0.35887096774193566,14.18685121107266,0.8255800488567289,0.4849629150860081,0.8903787151228545,0.6904034205146725,850236703.0,9.56,9.58,9.48,9.49,2846763.0,27104021.0,9.56,-0.7322175732217606,10.0,10.52,False,False,True,80.88742491765161
340,600710.SH,苏美达,0.2883548983364138,21.720430107526866,1.061964029847638,0.627305900176111,0.7213613500315105,2.315197597047707,1306749434.0,10.79,11.33,10.73,11.2,18978407.0,210543136.0,10.79,3.7998146431881485,10.0,11.87,False,False,True,80.85061034683201
341,603833.SH,欧派家居,0.07962085308056871,24.402907580477674,1.2562906825299869,0.6799873591843479,1.2180674874028683,0.7281182253359588,605727207.0,31.4,31.41,30.68,30.81,3003200.0,92641755.0,31.41,-1.9102196752626588,10.0,34.55,False,False,True,80.82929664793645
342,688563.SH,航材股份,0.25872817955112204,19.027120103314665,1.0076742180766303,1.231851232328493,0.6830215554525149,2.5608209361279775,135542674.0,54.5,56.3,54.1,55.7,4275762.0,236480537.0,54.76,1.716581446311194,20.0,65.71,False,False,True,80.82735903894596
343,002063.SZ,远光软件,0.23443223443223427,25.0,0.8918241061384853,1.1856026680429586,0.607375856408838,0.8246850338808761,1769109143.0,5.52,5.53,5.43,5.44,17297443.0,94380005.0,5.52,-1.4492753623188248,10.0,6.07,False,False,True,80.79151327262159
344,002526.SZ,山东矿机,0.17475728155339798,20.081967213114773,1.0852138173805703,1.2714575703162738,0.8923341933748375,0.8404377677437618,1771234438.0,2.79,2.82,2.76,2.77,18927074.0,52507023.0,2.8,-1.0714285714285676,10.0,3.08,False,False,True,80.7769812051928
345,002616.SZ,长青集团,0.22758620689655173,16.241299303944313,1.0531061770754078,1.545971957648793,0.7121670719693901,0.8852717404600665,587480268.0,4.95,5.0,4.94,4.99,8040286.0,40009971.0,4.97,0.4024144869215318,10.0,5.47,False,False,True,80.76535555124975
346,002917.SZ,金奥博,0.22563176895306863,24.361702127659555,1.0413622006895968,1.1165855310616,0.645047067132983,0.9930816332626627,260546731.0,10.61,10.7,10.53,10.62,2889100.0,30661833.0,10.65,-0.28169014084508115,10.0,11.72,False,False,True,80.7479170703352
347,000400.SZ,许继电气,0.14869390488948422,25.141972121837885,1.2336587972202033,1.3615773332736318,0.630907472327591,0.5516679237299487,1015065609.0,21.59,21.69,21.37,21.6,7624549.0,164149632.0,21.59,0.04631773969430153,10.0,23.75,False,False,True,80.72854098043014
348,600853.SH,龙建股份,0.24630541871921185,17.006802721088434,1.0269815895977719,0.9189267542842794,0.9353152086296204,0.929921047665985,1013699085.0,3.42,3.43,3.39,3.42,8662356.0,29540786.0,3.44,-0.5813953488372103,10.0,3.78,False,False,True,80.67622553768649
349,000900.SZ,现代投资,0.31313131313131326,12.352941176470589,0.8167122544657273,0.7712828805831187,0.9516712055900176,0.9002378861734648,1517752584.0,3.69,3.73,3.67,3.72,10538334.0,39093940.0,3.71,0.26954177897575704,10.0,4.08,False,False,True,80.6432861848479
350,002287.SZ,奇正藏药,0.2121896162528219,20.731042007637758,1.1545343108025208,0.37903172157393356,1.0743977515528444,0.6482205735340489,570989795.0,20.2,20.2,19.93,19.98,1402900.0,28083898.0,20.21,-1.1380504700643224,10.0,22.23,False,False,True,80.63553574888589
351,300664.SZ,鹏鹞环保,0.2966101694915252,17.44471744471745,1.070927464122277,1.0011981978772044,0.6958422815575852,0.5755717837118647,725179886.0,4.77,4.81,4.74,4.8,4178932.0,19946820.0,4.77,0.6289308176100628,20.0,5.72,False,False,True,80.63553574888587
352,002255.SZ,海陆重工,0.05074257425742576,34.00809716599189,1.0069247893320137,1.551853833522376,0.5271660232692321,0.8198676401032915,637944743.0,7.84,7.86,7.78,7.82,8116665.0,63924140.0,7.82,0.0,10.0,8.6,False,False,True,80.63553574888587
353,601016.SH,节能风电,0.1433447098976109,28.12499999999998,0.9933790026077111,1.6917472341891127,0.37286588406737475,0.9515827263336561,6038260256.000001,3.35,3.41,3.33,3.4,97206128.0,329746189.0,3.36,1.1904761904761862,10.0,3.7,False,False,True,80.62972292191435
354,600637.SH,东方明珠,0.15639810426540288,20.377867746288803,1.1578384143293676,1.1943910819993326,0.9423665714648172,0.7996123626482246,3361899817.0,8.67,8.68,8.57,8.63,32107820.0,276780105.0,8.73,-1.145475372279492,10.0,9.6,False,False,True,80.62584770393335
355,300070.SZ,碧水源,0.2978723404255319,16.560509554140125,0.8946773924409369,0.8377222330735404,0.8819526084106704,0.8878136424353887,3477748047.0,3.55,3.56,3.52,3.53,25865446.0,91412407.0,3.56,-0.8426966292134908,20.0,4.27,False,False,True,80.56384421623716
356,600004.SH,白云机场,0.28525641025641024,16.473988439306364,0.933487907403661,0.436901898053232,1.0668274815473513,0.830733175354364,2366718283.0,7.85,7.85,7.76,7.82,8589978.0,67049300.0,7.81,0.1280409731114096,10.0,8.59,False,False,True,80.53478008137958
357,001308.SZ,康冠科技,0.23035230352303518,32.12307692307692,0.8914502080406879,0.3372730012540125,0.7082185805013963,0.7471406307003843,527325325.0,17.83,18.01,17.63,17.66,1328809.0,23613634.0,17.95,-1.6155988857938675,10.0,19.75,False,False,True,80.53284247238906
358,603298.SH,杭叉集团,0.3006211180124221,20.59574468085106,1.2691625359938608,0.32880265174594697,0.6891190567796801,1.0874605926224084,1309812049.0,25.4,25.4,24.9,25.16,4683363.0,117586672.0,25.31,-0.5926511260371359,10.0,27.84,False,False,True,80.51346638248403
359,600810.SH,神马股份,0.15548780487804872,29.233511586452753,1.3547409661669256,0.8135678304769476,0.5942576117838024,0.5970965232950924,1080753008.0,6.63,6.65,6.55,6.62,5250066.0,34629003.0,6.63,-0.15082956259426794,10.0,7.29,False,False,True,80.49409029257895
360,000799.SZ,酒鬼酒,0.07180783817951968,23.398479913137884,0.9956587614587715,2.1456497684054368,0.7819770454556288,0.6140230745713008,324897530.0,39.42,39.55,38.9,39.13,4280455.0,167610932.0,39.52,-0.9868421052631637,10.0,43.47,False,False,True,80.47277659368339
361,301275.SZ,汉朔科技,0.12074235807860265,21.622306717363738,1.2884853478205904,1.5429377233039716,0.7542084173383411,0.8843846536931171,300859233.0,43.24,43.24,41.83,42.05,4105376.0,174001242.0,43.22,-2.7070800555298535,20.0,51.86,False,False,True,80.43402441387329
362,600210.SH,紫江企业,0.26046511627906965,11.518324607329822,0.8296966391031907,1.0786279316748466,0.9997085710476122,0.6808066595672722,1516736158.0,6.29,6.3,6.23,6.28,11137956.0,69793791.0,6.29,-0.15898251192368873,10.0,6.92,False,False,True,80.43208680488279
363,300750.SZ,宁德时代,0.1972054426749649,26.546012269938647,1.3468268380763104,0.5486523591540745,0.710020112568902,1.6695969717881731,4260196510.0,332.48,337.66,327.1,336.84,39024000.0,12957469558.0,335.49,0.4023964946794134,20.0,402.59,False,False,True,80.39333462507265
364,600835.SH,上海机电,0.07416563658838067,33.81336405529956,1.4437057862955207,0.6137939872112219,0.6534611784432093,0.6367434261075077,806504299.9999999,18.47,18.64,18.32,18.47,3152055.0,58264024.0,18.56,-0.4849137931034475,10.0,20.42,False,False,True,80.39139701608215
365,002358.SZ,森源电气,0.13276231263383298,29.387755102040813,1.1638315193015087,1.3412222128001483,0.5702529924918756,0.8914771264682131,929755702.0,5.41,5.46,5.36,5.46,11116800.0,60372384.0,5.41,0.9242144177449063,10.0,5.95,False,False,True,80.28870373958536
366,688122.SH,西部超导,0.04295259306395168,36.82505399568037,1.1906971525586008,1.132633887795775,0.5616216076150072,1.8366399586916593,649664497.0,49.01,50.88,48.83,50.73,13514585.0,676320212.0,49.0,3.530612244897946,20.0,58.8,False,False,True,80.26739004068978
367,600728.SH,佳都科技,0.17597765363128487,25.798525798525795,1.1577056214919512,1.0767489382525812,0.7522312050056192,0.757845582704179,2132599261.0,4.7,4.71,4.61,4.63,17402211.0,80825002.0,4.7,-1.4893617021276673,10.0,5.17,False,False,True,80.26545243169929
368,301267.SZ,华厦眼科,0.11111111111111113,20.139860139860133,1.4305056392811024,0.7395905609995794,1.1217223128631004,0.6011032347255512,648444383.0,15.33,15.33,15.02,15.07,2882791.0,43597906.0,15.22,-0.9855453350854138,20.0,18.26,False,False,True,80.17632241813602
369,600163.SH,中闽能源,0.1501210653753027,30.38793103448276,1.3965463362626582,0.8231241538569893,0.41380174656386043,1.772014553427977,1902996143.0,5.25,5.41,5.21,5.4,27756873.0,148543654.0,5.26,2.6615969581749166,10.0,5.79,False,False,True,80.15597752373571
370,003037.SZ,三和管桩,0.19750000000000006,28.515625,1.1146704348047807,0.568617966189512,0.821622346840328,0.9627235421665614,599074678.0,5.9,5.92,5.83,5.85,3279466.0,19218755.0,5.91,-1.0152284263959421,10.0,6.5,False,False,True,80.14144545630693
371,600062.SH,华润双鹤,0.28604118993135,15.384615384615397,0.8582307358179397,0.754763319272631,1.0342182405758995,0.580655456017375,1038225388.0,16.21,16.31,16.09,16.21,4550100.0,73798785.0,16.2,0.06172839506173311,10.0,17.82,False,False,True,80.13369502034489
372,600651.SH,飞乐音响,0.11494252873563214,33.93574297188753,1.111284079522701,0.6843831779039729,0.8335010155296279,0.8708695896962281,2507028015.0,5.57,5.69,5.54,5.61,14942100.0,83951777.0,5.58,0.5376344086021501,10.0,6.14,False,False,True,80.12013175741134
373,000035.SZ,中国天楹,0.18224299065420568,23.529411764705888,1.200338446175974,1.2590714810785992,0.7144916399213791,1.068696433810653,2313124623.0,5.04,5.07,4.99,5.05,31124600.0,156625853.0,5.03,0.397614314115291,10.0,5.53,False,False,True,80.0823483820965
374,601336.SH,新华保险,0.23030506201810275,18.296935217471088,1.1999653701631767,0.9340904900163575,0.8793720701916202,0.8641413542233686,2085439340.0,59.88,60.2,59.51,59.93,16833379.0,1007182980.0,60.06,-0.21645021645022577,10.0,66.07,False,False,True,80.06587870567719
375,301283.SZ,聚胶股份,0.10675605982465189,23.67957746478875,1.286353424913078,1.1735682396122538,0.918392894311492,0.5727783904668411,91361202.0,24.79,24.9,24.46,24.55,614125.0,15147749.0,24.79,-0.9681323114158924,20.0,29.75,False,False,True,80.00581282697152
376,600056.SH,中国医药,0.21481481481481468,18.554216867469876,1.014085380708627,1.0283348815468207,1.007402031854267,0.47148181525922483,1495351478.0,9.15,9.17,9.09,9.1,7250080.0,66069312.0,9.17,-0.7633587786259555,10.0,10.09,False,False,True,79.99224956403798
377,601018.SH,宁波港,0.350877192982456,14.705882352941169,0.7231466869726992,0.2846643146224315,1.0344599540282995,1.2990013160309313,19454388399.0,3.46,3.53,3.43,3.52,71938305.0,253916058.0,3.46,1.7341040462427681,10.0,3.81,False,False,True,79.98643673706647
378,600478.SH,科力远,0.0835380835380835,35.491071428571416,0.9683230873404487,1.2463629427938885,0.695339315695858,0.6642381181543521,1693918916.0,4.82,4.84,4.78,4.81,14023646.0,67478226.0,4.82,-0.20746887966806016,10.0,5.3,False,False,True,79.97674869211393
379,300389.SZ,艾比森,0.14457831325301193,22.123104371097213,1.3643525867022694,1.4989214498742363,0.6575360421072581,0.6981507835021068,274518071.0,12.82,12.82,12.57,12.63,2872758.0,36405400.0,12.77,-1.09631949882536,20.0,15.32,False,False,True,79.9360589033133
380,300926.SZ,博俊科技,0.07570509648688757,25.620347394540932,1.3855442084305394,1.1965949333955925,0.8223636479788635,0.7990981806564282,297993117.0,17.65,17.79,17.22,17.28,2849400.0,49751318.0,17.65,-2.0963172804532415,20.0,21.18,False,False,True,79.90311955047471
381,688366.SH,昊海生科,0.11553323029366312,22.295321637426913,1.4447044286226296,0.3775094806488675,1.1938682915977774,0.4295978720771416,194051855.0,30.34,30.36,29.77,29.88,314708.0,9508115.0,30.35,-1.5485996705107197,20.0,36.42,False,False,True,79.89536911451269
382,601568.SH,北元化工,0.3716216216216217,17.06586826347307,0.8117461701024886,0.4172417268062644,0.8921579998673103,2.3118837317422183,3972222224.000001,3.88,3.99,3.88,3.93,38316626.0,151418944.0,3.89,1.0282776349614497,10.0,4.28,False,False,True,79.89343150552219
383,600461.SH,洪城环境,0.35260115606936376,11.371629542790163,0.6155690331293256,0.7162322594913684,0.9640698367802961,0.8174061354315584,1284156812.0,8.92,8.99,8.92,8.96,7518130.0,67374307.0,8.93,0.33594624860022737,10.0,9.82,False,False,True,79.87793063359813
384,301296.SZ,新巨丰,0.19560439560439558,22.33856893542756,1.0595476782922375,0.7388173034085904,1.0782521151201585,0.8003979765399687,427531764.0,6.61,6.61,6.5,6.54,2528200.0,16533053.0,6.62,-1.2084592145015116,20.0,7.94,False,False,True,79.87793063359813
385,000516.SZ,国际医学,0.19409282700421954,16.753926701570677,1.3870953501535677,0.9915562286702105,0.8943882550100464,1.0164186016638328,2204748361.0,4.27,4.29,4.21,4.28,22220252.0,94535304.0,4.28,0.0,10.0,4.71,False,False,True,79.81398953691145
386,002996.SZ,顺博合金,0.16768292682926828,15.33101045296168,1.1796146620835823,1.7619090506344213,0.8604537633637604,0.8314695739435201,458377491.0,6.29,6.32,6.22,6.31,6715110.0,42148656.0,6.29,0.31796502384737746,10.0,6.92,False,False,True,79.81205192792095
387,002311.SZ,海大集团,0.15227447956823448,24.181547619047628,1.3776683811633772,0.5602032281525585,0.9664339069679506,0.7382054725375078,1654870556.0,43.97,44.6,43.67,43.93,6843248.0,301895634.0,44.27,-0.7680144567427272,10.0,48.7,False,False,True,79.81011431893045
388,600690.SH,海尔智家,0.3383199079401612,22.023809523809533,0.7962881341926785,0.568313923536348,0.7755420426823313,0.5614940344710055,6178486925.0,21.42,21.45,21.17,21.3,19884315.0,423662870.0,21.42,-0.5602240896358635,10.0,23.56,False,False,True,79.7946134470064
389,300678.SZ,中科信息,0.09615384615384631,19.546332046332047,1.4295709201364186,1.4983879422382895,0.8292551220497123,0.7674932563809527,292736719.0,22.42,22.46,22.03,22.15,3366480.0,74679092.0,22.42,-1.2042818911686126,20.0,26.9,False,False,True,79.78686301104437
390,002282.SZ,博深股份,0.29457364341085285,17.18464351005484,1.0212472860544342,0.8457187029578311,0.866581360852815,0.5264893115330224,483311104.0,6.22,6.24,6.16,6.19,2152000.0,13329063.0,6.23,-0.6420545746388395,10.0,6.85,False,False,True,79.77523735710135
391,002511.SZ,中顺洁柔,0.3125,16.2037037037037,1.030640530298489,0.8480947149750824,0.8334489754245376,0.7358066274646019,1265003933.0,7.34,7.35,7.22,7.29,7894051.0,57501134.0,7.33,-0.545702592087316,10.0,8.06,False,False,True,79.76748692113932
392,603187.SH,海容冷链,0.03322259136212613,17.906336088154262,1.051508712183209,1.779054283419677,1.3602912784928147,0.6916781272844793,382361891.00000006,11.07,11.16,11.02,11.15,4705089.0,52245873.0,11.09,0.5410279531109063,10.0,12.2,False,False,True,79.75392365820578
393,000708.SZ,中信特钢,0.3059829059829062,20.863895680521605,1.0239753868174972,0.25656616560866047,0.8913227758072888,0.7072122620781918,5047136556.0,13.45,13.57,13.35,13.51,9157864.0,125228549.0,13.46,0.3714710252600284,10.0,14.81,False,False,True,79.74811083123426
394,600643.SH,爱建集团,0.21285140562249005,16.621253405994562,1.2956050276310245,0.9889644467802704,0.9205771682770121,0.6006894176629641,1590351716.0,4.19,4.2,4.14,4.15,9447651.0,39298861.0,4.2,-1.1904761904761862,10.0,4.62,False,False,True,79.68610734353805
395,000557.SZ,西部创业,0.2322274881516589,15.178571428571441,1.3867508061503004,0.555069438222946,0.9771393484053055,0.9770652505643457,1457916197.9999998,3.84,3.87,3.8,3.86,7906849.0,30349632.0,3.85,0.2597402597402487,10.0,4.24,False,False,True,79.67641929858554
396,600633.SH,浙数文化,0.1131339401820545,20.264765784114047,1.4018762588365097,1.448876730482746,0.8190032539321467,0.9812148788059037,1268074472.0,10.62,10.65,10.33,10.42,18027700.0,187845197.0,10.69,-2.5257249766136525,10.0,11.76,False,False,True,79.66673125363302
397,603927.SH,中科软,0.17959183673469387,19.606234618539787,1.1556350129054005,1.118891310887558,0.9975135042354528,0.5141704312834128,831040000.0,13.97,13.97,13.75,13.79,4780980.0,66353939.0,13.95,-1.1469534050179253,10.0,15.35,False,False,True,79.6609184266615
398,002243.SZ,力合科创,0.22689075630252098,22.471910112359538,1.235971113097376,0.937500064467252,0.7490426811341816,0.8091257476532134,1202160648.0,7.59,7.59,7.42,7.44,9119055.0,68099052.0,7.58,-1.846965699208436,10.0,8.34,False,False,True,79.63185429180392
399,600841.SH,动力新科,0.1016393442622951,32.37547892720307,1.2854693999991507,1.0541788154227025,0.6709199334067916,2.1750935531284443,1043024484.0,5.83,6.16,5.82,6.08,23915900.0,143380278.0,5.84,4.109589041095885,10.0,6.42,False,False,True,79.56791319511723
400,600511.SH,国药股份,0.3494208494208499,14.01831939466347,0.6266000833702134,0.7727340440895255,0.9437320742282276,0.447321429364913,553346424.0,26.87,26.93,26.72,26.89,1912700.0,51359493.0,26.92,-0.11144130757800852,10.0,29.61,False,False,True,79.5601627591552
401,002027.SZ,分众传媒,0.14814814814814803,26.530612244897966,0.9679437972035787,1.0528382523768955,0.9903304894551684,0.6376412103644659,14442199726.0,4.91,4.93,4.86,4.88,96955261.0,473362979.0,4.93,-1.0141987829614618,10.0,5.42,False,False,True,79.55434993218368
402,300230.SZ,永利股份,0.31914893617021267,14.070351758793965,0.8370073377653646,1.251421847030582,0.7763475712643093,0.6720600340811959,629822499.0,4.42,4.44,4.39,4.41,5297000.0,23380315.0,4.43,-0.4514672686230181,20.0,5.32,False,False,True,79.54853710521218
403,600817.SH,宇通重工,0.39516129032258046,17.269544924154022,0.9090633433181223,0.4610921997087694,0.8097260832794388,0.9089561528628776,529491846.0,10.04,10.04,9.78,9.79,2219167.0,21878290.0,10.04,-2.490039840637448,10.0,11.04,False,False,True,79.53303623328812
404,600279.SH,重庆港,0.31501831501831495,24.649859943977592,0.7051332560203314,0.5744955685121564,0.7776279049875546,1.831181435924665,1186866283.0,4.43,4.56,4.38,4.52,12485900.0,56112425.0,4.43,2.0316027088036037,10.0,4.87,False,False,True,79.53109862429761
405,603014.SH,威高血净,0.11188436830835118,26.813040585495674,0.9430002506465975,1.2951346782863633,0.9804998261850375,0.6159091619768894,101484882.0,31.58,31.58,31.15,31.25,809530.0,25565079.0,31.59,-1.076289965178856,10.0,34.75,False,False,True,79.51559775237357
406,000707.SZ,双环科技,0.2439862542955326,17.60391198044009,1.2081354258540142,1.2069578595028874,0.7584445324212501,1.5653490736332787,550703589.0,4.82,4.84,4.74,4.77,10404500.0,49829946.0,4.8,-0.6250000000000089,10.0,5.28,False,False,True,79.50590970742105
407,603100.SH,川仪股份,0.2454106280193239,19.48212083847103,1.2101961679905622,0.8497227854494286,0.8570855601792623,0.5909905844247458,511539166.0,18.77,18.84,18.54,18.56,2568838.0,47817736.0,18.76,-1.06609808102347,10.0,20.64,False,False,True,79.4962216624685
408,002108.SZ,沧州明珠,0.2304687500000001,25.063938618925818,1.0306738517517036,1.321979145406905,0.5475062274324684,0.5761403669955621,1647998206.0,4.39,4.4,4.36,4.37,12551905.0,54959391.0,4.4,-0.6818181818181834,10.0,4.84,False,False,True,79.47297035458244
409,002302.SZ,西部建设,0.20930232558139533,25.235849056603765,1.026446352755468,0.605317427586473,0.9976922480836248,0.7107959526939216,1262354304.0,4.89,4.89,4.78,4.84,5431370.0,26192344.0,4.87,-0.6160164271047264,10.0,5.36,False,False,True,79.47103274559194
410,600292.SH,电投水电,0.05491329479768773,30.73593073593073,1.020289062886932,2.0513895120910943,0.573908951596961,0.7290475787363239,439283583.0,11.92,12.04,11.84,11.99,6569752.0,78491846.0,11.93,0.5029337803855949,10.0,13.12,False,False,True,79.46715752761092
411,300144.SZ,宋城演艺,0.14285714285714293,14.847942754919497,1.1797735173678414,1.3455052115290669,1.2372759052629934,1.0959299287383524,2581597994.0,6.14,6.14,6.03,6.08,38067713.0,231220091.0,6.16,-1.2987012987012991,20.0,7.39,False,False,True,79.46134470063942
412,600420.SH,国药现代,0.259475218658892,20.603674540682416,0.8733309450205434,0.669723578744023,1.0423896610874257,0.5408838791626692,1341172692.0,8.48,8.5,8.42,8.44,4858300.0,41309315.0,8.51,-0.8225616921269108,10.0,9.36,False,False,True,79.45940709164891
413,002363.SZ,隆基机械,0.22727272727272724,24.3432574430823,0.9999305315525753,1.1519302157208084,0.7508728040166592,0.46105398327015684,415758167.00000006,6.96,6.99,6.87,6.9,2208100.0,15275984.0,6.96,-0.8620689655172376,10.0,7.66,False,False,True,79.45359426467739
414,601113.SH,华鼎股份,0.21578947368421061,26.984126984126977,1.0342304778921292,0.8373744518448261,0.8086666962580785,1.1773665476708937,1104152226.0,3.54,3.6,3.52,3.55,10885800.0,38747726.0,3.56,-0.2808988764045006,10.0,3.92,False,False,True,79.43228056578182
415,600575.SH,淮河能源,0.23529411764705865,28.666666666666664,0.946462158515763,1.011787692394767,0.6164230479701318,0.8922249617044375,3886261065.0,3.31,3.35,3.29,3.33,35082920.0,116685063.0,3.32,0.3012048192771122,10.0,3.65,False,False,True,79.41484208486727
416,603018.SH,XD华设集,0.23618090452261292,15.07128309572301,1.2008264388809615,0.8373871737545526,1.0414176586375288,0.9088740214577345,819147727.0,5.39,5.39,5.33,5.36,6234365.0,33623260.0,5.38,-0.3717472118959009,10.0,5.92,False,False,True,79.3877155590002
417,688303.SH,大全能源,0.09184782608695641,38.40155945419104,1.3790194571443148,0.43448769849847796,0.650991591781721,0.4618586986616816,2132442813.0,17.06,17.3,16.97,17.04,4279214.0,73080614.0,17.08,-0.23419203747072626,20.0,20.5,False,False,True,79.36252664212361
418,601811.SH,新华文轩,0.2471264367816091,18.580765639589146,1.0269612440989706,0.42315737427230293,1.3078746274645106,1.1076992769098237,791903900.0,11.76,11.82,11.58,11.63,3711900.0,43261553.0,12.0,-3.083333333333327,10.0,13.2,False,False,True,79.30827359038946
419,000868.SZ,安凯客车,0.1672597864768684,19.122257053291534,1.3004037921153444,1.097214742364901,0.985517641492505,1.0787898488623346,939513985.0,3.66,3.7,3.63,3.69,11120690.0,40789002.0,3.66,0.8196721311475308,10.0,4.03,False,False,True,79.29277271846541
420,002393.SZ,力生制药,0.14463452566096444,17.05310396409874,1.462536669273192,1.0520343583100829,0.9931711888939586,0.5176474924024994,300217443.0,14.28,14.28,14.09,14.14,1634933.0,23119376.0,14.3,-1.118881118881121,10.0,15.73,False,False,True,79.26758380158884
421,600688.SH,上海石化,0.2578125,19.402985074626855,0.8380254520715612,0.9266884946656059,1.0116641287030042,1.0756372372007672,7328813500.0,2.93,2.97,2.91,2.96,73052195.0,215252095.0,2.94,0.6802721088435382,10.0,3.23,False,False,True,79.26564619259834
422,601022.SH,宁波远洋,0.2832080200501251,16.120218579234958,0.9980115525174951,0.592795961133597,1.1113535403459762,2.729615373293872,1308633334.0,8.45,8.81,8.4,8.76,21175061.0,183855009.0,8.45,3.668639053254452,10.0,9.3,False,False,True,79.25595814764581
423,300206.SZ,理邦仪器,0.13602941176470593,27.429609445958224,1.02130617773969,1.6264057494133783,0.7343778539513499,0.9703319825562435,338379565.0,11.75,11.75,11.5,11.58,5340149.0,61893276.0,11.75,-1.4468085106382977,20.0,14.1,False,False,True,79.2520829296648
424,688223.SH,晶科能源,0.020905923344947754,38.01020408163267,1.479335476123132,0.7061510742479229,0.5573437323188302,0.7073584448126464,10269412261.0,4.06,4.08,4.02,4.04,51295912.0,207571775.0,4.04,0.0,20.0,4.85,False,False,True,79.25014532067428
425,300474.SZ,景嘉微,0.03713892709766165,36.27471383975027,1.1252816943914878,1.4010419890997508,0.5971668306049635,0.574272714776012,406479684.0,49.43,49.7,49.18,49.4,3270455.0,161613946.0,49.4,0.0,20.0,59.28,False,False,True,79.21526835884518
426,600117.SH,西宁特钢,0.21854304635761598,19.500000000000007,1.3355623345525363,0.4655765561516059,1.0247239002258375,0.9219368117429015,3255114857.0,2.33,2.35,2.29,2.35,13972000.0,32529672.0,2.33,0.8583690987124415,10.0,2.56,False,False,True,79.19782987793063
427,000932.SZ,华菱钢铁,0.12721893491124253,24.534161490683214,1.240881622438824,1.163772676041541,0.9337655548742249,1.039674192937315,6852609160.0,3.63,3.69,3.61,3.68,82912762.0,302987310.0,3.65,0.8219178082191858,10.0,4.02,False,False,True,79.19007944196862
428,600925.SH,苏能股份,0.3027522935779818,15.345268542199486,0.7561885749846375,0.7621036783503583,1.0932419460667244,1.6554961615307124,1606048586.0,4.24,4.34,4.23,4.34,20262868.0,87245564.0,4.24,2.3584905660377187,10.0,4.66,False,False,True,79.18232900600658
429,603858.SH,步长制药,0.1911196911196911,18.84476534296029,1.2860430533424148,0.6387461383943014,1.1936854254368723,0.5263919238186993,1054568442.0,14.8,14.85,14.7,14.78,3545784.0,52428855.0,14.84,-0.40431266846361336,10.0,16.32,False,False,True,79.17264096105407
430,600848.SH,上海临港,0.23695976154992532,29.39521800281293,1.100533623198426,0.3099982519701905,0.7810732807364843,0.9609833126584623,2393912273.0,8.7,8.8,8.64,8.76,7131540.0,62189578.0,8.7,0.6896551724137945,10.0,9.57,False,False,True,79.16489052509205
431,601188.SH,龙江交通,0.2719298245614035,12.35955056179776,0.8685890715537976,1.093953639674641,1.0382119560409075,0.8657094037937817,1305469915.0,2.99,3.0,2.95,2.99,12363400.0,36800628.0,2.98,0.3355704697986628,10.0,3.28,False,False,True,79.12807595427243
432,600981.SH,苏豪汇鸿,0.21538461538461534,28.169014084507047,1.059671362299652,0.7451973668431089,0.8119813133861087,1.0265130003386902,2242433192.0,2.53,2.56,2.5,2.54,17153600.0,43470325.0,2.55,-0.39215686274508554,10.0,2.81,False,False,True,79.10094942840534
433,002950.SZ,奥美医疗,0.12106918238993705,24.489795918367328,1.4284728829547126,1.4783734489724027,0.6356059860066856,0.5612090450240486,429625255.00000006,9.0,9.11,8.98,9.03,3564500.0,32192406.0,9.1,-0.7692307692307776,10.0,10.01,False,False,True,79.09707421042435
434,002984.SZ,森麒麟,0.138030888030888,22.943037974683534,1.1995186160809117,1.3669904914259212,0.9069521619362223,0.6393527655603581,713920189.0,13.95,14.16,13.87,13.98,6239585.0,87457583.0,14.07,-0.6396588486140664,10.0,15.48,False,False,True,79.09707421042434
435,601567.SH,三星电气,0.01835317460317457,30.220197418375093,1.5600456041059656,1.0132404430257818,0.7141162590893634,0.7350884796658572,1405209400.0,13.5,13.61,13.42,13.47,10466300.0,141416537.0,13.54,-0.5169867060561217,10.0,14.89,False,False,True,79.09126138345283
436,300699.SZ,光威复材,0.06781079949769768,35.27321190581962,1.2644515497727742,1.2142634044247345,0.5832866163683854,0.776177496959106,823380299.0,24.24,24.48,23.94,24.17,7760227.0,187725821.0,24.13,0.16576875259015633,20.0,28.96,False,False,True,79.09126138345282
437,601877.SH,正泰电器,0.12486064659977694,20.686695278969957,1.5447359178739024,1.0353068354393902,0.8931509115552315,0.6305914441296551,2148968976.0,25.5,25.84,25.38,25.75,14029665.0,360280724.0,25.54,0.8222396241190255,10.0,28.09,False,False,True,79.00988180585158
438,603528.SH,多伦科技,0.16639741518578355,27.881040892193298,1.1823888711570902,1.0743131603203895,0.7786305306440932,1.0316723177386706,705930131.0,6.41,6.52,6.31,6.38,7824100.0,50027487.0,6.41,-0.46801872074883066,10.0,7.05,False,False,True,78.99438093392754
439,603173.SH,福斯达,0.06882753101240492,36.05653223026542,1.3574537478023025,0.6116550000000001,0.7691052693622539,0.7132288626758548,160000000.0,30.55,30.89,30.21,30.41,698000.0,21301413.0,30.73,-1.041327692808336,10.0,33.8,False,False,True,78.98856810695602
440,600609.SH,金杯汽车,0.17672413793103456,13.861386138613874,1.2348492632213173,1.3136312850741294,1.06601530508083,0.7633501659953706,1304558558.0,3.44,3.45,3.39,3.43,13081600.0,44735536.0,3.44,-0.29069767441859407,10.0,3.78,False,False,True,78.98663049796552
441,601908.SH,京运通,0.09019607843137255,24.28571428571429,1.461253407423452,1.537471898572387,0.692300934909586,0.6550076636804423,2414602861.0,3.03,3.04,2.99,3.0,24316400.0,73169361.0,3.03,-0.9900990099009799,10.0,3.33,False,False,True,78.92850222825034
442,603551.SH,奥普科技,0.30097087378640774,14.688601645123377,0.8181463277594224,0.7634215152080469,1.1290821505543367,0.7180601411652997,381227343.0,9.7,9.73,9.55,9.63,2087800.0,20049249.0,9.75,-1.2307692307692242,10.0,10.73,False,False,True,78.92268940127883
443,002701.SZ,奥瑞金,0.17991631799163202,21.739130434782616,1.2533715478363245,0.9548158961028475,0.9796871371518765,0.5521279984978984,2557357434.0,4.57,4.59,4.53,4.54,13481892.0,61404580.0,4.57,-0.6564551422319487,10.0,5.03,False,False,True,78.88975004844022
444,600780.SH,通宝能源,0.3079710144927536,20.145190562613436,1.1526223078914004,1.0510882669902288,0.59804149438793,1.2373034599039803,1146502523.0,6.28,6.41,6.27,6.4,14910439.0,94779759.0,6.29,1.7488076311605871,10.0,6.92,False,False,True,78.87812439449719
445,301311.SZ,昆船智能,0.17258883248730958,20.164609053497927,1.3524318000603404,0.9005764166666634,1.0133305515834876,1.3500483070241032,240000000.0,13.78,14.21,13.78,13.97,2917972.0,40795216.0,13.85,0.8664259927797957,20.0,16.62,False,False,True,78.86843634954465
446,688186.SH,广大特材,0.07841140529531572,35.43307086614173,1.3207008959707847,1.1308836974191585,0.5347005583661536,0.7063868431117648,280489356.0,14.12,14.23,13.88,13.93,2240665.0,31403895.0,14.24,-2.17696629213483,20.0,17.09,False,False,True,78.85196667312536
447,600560.SH,金自天正,0.21022727272727287,26.907216494845375,1.1150809846519454,0.9258823003369125,0.7930351575964153,0.9563459904579822,223645500.0,11.63,11.67,11.44,11.52,1980300.0,22849368.0,11.55,-0.25974025974027093,10.0,12.71,False,False,True,78.8471226506491
448,000156.SZ,华数传媒,0.2821917808219179,17.781402936378466,1.2495824125018673,0.5549671024597946,0.9262779515699224,0.9837019351759717,1699875877.0,7.13,7.13,6.93,7.02,9280000.0,65046530.0,7.16,-1.9553072625698387,10.0,7.88,False,False,True,78.80062003487696
449,300994.SZ,久祺股份,0.18426294820717126,23.88369678089304,1.0119409398106574,1.6095968522151738,0.7534108396286939,0.7895765196134397,118412160.0,11.4,11.5,11.2,11.26,1504900.0,17030584.0,11.48,-1.9163763066202155,20.0,13.78,False,False,True,78.77543111800038
450,600816.SH,建元信托,0.09032258064516135,18.220338983050866,1.2553304442172568,1.454373658665083,1.2155993059892507,0.6422002446169707,5469137919.0,2.5,2.5,2.47,2.49,51081700.0,126863456.0,2.5,-0.39999999999998925,10.0,2.75,False,False,True,78.7734935090099
451,600038.SH,中直股份,0.24435318275154,16.187345932621213,1.233776109375944,0.94245375367968,0.9528588993403417,0.9959418692812111,668935221.0,27.8,28.44,27.8,28.12,6278821.0,176947810.0,27.91,0.7524184879971418,10.0,30.7,False,False,True,78.75411741910483
452,002752.SZ,昇兴股份,0.2714285714285714,18.34862385321101,1.2238462893215591,1.118320561518048,0.7217380963761487,1.7911937806229186,975526819.0,6.38,6.54,6.28,6.48,19541059.0,126172819.0,6.38,1.5673981191222763,10.0,7.02,False,False,True,78.73086611121875
453,002926.SZ,,0.3568904593639575,13.725490196078427,0.8808307887643718,0.636774217142852,0.9948972074998502,0.5107049321068468,2625000000.0,8.41,8.42,8.35,8.39,8536598.0,72322516.0,8.41,-0.23781212841854638,10.0,9.25,False,False,True,78.69017632241813
454,688631.SH,莱斯信息,0.0409973226238287,35.668449197860966,1.5609129789536786,0.7316907995350774,0.6165525284507899,0.7209954360228676,163470000.0,39.87,40.05,39.09,39.13,862379.0,33968390.0,39.85,-1.806775407779171,20.0,47.82,False,False,True,78.67273784150359
455,688570.SH,天玛智控,0.20476858345021023,24.925373134328343,0.9860874251234458,0.520635759829963,1.2449956799064827,0.69811443031567,188200000.0,14.79,14.86,14.66,14.74,684038.0,10074043.0,14.86,-0.8075370121130465,20.0,17.83,False,False,True,78.66498740554157
456,000581.SZ,威孚高科,0.27233584499461777,22.654754307594118,0.8986054226689916,0.9892418940725398,0.8266570133035575,0.9010877229133495,793891049.0,18.2,18.41,18.14,18.38,7076695.0,129467363.0,18.2,0.9890109890109855,10.0,20.02,False,False,True,78.66304979655106
457,300443.SZ,金雷股份,0.057668711656441586,30.631637786472886,1.3489638627412948,1.6227037558677075,0.5265484486346037,0.6936943241929376,242106770.0,18.76,18.87,18.55,18.61,2725300.0,50941682.0,18.83,-1.1683483802442884,20.0,22.6,False,False,True,78.63204805270296
458,002507.SZ,涪陵榨菜,0.3274021352313166,16.116870876531575,0.639824871740718,0.8527500364001241,0.9993570527140389,1.5293913977959521,1153718438.0,11.53,11.53,11.32,11.39,15046664.0,171463471.0,11.53,-1.2142237640936582,10.0,12.68,False,False,True,78.62623522573145
459,688348.SH,昱能科技,0.054608294930875594,31.336565096952906,1.7599705047517886,0.786391778186014,0.5740120449063703,0.7981819319519894,156277435.0,31.16,31.36,30.56,30.57,980928.0,30235213.0,31.25,-2.176,20.0,37.5,False,False,True,78.58360782794031
460,603817.SH,海峡环保,0.21875000000000008,19.600000000000016,1.0354978583295904,1.4555662643275604,0.8495079264328749,1.2998630704125818,570084039.0,5.98,6.03,5.88,6.0,10786200.0,64308295.0,5.98,0.33444816053511683,10.0,6.58,False,False,True,78.56616934702578
461,603569.SH,长久物流,0.22999999999999998,22.352941176470598,1.2499317006492905,0.632722679582183,0.9335146606716148,1.0024021695799081,603507251.0,6.01,6.02,5.89,5.98,3827700.0,22815481.0,6.02,-0.6644518272425071,10.0,6.62,False,False,True,78.55454369308273
462,000563.SZ,陕国投Ａ,0.2719298245614035,15.750915750915762,1.031458593771674,0.8440162530953764,1.074834938274252,0.7467067487674149,5113970358.0,3.03,3.04,3.01,3.02,32229910.0,97430848.0,3.04,-0.6578947368421018,10.0,3.34,False,False,True,78.55260608409223
463,688357.SH,建龙微纳,0.20329087048832278,36.111111111111114,1.1257306947601837,0.621996779428311,0.5196246060772537,0.9663701224289377,100059875.0,26.52,26.68,25.94,26.0,601439.0,15801553.0,26.51,-1.9238023387400993,20.0,31.81,False,False,True,78.55066847510173
464,300388.SZ,节能国祯,0.21573033707865163,17.377049180327873,1.1590246441445993,0.975948956974442,1.1193456316740669,0.8387114328580513,681042231.0,7.03,7.08,7.0,7.05,5574600.0,39271617.0,7.06,-0.14164305949008194,20.0,8.47,False,False,True,78.53710521216819
465,688739.SH,成大生物,0.18210862619808316,17.927022739291388,1.3502790965404992,0.5993337255372744,1.3936394313490592,0.4742297375646619,416450000.0,20.62,20.64,20.42,20.46,1183642.0,24277620.0,20.62,-0.7759456838021372,20.0,24.74,False,False,True,78.49641542336757
466,688567.SH,孚能科技,0.010204081632652972,32.9954954954955,1.5928189063483602,0.8000536263739918,0.7221562992870972,0.6919507415937151,1222103885.0,9.03,9.06,8.94,8.95,6765539.0,60769837.0,9.02,-0.77605321507761,20.0,10.82,False,False,True,78.48285216043404
467,002110.SZ,三钢闽光,0.14414414414414423,19.92753623188408,1.3932229989112492,0.9902372466798623,1.0785978001169643,1.049608897602182,2429076227.0,3.07,3.1,3.02,3.07,25246891.0,77465392.0,3.08,-0.32467532467532756,10.0,3.39,False,False,True,78.4440999806239
468,600754.SH,锦江酒店,0.21134020618556706,18.680677174547576,0.900746350124756,1.4121269839389647,1.0034354380157589,1.0969125802072637,906044063.0,19.53,19.61,19.08,19.6,14034440.0,271311776.0,19.59,0.051046452271585885,10.0,21.55,False,False,True,78.4382871536524
469,688015.SH,交控科技,0.20602218700475433,19.610570236439486,1.383131447107308,0.745393666090199,0.976192907194942,0.6623844766083508,188680742.0,17.29,17.29,16.68,16.71,931587.0,15710207.0,16.98,-1.590106007067138,20.0,20.38,False,False,True,78.42666149970935
470,000898.SZ,鞍钢股份,0.27722772277227725,17.032967032967015,1.3034799443190654,0.47264621741112844,0.9723528635110743,1.2472826000689812,7957508008.0,2.1,2.12,2.06,2.1,46911372.0,98139851.0,2.1,0.0,10.0,2.31,False,False,True,78.41697345475683
471,600620.SH,天宸股份,0.22099447513812148,21.578947368421055,1.4063298056634739,0.7418452069480825,0.8252034647301207,0.9221291866909268,686677113.0,4.6,4.61,4.5,4.53,4697401.0,21324055.0,4.6,-1.5217391304347738,10.0,5.06,False,False,True,78.41697345475683
472,301370.SZ,国科恒泰,0.1837944664031622,19.01140684410647,1.2825706620577701,0.8528523799404971,1.1842395115302242,0.6841370523499889,470600000.0,8.82,8.82,8.63,8.72,2745800.0,23907975.0,8.82,-1.13378684807256,20.0,10.58,False,False,True,78.39953497384228
473,300732.SZ,设研院,0.19250000000000006,19.962335216572512,1.082110304471334,1.531772876946375,0.8938996753577849,0.7715332055610825,370248562.0,6.06,6.1,5.98,6.02,4375648.0,26349922.0,6.08,-0.9868421052631637,20.0,7.3,False,False,True,78.39953497384228
474,300888.SZ,稳健医疗,0.23966446974236066,20.26500389711614,1.3087451667725916,0.545282662297373,0.971733526537295,0.661375826478837,580360952.0,29.66,29.67,29.19,29.3,2092995.0,61429084.0,29.66,-1.2137559002022957,20.0,35.59,False,False,True,78.38597171090875
475,600559.SH,老白干酒,0.1390820584144645,17.920148560817072,1.3516631600591285,1.2650848030136674,1.0684761147434085,1.4464299495618467,914747444.0,11.73,11.73,11.42,11.48,16738566.0,192768350.0,11.77,-2.463891248937966,10.0,12.95,False,False,True,78.38015888393723
476,301063.SZ,海锅股份,0.19899385131358294,28.133514986376017,1.128468896381184,1.276608670600973,0.6414538054038682,0.908362675760249,96647303.0,18.21,18.3,18.01,18.05,1120745.0,20297100.0,18.24,-1.0416666666666519,20.0,21.89,False,False,True,78.36659562100368
477,300595.SZ,欧普康视,0.10969387755102054,18.15505397448478,1.469621204228672,1.3720650929260785,0.9661042125652235,0.8765797390713929,668494760.0,11.05,11.05,10.82,10.84,8040150.0,87587135.0,11.05,-1.9004524886877872,20.0,13.26,False,False,True,78.32009300523154
478,000899.SZ,赣能股份,0.11373707533234878,38.91891891891892,1.1881839179323348,1.0300880487426443,0.4618859336593387,1.1848698650990912,975677760.0,9.45,9.68,9.4,9.62,11908345.0,114080381.0,9.46,1.6913319238900382,10.0,10.41,False,False,True,78.31621778725054
479,301048.SZ,金鹰重工,0.2188099808061421,19.14634146341463,1.1927295096821076,0.891563597929545,1.0636315777582972,0.9862935096544401,533333400.0,9.35,9.43,9.25,9.4,4689832.0,43878207.0,9.34,0.6423982869379063,20.0,11.21,False,False,True,78.31234256926953
480,000910.SZ,大亚圣象,0.2033898305084747,24.10901467505242,1.226993921323992,0.7754741985905924,0.9555010294844946,0.666480161309539,547235125.0,5.5,5.51,5.43,5.45,2828320.0,15446289.0,5.49,-0.7285974499089298,10.0,6.04,False,False,True,78.25808951753537
481,688236.SH,春立医疗,0.06550218340611358,22.65446224256291,1.6393359280144424,0.7914434798285828,1.0600682457553054,0.5675812353252309,288428000.0,14.06,14.16,13.84,13.89,1295643.0,18082928.0,14.16,-1.906779661016944,20.0,16.99,False,False,True,78.25615190854487
482,002605.SZ,姚记科技,0.08838568298027763,27.228027043638605,1.1438624698454278,1.6391138649036519,0.8537707590814968,1.284011499042681,338453459.0,17.42,17.46,16.93,17.0,7120537.0,122898421.0,17.48,-2.7459954233409634,10.0,19.23,False,False,True,78.2387134276303
483,002960.SZ,青鸟智控,0.2648401826484018,25.784447476125514,1.1884320940167903,0.9129953627757235,0.6245208270868142,0.8413031142348962,968448955.0,8.47,8.5,8.31,8.35,7438713.0,62322120.0,8.49,-1.6489988221437102,10.0,9.34,False,False,True,78.20964929277271
484,600120.SH,浙江东方,0.2071005917159764,24.52830188679245,1.1385953071686372,1.0020989362438049,0.8994636239968647,0.9054094915003378,3415381492.0,4.92,5.02,4.89,4.96,30988094.0,152764226.0,4.94,0.4048582995951344,10.0,5.43,False,False,True,78.1854291803914
485,000528.SZ,柳    工,0.18918918918918928,21.41882673942701,0.9887102299351603,1.4370026960906228,0.9648913663919447,1.1435642365181904,2037744739.0,8.29,8.4,8.22,8.36,33471335.0,279115688.0,8.31,0.6016847172081619,10.0,9.14,False,False,True,78.15927145901956
486,600873.SH,梅花生物,0.19587628865979378,27.87610619469025,1.0116098137207323,0.9895954918863666,0.8864414539395348,0.9366573029276852,2804241650.0,7.92,8.04,7.88,7.9,25992848.0,206959470.0,7.92,-0.2525252525252486,10.0,8.71,False,False,True,78.15539624103857
487,688475.SH,萤石网络,0.2788038698328936,23.772102161100193,1.1947399152467348,0.5146723365079314,0.8270078337367324,0.559310393977525,787500000.0,28.26,28.46,28.08,28.21,2266910.0,64037458.0,28.32,-0.3884180790960423,20.0,33.98,False,False,True,78.14958341406704
488,002327.SZ,富安娜,0.29746835443037956,14.745762711864385,0.9727727206025614,1.064070298478883,0.9621285763009269,0.8479237897222502,490983369.0,6.37,6.38,6.3,6.32,4429900.0,28031788.0,6.37,-0.7849293563579218,10.0,7.01,False,False,True,78.137957760124
489,600939.SH,重庆建工,0.18897637795275593,22.026431718061666,1.4105984956542224,0.6188536273306049,0.9992857888549858,0.7451033059297263,1902474944.0,2.75,2.76,2.7,2.73,8772500.0,23959668.0,2.75,-0.727272727272732,10.0,3.03,False,False,True,77.95776012400697
490,600055.SH,万东医疗,0.10287610619469022,25.534079348931837,1.6020902794660483,0.7683669559749629,0.9237892950280021,1.1460751890446972,703061058.0,10.77,10.87,10.45,10.48,6191200.0,65406098.0,10.76,-2.6022304832713727,10.0,11.84,False,False,True,77.94032164309242
491,002454.SZ,松芝股份,0.2125748502994012,26.24434389140271,1.0885026308693795,1.1126473435741566,0.8058317059477658,0.5916247990654521,877353836.0,5.14,5.16,5.09,5.12,5775355.0,29605278.0,5.13,-0.19493177387913674,10.0,5.64,False,False,True,77.92675838015889
492,688579.SH,地纬智能,0.16613924050632922,22.457627118644076,1.609023716740463,0.8641739956501042,0.8137845943492203,0.9836748763821525,400010000.0,8.24,8.24,7.86,7.9,3400350.0,27014443.0,8.13,-2.829028290282909,20.0,9.76,False,False,True,77.91319511722534
493,688100.SH,威胜信息,0.02637175669927695,28.394072887464983,1.410039657405521,0.7983019622261296,1.1070528877029329,0.4736925562052378,491685175.0,25.5,25.86,25.46,25.46,1859306.0,47647882.0,25.59,-0.5080109417741285,20.0,30.71,False,False,True,77.90931989924434
494,301318.SZ,维海德,0.23670793882010202,22.397820163487726,1.2361689365902802,1.0291438003537077,0.7918687471949986,0.9173288262199542,93180195.0,21.62,21.62,20.96,21.18,879680.0,18662192.0,21.6,-1.9444444444444486,20.0,25.92,False,False,True,77.90931989924432
495,000599.SZ,青岛双星,0.1508120649651971,23.54368932038835,1.5774498068041312,1.1950092760736652,0.7016111802967484,0.9726811407700542,816742112.0,4.77,4.79,4.72,4.78,9493508.0,45175888.0,4.77,0.20964360587003572,10.0,5.25,False,False,True,77.90738229025384
496,600015.SH,华夏银行,0.24347826086956478,16.528925619834723,1.1521057758595483,0.6617331993249329,1.4005282043063134,0.8071910952694972,15387223983.0,6.31,6.37,6.29,6.35,82190110.0,520704235.0,6.31,0.6339144215530945,10.0,6.94,False,False,True,77.8957566363108
497,600884.SH,杉杉股份,0.07327586206896548,34.113411341134125,0.9499183748112655,2.0682298801327335,0.5418073424572993,0.5452015578708747,1835109746.0,11.58,11.61,11.5,11.55,20692737.0,239062424.0,11.62,-0.6024096385542022,10.0,12.78,False,False,True,77.89188141832979
498,600358.SH,国旅联合,0.24152542372881336,22.151898734177202,1.310252438439048,1.0172329634374293,0.737239168658184,1.036994492319852,504936660.0,5.29,5.31,5.18,5.27,5326400.0,27895120.0,5.31,-0.7532956685499026,10.0,5.84,False,False,True,77.88606859135827
499,002867.SZ,周大生,0.08580858085808571,24.14448669201521,1.2318520588006803,1.03060640490209,1.5499973555132949,0.6255964603914963,1079141804.0,10.77,10.78,10.68,10.74,6957699.0,74585446.0,10.78,-0.37105751391465214,10.0,11.86,False,False,True,77.88025576438675
500,300150.SZ,世纪瑞尔,0.220183486238532,24.51253481894151,1.2787733235304004,1.2164303875619755,0.6615610963436522,0.8981416411359047,463663232.0,4.28,4.33,4.24,4.25,5065645.0,21635246.0,4.31,-1.3921113689094988,20.0,5.17,False,False,True,77.87444293741524
501,603899.SH,晨光股份,0.39406779661016944,20.151133501259455,0.8970676109474496,0.37804178061492444,0.8701985167795441,1.5472160790544633,915795377.0,23.57,23.88,23.36,23.65,5356600.0,127218765.0,23.57,0.33941450997030387,10.0,25.93,False,False,True,77.87444293741522
502,603566.SH,普莱柯,0.27740492170022385,16.422594142259417,1.15394586134815,0.913928676068074,0.9774398854798168,0.8466965594174346,346062273.0,10.79,10.83,10.65,10.69,2677900.0,28754473.0,10.8,-1.0185185185185297,10.0,11.88,False,False,True,77.84150358457663
503,600284.SH,浦东建设,0.10104529616724725,21.748400852878458,1.1446776153811737,1.5896970593327897,1.117775059537104,0.5172910518116641,970256000.0,5.3,5.3,5.22,5.26,7978765.0,41916522.0,5.27,-0.1897533206831059,10.0,5.8,False,False,True,77.84150358457663
504,600582.SH,天地科技,0.30508474576271183,24.170616113744092,0.8362689261479384,0.5446924238736339,0.9421920435304759,0.9065863296930543,4138588892.0,4.76,4.8,4.74,4.78,20436795.0,97577390.0,4.76,0.42016806722691147,10.0,5.24,False,False,True,77.7911257508235
505,600197.SH,伊力特,0.15757575757575745,16.761041902604767,1.2734678593662014,1.3062884338344687,1.1772927658899317,1.3425473690729628,473174717.0,9.84,10.04,9.79,9.96,8298321.0,82417679.0,9.87,0.9118541033434902,10.0,10.86,False,False,True,77.79112575082348
506,000761.SZ,本钢板材,0.1847826086956523,18.66028708133971,1.5652089027119653,0.466882364686017,1.0949447887904158,1.455918617240515,3708390102.0,2.42,2.48,2.39,2.45,25207512.0,61430000.0,2.43,0.8230452674897082,10.0,2.67,False,False,True,77.75431118000388
507,600380.SH,健康元,0.12596401028277637,17.84140969162995,1.4284413289597013,1.0498368554769995,1.3101633372844814,0.6296847479942741,1829453386.0,9.51,9.54,9.44,9.44,12093899.0,114541562.0,9.57,-1.3584117032392928,10.0,10.53,False,False,True,77.72524704514629
508,002337.SZ,赛象科技,0.19082125603864736,25.0620347394541,1.196985026638836,1.1449695146496806,0.8589373121566175,0.7233521156901594,587817585.0,4.79,4.84,4.76,4.78,4868400.0,23271733.0,4.82,-0.8298755186721962,10.0,5.3,False,False,True,77.71749660918427
509,002116.SZ,中国海诚,0.3344262295081966,15.596330275229352,1.029514826740782,0.6100216642140441,1.0344754861063443,1.4369765071367715,552152964.0,7.53,7.55,7.42,7.55,4840100.0,36341782.0,7.56,-0.1322751322751281,10.0,8.32,False,False,True,77.71555900019375
510,600655.SH,豫园股份,0.27586206896551746,19.1542288557214,1.184919678424351,0.38095529385975296,1.116541969136476,1.0929535176030045,3889846273.0,4.67,4.71,4.61,4.67,16196014.0,75537743.0,4.66,0.21459227467810482,10.0,5.13,False,False,True,77.68552606084091
511,601777.SH,千里科技,0.1659324522760646,38.72340425531915,1.2527593870950087,0.468844610097544,0.6557306831423652,0.6832356037906236,4521100071.0,8.18,8.21,8.06,8.09,14482500.0,117588319.0,8.18,-1.1002444987775029,10.0,9.0,False,False,True,77.68455725634566
512,002928.SZ,华夏航空,0.07469512195121954,34.45945945945945,1.19941185758139,1.5307501375871568,0.6418513783341766,0.9875687720229712,1278235175.0,6.39,6.49,6.33,6.48,19323350.0,124050476.0,6.41,1.0920436817472678,10.0,7.05,False,False,True,77.66130594845961
513,600033.SH,福建高速,0.28823529411764726,17.460317460317466,0.8330440617869683,0.944179514648005,1.1034507066994483,0.8059385438502298,2744400000.0,3.63,3.66,3.6,3.66,20883530.0,76023094.0,3.64,0.5494505494505475,10.0,4.0,False,False,True,77.65549312148808
514,002065.SZ,东华软件,0.07944732297063903,26.584234930448215,1.0761336144277656,1.447679440143706,1.0841350155491696,0.6322262022209059,2945739379.0,6.91,6.93,6.8,6.82,26961200.0,184567830.0,6.93,-1.5873015873015817,10.0,7.62,False,False,True,77.65355551249759
515,300507.SZ,苏奥传感,0.15885947046843182,34.14211438474872,1.222601452539809,0.9420702598887096,0.6930512991515421,0.923840827038025,778347148.0,6.53,6.59,6.45,6.47,6774134.0,44094515.0,6.55,-1.2213740458015265,20.0,7.86,False,False,True,77.64774268552607
516,600621.SH,华鑫股份,0.2605304212168486,12.319999999999997,1.3001941728831963,0.9621253239558156,0.9781812284625093,0.608444109310007,1060899292.0,13.43,13.43,13.32,13.36,6210499.0,83126714.0,13.45,-0.6691449814126393,10.0,14.8,False,False,True,77.63417942259252
517,601717.SH,中创智领,0.10008271298593872,23.42606149341142,1.4230310594273987,1.2053049350279577,0.9836901718301078,0.6575134351633708,1542165730.0,14.8,14.8,14.55,14.63,12221728.0,179028087.0,14.87,-1.6139878950907738,10.0,16.36,False,False,True,77.60899050571595
518,001380.SZ,华纬科技,0.19987389659520818,25.70659488559892,1.208925912764044,0.7491125482267961,0.9839001882383616,1.2696365007695904,232732365.0,18.04,18.39,17.99,18.34,2213519.0,40485036.0,18.03,1.7193566278424832,10.0,19.83,False,False,True,77.58186397984886
519,600248.SH,陕建股份,0.25000000000000017,16.988416988416976,1.3487346020147748,0.5235520189803164,1.10164028315457,1.0571294333460874,3705739286.0,2.95,2.97,2.92,2.95,20509868.0,60513487.0,2.95,0.0,10.0,3.25,False,False,True,77.56442549893431
520,600020.SH,中原高速,0.3534482758620692,13.636363636363647,0.6787370434404183,0.6850913934565985,1.1812009497602105,0.7900207000905592,2247371832.0,3.92,3.96,3.9,3.94,12163594.0,47853034.0,3.93,0.2544529262086481,10.0,4.32,False,False,True,77.5547374539818
521,603579.SH,荣泰健康,0.11794019933554825,31.155778894472363,1.277651862188484,1.188357377384525,0.7718357333733054,0.8319867993771692,201052364.00000003,18.8,18.8,18.43,18.69,1987800.0,36986477.0,18.76,-0.3731343283582156,10.0,20.64,False,False,True,77.54698701801976
522,600587.SH,新华医疗,0.25257731958762863,18.849557522123895,1.1320548913950517,0.9864915888331793,1.0018670359739812,0.566124896585928,606644549.0,12.75,12.79,12.6,12.61,3387973.0,42892774.0,12.77,-1.2529365700861383,10.0,14.05,False,False,True,77.50242201123814
523,002601.SZ,龙佰集团,0.20533070088845018,22.677595628415293,1.637915462830663,0.8553462327813369,0.6893066750259579,0.5691278457308344,1979780012.0,15.73,15.9,15.61,15.74,9637596.0,151924038.0,15.74,0.0,10.0,17.31,False,False,True,77.44235613253244
524,600569.SH,安阳钢铁,0.2177419354838708,20.496894409937873,1.3663679526603905,0.6822867614591647,1.0147952124797206,2.54243185397259,2872421386.0,1.88,1.95,1.85,1.93,49826963.0,95367262.0,1.88,2.659574468085113,10.0,2.07,False,False,True,77.43073047858942
525,688566.SH,吉贝尔,0.1921641791044776,22.524101665205954,1.0654350318217698,1.0886843902927146,1.1197714386837265,1.0997313372571553,201101625.0,25.82,26.51,25.57,25.95,2407710.0,62394492.0,25.91,0.15438054805094747,20.0,31.09,False,False,True,77.39779112575081
526,002372.SZ,伟星新材,0.22792607802874748,22.953020134228197,1.0927190386306678,0.7718443922956361,1.0804154901093008,0.6016433319024052,1470108109.0,8.58,8.59,8.4,8.44,6826815.0,57696412.0,8.56,-1.4018691588785215,10.0,9.42,False,False,True,77.3919782987793
527,601226.SH,华电科工,0.15760111576011154,33.45521023765996,1.332772679970504,0.870832293301189,0.6854581094531137,1.1078627228781195,1162223700.0,6.6,6.73,6.52,6.73,11212700.0,74715013.0,6.6,1.9696969696969768,10.0,7.26,False,False,True,77.3881030807983
528,601211.SH,国泰海通,0.39452054794520547,21.878715814506535,1.0146294812026757,0.5683046926595835,0.7325319098275029,0.4875648754668675,13449124024.0,17.52,17.57,17.36,17.52,37265560.0,652264273.0,17.5,0.11428571428571122,10.0,19.25,False,False,True,77.38229025382678
529,605499.SH,东鹏饮料,0.08835839404743456,34.09926470588236,1.2697568845385425,0.8565211609354689,0.9118273687366696,1.1568038825691798,676016900.0,119.77,119.77,116.88,117.25,6698158.0,790579731.0,120.2,-2.454242928452577,10.0,132.22,False,False,True,77.34741329199768
530,600808.SH,马钢股份,0.1402714932126697,21.459227467811147,1.5609624210634525,1.0083382521236317,0.9535142170948989,1.0554102112437902,5967751186.0,2.63,2.68,2.59,2.67,63509434.0,167789010.0,2.64,1.1363636363636243,10.0,2.9,False,False,True,77.33772524704514
531,600993.SH,马应龙,0.26781609195402284,19.641125121241522,0.9368673482110024,1.0433687075012754,1.010665692123091,0.7542201740254528,430317966.0,23.06,23.06,22.58,22.65,3386300.0,76967081.0,22.95,-1.3071895424836666,10.0,25.25,False,False,True,77.33385002906414
532,002911.SZ,佛燃能源,0.2865928659286593,26.045016077170423,1.1141919632147406,0.418305046558736,0.8547006015061844,0.924289519265912,1267038001.0,11.64,11.85,11.58,11.8,4898812.0,57529025.0,11.66,1.2006861063464935,10.0,12.83,False,False,True,77.2931602402635
533,300815.SZ,玉禾田,0.0680876258140912,36.07370659107016,0.9908350227743423,1.1436663341083588,0.9389566547432074,0.7175304827779587,392159808.0,15.23,15.3,15.13,15.17,3218124.0,48935291.0,15.26,-0.5897771952817821,20.0,18.31,False,False,True,77.23890718852935
534,603043.SH,广州酒家,0.29885057471264376,17.387755102040824,0.9959154341270915,0.682629810947365,1.193979379231207,0.9252168311723328,562452370.0,14.08,14.1,13.88,13.99,3552340.0,49641083.0,14.07,-0.5685856432125047,10.0,15.48,False,False,True,77.23309436155783
535,002801.SZ,微光股份,0.19460641399416898,27.44391025641024,1.35586352096191,1.0251645255248747,0.7136843256969309,1.0858773002848292,115802700.0,27.65,28.07,27.38,27.76,1289119.0,35730023.0,27.63,0.47050307636626876,10.0,30.39,False,False,True,77.23115675256733
536,300425.SZ,中建环能,0.28108108108108093,14.480874316939897,1.0747487500999202,1.1802796969075218,0.977905749368028,0.7840894069261721,680738380.9999999,4.16,4.19,4.13,4.15,6299858.0,26173255.0,4.18,-0.7177033492822837,20.0,5.02,False,False,True,77.22921914357683
537,000935.SZ,四川双马,0.1735372340425531,34.59330143540671,1.441690539192494,0.5122610151643584,0.6068161960725839,1.517609970647492,763440333.0,21.68,22.4,21.48,22.19,5935080.0,130818270.0,21.7,2.2580645161290436,10.0,23.87,False,False,True,77.2214687076148
538,605368.SH,蓝天燃气,0.2698019801980197,22.765598650927487,0.9473416415590348,0.6687484423449336,1.0651813221366093,0.53407360404299,714635915.0,6.98,7.04,6.97,7.02,2552400.0,17879049.0,7.02,0.0,10.0,7.72,False,False,True,77.2175934896338
539,600757.SH,长江传媒,0.22660098522167493,15.502793296089369,1.1956842282992715,0.9352844000979817,1.3925180940929642,1.3366033492612561,1213497103.0,7.59,7.59,7.38,7.48,15169979.0,113374094.0,7.62,-1.8372703412073421,10.0,8.38,False,False,True,77.21371827165278
540,603348.SH,文灿股份,0.19806338028169015,21.214511041009466,1.4231469043369074,0.761044222246802,0.9987295288052063,0.9230310901991196,314477192.0,14.86,15.09,14.68,14.74,2209100.0,32813834.0,14.93,-1.272605492297385,10.0,16.42,False,False,True,77.17109087386166
541,600748.SH,上实发展,0.14081632653061235,28.48484848484849,1.441132379067699,0.7927776826380996,0.8700610140569283,0.7909587087624534,1844562892.0,3.97,4.01,3.89,3.92,11566413.0,45405745.0,3.99,-1.7543859649122862,10.0,4.39,False,False,True,77.15559000193761
542,688420.SH,美腾科技,0.30837789661319076,23.592493297587147,1.2417282600350021,0.701262071695122,0.7174818843723715,1.1930703443275765,88430000.0,22.05,22.21,21.72,21.91,739854.0,16216194.0,22.11,-0.9045680687471691,20.0,26.53,False,False,True,77.14396434799457
543,002117.SZ,东港股份,0.13102409638554208,22.162162162162137,1.2535427226782605,1.4699730408292735,1.0190411527178183,0.8546096320458615,523554680.0,8.25,8.27,8.13,8.19,6577172.0,53712271.0,8.27,-0.96735187424426,10.0,9.1,False,False,True,77.13233869405154
544,002593.SZ,日上集团,0.2015915119363396,21.298701298701282,0.97814654061044,1.891035448184732,0.8319754446677314,2.5762179969856693,560504329.0,4.59,4.85,4.59,4.72,27306199.0,128620481.0,4.61,2.386117136659416,10.0,5.07,False,False,True,77.09746173222243
545,603305.SH,旭升集团,0.08953974895397493,38.439024390243894,1.1806020843006546,1.2921794705481044,0.6205053312278125,0.6973641662301913,1155708556.0,11.35,11.35,11.12,11.17,10414317.0,116826939.0,11.32,-1.3250883392226132,10.0,12.45,False,False,True,77.0877736872699
546,002508.SZ,老板电器,0.22948717948717937,19.003558718861193,1.0777469810558933,0.9476697595075335,1.2965045823315822,0.7630065011044574,933605787.0,15.81,15.98,15.68,15.93,6750674.0,107100512.0,15.84,0.5681818181818121,10.0,17.42,False,False,True,77.07614803332689
547,002441.SZ,众业达,0.2684210526315788,21.92737430167597,1.0675204465393162,1.3199508520410626,0.7463311010572947,0.8445097202645341,398964279.0,8.22,8.26,8.14,8.22,4447300.0,36503486.0,8.18,0.4889975550122383,10.0,9.0,False,False,True,77.04127107149777
548,603511.SH,爱慕股份,0.2663934426229508,21.834862385321085,1.294001511896937,0.38690922892334956,0.9739632209567513,0.6572604676286036,401887312.0,12.76,13.02,12.73,12.77,1022000.0,13080183.0,12.85,-0.6225680933852118,10.0,14.14,False,False,True,77.02770780856424
549,600305.SH,恒顺醋业,0.3444976076555023,15.064102564102555,0.9574681811693525,0.7119920763248575,1.0926675044771892,1.055314473550361,1102959908.0,7.0,7.01,6.89,6.93,8287371.0,57627500.0,6.96,-0.4310344827586188,10.0,7.66,False,False,True,77.0199573726022
550,002268.SZ,电科网安,0.17682403433476399,31.6225165562914,1.026254947713013,1.0286333871499571,0.8601263601871364,0.6168546889009892,845109308.0,14.07,14.13,13.97,14.04,5362365.0,75318920.0,14.14,-0.7072135785007205,10.0,15.55,False,False,True,76.96957953884906
551,601068.SH,中铝国际,0.17391304347826073,32.28155339805825,1.4131852205186735,0.44566748883210605,0.7882013842229593,0.9982236361868193,2559590667.0,4.66,4.72,4.56,4.69,11387000.0,53126142.0,4.64,1.0775862068965747,10.0,5.1,False,False,True,76.91145126913389
552,688606.SH,奥泰生物,0.20671098448876227,30.70351758793972,1.2308985679953466,0.4812095113887846,0.8869594169209163,0.5330217460445295,75654353.0,46.68,46.68,45.0,45.77,195244.0,8948185.0,46.33,-1.2087200518022811,20.0,55.6,False,False,True,76.90563844216237
553,688101.SH,三达膜,0.10227272727272733,37.80918727915194,1.4309863351122185,0.764829221598225,0.6698252570906587,0.6299783647254648,332012066.0,14.95,15.0,14.78,14.93,1599720.0,23824238.0,14.96,-0.20053475935829512,20.0,17.95,False,False,True,76.89788800620036
554,300712.SZ,永福股份,0.09742647058823528,28.109854604200322,1.8862494094012292,0.8755192044811335,0.6560575624730395,0.7418134919735663,186740010.0,20.14,20.23,19.76,19.82,1212824.0,24147196.0,20.16,-1.6865079365079305,20.0,24.19,False,False,True,76.88626235225732
555,603535.SH,嘉诚国际,0.1188118811881188,19.507908611599277,1.5348481836830892,1.0016146885909984,1.2233638295769138,0.5530702546269756,510918331.00000006,6.56,6.57,6.48,6.5,2830300.0,18450612.0,6.53,-0.45941807044410643,10.0,7.18,False,False,True,76.85719821739973
556,600166.SH,福田汽车,0.22950819672131137,18.085106382978733,1.3425063747607917,1.423984157980874,0.7755521834092339,0.6105513497185279,7917400367.000001,2.92,2.93,2.89,2.91,68835102.0,200118796.0,2.92,-0.3424657534246478,10.0,3.21,False,False,True,76.85429180391397
557,002991.SZ,甘源食品,0.08889766890557091,18.157894736842106,1.1051900678080133,2.125616212023192,1.2412309763097022,1.0025297273942093,49933706.0,40.07,40.26,39.46,39.56,1064084.0,42316513.0,40.25,-1.7142857142857126,10.0,44.28,False,False,True,76.85138539042822
558,601216.SH,君正集团,0.3581395348837211,21.182266009852224,1.1029842367489473,0.636257656491977,0.8075293913262558,0.8440525866082981,8438017389.999999,4.83,4.88,4.81,4.85,45315100.0,219267229.0,4.83,0.41407867494822614,10.0,5.31,False,False,True,76.83200930052317
559,600529.SH,山东药玻,0.3646055437100209,15.244596131968159,0.6279613453504324,1.1726222811659779,0.907334841537949,0.6241165998074492,663614113.0000001,18.9,18.94,18.68,18.69,4856680.0,91090228.0,18.9,-1.111111111111096,10.0,20.79,False,False,True,76.82813408254214
560,600626.SH,申达股份,0.23188405797101455,21.10389610389609,1.5028092550910859,0.7366243940320929,0.840582455671667,0.8030406311799593,1320744667.0,3.7,3.76,3.68,3.74,7812724.0,29154846.0,3.72,0.5376344086021501,10.0,4.09,False,False,True,76.77581863979849
561,603266.SH,天龙股份,0.161029411764706,30.217849613492632,1.2872419991729314,1.1001114453325769,0.7683174084803792,1.1345645991804572,198886750.0,16.38,16.53,16.07,16.1,2482400.0,40316981.0,16.42,-1.948842874543244,10.0,18.06,False,False,True,76.77194342181748
562,000819.SZ,岳阳兴长,0.18934348239771648,32.98379408960914,0.913022952833631,1.1159976004159684,0.7995648249272792,0.8819468565176506,366020106.0,12.43,12.56,12.38,12.51,3602555.0,44974398.0,12.48,0.24038461538460343,10.0,13.73,False,False,True,76.72931602402635
563,688468.SH,科美诊断,0.30819672131147546,19.272727272727263,1.2447804931045892,0.6895246043459565,0.9021563118996575,0.9002312167381994,401108000.0,6.42,6.43,6.32,6.35,2489804.0,15844864.0,6.44,-1.3975155279503215,20.0,7.73,False,False,True,76.71769037008332
564,603365.SH,水星家纺,0.13663133097762079,22.90322580645161,1.442243128110072,0.8334234914911361,1.198265437026841,0.506256439682301,261133700.0,16.66,16.8,16.6,16.8,1101791.0,18439215.0,16.66,0.8403361344537785,10.0,18.33,False,False,True,76.7118775431118
565,600790.SH,轻纺城,0.23204419889502775,21.967213114754113,1.2610990057281555,0.9247620647028542,0.9498063996750987,1.2575546547279481,1465790928.0000002,3.47,3.52,3.42,3.49,17046252.0,59355951.0,3.47,0.5763688760807018,10.0,3.82,False,False,True,76.70412710714979
566,601968.SH,宝钢包装,0.3511450381679389,25.526315789473685,1.070066667069256,0.5735179770020704,0.718603864663131,0.626993304082985,1275779460.0,4.71,4.73,4.68,4.72,4587600.0,21591312.0,4.72,0.0,10.0,5.19,False,False,True,76.69831428017825
567,603057.SH,紫燕食品,0.187466808284652,25.706806282722503,1.6681130805865778,0.5744823179611594,0.7694001300284437,0.7093342775913722,412000000.0,20.36,20.45,19.94,20.13,1678900.0,33860943.0,20.4,-1.3235294117647012,10.0,22.44,False,False,True,76.66343731834915
568,603811.SH,诚意药业,0.16610169491525434,17.130307467057104,1.3373320250107772,1.3697395373734795,1.1170141009051253,0.6529172011037006,458226048.0,7.25,7.29,7.18,7.19,4098037.0,29625862.0,7.32,-1.7759562841530019,10.0,8.05,False,False,True,76.62856035652004
569,002120.SZ,韵达股份,0.397058823529412,17.19008264462809,0.637997266951386,0.9909042233249106,0.8790157176230776,0.6578873030142504,2815129913.0,6.84,6.88,6.79,6.85,18351925.0,125579074.0,6.86,-0.1457725947521915,10.0,7.55,False,False,True,76.58593295872893
570,601112.SH,振石股份,0.08126137052759246,35.58368495077355,1.0079024915034607,2.0950377178317594,0.4601029500106029,0.8757458813843392,182738500.0,15.56,15.59,15.26,15.32,3352741.0,51610823.0,15.56,-1.5424164524421635,10.0,17.12,False,False,True,76.58012013175741
571,301004.SZ,嘉益股份,0.09595070422535211,27.28768926925611,1.6937598757092398,0.4918903916852375,1.000732576093894,0.6962100471830358,136107375.0,33.5,33.99,32.85,33.34,466112.0,15583895.0,33.65,-0.9212481426448593,20.0,40.38,False,False,True,76.56461925983335
572,002941.SZ,新疆交建,0.17230008244023082,25.80287929125138,1.2335206229147608,1.3540179829954373,0.8543827469535314,0.8433085680998614,729751171.9999999,11.12,11.3,11.07,11.2,8332700.0,93379786.0,11.12,0.7194244604316502,10.0,12.23,False,False,True,76.53167990699477
573,301187.SZ,欧圣电气,0.09652928416485898,34.204275534441784,1.3897319707926754,0.7435205707056325,0.8831691306006955,0.6556006405121396,254933525.0,14.33,14.47,14.17,14.19,1242680.0,17728829.0,14.41,-1.526717557251911,20.0,17.29,False,False,True,76.52586708002325
574,688219.SH,会通股份,0.15584415584415595,37.512742099898055,1.1500434643564215,0.8900283180815224,0.7469991983255745,0.7235322204461458,548633400.0,10.42,10.48,10.32,10.38,3537456.0,36777331.0,10.48,-0.9541984732824416,20.0,12.58,False,False,True,76.49486533617515
575,301332.SZ,德尔玛,0.19435736677115995,16.098226466575703,1.1137577418758744,1.3746640049865488,1.4342216796284468,0.9445531143506275,264840240.0,7.97,7.97,7.83,7.86,3438800.0,27031881.0,7.95,-1.132075471698113,20.0,9.54,False,False,True,76.45223793838403
576,600161.SH,天坛生物,0.19141531322505806,17.32851985559567,1.4958498028364466,0.7041872925882174,1.2958850081078908,0.7034099200170475,1977371446.0,12.67,12.76,12.54,12.56,9794560.0,123657010.0,12.73,-1.335428122545168,10.0,14.0,False,False,True,76.44836272040303
577,605268.SH,王力安防,0.13897596656217348,19.952774498229033,1.5811830983870316,0.9835495289978377,1.1000150416520482,0.630529123465396,440550000.0,9.8,9.89,9.77,9.85,2732100.0,26855801.0,9.8,0.5102040816326481,10.0,10.78,False,False,True,76.43673706645998
578,000425.SZ,徐工机械,0.14285714285714285,22.703412073490803,1.2540835053879922,1.3612319981741168,1.0672786152621296,0.6300172282259835,8998084894.0,8.37,8.39,8.23,8.38,77167541.0,642588698.0,8.33,0.6002400960384291,10.0,9.16,False,False,True,76.41154814958341
579,000589.SZ,贵州轮胎,0.31666666666666654,13.5,0.8220202412774009,1.4711377811936923,0.9315398065410132,0.8267933328276544,1544110704.0,4.38,4.41,4.35,4.4,18781434.0,82342448.0,4.38,0.4566210045662267,10.0,4.82,False,False,True,76.40186010463088
580,600679.SH,上海凤凰,0.2827380952380953,23.159144893111637,1.1157749020907637,0.8148539560845741,0.9125593279543089,0.9170157354322837,343694257.0,10.3,10.43,10.28,10.37,2568200.0,26618069.0,10.32,0.4844961240309864,10.0,11.35,False,False,True,76.38829684169735
581,688526.SH,科前生物,0.21052631578947367,19.742489270386265,1.4694669194264143,0.4178230584773004,1.2259814792549653,0.5864754423478652,466128056.0,13.07,13.07,12.8,12.95,1142214.0,14749421.0,12.97,-0.15420200462606948,20.0,15.56,False,False,True,76.37085836078279
582,603027.SH,千禾味业,0.23623853211009158,21.52466367713004,1.1721226826798603,1.0983883212069852,0.9715720338481708,0.9554559167088417,1330738612.0000002,7.7,7.71,7.59,7.63,13965591.0,106764236.0,7.72,-1.1658031088082832,10.0,8.49,False,False,True,76.27591552024802
583,600516.SH,方大炭素,0.1476793248945146,37.8048780487805,0.9813428928645769,1.113645758706185,0.7808286279976283,0.9306626094686984,4025970368.0,5.25,5.3,5.22,5.29,41726303.0,219720978.0,5.26,0.5703422053231932,10.0,5.79,False,False,True,76.24103855841892
584,002228.SZ,合兴包装,0.12983425414364644,18.085106382978733,1.4805393309540837,1.6354575711995223,0.9539055327933094,0.83555704574532,1209321709.0,3.28,3.29,3.24,3.26,16525600.0,53888889.0,3.29,-0.911854103343468,10.0,3.62,False,False,True,76.23231931796164
585,600276.SH,恒瑞医药,0.016328011611030584,27.865961199294542,1.4308325794655967,1.236111525957417,1.0299595619997088,0.9092320770656038,6379002274.0,45.6,45.6,44.64,44.71,71694388.0,3214392264.0,45.71,-2.1877050973528767,10.0,50.28,False,False,True,76.22941290447588
586,603111.SH,康尼机电,0.31967213114754106,15.61338289962826,1.1316755375367265,0.7574278936050579,1.0914473568763194,0.3593262053983607,837595196.0,6.12,6.14,6.08,6.11,2279630.0,14282918.0,6.16,-0.8116883116883078,10.0,6.78,False,False,True,76.22747529548536
587,300228.SZ,富瑞特装,0.0628930817610062,26.331811263318116,1.3691137346716522,2.3400060686781092,0.6599784888870993,0.6925656551341196,560382333.0,6.95,6.98,6.89,6.94,9081600.0,62966730.0,6.97,-0.43041606886655703,20.0,8.36,False,False,True,76.22553768649486
588,300172.SZ,中电环保,0.2835249042145595,19.548872180451117,0.8627668506777548,1.9236762777878595,0.7031770903557534,0.9242744951296057,523512387.0,4.71,4.72,4.65,4.69,9308076.0,43576698.0,4.73,-0.8456659619450302,20.0,5.68,False,False,True,76.22166246851386
589,603229.SH,奥翔药业,0.17219917012448133,22.377622377622373,1.618248789072192,0.9749398933558856,0.8708810920889543,0.5240708341961711,830297145.0,7.95,7.98,7.85,7.89,4242300.0,33551380.0,7.98,-1.1278195488721887,10.0,8.78,False,False,True,76.20809920558033
590,600676.SH,久事动娱,0.2653927813163482,28.498293515358352,1.3200133100611375,0.7322141385541631,0.626379328270688,1.1046076525434,1028492944.0,6.76,6.98,6.73,6.8,8318547.0,56738310.0,6.72,1.1904761904761862,10.0,7.39,False,False,True,76.18291028870374
591,000404.SZ,长虹华意,0.28488372093023273,22.03147353361945,0.9661494417996412,1.4662303782177273,0.748150379996772,0.48506725286976676,692984960.0,7.15,7.15,7.07,7.12,4928650.0,35023219.0,7.15,-0.41958041958042314,10.0,7.87,False,False,True,76.1732222437512
592,600794.SH,保税科技,0.2802197802197804,18.439716312056742,0.9545538703950596,1.019697217442067,1.1387234776054824,1.1668326119667665,1200152157.0,3.33,3.37,3.31,3.37,14279602.0,47797749.0,3.33,1.2012012012011963,10.0,3.66,False,False,True,76.16353419879867
593,600052.SH,东望时代,0.24603174603174607,20.833333333333325,1.3705243855589893,1.244531047131926,0.7395406946157084,0.9336524819358627,844194741.0000001,3.98,3.99,3.9,3.91,9809201.0,38533126.0,3.98,-1.7587939698492372,10.0,4.38,False,False,True,76.16062778531293
594,603856.SH,东宏股份,0.29000000000000004,29.60222016651248,0.5873975543245419,1.0803528383683685,0.7059915319030629,0.6199788648640515,282056060.0,11.91,11.92,11.77,11.84,1889200.0,22378028.0,11.91,-0.5877413937867337,10.0,13.1,False,False,True,76.13834528192211
595,002097.SZ,山河智能,0.0931098696461825,25.909090909090928,1.2157646285509052,1.6733621789539683,0.9916113363284234,1.3700404974378069,1073000545.0,7.6,7.82,7.56,7.67,24599331.0,189419885.0,7.6,0.9210526315789558,10.0,8.36,False,False,True,76.13059484596009
596,300770.SZ,新媒股份,0.2595066803699898,16.989039329464852,1.300068454151409,0.95825452150904,1.0242798978475693,1.1948186429772245,227838591.0,35.76,35.76,35.02,35.12,2608616.0,91815339.0,36.07,-2.633767673967291,20.0,43.28,False,False,True,76.07634179422593
597,300048.SZ,合康新能,0.15265486725663704,29.58715596330275,1.5589998795558022,1.0078151695490705,0.6915578418022312,0.5819629273866579,1129301795.0,5.02,5.09,5.02,5.07,6623480.0,33528190.0,5.05,0.3960396039603964,20.0,6.06,False,False,True,76.04534005037785
598,300034.SZ,钢研高纳,0.15536723163841792,30.094466936572207,1.2805443779366399,1.339677136757381,0.7426005096923091,1.3579067853207414,767055977.0,16.45,16.84,16.34,16.7,13953950.0,232343664.0,16.47,1.3964784456587775,20.0,19.76,False,False,True,76.03177678744427
599,605011.SH,杭州热电,0.22363847045191193,34.5466578424884,1.0923427984586622,0.971733791552107,0.635670642455559,2.320287041852777,400100000.0,17.01,18.2,16.89,17.54,9021060.0,157798239.0,17.04,2.934272300469476,10.0,18.74,False,False,True,76.01433830652974
600,603037.SH,凯众股份,0.1448395490026019,39.65116279069767,1.1405733431724197,1.105809348839819,0.626230339950561,0.9597025352705322,266150077.0,10.28,10.39,10.17,10.2,2824512.0,28954821.0,10.27,-0.6815968841285325,10.0,11.3,False,False,True,76.01240069753923
601,688298.SH,东方生物,0.17474916387959868,21.49148561362302,1.5271401672219636,0.7783197420634875,1.0765980001434008,0.6654623187949519,201600000.0,19.04,19.04,18.7,18.9,1044172.0,19684263.0,19.12,-1.1506276150627714,20.0,22.94,False,False,True,75.98527417167216
602,600375.SH,汉马科技,0.07490636704119849,27.142857142857157,1.6163814631365914,1.2131874381548586,0.8558374945105834,1.3147558388715086,1462685760.0,3.9,3.98,3.85,3.93,23330500.0,91369362.0,3.9,0.7692307692307665,10.0,4.29,False,False,True,75.96686688626235
603,300003.SZ,乐普医疗,0.0699029126213593,22.615803814713907,1.590966806698783,1.536532860619982,0.912145497728425,0.6646996271723975,1578912054.0,11.69,11.69,11.45,11.49,16125947.0,186023921.0,11.73,-2.0460358056266004,20.0,14.08,False,False,True,75.96008525479559
604,300320.SZ,海达股份,0.14840182648401815,32.13811420982735,1.4336194824694455,1.1621387811677906,0.61587575553445,0.9204397255588447,486538621.0,8.18,8.33,8.14,8.3,5204400.0,43006830.0,8.18,1.4669926650366927,20.0,9.82,False,False,True,75.95233481883355
605,603202.SH,天有为,0.1103354663564087,34.48347536894618,0.9343624872080418,1.7300201228464638,0.7699752132665086,0.7464652265688843,50213572.00000001,53.85,53.85,52.85,52.9,648458.0,34469463.0,53.8,-1.6728624535315983,10.0,59.18,False,False,True,75.95039720984305
606,002006.SZ,精工科技,0.11725846407927333,26.486915146708956,1.6332044925862177,1.2604140961681425,0.7490594264113521,1.1112055940263863,519683458.0,14.05,14.13,13.83,13.93,7278700.0,101598477.0,14.03,-0.7127583749109045,10.0,15.43,False,False,True,75.934896337919
607,300146.SZ,汤臣倍健,0.2605263157894737,27.733934611048493,1.04514706394415,0.9639377309831125,0.814572068388053,2.6226814945597043,1120818659.0,9.86,9.86,9.56,9.79,28335435.0,274093059.0,9.86,-0.7099391480730244,20.0,11.83,False,False,True,75.92908351094748
608,688472.SH,阿特斯,0.0032467532467531776,33.48783314020856,1.6718048997404789,1.0425968349361099,0.7251880532383198,0.6347358751835529,3643140112.0,8.73,8.73,8.58,8.62,24109340.0,208348817.0,8.68,-0.691244239631339,20.0,10.42,False,False,True,75.92714590195698
609,600685.SH,中船防务,0.2595685455810717,18.64053377814845,1.1130176701590861,1.396980603634502,0.9177745318128601,1.9688621119527858,821435181.0,27.61,28.55,27.51,28.47,22593264.0,637380179.0,27.71,2.7426921688920913,10.0,30.48,False,False,True,75.77019957372603
610,600606.SH,绿地控股,0.17241379310344845,19.166666666666664,1.5800990568572488,0.873127806601392,1.1402333642281512,0.7868670804051319,14054218314.0,1.35,1.36,1.33,1.34,96557473.0,129286594.0,1.35,-0.7407407407407418,10.0,1.49,False,False,True,75.7333850029064
611,600859.SH,王府井,0.17167919799498735,17.555555555555546,1.414708872289523,1.3531814017771269,1.0682174344748507,1.082411522284365,1123828064.0,10.29,10.45,10.19,10.28,16460700.0,169445049.0,10.37,-0.8678881388621051,10.0,11.41,False,False,True,75.7256345669444
612,600278.SH,东方创业,0.2697947214076245,17.48251748251748,1.3936611813651967,0.6581011642144976,1.0413603758183605,0.7693838796261394,860518657.0,6.61,6.67,6.58,6.63,4357085.0,28862126.0,6.64,-0.1506024096385561,10.0,7.3,False,False,True,75.70238325905831
613,600628.SH,新世界,0.24999999999999994,19.279279279279283,1.1293376536693884,1.2302786899678924,1.0321690260969172,1.6693140680817806,646875384.0,6.56,6.65,6.46,6.63,13285019.0,87479651.0,6.59,0.6069802731411222,10.0,7.25,False,False,True,75.64813020732417
614,300979.SZ,华利集团,0.12881355932203387,29.236234458259336,1.404316388518772,0.2652490659811425,1.366409213404285,0.48154446746240925,1167000000.0,32.33,32.34,31.65,32.1,1490600.0,49018958.0,32.33,-0.7114135477884198,20.0,38.8,False,False,True,75.64037977136213
615,600386.SH,北巴传媒,0.275,23.666666666666657,1.2519204486825242,0.9185541604662645,0.8244003603792106,0.9296199252600916,806400000.0,3.67,3.68,3.62,3.66,6885900.0,25147108.0,3.66,0.0,10.0,4.03,False,False,True,75.63262933540011
616,601238.SH,广汽集团,0.07999999999999997,22.199170124481316,1.877154378836583,0.44887335746853546,1.4193259648837766,0.553496702378729,7383697595.0,5.2,5.21,5.15,5.18,18344791.0,94977092.0,5.2,-0.38461538461539435,10.0,5.72,False,False,True,75.59968998256153
617,002351.SZ,漫步者,0.22509225092250934,20.518602029312284,1.148068162298483,1.4164711031515098,0.9658634802425176,0.8425785379241844,527441600.00000006,10.08,10.12,9.9,9.93,6294953.0,62584293.0,10.09,-1.5857284440039643,10.0,11.1,False,False,True,75.59775237357101
618,601375.SH,中原证券,0.3513513513513515,9.793814432989677,0.9989870957140873,1.141037144762359,0.9933448287408267,0.6789309270033101,3447519699.9999995,4.08,4.11,4.06,4.09,26707432.0,109246124.0,4.08,0.2450980392156854,10.0,4.49,False,False,True,75.59581476458051
619,603967.SH,中创物流,0.38961038961038946,17.120622568093392,1.0149145674012199,0.8271060408425096,0.9345629568329108,0.9258461955149255,346666710.0,11.77,11.89,11.69,11.79,2654680.0,31314423.0,11.78,0.0848896434634927,10.0,12.96,False,False,True,75.5958147645805
620,601766.SH,中国中车,0.39931740614334493,26.0956175298805,0.9080889953740374,0.520835876103532,0.7556868057893964,0.7023701515829951,24327798048.0,6.2,6.21,6.13,6.16,88995847.0,548815885.0,6.19,-0.4846526655896688,10.0,6.81,False,False,True,75.59387715559001
621,300247.SZ,融捷健康,0.1428571428571428,20.231213872832377,1.2220432129066412,1.785791553961544,1.087139616525525,0.6768263279048122,804040313.0,3.82,3.83,3.75,3.77,9718200.0,36715833.0,3.82,-1.308900523560208,20.0,4.58,False,False,True,75.58225150164698
622,002555.SZ,三七互娱,0.1416408668730649,20.9288653733098,1.3313788269012443,2.0716271876225703,0.8558159171505856,0.8109385519640593,1633762624.0,18.71,18.77,18.36,18.39,27446597.0,506921035.0,18.84,-2.3885350318471277,10.0,20.72,False,False,True,75.5609378027514
623,688429.SH,时创能源,0.1713729308666017,29.290617848970246,1.9477316198358392,0.4162820924358099,0.6027872633342106,0.7836058853482881,400000800.0,10.4,10.6,10.11,10.13,1304807.0,13428585.0,10.5,-3.523809523809518,20.0,12.6,False,False,True,75.54737453981785
624,601500.SH,通用股份,0.2958579881656802,17.04545454545454,1.1743443336430248,0.9304431687455866,1.0684137464787098,0.7407262969995184,1583000735.0,4.01,4.04,4.0,4.02,10910100.0,43843149.0,4.02,0.0,10.0,4.42,False,False,True,75.50087192404574
625,002877.SZ,智能自控,0.2317290552584671,24.88188976377954,1.0684171953666164,1.8468385036267916,0.667155883382222,0.8161340783209556,240514652.0,7.64,7.69,7.56,7.61,3625200.0,27569280.0,7.65,-0.5228758169934622,10.0,8.42,False,False,True,75.50087192404574
626,603982.SH,泉峰汽车,0.25393700787401574,28.23529411764707,1.1076144171867799,1.1920479623437725,0.7091146834528712,0.842213001021595,339553548.0,6.37,6.42,6.31,6.34,3408976.0,21680363.0,6.39,-0.7824726134585291,10.0,7.03,False,False,True,75.49409029257896
627,600373.SH,中文传媒,0.23854961832061072,20.336391437308876,1.1373361814543892,0.9425803366920529,1.2989926109975396,1.4635849000007155,1347358719.0,7.71,7.79,7.46,7.5,18587438.0,140146167.0,7.79,-3.7227214377406947,10.0,8.57,False,False,True,75.4892462701027
628,600361.SH,创新新材,0.23809523809523803,25.671641791044774,1.2205836456362034,1.1709748420564066,0.7974127218111778,0.8288849038327545,3732662913.0,3.74,3.77,3.7,3.75,36229352.0,135399872.0,3.75,0.0,10.0,4.13,False,False,True,75.47955822515017
629,000828.SZ,东莞控股,0.3616236162361626,14.754098360655732,0.8926287528263288,0.7092539378134519,1.332492912199836,0.8080225583302291,1039516992.0,10.12,10.29,10.07,10.12,5957401.0,60779497.0,10.13,-0.09871668311945969,10.0,11.14,False,False,True,75.4601821352451
630,002468.SZ,申通快递,0.2539893617021277,35.48387096774193,0.9039416049871702,0.950689140212483,0.6444350259443302,0.7192695262814797,1476289631.0,14.3,14.42,14.15,14.21,10094894.0,143972987.0,14.32,-0.7681564245810013,10.0,15.75,False,False,True,75.43499321836853
631,603987.SH,康德莱,0.3670411985018727,19.047619047619047,0.8904892610261523,0.9553776855414146,0.9481406469096212,0.6170856447585247,436790880.00000006,7.65,7.71,7.61,7.66,2575100.0,19732444.0,7.7,-0.5194805194805197,10.0,8.47,False,False,True,75.42821158690177
632,600827.SH,百联股份,0.33609958506224086,14.364640883977886,1.0084194741055175,0.8697446443202108,1.211772889730375,1.2380464967607765,1604449920.0,8.0,8.04,7.9,7.96,17276465.0,137674616.0,8.05,-1.1180124223602594,10.0,8.86,False,False,True,75.417554737454
633,002398.SZ,垒知集团,0.21203438395415466,20.833333333333325,1.0798302136927147,1.8541248764084264,0.8878224027648475,0.7502880355343684,599740551.0,4.33,4.34,4.26,4.29,8343157.0,35801354.0,4.34,-1.1520737327188946,10.0,4.77,False,False,True,75.40108506103469
634,600106.SH,重庆路桥,0.1963190184049079,29.499999999999993,1.2796421251508199,0.9502630545578026,0.8591171977666224,0.694872776588753,1329025062.0,4.6,4.65,4.59,4.64,8775711.0,40524399.0,4.64,0.0,10.0,5.1,False,False,True,75.3923658205774
635,002583.SZ,海能达,0.1979591836734695,23.815789473684212,1.2621224305861865,1.4704340981980863,0.8510846803063602,1.0167991301682193,1283137692.0,8.59,8.73,8.5,8.58,19184655.0,165194408.0,8.57,0.1166861143523823,10.0,9.43,False,False,True,75.3865529936059
636,603197.SH,保隆科技,0.1873141724479682,23.277182235834616,1.069323162724889,1.4173282516827261,1.0861871411738637,0.6235133187841323,211152127.0,29.77,29.92,29.57,29.66,1866000.0,55495259.0,29.9,-0.8026755852842737,10.0,32.89,False,False,True,75.37880255764387
637,300702.SZ,天宇股份,0.34899999999999987,26.042230644288054,0.7418583135382667,1.151180837060914,0.6838977256708852,0.5446314550613872,211146066.0,21.49,21.68,21.29,21.5,1323821.0,28466421.0,21.47,0.1397298556124804,20.0,25.76,False,False,True,75.37686494865336
638,600839.SH,四川长虹,0.15719696969696972,21.88006482982172,1.2270222368537076,1.6463359809909355,1.0301259018184823,0.6087590584584821,4614958631.0,7.0,7.0,6.9,6.92,46252128.0,320525931.0,7.0,-1.1428571428571455,10.0,7.7,False,False,True,75.3633016857198
639,300659.SZ,中孚信息,0.1467038068709378,27.79043280182234,1.1938906856758371,2.103083805667634,0.6970096503343995,1.0518545987082535,182362010.0,10.22,10.32,10.05,10.17,4034100.0,41078400.0,10.36,-1.8339768339768248,20.0,12.43,False,False,True,75.35167603177679
640,600966.SH,博汇纸业,0.11622807017543867,23.28767123287672,1.6949341954065367,1.000188329338168,0.9951356878323595,1.3277677346823074,1336844288.0,4.92,5.07,4.83,5.04,17753530.0,88547344.0,4.91,2.6476578411405383,10.0,5.4,False,False,True,75.3245495059097
641,300289.SZ,利德曼,0.1494252873563217,23.121387283236984,1.3927159460487664,1.2796638475938829,1.03174308910143,0.654650666997843,543156487.0,5.95,5.99,5.84,5.88,4550200.0,26825894.0,5.97,-1.5075376884422065,20.0,7.16,False,False,True,75.30323580701415
642,600258.SH,首旅酒店,0.20827389443651914,20.07575757575757,1.142665766078569,1.5396772183136385,1.0305992702874862,1.1923199106993658,1116603126.0,12.0,12.0,11.73,11.87,20498464.0,242945666.0,12.02,-1.2479201331114798,10.0,13.22,False,False,True,75.27610928114707
643,603279.SH,景津装备,0.030693069306930738,22.94642857142857,1.4712076931239677,1.5092226821867034,1.1621319938486343,0.6261242956108859,576373000.0,11.52,11.52,11.38,11.45,5446500.0,62292657.0,11.51,-0.5212858384013974,10.0,12.66,False,False,True,75.27223406316605
644,600579.SH,中化装备,0.23595505617977527,30.29366306027821,1.1365000414560238,0.9457558897311122,0.8022942576232642,1.5736490156687455,493600759.00000006,7.22,7.28,7.13,7.26,7346200.0,52935662.0,7.21,0.6934812760055475,10.0,7.93,False,False,True,75.26254601821353
645,000738.SZ,航发控制,0.26227106227106217,22.724496029321916,1.380772421737019,1.0171496452077016,0.7675213931682716,1.7835322189245684,1315184001.0,19.75,20.54,19.75,20.14,23859005.0,480071784.0,19.95,0.952380952380949,10.0,21.95,False,False,True,75.25673319124202
646,601166.SH,兴业银行,0.39770114942528767,16.180048661800495,1.020555874053406,0.4976323215457095,1.1122296573244281,0.5412732615564629,21162859513.0,18.17,18.21,18.09,18.11,57003235.0,1034245726.0,18.17,-0.3302146395157024,10.0,19.99,False,False,True,75.256733191242
647,600433.SH,冠豪高新,0.17948717948717943,17.218543046357617,1.6657384780978006,1.7466628223429252,0.711617283522576,0.6838671628247961,1750279233.0,3.43,3.44,3.39,3.42,20906829.0,71361972.0,3.44,-0.5813953488372103,10.0,3.78,False,False,True,75.23057546987017
648,600390.SH,五矿资本,0.28865979381443285,16.40449438202245,1.2194373654896729,0.8232434540477371,1.1955069008990944,0.6115512284584478,4498065459.0,4.98,5.01,4.94,5.0,22645760.0,112819192.0,5.0,0.0,10.0,5.5,False,False,True,75.20829296647938
649,301101.SZ,明月镜片,0.1448335495028101,21.266794625719765,1.6680120329696053,1.0815304005664597,0.9807678291947954,0.7030214342077027,194103143.0,29.42,29.51,28.77,28.9,1475842.0,42826527.0,29.4,-1.7006802721088454,20.0,35.28,False,False,True,75.17922883162178
650,002510.SZ,天汽模,0.16502463054187191,27.037773359840944,1.194056325291551,1.6977362512082421,0.8236234118625155,0.6212494286688774,1015096290.0,5.71,5.71,5.64,5.66,10706400.0,60690599.0,5.7,-0.7017543859649145,10.0,6.27,False,False,True,75.17341600465025
651,300707.SZ,威唐工业,0.1586157173756308,27.499999999999993,1.2149263347006702,2.100728676832637,0.6549064616988015,0.9456215844032425,143580522.0,12.21,12.35,12.14,12.29,2852219.0,34980471.0,12.2,0.7377049180327777,20.0,14.64,False,False,True,75.15694632823097
652,000791.SZ,甘肃能源,0.2348008385744235,38.92045454545454,1.023971087961526,0.9127200981188804,0.3582112831017991,1.1546575427595132,1935632286.0,7.27,7.39,7.23,7.36,20399225.0,149585377.0,7.26,1.377410468319562,10.0,7.99,False,False,True,75.14047665181167
653,002439.SZ,启明星辰,0.24186991869918698,21.504497138184785,0.9988585106937297,2.4127503511268475,0.6219999798308159,0.49403136287175875,728558634.0,13.39,13.46,13.28,13.3,8684232.0,115920281.0,13.42,-0.894187779433675,10.0,14.76,False,False,True,75.12303817089712
654,601928.SH,凤凰传媒,0.3350253807106602,17.51824817518248,1.0669539160554746,0.45986102990293903,1.480197429164801,1.2405930824586153,2544900000.0,8.81,8.82,8.54,8.59,14518665.0,125178407.0,8.88,-3.2657657657657713,10.0,9.77,False,False,True,75.088161209068
655,002557.SZ,洽洽食品,0.28010825439783493,21.264367816091976,0.8777865069094168,1.3548916354255225,0.9584656783666556,1.243198672341001,504268856.0,19.4,19.45,18.93,19.0,8493902.0,162083631.0,19.47,-2.413970210580374,10.0,21.42,False,False,True,75.0823483820965
656,688085.SH,三友医疗,0.20987654320987664,29.94604316546763,1.3169365848275865,0.8435328256226613,0.827861353061663,0.7677017398258823,350615573.0,13.4,13.4,12.95,13.08,2270522.0,29731897.0,13.33,-1.8754688672168007,20.0,16.0,False,False,True,75.06394109668668
657,300625.SZ,三雄极光,0.35256410256410264,21.966019417475735,1.190411986405072,0.9848095985327175,0.7277475192189247,0.8766191795517485,161971756.0,9.81,9.89,9.74,9.81,1398307.0,13729235.0,9.89,-0.8088978766430777,20.0,11.87,False,False,True,75.04747142026739
658,600982.SH,宁波能源,0.23030303030303026,31.614349775784767,1.0400349079343294,1.528038561972188,0.387643464042993,1.406336273019859,1117627485.0,4.89,5.02,4.87,5.01,24017100.0,119444490.0,4.92,1.8292682926829285,10.0,5.41,False,False,True,75.04359620228637
659,600612.SH,老凤祥,0.1895283427087842,21.661721068249264,1.3872961934622097,0.707963457306542,1.5969074335546694,1.352275522853847,317109630.0,34.71,35.28,34.64,35.0,3035886.0,106428815.0,34.71,0.835494093921052,10.0,38.18,False,False,True,75.03197054834334
660,688088.SH,虹软科技,0.05897291196388261,34.753521126760575,1.371015594761437,1.3599308423552636,0.7839741995689438,0.7851614109435373,401170400.0,30.3,30.48,29.66,29.81,4283558.0,128248000.0,30.49,-2.2302394227615596,20.0,36.59,False,False,True,75.03003293935285
661,002151.SZ,北斗星通,0.0628220858895706,29.827915869980902,1.328476995875264,2.2923455732525455,0.6694362322166744,1.1265708401739405,442871741.0,28.8,29.26,28.59,28.95,11437117.0,330842932.0,28.71,0.8359456635318674,10.0,31.58,False,False,True,75.01840728540981
662,600976.SH,健民集团,0.19551820728291325,25.202593192868704,0.9379700021130398,1.605874058862895,0.991505786140851,0.6249687091562457,153298600.0,28.07,28.08,27.49,27.55,1538537.0,42599752.0,28.17,-2.2009229676961395,10.0,30.99,False,False,True,75.0184072854098
663,301019.SZ,宁波色母,0.2051517939282429,31.336742147552975,1.0426066122168798,1.089854786735767,0.8831880324558333,0.7519875935575203,145146658.0,15.53,15.53,15.18,15.32,1189560.0,18227159.0,15.5,-1.1612903225806437,20.0,18.6,False,False,True,74.99128075954273
664,600446.SH,金证股份,0.12613430127041747,28.144329896907227,1.3625569575834873,1.624998131907196,0.793329734309691,0.649736765930001,941267479.0,11.02,11.05,10.84,10.89,9938100.0,108649560.0,11.09,-1.803426510369699,10.0,12.2,False,False,True,74.9835303235807
665,300207.SZ,欣旺达,0.05292222733548083,34.228607120549626,1.2602676153846037,2.039181221091073,0.650878973042253,1.3247721480835066,1713925731.0,17.15,17.65,17.02,17.45,46300855.0,805522848.0,17.16,1.68997668997668,20.0,20.59,False,False,True,74.93315248982756
666,301339.SZ,通行宝,0.23039215686274508,23.713420787083738,1.3328826986235336,0.753584347905685,1.0486198636085087,1.8088006196725477,573237742.0,11.33,11.33,10.98,11.03,7813711.0,86772405.0,11.32,-2.561837455830396,20.0,13.58,False,False,True,74.911838790932
667,000993.SZ,闽东电力,0.1763224181360202,30.454042081949062,1.1465963414364462,1.9891891270440383,0.5015298318322158,3.1947681373856716,457951455.0,10.41,11.47,10.35,11.47,29102806.0,327480755.0,10.43,9.971236816874418,10.0,11.47,True,False,True,74.90021313698895
668,603968.SH,醋化股份,0.2722283205268934,29.398148148148138,1.2536490019985893,1.0257435690532024,0.5524449643178903,1.5324883240427636,204480000.0,11.11,11.28,11.04,11.17,3214303.0,35888216.0,11.12,0.4496402877697925,10.0,12.23,False,False,True,74.88471226506492
669,002530.SZ,金财互联,0.16783216783216784,23.61331220285261,1.1212818252669174,1.9183430281934966,0.9415025377876178,0.7835680855157507,706661559.0,7.48,7.51,7.36,7.39,10622200.0,78635860.0,7.51,-1.5978695073235683,10.0,8.26,False,False,True,74.8750242201124
670,600668.SH,尖峰集团,0.15760869565217378,19.91084695393759,1.4898237473720903,1.4183683397655709,0.9918356504583923,0.5109672815003174,412900594.0,7.59,7.6,7.51,7.54,2992455.0,22583339.0,7.6,-0.7894736842105177,10.0,8.36,False,False,True,74.87502422011238
671,000709.SZ,河钢股份,0.3375000000000001,19.25133689839571,1.261479777030618,0.7585931241134741,0.9147617868219149,0.950680051720704,10335412398.0,2.14,2.16,2.12,2.15,74536860.0,159478335.0,2.14,0.4672897196261516,10.0,2.35,False,False,True,74.87114900213136
672,603049.SH,中策橡胶,0.29925330269959766,21.92037470725996,1.1970119866978517,0.5075369460678,1.1032686170235664,0.7062923382302988,504980262.0,47.79,48.37,47.72,48.13,1810200.0,87103999.0,47.91,0.45919432268839433,10.0,52.7,False,False,True,74.86921139314086
673,000728.SZ,国元证券,0.35628742514970047,15.895953757225435,1.1106115640554226,0.7675606272051622,1.0920126074932397,0.6831611072994649,4363777891.0,7.79,7.8,7.66,7.74,22882236.0,176717071.0,7.76,-0.2577319587628857,10.0,8.54,False,False,True,74.86339856616935
674,300636.SZ,同和药业,0.26666666666666666,18.65793780687397,1.0019045537349227,1.614157599516331,0.9352694550230514,0.4816252342788058,367310277.0,6.93,7.0,6.9,6.94,2855540.0,19844722.0,6.95,-0.14388489208633226,20.0,8.34,False,False,True,74.86339856616935
675,002054.SZ,德美化工,0.17793594306049823,23.547880690737834,0.9476037891210813,2.427006559564513,0.8354467474967129,0.6642210061511835,384375669.0,7.35,7.38,7.28,7.33,6196400.0,45416916.0,7.37,-0.5427408412483015,10.0,8.11,False,False,True,74.86339856616935
676,000409.SZ,云鼎科技,0.21124620060790267,24.35897435897436,1.3155413431403036,1.0289297291825876,0.9855358373794015,0.6090536301593243,590473934.0,9.13,9.16,9.03,9.07,3700343.0,33588118.0,9.19,-1.3057671381936808,10.0,10.11,False,False,True,74.8420848672738
677,600081.SH,东风科技,0.31712062256809326,23.522727272727263,1.16525734734566,0.5117258736598266,0.9901370388304677,0.5950989725008463,553026170.0,10.43,10.5,10.37,10.43,1684117.0,17576835.0,10.43,0.0,10.0,11.47,False,False,True,74.82852160434025
678,600477.SH,杭萧钢构,0.12499999999999985,19.819819819819816,1.4071545551044884,1.6213967837083811,1.116510389366852,0.7691890991366404,2358968436.0,2.53,2.53,2.49,2.52,29420128.0,73852040.0,2.53,-0.39525691699603405,10.0,2.78,False,False,True,74.82658399534974
679,600586.SH,金晶科技,0.10189573459715634,39.733333333333334,1.5091038564214678,1.0005905508616568,0.42237708963414466,0.6994174222723236,1417337700.0,4.2,4.21,4.13,4.14,9918961.0,41213148.0,4.18,-0.9569377990430672,10.0,4.6,False,False,True,74.8130207324162
680,003000.SZ,劲仔食品,0.2058823529411766,17.30360934182591,1.0136855719984457,1.7657147117904246,1.2528698373067104,0.8496175989482938,308060295.0,9.97,9.97,9.78,9.85,4621466.0,45503584.0,9.98,-1.3026052104208485,10.0,10.98,False,False,True,74.79170703352064
681,002642.SZ,荣联科技,0.2079207920792079,30.47138047138047,1.092768426257563,1.6285152215525438,0.6544030718617978,0.7221967837733881,661580313.0,7.19,7.28,7.13,7.16,7780902.0,55939904.0,7.2,-0.5555555555555536,10.0,7.92,False,False,True,74.75683007169152
682,600805.SH,悦达投资,0.3711340206185568,19.59287531806615,1.1642950776498537,0.8803219911693309,0.8462775837027968,0.6068208779555919,850275368.0,4.65,4.66,4.61,4.62,4542152.0,21180964.0,4.65,-0.6451612903225823,10.0,5.12,False,False,True,74.74326680875798
683,000568.SZ,泸州老窖,0.12473919523099859,26.408298516063965,1.7306713821518964,0.7195640160290703,0.9967001200064217,0.5734460260691432,1471060137.0,77.65,77.78,76.69,76.9,6070052.0,467879488.0,77.78,-1.1313962458215476,10.0,85.56,False,False,True,74.73939159077699
684,000548.SZ,湖南投资,0.3816425120772945,20.151133501259434,1.071115536990771,1.0944384932551696,0.7680994416752792,0.7868669249818343,499215811.00000006,4.75,4.76,4.7,4.72,4299134.0,20310655.0,4.76,-0.8403361344537785,10.0,5.24,False,False,True,74.73164115481497
685,300529.SZ,健帆生物,0.10270880361173818,28.716904276985744,1.1059799739183558,1.3815273191467812,1.253291743869024,0.5897650728273197,512402075.0,15.6,15.61,15.35,15.38,4174932.0,64409421.0,15.64,-1.662404092071612,20.0,18.77,False,False,True,74.7161402828909
686,001322.SZ,箭牌家居,0.245742092457421,21.42857142857144,1.5371637581175654,0.4912159848378025,1.0019126956011064,0.757388162417937,785611975.0,6.55,6.63,6.5,6.53,2922800.0,19194208.0,6.61,-1.2102874432677768,10.0,7.27,False,False,True,74.7083898469289
687,300188.SZ,国投智能,0.13856812933025414,37.06140350877194,1.0917101424266629,1.1428376832545837,0.8686378934150252,0.7500663887236084,855508590.0,10.31,10.37,10.15,10.19,7333455.0,74828954.0,10.32,-1.2596899224806224,20.0,12.38,False,False,True,74.70838984692888
688,300047.SZ,天源迪科,0.0740354535974973,21.247113163972276,1.4257843467201528,2.4904618702350683,0.8543836977734734,0.6605012232018999,580575819.0,9.38,9.39,9.15,9.19,9550200.0,88145389.0,9.37,-1.9210245464247544,20.0,11.24,False,False,True,74.69095136601435
689,600871.SH,石化油服,0.15163934426229514,20.70707070707072,1.6094444156746992,1.081399936416131,1.081138323127236,1.055734729765014,13547012351.0,2.34,2.37,2.31,2.34,154662375.0,361368974.0,2.35,-0.42553191489362874,10.0,2.59,False,False,True,74.68513853904282
690,300541.SZ,先进数通,0.08991228070175424,21.475054229934898,1.5111815781878986,2.1521785058497187,0.8423125913147529,0.7153864710318261,388045412.0,10.0,10.02,9.81,9.86,5974500.0,59030249.0,10.04,-1.7928286852589626,20.0,12.05,False,False,True,74.66963766711876
691,002269.SZ,美邦服饰,0.1326530612244898,21.259842519685044,1.5418647220456143,1.8477212068549311,0.8285387508781642,1.1456376054492738,2343729075.0,1.53,1.54,1.5,1.52,49612500.0,75051413.0,1.53,-0.6535947712418277,10.0,1.68,False,False,True,74.64832396822321
692,603759.SH,海天股份,0.10799584631360334,26.027397260273965,1.47961644371862,1.0191018819300024,1.186060676097744,0.5290946138576061,461760000.0,7.61,7.61,7.52,7.55,2489816.0,18793606.0,7.61,-0.7884362680683377,10.0,8.37,False,False,True,74.6241038558419
693,300011.SZ,鼎汉技术,0.17699115044247804,31.401869158878526,1.0996697453865167,1.1982009579658062,0.9285999603732819,0.7156427631127069,509665579.0,6.13,6.14,6.04,6.07,4370300.0,26593679.0,6.15,-1.3008130081300862,20.0,7.38,False,False,True,74.61925983336563
694,000619.SZ,海螺新材,0.2416851441241685,27.764127764127757,1.168566726251563,1.3910669305555503,0.6975490915067776,0.861660153164409,360000000.0,5.17,5.18,5.1,5.12,4315057.0,22178946.0,5.16,-0.7751937984496138,10.0,5.68,False,False,True,74.58825808951754
695,600623.SH,华谊集团,0.3373015873015873,24.52830188679245,1.2931025068768327,0.7648495546270839,0.7169323723133573,1.3636642056018549,1876034733.0,8.76,9.02,8.72,8.98,19567004.0,174590542.0,8.76,2.511415525114158,10.0,9.64,False,False,True,74.57372602208874
696,002090.SZ,金智科技,0.22222222222222215,22.14022140221401,1.3032901912591943,1.637402457956856,0.7819956450192982,0.46751883305875946,398188681.0,9.32,9.35,9.23,9.28,3048200.0,28306030.0,9.33,-0.5359056806002238,10.0,10.26,False,False,True,74.55144351869792
697,600496.SH,精工钢构,0.21768707482993221,18.36065573770491,1.0528357880938322,1.6924909722745545,1.1292051638763596,0.6720216200270263,1990125599.0,3.36,3.38,3.34,3.36,22635500.0,76082091.0,3.37,-0.29673590504452063,10.0,3.71,False,False,True,74.52431699283085
698,002406.SZ,远东传动,0.2810218978102192,20.495867768595044,1.0597203162877886,2.0439840089954315,0.6721762516701024,0.8073926480857545,562171311.0,6.79,6.82,6.71,6.77,9277500.0,62680228.0,6.82,-0.7331378299120339,10.0,7.5,False,False,True,74.49331524898275
699,300365.SZ,恒华科技,0.1900311526479749,25.96153846153846,1.3369917663476056,1.8252748724027053,0.6640325071181524,1.1536360425817112,511724617.0,4.77,4.77,4.65,4.66,10775400.0,50422841.0,4.77,-2.3060796645702153,20.0,5.72,False,False,True,74.41290447587676
700,300384.SZ,三联虹普,0.1800232288037167,21.130676552363315,1.3127332473240871,1.5380711356428305,1.0184572742022715,0.49495556962789,220381842.0,12.33,12.36,12.17,12.26,1677716.0,20529398.0,12.34,-0.648298217179899,20.0,14.81,False,False,True,74.40418523541949
701,600182.SH,S佳通,0.24202127659574427,22.093981863149214,0.9974393997450504,1.2612460294117611,1.1479258300922546,0.7670752301091602,170000000.0,13.04,13.09,12.93,12.96,1644700.0,21376622.0,13.04,-0.6134969325153228,10.0,14.34,False,False,True,74.36349544661887
702,300193.SZ,佳士科技,0.36781609195402293,17.902097902097893,1.1488303516673037,1.1777317135952692,0.8115614633543443,0.5323916586071333,418156172.0,8.05,8.13,8.01,8.04,2621900.0,21113121.0,8.09,-0.6180469715698522,20.0,9.71,False,False,True,74.35574501065685
703,600089.SH,特变电工,0.26281705342687517,33.06451612903225,1.033958470742412,1.234865933505976,0.4978519880866371,1.1115152972032871,5052792571.0,19.09,19.29,18.95,19.28,69353235.0,1327074007.0,19.08,1.048218029350112,10.0,20.99,False,False,True,74.35574501065685
704,301009.SZ,可靠股份,0.2161016949152543,19.720101781170474,1.247566964982821,1.7479189661884216,0.9130049878653682,1.3023027270121528,151035028.0,9.44,9.68,9.27,9.3,3438040.0,32220735.0,9.39,-0.9584664536741228,20.0,11.27,False,False,True,74.33443131176128
705,002410.SZ,广联达,0.12147239263803669,26.776649746192895,1.4225879493629638,1.561775337899883,0.8734852993099097,1.4061542817730872,1588098783.9999998,8.85,8.86,8.53,8.55,34876191.0,300306773.0,8.87,-3.6076662908680834,10.0,9.76,False,False,True,74.31699283084674
706,603639.SH,海利尔,0.31337325349301404,16.736401673640167,1.3996460181703463,0.6463970095463756,1.0284061078135824,1.6174142910164093,339878336.0,11.1,11.26,11.02,11.12,3553400.0,39703601.0,11.13,-0.08984725965859308,10.0,12.24,False,False,True,74.30536717690369
707,000055.SZ,方大集团,0.3249999999999999,23.003194888178925,1.025123615476487,1.2608238156563103,0.7898816790404699,0.9631825703901559,675854429.0,3.63,3.64,3.59,3.61,8207600.0,29608322.0,3.65,-1.0958904109588996,10.0,4.02,False,False,True,74.28792869598915
708,600425.SH,青松建化,0.35195530726256985,22.292993630573243,0.9310318137051639,0.9179675933782789,0.9556103833801305,0.956558090404639,1604703707.0,3.76,3.82,3.73,3.79,14090732.0,53339731.0,3.77,0.5305039787798504,10.0,4.15,False,False,True,74.23561325324549
709,600725.SH,云维股份,0.17938931297709917,26.27986348122866,1.2500438495025867,1.3968015894910182,0.9409615947496855,1.408241876663764,1232470000.0,3.38,3.51,3.37,3.49,24243110.0,83902173.0,3.4,2.6470588235294246,10.0,3.74,False,False,True,74.21623716334045
710,300022.SZ,吉峰科技,0.2874251497005989,21.00139082058412,1.0169013664702848,1.8611682858112755,0.7385259151910268,0.7152568172568528,494225980.0,8.15,8.23,8.04,8.11,6579202.0,53457481.0,8.15,-0.4907975460122782,20.0,9.78,False,False,True,74.19298585545437
711,002786.SZ,银宝山新,0.30399999999999994,22.366522366522368,1.0690630040719336,1.3981420370073832,0.7907121558221483,0.9691258682721996,491861250.0,7.99,7.99,7.77,7.82,6664600.0,52199377.0,7.97,-1.8820577164366359,10.0,8.77,False,False,True,74.14260802170122
712,603275.SH,众辰科技,0.14729216971369424,32.787897499228144,1.3320903242037174,1.712403574995893,0.5609313458767041,1.0988157606613593,44921179.0,36.5,36.82,35.76,35.92,783314.0,28408894.0,36.66,-2.018548827059452,10.0,40.33,False,False,True,74.14260802170122
713,603050.SH,科林电气,0.2156862745098039,32.62195121951221,1.3535626674762808,0.9115810786619275,0.7140598701610964,0.44653981485980676,403319193.0,18.18,18.27,17.97,18.14,1641740.0,29704594.0,18.18,-0.22002200220021528,10.0,20.0,False,False,True,74.1367951947297
714,002389.SZ,航天彩虹,0.24184988627748302,19.312009656004815,1.132935966664979,1.841689868888841,0.899659005841667,1.7064499326299285,984767026.0,19.5,19.93,19.37,19.68,30948781.0,608141483.0,19.76,-0.4048582995951455,10.0,21.74,False,False,True,74.09804301491958
715,003035.SZ,南网能源,0.17912772585669784,26.027397260273965,1.4510513337992488,1.1225701544604314,0.9175726727167508,0.6820795364416788,3787878787.0,5.68,5.74,5.6,5.73,29003111.0,164722992.0,5.69,0.7029876977152849,10.0,6.26,False,False,True,74.09319899244332
716,603712.SH,七一二,0.09038322487346348,28.826291079812204,1.4818629873580964,1.2797691580310835,0.9611210516336781,0.6386554958669836,772000000.0,11.87,12.04,11.8,11.87,6309800.0,75122726.0,11.9,-0.25210084033614466,10.0,13.09,False,False,True,74.09029257895757
717,002242.SZ,九阳股份,0.21458333333333354,23.4375,1.6588378078608117,0.8776507603634606,0.8462273212913518,0.8102886995830378,761765625.0,8.66,8.78,8.46,8.5,5417300.0,46235248.0,8.71,-2.4110218140068973,10.0,9.58,False,False,True,74.08254214299554
718,002662.SZ,峰璟股份,0.22972972972972963,37.91946308724834,1.2753710804035616,0.7373953678482971,0.5795924100938178,0.7410410239958287,1499981099.9999998,3.33,3.33,3.28,3.3,8196500.0,27115918.0,3.32,-0.6024096385542133,10.0,3.65,False,False,True,74.07866692501453
719,300168.SZ,万达信息,0.1624365482233504,29.19540229885058,1.3624818975483834,1.1892826973297832,0.9022854590350999,1.1169948082707952,1439440508.0,4.96,5.0,4.84,4.86,19121853.0,93422269.0,4.99,-2.605210420841686,20.0,5.99,False,False,True,74.07479170703351
720,601098.SH,中南传媒,0.3630363036303634,20.775026910656646,0.8628160089574461,0.6062366119153629,1.2465073154391153,1.0939916929077271,1796000000.0,10.36,10.36,10.13,10.22,11911392.0,122011536.0,10.39,-1.6361886429258843,10.0,11.43,False,False,True,74.05735322611896
721,300962.SZ,中金辐照,0.20843672456575676,20.18819503849445,1.3271918327226877,1.1779254374069852,1.209762100847953,0.493758733632704,264001897.0,13.38,13.38,13.19,13.23,1535464.0,20370049.0,13.37,-1.0471204188481575,20.0,16.04,False,False,True,74.05541561712846
722,000795.SZ,英洛华,0.12365591397849462,27.728983688833118,1.2722719829561173,1.4587221091481366,1.0438686759224083,0.5973885104207347,1116249027.0,8.43,8.43,8.32,8.36,9727260.0,81437574.0,8.43,-0.8303677342823335,10.0,9.27,False,False,True,74.05347800813796
723,002690.SZ,美亚光电,0.29166666666666674,21.301775147928993,1.0686189657639593,1.2605500620629784,0.950300654411696,0.5649172846697136,427032322.0,16.06,16.08,15.76,15.84,3040925.0,48364171.0,15.97,-0.8140262993112102,10.0,17.57,False,False,True,74.04185235419493
724,002381.SZ,双箭股份,0.3539094650205762,17.791411042944794,1.0928125279309504,1.3503171012323465,0.8296225174426387,1.0431317289300617,322026500.0,5.72,5.77,5.68,5.7,4535932.0,25964952.0,5.75,-0.8695652173912993,10.0,6.33,False,False,True,74.00310017438481
725,000605.SZ,渤海股份,0.35593220338983045,20.467836257309948,1.2102604347997896,1.101198595468814,0.7773832270157813,0.7953252547968326,352658600.0,6.18,6.19,6.12,6.16,3088623.0,18999604.0,6.18,-0.3236245954692518,10.0,6.8,False,False,True,73.89265646192598
726,601288.SH,农业银行,0.3745173745173743,22.79792746113991,1.1260943816897173,0.11752259799381601,1.030526848113105,0.5770227829765909,319244210777.0,6.73,6.83,6.71,6.81,216489768.0,1467748313.0,6.76,0.7396449704141883,10.0,7.44,False,False,True,73.88878124394498
727,601865.SH,福莱特,0.09428830462375347,31.28491620111733,1.5154953100326696,1.0083357917424995,0.9730571203315336,0.5568133279118626,1901026024.0,9.98,10.02,9.81,9.84,10673400.0,105559314.0,9.99,-1.501501501501501,10.0,10.99,False,False,True,73.88296841697345
728,002572.SZ,索菲亚,0.09745762711864413,25.208913649025067,1.3761125501588996,1.5455384579132208,1.1095691787895225,0.7399124510574584,729247004.0,7.87,7.9,7.75,7.77,8339400.0,64902528.0,7.87,-1.270648030495558,10.0,8.66,False,False,True,73.87715559000193
729,000623.SZ,吉林敖东,0.39076376554174064,11.964285714285694,1.0221399723688425,1.0466197144596905,1.054246492356418,0.6042200596794276,1191023318.0,18.26,18.31,18.13,18.22,7531896.0,137175768.0,18.29,-0.3827227993439042,10.0,20.12,False,False,True,73.86359232706839
730,000069.SZ,华侨城Ａ,0.22058823529411767,26.114649681528658,1.3821204261147968,0.730073975116432,1.027205653348552,0.8153377264228951,6898601781.0,1.87,1.87,1.83,1.85,41064400.0,75775558.0,1.87,-1.0695187165775444,10.0,2.06,False,False,True,73.83259058322031
731,000999.SZ,华润三九,0.3903614457831325,22.4537037037037,1.1962693614558961,0.5836975517402555,0.8587459386485445,0.5223153682454066,1662560811.0,24.69,24.86,24.56,24.7,5068719.0,125118747.0,24.84,-0.5636070853462183,10.0,27.32,False,False,True,73.81902732028676
732,002936.SZ,郑州银行,0.3333333333333335,14.634146341463406,0.8722805261306943,1.2934155056010188,1.1767304273929995,0.8303898582573715,7029435959.0,1.8,1.82,1.79,1.8,75498892.0,136035948.0,1.8,0.0,10.0,1.98,False,False,True,73.81515210230575
733,002554.SZ,惠博普,0.13821138211382109,25.093632958801493,1.5323544037973522,1.6151936431108607,0.8331519535269523,1.4196874957089163,1333469849.9999998,3.02,3.04,2.97,2.98,30577400.0,91719816.0,3.01,-0.9966777408637828,10.0,3.31,False,False,True,73.78415035845767
734,301102.SZ,兆讯传媒,0.25974025974025966,21.811680572109648,1.6510078315584593,0.5452749999999955,0.8983465441935687,1.1841275010824068,406000000.0,9.95,10.05,9.63,9.72,2621441.0,25536696.0,9.99,-2.7027027027026973,20.0,11.99,False,False,True,73.77446231350513
735,301508.SZ,中机认检,0.2608695652173913,23.217550274223054,0.9310596515289316,1.8771689804270786,0.8105895434070621,0.9218996111805544,58836400.0,24.75,25.08,24.72,24.88,1018200.0,25369933.0,25.0,-0.48000000000000265,20.0,30.0,False,False,True,73.77252470451464
736,300451.SZ,创业慧康,0.13231552162849872,23.202614379084974,1.7296243214157063,1.4213372825597408,0.8480631546718257,1.1078894870187401,1531143411.0,3.55,3.57,3.46,3.47,24110680.0,84109747.0,3.58,-3.0726256983240163,20.0,4.3,False,False,True,73.76671187754312
737,300349.SZ,金卡智能,0.08506944444444434,38.445154419595305,1.2237373737266937,1.6027668251551366,0.7274935358009974,0.5999287702708093,369737928.0,10.35,10.38,10.27,10.36,3555200.0,36718775.0,10.37,-0.09643201542911539,20.0,12.44,False,False,True,73.7647742685526
738,000550.SZ,江铃汽车,0.36686390532544394,17.890520694259003,1.2640719775718718,0.7545774129833986,0.9619025736424045,0.9368959849480315,518463160.0,17.4,17.61,17.31,17.48,3665330.0,64062971.0,17.46,0.11454753722794919,10.0,19.21,False,False,True,73.75508622360007
739,002034.SZ,旺能环境,0.1251203079884505,34.60104399701716,1.2233124575041336,1.4925072454207111,0.8080539477931779,0.7989564690805316,514547415.0,14.65,14.68,14.5,14.53,6135712.0,89436074.0,14.71,-1.2236573759347502,10.0,16.18,False,False,True,73.72214687076148
740,600054.SH,黄山旅游,0.3062200956937798,14.694656488549619,0.8980139341920245,1.5599966978375184,1.0997587867286966,1.4519643646685325,513300000.0,11.75,11.8,11.55,11.71,11626551.0,135769249.0,11.76,-0.42517006802720303,10.0,12.94,False,False,True,73.6911451269134
741,301260.SZ,格力博,0.02483974358974363,34.348561759729265,1.5134567954180365,1.251215568739453,0.8693803060576394,0.9227008514599756,205505655.0,12.1,12.17,11.92,11.96,2372558.0,28435376.0,12.13,-1.4014839241549892,20.0,14.56,False,False,True,73.6911451269134
742,600681.SH,百川能源,0.20481927710843364,16.346153846153832,1.3411336010074186,1.651155285166318,1.0956465253885082,1.443808251722349,1339808772.0,3.63,3.68,3.61,3.64,31940393.0,116189408.0,3.63,0.27548209366392573,10.0,3.99,False,False,True,73.68339469095136
743,601066.SH,中信建投,0.34611697027804406,28.154541718043568,1.079742795849974,0.3180622392771725,0.9066736872228766,0.6437234680314725,6495671035.0,24.3,24.32,24.06,24.25,13299505.0,321662996.0,24.36,-0.45155993431855723,10.0,26.8,False,False,True,73.67176903700832
744,000420.SZ,吉林化纤,0.10924369747899151,26.93409742120343,1.5155287342090524,2.136812062287228,0.6622396549238164,0.8046404372410976,2458094143.0,3.74,3.75,3.7,3.74,42263620.0,157333327.0,3.75,-0.2666666666666595,10.0,4.13,False,False,True,73.66789381902731
745,301656.SZ,联合动力,0.012102196324518137,36.84931506849316,1.1734440886112076,2.3015476528616112,0.6884887370625842,0.8839703547699601,203631517.0,14.87,14.89,14.55,14.56,4142883.0,60702524.0,14.87,-2.084734364492258,20.0,17.84,False,False,True,73.57876380546406
746,601218.SH,吉鑫科技,0.16009280742459395,27.461139896373066,1.3134459885052852,2.1756845494936763,0.6625735762930722,0.6559847397104425,969033512.0,4.56,4.57,4.51,4.56,13830200.0,62862975.0,4.55,0.219780219780219,10.0,5.01,False,False,True,73.57101336950204
747,300675.SZ,建科院,0.2272340425531915,29.962546816479406,1.132966641548864,1.380514390792178,0.7681238570403469,0.9527222282558744,146666700.0,13.39,13.4,13.12,13.21,1929029.0,25511509.0,13.35,-1.048689138576775,20.0,16.02,False,False,True,73.559387715559
748,000617.SZ,中油资本,0.13812154696132597,19.999999999999996,1.896848080539843,0.9287675675517675,1.1184137149335627,0.7284143907118161,12642079079.0,7.36,7.4,7.2,7.28,85527162.0,623175879.0,7.25,0.41379310344829,10.0,7.98,False,False,True,73.54582445262545
749,300796.SZ,贝斯美,0.26078431372549016,22.613065326633187,1.3989790419488972,1.1442317802628796,0.8308111856836787,1.2422181625082402,360418057.0,7.27,7.31,7.17,7.18,5122930.0,37009055.0,7.3,-1.6438356164383605,20.0,8.76,False,False,True,73.52063553574888
750,000002.SZ,万  科Ａ,0.09154929577464792,18.055555555555557,1.7062765287967143,1.5374479687712306,1.1813514372353011,0.7555310927207665,9715113154.0,3.26,3.27,3.19,3.19,112849758.0,362665927.0,3.27,-2.4464831804281384,10.0,3.6,False,False,True,73.50125944584383
751,601512.SH,中新集团,0.37700534759358273,19.674355495251028,1.289750628772886,0.2495417008586305,1.0304151847821597,1.0069117492465154,1498890000.0,8.73,8.94,8.71,8.75,3766208.0,33240903.0,8.78,-0.3416856492027276,10.0,9.66,False,False,True,73.49544661887231
752,600918.SH,中泰证券,0.31696428571428564,16.43564356435643,1.1710120789372784,0.935873743111707,1.2724365968453,0.5217596810161321,4562824063.0,5.59,5.62,5.57,5.6,22280324.0,124732716.0,5.6,0.0,10.0,6.16,False,False,True,73.4838209649293
753,600708.SH,光明地产,0.20408163265306117,34.30656934306568,1.527474007771642,0.7653925982618336,0.6423049572875842,1.3845325758746874,2225277771.0,3.13,3.14,3.04,3.06,23581513.0,72682228.0,3.14,-2.547770700636942,10.0,3.45,False,False,True,73.48188335593878
754,601019.SH,山东出版,0.3230240549828179,21.077654516640255,1.1612354246436944,0.5302416862331636,1.2848352163959336,0.8437429871433928,2086900000.0,7.22,7.22,6.99,7.04,9336534.0,65991369.0,7.25,-2.89655172413793,10.0,7.98,False,False,True,73.45475683007169
755,601360.SH,三六零,0.11323763955342916,21.912832929782077,1.434040374750364,1.517192222506082,1.2765054613268543,0.7937878116422826,6999557879.0,8.91,8.93,8.77,8.82,84297684.0,744888724.0,8.97,-1.6722408026755842,10.0,9.87,False,False,True,73.43538074016664
756,688588.SH,凌志软件,0.08710330857528692,25.63791008505467,1.8467752547979444,1.0121243223600036,1.0207956358596006,1.6262759297855358,390010003.0,9.45,9.51,9.12,9.16,6419539.0,59325322.0,9.52,-3.7815126050420145,20.0,11.42,False,False,True,73.42956791319513
757,000633.SZ,合金投资,0.21799999999999997,27.499999999999993,1.2230216866271637,1.7300993614042275,0.7054419545250007,1.1960273779358286,385106373.0,5.5,5.6,5.46,5.54,7968799.0,44163854.0,5.49,0.9107468123861429,10.0,6.04,False,False,True,73.41309823677582
758,003016.SZ,欣贺股份,0.22693997071742314,26.51006711409396,1.290420830210992,0.9610322569760595,1.0018538162738715,1.1482971309172056,410882842.0,7.48,7.58,7.41,7.56,4534300.0,34080876.0,7.51,0.665778961384822,10.0,8.26,False,False,True,73.41019182329006
759,603706.SH,东方环宇,0.174468085106383,27.020506634499398,1.4468239742063735,0.8273142077792753,1.1178307183506115,0.6429706187191251,189382714.0,17.88,17.88,17.65,17.73,1007400.0,17879658.0,17.81,-0.4491858506456947,10.0,19.59,False,False,True,73.3927533423755
760,300743.SZ,天地数码,0.1765853658536586,29.534883720930228,0.9532545124784937,1.840163301261138,0.9009769232528062,0.7291320187673762,127410896.0,14.69,14.77,14.48,14.56,1709500.0,25002446.0,14.71,-1.0197144799456215,20.0,17.65,False,False,True,73.37919007944198
761,002672.SZ,东江环保,0.28301886792452824,35.40983606557377,1.140726628424585,0.7119973859505445,0.6863613866922279,0.8491533988096815,905118302.0,3.8,3.84,3.78,3.8,5472300.0,20846073.0,3.8,0.0,10.0,4.18,False,False,True,73.34625072660337
762,002270.SZ,华明装备,0.12603810454323391,30.644225188624507,1.6299762419359793,1.4113458469803168,0.6881470038515284,0.5936591626217372,896225431.0,19.7,19.85,19.59,19.7,7509100.0,148067961.0,19.81,-0.5552751135790013,10.0,21.79,False,False,True,73.28037202092618
763,600699.SH,均胜电子,0.06704707560627675,36.93790149892933,1.399637669141121,1.6524626377750686,0.6812462964161464,1.4159182066969047,1395670563.0,19.97,20.45,19.8,19.87,32655229.0,653973464.0,20.09,-1.0950721752115422,10.0,22.1,False,False,True,73.27262158496416
764,601611.SH,中国核建,0.19792566983578225,34.963579604578584,1.2655274838937554,0.9570966423815965,0.8114299105560271,1.9446185075231677,3013834212.0,10.77,11.22,10.77,11.19,56093116.0,617087028.0,10.73,4.287045666356004,10.0,11.8,False,False,True,73.24355745010658
765,002121.SZ,科陆电子,0.08412698412698402,39.4144144144144,1.328441079962562,1.5091520669442744,0.6854567979284824,4.409740248984101,1411302549.0,4.97,5.47,4.95,5.26,93921209.0,495017175.0,4.97,5.835010060362178,10.0,5.47,True,False,True,73.23968223212555
766,600660.SH,福耀玻璃,0.2698090207232832,26.23606143488322,1.4868949211993938,0.538267107855628,0.8546463426022004,0.9807568330120924,2002986332.0,54.3,55.52,53.85,55.14,10573948.0,579842248.0,54.17,1.7906590363669928,10.0,59.59,False,False,True,73.23386940515404
767,600653.SH,申华控股,0.29629629629629634,21.91780821917808,1.1995605899604738,1.0085282705825835,1.0055959332109325,0.9489315241601534,1946380317.0,1.78,1.78,1.75,1.77,18627332.0,32919830.0,1.78,-0.5617977528089901,10.0,1.96,False,False,True,73.22611896919203
768,000537.SZ,绿发电力,0.12407680945347131,33.82570162481537,1.6309691571479816,1.2532078556368056,0.646759584859991,0.9370822572859252,2055717899.0,7.6,7.73,7.53,7.71,24141505.0,184924173.0,7.61,1.3140604467805517,10.0,8.37,False,False,True,73.19317961635342
769,600682.SH,南京新百,0.18181818181818168,19.921104536489143,1.6456903509297944,1.36110923465711,0.9438776588895406,0.7285915109050562,1164060275.0,5.86,5.9,5.79,5.84,11543900.0,67347367.0,5.89,-0.8488964346349714,10.0,6.48,False,False,True,73.11373764774268
770,600928.SH,西安银行,0.3781512605042016,18.670886075949355,1.1432595001398764,0.6204927932621834,1.1460116422930118,0.7397016034762377,4423354066.0,3.6,3.62,3.56,3.59,20302289.0,72954950.0,3.61,-0.5540166204986208,10.0,3.97,False,False,True,73.06335981398952
771,600051.SH,宁波联合,0.34782608695652173,18.330308529945547,1.0373109395930897,1.564392659547087,0.8381581760374104,0.8765339293901926,310880000.0,6.47,6.53,6.42,6.49,4262921.0,27625442.0,6.47,0.30911901081918103,10.0,7.12,False,False,True,73.01298198023639
772,000570.SZ,苏常柴Ａ,0.32217573221757306,18.06167400881058,1.0654404948077019,1.8208169126887248,0.8153533053655581,0.9497147705406797,555692507.0,5.31,5.4,5.28,5.37,9609350.0,51449538.0,5.31,1.1299435028248705,10.0,5.84,False,False,True,72.98585545436931
773,600763.SH,通策医疗,0.13255459624174706,16.784506609283746,1.4004006563235405,2.0848348836646204,1.217110405563177,0.6219033565137027,444455953.0,34.88,34.94,34.42,34.53,5793102.0,200569901.0,35.14,-1.7359134889015304,10.0,38.65,False,False,True,72.97810501840728
774,002444.SZ,巨星科技,0.2243902439024392,30.576631259484067,1.6445715081348449,0.7521225981821094,0.6772699195992791,0.6739510070432407,1147158478.0,29.19,29.63,28.9,29.43,5814875.0,169888241.0,29.12,1.0645604395604247,10.0,32.03,False,False,True,72.93354001162565
775,000680.SZ,山推股份,0.33179723502304165,22.683706070287535,1.056051718639721,1.3468525284097925,0.8228721351402072,1.1166547441247012,1314570547.0,10.7,10.74,10.48,10.7,19770737.0,209549703.0,10.73,-0.2795899347623587,10.0,11.8,False,False,True,72.92966479364465
776,600968.SH,海油发展,0.32467532467532445,27.217125382262996,1.2440514808912435,0.45049214846714897,0.9214911028399889,1.1266027158829963,10165104199.0,4.06,4.12,3.98,4.07,51590514.0,209500230.0,4.02,1.2437810945273853,10.0,4.42,False,False,True,72.9180391397016
777,688370.SH,丛麟科技,0.38047138047138046,27.499999999999993,1.3631853179064501,0.36639681370900096,0.6847186481152341,0.5427593698449454,137107879.0,24.22,24.23,23.72,23.93,272660.0,6516525.0,24.12,-0.787728026534007,20.0,28.94,False,False,True,72.90738229025384
778,603606.SH,东方电缆,0.03563791874554527,34.13155501667171,1.2901958163985117,1.708932389163282,0.933005135347084,0.5950233023928326,824808488.0000001,33.93,34.18,33.55,34.1,8387103.0,284893703.0,33.99,0.3236245954692629,10.0,37.39,False,False,True,72.90060065878706
779,603909.SH,建发合诚,0.3131462333825701,28.73417721518987,1.315277129268699,0.7865666750321829,0.7099679965789149,0.976983620087135,260673140.0,10.01,10.07,9.86,9.94,2003176.0,19981699.0,10.02,-0.7984031936127733,10.0,11.02,False,False,True,72.87734935090099
780,605369.SH,拱东医疗,0.2645914396887158,31.457627118644083,1.1597118804985702,0.7231325506437815,0.9031733602974539,0.6417106108980855,219803029.0,16.79,16.82,16.53,16.63,1019978.0,16952114.0,16.79,-0.9529481834425257,10.0,18.47,False,False,True,72.87734935090099
781,300210.SZ,森远股份,0.08939708939708933,28.811369509043928,1.881943629971245,1.5396257638313346,0.6391242848491583,0.7065001014764891,484219953.0,8.14,8.2,8.0,8.01,5267082.0,42498676.0,8.17,-1.9583843329253336,20.0,9.8,False,False,True,72.83084673512884
782,002184.SZ,海得控制,0.16800000000000007,30.1643192488263,1.259268574473357,1.850360765816577,0.7526901320511533,0.6330922652372155,248289322.0,9.99,10.0,9.82,9.86,2908583.0,28766685.0,9.99,-1.3013013013013053,10.0,10.99,False,False,True,72.77271846541367
783,300775.SZ,三角防务,0.1128391793514229,24.920466595970314,1.5886540281236012,2.25602154140158,0.7168936547953243,1.7241382228473074,531643401.0,22.22,23.15,22.1,22.7,20679296.0,468220492.0,22.27,1.930848675348007,20.0,26.72,False,False,True,72.72815345863205
784,301175.SZ,中科环保,0.30967741935483867,20.76271186440679,0.8029082947546995,2.202472776098278,0.7634262761452171,1.0130930666796665,621880000.0,5.65,5.76,5.65,5.74,13876070.0,80360322.0,5.68,1.0563380281690238,20.0,6.82,False,False,True,72.72234063166053
785,300278.SZ,华昌达,0.10704225352112673,38.67069486404833,1.570086851277599,1.069003407425887,0.6916721608948732,0.7754147353786088,1409445180.0,3.68,3.69,3.61,3.64,11683187.0,42533254.0,3.69,-1.3550135501354976,20.0,4.43,False,False,True,72.712652586708
786,300793.SZ,佳禾智能,0.19131334022750776,30.01027749229188,1.3575456770099275,1.2989402279715645,0.8184998784918768,0.6631624425527413,372088326.0,11.6,11.6,11.39,11.42,3205200.0,36794436.0,11.58,-1.3816925734024155,20.0,13.9,False,False,True,72.71071497771752
787,600822.SH,上海物贸,0.250814332247557,22.550335570469816,1.3255893935089564,0.9246174284984431,1.166029144898242,2.0546404187817986,396147908.0,9.0,9.18,8.88,9.03,7525845.0,68244471.0,8.99,0.4449388209121219,10.0,9.89,False,False,True,72.70296454175546
788,600979.SH,广安爱众,0.17916666666666653,35.65459610027857,1.1023812827263897,1.9156443710134123,0.5287651970581673,0.8033949227581947,1241686456.0,4.02,4.05,3.97,4.04,19109790.0,76816945.0,4.02,0.4975124378109541,10.0,4.42,False,False,True,72.70296454175546
789,601798.SH,蓝科高新,0.3188775510204081,23.664122137404586,1.1553069126937707,1.3878985445326921,0.7582459209636898,0.9560020190665091,354528198.0,7.83,7.9,7.74,7.84,4704000.0,36806918.0,7.8,0.512820512820511,10.0,8.58,False,False,True,72.69521410579344
790,600133.SH,东湖高新,0.2691415313225058,24.09470752089138,1.2209822378469741,1.4533496930041145,0.8227320281279937,0.6256439504617842,1066239875.0,8.34,8.39,8.27,8.3,9695100.0,80718850.0,8.34,-0.47961630695442237,10.0,9.17,False,False,True,72.67583801588839
791,002489.SZ,浙江永强,0.22424242424242427,31.999999999999986,1.249309398062453,1.0533911911595175,0.827811976528255,0.6899920649622324,1913042953.0,2.87,2.87,2.82,2.85,13904600.0,39524442.0,2.87,-0.6968641114982632,10.0,3.16,False,False,True,72.66905638442164
792,002053.SZ,云南能投,0.22551928783382783,30.641330166270777,1.5129477818261692,0.8613572225248463,0.751553015050876,1.326501304778492,920720764.0,9.93,10.02,9.77,9.95,10520077.0,104282128.0,9.94,0.1006036217303885,10.0,10.93,False,False,True,72.60414648323969
793,000963.SZ,华东医药,0.09641387419165201,26.809015421115067,1.3754022937808008,1.337464444889157,1.5044192790975637,0.5916162350570154,1753013098.0,26.83,26.84,26.52,26.62,13870991.0,375003714.0,26.93,-1.1511325659116167,10.0,29.62,False,False,True,72.60220887424917
794,301050.SZ,雷电微力,0.039083841143097285,33.6026441424899,1.7272434421526768,1.5288008701715932,0.6806354498815488,0.9736975386303787,210489977.0,28.96,29.86,28.96,29.2,3133332.0,92102938.0,29.09,0.3781368167755206,20.0,34.91,False,False,True,72.5789575663631
795,600854.SH,春兰股份,0.3640167364016735,22.33502538071066,1.193015827859506,1.2492250055191068,0.7432015451321414,0.9652666363594147,519458538.0,4.81,4.88,4.75,4.82,6263814.0,30054540.0,4.81,0.20790020790022457,10.0,5.29,False,False,True,72.5460182135245
796,002671.SZ,龙泉股份,0.25614035087719284,22.287390029325515,1.330006121898474,1.6729324439711732,0.772324034226963,0.9866515240668534,551396073.0,4.15,4.17,4.1,4.12,9101351.0,37573713.0,4.14,-0.48309178743960457,10.0,4.55,False,False,True,72.5421429955435
797,300098.SZ,高新兴,0.10112359550561807,24.271844660194162,1.464320110786592,2.2657431746919054,0.8770265764632571,0.7447136290784331,1541743627.0,4.47,4.48,4.39,4.41,26014300.0,115324106.0,4.48,-1.562500000000011,20.0,5.38,False,False,True,72.52761092811471
798,600143.SH,金发科技,0.0671015843429637,33.4355828220859,1.7742594924955397,1.3078806469115336,0.7133621653230275,0.650188482978323,2634826028.0,13.72,13.76,13.53,13.54,22405742.0,304743119.0,13.76,-1.5988372093023284,10.0,15.14,False,False,True,72.52276690563843
799,301258.SZ,富士莱,0.2649414664202094,25.20661157024793,1.1978348681839868,1.099435788272467,0.98615402785296,0.553673729403069,91136000.0,26.0,26.07,25.69,25.89,554771.0,14367596.0,26.08,-0.7285276073619507,20.0,31.3,False,False,True,72.51598527417168
800,601628.SH,中国人寿,0.3253762324857292,29.03225806451615,1.1444976754159417,0.158291534384416,0.9961429818003964,0.7979674366409836,20823530000.0,37.95,38.4,37.51,38.15,26302511.0,999347862.0,38.06,0.23646873357854314,10.0,41.87,False,False,True,72.51501646967641
801,000789.SZ,万年青,0.29279279279279274,21.715817694369967,1.3053907861503247,0.6375478203797424,1.2324556944227276,5.041159061193384,797420215.0,4.38,4.38,4.25,4.27,25628926.0,109855294.0,4.38,-2.511415525114158,10.0,4.82,False,False,True,72.48788994380934
802,300978.SZ,东箭科技,0.1872278664731495,39.42931258106355,1.098141018707381,1.0058979261077665,0.8390460500988584,0.7593259216410139,287089219.0,9.04,9.04,8.84,8.85,2192800.0,19515356.0,9.0,-1.6666666666666718,20.0,10.8,False,False,True,72.48788994380934
803,600729.SH,重百集团,0.21358355674709564,16.941444002274018,1.214269864094645,1.933132076955384,1.1538339004646876,1.0665358469439343,192482844.0,19.96,19.98,19.61,19.77,3968524.0,78559495.0,19.98,-1.0510510510510551,10.0,21.98,False,False,True,72.47626428986631
804,603238.SH,诺邦股份,0.19548872180451127,22.201138519924115,1.4047152584055793,1.5011109859218355,1.0018078813113098,0.6392116871564292,177509000.0,12.68,12.69,12.42,12.51,1703248.0,21319820.0,12.62,-0.8716323296354966,10.0,13.88,False,False,True,72.43944971904669
805,001914.SZ,招商积余,0.29887640449438224,17.893401015228427,1.316581390948997,0.9072961546445996,1.2480665447932466,0.6414729509533398,1053719483.0,9.17,9.21,9.02,9.1,6132710.0,55935888.0,9.21,-1.1943539630836164,10.0,10.13,False,False,True,72.42588645611316
806,600512.SH,腾达建设,0.3333333333333333,15.591397849462352,1.194940389388212,1.47948125641821,0.9409741197840598,0.7621990290943718,1587405163.0,2.13,2.15,2.11,2.13,17900520.0,38173669.0,2.14,-0.4672897196261738,10.0,2.35,False,False,True,72.39682232125557
807,603676.SH,卫信康,0.32946635730858465,25.44757033248082,1.132114256631675,0.5400079740510074,1.0976513067239646,0.3869940714244497,435161500.0,9.22,9.25,9.11,9.18,909400.0,8331110.0,9.24,-0.6493506493506551,10.0,10.16,False,False,True,72.38519666731254
808,300851.SZ,交大思诺,0.2476401998889506,24.874874874874877,1.1788958088810775,1.8015578169004498,0.7893439751820788,0.7769716333691279,56663527.0,24.44,24.56,24.25,24.44,793153.0,19364008.0,24.44,0.0,20.0,29.33,False,False,True,72.379383840341
809,603291.SH,联合水务,0.32943469785575036,25.263157894736832,1.2863969933385695,0.9347930281768551,0.8062350890585812,1.0701177207117056,423220604.0,9.28,9.38,9.18,9.31,4233639.0,39318073.0,9.29,0.21528525296019563,10.0,10.22,False,False,True,72.371633404379
810,688208.SH,道通科技,0.13700787401574802,29.307359307359306,1.796132468999426,1.298208932201099,0.7179085486404954,0.7773970815902638,670186410.9999999,25.65,25.7,25.2,25.27,6763681.0,171727341.0,25.71,-1.711396343835092,20.0,30.85,False,False,True,72.32900600658786
811,000959.SZ,首钢股份,0.2509225092250923,31.92182410423452,1.4396573480603316,0.41970694917731904,0.8461715455117491,0.606697877389214,7451607404.0,3.76,3.78,3.72,3.76,18974424.0,71276788.0,3.75,0.2666666666666595,10.0,4.13,False,False,True,72.24375121100562
812,600463.SH,空港股份,0.28446771378708563,27.142857142857157,1.2149087530449743,1.0518689166666624,0.8733436472314725,1.1686025199432724,300000000.0,8.64,8.64,8.32,8.37,3687650.0,31114527.0,8.63,-3.0127462340672206,10.0,9.49,False,False,True,72.24084479751986
813,300856.SZ,科思股份,0.11738484398216925,22.18905472636814,1.5791234847151956,1.3816469036161636,1.31086624709633,0.639903852738769,459735623.0,10.83,10.83,10.61,10.64,4064620.0,43392643.0,10.84,-1.845018450184499,20.0,13.01,False,False,True,72.23018794807209
814,603418.SH,友升股份,0.08589850249584033,26.75294117647058,1.1309152769879691,2.446908724781458,1.0807563927886525,1.3745957508652584,41364612.0,46.47,47.04,45.5,45.6,1391303.0,64235264.0,46.63,-2.2088784044606458,10.0,51.29,False,False,True,72.22825033908157
815,002676.SZ,顺威股份,0.13043478260869557,28.348214285714278,1.3616148922269105,1.794785397658721,0.9176521436854786,0.5413402974249054,719974584.9999999,5.36,5.38,5.3,5.35,6995200.0,37347064.0,5.38,-0.5576208178438735,10.0,5.92,False,False,True,72.22049990311956
816,002997.SZ,瑞鹄模具,0.24869262056943642,29.641827912721276,1.1932933949739755,1.3915813880883805,0.7554369777298741,1.4612012743691236,209321325.0,28.58,29.48,28.42,29.4,4256299.0,123794463.0,28.57,2.9051452572628644,10.0,31.43,False,False,True,72.17787250532842
817,600233.SH,圆通速递,0.23117569352708056,30.33783783783783,1.405466563998294,0.6222313439722985,0.9481560507782513,0.7254261362669628,3424016438.0,16.51,16.72,16.43,16.68,15455424.0,257980428.0,16.55,0.7854984894259731,10.0,18.21,False,False,True,72.15655880643287
818,600782.SH,新钢股份,0.23463687150837984,25.311203319502074,1.3230297797152322,1.2471758125726515,0.9555582606398919,0.8468710383513951,3145652149.0,2.83,2.86,2.79,2.84,33224286.0,93946914.0,2.83,0.35335689045936647,10.0,3.11,False,False,True,72.1391203255183
819,002920.SZ,德赛西威,0.13101710648455106,27.336539711425957,1.716857982121482,1.2571318757423677,0.8993399248915608,0.5342596756919561,596621794.0,86.64,86.84,85.1,85.42,4007120.0,343325022.0,86.81,-1.6011980186614427,10.0,95.49,False,False,True,72.1391203255183
820,301491.SZ,汉桑科技,0.0642268540959767,27.16459197786998,1.4131224041447408,1.8852234356160507,1.0507926330806099,1.0656681372621075,38250840.0,38.58,38.8,37.66,37.79,768468.0,29235141.0,38.8,-2.6030927835051454,20.0,46.56,False,False,True,72.11780662662274
821,603888.SH,新华网,0.20669144981412632,23.360107095046857,1.3919100966899227,1.3059037776114535,1.0554750202803735,4.023863175215158,742211985.0,17.3,17.36,16.74,17.04,39001593.0,661775501.0,17.72,-3.8374717832957095,10.0,19.49,False,False,True,72.07517922883162
822,300288.SZ,朗玛信息,0.18527042577675504,23.604651162790713,1.351156491616289,1.7377052959566213,0.9642710156744245,1.0076239363380581,257836666.0,10.19,10.2,9.89,9.93,4514600.0,44947691.0,10.21,-2.7424094025465307,20.0,12.25,False,False,True,72.06355357488859
823,688599.SH,天合光能,0.023628048780487704,38.86894075403951,1.6636671310757805,1.2157515157493686,0.733262734420099,0.756347002923263,2342567686.0,11.49,11.53,11.24,11.3,21540613.0,244227248.0,11.45,-1.3100436681222627,20.0,13.74,False,False,True,72.05580313892656
824,000822.SZ,山东海化,0.23097826086956513,24.54308093994777,1.394045092380309,1.4973567642257957,0.8211670515004074,1.5375920536127015,895091926.0,4.65,4.73,4.62,4.66,20607915.0,96215509.0,4.68,-0.42735042735041473,10.0,5.15,False,False,True,72.04417748498352
825,002595.SZ,豪迈科技,0.10622826430603857,35.501489572989065,1.6806968068006611,0.439245874227794,1.0211348920173773,1.2392750059962863,1152118323.0,40.78,41.4,40.11,40.86,6271515.0,256729485.0,40.92,-0.14662756598241566,10.0,45.01,False,False,True,72.04417748498352
826,002195.SZ,岩山科技,0.08655126498002669,30.1056338028169,1.5960308663488019,2.0295237880289667,0.6945693145021339,0.7227382981230773,5615833437.0,6.33,6.33,6.18,6.23,82373863.0,513878320.0,6.33,-1.579778830963663,10.0,6.96,False,False,True,72.0325518310405
827,600797.SH,浙大网新,0.13767019667170957,30.282861896838597,1.2724003579806162,2.1310853851857776,0.7925234703236076,0.6687349639839348,1027526370.0,6.94,6.94,6.78,6.86,14643600.0,99843718.0,6.92,-0.8670520231213841,10.0,7.61,False,False,True,72.01898856810695
828,002462.SZ,嘉事堂,0.22345132743362825,31.518624641833792,1.2853646140365549,1.1305439369475037,0.8383338527548208,0.5112282750933126,291470419.0,12.45,12.5,12.37,12.4,1684600.0,20922666.0,12.49,-0.7205764611689314,10.0,13.74,False,False,True,71.99186204223987
829,002093.SZ,国脉科技,0.2066014669926651,28.16666666666667,1.55778992942662,1.0359416079404409,0.8536189391618381,5.335896999166925,1007500000.0,7.67,7.78,7.38,7.46,55691353.0,416648928.0,7.69,-2.990897269180759,10.0,8.46,False,False,True,71.95504747142027
830,603214.SH,爱婴室,0.3234100135317997,23.063683304647164,1.0801257351710152,1.5740673331425963,0.7980578589294044,9.707715610228385,138540036.0,15.41,15.41,14.53,14.71,21169746.0,319746972.0,14.01,4.996431120628131,10.0,15.41,True,False,True,71.92404572757218
831,002847.SZ,盐津铺子,0.11336379211878922,24.831903547414804,1.499122916738661,1.517768736163936,1.16257449840489,0.8061897609971026,243870918.0,47.0,47.1,45.55,45.79,2984028.0,137281320.0,47.1,-2.7813163481953285,10.0,51.81,False,False,True,71.91048246463865
832,605116.SH,奥锐特,0.1250000000000001,21.012101210121003,2.213302038686156,0.9853344906894849,1.0109295456029417,0.4874241788427973,406183234.0,19.95,19.95,19.52,19.54,1950800.0,38372754.0,19.94,-2.006018054162495,10.0,21.93,False,False,True,71.89885681069559
833,002007.SZ,华兰生物,0.34838709677419333,19.197952218430036,1.1508515770283156,0.8563430416311903,1.257933620604309,1.05747753450632,1573543054.0000002,13.28,13.47,13.27,13.33,14249432.0,190488497.0,13.34,-0.07496251874062887,10.0,14.67,False,False,True,71.88916876574307
834,600137.SH,浪莎股份,0.3862433862433861,27.804214819850447,1.133582907782521,1.1876160206731272,0.5270091519079788,1.0034673898324111,97217588.0,18.45,18.45,18.06,18.29,1158575.0,21153839.0,18.36,-0.38126361655773655,10.0,20.2,False,False,True,71.86204223987599
835,600028.SH,中国石化,0.33142857142857146,26.86230248306998,1.3125736293183743,0.25351435257951443,0.9719801971322073,0.9477591451015417,94752475375.0,5.58,5.65,5.53,5.61,227662290.0,1275247257.0,5.59,0.3577817531305927,10.0,6.15,False,False,True,71.86010463088549
836,605108.SH,同庆楼,0.19216823785351694,25.456204379562042,1.3401370251379905,1.2273701153846104,1.19996815038134,1.0248124954346571,260000000.0,13.51,13.57,13.24,13.38,3270343.0,43685249.0,13.61,-1.6899338721528157,10.0,14.97,False,False,True,71.83491571400891
837,300251.SZ,光线传媒,0.06127839408346541,30.94339622641511,1.5782756330168828,1.7117162061677258,0.8531444990982743,0.8932387814497471,2753141609.0,11.67,11.71,11.37,11.45,42094745.0,482672649.0,11.76,-2.6360544217687076,20.0,14.11,False,False,True,71.82522766905639
838,600526.SH,菲达环保,0.3492822966507178,20.398009950248763,1.0699892606556902,1.0595770734101764,1.08852091133305,0.6544006686639261,880480640.0,4.75,4.77,4.72,4.77,6057100.0,28771046.0,4.75,0.42105263157894424,10.0,5.23,False,False,True,71.81941484208485
839,000532.SZ,华金资本,0.187363834422658,28.438469493278173,1.29677773274726,1.542317280595511,0.9025914664268216,0.706277292093267,343549746.0,11.42,11.42,11.18,11.3,3742300.0,42122602.0,11.39,-0.7901668129938533,10.0,12.53,False,False,True,71.80778918814184
840,600550.SH,保变电气,0.2551724137931034,36.40000000000001,1.1224038619898002,1.2901243292202527,0.5446274584679848,0.6990889865027168,1841528480.0,10.91,11.05,10.85,10.98,16608961.0,182285144.0,10.94,0.365630712979903,10.0,12.03,False,False,True,71.78647548924627
841,002035.SZ,华帝股份,0.14457831325301215,17.169373549883993,1.3948100411268167,1.9951736672550786,1.5410610440245105,0.7218245895330347,782037666.9999999,4.67,4.71,4.62,4.7,11262636.0,52607982.0,4.67,0.6423982869379063,10.0,5.14,False,False,True,71.75547374539816
842,603810.SH,丰山集团,0.2939890710382513,28.728728728728715,1.3009014110067818,1.0396623900789346,0.7521266276383493,1.2780566753196603,165342179.0,12.72,12.72,12.45,12.48,2196980.0,27638013.0,12.68,-1.577287066246047,10.0,13.95,False,False,True,71.71865917457858
843,600702.SH,舍得酒业,0.10922136593143766,24.696734059098002,1.2276736692614443,2.2689807872619903,1.1673854323362094,0.6207263986536414,331950865.0,36.19,36.36,35.6,35.88,4675250.0,167978751.0,36.26,-1.0479867622724681,10.0,39.89,False,False,True,71.71672156558807
844,605009.SH,豪悦护理,0.3340823970037454,25.169409486931272,1.0475831537401885,0.7020349975955434,1.182928402755323,1.1244267230843923,214957453.0,25.41,25.52,25.05,25.4,1696846.0,42949899.0,25.12,1.1146496815286566,10.0,27.63,False,False,True,71.71284634760706
845,000718.SZ,苏宁环球,0.19117647058823525,27.710843373493987,1.5105970140538965,1.1597825147820537,0.9213286258078368,0.9645786537411405,2282093122.0,2.04,2.05,2.01,2.03,25529809.0,51778460.0,2.05,-0.9756097560975618,10.0,2.26,False,False,True,71.71090873861654
846,301616.SZ,浙江华业,0.19485842026825634,25.814696485623003,1.263452124105895,1.992748978400688,0.8576693001444915,1.098985752762836,28401791.0,36.53,37.1,36.01,36.13,622000.0,22655919.0,36.53,-1.09499041883383,20.0,43.84,False,False,True,71.67796938577794
847,301589.SZ,诺瓦星云,0.18319012998457804,26.60629921259843,1.2193556191392856,1.8937355505417623,0.9330129300177975,0.6172886605772673,34464960.0,142.79,144.07,141.38,143.86,402889.0,57710764.0,143.63,0.16013367680847157,20.0,172.36,False,False,True,71.65471807789189
848,600760.SH,中航沈飞,0.28860976306023406,30.31578947368423,1.1234436149057858,0.6031606637172235,1.0424863932508779,1.2453860170102524,2829552651.0,48.1,49.55,47.8,48.91,21254690.0,1039089392.0,48.11,1.6628559551028932,10.0,52.92,False,False,True,71.63921720596782
849,601330.SH,绿色动力,0.3308823529411764,24.251497005988032,1.2323478072782128,1.4892282405881103,0.6887466141039374,1.6110578477070192,989095351.0,8.12,8.36,8.07,8.29,23730699.0,195913367.0,8.18,1.344743276283622,10.0,9.0,False,False,True,71.6295291610153
850,600796.SH,钱江生化,0.3333333333333333,20.75892857142856,1.149837450030231,1.7124468022832868,0.7824013881668734,1.3104133891396006,311477889.0,5.41,5.47,5.37,5.37,6989605.0,37876210.0,5.4,-0.5555555555555647,10.0,5.94,False,False,True,71.58108893625267
851,000513.SZ,丽珠集团,0.1129770992366412,23.34887334887337,1.6187671367444256,1.3413536891739635,1.3558293292345036,0.8603432194785277,567651788.0,27.27,27.54,27.11,27.35,6550841.0,179194629.0,27.22,0.4775900073475503,10.0,29.94,False,False,True,71.53846153846155
852,301036.SZ,双乐股份,0.24305204648812526,38.24017708909795,1.1157889222679025,1.1773345577218393,0.6586875304107926,1.0071288846143414,69679408.0,22.88,22.9,22.34,22.55,826208.0,18698040.0,22.88,-1.4423076923076872,20.0,27.46,False,False,True,71.53846153846153
853,600138.SH,中青旅,0.28240740740740755,19.527559055118115,1.155013952646761,1.3871170009946896,1.1674339715176791,1.515585611273422,723840000.0,7.53,7.57,7.42,7.56,15217249.0,114113311.0,7.57,-0.13210039630119352,10.0,8.33,False,False,True,71.5268358845185
854,000063.SZ,中兴通讯,0.07533670033670031,32.74999999999999,1.3704625529396661,2.393658926614771,0.7216763515531741,0.4553423032602661,4027621232.0,33.27,33.43,33.0,33.09,43898420.0,1455938863.0,33.21,-0.3613369467027949,10.0,36.53,False,False,True,71.50939740360396
855,688616.SH,西力科技,0.3436482084690555,25.384615384615383,1.249107605863371,0.9934758260706734,0.8303016254920086,0.9640752879907672,179378265.0,11.19,11.28,11.07,11.16,1718059.0,19165911.0,11.21,-0.4460303300624524,20.0,13.45,False,False,True,71.48614609571788
856,003028.SZ,振邦智能,0.2513623978201634,30.971659919028326,1.3364356059036175,1.2744545142636186,0.695607932304414,0.7174138515948046,70693645.0,23.42,23.52,23.1,23.23,646360.0,15035236.0,23.45,-0.9381663113006367,10.0,25.8,False,False,True,71.48420848672737
857,601515.SH,衢州东峰,0.17083333333333325,38.305084745762706,1.7241846228661604,0.753939655648819,0.6214194921592371,0.6983718575271153,1924470671.0,3.36,3.36,3.31,3.34,10132920.0,33798379.0,3.36,-0.5952380952380931,10.0,3.7,False,False,True,71.46677000581283
858,300406.SZ,九强生物,0.3078602620087337,15.976900866217525,1.2601639159942013,1.2595219749617512,1.1969343889350412,0.5181196090569733,424283173.0,11.71,11.78,11.65,11.72,2768800.0,32400904.0,11.8,-0.6779661016949157,20.0,14.16,False,False,True,71.45320674287929
859,600739.SH,辽宁成大,0.34482758620689685,15.81108829568787,1.202705595469396,1.0737672975329948,1.2634469612356916,0.5496346639980964,1522315928.0000002,10.78,10.82,10.72,10.78,8984400.0,96720497.0,10.8,-0.18518518518519933,10.0,11.88,False,False,True,71.43576826196472
860,603383.SH,顶点软件,0.19061085972850686,26.131850675139013,1.3757272865730026,1.9115055983634361,0.8100287828018349,0.667594872724166,205376359.0,28.43,28.45,27.9,28.03,2620831.0,73568674.0,28.55,-1.8213660245183894,10.0,31.41,False,False,True,71.38926564619261
861,301456.SZ,盘古智能,0.21006080707573233,36.73469387755102,1.117299166860259,1.548821418909288,0.680627936792846,1.1991573687311428,68551838.0,23.5,23.55,22.94,23.11,1273200.0,29529996.0,23.4,-1.239316239316235,20.0,28.08,False,False,True,71.30982367758186
862,000830.SZ,鲁西化工,0.15513833992094864,20.72310405643738,1.5683797926438132,1.8571489719666516,1.0110555098751985,0.737015068975415,1904178218.0,12.9,13.03,12.68,12.83,26063378.0,334675865.0,12.91,-0.6196746707978318,10.0,14.2,False,False,True,71.27688432474326
863,603908.SH,牧高笛,0.33124510571652316,30.28350515463918,1.0321066628758302,1.082150267761259,0.7837246938374767,1.2634480182783054,93126988.0,19.85,19.86,19.41,19.71,1273270.0,24990921.0,19.75,-0.20253164556961467,10.0,21.73,False,False,True,71.25557062584771
864,601318.SH,中国平安,0.34448426921545194,25.78125,1.195074079318027,0.7195840452449841,1.0033374839461757,0.6833987958554987,10660065083.000002,54.73,55.58,54.6,55.28,52422242.0,2944585975.0,54.73,1.004933308971312,10.0,60.2,False,False,True,71.19550474714202
865,300002.SZ,神州泰岳,0.18020022246941036,32.65007320644217,1.136036718704102,1.8071203162221061,0.8364009743859748,1.0023518054571292,1851049053.0,8.42,8.43,8.21,8.26,33529353.0,277757871.0,8.45,-2.2485207100591653,20.0,10.14,False,False,True,71.191629529161
866,300350.SZ,华鹏飞,0.2053140096618357,24.0,1.3686292878182382,2.297143379636731,0.7487585999468755,0.8501466371219715,461829061.0,4.63,4.63,4.53,4.54,9019100.0,41180169.0,4.6,-1.304347826086949,20.0,5.52,False,False,True,71.17031583026545
867,600261.SH,阳光照明,0.33884297520661155,18.181818181818187,1.3540457647498028,1.012905404833199,1.0326537301866574,0.47653509110133224,1335052966.0,3.28,3.29,3.25,3.26,6444100.0,21068626.0,3.27,-0.3058103975535187,10.0,3.6,False,False,True,71.16256539430343
868,300869.SZ,康泰医学,0.16871921182265998,22.745490981963922,1.5503723442507922,1.4232850950990448,1.1140813006054926,0.7374590895289375,263734916.0,11.28,11.32,11.06,11.13,2768200.0,30859988.0,11.35,-1.9383259911894157,20.0,13.62,False,False,True,71.13543886843635
869,603345.SH,安井食品,0.19328128696475042,25.48755884330869,0.9184893320002298,2.0698936554606315,1.1730398143966994,1.0559792604652107,293294232.0,76.48,76.48,74.19,74.35,6410722.0,479751745.0,76.52,-2.8358599059069567,10.0,84.17,False,False,True,71.12962604146483
870,600867.SH,通化东宝,0.29487179487179493,23.18435754189945,1.2991721562550629,1.380355254411437,0.855472726318537,0.3192422139249356,1958542829.0,8.07,8.08,7.99,8.01,8630665.0,69210789.0,8.08,-0.8663366336633671,10.0,8.89,False,False,True,71.12381321449331
871,603180.SH,金牌家居,0.25933014354066986,23.39312406576981,1.2667839996053043,0.9784262174185212,1.3800953626712156,0.5541954994403668,154257140.0,15.98,16.09,15.83,16.01,836443.0,13345543.0,16.09,-0.49720323182099735,10.0,17.7,False,False,True,71.10443712458826
872,605500.SH,森林包装,0.25771604938271603,29.32203389830508,1.410991984139566,0.9959440878378318,0.8206193727336217,0.6091928403723762,414400000.0,7.58,7.58,7.49,7.57,2514256.0,18937900.0,7.57,0.0,10.0,8.33,False,False,True,71.04049602790157
873,001279.SZ,强邦新材,0.18071654373024235,28.205128205128194,1.0049953519771453,2.0978992499999998,0.9984053539559785,1.047400155179044,40000000.0,26.02,26.12,25.62,25.73,878936.0,22701290.0,26.05,-1.2284069097888706,10.0,28.66,False,False,True,70.99980623910095
874,600576.SH,祥源文旅,0.20235294117647049,25.96153846153846,1.2137792753641934,1.7690948199777825,1.0021707903426775,1.6924885709824382,660390083.0,6.01,6.03,5.8,5.93,19773220.0,116261254.0,6.06,-2.1452145214521434,10.0,6.67,False,False,True,70.99883743460569
875,300771.SZ,智莱科技,0.21904761904761902,28.036437246963565,1.08864742747768,1.9970140462095571,0.8541754589957743,0.6397150856523016,189077273.0,11.7,11.72,11.53,11.58,2415500.0,28044441.0,11.72,-1.1945392491467643,20.0,14.06,False,False,True,70.98624297616742
876,600732.SH,爱旭股份,0.07094133697135055,34.23005565862711,2.0514444340390243,1.1825752401803067,0.6681840048112289,0.5195607606791599,2105253328.0,10.96,11.05,10.82,11.0,12935091.0,141194384.0,10.99,0.09099181073703999,10.0,12.09,False,False,True,70.9843053671769
877,688013.SH,天臣医疗,0.07204155374887085,28.706774040739003,1.7660950206816928,1.4891322348673357,0.9323674680483699,0.5641141825226381,81155600.0,24.3,24.3,23.8,23.85,681740.0,16359506.0,24.3,-1.851851851851849,20.0,29.16,False,False,True,70.97655493121489
878,600809.SH,山西汾酒,0.22739117845767787,31.22465531224654,1.692792487380504,0.558707347894661,0.8194637849623883,0.7747960607126164,1219964222.0,121.92,122.02,118.7,119.02,5281033.0,632054143.0,122.2,-2.6022913256955826,10.0,134.42,False,False,True,70.93780275140476
879,300512.SZ,中亚股份,0.23327615780445973,26.15131578947367,1.4068998318243708,1.1737861287332034,0.9629000620411019,0.6803293572592999,326330671.0,7.48,7.54,7.35,7.39,2605950.0,19287794.0,7.44,-0.6720430107526987,20.0,8.93,False,False,True,70.91842666149971
880,600731.SH,湖南海利,0.3564356435643564,22.266401590457253,1.1935784402472944,1.298967108353002,0.8501618638538495,1.409068498293697,541682665.0,6.06,6.14,6.04,6.08,9914600.0,60315228.0,6.11,-0.49099836333879043,10.0,6.72,False,False,True,70.91067622553769
881,000422.SZ,湖北宜化,0.1092327698309493,27.18286655683688,1.486554764828798,2.413654819234599,0.7993549408088456,1.5506654865931226,1067285912.0,12.86,13.18,12.8,13.08,39946070.0,518887069.0,12.98,0.7704160246533087,10.0,14.28,False,False,True,70.89905057159466
882,603816.SH,顾家家居,0.159153005464481,28.957528957528964,1.7427735434110994,0.8984602627013104,0.9883617967749037,0.7985939900610893,815880346.0,22.96,23.74,22.77,23.51,5853982.0,136283620.0,23.05,1.9956616052060783,10.0,25.36,False,False,True,70.88742491765161
883,002382.SZ,蓝帆医疗,0.278772378516624,25.4,1.4955432751177078,1.3455058965898266,0.6873933608303924,0.5617506563561,997792227.0,6.09,6.09,5.98,6.01,7541701.0,45388956.0,6.09,-1.3136288998357948,10.0,6.7,False,False,True,70.85061034683201
884,600438.SH,通威股份,0.08835341365461842,33.13953488372092,1.8221612618887932,1.0615392375711832,0.8917228622448243,0.647611922179275,4501990940.0,11.87,12.11,11.67,11.71,30949633.0,366332942.0,11.86,-1.2647554806070715,10.0,13.05,False,False,True,70.82542142995543
885,601965.SH,中国汽研,0.30760749724366043,39.70988213961923,1.0090599025770908,0.6199317204036771,0.746492121888108,0.721471485808605,998405727.0,13.79,13.87,13.59,13.67,4465500.0,61062281.0,13.82,-1.085383502170767,10.0,15.2,False,False,True,70.81960860298392
886,603136.SH,天目湖,0.29182156133828996,20.59186189889026,1.1586765163210262,1.4384490152787879,1.0938015934521126,1.6691480285719065,270126710.0,9.64,9.79,9.49,9.79,6485700.0,62800117.0,9.68,1.1363636363636243,10.0,10.65,False,False,True,70.80798294904088
887,603300.SH,海南华铁,0.10243902439024388,28.23529411764707,1.4980449170246226,2.0237788146187285,0.8917418873003836,0.8288063883975647,1999188217.0,4.87,4.87,4.76,4.8,33532800.0,161110287.0,4.88,-1.6393442622950838,10.0,5.37,False,False,True,70.7973260995931
888,002590.SZ,万安科技,0.17444717444717442,32.70588235294116,1.276517781571331,1.3847071108594877,0.9481236652244847,0.531101318774884,494350592.00000006,9.93,9.96,9.78,9.82,3635552.0,35852539.0,9.92,-1.0080645161290258,10.0,10.91,False,False,True,70.78666925014532
889,603080.SH,新疆火炬,0.3254132231404961,22.4147891392259,1.0098135700509665,1.4047148763250836,1.0134717909496496,0.5101949565057667,141500000.0,20.5,20.5,20.21,20.36,1014100.0,20641547.0,20.46,-0.488758553274693,10.0,22.51,False,False,True,70.74985467932571
890,688211.SH,中科微至,0.2586844050258684,37.28560775540642,1.4392393856368357,0.4730055401490839,0.72131651942574,0.6622489321882058,131092862.0,30.45,30.92,30.3,30.69,410645.0,12585366.0,30.32,1.2203166226912865,20.0,36.38,False,False,True,70.74985467932571
891,603066.SH,音飞储存,0.24189526184538626,33.293269230769226,0.9390781034644757,1.372063663292159,0.9008978986016717,5.206551215645251,294180074.0,9.26,10.22,9.22,9.75,21015400.0,205960322.0,9.29,4.9515608180839665,10.0,10.22,True,False,True,70.7479170703352
892,601588.SH,北辰实业,0.31168831168831174,20.382165605095537,1.4124283801204902,1.3136005488721745,0.8624765697331566,0.8207076294287583,2660000000.0,1.8,1.81,1.76,1.78,28676981.0,51033823.0,1.81,-1.6574585635359185,10.0,1.99,False,False,True,70.72272815345863
893,002414.SZ,高德红外,0.21604139715394566,23.860811930405966,1.2975789054421836,1.8148705450315545,0.9661396789840866,0.7320675339900978,3398612431.0,12.55,12.64,12.43,12.59,45154230.0,566312827.0,12.56,0.23885350318471055,10.0,13.82,False,False,True,70.67622553768649
894,001238.SZ,浙江正特,0.1373165618448636,35.442477876106196,1.6288293575535906,0.38457452767648354,1.1388851441476484,0.8349607820908994,145422996.0,25.17,25.3,24.65,24.74,466960.0,11614051.0,25.22,-1.9032513877874746,10.0,27.74,False,False,True,70.65878705677193
895,601601.SH,中国太保,0.3292181069958849,28.57142857142858,1.1843192302311052,0.6561819631814004,0.9983662917067159,0.5931028599890381,6845041455.0,33.55,33.77,33.27,33.43,26639765.0,890819330.0,33.56,-0.3873659117997641,10.0,36.92,False,False,True,70.63747335787639
896,688522.SH,纳睿雷达,0.040914560770156407,30.25495750708216,1.5001944981783626,2.156631550417377,0.8902235277054249,1.0759191556480026,172184486.0,18.38,18.5,17.99,18.01,3995302.0,72569042.0,18.33,-1.7457719585379006,20.0,22.0,False,False,True,70.5793450881612
897,603170.SH,宝立食品,0.35879218472468904,28.450704225352098,1.117096431733982,0.6750181495462569,0.966302866549762,0.6354485087644156,400010000.0,12.66,12.74,12.46,12.55,1715800.0,21806351.0,12.67,-0.9471191791633693,10.0,13.94,False,False,True,70.53284247238906
898,601702.SH,华峰铝业,0.14418272662384019,29.537105069801605,1.8056272600009244,1.0044067452714975,0.9531338216097078,0.7370597736212866,998530600.0,15.68,15.92,15.63,15.8,7392200.0,116683022.0,15.63,1.0876519513755678,10.0,17.19,False,False,True,70.52121681844604
899,600231.SH,凌钢股份,0.24561403508771934,25.82781456953642,1.7111470464752017,0.5462380386863449,0.9929999562894036,1.256308091269505,2836383381.0,1.79,1.82,1.76,1.8,19464490.0,34924951.0,1.79,0.5586592178770999,10.0,1.97,False,False,True,70.51152877349351
900,600196.SH,复星医药,0.19807186678352337,24.743777452415806,1.332928284450181,1.3502655271263895,1.336251417902055,0.41692307233542647,2118488825.0,22.6,22.65,22.4,22.44,11926178.0,268035989.0,22.75,-1.3626373626373534,10.0,25.03,False,False,True,70.50377833753149
901,601136.SH,首创证券,0.20298769771529004,22.85927029039465,1.5965229308915019,0.7770348520916055,2.051242859291056,0.8431628555193244,2733333800.0,15.46,15.46,15.18,15.27,17907899.0,273708427.0,15.49,-1.420271142672691,10.0,17.04,False,False,True,70.48052702964543
902,301155.SZ,海力风电,0.009732360097323612,39.96212121212119,1.365622296664838,2.283676093389235,0.6477297350110583,0.7030132065851459,124537946.0,37.57,37.68,36.73,36.87,1999400.0,74172903.0,37.6,-1.9414893617021423,20.0,45.12,False,False,True,70.4785894206549
903,603806.SH,福斯特,0.22159887798036465,36.45283018867924,1.623288690792796,0.8865609220656749,0.536644292101853,0.7818386465952241,2608745702.0,14.5,14.73,14.44,14.66,18082458.0,265058063.0,14.45,1.453287197231834,10.0,15.9,False,False,True,70.47277659368339
904,600963.SH,岳阳林纸,0.17866666666666664,24.315068493150683,1.4153962917382379,1.733291103422737,1.0339971853705454,0.9829568928314341,1757567854.0,3.62,3.63,3.54,3.56,29944570.0,107223015.0,3.59,-0.835654596100277,10.0,3.95,False,False,True,70.4378996318543
905,300298.SZ,三诺生物,0.3272962483829237,25.953627524308164,1.2428140003973387,1.0131163774771301,0.9280241376088243,0.7623002265304311,448001059.0,15.86,15.86,15.55,15.55,3459907.0,54106498.0,15.9,-2.2012578616352196,20.0,19.08,False,False,True,70.42239875993025
906,000886.SZ,海南高速,0.2170900692840646,24.55696202531645,1.3506432619698816,1.5106062197296992,1.031946487852246,1.0764751698652757,977836898.0,4.89,4.95,4.83,4.91,15900900.0,77802941.0,4.89,0.4089979550102374,10.0,5.38,False,False,True,70.40883549699672
907,002252.SZ,上海莱士,0.3235294117647058,27.751196172248815,1.1341575142767097,0.705035946370489,1.1339367078201508,0.6441758639183122,6588232260.0,5.03,5.06,4.98,4.99,29921700.0,149870057.0,5.06,-1.383399209486158,10.0,5.57,False,False,True,70.3022670025189
908,002001.SZ,新 和 成,0.2561048243001785,22.60536398467432,1.5708964964041963,1.1394933495442496,0.9519759269442539,0.5276137460850501,3036852928.0,26.61,27.05,26.56,26.98,18257935.0,491231299.0,26.65,1.2382739212007499,10.0,29.32,False,False,True,70.28482852160434
909,301199.SZ,迈赫股份,0.13732651570489404,37.02337023370232,1.571997912879221,0.937118909258124,0.9163160730320263,0.7001011891957638,179675875.0,18.11,18.16,17.71,17.77,1178814.0,21073239.0,18.14,-2.0396912899669273,20.0,21.77,False,False,True,70.25963960472777
910,002159.SZ,三特索道,0.2519167579408542,19.751037344398338,1.2443015423757842,2.32935954703499,0.8885920722805277,0.918700705716604,138486813.0,14.35,14.35,14.07,14.16,2963596.0,41996200.0,14.35,-1.324041811846688,10.0,15.79,False,False,True,70.21894981592715
911,002099.SZ,海翔药业,0.13981042654028433,22.176591375770016,2.212291936848662,1.2253449994759593,0.9369924266757572,1.7207202903443735,1616843253.0,5.6,5.77,5.46,5.47,34090752.0,190541968.0,5.46,0.1831501831501825,10.0,6.01,False,False,True,70.21507459794614
912,600071.SH,凤凰光学,0.24679760888129806,34.76702508960574,1.4317148286337416,0.890012816493786,0.7393657762519323,0.8175835082205469,281573889.0,16.89,17.1,16.84,16.91,2048900.0,34725213.0,16.84,0.4156769596199483,10.0,18.52,False,False,True,70.20926177097462
913,301090.SZ,华润材料,0.3223880597014925,19.738988580750405,1.4095578963861286,0.7699150507096365,1.2535067407522194,0.6381122641619393,1470933296.0,7.19,7.28,7.08,7.09,7226578.0,51710325.0,7.21,-1.664355062413314,20.0,8.65,False,False,True,70.2053865529936
914,002791.SZ,坚朗五金,0.18452803406671395,27.450980392156854,1.5973899076947267,1.7117573085282562,0.7596529366225914,0.7913128317617084,212331087.0,15.32,15.33,15.03,15.1,2876100.0,43540647.0,15.35,-1.6286644951140072,10.0,16.89,False,False,True,70.19085448556481
915,000785.SZ,居然智家,0.2500000000000001,24.870466321243544,1.4992557604818422,0.8946539251160629,1.0844150276614613,0.9188349300520161,6176865685.000001,2.38,2.39,2.33,2.36,50776262.0,119853654.0,2.39,-1.2552301255230214,10.0,2.63,False,False,True,70.18794807207905
916,002722.SZ,物产金轮,0.3948339483394834,20.940550133096725,0.9977647210395009,1.3634465583072872,0.9565294073290448,0.7301273633869102,222357010.0,13.39,13.64,13.36,13.38,2213541.0,29810739.0,13.41,-0.22371364653243075,10.0,14.75,False,False,True,70.18213524510753
917,688466.SH,金科环境,0.2785654712260217,32.29259589652096,1.4142358193088826,0.8811205205697743,0.7508145375428091,0.8072958983682721,122154152.0,14.6,14.6,14.23,14.35,868913.0,12500586.0,14.55,-1.3745704467354014,20.0,17.46,False,False,True,70.17632241813602
918,000008.SZ,神州高铁,0.2587412587412588,31.79723502304148,1.0562899416823057,1.2497912488914016,0.9468511047503095,0.7596313597070647,2716296952.0,2.54,2.54,2.49,2.5,25787997.0,64696110.0,2.54,-1.5748031496062964,10.0,2.79,False,False,True,70.15694632823097
919,300374.SZ,中铁装配,0.17537313432835827,39.99999999999999,1.2695910990193768,1.1512925878251519,0.8414281913905464,0.8243495680201258,245883447.0,11.54,11.55,11.29,11.33,2333600.0,26521429.0,11.48,-1.3066202090592394,20.0,13.78,False,False,True,70.1375702383259
920,600527.SH,江南高纤,0.23809523809523814,24.242424242424242,1.4236786157644887,2.3868231897523193,0.572323848508654,0.7738487736852669,1731760902.0,2.32,2.33,2.29,2.31,31986320.0,73787861.0,2.33,-0.8583690987124526,10.0,2.56,False,False,True,70.10172447200154
921,603025.SH,大豪科技,0.15174672489082958,26.202321724709776,1.6620941027383171,1.0945606675820017,1.2487479879190027,0.40824957217073815,1109174773.0,13.45,13.47,13.25,13.27,4956391.0,66128822.0,13.45,-1.3382899628252787,10.0,14.8,False,False,True,70.08331718659174
922,301100.SZ,风光股份,0.21212121212121193,32.96460176991152,1.346769264003409,1.3533519109177545,0.8086061007649441,0.5911948444211931,88727000.0,16.13,16.13,15.76,15.85,709900.0,11297094.0,16.08,-1.4303482587064598,20.0,19.3,False,False,True,70.08137957760124
923,002019.SZ,亿帆医药,0.1305841924398625,21.83020948180816,1.6930821552500077,1.7308232015208214,1.107136796646999,0.4288701535126794,842518305.0,9.85,9.86,9.68,9.72,6254000.0,60986545.0,9.83,-1.1190233977619424,10.0,10.81,False,False,True,70.06394109668669
924,600285.SH,羚锐制药,0.11612903225806437,24.473684210526315,1.2814687074817335,2.1295030716544057,1.6099379242567566,0.37320224361022025,566490486.0,19.51,19.56,19.41,19.43,4502100.0,87644008.0,19.54,-0.5629477993858711,10.0,21.49,False,False,True,70.01937608990507
925,300329.SZ,海伦钢琴,0.27593360995850624,37.66909469302811,1.2588853351121243,0.9602890898524671,0.688771213169642,0.5578874173031955,252140431.0,12.27,12.36,12.08,12.09,1350800.0,16463008.0,12.27,-1.4669926650366705,20.0,14.72,False,False,True,69.97674869211393
926,003038.SZ,鑫铂股份,0.14790468364831558,36.411889596602975,1.1126376204553412,2.080119089054292,0.8168807322550639,0.862835619628862,162031348.0,11.22,11.28,11.07,11.1,2908140.0,32393236.0,11.22,-1.0695187165775444,10.0,12.34,False,False,True,69.96899825615192
927,002878.SZ,元隆雅图,0.21669477234401352,25.140186915887863,1.5415645679203727,2.225914878737461,0.5859069422363541,1.1249078000614818,235931322.0,13.29,13.29,12.9,13.07,5907600.0,76933738.0,13.27,-1.5071590052750494,10.0,14.6,False,False,True,69.93412129432281
928,002075.SZ,沙钢股份,0.16149068322981366,29.721362229102176,1.4873225892255537,1.343051290142998,1.0114517928965758,0.8607673020004891,2193821920.0,3.75,3.76,3.68,3.73,25361780.0,94290634.0,3.75,-0.5333333333333301,10.0,4.13,False,False,True,69.81980236388297
929,603081.SH,大丰实业,0.2923538230884559,26.913580246913572,1.4924738268923243,0.8526449363333454,0.8896066379384855,0.46016319707076714,422499149.00000006,10.02,10.09,9.92,9.95,1657700.0,16564121.0,10.05,-0.9950248756219082,10.0,11.06,False,False,True,69.81786475489247
930,301386.SZ,未来电器,0.23712255772646548,27.14932126696834,1.200083720156942,2.37689244444444,0.7201698079224621,0.8141349078011849,45000000.0,20.35,20.37,20.0,20.1,870800.0,17542353.0,20.35,-1.2285012285012331,20.0,24.42,False,False,True,69.78105018407285
931,600906.SH,财达证券,0.2870370370370371,30.161290322580637,0.9398128154482694,1.522868790949885,0.8753556708743578,0.7191227945500206,2124234950.0,6.5,6.52,6.45,6.48,23263127.0,150607804.0,6.53,-0.7656967840734996,10.0,7.18,False,False,True,69.77717496609185
932,301272.SZ,英华特,0.2639802631578947,32.97947629157818,1.0743587007395687,1.6179907471920127,0.7362164382657403,0.8904955913836549,39686323.0,34.67,34.86,34.23,34.42,556184.0,19166350.0,34.68,-0.7497116493656253,20.0,41.62,False,False,True,69.75973648517729
933,002226.SZ,江南化工,0.34154929577464815,29.146919431279628,1.2169310269888416,0.759040886045631,0.9424470659085294,0.563920728394358,2648918190.0,5.2,5.21,5.14,5.16,11338400.0,58599594.0,5.19,-0.5780346820809301,10.0,5.71,False,False,True,69.7267971323387
934,301170.SZ,锡南科技,0.3024026512013255,24.987093443469277,1.1317196519379042,2.146218035205754,0.7117301919720769,1.0765447816127354,38003725.0,23.12,23.18,22.84,23.0,878076.0,20178827.0,23.02,-0.08688097306689402,20.0,27.62,False,False,True,69.71517147839565
935,000411.SZ,英特集团,0.3623188405797102,26.024096385542173,1.30392715146052,0.7853965868161321,0.9367976405094541,0.5487940227522013,563735936.0,10.2,10.24,10.08,10.12,2429820.0,24679688.0,10.3,-1.7475728155339931,10.0,11.33,False,False,True,69.61635341987986
936,600658.SH,电子城,0.21751412429378528,24.64589235127481,1.7421278322063543,1.1180560213908415,0.9538866181069331,1.1615237275833357,1118585045.0,4.31,4.33,4.18,4.2,14526489.0,61346539.0,4.3,-2.3255813953488302,10.0,4.73,False,False,True,69.56597558612671
937,601089.SH,福元医药,0.07545887151597562,23.62565445026179,2.1419923894564343,1.0442912916666631,1.4752716065297407,0.3151694863553995,480000000.0,16.27,16.39,16.22,16.26,1579818.0,25730010.0,16.39,-0.7931665649786424,10.0,18.03,False,False,True,69.54466188723116
938,605338.SH,巴比食品,0.19269521410579357,25.318761384335176,1.6897370322104446,1.0393117219289836,1.1197055305217525,1.1911989359656372,239566662.0,19.35,19.54,18.73,19.01,2965900.0,56217833.0,19.53,-2.662570404505882,10.0,21.48,False,False,True,69.54078666925015
939,002339.SZ,积成电子,0.18392370572207092,29.935275080906145,1.2667399865418065,2.385805972462401,0.7561862024434765,0.643738630918523,478793604.0,7.5,7.54,7.44,7.47,7353482.0,55038524.0,7.53,-0.7968127490039945,10.0,8.28,False,False,True,69.53109862429761
940,300294.SZ,博雅生物,0.12510495382031908,22.140762463343112,1.8424994140630098,1.4510247718259988,1.2273795618638024,0.6869890926385168,504248738.0,15.01,15.1,14.74,14.76,5026544.0,74687934.0,15.13,-2.4454725710508995,20.0,18.16,False,False,True,69.52141057934509
941,301153.SZ,中科江南,0.22991249005568817,27.67336357744654,1.5845673151477275,1.2446436098773235,0.8492545868847192,0.9132466116869434,331752348.0,18.27,18.35,17.68,17.83,3770918.0,67478946.0,18.32,-2.6746724890829854,20.0,21.98,False,False,True,69.51172253439256
942,601696.SH,中银证券,0.24237288135593207,21.962196219621966,1.4495835481433381,1.388115336573069,1.068592680997289,0.633597059526514,2778000000.0,11.75,11.79,11.64,11.71,24432671.0,285593948.0,11.79,-0.6785411365563876,10.0,12.97,False,False,True,69.49622166246851
943,002813.SZ,路畅科技,0.30783699059561115,30.195177956371964,1.0664429923037595,1.2000089897532444,0.9268879332560237,0.6800510830685804,119892056.0,22.2,22.42,21.98,22.16,978400.0,21713766.0,22.33,-0.761307657859378,10.0,24.56,False,False,True,69.43615578376284
944,600866.SH,星湖科技,0.1810810810810812,21.57360406091371,1.6670267738082736,1.462513938899605,1.147484160877305,1.7623553080935117,1661472616.0,4.59,4.64,4.55,4.57,42823945.0,196788626.0,4.61,-0.8676789587852451,10.0,5.07,False,False,True,69.4245301298198
945,002088.SZ,鲁阳节能,0.18968133535660092,30.351906158357767,1.511473017692947,0.778748897257404,1.2726591209879095,0.4740512776782057,505964633.00000006,8.07,8.09,7.86,7.9,1867854.0,14838572.0,8.07,-2.106567534076831,10.0,8.88,False,False,True,69.41677969385778
946,002183.SZ,怡 亚 通,0.0785907859078591,37.97169811320753,1.8372968086847024,1.6617807217798506,0.4079558613193772,1.1647573374383704,2596994091.0,4.5,4.59,4.44,4.51,50266672.0,226426669.0,4.53,-0.44150110375277274,10.0,4.98,False,False,True,69.3935283859717
947,002666.SZ,德联集团,0.2595419847328245,20.65217391304348,1.028836740023221,2.306807682169782,1.0536572206438313,0.6657952451572312,500793826.0,4.34,4.35,4.29,4.33,7691500.0,33203920.0,4.36,-0.6880733944954143,10.0,4.8,False,False,True,69.38771555900018
948,603271.SH,永杰新材,0.2203966005665723,35.91846880437486,1.098373710727484,1.9717690839861686,0.6738435513279791,0.6492850986576321,94575996.0,40.77,40.99,40.55,40.64,1210800.0,49329844.0,40.92,-0.6842619745845546,10.0,45.01,False,False,True,69.29471032745592
949,300971.SZ,博亚精工,0.14703277236492468,27.866831072749697,1.4035563160814222,2.4775170133939683,0.8365395014935867,0.863588648428171,92252757.0,17.89,18.32,17.84,17.97,1973799.0,35577321.0,17.88,0.5033557046979942,20.0,21.46,False,False,True,69.27920945553188
950,601619.SH,嘉泽新能,0.07547169811320747,28.42639593908629,1.7535026459915009,1.8344272387899936,0.9384531927655949,0.5051612957067536,2533248859.0,4.16,4.21,4.14,4.18,23156215.0,96730375.0,4.18,0.0,10.0,4.6,False,False,True,69.27920945553188
951,603896.SH,寿仙谷,0.24444444444444458,26.70364500792395,1.483712027763211,0.9895658196620315,1.0566210014919504,0.8273717260966811,198243938.00000003,15.16,15.28,15.0,15.11,1623100.0,24584931.0,15.15,-0.26402640264027166,10.0,16.67,False,False,True,69.26177097461732
952,688036.SH,传音控股,0.09300114111829595,35.05549177190967,1.7414966692918177,1.151058734027736,0.9455818622941639,0.7687108039298955,1151184545.0,54.1,54.39,52.71,52.9,10186041.0,543719266.0,54.27,-2.524414962225918,20.0,65.12,False,False,True,69.25014532067428
953,300232.SZ,洲明科技,0.2120481927710843,31.90578158458244,1.3413102297964536,1.8542825631183302,0.7162757069925663,0.6593396007723119,888454758.0,5.54,5.57,5.47,5.49,10862400.0,59760495.0,5.55,-1.08108108108107,20.0,6.66,False,False,True,69.21333074985468
954,601099.SH,太平洋,0.20952380952380953,15.723270440251568,1.3601296577740274,2.1709406212610936,1.4110321197500602,0.5245019536104792,6816316370.0,3.55,3.56,3.52,3.53,77614845.0,274352375.0,3.56,-0.8426966292134908,10.0,3.92,False,False,True,69.15326487114899
955,002310.SZ,东方新能,0.16981132075471703,39.69849246231154,1.377116575295632,1.767544381261761,0.5029406416261197,0.6901687410166871,4399009452.0,2.35,2.37,2.32,2.34,53663687.0,125757869.0,2.35,-0.42553191489362874,10.0,2.59,False,False,True,69.14163921720598
956,600858.SH,银座股份,0.2512820512820512,23.598130841121478,1.354226491428774,1.5339262358585803,1.0314154865532026,1.6312404700707475,517548029.0,5.26,5.38,5.2,5.35,12950100.0,68931902.0,5.26,1.7110266159695797,10.0,5.79,False,False,True,69.12032551831041
957,600619.SH,海立股份,0.10936555891238675,35.46218487394959,1.24985281768353,2.296816794699514,0.8492680387236704,0.705773919862834,789174798.0,13.6,13.78,13.5,13.55,12792787.0,174361376.0,13.71,-1.1670313639679075,10.0,15.08,False,False,True,69.11257508234837
958,688626.SH,翔宇医疗,0.010838150289017367,35.87786259541985,1.885971318171255,1.20475315625,0.9141075263820054,0.8672098052451149,160000000.0,39.86,39.9,38.91,39.12,1671638.0,65761306.0,39.9,-1.9548872180451204,20.0,47.88,False,False,True,69.10094942840534
959,300513.SZ,恒实科技,0.30134357005758167,28.782894736842103,1.2090229278954674,1.6477667569576062,0.7308212905258116,0.6339605096100045,287155781.0,7.71,7.77,7.52,7.59,2999684.0,22744345.0,7.65,-0.7843137254902044,20.0,9.18,False,False,True,69.07382290253827
960,000058.SZ,深 赛 格,0.2225705329153605,26.700680272108855,1.655936405506567,0.817507788272144,1.129322527432678,0.9468815793577804,984739279.0,7.25,7.31,7.18,7.27,7622700.0,55245260.0,7.3,-0.4109589041095929,10.0,8.03,False,False,True,68.98856810695602
961,600640.SH,国脉文化,0.2615606936416184,21.047120418848152,1.5659895108726012,1.052371201847749,1.2117446105381184,0.7891541359971387,791551340.0,11.28,11.3,11.03,11.06,6573700.0,73128507.0,11.36,-2.640845070422526,10.0,12.5,False,False,True,68.97112962604146
962,301022.SZ,海泰科,0.15441722345953973,34.81246698362388,1.31986226063219,2.0675663373843363,0.77370315417128,1.0220320654527963,66986286.0,22.82,23.01,22.41,22.52,1415500.0,32078897.0,23.09,-2.46860112602858,20.0,27.71,False,False,True,68.93819027320286
963,301498.SZ,乖宝宠物,0.061178369652945916,25.075778451364016,1.699498718242993,2.4142419738398915,0.9681653919368983,0.8168319688968069,189546952.0,39.83,39.84,38.72,38.82,3651300.0,143556476.0,40.08,-3.143712574850299,20.0,48.1,False,False,True,68.92462701026933
964,600057.SH,厦门象屿,0.32275132275132273,26.02996254681649,1.389017878834625,0.8574745948044001,0.9943125620830823,1.2046285197178923,2092510164.0,6.57,6.58,6.43,6.5,21614340.0,140438621.0,6.56,-0.9146341463414531,10.0,7.22,False,False,True,68.91687657430731
965,002073.SZ,软控股份,0.21839080459770122,25.458248472505083,1.1874380058876877,1.9142631073403669,1.116000188567167,0.44903486596529213,1014137353.0,5.87,5.89,5.81,5.84,8716700.0,50948832.0,5.86,-0.34129692832765013,10.0,6.45,False,False,True,68.86068591358264
966,300036.SZ,超图软件,0.03888888888888891,24.457593688362913,1.8525190842263108,2.309947841160263,0.9606868316363011,0.6091980599960363,445052653.0,10.6,10.6,10.41,10.45,6262851.0,65664463.0,10.63,-1.6933207902163794,20.0,12.76,False,False,True,68.8529354776206
967,688779.SH,五矿新能,0.17298187808896207,38.980509745127435,1.3788607965961253,1.2882405275768645,0.8238737510699952,0.5208038176905827,1929219984.0,7.69,7.78,7.66,7.73,12943534.0,99943522.0,7.7,0.3896103896103842,20.0,9.24,False,False,True,68.83549699670607
968,600523.SH,贵航股份,0.29090909090909084,22.450980392156872,1.3098439833366222,1.2211488671721404,1.2323766527168436,0.7300178356798437,404044620.0,12.15,12.31,12.09,12.19,3601898.0,43972076.0,12.12,0.5775577557755707,10.0,13.33,False,False,True,68.75605502809533
969,300177.SZ,中海达,0.161189358372457,33.086876155268016,1.45783590375408,1.5283443367187182,0.8983706612181189,1.4849993439740263,606303251.0,6.43,6.6,6.39,6.49,13760600.0,89023960.0,6.44,0.7763975155279379,20.0,7.73,False,False,True,68.74830459213331
970,301236.SZ,软通动力,0.15356220007382787,29.519315836036576,1.3801281084885257,2.447557946357741,0.8226579704063331,0.7757536832109927,867957357.0,36.86,37.0,35.91,36.26,15483424.0,562792849.0,37.0,-2.0000000000000018,20.0,44.4,False,False,True,68.70373958535168
971,688586.SH,江航装备,0.2075471698113207,35.610766045548644,1.6199229534157162,0.8072804942815136,0.8527928472119786,1.0797567779349542,791339155.9999999,11.35,11.79,11.35,11.58,6897839.0,80154393.0,11.42,1.4010507880910739,20.0,13.7,False,False,True,68.70180197636118
972,301162.SZ,国能日新,0.10862982588947759,35.011918951132294,1.6649439913569757,1.6691632103653467,0.7731251122738757,0.6294575535808653,121218016.0,36.08,36.5,35.52,35.95,1273255.0,45686567.0,36.43,-1.3175953884161373,20.0,43.72,False,False,True,68.68823871342764
973,002320.SZ,海峡股份,0.112214498510427,20.361247947454842,1.6929522922782478,1.7551495736078429,2.2993405641912905,2.4562954531076544,2236834324.0,7.22,7.6,7.14,7.5,96433639.0,716601168.0,7.22,3.878116343490312,10.0,7.94,False,False,True,68.66498740554155
974,605333.SH,沪光股份,0.0926544240400668,26.370083816892343,1.9370896911803812,1.0205391683068175,1.765168177269963,0.5770529939719123,464040406.0,17.73,17.83,17.17,17.19,2732758.0,47486954.0,17.73,-3.0456852791878153,10.0,19.5,False,False,True,68.66304979655105
975,000090.SZ,天健集团,0.3829787234042552,24.745762711864394,1.383185454575493,0.9130249779281532,0.8878368527031055,1.1064505684188661,1868459934.0,3.67,3.67,3.55,3.57,18875500.0,67716290.0,3.67,-2.7247956403269824,10.0,4.04,False,False,True,68.64948653361752
976,000786.SZ,北新建材,0.019032513877874857,29.125615763546797,1.7306571226521068,1.4546027925450689,1.4275804068828355,0.5390421707733962,1689507842.0,16.48,16.49,16.31,16.37,13247300.0,216639849.0,16.48,-0.6674757281553312,10.0,18.13,False,False,True,68.6456113156365
977,002210.SZ,飞马国际,0.10948905109489061,24.13793103448276,1.8446919479833723,2.1667051869711766,0.8998813902093592,0.7933033393799455,2656759025.0000005,2.33,2.34,2.28,2.3,45665821.0,105091630.0,2.33,-1.2875536480686844,10.0,2.56,False,False,True,68.64076729316025
978,601008.SH,连云港,0.25384615384615383,21.649484536082465,1.3313392223383942,1.3087026934107915,1.7671228612647087,3.8743205871942332,1240638006.0,4.54,4.86,4.52,4.8,62904488.0,299800794.0,4.54,5.726872246696035,10.0,4.99,False,False,True,68.61654718077891
979,601969.SH,海南矿业,0.3022900763358778,28.181818181818173,1.5773187277015899,0.882470185390524,0.8234324146070273,0.9967131823931897,1972476616.0,9.67,9.91,9.61,9.88,17349306.0,170007412.0,9.68,2.066115702479343,10.0,10.65,False,False,True,68.58554543693083
980,002597.SZ,金禾实业,0.3586337760910814,23.235613463626482,1.5317332178395495,1.0896054861972666,0.8050992308949619,2.931092988849559,565976294.0,22.1,22.91,21.87,22.48,18075783.0,408002488.0,22.2,1.2612612612612706,10.0,24.42,False,False,True,68.4770393334625
981,300960.SZ,通业科技,0.2051282051282051,31.811377245508975,1.3406102838820717,1.2860690199225664,1.052842335139709,0.7101711681094319,131579400.0,16.69,16.84,16.48,16.61,1201753.0,20273215.0,16.72,-0.6578947368421018,20.0,20.06,False,False,True,68.45378802557644
982,603059.SH,倍加洁,0.21637971149371812,23.72960372960373,1.6611473183924734,1.305897935961336,1.0468934557063048,1.9625578660689953,100448700.0,27.33,27.33,25.21,25.27,2574400.0,66350676.0,26.1,-3.1800766283525017,10.0,28.71,False,False,True,68.42859910869987
983,600335.SH,国机汽车,0.29069767441860467,21.75824175824177,1.2746652281438653,1.1980531769252731,1.6428303834471736,0.5833005628333202,1487456892.0,5.29,5.35,5.28,5.29,10394722.0,55169115.0,5.3,-0.18867924528301883,10.0,5.83,False,False,True,68.41697345475683
984,300597.SZ,吉大通信,0.3094017094017095,31.679999999999996,1.2240600389397869,1.4335502548868653,0.7163984983161265,1.2019506695090147,271552238.0,8.05,8.27,8.0,8.05,4678999.0,37910594.0,8.06,-0.1240694789081842,20.0,9.67,False,False,True,68.4072854098043
985,300824.SZ,北鼎股份,0.23824451410658298,23.21167883211679,1.571071525959377,1.308861711400141,1.061777957445737,1.9185829821033176,318968151.0,8.3,8.53,8.03,8.1,8009800.0,65314390.0,8.37,-3.2258064516129004,20.0,10.04,False,False,True,68.39372214687077
986,000915.SZ,华特达因,0.3157398680490105,15.217391304347828,1.362932596753009,1.4759438484563148,1.286007688829426,2.350440575265337,234122860.0,26.3,26.94,26.3,26.44,8121999.0,216782422.0,26.35,0.34155597722960174,10.0,28.99,False,False,True,68.35690757605116
987,300682.SZ,朗新科技,0.01586206896551727,32.747252747252766,1.8506247654521026,1.7019800459781322,0.8990664187218992,0.793311031425916,1033933617.0,9.32,9.33,9.1,9.15,13960167.0,128175488.0,9.33,-1.9292604501607635,20.0,11.2,False,False,True,68.34334431311761
988,002249.SZ,大洋电机,0.03288490284005976,35.07692307692307,1.486687863418202,2.015216397358912,0.9456882038893837,0.7703855446469642,1871589101.0,6.73,6.84,6.71,6.76,28945727.0,195885748.0,6.72,0.5952380952380931,10.0,7.39,False,False,True,68.33171865917458
989,600807.SH,济高发展,0.30337078651685373,25.675675675675656,1.3221545625858182,1.7147090269270706,0.7920511931482256,0.7771326108505674,787525589.0,2.78,2.78,2.72,2.74,10490135.0,28857531.0,2.76,-0.7246376811594013,10.0,3.04,False,False,True,68.32590583220306
990,002908.SZ,德生科技,0.2359550561797754,25.901639344262307,1.2099749856731363,1.8180988633305366,1.0735186030700579,0.7467359816731423,325248116.0,7.34,7.38,7.18,7.22,4415698.0,31972713.0,7.36,-1.9021739130434812,10.0,8.1,False,False,True,68.32396822321256
991,000801.SZ,四川九洲,0.2588383838383839,28.301886792452823,1.4006024829485957,1.3596141767324623,0.8985132461268839,0.6166932550461168,1015939973.0,12.63,12.76,12.52,12.53,8518300.0,107490193.0,12.65,-0.9486166007905195,10.0,13.92,False,False,True,68.28715365239294
992,300896.SZ,爱美客,0.09347520225114311,35.649327028010205,1.4609132909789704,1.5054079885562157,1.043629690121857,0.7588293219739368,221012302.00000003,92.57,92.58,90.38,90.83,2524729.0,230076338.0,93.1,-2.4382384532760426,20.0,111.72,False,False,True,68.28134082542142
993,600128.SH,苏豪弘业,0.29597197898423816,23.77622377622377,1.3344742615282716,1.6063279402676565,0.9242757744278502,0.8568659722167737,246767500.0,8.84,8.84,8.7,8.76,3396527.0,29763414.0,8.84,-0.9049773755656076,10.0,9.72,False,False,True,68.24646386359234
994,002037.SZ,保利联合,0.24592833876221507,35.387323943661976,1.1409000010028236,1.2557410143579815,0.9466559054441571,0.5873616622575318,483883566.0,7.13,7.21,7.1,7.17,3569000.0,25534664.0,7.19,-0.2781641168289384,10.0,7.91,False,False,True,68.21352451075373
995,002933.SZ,新兴装备,0.2911978821972205,29.604130808950103,1.2763080018047175,1.286458543102652,0.8914259767296835,0.8993903696005656,116894276.0,27.57,27.88,27.36,27.48,1352500.0,37282284.0,27.64,-0.5788712011577379,10.0,30.4,False,False,True,68.2057740747917
996,002576.SZ,通达动力,0.3074027603513173,32.44120032441198,1.2991027765421297,1.528904361591642,0.5724858828219335,0.6497794769402448,162027571.0,14.75,14.85,14.6,14.66,1609664.0,23682488.0,14.78,-0.8119079837618393,10.0,16.26,False,False,True,68.15345863204806
997,003029.SZ,吉大正元,0.1795527156549521,26.928281461434377,1.2918304289478033,1.9552304363249426,1.1843218628719276,0.7854181103525055,175583038.00000003,17.42,17.8,17.35,17.48,2696382.0,47268430.0,17.59,-0.6253553155201819,10.0,19.35,False,False,True,68.14764580507655
998,002985.SZ,北摩高科,0.2367628067154541,32.5699745547074,1.366791927553422,1.3759088404354394,0.8489694370378973,1.3139521277372963,331021941.0,29.0,29.67,28.92,29.02,5984474.0,175161688.0,29.08,-0.20632737276478075,10.0,31.99,False,False,True,68.1050184072854
999,001286.SZ,陕西能源,0.20762711864406755,27.5377969762419,1.3962200541182552,1.7359028333333275,0.9922878182759999,1.1274482817154607,1350000000.0,9.53,9.69,9.44,9.68,26421399.0,253602843.0,9.53,1.5739769150052485,10.0,10.48,False,False,True,68.08951753536137
1000,300957.SZ,贝泰妮,0.1826530612244899,18.21573948439621,1.8233686289901043,1.7482447592067942,1.1218365995779762,0.8775577792527047,423600000.0,32.81,32.92,31.97,32.18,6498811.0,210040526.0,33.06,-2.661826981246229,20.0,39.67,False,False,True,68.07595427242782
1001,002732.SZ,燕塘乳业,0.34804539722572503,23.896752706078274,1.4519546305227042,0.9969845141667525,0.9448056163782674,1.2237133057236824,157062585.0,14.8,14.82,14.55,14.59,1916200.0,28121948.0,14.77,-1.2186865267433955,10.0,16.25,False,False,True,68.07401666343733
1002,600592.SH,龙溪股份,0.1518270715388574,31.280388978930308,1.5791382635975548,1.7903605847136774,0.8576036083504697,1.2667342951103318,399553571.0,15.29,15.75,15.17,15.55,9061520.0,140866036.0,15.29,1.7004578155657368,10.0,16.82,False,False,True,68.07014144545631
1003,605077.SH,华康股份,0.28349944629014384,25.677031093279833,1.4987592797813616,1.47428839104061,0.8087717184904575,7.699765008460385,299429678.0,13.1,13.78,12.8,13.78,33990280.0,457738082.0,12.53,9.976057462090981,10.0,13.78,True,False,True,68.0643286184848
1004,688326.SH,经纬恒润-W,0.019855595667870003,32.750562575731344,2.0880703748712803,1.3384684398192348,0.9152204042590142,1.3658619254994626,111623521.0,60.79,61.0,58.9,59.11,2040660.0,121965984.0,59.86,-1.2529234881389906,20.0,71.83,False,False,True,68.06239100949428
1005,301229.SZ,纽泰格,0.11624999999999996,32.761904761904745,1.1930492403909132,2.264226706611081,1.0946151878626333,0.7528555891575546,129280641.0,12.34,12.42,12.12,12.13,2203764.0,26973267.0,12.36,-1.8608414239482118,20.0,14.83,False,False,True,68.0023251307886
1006,300370.SZ,安控科技,0.23030303030303034,23.809523809523814,1.8442220961687368,1.3329409640042045,0.8803415657929186,0.7422326086374856,1561476109.0,2.26,2.26,2.22,2.23,15448499.0,34541852.0,2.27,-1.7621145374449365,20.0,2.72,False,False,True,67.99457469482658
1007,601828.SH,美凯龙,0.2436974789915967,15.346534653465337,1.6236840040708072,1.408833775501373,1.601035342782886,1.2967443156780063,3612402239.0,2.31,2.32,2.28,2.3,65994875.0,151825608.0,2.31,-0.43290043290044045,10.0,2.54,False,False,True,67.98876186785508
1008,000753.SZ,漳州发展,0.13456090651558078,24.40758293838863,1.6795073959248472,2.04755932753455,1.0315374321707724,1.7868398343471272,991481071.0,5.13,5.29,5.07,5.22,36274927.0,188149602.0,5.17,0.9671179883945724,10.0,5.69,False,False,True,67.98488664987404
1009,603368.SH,柳药集团,0.2678260869565219,19.31659693165968,1.3492174526482525,1.4846957862017776,1.6107733357587606,0.45657561253575263,397211355.0,15.81,15.9,15.75,15.87,2692600.0,42647068.0,15.88,-0.06297229219144329,10.0,17.47,False,False,True,67.9674481689595
1010,603915.SH,国茂股份,0.16884661117717004,36.33333333333333,1.9452013961210166,0.8430304574638097,0.7754101270117287,0.7494022611917982,656632480.0000001,13.42,13.46,13.21,13.25,4148400.0,55176616.0,13.42,-1.266766020864385,10.0,14.76,False,False,True,67.96357295097849
1011,603312.SH,西典新能,0.11353211009174326,31.11566018423746,1.5897217591361268,2.0738215222066154,0.8740289999499244,1.1434236581570163,50919500.0,33.26,34.07,33.03,33.23,1207432.0,40586489.0,33.27,-0.12022843402466066,10.0,36.6,False,False,True,67.95000968804494
1012,300092.SZ,科新机电,0.16990291262135923,34.25468904244815,1.1772970855127693,2.136603106519887,0.9201964698069328,0.6982394388106806,209858756.0,11.89,11.91,11.67,11.7,3130800.0,36730090.0,11.88,-1.515151515151525,20.0,14.26,False,False,True,67.88606859135825
1013,000555.SZ,神州信息,0.12381646030589954,30.92672413793105,1.8548004849129023,1.8360618467777086,0.7596136545186718,0.5624750105823567,974916887.0,10.97,11.07,10.7,10.79,10068346.0,108696354.0,10.98,-1.730418943533707,10.0,12.08,False,False,True,67.88219337337725
1014,002368.SZ,太极股份,0.07142857142857142,35.9594383775351,1.741705386971449,1.508531078295866,0.8905817632702497,0.8516273717200811,621573946.0,13.89,14.0,13.63,13.66,7985400.0,109689436.0,13.99,-2.358827734095781,10.0,15.39,False,False,True,67.8647548924627
1015,600155.SH,华创云信,0.3607142857142859,23.091603053435115,1.1617867679485925,1.2924858841748659,1.0868074609449636,0.8130033416207758,2183188774.0,6.17,6.18,6.08,6.1,23180329.0,141937462.0,6.19,-1.4539579967689953,10.0,6.81,False,False,True,67.82018988568107
1016,601616.SH,广电电气,0.21329639889196675,31.493506493506484,1.1803787754449897,2.214234701331449,0.8390245815962842,0.5530461604450804,853675319.0,3.84,3.88,3.81,3.88,10453886.0,40196187.0,3.85,0.7792207792207684,10.0,4.24,False,False,True,67.81243944971904
1017,688339.SH,亿华通-U,0.13918525703200774,38.605551969012254,1.7416112826655152,1.3761988601507489,0.7027942671466868,1.5328073747668376,195787119.0,18.4,19.11,18.1,18.11,4130027.0,76653669.0,18.36,-1.3616557734204782,20.0,22.03,False,False,True,67.7988761867855
1018,600486.SH,扬农化工,0.261075161772026,23.145277949989662,1.5459766413369562,1.385892564252823,1.002902002139371,1.2282543738995404,404111938.0,58.88,59.38,57.8,58.42,6878909.0,402997974.0,58.88,-0.78125,10.0,64.77,False,False,True,67.79500096880449
1019,688281.SH,华秦科技,0.22077922077922077,29.02387142519498,1.7997863525906754,0.8707228213117787,0.9747586586653981,1.2003620823993577,381598945.0,50.66,52.84,50.28,51.7,3988406.0,207072143.0,50.81,1.751623696122806,20.0,60.97,False,False,True,67.78918814183298
1020,688269.SH,凯立新材,0.029433406916850653,35.62616822429907,1.9048672813706957,1.2072109881870434,0.9924918991866636,0.8400010381063292,130704000.0,27.45,28.29,27.45,27.7,1325415.0,36981498.0,27.55,0.5444646098003547,20.0,33.06,False,False,True,67.77562487889944
1021,000957.SZ,中通客车,0.379652605459057,21.064552661381654,1.1878248765734116,1.8411739216384584,0.860019738145384,1.7112241744071013,592903936.0,10.35,10.68,10.34,10.53,18680395.0,197016425.0,10.36,1.640926640926632,10.0,11.4,False,False,True,67.76787444293741
1022,000155.SZ,川能动力,0.24341412012644895,30.210325047801124,1.2741383554273142,1.9212716410018422,0.8081430498442475,0.5899147956083834,1846168342.0,12.14,12.16,12.01,12.11,20924224.0,252974977.0,12.16,-0.4111842105263164,10.0,13.38,False,False,True,67.76593683394691
1023,002799.SZ,环球印务,0.31543624161073824,25.573192239858898,1.13246767195625,1.6369352584929509,0.9787108513144871,0.8383602602350737,320035800.0,7.06,7.14,6.98,7.04,4391984.0,30870203.0,7.08,-0.5649717514124353,10.0,7.79,False,False,True,67.74462313505134
1024,605155.SH,西大门,0.34426229508196726,35.96412556053812,1.1666190785573332,1.056750922427043,0.7240757953213393,1.251202729526738,187428372.00000003,14.66,15.12,14.62,14.76,2478196.0,36789001.0,14.72,0.27173913043476716,10.0,16.19,False,False,True,67.70199573726023
1025,301032.SZ,新柴股份,0.3103975535168195,29.845422116527942,1.1697455119207711,1.8212338274006836,0.7249383416309679,1.2688160336611534,163861801.0,10.49,10.65,10.38,10.41,3786536.0,39740812.0,10.44,-0.2873563218390718,20.0,12.53,False,False,True,67.70005812826972
1026,002307.SZ,北新路桥,0.12538226299694194,36.690647482014384,1.414479333563357,1.384699767154537,1.0647486778823745,1.293817097795258,1629123037.0,3.19,3.21,3.14,3.16,29186525.0,92555447.0,3.19,-0.940438871473348,10.0,3.51,False,False,True,67.69812051927923
1027,688317.SH,之江生物,0.1678622668579627,31.215846994535525,1.5397589672139604,1.408650711591644,1.0318507921962041,0.4456373838228416,189843712.0,16.9,16.91,16.54,16.62,1191739.0,19883805.0,16.98,-2.1201413427561766,20.0,20.38,False,False,True,67.6651811664406
1028,300573.SZ,兴齐眼药,0.09536194191590792,24.95049504950495,1.6944124866754873,2.4120788098349015,1.0035562415755876,0.5770298855911883,271997626.0,37.29,37.29,36.66,36.81,3785776.0,139647971.0,37.3,-1.313672922251996,20.0,44.76,False,False,True,67.628366595621
1029,600990.SH,四创电子,0.15771230502599654,35.39473684210526,1.5435582332405744,1.386441590102493,0.9035939851718873,0.7629951535831035,269012696.0,18.89,19.28,18.75,18.95,2845746.0,54151420.0,18.84,0.5838641188959715,10.0,20.72,False,False,True,67.62061615965898
1030,002692.SZ,远程股份,0.27948717948717944,33.63363363363363,1.3624880961174224,1.4902500471278068,0.6494182835322004,1.9166598051392907,717861675.0,4.42,4.59,4.4,4.47,20504300.0,92347766.0,4.42,1.1312217194570096,10.0,4.86,False,False,True,67.61480333268746
1031,002961.SZ,瑞达期货,0.1609929078014184,23.601789709172284,1.8898704298386622,1.6135003485397967,1.02241684104348,0.5636694764689911,476931183.0,20.1,20.28,19.97,20.17,4337598.0,87353310.0,20.15,0.09925558312655625,10.0,22.17,False,False,True,67.57023832590583
1032,688297.SH,中无人机,0.2540560471976401,26.0,1.4315183832992604,1.282941318518514,1.0967642123599306,1.4550203901245955,675000000.0,44.3,45.04,43.74,44.72,12600264.0,559958695.0,44.89,-0.378703497438182,20.0,53.87,False,False,True,67.54892462701027
1033,600211.SH,西藏药业,0.16056338028169023,20.2962962962963,1.7525676302206672,1.6802969283901978,1.5415104094769003,0.3879079038387858,322319196.0,37.24,37.24,36.78,36.9,2100878.0,79931305.0,37.17,-0.7263922518159882,10.0,40.89,False,False,True,67.5256733191242
1034,002419.SZ,天虹股份,0.3933649289099527,20.43795620437956,1.3880391851534517,1.1950506222182302,0.9726863711892846,1.2797109712075223,1141239697.0,4.9,4.99,4.83,4.92,17453200.0,85989279.0,4.94,-0.4048582995951455,10.0,5.43,False,False,True,67.51598527417167
1035,605183.SH,确成股份,0.31799591002045,24.46256486286138,1.5736030744481717,0.597771638249538,1.2028894342109147,1.249191683453252,412429445.0,16.64,16.64,16.08,16.28,3079740.0,50174275.0,16.6,-1.927710843373498,10.0,18.26,False,False,True,67.50823483820965
1036,000905.SZ,厦门港务,0.18458197611292068,26.702269692923906,1.5341772236858398,1.6402499311085248,1.0779460468261097,1.8903952451458665,741808097.0,9.18,9.5,9.03,9.43,23001397.0,214489581.0,9.19,2.611534276387384,10.0,10.11,False,False,True,67.4888587483046
1037,300493.SZ,润欣科技,0.08386187455954906,34.323144104803504,1.7934882635470308,2.012602997678509,0.7366585574125295,0.7086341167889604,506611297.0,12.48,12.67,12.37,12.41,7225286.0,90214816.0,12.64,-1.8196202531645556,20.0,15.17,False,False,True,67.4888587483046
1038,688188.SH,柏楚电子,0.23782084861183858,38.88135593220339,1.6074879542588132,0.6067853270258701,0.8016636346059844,0.6568140368836949,405557343.0,97.58,98.97,96.0,96.18,1616329.0,156290781.0,97.58,-1.4347202295552308,20.0,117.1,False,False,True,67.46754504940903
1039,603000.SH,人民网,0.20681265206812657,28.23779193205944,1.5338323955508177,1.5333641126965882,0.9727648173652224,1.4217295237871892,1105691056.0,17.41,17.43,16.94,17.0,24104386.0,411160100.0,17.53,-3.02338847689676,10.0,19.28,False,False,True,67.46560744041852
1040,002737.SZ,葵花药业,0.1970954356846472,28.860294117647058,1.5153543508435459,1.1357298754928755,1.3355152804693966,0.5732351920963934,583990700.0,11.81,11.81,11.65,11.7,3802015.0,44532179.0,11.83,-1.098901098901106,10.0,13.01,False,False,True,67.463669831428
1041,300310.SZ,宜通世纪,0.1938202247191011,26.77165354330708,1.5664842962121728,2.4871355382846043,0.7289262622211042,0.7943460497641581,806591852.0000001,4.5,4.52,4.38,4.4,15935402.0,70560330.0,4.5,-2.2222222222222143,20.0,5.4,False,False,True,67.4617322224375
1042,600558.SH,大西洋,0.21900826446280966,27.06422018348622,1.242819980511835,1.8140767337291615,1.1703142455427933,0.602453796604268,897604831.0,4.88,4.92,4.85,4.91,9809900.0,47970667.0,4.89,0.4089979550102374,10.0,5.38,False,False,True,67.455919395466
1043,301011.SZ,华立科技,0.15320334261838436,21.633888048411485,2.020066408612962,1.6179070848107164,1.0493633858961375,1.1312949084446378,146696876.0,15.84,16.06,15.55,15.63,2685037.0,42090685.0,15.97,-2.128991859737006,20.0,19.16,False,False,True,67.45204417748498
1044,600217.SH,中再资环,0.32584269662921356,23.465703971119133,1.6083533490616682,0.8223604225681889,1.0346009196351256,2.455052272565845,1657653673.0000002,3.33,3.49,3.33,3.4,33466997.0,114539581.0,3.35,1.4925373134328401,10.0,3.69,False,False,True,67.43073047858941
1045,002912.SZ,中新赛克,0.16883821932681864,35.757575757575744,1.2586217904619206,1.7733272459864982,0.9651636731716776,0.6837064884256642,162222836.0,19.65,19.65,19.21,19.43,1966847.0,38185828.0,19.61,-0.9178990311065727,10.0,21.57,False,False,True,67.39585351676031
1046,300847.SZ,中船汉光,0.2122302158273381,37.440000000000005,1.001079694672495,1.2806934900847884,1.2123627730148618,1.0232251769779472,296010000.0,14.21,14.48,14.15,14.35,3879027.0,55657317.0,14.27,0.5606166783461708,20.0,17.12,False,False,True,67.37260220887426
1047,002356.SZ,鹏飞绿能,0.19999999999999996,38.33333333333333,1.6095587942353773,1.3386594721575307,0.6468190363010764,0.7384095708797549,1311247021.0,2.91,2.92,2.86,2.9,12961401.0,37529876.0,2.9,0.0,10.0,3.19,False,False,True,67.34353807401666
1048,000031.SZ,大悦城,0.16425120772946875,20.197044334975377,2.2351467377309815,1.071430287942094,1.436170259075485,1.1496341446855207,4286304701.0,2.36,2.37,2.26,2.28,52796680.0,121231971.0,2.37,-3.797468354430389,10.0,2.61,False,False,True,67.31834915714009
1049,002004.SZ,华邦健康,0.36898395721925153,21.134020618556715,1.0767569719840782,1.5078735310381846,1.1863878381438357,0.886734885382732,1885347429.0,4.56,4.65,4.51,4.59,25208680.0,115793497.0,4.57,0.4376367614879584,10.0,5.03,False,False,True,67.291222631273
1050,301061.SZ,匠心家居,0.09309038426844662,23.61370716510902,1.9883712703932601,1.5361401367941434,1.4198837893141676,0.7510078755588787,188839656.0,37.26,37.46,35.9,36.22,2178555.0,79262646.0,37.26,-2.791196994095546,20.0,44.71,False,False,True,67.2524704514629
1051,603103.SH,横店影视,0.12936046511627902,32.01856148491879,2.111557472236824,1.0027412567013505,0.9488892483212473,1.3538000816604114,634200000.0,16.4,16.67,15.88,16.55,8609336.0,140486675.0,16.49,0.3638568829593902,10.0,18.14,False,False,True,67.23309436155785
1052,600066.SH,宇通客车,0.22098421541318475,32.39054629988378,1.699372246319204,0.8415535804435178,0.9619955950515442,0.6940831682937046,2213939223.0,27.91,27.97,27.55,27.87,12931800.0,359454578.0,27.91,-0.14331780723754184,10.0,30.7,False,False,True,67.14977717496608
1053,300532.SZ,今天国际,0.3433583959899749,25.9567387687188,1.2113124661724664,1.3914959208726012,0.9722603886324709,0.5220007702496421,604581510.0,7.4,7.43,7.27,7.34,4391450.0,32135458.0,7.38,-0.5420054200542035,20.0,8.86,False,False,True,67.09358651424142
1054,300428.SZ,立中集团,0.38529411764705884,26.780279975654288,1.373489975596784,1.125975669986367,0.8276995961377454,0.7875711180574754,603229584.0,20.35,20.69,20.3,20.37,5349355.0,109511640.0,20.36,0.049115913556008195,20.0,24.43,False,False,True,67.03352063553575
1055,300791.SZ,仙乐健康,0.2421948912015138,24.02597402597404,1.5376984451207232,1.1018916098163158,1.6788134695462174,0.9884191147082978,257499743.00000003,17.85,18.39,17.63,18.36,2803853.0,50606655.0,17.96,2.2271714922048824,20.0,21.55,False,False,True,66.96182910288704
1056,000159.SZ,国际实业,0.29429429429429416,24.897959183673457,1.4496668227492138,2.08051006996208,0.7034068083554155,0.8397400716638459,480668493.0,5.85,5.89,5.77,5.87,8397700.0,48993201.0,5.88,-0.170068027210879,10.0,6.47,False,False,True,66.92888975004844
1057,301331.SZ,恩威医药,0.21502590673575128,34.7111817700053,1.1514863822251793,1.616440823870492,1.0167541438623564,0.640426715564274,102590978.0,22.26,22.4,21.81,22.03,1062034.0,23439824.0,22.19,-0.7210455159981977,20.0,26.63,False,False,True,66.92888975004843
1058,600977.SH,中国电影,0.12621359223300968,32.65306122448979,1.6490672961359933,1.7902972629887473,0.9142759128600466,0.663817760330466,1867000000.0,13.1,13.15,12.86,12.99,22188009.0,288076304.0,13.19,-1.5163002274450332,10.0,14.51,False,False,True,66.92307692307692
1059,600149.SH,廊坊发展,0.2982954545454547,25.845410628019327,1.4160017920120445,2.2629867292718804,0.5928788512706968,1.0085165526578852,380160000.0,5.16,5.27,5.16,5.21,8676238.0,45174967.0,5.19,0.3853564547205979,10.0,5.71,False,False,True,66.91726409610541
1060,002765.SZ,蓝黛科技,0.13124999999999995,37.97678275290215,1.2810330307815512,1.8472816517988564,1.0002641342394565,1.0236634387166872,595908390.0,7.28,7.48,7.24,7.26,11268596.0,82676662.0,7.29,-0.4115226337448541,10.0,8.02,False,False,True,66.89401278821933
1061,301131.SZ,聚赛龙,0.2550893228084753,30.666666666666664,1.2615610173835778,2.1379684068475,0.7541333157964436,0.825087093362723,39154877.0,33.87,33.88,33.2,33.33,690696.0,23135205.0,33.89,-1.652404839185606,20.0,40.67,False,False,True,66.84072854098042
1062,300213.SZ,佳讯飞鸿,0.18049490538573512,32.83302063789868,1.291854983864414,2.001474443475597,0.9560179771710655,0.8040622190034056,552590868.0,6.56,6.66,6.51,6.61,8892900.0,58565369.0,6.57,0.60882800608828,20.0,7.88,False,False,True,66.83007169153265
1063,301221.SZ,光庭信息,0.15185185185185174,31.754530477759467,1.4823222163623513,2.033964136607867,0.9236813726823265,1.003147907056603,89340795.99999999,27.54,27.54,26.44,27.02,1822880.0,48975001.0,27.56,-1.9593613933236553,20.0,33.07,False,False,True,66.80488277465608
1064,002044.SZ,美年健康,0.10195227765726678,35.05882352941177,1.5018942621885711,2.2898003754801017,0.8355784917151923,0.5183904114071952,3874227627.0,4.69,4.74,4.66,4.68,45987491.0,215821737.0,4.72,-0.8474576271186418,10.0,5.19,False,False,True,66.80100755667506
1065,301298.SZ,东利机械,0.3793565683646113,30.2734375,1.231696799536763,1.4214091500009018,0.7026786040621197,0.9125968435371372,108204492.0,13.06,13.07,12.8,12.8,1403600.0,18083981.0,13.07,-2.065799540933433,20.0,15.68,False,False,True,66.79906994768456
1066,001217.SZ,华尔泰,0.3007246376811593,34.226552984165636,1.2188842131600683,1.1251148115188285,0.9154792110346194,0.8542049074435752,328578747.0,10.7,10.77,10.61,10.64,3157900.0,33743108.0,10.7,-0.5607476635513864,10.0,11.77,False,False,True,66.79906994768456
1067,000655.SZ,金岭矿业,0.2456140350877192,23.731587561374788,1.5974228582642438,1.2980649569070726,1.1624241812538094,2.0798769353067312,595340230.0,7.38,7.86,7.38,7.81,16073087.0,123522738.0,7.51,3.9946737683089095,10.0,8.26,False,False,True,66.78163146677001
1068,301078.SZ,孩子王,0.19713261648745528,28.075709779179792,1.807112691727141,1.4827256122333206,0.8893822113370476,3.85629962421795,1260986021.0,8.0,8.19,7.47,7.51,72124406.0,550751941.0,7.44,0.9408602150537515,20.0,8.93,False,False,True,66.78163146677001
1069,000501.SZ,武商集团,0.27216494845360817,21.875,1.3861707930593536,1.3786925776818328,1.5808064307314043,1.588536286807644,768293891.0,7.69,7.78,7.56,7.76,16826429.0,129442444.0,7.72,0.5181347150259086,10.0,8.49,False,False,True,66.77000581282697
1070,002599.SZ,盛通股份,0.2269938650306749,32.644628099173566,1.3792653102376011,1.901559849302082,0.7630870446523222,1.0422748500966592,413371086.0,5.9,5.94,5.81,5.84,8192800.0,47910592.0,5.95,-1.8487394957983239,10.0,6.55,False,False,True,66.75644254989342
1071,002416.SZ,爱施德,0.2324723247232472,35.69739952718676,1.3171685310453003,1.5605218070192182,0.8091792502482749,0.7783948354091641,1223281973.0,9.68,9.72,9.47,9.52,14859232.0,141924471.0,9.72,-2.0576131687242927,10.0,10.69,False,False,True,66.75450494090293
1072,600675.SH,中华企业,0.2777777777777779,21.999999999999996,1.8190655971663663,0.687159050790352,1.3869867307646597,0.9971093844539063,6046135331.0,2.35,2.37,2.29,2.31,41426471.0,95878450.0,2.35,-1.7021276595744705,10.0,2.59,False,False,True,66.75256733191242
1073,600771.SH,广誉远,0.18742138364779878,28.75502008032129,1.4053024493826154,1.6850727539520434,1.1810026366901556,0.9032477472869093,489491141.0,13.9,14.2,13.85,14.04,7450242.0,104614517.0,13.94,0.7173601147776099,10.0,15.33,False,False,True,66.69831428017825
1074,300276.SZ,三丰智能,0.034257748776508966,39.17355371900826,1.6234832528580962,2.318837371689335,0.7144578627160301,0.7408190972148758,1140714370.0,6.26,6.28,6.13,6.14,18344127.0,113404016.0,6.26,-1.9169329073482455,20.0,7.51,False,False,True,66.6770005812827
1075,600223.SH,福瑞达,0.28197674418604646,23.553719008264483,1.5193882869567408,1.0191653043838527,1.4131909550737471,0.5616225928896159,1016568775.0,5.81,5.81,5.72,5.74,5818700.0,33444132.0,5.81,-1.2048192771084265,10.0,6.39,False,False,True,66.65374927339663
1076,300471.SZ,厚普股份,0.19751693002257334,26.233453670276763,1.6122313283751883,1.997162867717927,0.9071653014306374,0.5930143280034249,374763985.0,10.09,10.14,9.93,9.99,4438503.0,44346462.0,10.06,-0.6958250497017926,20.0,12.07,False,False,True,66.64987405541562
1077,603848.SH,好太太,0.08325624421831641,25.533661740558287,2.3819727308892213,0.9880148907431521,1.8792948808848553,0.43087790650331736,402406511.0,14.03,14.04,13.72,13.85,1713100.0,23674179.0,13.98,-0.9298998569384875,10.0,15.38,False,False,True,66.63631079248208
1078,300633.SZ,开立医疗,0.2055785123966942,24.476744186046528,1.6664736294303364,1.8570575821051392,0.9618005854218763,0.8165618545744577,260116315.0,21.08,21.27,20.43,20.45,3944410.0,81640566.0,21.18,-3.446647780925405,20.0,25.42,False,False,True,66.61499709358651
1079,000423.SZ,东阿阿胶,0.38478747203579405,31.263485974586438,1.055106205650188,0.9388497571896314,1.0230104567743838,0.5929782142348001,638700293.0,46.8,46.95,46.51,46.71,3555756.0,166050499.0,46.87,-0.34136974610624593,10.0,51.56,False,False,True,66.6072466576245
1080,000553.SZ,安道麦A,0.3916349809885933,22.799999999999997,1.6785201539357903,0.4438476207080174,1.035865981340892,1.6551417925299947,2177071961.0,6.02,6.19,5.96,6.08,15993440.0,97397011.0,6.03,0.8291873963515828,10.0,6.63,False,False,True,66.5452431699283
1081,300482.SZ,万孚生物,0.11523809523809517,39.10795087265675,1.3880306066208414,1.572719895862023,1.03336802199287,0.47312491968860904,429263727.0,16.65,16.65,16.28,16.35,3198700.0,52532961.0,16.68,-1.978417266187038,20.0,20.02,False,False,True,66.5413679519473
1082,600315.SH,上海家化,0.23306031273268804,22.396486825596007,1.5264084247772334,1.4071245952142417,1.5670054977390875,1.036942677933512,672225980.0,19.01,19.33,18.84,18.96,9808500.0,186690231.0,19.07,-0.576822233875196,10.0,20.98,False,False,True,66.53167990699477
1083,688213.SH,思特威-W,0.30884836203985144,24.375283961835525,1.7261646057252829,1.765873899780292,0.5704600412209716,0.6245154933087269,323509476.0,92.26,94.78,91.42,92.51,3567713.0,332678022.0,91.75,0.8283378746594128,20.0,110.1,False,False,True,66.52392947103274
1084,688489.SH,三未信安,0.20786182251340096,27.794117647058837,1.858089536176248,0.8248552760608447,1.2466525599550213,0.7622358749937143,168277447.0,23.88,24.0,23.12,23.21,1058018.0,24736811.0,23.89,-2.8463792381749675,20.0,28.67,False,False,True,66.51036620809921
1085,300510.SZ,金冠股份,0.23144104803493445,24.242424242424242,1.4371831627235392,2.2353187261599965,0.935477728476506,0.7663992690778103,824690700.0000001,3.49,3.5,3.45,3.47,14128161.0,49072903.0,3.5,-0.8571428571428563,20.0,4.2,False,False,True,66.49002131369889
1086,002683.SZ,广东宏大,0.18403015764222075,27.25806451612902,2.0478405247897293,1.3149544522132735,0.896560337392745,1.15739361352023,666725371.0,30.15,30.72,29.71,30.45,10147026.0,308808177.0,30.17,0.9280742459396585,10.0,33.19,False,False,True,66.4386746754505
1087,600075.SH,新疆天业,0.26241134751773043,31.794871794871792,1.3691268284293865,1.3864202241003205,0.8985526308024695,1.7397530082439585,1707797343.0,5.01,5.2,4.97,5.15,41192563.0,211134989.0,5.01,2.794411177644718,10.0,5.51,False,False,True,66.43092423948846
1088,300760.SZ,迈瑞医疗,0.3558379666401906,31.659338116176805,1.238359004324544,0.76164328653391,1.0342234612215002,1.2269652564593845,1210662145.0,169.35,169.47,163.11,165.2,11313757.0,1868054817.0,169.95,-2.7949396881435717,20.0,203.94,False,False,True,66.41348575857391
1089,300722.SZ,新余国科,0.1826877092300335,33.20875600640682,1.525227887608032,1.2321750876438335,1.0979833582704914,1.4002415864946158,276756480.0,22.88,23.23,22.3,22.9,4774998.0,109067960.0,22.55,1.552106430155198,20.0,27.06,False,False,True,66.40961054059291
1090,002646.SZ,天佑德酒,0.29928741092636574,22.549019607843146,1.352025774840372,1.417560431950373,1.270324898539513,1.0292136675534855,476001249.0,7.36,7.38,7.24,7.26,6944511.0,50668077.0,7.38,-1.6260162601625994,10.0,8.12,False,False,True,66.39023445068784
1091,002395.SZ,双象股份,0.2375634517766497,25.31760435571688,1.650793749802054,1.8806231334518924,0.8276440468048742,0.9577469312304787,268209000.0,13.38,13.43,13.06,13.17,4830876.0,63832137.0,13.36,-1.4221556886227504,10.0,14.7,False,False,True,66.38248401472583
1092,600153.SH,建发股份,0.29133858267716534,21.09375000000002,1.766938224845988,0.9025428025771366,1.2543936664030098,0.4534578540084514,2899538551.0,8.42,8.47,8.32,8.42,11866800.0,99872695.0,8.42,0.0,10.0,9.26,False,False,True,66.33210618097267
1093,002162.SZ,悦心健康,0.25867507886435326,30.487804878048784,1.3658343484046471,1.4051704713157305,0.9700201284684379,8.540173706427145,918321621.0,4.51,4.51,4.27,4.51,110202267.0,491451011.0,4.1,10.000000000000009,10.0,4.51,True,False,True,66.32241813602016
1094,600798.SH,宁波海运,0.2732558139534885,21.333333333333336,1.408816398847554,1.8599405993962326,1.071902978649418,2.9724404738704853,1206534201.0,3.48,3.63,3.46,3.59,66704000.0,236947725.0,3.47,3.458213256484144,10.0,3.82,False,False,True,66.3049796551056
1095,002205.SZ,国统股份,0.2517006802721088,35.95375722543353,1.2554642555245286,1.4206615050831923,0.8760815622252087,0.9650772334493042,185843228.00000003,11.19,11.35,11.1,11.23,2548000.0,28542483.0,11.24,-0.0889679715302516,10.0,12.36,False,False,True,66.28366595621003
1096,301600.SZ,慧翰股份,0.10173134328358206,32.9081632653061,1.7962068433179048,2.308766061658163,0.7474818003033994,1.2422840614721284,32258500.0,83.1,83.66,80.0,80.11,925220.0,75645680.0,83.0,-3.481927710843369,20.0,99.6,False,False,True,66.15384615384615
1097,603697.SH,有友食品,0.252016129032258,31.25720876585929,1.548171441069906,1.3026905047004125,0.8718921076807429,1.041492501033406,427692098.0,9.88,10.0,9.74,9.9,5802680.0,58955030.0,9.92,-0.20161290322580072,10.0,10.91,False,False,True,66.14609571788412
1098,605266.SH,健之佳,0.2870514820592823,26.85634975711313,1.31681683894528,1.3099041322680203,1.2008817537075152,0.5945965651832807,154542928.0,16.32,16.32,16.14,16.21,1203680.0,19534988.0,16.25,-0.2461538461538404,10.0,17.88,False,False,True,66.11896919201705
1099,600997.SH,开滦股份,0.3482758620689655,29.28416485900216,1.333258320295826,0.858374312191563,1.0630214623345677,1.0214464189727956,1587799851.0,5.58,5.76,5.56,5.68,13921565.0,78847519.0,5.62,1.0676156583629748,10.0,6.18,False,False,True,66.0976554931215
1100,000717.SZ,中南股份,0.37037037037037024,23.958333333333325,1.528735442157544,0.799550221434637,1.0785313812028072,0.9083758611582506,2423697090.0,2.33,2.34,2.29,2.33,17603121.0,40779914.0,2.32,0.4310344827586299,10.0,2.55,False,False,True,66.08215462119745
1101,002783.SZ,凯龙股份,0.33260393873085325,24.474474474474462,0.9763008116892387,2.0700905237010883,1.0364608442630712,0.9391748070163621,461116586.0,8.2,8.26,8.1,8.2,8964922.0,73439128.0,8.18,0.24449877750609694,10.0,9.0,False,False,True,66.07827940321644
1102,002383.SZ,合众思壮,0.17545748116254034,26.37540453074434,1.8501645871504553,1.5888851307337404,1.0141020968126255,6.450268844032377,740360304.9999999,7.68,8.36,7.54,7.86,75877575.0,592587977.0,7.81,0.6402048655569814,10.0,8.59,False,False,True,66.04534005037785
1103,002314.SZ,南山控股,0.26623376623376616,22.51308900523561,1.5267519801906466,1.9038856523685304,0.9440305438736825,0.9272993215040906,1338333414.0,2.31,2.32,2.26,2.28,23627900.0,54042518.0,2.32,-1.7241379310344862,10.0,2.55,False,False,True,65.95233481883356
1104,001205.SZ,盛航股份,0.38828967642526957,24.526748971193424,1.056025021348539,1.8744781077863446,0.9195577406437202,2.6911247153414304,166484329.0,14.66,15.3,14.58,15.27,8398226.0,126856235.0,14.67,4.089979550102241,10.0,16.14,False,False,True,65.94652199186204
1105,300275.SZ,梅安森,0.2355263157894738,29.84869325997248,1.4680622989315517,1.8670816036632603,0.8295602963197681,0.7321235468695652,271461453.0,9.01,9.11,8.99,9.05,3710700.0,33584083.0,9.06,-0.11037527593819041,20.0,10.87,False,False,True,65.88451850416585
1106,301185.SZ,鸥玛软件,0.38366080661840735,30.63707945597709,1.1872197811539444,1.3997422004241515,0.7956549660782279,0.6558996781112743,140470363.0,17.54,17.6,17.35,17.4,1289645.0,22501616.0,17.68,-1.5837104072398245,20.0,21.22,False,False,True,65.86514241426082
1107,603076.SH,乐惠国际,0.2129570237331623,31.097214326321776,1.6862241925357708,1.8862500404303657,0.6988110358366656,0.548976587750897,120701344.0,20.95,21.04,20.8,20.86,1249871.0,26122831.0,20.91,-0.2391200382592107,10.0,23.0,False,False,True,65.84382871536523
1108,603486.SH,科沃斯,0.07592086215216341,32.47791333613799,2.431004774154954,1.052267138786928,1.000420859343876,0.6181000451596189,574610784.0,52.36,52.45,51.02,51.42,3732926.0,192555096.0,52.26,-1.6073478760045834,10.0,57.49,False,False,True,65.83995349738423
1109,688681.SH,科汇股份,0.3475815523059617,34.86739469578781,1.142835219235605,1.4665365911913575,0.728953388785167,1.6593800806417436,104670000.0,15.85,15.91,15.45,15.7,2547188.0,39792181.0,15.91,-1.3199245757385292,20.0,19.09,False,False,True,65.83607827940321
1110,600178.SH,东安动力,0.32418524871355037,28.711656441717782,0.9864881566582913,1.4019593382822362,1.245333403155319,1.172742873829241,466476161.0,9.99,10.23,9.98,10.15,7669511.0,77616187.0,10.04,1.0956175298804993,10.0,11.04,False,False,True,65.82639023445068
1111,300525.SZ,博思软件,0.1157662624035281,37.361111111111114,1.3270604418180327,2.300307039448562,0.9546200456520513,0.9840350482765174,615394865.0,8.24,8.24,8.0,8.01,13929972.0,112504780.0,8.25,-2.9090909090909167,20.0,9.9,False,False,True,65.7915132726216
1112,003003.SZ,天元股份,0.38181818181818167,27.62430939226519,0.9827887954706258,2.376364296902367,0.7050211543287674,0.9779977379719336,118041388.0,11.36,11.4,11.19,11.29,2743375.0,31008020.0,11.36,-0.616197183098599,10.0,12.5,False,False,True,65.77213718271653
1113,600299.SH,安迪苏,0.14269275028768702,31.92612137203166,1.6593567122908297,1.2722204914830968,1.4034927719818278,1.1006674033597235,3079779257.0,8.76,9.07,8.76,8.95,43125891.0,384709036.0,8.82,1.473922902494329,10.0,9.7,False,False,True,65.7643867467545
1114,600241.SH,时代万恒,0.3752711496746203,31.686541737649065,1.51154354320822,1.199398312173185,0.5249986391117788,0.7070169405844648,294302115.0,7.61,7.64,7.56,7.61,2495667.0,18965590.0,7.6,0.13157894736843812,10.0,8.36,False,False,True,65.74307304785894
1115,603737.SH,三棵树,0.08035385182454848,29.318394024276362,2.0288728693458378,1.2629925934888586,1.475574011398514,0.8273578126202444,885380968.0,23.66,23.72,22.76,22.9,9251760.0,212625496.0,23.6,-2.9661016949152685,10.0,25.96,False,False,True,65.73726022088742
1116,002144.SZ,宏达高科,0.26467203682393564,28.19089900110989,1.2842629931077818,2.3243248738600437,0.8201906692250893,0.6886650200996388,137659201.0,11.31,11.35,11.19,11.24,2203485.0,24784537.0,11.31,-0.6189213085764811,10.0,12.44,False,False,True,65.72757217593491
1117,600503.SH,华丽家族,0.18095238095238095,28.042328042328045,1.6815463365785455,1.8920541194165803,0.9421711342720311,1.0838959552176899,1602290000.0,2.27,2.28,2.21,2.24,32859600.0,73418218.0,2.27,-1.3215859030836885,10.0,2.5,False,False,True,65.68688238713428
1118,000701.SZ,厦门信达,0.24324324324324323,29.216152019002383,1.3189378946575183,1.9272371214703992,0.9680852306655812,0.9772274798341056,667746631.0,5.28,5.35,5.2,5.32,12576000.0,66301530.0,5.29,0.5671077504725952,10.0,5.82,False,False,True,65.61519085448556
1119,603767.SH,中马传动,0.07746790615316512,35.85817888799354,1.8357082918596608,1.5922859623855579,0.9558497632401238,0.5185279792006019,308631500.0,14.12,14.2,13.91,13.95,2548200.0,35700826.0,14.16,-1.4830508474576343,10.0,15.58,False,False,True,65.60744041852354
1120,000860.SZ,顺鑫农业,0.25000000000000006,19.599578503688075,1.7928877307213664,1.4102399817094005,1.235978486422715,1.2288685818775906,741766989.0,11.24,11.32,11.06,11.12,12854819.0,143516505.0,11.24,-1.067615658362997,10.0,12.36,False,False,True,65.60162759155203
1121,600249.SH,两面针,0.36555891238670696,28.6697247706422,1.3664951806569665,1.3529257454545407,0.8014896904393237,1.3062668117134857,550000000.0,5.57,5.71,5.49,5.55,9720051.0,54024566.0,5.57,-0.35906642728905647,10.0,6.13,False,False,True,65.60162759155202
1122,301289.SZ,国缆检测,0.17982048901268965,33.195449844881075,1.4169584544848686,1.304310143495104,1.422458144975462,0.6020663161307178,77500900.0,44.57,44.9,44.2,44.49,608600.0,27153744.0,44.49,0.0,20.0,53.39,False,False,True,65.59968998256151
1123,001202.SZ,炬申股份,0.23051409618573795,26.126878130217012,1.3706270637817008,1.8723815248336655,1.1643442842196678,0.8321784753396645,116823955.0,14.75,14.8,14.52,14.7,1820299.0,26668603.0,14.76,-0.40650406504065817,10.0,16.24,False,False,True,65.59581476458051
1124,603613.SH,国联股份,0.1803778184034126,21.994134897360706,2.1278890900987077,1.5691060060993582,1.0371041792786422,0.9389260594600456,720537813.0,19.99,20.28,19.81,19.98,10615500.0,212387449.0,20.01,-0.14992503748126884,10.0,22.01,False,False,True,65.54156171284635
1125,002218.SZ,拓日新能,0.15885947046843174,39.14373088685015,1.5390339595596594,2.2340320898211536,0.5760521558403913,0.7169700405276176,1387677849.0,4.04,4.07,3.98,4.04,22226909.0,89473524.0,4.05,-0.24691358024691024,10.0,4.46,False,False,True,65.50280953303623
1126,603160.SH,汇顶科技,0.1487255629794605,37.36853402017599,1.9111144544076812,1.1587643409679347,0.8733686030505391,0.5040056359291968,465982755.00000006,52.77,52.85,51.6,51.68,2721450.0,141872897.0,52.6,-1.7490494296578007,10.0,57.86,False,False,True,65.41561712846348
1127,002362.SZ,汉王科技,0.18471810089020774,37.60932944606412,1.2803327561961413,1.7900702890749112,0.970786165928118,0.9954305688455976,207672672.0,16.19,16.19,15.71,15.78,3700500.0,58703337.0,16.21,-2.652683528686006,10.0,17.83,False,False,True,65.40011625653943
1128,300618.SZ,寒锐钴业,0.09650997150997155,39.65291421087098,1.3798629253054195,2.4493030479661835,0.8475056066890564,0.527943064086442,272496658.0,33.3,33.63,33.1,33.46,3523634.0,117788375.0,33.25,0.6315789473684275,20.0,39.9,False,False,True,65.34005037783376
1129,300024.SZ,机器人,0.02732240437158461,39.674681753889665,1.7595248045749945,1.887993229627364,0.8492910023196402,0.5491626211056249,1565174707.0,14.3,14.45,14.23,14.34,16227971.0,232096165.0,14.33,0.06978367062107083,20.0,17.2,False,False,True,65.22766905638441
1130,300768.SZ,迪普科技,0.12955465587044532,35.64885496183206,1.4097286301288743,1.756126283477678,1.191987388315386,0.5468791111773316,420667034.0,14.7,14.72,14.39,14.46,4040039.0,58646474.0,14.7,-1.632653061224476,20.0,17.64,False,False,True,65.22573144739393
1131,688608.SH,恒玄科技,0.0012112036336109826,39.25586136595314,2.1663323312188316,1.5791835557119123,0.7627959751226997,1.3232285416302725,236886047.0,98.0,98.56,93.04,93.1,4950020.0,470437004.0,98.26,-5.251373905963785,20.0,117.91,False,False,True,65.11722534392558
1132,300226.SZ,上海钢联,0.2175543885971492,22.16850828729282,1.6052755679521187,2.271084078771415,1.027641347516622,1.0308708005439613,367696869.0,17.28,17.28,16.84,16.89,8608498.0,146068625.0,17.38,-2.819332566167998,20.0,20.86,False,False,True,65.09978686301103
1133,300371.SZ,汇中股份,0.2812499999999999,26.9804822043628,1.4347680685401478,1.7940101601148137,0.9083772580931297,0.7069397839505731,139995662.0,10.51,10.55,10.33,10.4,1775505.0,18552700.0,10.51,-1.0466222645099887,20.0,12.61,False,False,True,65.07847316411548
1134,601801.SH,皖新传媒,0.37238493723849364,24.675324675324674,1.4650060955024908,0.7230943907760895,1.3827088715582598,0.9680180227412014,1957931237.0,5.47,5.5,5.33,5.38,13704900.0,73864301.0,5.51,-2.3593466424682408,10.0,6.06,False,False,True,65.06103468320093
1135,603208.SH,江山欧派,0.3014048531289911,31.71521035598708,1.5675925503162624,1.0509528159664998,0.8767593028934008,0.6253821698926528,175879347.00000003,11.65,11.67,11.4,11.45,1155962.0,13286163.0,11.63,-1.5477214101461856,10.0,12.79,False,False,True,65.03390815733385
1136,300514.SZ,友讯达,0.31257941550190604,31.7283950617284,1.3040816574732577,1.6210686402718815,0.81428581055667,0.6728021539110406,160258325.0,10.56,10.56,10.33,10.42,1747871.0,18219528.0,10.56,-1.3257575757575801,20.0,12.67,False,False,True,65.03003293935284
1137,002332.SZ,仙琚制药,0.39999999999999986,18.518518518518512,1.1491390353527948,1.6203840013499373,1.5237164891421873,0.5670424287243727,985714191.0,8.7,8.77,8.66,8.71,9057003.0,79785484.0,8.75,-0.45714285714284486,10.0,9.63,False,False,True,65.02228250339083
1138,300306.SZ,远方信息,0.31383737517831684,28.143712574850287,1.3470851633485033,1.6814127492236992,0.8983096666099596,0.8628825558858207,157651136.0,10.5,10.57,10.35,10.39,2287300.0,23879526.0,10.55,-1.516587677725123,20.0,12.66,False,False,True,64.98546793257121
1139,002488.SZ,金固股份,0.059113300492610744,33.986928104575156,1.7136062833226504,2.212053092122077,0.9682917516077362,0.4741669620014995,920083999.0,8.0,8.04,7.9,7.92,9650600.0,76753422.0,8.01,-1.1235955056179803,10.0,8.81,False,False,True,64.95446618872312
1140,688113.SH,联测科技,0.3118072289156626,38.20263705759888,1.5422140866913954,0.9704432275142545,0.6790962830954463,1.1962378893712895,64397559.0,34.84,35.15,34.39,34.68,747579.0,25991135.0,35.29,-1.7285349957494978,20.0,42.35,False,False,True,64.92733966285603
1141,600048.SH,保利发展,0.2225433526011562,22.39467849223946,1.6590197035290717,1.5967773237420726,1.4892574266410918,0.5883756240687648,11970443418.0,5.28,5.28,5.19,5.22,112462897.0,586902090.0,5.28,-1.1363636363636465,10.0,5.81,False,False,True,64.90215074597947
1142,002404.SZ,嘉欣丝绸,0.25187969924812037,27.137546468401496,1.4800081329157104,1.840968705265842,0.967416405257755,1.568264840503718,455787096.0,6.07,6.14,5.97,6.07,13159150.0,79625149.0,6.05,0.33057851239670644,10.0,6.66,False,False,True,64.87889943809338
1143,300463.SZ,迈克生物,0.24486571879936808,28.335451080050824,1.3953271137639116,1.6069624829010465,1.1595135562495353,0.4326306308233596,491598938.0,9.4,9.4,9.25,9.29,3417700.0,31774025.0,9.42,-1.3800424628450214,20.0,11.3,False,False,True,64.84014725828328
1144,603117.SH,万林物流,0.33916083916083933,29.75460122699389,1.4785413762327915,1.3064383093085792,0.8043749902704639,0.8780255883867104,599197742.0,4.23,4.24,4.16,4.19,6873315.0,28815356.0,4.23,-0.9456264775413725,10.0,4.65,False,False,True,64.82561519085448
1145,300653.SZ,正海生物,0.2635416666666668,23.03664921465969,1.568792715927308,1.4713749444444393,1.301922818373778,0.8924003772888315,180000000.0,15.9,15.9,15.43,15.61,2363500.0,36798908.0,15.9,-1.823899371069193,20.0,19.08,False,False,True,64.79945746948266
1146,600350.SH,山东高速,0.34896810506566595,35.98790322580645,1.169850073657351,0.28565870684084504,1.4244466197354593,0.9297862892546889,4834570825.0,9.98,10.03,9.91,9.96,12840695.0,127875437.0,10.02,-0.5988023952095634,10.0,11.02,False,False,True,64.76651811664406
1147,603658.SH,安图生物,0.3355426677713336,25.940383250532296,1.470689002311317,0.7366666682533385,1.7597211364896173,0.4507083722473366,571424768.0,32.25,32.39,31.87,32.06,1897255.0,60853270.0,32.23,-0.5274588892336118,10.0,35.45,False,False,True,64.68320093005231
1148,688029.SH,南微医学,0.3412042502951595,22.420091324200907,1.4407883764233105,1.2418455761399751,1.3197555868726807,0.3979899646553982,187847422.0,77.08,77.95,76.3,76.7,928421.0,71633246.0,77.26,-0.7248252653378251,20.0,92.71,False,False,True,64.62507266033714
1149,603518.SH,锦泓集团,0.3567961165048543,22.861356932153388,1.1981781990455596,1.835237272690741,1.1024563564126566,0.7943212004483596,344073984.0,8.25,8.28,8.17,8.28,5015800.0,41251121.0,8.25,0.363636363636366,10.0,9.08,False,False,True,64.58632048052702
1150,605089.SH,味知香,0.33481012658227843,34.31257344300822,1.4343143282552422,0.8805849999999958,0.8950056158466303,1.6932987482876378,138000000.0,22.31,22.65,21.66,22.2,2057709.0,45573472.0,22.31,-0.4930524428507388,10.0,24.54,False,False,True,64.57663243557451
1151,001387.SZ,雪祺电气,0.27363896848137537,39.320388349514545,1.0033123253351184,2.0683369501474056,0.7341724115167059,0.9158624188713278,116409541.0,12.08,12.27,12.08,12.2,2205160.0,26873008.0,12.21,-0.08190008190009923,10.0,13.43,False,False,True,64.56500678163147
1152,002749.SZ,国光股份,0.3574561403508769,22.696929238985298,1.4939166216434039,0.8682716954127506,1.74323427224393,1.3420263013048328,544316897.0,9.03,9.23,9.0,9.19,6342617.0,58008099.0,9.12,0.7675438596491224,10.0,10.03,False,False,True,64.56306917264097
1153,301330.SZ,熵基科技,0.163769123783032,39.79836773883822,1.3840603076070013,1.5071017723953066,1.044801219439077,0.8432491115427619,204668620.0,25.55,25.55,24.78,24.91,2586211.0,64758664.0,25.54,-2.4667188723570876,20.0,30.65,False,False,True,64.54950590970742
1154,600864.SH,哈投股份,0.25080385852090037,18.37944664031621,1.56896401635777,2.153967011413769,1.2288780469519585,0.4500079395083535,2080570520.0,5.71,5.73,5.65,5.7,20167017.0,114801653.0,5.73,-0.5235602094240899,10.0,6.3,False,False,True,64.51462894787832
1155,603444.SH,吉比特,0.25805947769586407,28.017462763225474,1.2344857191264462,2.4707900424786624,0.942700192487302,1.1501224715824045,72041101.0,392.17,392.31,376.7,377.44,2047200.0,802654398.0,392.13,-3.746206615153136,10.0,431.34,False,False,True,64.51462894787832
1156,301083.SZ,百胜智能,0.18903225806451612,34.417344173441734,1.6051370950528419,1.9868526857376296,0.7834867056071004,0.7914266340532307,86943917.0,13.95,14.08,13.86,13.97,1367148.0,19113285.0,14.0,-0.2142857142857113,20.0,16.8,False,False,True,64.5088161209068
1157,002016.SZ,世荣兆业,0.2981927710843373,29.61038961038962,1.4975464096137994,1.2899771716972954,0.9472858383559701,0.8384857820774897,809095632.0,4.84,4.87,4.73,4.76,8751401.0,41725220.0,4.84,-1.6528925619834767,10.0,5.32,False,False,True,64.49719046696376
1158,688060.SH,云涌科技,0.354824751189961,34.68248429867411,1.5165674625694419,0.6302724067401169,0.862422777849135,2.0184937720359692,60190728.0,36.66,39.87,36.52,37.18,765747.0,29166033.0,36.86,0.8681497558328921,20.0,44.23,False,False,True,64.46425111412516
1159,688098.SH,申联生物,0.19132149901380668,31.25810635538262,1.9135086236482348,0.9351993819464013,1.2157622755787656,0.3866980376725223,410644000.0,8.27,8.32,8.16,8.2,1485052.0,12193673.0,8.26,-0.7263922518159882,20.0,9.91,False,False,True,64.39255958147646
1160,688520.SH,神州细胞,0.10130828581013071,38.91547049441784,2.130633359519619,0.7586089760588975,1.1087499622579091,0.2791247590877541,445335714.0,34.26,34.4,33.95,34.02,942983.0,32200971.0,34.37,-1.0183299389001865,20.0,41.24,False,False,True,64.34993218368533
1161,600399.SH,抚顺特钢,0.22566371681415923,28.07486631016043,1.7715395409387273,1.7279662035393692,0.888326564939073,1.4330202067677378,1972100000.0,4.74,4.89,4.71,4.8,48833347.0,234123057.0,4.76,0.8403361344537785,10.0,5.24,False,False,True,64.30536717690372
1162,600775.SH,南京熊猫,0.16458852867830429,39.29912390488111,1.436957631779284,2.217436118493283,0.7644519255399853,0.6573722238647698,671838529.0,9.92,10.0,9.86,9.92,9793262.0,97207668.0,9.97,-0.5015045135406293,10.0,10.97,False,False,True,64.2724278240651
1163,300324.SZ,旋极信息,0.0783898305084746,32.398753894081,2.416372149024212,1.8255025048349132,0.7895829899362268,0.6717898785377003,1709983348.0,3.57,3.57,3.49,3.5,20970451.0,73726763.0,3.58,-2.2346368715083775,20.0,4.3,False,False,True,64.24336368920751
1164,002042.SZ,华孚时尚,0.30223880597014935,29.75460122699389,1.4175398915531827,1.8097265316347242,0.7997305162475231,0.8653122499476625,1700681355.0,4.04,4.11,4.01,4.06,26632305.0,107838299.0,4.07,-0.24570024570026439,10.0,4.48,False,False,True,64.2191435768262
1165,002221.SZ,东华能源,0.22549019607843143,25.396825396825395,1.8509207449060703,1.6015072559865635,1.0090920017758895,0.9315639319949867,1461003187.0,6.19,6.21,6.09,6.12,21796800.0,133735364.0,6.19,-1.1308562197092087,10.0,6.81,False,False,True,64.19298585545437
1166,600686.SH,金龙汽车,0.09564474807856525,33.3664349553128,1.8573180594499732,2.2091271545574744,0.8771608840301485,0.6055368542532134,717047417.0,11.1,11.25,11.04,11.17,9592000.0,106912008.0,11.19,-0.17873100983020196,10.0,12.31,False,False,True,64.10191823290059
1167,000572.SZ,海马汽车,0.0975056689342404,33.64485981308412,1.8336514660548304,2.2280936924564685,0.8803408619475983,1.3254509716436067,1642253066.9999998,4.05,4.13,3.98,4.09,48499493.0,197246599.0,4.07,0.49140049140048436,10.0,4.48,False,False,True,64.03603952722341
1168,002312.SZ,川发龙蟒,0.240650406504065,37.913486005089055,1.6220686005199099,1.2245736659429025,0.8135136175946651,6.094557838321241,1884636265.0,9.6,9.87,9.33,9.55,140654834.0,1349444701.0,9.34,2.248394004282672,10.0,10.27,False,False,True,63.977911257508225
1169,000419.SZ,通程控股,0.38671875,23.43387470997682,1.4120530087183398,1.3441721848170396,1.054778334758868,1.336515468703849,543582655.0,5.29,5.36,5.2,5.33,9765500.0,51727316.0,5.3,0.5660377358490676,10.0,5.83,False,False,True,63.93334625072661
1170,000407.SZ,胜利股份,0.3128834355828222,24.157303370786522,1.2078130402758174,2.1467019759474124,1.1268270989666995,0.9651109624248276,875782212.0,4.35,4.42,4.33,4.38,18144505.0,79334661.0,4.36,0.4587155963302614,10.0,4.8,False,False,True,63.85390428211587
1171,601600.SH,中国铝业,0.3007159904534607,33.15994798439532,1.6713004580236634,1.329249598683262,0.7038858955565114,1.4389048225823613,13203339905.0,9.78,10.05,9.73,10.03,252535484.0,2506284194.0,9.74,2.977412731006157,10.0,10.71,False,False,True,63.766711877543116
1172,300783.SZ,三只松鼠,0.26684881602914406,22.018348623853214,1.3788524495804118,2.4579923141802644,1.1041011068624573,0.8750355813426198,280282400.0,18.14,18.19,17.89,18.01,6028400.0,108556461.0,18.19,-0.9895547003848204,20.0,21.83,False,False,True,63.71827165278048
1173,688050.SH,爱博医疗,0.11378059836808711,27.618506954300326,2.046159198969285,1.7082363221426218,1.250115823148286,0.5534610167345936,193437735.0,40.45,40.45,39.26,39.28,1828842.0,72464348.0,40.25,-2.4099378881987543,20.0,48.3,False,False,True,63.710521216818435
1174,600880.SH,博瑞传播,0.24418604651162792,29.74504249291785,1.8708821910648292,1.4962391134352664,0.8196595562675093,8.671925962183138,1093030175.0,4.78,5.02,4.42,4.7,141823669.0,658090802.0,4.58,2.6200873362445476,10.0,5.04,False,False,True,63.66014338306529
1175,603719.SH,良品铺子,0.34636871508379885,26.4452644526445,1.6515632093216268,1.1256726788102165,0.9602488078581959,1.2120115257389836,397983400.0,10.03,10.03,9.67,9.7,5429800.0,52943231.0,9.99,-2.902902902902915,10.0,10.99,False,False,True,63.65820577407478
1176,300879.SZ,大叶股份,0.16763005780346824,37.32950466618807,1.7077440763990563,1.6217552701794675,0.8811368085403682,2.8929601008309502,201028448.0,18.0,18.28,17.13,17.19,9431598.0,165284086.0,18.28,-5.962800875273522,20.0,21.94,False,False,True,63.65045533811278
1177,002391.SZ,长青股份,0.37735849056603765,16.945606694560666,1.3368823721397938,2.03495290246811,1.1870469144728069,0.8928830422111568,464098311.00000006,5.54,5.63,5.48,5.58,8432550.0,46984115.0,5.58,0.0,10.0,6.14,False,False,True,63.63301685719821
1178,301263.SZ,泰恩康,0.17761394101876693,29.908675799086758,2.11346686823686,1.3451053853576989,0.9829930955460163,0.43164725337131665,364303266.0,20.06,20.3,19.9,19.94,2115185.0,42416924.0,20.17,-1.1403073872087277,20.0,24.2,False,False,True,63.56810695601628
1179,002835.SZ,同为股份,0.3139204545454547,24.07749077490775,1.3622181769230624,2.028247651106725,1.0350255445227416,0.5695375438700191,127453854.0,13.06,13.13,12.78,12.85,1472300.0,18990482.0,13.05,-1.532567049808442,10.0,14.36,False,False,True,63.541949234644456
1180,605337.SH,李子园,0.26493108728943343,28.518057285180575,1.6358478628835207,1.095679963123798,1.2662498571000216,0.7940383421877911,387616508.00000006,9.76,9.76,9.56,9.64,3381700.0,32666435.0,9.76,-1.2295081967213073,10.0,10.74,False,False,True,63.5303235807014
1181,600422.SH,昆药集团,0.19331395348837224,32.191780821917824,1.6467977092979837,1.3698823712791586,1.2423082553771636,0.4648939201093473,756975757.0,8.62,8.64,8.46,8.49,4820800.0,41132531.0,8.63,-1.6222479721900385,10.0,9.49,False,False,True,63.45088161209068
1182,300844.SZ,山水比德,0.16823406478578895,39.654269250916705,1.7012037974851395,1.2887297273163807,0.9524225665169542,1.9550519502086705,90039880.0,25.37,25.68,24.21,24.8,2268585.0,56511097.0,25.53,-2.8593811202506925,20.0,30.64,False,False,True,63.41987986824259
1183,002166.SZ,莱茵生物,0.27356321839080466,22.937293729372943,1.6282636963150943,1.6479704444059335,1.1917689158175138,2.0774522677823453,738553925.0,7.14,7.32,7.11,7.15,25284984.0,181955912.0,7.25,-1.3793103448275779,10.0,7.98,False,False,True,63.40244138732805
1184,688151.SH,华强科技,0.2678227360308287,30.701754385964897,1.6062364865055863,0.9420258055152357,1.3110963964915732,1.8718086140454677,344500000.0,16.53,17.26,16.34,16.96,6074541.0,102582679.0,16.46,3.037667071688932,20.0,19.75,False,False,True,63.39081573338501
1185,002603.SZ,以岭药业,0.25000000000000006,25.175808720112514,1.558942707417474,1.6351864122702102,1.380762186671665,0.4746212791848673,1376272762.0,15.83,15.83,15.63,15.7,10681174.0,167760567.0,15.89,-1.195720578980497,10.0,17.48,False,False,True,63.38694051540399
1186,000792.SZ,盐湖股份,0.34646017699115034,32.07312006647278,1.663484373128385,1.173986375421434,0.7252251721914608,0.717206675351608,5291518096.0,26.6,26.83,26.45,26.72,44554099.0,1185965276.0,26.83,-0.4099888184867617,10.0,29.51,False,False,True,63.37531486146095
1187,603199.SH,九华旅游,0.3181198910081745,19.966666666666665,1.2447010076804186,2.2649386971449177,1.4639097267966343,0.8789572297792417,110680000.0,34.68,34.68,33.98,34.35,2203400.0,75385318.0,34.67,-0.9229881742140233,10.0,38.14,False,False,True,63.340437899631866
1188,300272.SZ,开能健康,0.21628498727735362,28.007889546351073,1.515602856944998,2.2721707894500325,1.0092126392400071,0.7441254072088945,464472015.0,5.96,6.1,5.88,5.91,7853200.0,46766418.0,5.92,-0.16891891891891442,20.0,7.1,False,False,True,63.2571207130401
1189,001979.SZ,招商蛇口,0.1608247422680413,28.68719611021071,1.9518687226506948,1.294533573542886,1.5805573942434603,0.4971413635539613,8869713675.0,6.94,6.94,6.77,6.82,57082478.0,389468681.0,6.95,-1.8705035971222972,10.0,7.65,False,False,True,63.251307886068595
1190,000650.SZ,仁和药业,0.38341968911917096,20.550847457627142,1.2236920417157602,1.7885557658712428,1.4420309603410237,0.5677167731787932,1331385834.0,5.42,5.45,5.38,5.41,13518800.0,73196263.0,5.46,-0.9157509157509125,10.0,6.01,False,False,True,63.22418136020151
1191,600429.SH,三元股份,0.2921686746987951,25.75757575757578,1.9533119418201423,1.023393679862793,1.024493335338748,0.858807188263145,1497557426.0,4.93,4.97,4.82,4.84,13162000.0,63997043.0,4.93,-1.8255578093306246,10.0,5.42,False,False,True,63.19705483433443
1192,600650.SH,锦江在线,0.19463869463869463,28.66379310344829,1.5942754981029943,1.6015462409976196,1.720628338789096,0.652821721732319,390560075.0,10.95,11.0,10.78,10.87,4083400.0,44325580.0,10.95,-0.7305936073059405,10.0,12.05,False,False,True,63.16217787250532
1193,003015.SZ,日久光电,0.2895322939866371,37.87721123829346,1.1541979940088438,2.1364188054898947,0.7382461254406087,0.5388348767718608,247042817.0,12.21,12.37,12.09,12.12,2843900.0,34814743.0,12.21,-0.7371007371007487,10.0,13.43,False,False,True,63.104049602790155
1194,600571.SH,信雅达,0.20923076923076914,29.06077348066296,1.6388029346974995,1.8826077748092993,1.0497342765712618,0.6118483905825045,457751703.0,11.02,11.17,11.01,11.03,5272707.0,58463385.0,11.09,-0.5410279531109174,10.0,12.2,False,False,True,63.045921333074986
1195,002697.SZ,红旗连锁,0.2650602409638554,22.469135802469143,1.445120196266303,2.0454188496809715,1.3738161297119174,1.0627808819449946,1148092375.0,4.9,4.95,4.84,4.92,24957600.0,122332201.0,4.93,-0.20283975659228792,10.0,5.42,False,False,True,63.04010850610348
1196,601003.SH,柳钢股份,0.2423076923076924,28.527607361963202,1.9872334734181003,0.8513028624543754,1.2463305043103254,1.1278671142517682,2634221770.9999995,3.88,3.92,3.82,3.91,24729318.0,95979104.0,3.89,0.5141388174807249,10.0,4.28,False,False,True,62.9839178453788
1197,300972.SZ,万辰集团,0.2124245924785009,36.004879536444044,1.7353732496259149,1.0807346157857673,1.0392517904149015,0.7648434569531583,180717761.0,180.19,186.08,178.84,184.56,1493800.0,274269795.0,180.5,2.249307479224383,20.0,216.6,False,False,True,62.97229219143576
1198,600383.SH,金地集团,0.1462450592885376,24.13793103448276,1.8308092389309412,2.292766509894166,1.4723684486501583,0.8192229712138208,4514583572.0,2.38,2.39,2.31,2.32,84796836.0,198151608.0,2.4,-3.3333333333333326,10.0,2.64,False,False,True,62.897694245301295
1199,688692.SH,达梦数据,0.05062038517165263,38.349802371541486,2.2154103572341386,1.8375369994040789,0.8057999631631991,0.44516747988586325,74164708.0,209.0,209.98,206.28,208.18,606676.0,126158705.0,209.05,-0.4161683807701544,20.0,250.86,False,False,True,62.88897500484401
1200,002968.SZ,新大正,0.30959302325581384,30.23255813953487,1.26022617431411,1.7012139146276841,1.0563353736261671,0.6847578982303518,213140277.0,9.87,9.91,9.68,9.7,2482913.0,24252060.0,9.87,-1.722391084093211,10.0,10.86,False,False,True,62.88703739585352
1201,301039.SZ,中集车辆,0.37922077922077924,35.43307086614173,1.2622783860848825,0.9766073102187921,0.9895462825572257,0.6249394110851239,1446957375.0,7.8,7.82,7.67,7.71,8831076.0,68285659.0,7.81,-1.2804097311139517,20.0,9.37,False,False,True,62.83569075760512
1202,600426.SH,华鲁恒升,0.21676118462507885,26.94915254237289,1.8146052582913987,1.5642963157865741,1.1684011749923588,0.7294624204683636,2749579013.0000005,21.2,21.5,20.8,21.17,31375319.0,662530447.0,21.14,0.1419110690633829,10.0,23.25,False,False,True,62.823096299166835
1203,301088.SZ,戎美股份,0.3608374384236453,30.967741935483883,1.3494126721197108,0.9821513031914846,1.2021514046681208,0.6679865186304413,188000000.0,13.73,13.9,13.56,13.58,1233400.0,16856188.0,13.78,-1.4513788098693747,20.0,16.54,False,False,True,62.8192210811858
1204,301388.SZ,欣灵电气,0.24791318864774617,38.28805740645822,1.3889796308980344,1.7601409375023092,0.825841305447641,0.7928576538736251,72662562.0,25.45,25.54,25.01,25.15,1014036.0,25615198.0,25.45,-1.1787819253438192,20.0,30.54,False,False,True,62.79015694632824
1205,002930.SZ,宏川智慧,0.20995670995671004,38.74345549738221,1.5089672105325904,1.9748204355351382,0.7618506978794919,0.5035295445144515,433418021.0,9.58,9.64,9.49,9.61,4309824.0,41291806.0,9.58,0.31315240083507057,10.0,10.54,False,False,True,62.7455919395466
1206,000768.SZ,中航西飞,0.34716679968076625,24.322916666666682,1.6038385528797003,1.1200835826066409,1.2688126388407048,1.272766175938237,2776414009.0,23.41,24.36,23.37,23.95,39580683.0,948200406.0,23.55,1.698513800424628,10.0,25.91,False,False,True,62.74171672156559
1207,688288.SH,鸿泉技术,0.22138635142396557,38.720538720538734,1.744289790242259,1.4233929240818435,0.7584458263734187,0.6560638911576577,99813704.0,18.84,19.0,18.42,18.47,932097.0,17420142.0,18.97,-2.635740643120721,20.0,22.76,False,False,True,62.73009106762255
1208,600518.SH,康美药业,0.26126126126126126,29.31034482758621,1.6566975080496522,1.3563377108330366,1.0743167410140437,1.242394890217794,13822352188.0,1.44,1.45,1.41,1.42,232921430.0,332390443.0,1.45,-2.0689655172413834,10.0,1.6,False,False,True,62.724278240651046
1209,300239.SZ,东宝生物,0.3290598290598293,28.923766816143505,1.4265959345764927,1.5735314049158007,0.9491415633693341,0.5202618651387865,589777015.0,5.2,5.21,5.14,5.19,4828200.0,25006444.0,5.23,-0.7648183556405397,20.0,6.28,False,False,True,62.71846541367951
1210,002889.SZ,东方嘉盛,0.31676136363636376,36.3819095477387,0.8946592355843208,1.3565534553309582,1.3161585942068406,0.4757473526019775,251284554.0,12.15,12.17,12.05,12.08,1621732.0,19617592.0,12.18,-0.8210180623973717,10.0,13.4,False,False,True,62.70296454175548
1211,300807.SZ,天迈科技,0.19622331691297212,36.86440677966103,1.549087374155207,2.1571314644201713,0.7921073208667679,0.8001633707790156,51939171.0,37.9,37.99,36.9,37.05,896500.0,33483917.0,37.85,-2.1136063408190298,20.0,45.42,False,False,True,62.67002518891688
1212,002570.SZ,贝因美,0.2935483870967741,26.233766233766232,1.6038295055635778,1.8605307713862078,0.9145080958537358,4.0149823485240645,1079995333.0,5.03,5.05,4.7,4.76,80675632.0,388807744.0,4.76,0.0,10.0,5.24,False,False,True,62.668087579926365
1213,603337.SH,杰克科技,0.13459335624284086,36.46043165467627,2.1533275886535237,0.931809818958633,1.1821929152574604,0.4340760642630423,467029791.0,37.2,37.5,36.96,37.16,1889025.0,70208280.0,37.1,0.16172506738543202,10.0,40.81,False,False,True,62.66421236194536
1214,600893.SH,航发动力,0.29519019176359634,30.97928436911488,1.7268622680834043,1.1478836969327295,0.9414484787579769,1.5860772834479222,2665124758.0,40.88,42.3,40.88,41.37,48522121.0,2016187447.0,41.25,0.290909090909075,10.0,45.38,False,False,True,62.63902344506877
1215,300441.SZ,鲍斯股份,0.3924050632911393,22.818791946308735,1.609370263304856,1.075240902007068,1.1859809994985842,0.5433423043432365,629019147.0,7.11,7.17,7.05,7.09,3674880.0,26134119.0,7.09,0.0,20.0,8.51,False,False,True,62.6099593102112
1216,300355.SZ,蒙草生态,0.1928251121076234,22.222222222222232,1.9716837755309466,1.8881820396064626,1.3051857551736006,0.7427503505241483,1572051300.0,3.01,3.02,2.97,2.98,22047200.0,65937818.0,3.04,-1.9736842105263164,20.0,3.65,False,False,True,62.5789575663631
1217,300500.SZ,启迪设计,0.24041159962581857,35.95206391478032,1.3250543908259176,2.023093718536119,0.9097568285484304,0.8749744187251599,167597955.0,10.08,10.13,9.87,9.96,2966744.0,29521787.0,10.08,-1.1904761904761862,20.0,12.1,False,False,True,62.57314473939159
1218,300509.SZ,新美星,0.20815899581589947,33.614627285513365,1.4546412057794977,2.2044237710038583,0.9360729473086915,1.0573769450511976,247103523.0,9.12,9.35,9.05,9.19,5759753.0,53133584.0,9.1,0.9890109890109855,20.0,10.92,False,False,True,62.540205386552984
1219,603028.SH,赛福天,0.32046332046332043,38.87884267631101,1.3760175956055527,1.2788585391008498,0.8038069723449531,0.8239945617902569,285460000.0,7.22,7.25,7.11,7.15,2998873.0,21506783.0,7.19,-0.5563282336578546,10.0,7.91,False,False,True,62.51307886068591
1220,603307.SH,扬州金泉,0.3569051580698834,29.431438127090303,1.3760758451388355,1.0279474009263976,1.302599457386586,0.9112043057288588,97150000.0,25.28,25.65,24.89,25.47,909975.0,22992386.0,25.22,0.9912767644726372,10.0,27.74,False,False,True,62.51114125169541
1221,688162.SH,巨一科技,0.27317073170731704,39.03208837453971,1.672770542153253,0.9584206216193846,0.8475073552104689,0.44342242679825244,137100775.0,24.21,24.26,23.8,23.91,582658.0,13989344.0,24.05,-0.5821205821205822,20.0,28.86,False,False,True,62.44720015500872
1222,301320.SZ,豪江智能,0.35545023696682476,35.53719008264462,1.214974849966922,1.556075464164762,0.8342871420664648,0.6387644432042782,114209175.0,13.9,14.02,13.85,13.85,1135200.0,15804909.0,13.89,-0.28797696184306165,20.0,16.67,False,False,True,62.43944971904669
1223,600336.SH,澳柯玛,0.35294117647058815,37.73234200743496,1.4529678021148473,1.006665667361849,0.8158421125565553,1.1539728422074766,798014769.0,6.83,6.9,6.68,6.79,9270257.0,62723450.0,6.88,-1.3081395348837233,10.0,7.57,False,False,True,62.416198411160615
1224,601599.SH,浙文影业,0.2214532871972319,26.181818181818194,1.4544168066890824,2.2006552654735105,1.3888905348499814,0.9514622946242263,1160542453.0,3.37,3.38,3.29,3.33,24299908.0,80596940.0,3.39,-1.7699115044247815,10.0,3.73,False,False,True,62.38422786281729
1225,600736.SH,苏州高新,0.2711538461538462,32.71186440677965,1.3072083872079605,2.292440736803735,0.8625953694754437,1.0404854028693895,1151292907.0,6.82,6.98,6.71,6.86,27461227.0,188700009.0,6.79,1.0309278350515427,10.0,7.47,False,False,True,62.34838209649291
1226,000897.SZ,津滨发展,0.3235294117647058,21.739130434782595,1.493896766280471,1.9580986281979387,1.1028397407793344,0.908348527491924,1617241634.0,1.94,1.95,1.91,1.93,28764842.0,55468796.0,1.94,-0.5154639175257714,10.0,2.13,False,False,True,62.34160046502616
1227,000096.SZ,广聚能源,0.268330733229329,25.854383358098065,1.5834585761093378,1.6502500548108188,1.2280210592326426,0.5881312642274515,510848000.0,8.45,8.48,8.34,8.42,4958105.0,41660588.0,8.45,-0.35502958579880506,10.0,9.3,False,False,True,62.31350513466383
1228,301167.SZ,建研设计,0.36543535620052764,31.461675579322623,1.2027133102509355,2.0230554819101005,0.8155429423777375,0.8993920573986205,105807244.0,13.98,13.98,13.73,13.81,1925184.0,26567787.0,13.99,-1.2866333095067906,20.0,16.79,False,False,True,62.30769230769231
1229,000045.SZ,深纺织Ａ,0.32477535301668803,36.084905660377345,1.203407328484835,1.5005623286951375,0.946981461919261,0.4079675904176873,457021849.0,10.92,11.01,10.88,10.99,2797800.0,30670212.0,11.01,-0.1816530426884566,10.0,12.11,False,False,True,62.26506490990118
1230,000402.SZ,金 融 街,0.2543859649122807,19.57446808510639,1.854671074807014,1.916565955775815,1.2162639788487304,0.8272514319497388,2988667172.0,2.62,2.63,2.56,2.58,47384778.0,122487867.0,2.64,-2.2727272727272707,10.0,2.9,False,False,True,62.241813602015114
1231,301586.SZ,佳力奇,0.10680628272251305,34.53626849512812,1.8101274625919757,1.874795671302805,1.153816211651634,1.1471616028013625,52911070.0,30.76,31.5,30.54,30.87,1137955.0,35272200.0,30.77,0.3249918752031178,20.0,36.92,False,False,True,62.14105793450882
1232,002535.SZ,林州重机,0.207482993197279,31.84079601990051,1.717729238086859,1.9170251969170986,0.9370923756687948,0.9215064630605144,746337535.0000001,2.63,2.64,2.55,2.57,13184434.0,34077895.0,2.62,-1.9083969465648942,10.0,2.88,False,False,True,62.10618097267972
1233,603755.SH,日辰股份,0.2773269689737469,32.71450075263422,1.6260950371629594,1.2205574701141062,1.0165850084459458,0.9438396546000822,98613681.0,25.64,25.88,25.41,25.58,1136040.0,29113857.0,25.74,-0.6216006216006265,10.0,28.31,False,False,True,62.096492927727176
1234,002262.SZ,恩华药业,0.39591078066914487,30.17817371937639,1.4049241096270841,1.1614485240130945,0.9901015806928487,0.41502612445405057,883776305.0,22.08,22.28,21.99,22.05,4260080.0,94078086.0,22.22,-0.7650765076507526,10.0,24.44,False,False,True,62.034489440031
1235,300422.SZ,博世科,0.16157205240174694,29.792746113989633,1.6181751462178962,2.4676368957633303,1.1052528665597907,0.9745044728752807,516743384.0,4.21,4.34,4.19,4.32,12426248.0,53170733.0,4.23,2.127659574468077,20.0,5.08,False,False,True,61.98217399728735
1236,688330.SH,宏力达,0.20664076298127873,31.878866818625863,1.8900135646025853,1.284382821428567,1.1264063432304057,0.8112161930803953,140000000.0,36.35,36.97,36.28,36.42,1458677.0,53423070.0,36.56,-0.3829321663019747,20.0,43.87,False,False,True,61.91242007362915
1237,300564.SZ,筑博设计,0.28277634961439574,31.9047619047619,1.345196117799388,2.363618486075477,0.8381889849504547,0.6302177841856704,118075900.0,12.73,12.81,12.45,12.57,1758852.0,22157597.0,12.7,-1.0236220472440882,20.0,15.24,False,False,True,61.88141832978105
1238,300375.SZ,鹏翎股份,0.2426470588235295,39.385474860335194,1.1953710543869138,2.005754297759099,0.9416417015015501,0.6197104175263486,532628329.0,4.25,4.26,4.21,4.22,6620500.0,28014444.0,4.24,-0.4716981132075526,20.0,5.09,False,False,True,61.87754311180005
1239,002945.SZ,华林证券,0.28621495327102797,27.605409705648356,1.8830682063045319,0.7502637222222166,1.6175239071837293,0.8325228158661543,2700000000.0,14.85,15.0,14.68,14.75,16864515.0,249155813.0,15.02,-1.797603195739017,10.0,16.52,False,False,True,61.871730284828516
1240,301355.SZ,南王科技,0.3079667063020214,31.31548311990686,1.4462002441847346,1.9424156559661188,0.8256181028943006,7.884513350224425,141712928.0,11.11,12.14,11.08,11.55,21703338.0,253179029.0,11.18,3.3094812164579768,20.0,13.42,False,False,True,61.842666149970924
1241,000573.SZ,粤宏远Ａ,0.34269662921348326,28.220858895705515,1.3666720288765744,2.460216304064671,0.7650018931687516,0.6342953647625661,632559819.0,3.86,3.88,3.83,3.84,9871120.0,38012330.0,3.87,-0.7751937984496138,10.0,4.26,False,False,True,61.82910288703739
1242,002481.SZ,双塔食品,0.303754266211604,24.864864864864856,1.6781476747724722,1.2887623344076604,1.3973029615163834,1.54410403473389,1118152600.0,4.55,4.61,4.51,4.53,22251048.0,101520562.0,4.59,-1.3071895424836555,10.0,5.05,False,False,True,61.73222243751211
1243,601162.SH,天风证券,0.2535211267605633,28.980891719745205,1.341644668132627,2.0506700288535966,1.3180959000345134,0.6463889305167986,8597970474.0,3.75,3.76,3.7,3.71,113968713.0,424187802.0,3.76,-1.3297872340425454,10.0,4.14,False,False,True,61.71672156558806
1244,603098.SH,森特股份,0.27941176470588236,33.07349665924275,1.9127335978978734,1.0153748187420997,0.9116345549473,1.1939667100073659,538799978.0,11.77,11.92,11.55,11.61,6532000.0,76225806.0,11.64,-0.2577319587628968,10.0,12.8,False,False,True,61.67215655880642
1245,002331.SZ,皖通科技,0.25208333333333327,39.83333333333334,1.1580722365884377,2.1216320229092673,0.8932608588777439,0.7808247886080372,402078596.00000006,7.2,7.2,7.04,7.08,6660926.0,47177735.0,7.21,-1.8030513176144236,10.0,7.93,False,False,True,61.65278046890138
1246,002836.SZ,新宏泽,0.2586719524281467,35.59539052496798,1.4832813512678211,1.3423869574652718,1.0551362016510406,0.9771568838293999,230400000.0,10.42,10.5,10.29,10.46,3022209.0,31408690.0,10.42,0.38387715930903177,10.0,11.46,False,False,True,61.64890525092036
1247,600715.SH,文投控股,0.17934782608695654,27.97202797202798,1.9132866850482233,1.6019155979510435,1.5667171265838,0.8865567679752442,2862372241.0,1.76,1.76,1.7,1.72,40651099.0,70027312.0,1.76,-2.2727272727272707,10.0,1.94,False,False,True,61.47839565975587
1248,603901.SH,永创智能,0.16775032509752935,38.61502347417842,1.6806892607000836,1.6385675385799034,1.0144321684085529,0.7186187576981873,568899147.0,9.77,9.83,9.63,9.72,6698818.0,65309280.0,9.81,-0.917431192660545,10.0,10.79,False,False,True,61.449331524898284
1249,002420.SZ,毅昌科技,0.35827664399092957,36.03411513859274,1.2108574780764552,1.8888289920620611,0.7587373807700342,0.7248389460388365,403867700.0,6.29,6.38,6.23,6.26,5529377.0,34784995.0,6.27,-0.15948963317383713,10.0,6.9,False,False,True,61.40864173609765
1250,002423.SZ,中粮资本,0.28506787330316746,29.71285892634208,1.562515266441085,1.136759286735369,1.7332646370593734,0.5641604056998165,2304105575.0,9.83,9.9,9.71,9.8,14776565.0,144643908.0,9.9,-1.0101010101010055,10.0,10.89,False,False,True,61.33695020344895
1251,301103.SZ,何氏眼科,0.29554140127388534,26.689655172413794,1.5655719678291906,1.7343045610022756,1.1015534037364092,0.9132644798060542,121633616.0,16.88,16.98,16.58,16.65,1926529.0,32212057.0,16.82,-1.010701545778847,20.0,20.18,False,False,True,61.329199767486934
1252,002523.SZ,天桥起重,0.34272300469483563,31.818181818181834,1.301380839932521,1.5226648587288902,1.051075494507214,0.7061021973209182,1411542683.0,3.59,3.59,3.54,3.56,15176300.0,54000629.0,3.59,-0.835654596100277,10.0,3.95,False,False,True,61.30207324161985
1253,000503.SZ,国新健康,0.158139534883721,28.407224958949094,2.1587025681303897,1.6580463702809942,1.2115144996233644,0.6256103422171112,979235472.0,7.1,7.11,6.94,6.97,10157521.0,71019948.0,7.11,-1.9690576652602099,10.0,7.82,False,False,True,61.251695407866706
1254,600521.SH,华海药业,0.18524871355060035,36.41660597232337,1.3598124275018613,2.1389906413601896,1.1809450758553142,0.3455690017877568,1497252196.0,15.81,15.93,15.74,15.88,11067222.0,175492043.0,15.89,-0.06293266205160686,10.0,17.48,False,False,True,61.24782018988568
1255,603617.SH,君禾股份,0.37343358395989984,38.543516873889885,1.234937156508808,1.5251095246714428,0.7759403507387089,0.7333333084661475,386726337.0,7.08,7.2,7.06,7.16,4325200.0,30848406.0,7.12,0.561797752808979,10.0,7.83,False,False,True,61.20519279209455
1256,300072.SZ,海新能科,0.21036585365853658,26.688102893890676,2.2278439180244485,1.6631722241675786,0.9968980476431489,0.6995551891621573,2331363778.0,3.8,3.83,3.74,3.8,27124969.0,102650417.0,3.8,0.0,20.0,4.56,False,False,True,61.119937996512306
1257,301608.SZ,博实结,0.10080106809078758,33.178824103439865,1.9654211924143827,2.4263483694531116,0.9553986823355343,0.6399251103721283,59506354.0,43.9,44.18,43.08,43.28,923944.0,40242040.0,44.01,-1.6587139286525665,20.0,52.81,False,False,True,61.10831234256926
1258,002588.SZ,史丹利,0.21513002364066178,18.635170603674524,2.023950327145075,2.245563387778831,1.3181064221771495,1.7624129130631199,858636570.0000001,8.4,8.62,8.33,8.47,33981486.0,288387506.0,8.53,-0.7033997655333968,10.0,9.38,False,False,True,61.10056190660724
1259,600179.SH,安通控股,0.36190476190476195,19.85472154963681,1.820364802011802,1.3006150065312625,1.2818526668904167,0.8021508418018118,3862278495.0,4.56,4.66,4.51,4.64,40294743.0,185742038.0,4.54,2.2026431718061623,10.0,4.99,False,False,True,61.096686688626235
1260,301066.SZ,万事利,0.18223383409536248,35.18164435946463,1.6078152481386243,1.9882562752301467,1.039601049659188,1.0181756170845002,233116669.0,13.25,13.25,12.87,12.97,4719200.0,61359675.0,13.25,-2.113207547169804,20.0,15.9,False,False,True,61.01918232900601
1261,000100.SZ,TCL科技,0.3478260869565217,36.383442265795196,1.170213989242969,2.1012211639838436,0.7669922262295537,0.6691869813582269,20114980236.0,4.76,4.77,4.72,4.74,282838718.0,1341894815.0,4.76,-0.42016806722687816,10.0,5.24,False,False,True,61.01143189304399
1262,301173.SZ,毓恬冠佳,0.24862313139260442,27.612761276127596,1.4312021977849732,2.448165358084496,1.1220320626654368,0.6366459925652203,30828659.0,33.59,33.94,33.25,33.56,480500.0,16127504.0,33.59,-0.08931229532599394,20.0,40.31,False,False,True,60.98430536717691
1263,600435.SH,北方导航,0.1736111111111111,29.4240837696335,1.7693489091407195,1.9468237835570439,1.4006610255254257,1.199985109503508,1512357749.0,11.76,12.11,11.68,11.94,35331090.0,421811341.0,11.8,1.186440677966094,10.0,12.98,False,False,True,60.94167796938578
1264,000850.SZ,华茂股份,0.3003194888178912,34.7181008902077,1.5980230576358578,1.0561483777587244,1.0523687486371318,0.9040708979711933,943374379.0,4.29,4.32,4.22,4.25,9007650.0,38393732.0,4.31,-1.3921113689094988,10.0,4.74,False,False,True,60.92617709746174
1265,600444.SH,国机通用,0.30030959752321984,32.09982788296042,0.9982335031936952,2.1930375498665002,1.2620464755242007,0.564753762038813,146421932.0,14.53,14.56,14.35,14.43,1813474.0,26214837.0,14.53,-0.6882312456985562,10.0,15.98,False,False,True,60.89517535361364
1266,002238.SZ,天威视讯,0.3101391650099404,30.929791271347273,1.6792388739583355,0.9559740430848689,1.2533169230336962,0.7275955195584716,802559160.0,6.78,6.82,6.58,6.64,5582300.0,37057636.0,6.83,-2.7818448023426146,10.0,7.51,False,False,True,60.87967448168959
1267,688687.SH,凯因科技,0.19900805951642908,31.279945242984255,1.5549043921178982,2.1157383830868683,1.2300484760079726,0.43473692134214637,170944422.0,17.8,17.82,17.45,17.58,1572329.0,27680462.0,17.82,-1.3468013468013629,20.0,21.38,False,False,True,60.875799263708586
1268,603585.SH,苏利股份,0.21960784313725493,32.17097862767153,1.6089361957057395,1.737260450265638,1.1772821918260725,1.1326094202233128,270796011.0,11.08,11.26,11.02,11.18,5328284.0,59392712.0,11.13,0.4492362982928988,10.0,12.24,False,False,True,60.869986436737065
1269,600875.SH,东方电气,0.26496048174633047,38.16825528387901,1.8083713596589832,1.6475275495527872,0.6016838977026039,2.23362884978172,2263366595.0,25.07,26.38,24.98,26.36,83291100.0,2152570941.0,24.98,5.5244195356285,10.0,27.48,False,False,True,60.86223600077504
1270,605377.SH,华旺科技,0.2559726962457338,39.726027397260275,1.2349751152753918,1.5602829806602814,1.1167262371408229,0.6255158339696765,556670268.0,8.03,8.1,7.95,8.07,5433000.0,43600465.0,8.02,0.6234413965087393,10.0,8.82,False,False,True,60.86029839178454
1271,002482.SZ,广田集团,0.22641509433962256,29.824561403508774,1.889940385678597,1.564403921862633,1.075757860935732,0.7690352874574528,3743709801.0,1.38,1.38,1.35,1.37,45039892.0,61518531.0,1.38,-0.7246376811594013,10.0,1.52,False,False,True,60.68010075566751
1272,603258.SH,电魂网络,0.2885408079142622,37.302325581395344,1.643417181656588,1.1900349028461101,0.9182907980560173,1.4850387335329518,241341350.0,14.19,14.35,13.75,13.8,4265100.0,59434306.0,14.25,-3.157894736842104,10.0,15.68,False,False,True,60.65684944778143
1273,002052.SZ,同洲电子,0.13964843750000003,34.093959731543634,2.062479782328711,1.9627173673735097,0.9488298319195144,0.6401137636312577,689387154.0,8.88,8.98,8.75,8.76,8661201.0,76442667.0,8.88,-1.3513513513513598,10.0,9.77,False,False,True,60.63941096686689
1274,001328.SZ,登康口腔,0.3308470964304742,36.04938271604938,1.4812504455556224,1.0339553874703218,1.0307515955999138,0.9663834386930868,161716900.0,30.51,30.9,30.15,30.81,1615871.0,49520490.0,30.51,0.9832841691248762,10.0,33.56,False,False,True,60.62972292191435
1275,000683.SZ,博源化工,0.22195704057279247,24.67043314500943,1.607689873023883,2.4238930832050984,1.4238006771084941,0.5839009472440978,3338565773.0,6.24,6.31,6.17,6.28,47251171.0,295032042.0,6.24,0.6410256410256387,10.0,6.86,False,False,True,60.61228444099981
1276,300220.SZ,金运激光,0.323340471092077,38.95348837209303,1.3379245325969231,1.5452585585258871,0.8432817836539582,1.002616342524899,151019348.0,11.64,11.76,11.48,11.55,2339745.0,27182267.0,11.62,-0.6024096385542022,20.0,13.94,False,False,True,60.589033133113745
1277,301515.SZ,港通医疗,0.3562091503267974,32.8496042216359,1.387189890010094,1.9192849651889352,0.7882588139598362,0.6552665815686131,67557550.0,19.61,19.69,19.15,19.36,849633.0,16518676.0,19.52,-0.8196721311475419,20.0,23.42,False,False,True,60.546405735322615
1278,002670.SZ,国盛证券,0.13511560693641614,27.809523809523817,1.8036030694998744,2.382745830744533,1.97021749253948,0.5794083725453608,1623350634.0000002,12.37,12.46,12.24,12.34,22411701.0,276782954.0,12.37,-0.24252223120452276,10.0,13.61,False,False,True,60.43596202286379
1279,300735.SZ,光弘科技,0.07345454545454556,39.84243106359033,2.035617516629069,1.85718584358389,0.9690199770996399,0.6861706354096212,760538820.0,18.77,18.95,18.46,18.51,9691899.0,180904556.0,18.78,-1.4376996805111841,20.0,22.54,False,False,True,60.37783375314862
1280,301539.SZ,宏鑫科技,0.3014705882352942,38.785425101214585,1.2451209537335028,1.8324413553503054,0.9036261562377073,2.456701481664124,77973524.0,15.48,15.68,15.03,15.1,3510182.0,53626360.0,15.63,-3.390914907229692,20.0,18.76,False,False,True,60.35458244526254
1281,300719.SZ,安达维尔,0.23809523809523814,36.05108055009823,1.5209973434722621,2.132603961119454,0.8591668724538739,1.2394839687780934,179620132.0,12.88,13.08,12.65,12.86,4747950.0,61165470.0,12.73,1.021209740769824,20.0,15.28,False,False,True,60.34489440031001
1282,600475.SH,华光环能,0.2663125948406678,33.11475409836064,1.8433796897944503,1.284278357128465,0.9735912174741028,0.9889340754095455,942885729.0,15.77,15.91,15.1,15.43,11975277.0,184618592.0,15.71,-1.7823042647994947,10.0,17.28,False,False,True,60.32164309242394
1283,002105.SZ,信隆健康,0.3041958041958042,39.95633187772927,1.248228033428743,1.7915705453073534,0.8619169582062632,1.1138686599428338,364471975.0,6.32,6.67,6.27,6.32,7273309.0,46072966.0,6.32,0.0,10.0,6.95,False,False,True,60.28482852160434
1284,002021.SZ,中捷资源,0.37500000000000006,32.86384976525822,1.432118152434719,1.9962704444676116,0.6976522188308981,1.0023013451716762,1195437891.0,2.8,2.8,2.72,2.74,23919093.0,65781243.0,2.79,-1.7921146953404965,10.0,3.07,False,False,True,60.24607634179423
1285,603101.SH,汇嘉时代,0.23507917174177825,33.5,1.5556942250703134,2.047488701105438,0.9899293407341566,1.5479489332317704,470400000.0,7.89,8.2,7.81,8.09,14908895.0,119797198.0,7.93,2.0176544766708826,10.0,8.72,False,False,True,60.2383259058322
1286,002761.SZ,浙江建投,0.36607142857142866,27.073552425665092,1.479046699853206,1.3366423205504792,1.3356274520000766,1.0268563846151737,1081789109.0,7.6,7.65,7.48,7.49,14847985.0,111726573.0,7.62,-1.7060367454068248,10.0,8.38,False,False,True,60.18794807207905
1287,603605.SH,珀莱雅,0.32736763609246833,23.580293343362158,1.704468323687332,1.5102760600724474,1.3101617784788289,0.6749246032623909,395976100.0,61.7,61.83,60.1,60.3,4036273.0,244522207.0,61.96,-2.6791478373143995,10.0,68.16,False,False,True,60.155008719240456
1288,002688.SZ,金河生物,0.3529411764705884,21.834061135371186,1.6513482949083087,1.5949873144666504,1.3210921740673036,1.3820805968854408,747041116.9999999,5.45,5.56,5.42,5.49,16467782.0,90676056.0,5.48,0.18248175182480342,10.0,6.03,False,False,True,60.14725828327844
1289,601061.SH,中信金属,0.3384615384615385,34.114052953156815,1.9183554362966568,0.3929591499999956,1.0721949695536697,1.2482004705027667,4900000000.0,11.61,12.25,11.61,12.18,24034098.0,288363952.0,11.61,4.909560723514206,10.0,12.77,False,False,True,59.947684557256345
1290,688561.SH,奇安信-U,0.24279475982532744,33.2575068243858,1.9223368022448024,1.1554978032517145,1.1189250894060352,0.6692963433582926,682252725.0000001,27.35,27.4,26.72,26.85,5276341.0,142829107.0,27.54,-2.5054466230936767,20.0,33.05,False,False,True,59.86242976167409
1291,300645.SZ,正元智慧,0.2785046728971963,31.689497716894977,1.432077988840709,2.430412617691624,0.911349867330492,0.7251415519856232,139320444.0,13.94,13.95,13.76,13.8,2455374.0,34047894.0,13.93,-0.9332376166546918,20.0,16.72,False,False,True,59.80623910094943
1292,000888.SZ,峨眉山Ａ,0.3278195488721804,26.1737089201878,1.2653136305226256,2.2474971878759584,1.3903486450614584,1.3605135190505548,526913102.0,10.63,10.63,10.36,10.61,16111687.0,169284945.0,10.7,-0.8411214953271018,10.0,11.77,False,False,True,59.7946134470064
1293,002103.SZ,广博股份,0.2614770459081837,29.255319148936177,1.4268333448396453,2.1846935999076647,1.244316043709387,0.9121135793937085,388135588.0,6.9,6.94,6.77,6.83,7734334.0,52644119.0,6.95,-1.726618705035976,10.0,7.65,False,False,True,59.761674094167795
1294,603583.SH,捷昌驱动,0.2302243211334121,33.12649164677806,1.83543443003274,1.441285699712111,1.1209986673407115,0.7238471690998955,382246955.0,26.8,26.99,26.36,26.47,3987870.0,106062856.0,26.8,-1.231343283582098,10.0,29.48,False,False,True,59.678356907576045
1295,600697.SH,欧亚集团,0.3808049535603716,27.2826086956522,1.4032053703333713,2.1334828930964616,0.9323491259896779,1.4617381344899139,155376015.0,11.61,11.88,11.43,11.75,4845546.0,56629242.0,11.66,0.7718696397941649,10.0,12.83,False,False,True,59.67641929858555
1296,003006.SZ,百亚股份,0.20110024449877756,29.17665867306156,1.734036212097434,2.0307240215210447,1.4699133325232017,3.7546729071158804,428572965.0,15.82,16.68,15.78,16.66,32677422.0,536124158.0,15.8,5.443037974683551,10.0,17.38,False,False,True,59.63185429180391
1297,002005.SZ,德豪润达,0.2612612612612613,33.49056603773584,1.7244536319226147,1.114200293012783,1.412655753720569,0.5319427652665288,1751993158.0,2.4,2.42,2.38,2.39,10383902.0,24855824.0,2.41,-0.8298755186721962,10.0,2.65,False,False,True,59.61441581088936
1298,002092.SZ,中泰化学,0.24482109227871934,36.78474114441417,1.4289570203960822,2.2761447943475064,0.911504296253363,1.1191762160875678,2575637892.0,4.99,5.05,4.92,4.98,65611983.0,326511971.0,4.97,0.201207243460777,10.0,5.47,False,False,True,59.521410579345094
1299,603230.SH,内蒙新华,0.36400000000000005,25.882352941176467,1.4824716032879162,1.3227555491438983,2.285108043393276,2.325798748230712,353523000.0,10.09,10.17,9.7,9.97,10876005.0,107761448.0,10.32,-3.391472868217049,10.0,11.35,False,False,True,59.49428405347801
1300,000410.SZ,沈阳机床,0.20289855072463758,33.33333333333333,1.889636293207729,1.3998573218750425,1.3347609601648651,0.49599799042054143,1971018333.0,5.3,5.31,5.21,5.21,13685301.0,71641249.0,5.3,-1.6981132075471694,10.0,5.83,False,False,True,59.42937415229606
1301,300494.SZ,盛天网络,0.1479524438573316,34.03973509933773,1.8220698822018035,2.480721658727859,1.0156393490473539,0.9512010374354066,398348068.0,8.58,8.64,8.33,8.39,9399680.0,79012896.0,8.67,-3.2295271049596286,20.0,10.4,False,False,True,59.41290447587676
1302,300271.SZ,华宇软件,0.2731481481481482,30.38793103448276,1.636492444792544,1.6398972266853515,1.188081051304988,0.9341913070605499,804241453.9999999,5.77,5.8,5.64,5.69,12320800.0,70088021.0,5.82,-2.2336769759450203,20.0,6.98,False,False,True,59.40999806239101
1303,000524.SZ,岭南控股,0.22732012513034405,34.158415841584166,1.4649036546206997,1.9499254507226684,1.285338565986948,0.8047342869772779,670008507.0,10.18,10.25,9.93,10.08,10513585.0,105727477.0,10.26,-1.754385964912275,10.0,11.29,False,False,True,59.31021119937996
1304,603997.SH,继峰股份,0.26556016597510357,33.2425068119891,1.595668732930379,1.4752922745180774,1.221722546672588,1.1793043124289335,1272264864.0,12.28,12.43,12.05,12.3,22135100.0,271894069.0,12.29,0.08136696501221952,10.0,13.52,False,False,True,59.27339662856036
1305,601933.SH,永辉超市,0.17538461538461533,24.014336917562716,2.1931022597688345,2.155577899489896,1.4343102660949958,1.317940377402568,8925037165.0,3.36,3.39,3.24,3.31,253553447.0,837297020.0,3.36,-1.4880952380952328,10.0,3.7,False,False,True,59.26564619259833
1306,001236.SZ,弘业期货,0.2800718132854579,26.536731634182907,1.8522803208997263,1.6992094444430426,1.132066264742587,0.8200246136089745,758077778.0,8.2,8.24,8.11,8.19,10563007.0,86237359.0,8.23,-0.486026731470246,10.0,9.05,False,False,True,59.2540205386553
1307,600346.SH,恒力石化,0.33443983402489624,35.02710027100271,2.1840270640562154,0.528909476095891,0.8998287168584909,0.5939517146734168,7039099786.0,18.71,19.19,18.38,19.1,22113099.0,416444616.0,18.79,1.6498137307078276,10.0,20.67,False,False,True,59.19589226894013
1308,688278.SH,特宝生物,0.1707190894981894,33.59999999999999,2.202818074968698,1.2357191689506508,1.4919581879368826,0.28976131632760105,408189480.0,56.31,56.47,55.2,55.37,1461578.0,81299106.0,56.6,-2.173144876325095,20.0,67.92,False,False,True,59.18717302848285
1309,603707.SH,健友股份,0.2562929061784897,27.827380952380953,2.3631078134169075,0.9451976980771455,1.3998094809980797,0.47318161589086966,1615651020.0000002,7.79,7.8,7.71,7.72,7226002.0,55857637.0,7.84,-1.5306122448979553,10.0,8.62,False,False,True,59.14163921720596
1310,688695.SH,中创股份,0.2316417910447761,34.999999999999986,1.5268764172415528,2.224710489528715,0.9845159552535996,0.7060919872702532,53395478.0,19.98,19.98,19.24,19.39,838763.0,16305757.0,19.68,-1.4735772357723498,20.0,23.62,False,False,True,59.13195117225345
1311,002020.SZ,京新药业,0.050141911069063495,38.68995633187775,1.8895650447139594,2.202384438540391,1.2010271302428672,0.772386155798741,723968334.9999999,11.91,11.97,11.78,11.86,12315362.0,146063153.0,11.98,-1.00166944908181,10.0,13.18,False,False,True,59.12420073629142
1312,600638.SH,新黄浦,0.25377643504531716,30.98591549295775,1.568143497989694,1.939237292409644,1.2028906748709256,0.6994399836505171,673396786.0,5.09,5.09,5.02,5.06,9133820.0,46172774.0,5.1,-0.7843137254901933,10.0,5.61,False,False,True,59.11838790931989
1313,603190.SH,亚通精工,0.3840472673559825,32.54985754985755,1.3502131222364628,1.4325080523913338,1.1114874605902256,0.6417975818129467,168000000.0,16.59,16.66,16.33,16.37,1268190.0,20874686.0,16.64,-1.6225961538461564,10.0,18.3,False,False,True,58.94400310017439
1314,001207.SZ,联科科技,0.34920634920634935,29.722024233784737,1.5774443783398013,1.7968483903805812,0.937359114692433,0.38991434221919663,292622092.0,17.48,17.63,17.43,17.58,2050160.0,35954627.0,17.55,0.17094017094014813,10.0,19.31,False,False,True,58.934315055221866
1315,601001.SH,晋控煤业,0.38929219600725956,24.711168164313225,1.9413660447959793,1.3221724323355384,0.9786300466250272,1.7280267248703072,1673700000.0,16.49,17.78,16.45,17.6,38239849.0,663071107.0,16.48,6.796116504854366,10.0,18.13,False,False,True,58.89168765743072
1316,688613.SH,奥精医疗,0.18273211117681845,31.138652207591022,1.7815982576547207,2.2676088674852615,1.2020601424951882,0.716309557544843,137008584.0,15.88,16.18,15.73,15.83,2225444.0,35370328.0,16.0,-1.0624999999999996,20.0,19.2,False,False,True,58.883937221468706
1317,002546.SZ,新联电子,0.3343283582089551,36.54135338345863,1.3987151251664678,2.0863564707152227,0.7715100507585303,0.5839334718917836,801227371.0,7.75,7.78,7.71,7.77,9761300.0,75623286.0,7.77,0.0,10.0,8.55,False,False,True,58.816120906801004
1318,002030.SZ,达安基因,0.2411764705882354,24.374999999999993,2.2184000849228402,1.8017808503804238,1.1453844222870682,0.640400245472165,1403446032.0000002,5.61,5.61,5.47,5.5,16193815.0,89255177.0,5.62,-2.135231316725983,10.0,6.18,False,False,True,58.72311567525673
1319,000797.SZ,中国武夷,0.2101449275362319,30.805687203791464,1.686688888733245,2.130302802173734,1.3462329709719019,0.8773051978293891,1570574028.9999998,2.68,2.68,2.62,2.64,29352862.0,77620921.0,2.69,-1.8587360594795488,10.0,2.96,False,False,True,58.550668475101716
1320,600831.SH,广电网络,0.28040540540540526,32.2222222222222,1.719116622932613,1.8914385392040538,0.942662603401349,1.1005730637419355,710946992.0,3.54,3.54,3.38,3.44,14799544.0,50623455.0,3.53,-2.5495750708215303,10.0,3.88,False,False,True,58.39953497384228
1321,603969.SH,银龙股份,0.3117154811715482,26.466165413533837,1.7172252246500403,1.9624198024834099,1.0718378180742272,0.36716772324035163,851553800.0,8.14,8.18,8.04,8.11,6135762.0,49689740.0,8.14,-0.3685503685503799,10.0,8.95,False,False,True,58.29877930633599
1322,605599.SH,菜百股份,0.14007220216606495,32.361733931240664,2.4989831895270824,1.3805529548413389,1.7151599311708345,0.5979753790089929,777777800.0,14.89,14.99,14.59,14.83,6420841.0,94904007.0,15.0,-1.1333333333333306,10.0,16.5,False,False,True,58.0313892656462
1323,600499.SH,科达制造,0.3985355648535565,28.28207051762941,1.6933639153821196,1.4792564231155672,0.9845807972306814,0.9214894690648873,1917856391.0,14.64,15.09,14.52,15.03,26142669.0,388463678.0,14.64,2.6639344262294973,10.0,16.1,False,False,True,57.932571207130415
1324,600126.SH,杭钢股份,0.15146299483648878,36.36363636363635,2.0019034411493726,2.3121769356376847,0.9451726007627351,0.8733647810261161,3377189083.0,6.38,6.64,6.27,6.56,68198075.0,437172238.0,6.38,2.8213166144200663,10.0,7.02,False,False,True,57.90253826777756
1325,601519.SH,大智慧,0.15119916579770587,34.412955465587046,1.996320793562066,2.009497717629547,1.2015473977586215,0.6300437899163169,1989160000.0,8.74,8.9,8.7,8.75,25184189.0,220687898.0,8.86,-1.241534988713311,10.0,9.75,False,False,True,57.87056771943422
1326,000705.SZ,浙江震元,0.34575569358178054,29.166666666666675,1.3645326845507577,2.312523542349732,1.0691224679306952,0.6450380267228197,281965270.0,7.42,7.42,7.3,7.33,4205979.0,30889864.0,7.43,-1.3458950201884257,10.0,8.17,False,False,True,57.8647548924627
1327,600583.SH,海油工程,0.3945205479452055,34.453781512605055,1.5479664376978772,1.061482622928153,1.0878437271062038,0.5736716518963795,4421354800.0,6.22,6.3,6.18,6.21,26923508.0,167897807.0,6.2,0.1612903225806317,10.0,6.82,False,False,True,57.84925402053865
1328,603628.SH,清源股份,0.237054085155351,28.39080459770116,1.8557886602065736,2.0980509382330994,1.2055691634316,1.8975589256707082,272173673.0,10.71,10.78,10.58,10.77,10835711.0,115860936.0,10.76,0.09293680297397522,10.0,11.84,False,False,True,57.7639992249564
1329,300643.SZ,万通智控,0.30070546737213416,39.57361758827449,1.5748517341792274,1.8108058508510458,0.7985980698007159,3.918915105209028,231099303.0,18.4,19.23,18.02,18.81,16399718.0,305666959.0,18.42,2.117263843648187,20.0,22.1,False,False,True,57.74656074404185
1330,600814.SH,杭州解百,0.30078125000000006,32.432432432432435,1.5736068885265093,1.379324636520021,1.6626275632144363,4.286102161013932,735078598.0,7.37,8.1,7.23,7.89,43457305.0,332541365.0,7.46,5.764075067024121,10.0,8.21,False,False,True,57.734935090098816
1331,688393.SH,安必平,0.20840554592720978,34.90445859872613,1.7687279467436512,1.9903116886522936,1.1082578888640928,0.6429281902214041,93567699.0,20.45,20.55,20.11,20.4,1197318.0,24357522.0,20.51,-0.5363237445148883,20.0,24.61,False,False,True,57.71749660918427
1332,000829.SZ,天音控股,0.3919156414762743,33.57142857142856,1.4042631002432164,1.9989112579844557,0.8421286239599062,0.5661745416996918,1024129669.0,9.2,9.28,9.14,9.25,11590410.0,106822623.0,9.23,0.21668472372697867,10.0,10.15,False,False,True,57.70974617322224
1333,300135.SZ,宝利国际,0.2964426877470355,30.662020905923338,1.4828387355641486,2.284680056423607,1.0746414639810342,2.4591233194966735,921600000.0,3.6,3.83,3.58,3.73,51778345.0,191467409.0,3.62,3.038674033149169,20.0,4.34,False,False,True,57.70780856423173
1334,600743.SH,华远控股,0.25,35.63829787234043,2.136981399810743,1.6015272282789261,0.8225469531484454,0.805387357048872,2346100874.0,2.2,2.2,2.15,2.16,30261177.0,65501337.0,2.21,-2.262443438914019,10.0,2.43,False,False,True,57.64580507653556
1335,301300.SZ,远翔新材,0.26841537908731583,39.007367196587836,1.6298677924646845,1.9146912036293033,0.8476693826658336,0.9405929378440644,39074763.0,33.37,33.7,32.73,33.14,703715.0,23695723.0,33.26,-0.36079374624172766,20.0,39.91,False,False,True,57.570238325905834
1336,300523.SZ,辰安科技,0.3289745354439092,31.4792899408284,1.9388695497330066,1.1848802004146979,1.0383204804826525,0.9803576559502422,232630438.0,21.57,21.68,21.15,21.36,2702250.0,57839917.0,21.68,-1.4760147601476037,20.0,26.02,False,False,True,57.51598527417167
1337,605138.SH,盛泰集团,0.32289156626506027,38.43058350100603,1.6036578694812231,1.0196805387920365,1.1878918641224574,0.8200271548934122,555571680.0,6.3,6.38,6.22,6.35,4645500.0,29341242.0,6.31,0.6339144215530945,10.0,6.94,False,False,True,57.44235613253246
1338,300215.SZ,电科院,0.22607260726072606,39.23809523809523,1.7731405913867797,1.963496654393337,0.8838023746401962,0.6001996418477927,749094187.0,6.58,6.58,6.51,6.57,8828000.0,57770983.0,6.62,-0.7552870090634434,20.0,7.94,False,False,True,57.380352644836265
1339,600863.SH,华能蒙电,0.2610966057441253,39.55773955773954,1.6063287711846246,1.7889651646767855,0.938141220789526,1.2501486836619473,7063325057.0,4.78,4.92,4.74,4.88,155071836.0,752716339.0,4.84,0.8264462809917328,10.0,5.32,False,False,True,57.34160046502615
1340,002187.SZ,广百股份,0.2715355805243447,32.891832229580565,1.5843799629609943,1.8535052686014741,1.227261849992206,1.5964136792081334,700894633.0,5.95,6.05,5.81,6.0,20739200.0,123505889.0,5.98,0.33444816053511683,10.0,6.58,False,False,True,57.3202867661306
1341,600219.SH,南山铝业,0.31722689075630256,32.90488431876606,1.7692753998502542,1.6595371594330672,0.9428388954678415,0.9051232647627719,11483701558.999998,4.99,5.07,4.95,5.07,172495038.0,867580889.0,4.98,1.8072289156626509,10.0,5.48,False,False,True,57.244720015500874
1342,000803.SZ,山高环能,0.34565619223659894,32.59385665529009,1.7317104495701372,2.0612588312226854,0.7647065080938698,1.4283710198088133,464888628.0,7.67,7.96,7.66,7.89,13687448.0,107581319.0,7.73,2.069857697283295,10.0,8.5,False,False,True,57.14202673900407
1343,603393.SH,新天然气,0.2698412698412698,32.58971871968961,1.6272258240131272,2.313928664409936,0.9859490925245978,0.6831104123275805,423921327.0,26.6,26.67,26.14,26.29,6700792.0,182188667.0,26.57,-1.0538200978547296,10.0,29.23,False,False,True,57.1245882580895
1344,002663.SZ,普邦股份,0.3781512605042017,33.08823529411764,2.014718370225572,1.6003670939373267,0.6239601182604538,0.7487264260600617,1707116179.9999998,1.8,1.8,1.75,1.77,20455300.0,36171919.0,1.81,-2.209944751381221,10.0,1.99,False,False,True,57.119744235613254
1345,605339.SH,南侨食品,0.22119428090832624,39.48763250883391,1.938179209185374,0.8331576440050195,2.4384001793443586,0.6223651946414743,424290616.0,13.89,14.03,13.65,13.7,2200067.0,30346493.0,13.95,-1.7921146953404965,10.0,15.35,False,False,True,57.10714977717497
1346,600557.SH,康缘药业,0.3164763458401307,28.811973807296543,1.719160130228536,1.5646858895629314,1.3850689926768203,0.4136316263585891,566158806.0,12.55,12.61,12.45,12.5,3664200.0,45861571.0,12.63,-1.0292953285827466,10.0,13.89,False,False,True,57.03158302654524
1347,600094.SH,大名城,0.28225806451612895,37.50000000000002,2.1263619640081384,1.049839813892184,0.9522340217660172,1.0217180926579297,2126229950.0,4.13,4.16,4.05,4.06,22806800.0,93467600.0,4.14,-1.9323671497584516,10.0,4.55,False,False,True,57.010269327649674
1348,002136.SZ,安 纳 达,0.34432717678100255,35.399061032863855,1.5220682305372435,2.464003811322201,0.7037246132106824,0.663146977778899,214455760.0,12.8,12.82,12.64,12.72,3504200.0,44552285.0,12.78,-0.46948356807510194,10.0,14.06,False,False,True,56.990893237744636
1349,300579.SZ,数字认证,0.22365805168986083,28.431372549019617,1.8548323392748909,2.146594137042276,1.5301358589809382,0.5655393951886336,262800019.0,23.87,23.87,23.11,23.38,3190349.0,74717166.0,23.88,-2.0938023450586263,20.0,28.66,False,False,True,56.96376671187754
1350,600812.SH,华北制药,0.35680751173708913,27.00729927007297,1.9182664388404675,1.2987043238035063,1.226417097070735,0.6617080593401986,1715730370.0,4.84,4.86,4.76,4.8,14744354.0,70781151.0,4.87,-1.4373716632443578,10.0,5.36,False,False,True,56.890137570238316
1351,300240.SZ,飞力达,0.32482598607888624,30.246913580246915,1.4515182836140164,2.2286693842940415,1.1280617267801218,0.6457746689333426,363338504.00000006,6.23,6.28,6.19,6.27,5229234.0,32652561.0,6.26,0.15974440894568342,20.0,7.51,False,False,True,56.8436349544662
1352,601155.SH,新城控股,0.26946107784431134,25.8,2.424871837041864,1.260964536883549,1.5927517113163299,0.606451568852997,2255622856.0,12.26,12.32,11.85,11.91,17249062.0,207434696.0,12.25,-2.7755102040816326,10.0,13.48,False,False,True,56.787444293741515
1353,688395.SH,正弦电气,0.3373015873015874,39.01220865704773,1.3970470913001454,1.6785967921557226,0.9916030099540498,0.584088808779669,86597720.00000001,22.89,23.22,22.89,23.0,849047.0,19575616.0,23.12,-0.5190311418685201,20.0,27.74,False,False,True,56.69250145320673
1354,002573.SZ,清新环境,0.3165467625899281,24.73867595818815,1.9723089817957917,1.4344095377843087,2.031201358225786,0.4419335036407127,1412690868.0,3.31,3.33,3.28,3.3,8955240.0,29544578.0,3.31,-0.30211480362538623,10.0,3.64,False,False,True,56.66149970935865
1355,300822.SZ,贝仕达克,0.17476635514018682,34.890656063618295,1.987075598930759,1.7486737419599496,1.6295067482921686,0.7141238698345436,288982037.0,11.94,11.96,11.54,11.6,3608720.0,42104006.0,11.93,-2.7661357921207053,20.0,14.32,False,False,True,56.537492733966275
1356,002492.SZ,恒基达鑫,0.30164533820840955,38.27433628318586,1.854456945596672,1.6775470768671537,0.7937654962987287,1.2172509098476194,397834725.00000006,6.15,6.34,6.13,6.23,8123768.0,50677216.0,6.17,0.9724473257698651,10.0,6.79,False,False,True,56.49874055415618
1357,600088.SH,中视传媒,0.2764830508474578,30.76923076923077,1.6979800827705573,1.8639859831272476,1.409017163221668,2.4226137796210057,397706400.0,13.0,13.08,12.3,12.54,17959300.0,225542438.0,13.14,-4.566210045662111,10.0,14.45,False,False,True,56.29044758767681
1358,603708.SH,家家悦,0.2733686067019402,24.484848484848488,2.2148576139709375,1.5159847944353313,2.1896149768121296,0.8276910151109309,638338675.0,9.76,9.84,9.6,9.77,8009663.0,78121245.0,9.8,-0.3061224489796066,10.0,10.78,False,False,True,56.27979073822903
1359,000882.SZ,华联股份,0.29914529914529925,29.133858267716526,1.8235442515916678,2.19402959883618,1.001000132620204,1.0165359101355467,2735636141.0,1.61,1.61,1.56,1.58,61013163.0,96745927.0,1.62,-2.4691358024691357,10.0,1.78,False,False,True,56.215849641542334
1360,002011.SZ,盾安环境,0.39153439153439135,28.879753340184976,1.4911497789820338,1.6890702270686144,1.376803922219827,5.762520245480605,1061515502.0,11.8,12.5,11.29,12.45,103320503.0,1230766149.0,11.95,4.184100418410042,10.0,13.15,False,False,True,56.15384615384615
1361,688099.SH,晶晨股份,0.2636018557570645,33.8471023427867,2.2348084075406183,2.3381238464769383,0.6328308353946046,0.48570675802618996,423319995.0,88.12,88.79,87.2,87.77,4807402.0,422828310.0,88.06,-0.3293209175562195,20.0,105.67,False,False,True,56.142220499903125
1362,600415.SH,小商品城,0.3313253012048191,38.90063424947145,1.809588892433697,1.2655448357511676,0.9140565287417792,0.5372184590042052,5483559226.000001,12.7,12.72,12.48,12.52,37281296.0,468295557.0,12.76,-1.8808777429467072,10.0,14.04,False,False,True,56.13253245495059
1363,300492.SZ,华图山鼎,0.08457923964117899,37.70014556040757,2.4881392010063044,1.6872974464944437,1.5566335857948232,0.6912671038742545,275305961.0,24.58,24.75,23.71,23.82,3211095.0,76945173.0,24.57,-3.0525030525030528,20.0,29.48,False,False,True,56.06084092230188
1364,002043.SZ,兔 宝 宝,0.2069425901201603,31.999999999999986,2.211061705792038,1.7244344019991427,1.3109805295165708,0.6098047086886993,806105572.0,11.57,11.66,11.38,11.58,8476750.0,97780340.0,11.65,-0.6008583690987113,10.0,12.82,False,False,True,55.88936252664213
1365,300238.SZ,冠昊生物,0.19462227912932153,29.636898920510312,2.1474051946433077,2.457961345761646,1.1211429221726203,0.5996599683445789,265134082.00000003,11.69,11.69,11.38,11.45,3907920.0,44855890.0,11.71,-2.220324508966709,20.0,14.05,False,False,True,55.867080023251305
1366,000421.SZ,南京公用,0.3478260869565218,25.872689938398352,1.486274989947443,2.2837571311394833,1.6770168984798932,0.6452769478887267,574208022.0,5.97,6.0,5.9,5.97,8461850.0,50376861.0,5.99,-0.33388981636061077,10.0,6.59,False,False,True,55.84576632435575
1367,002178.SZ,延华智能,0.19298245614035076,34.5,1.9206727167979991,2.187761282635909,1.198905233733285,0.48215001018852205,711830932.9999999,4.75,4.76,4.69,4.72,7508600.0,35412051.0,4.77,-1.0482180293501009,10.0,5.25,False,False,True,55.745010656849445
1368,001209.SZ,洪兴股份,0.22800194457948467,35.356386732533515,1.763085968877793,2.347939741879548,1.0348344123391806,0.9520182492243945,96126596.0,18.89,19.18,18.65,19.15,2148700.0,40536724.0,18.86,1.5376458112407176,10.0,20.75,False,False,True,55.72563456694439
1369,003017.SZ,大洋生物,0.3665236051502146,33.74070138150904,1.224315084454644,2.477488193612815,1.0709135909862888,0.6185339763295643,83481083.99999999,23.1,23.25,22.91,23.02,1279273.0,29526479.0,23.09,-0.3031615417929845,10.0,25.4,False,False,True,55.60162759155202
1370,000839.SZ,国安股份,0.2938144329896909,35.34482758620692,1.756111237060317,1.7975270132578518,1.0041905474488007,1.1568385643566328,3919826352.0,2.87,2.9,2.81,2.9,81510773.0,232434956.0,2.89,0.34602076124565784,10.0,3.18,False,False,True,55.597752373571005
1371,600533.SH,栖霞建设,0.39200000000000007,31.318681318681318,1.5569389011150931,1.7559878999999956,1.0796099517676627,0.7271493320491722,1050000000.0,2.3,2.32,2.27,2.29,13407087.0,30716344.0,2.31,-0.8658008658008698,10.0,2.54,False,False,True,55.52218562294129
1372,000514.SZ,渝 开 发,0.2507374631268436,29.66101694915253,1.9050682627866042,1.9220783687431056,1.5782697386760691,0.7537250478778463,843770965.0,4.38,4.4,4.32,4.34,12223867.0,53179971.0,4.39,-1.1389521640091105,10.0,4.83,False,False,True,55.41561712846347
1373,002698.SZ,博实股份,0.1590330788804071,34.91620111731844,2.2655928757196793,2.0232817885623136,1.2260981424279294,0.6480243888258398,844138325.0,11.96,12.01,11.62,11.7,11067801.0,129989101.0,11.99,-2.4186822351960013,10.0,13.19,False,False,True,55.23735710133696
1374,603363.SH,傲农生物,0.1861111111111111,27.3076923076923,2.3980686062604635,2.408399083937076,1.3188898032531,1.1364544712551987,2146589668.0,3.22,3.32,3.22,3.26,58752930.0,192341486.0,3.27,-0.3058103975535187,10.0,3.6,False,False,True,55.136601433830656
1375,600266.SH,城建发展,0.17438692098092634,28.342245989304793,2.4051280811389555,2.372853429814435,1.3855572704316832,0.6279027004132082,2075743507.0,4.36,4.37,4.27,4.3,30926940.0,133235409.0,4.38,-1.82648401826484,10.0,4.82,False,False,True,55.095911645030036
1376,300266.SZ,兴源环境,0.3034482758620689,31.90184049079754,2.073336919701913,1.483406352506509,1.0796184658428778,1.5415315104021894,1553051914.0,2.09,2.09,2.02,2.05,35513912.0,72813837.0,2.07,-0.9661835748792313,20.0,2.48,False,False,True,54.98546793257121
1377,600824.SH,益民集团,0.3287037037037037,22.57053291536051,1.963880572291377,1.855850034698298,2.1600375488519354,2.6258169900726447,1054027073.0,4.06,4.17,3.93,3.94,51364031.0,206648704.0,3.9,1.025641025641022,10.0,4.29,False,False,True,54.94865336175161
1378,605136.SH,丽人丽妆,0.27510316368638227,33.1877729257642,1.6423095688111533,2.2967056012046148,1.1496392093805563,0.8745016283381017,400458500.0,8.88,8.88,8.67,8.72,8043100.0,70125478.0,8.87,-1.6910935738444044,10.0,9.76,False,False,True,54.93121488083704
1379,603599.SH,广信股份,0.32590529247910865,28.60286028602861,1.8520693472322527,1.835268527031409,1.2349489064703194,1.351848020423555,910269345.0,11.32,11.54,11.26,11.41,22583820.0,257012154.0,11.43,-0.17497812773402677,10.0,12.57,False,False,True,54.85564813020732
1380,600096.SH,XD云天化,0.3894523326572008,31.096625766871156,1.6630096688878644,2.098249582378152,0.9297737178204037,1.0541780415420028,1822990731.0,31.4,31.67,30.89,31.39,40323254.0,1268548107.0,31.68,-0.9154040404040331,10.0,34.85,False,False,True,54.73939159077699
1381,002561.SZ,徐家汇,0.3651551312649165,30.03300330033003,1.667706048709086,1.5602360307455825,1.528124213116174,1.440928508101263,414439567.0,7.55,7.64,7.46,7.57,9317383.0,70501168.0,7.59,-0.26350461133068936,10.0,8.35,False,False,True,54.73551637279598
1382,605066.SH,天正电气,0.34169278996865193,32.708688245315166,1.503206844587932,2.1962978754635203,1.0991517053397606,0.5055062411575941,502433125.0,6.96,7.06,6.89,6.95,5578225.0,38834653.0,6.96,-0.1436781609195359,10.0,7.66,False,False,True,54.708389846928895
1383,300942.SZ,易瑞生物,0.17500000000000004,38.738738738738746,1.6450857910260264,2.452830374760385,1.6812418419984834,0.38558773339473773,405077895.0,6.61,6.63,6.5,6.51,3831151.0,25054723.0,6.67,-2.398800599700157,20.0,8.0,False,False,True,54.60279015694633
1384,300261.SZ,雅本化学,0.2528473804100228,35.36299765807964,1.897752396133911,1.7149082564299594,1.2622043871941588,2.2913545083361453,942830489.0,5.32,5.49,5.25,5.31,37048173.0,197582428.0,5.38,-1.3011152416356975,20.0,6.46,False,False,True,54.512691338887805
1385,603711.SH,香飘飘,0.30245231607629436,35.59837728194726,1.5819302484317461,1.6642046449510834,1.604827923020895,0.5355206724390864,412874100.00000006,12.01,12.08,11.82,11.94,3679600.0,43900027.0,12.08,-1.1589403973509937,10.0,13.29,False,False,True,54.46618872311567
1386,301097.SZ,天益医疗,0.29743331655762445,33.037542662116024,1.7980796064841331,2.1648417995375637,1.0183984980720902,0.5849891414797573,39590371.0,34.51,34.72,33.9,34.03,501376.0,17159699.0,34.69,-1.902565580859028,20.0,41.63,False,False,True,54.36543305560938
1387,000756.SZ,新华制药,0.28075253256150506,31.7789291882556,1.5738630169612062,2.3626059042520304,1.58619239296829,0.6523843960389316,498872911.0,13.43,13.55,13.28,13.38,7689264.0,102719329.0,13.52,-1.0355029585798703,10.0,14.87,False,False,True,54.229800426273975
1388,002819.SZ,东方中科,0.2530206112295666,34.30296377607025,2.010701653215788,1.6380113789611455,1.3917640887611613,1.3342197219428091,236198486.0,21.73,22.49,21.7,22.46,5194954.0,115361119.0,21.78,3.1221303948576695,10.0,23.96,False,False,True,53.92172059678357
1389,603168.SH,莎普爱思,0.33480176211453755,35.164835164835175,1.5995558617294783,2.118234266118393,1.0270878913796717,0.6669811458126511,372514005.00000006,6.05,6.08,5.96,6.0,5262961.0,31641657.0,6.07,-1.1532125205930832,10.0,6.68,False,False,True,53.850029064134866
1390,001201.SZ,东瑞股份,0.3939024390243903,32.39024390243903,1.4521734024495152,1.9436928771349289,1.2524989690096429,3.99712615286836,212507395.0,13.81,14.73,13.71,13.88,16510094.0,231562738.0,13.48,2.9673590504451175,10.0,14.83,False,False,True,53.81708971129626
1391,000665.SZ,湖北广电,0.2092391304347826,26.062322946175655,2.473242027060322,2.3118779492165666,1.6837996068225316,0.7645112595947127,1137119780.0,4.26,4.29,4.15,4.18,20098100.0,84161422.0,4.3,-2.7906976744186074,10.0,4.73,False,False,True,53.74152296066654
1392,000607.SZ,华媒控股,0.3888888888888887,36.02693602693603,1.642707086034661,1.5339260552372804,1.0583458537126493,1.4227509272256407,885062168.0,3.98,4.04,3.87,3.93,19315550.0,75580155.0,4.02,-2.238805970149238,10.0,4.42,False,False,True,53.60589033133114
1393,600860.SH,京城股份,0.1679064824654623,34.17015341701533,2.183815907778915,2.408738259873545,1.3696577129985696,0.5663814889392339,444040788.0,8.71,8.8,8.58,8.67,6057892.0,52496205.0,8.75,-0.9142857142857119,10.0,9.63,False,False,True,53.5225731447394
1394,002476.SZ,新叶股份,0.3316582914572865,39.152119700748145,1.5835715338604606,1.7735889705882297,1.05381018374215,0.7521674806479919,612000000.0,5.32,5.33,5.21,5.23,8164300.0,42859032.0,5.33,-1.8761726078799223,10.0,5.86,False,False,True,53.48575857391978
1395,603077.SH,和邦生物,0.3915662650602409,23.188405797101442,1.9605745923897426,2.2463814970869755,1.1091759067319567,3.0151224726397503,8831707728.0,2.53,2.58,2.5,2.56,598181712.0,1522787387.0,2.53,1.1857707509881577,10.0,2.78,False,False,True,53.42763030420461
1396,002790.SZ,瑞尔特,0.22789539227895395,35.46511627906976,1.932543152049258,2.1538671832296004,1.275775394848711,3.9565538351658485,260697500.0,7.69,7.69,7.69,7.69,22216358.0,170843793.0,6.99,10.014306151645203,10.0,7.69,True,False,True,53.115675256733184
1397,600649.SH,城投控股,0.3193277310924369,25.525525525525516,2.281479860154571,1.669688702014233,1.773737219959054,0.5562059438659376,2491800768.0,4.07,4.08,3.95,3.97,23141124.0,92335400.0,4.09,-2.933985330073341,10.0,4.5,False,False,True,53.03235807014144
1398,000812.SZ,陕西金叶,0.32600732600732607,34.563758389261736,1.4331952811269508,2.3683090083591067,1.3476178302889843,1.635540454535069,756129681.0,3.86,3.95,3.8,3.95,29288420.0,113738620.0,3.87,2.067183462532296,10.0,4.26,False,False,True,53.02460763417942
1399,300143.SZ,盈康生命,0.2795698924731182,32.656249999999986,2.163706826736355,1.7167788866815414,1.2016808217489077,0.3925605202067521,832252459.0,7.66,7.73,7.54,7.57,5608879.0,42567268.0,7.7,-1.6883116883116833,20.0,9.24,False,False,True,52.945165665568695
1400,600148.SH,长春一东,0.39649122807017534,36.46788990825689,1.5228868569659404,1.56345230536803,1.2221022574905156,1.6140374633306427,141516450.0,16.4,16.9,16.2,16.64,3571126.0,59153332.0,16.47,1.0321797207043293,10.0,18.12,False,False,True,52.93935283859717
1401,000590.SZ,古汉医药,0.3830570902394108,29.718875502008025,1.9622151140918624,1.7678485666159225,1.0576377263518246,0.5678904415614285,239351027.0,9.58,9.58,9.42,9.46,2402951.0,22802125.0,9.55,-0.942408376963344,10.0,10.51,False,False,True,52.823096299166835
1402,002244.SZ,滨江集团,0.2504570383912248,34.57814661134162,2.2994569246651455,1.5146415657606997,1.3967132569499814,0.54627024402298,2757549340.0,8.57,8.6,8.35,8.4,22816063.0,192281255.0,8.6,-2.3255813953488302,10.0,9.46,False,False,True,52.654524316992834
1403,601177.SH,杭齿前进,0.27283511269276406,34.24657534246576,1.8191723537040034,2.2255298428369557,1.251710173844456,0.44456841983473394,402416500.0,13.98,14.05,13.86,13.95,3981510.0,55543522.0,13.98,-0.21459227467811592,10.0,15.38,False,False,True,52.56345669443906
1404,600774.SH,汉商集团,0.389655172413793,39.04109589041096,1.5817584616787292,1.5814292551334,1.0521635500064588,0.8617320152879219,288856047.0,8.17,8.3,7.97,8.04,3997244.0,32222609.0,8.1,-0.7407407407407418,10.0,8.91,False,False,True,52.540205386553
1405,002545.SZ,东方铁塔,0.32441288913162214,35.190039318479684,2.1130367276535935,1.7624104507167517,0.9334142665381259,1.4650586584128635,1130163708.0,17.91,18.32,17.14,17.49,29181219.0,513153004.0,17.94,-2.5083612040133985,10.0,19.73,False,False,True,52.540205386552984
1406,300256.SZ,星星科技,0.23346303501945526,39.13043478260872,1.9692848048229394,1.6363166923413532,1.5101276569118909,0.579982787309706,2243393386.0,2.89,2.9,2.82,2.82,21290600.0,60530176.0,2.9,-2.758620689655178,20.0,3.48,False,False,True,52.52470451462895
1407,600684.SH,珠江股份,0.2245989304812834,34.602076124567475,1.9680283227286246,2.4865416917375773,1.2145432257501063,0.8223979516170384,853460723.0,3.69,3.72,3.63,3.64,17452647.0,63836754.0,3.73,-2.4128686327077764,10.0,4.1,False,False,True,52.35419492346446
1408,002399.SZ,海普瑞,0.3599999999999999,36.11764705882354,2.2286690294773295,0.6511294142683396,1.6950248584878438,0.41356268131040175,1247201704.0,9.98,10.02,9.9,9.99,3358500.0,33474741.0,10.03,-0.3988035892322994,10.0,11.03,False,False,True,52.243751211005616
1409,002390.SZ,信邦制药,0.3856209150326796,29.527559055118104,1.8985182015187068,1.714564071293035,1.295975700317508,0.7836465089628691,1927818234.0,3.12,3.12,3.05,3.08,25902400.0,79907629.0,3.13,-1.5974440894568676,10.0,3.44,False,False,True,52.13912032551832
1410,000039.SZ,中集集团,0.3173216885007279,35.644937586685145,2.201294306178628,1.8417768066706415,0.940767571457902,0.7344190295527016,2301407141.0,9.34,9.66,9.32,9.6,31129660.0,296956517.0,9.39,2.2364217252396124,10.0,10.33,False,False,True,51.43770587095523
1411,002987.SZ,京北方,0.2640163098878695,37.52711496746202,1.8478296387063935,1.9175820217917319,1.5882766664851797,0.6344949461344143,1013925333.0,11.82,11.85,11.55,11.6,12336390.0,143643428.0,11.81,-1.7781541066892559,10.0,12.99,False,False,True,51.41832978105019
1412,301116.SZ,益客食品,0.31259259259259253,31.25,1.8575320257493835,1.9730176673970776,2.246652726960777,0.6387173226485773,448977343.0,10.01,10.17,9.92,9.96,5658015.0,56825517.0,10.11,-1.4836795252225365,20.0,12.13,False,False,True,51.395078473164126
1413,000952.SZ,广济药业,0.34132841328413277,38.000000000000014,1.8225093245143047,2.0849050843205936,0.9556609908096394,0.8510906897125486,343994535.00000006,6.85,6.85,6.66,6.69,6103988.0,41137929.0,6.85,-2.3357664233576547,10.0,7.54,False,False,True,51.19162952916102
1414,300673.SZ,佩蒂股份,0.38652482269503535,33.39382940108892,1.7968002859565,2.1158720826309727,1.022837238791143,1.1568489959796537,160461274.0,14.22,14.63,14.18,14.53,3927682.0,56707932.0,14.29,1.679496151154658,20.0,17.15,False,False,True,51.1218756055028
1415,600740.SH,山西焦化,0.3612334801762116,32.698412698412696,1.7716704836230786,2.005683639111778,1.2662179934993654,1.0645196214976447,2562121154.0,4.0,4.12,3.95,4.08,54703582.0,220968808.0,3.97,2.7707808564231717,10.0,4.37,False,False,True,51.11024995155978
1416,300381.SZ,溢多利,0.34955752212389385,24.067164179104484,2.4081730096920912,2.3021992012116903,1.213345963283076,2.0284440544853735,478453174.0,6.1,6.37,6.08,6.18,22343200.0,139041022.0,6.15,0.4878048780487809,20.0,7.38,False,False,True,50.53671769037008
1417,601388.SH,怡球资源,0.38388625592417075,39.77695167286246,1.5961532805065048,2.1330356665752106,0.9746564000817042,0.7371099102400858,2201222616.0,3.47,3.5,3.43,3.49,34609421.0,120211268.0,3.47,0.5763688760807018,10.0,3.82,False,False,True,50.46696376671188
1418,003039.SZ,顺控发展,0.3320158102766799,39.14656771799629,1.8719243864590822,1.344806585866629,2.248482421108208,1.7487788494350527,617518730.0,13.31,13.54,13.03,13.06,14522616.0,192241208.0,13.3,-1.8045112781954864,10.0,14.63,False,False,True,49.88568106956016
1419,600316.SH,洪都航空,0.36542486395981577,38.963774220724524,1.6585008747551389,1.9471283827540178,1.210220370050003,1.6304480706997413,717114512.0,32.67,34.94,32.35,34.16,22766175.0,775140746.0,32.47,5.204804434862953,10.0,35.72,False,False,True,49.54466188723116
1420,301503.SZ,智迪科技,0.2793255131964811,33.60611020185489,2.0388275417433857,2.3095224387875377,1.4571211948815794,0.833239103884701,57668000.0,22.08,22.45,21.74,21.85,1109754.0,24363762.0,22.14,-1.3098464317976455,20.0,26.57,False,False,True,49.500096880449526
1421,601366.SH,利群股份,0.27329192546583864,32.45901639344264,2.2226332263187234,2.1242920433273076,1.9670834944412057,0.7413733260921713,959741113.0,3.9,3.95,3.85,3.92,15114900.0,59114838.0,3.93,-0.2544529262086592,10.0,4.32,False,False,True,49.12032551831041
1422,002602.SZ,世纪华通,0.3971153846153846,38.16666666666666,2.0864173048515395,1.7017661778567137,0.95720498970451,0.9355366721985579,6796829127.0,16.1,16.15,15.73,15.78,108209915.0,1716117396.0,16.13,-2.169869807811531,10.0,17.74,False,False,True,48.77736872699089
1423,600185.SH,珠免集团,0.2828784119106699,35.76470588235292,2.28172206353547,2.063594056484049,1.8155412639620179,1.5020658615548823,1885005795.0,5.36,5.38,5.21,5.3,58428661.0,309587153.0,5.39,-1.6697588126159513,10.0,5.93,False,False,True,47.07227281534587
1424,603668.SH,天马科技,0.3285714285714286,38.82113821138211,2.186946910156805,2.0664723076937506,1.2150087706756036,2.3084355261894745,505796732.0,13.05,13.68,12.87,13.01,24128113.0,318821677.0,13.06,-0.3828483920367609,10.0,14.37,False,False,True,45.97364851772912
1425,002277.SZ,友阿股份,0.3342245989304813,38.367346938775505,2.2510471600349393,2.045885553067735,1.2386558816317454,0.837560997187414,1394172800.0,6.1,6.15,5.96,6.12,23889903.0,144912235.0,6.15,-0.4878048780487809,10.0,6.77,False,False,True,45.53187366789382
1426,002098.SZ,浔兴股份,0.36254295532646047,36.13861386138615,2.0178256252164672,2.0053847067039046,2.0639596509889606,0.8427142161141639,358000000.0,8.18,8.27,8.03,8.15,6050079.0,49117670.0,8.17,-0.244798041615657,10.0,8.99,False,False,True,45.4931214880837
1427,002265.SZ,建设工业,0.29965556831228474,39.44549464398235,2.412110819574817,1.8291654732920777,1.6849486553059958,1.9175999481520405,1033040407.0,20.94,22.25,20.76,21.67,36235004.0,780886384.0,21.09,2.750118539592239,10.0,23.2,False,False,True,45.229606665374924
1428,605016.SH,百龙创园,0.39303000968054225,36.476683937823836,2.2836213043210143,1.702950487261893,1.5237043371858023,0.8054410298260906,420012320.00000006,22.46,22.84,21.88,22.49,5760999.0,129380564.0,22.64,-0.6625441696113121,10.0,24.9,False,False,True,44.907963572950976
1429,001318.SZ,阳光乳业,0.3492462311557788,33.57894736842104,2.324303874748779,2.0700032371046433,2.297375640497085,0.697940581358338,282660000.0,12.42,12.42,12.06,12.16,4083700.0,49657539.0,12.28,-0.9771986970683932,10.0,13.51,False,False,True,44.86339856616935
1430,603839.SH,安正时尚,0.33836206896551707,36.624775583482936,2.4135851134946553,2.1118894893805424,1.9644322789358446,0.5137538113252876,387016200.0,7.12,7.2,6.97,7.01,4199092.0,29539526.0,7.14,-1.8207282913165201,10.0,7.85,False,False,True,43.34237550862236
