pool_rank,code,name,bottom_percentile,range_60d_pct,mean_abs_return_20d_pct,mean_turnover_20d_pct,recent_volume_ratio,event_volume_ratio,outstanding_share,event_open,event_high,event_low,event_close,event_volume,event_amount,previous_close,event_gain_pct,limit_up_rate_pct,limit_up_price,hit_limit_up,is_st,passes_dormant_filter,dormancy_score
1,688334.SH,西高院,0.019538188277086935,28.452380952380942,1.2138477750836825,0.623025671863265,0.6302170481797511,0.8038363192789945,312171069.0,17.05,17.05,16.73,16.8,1563386.0,26684102.0,17.02,-1.2925969447708519,20.0,20.42,False,False,True,95.8062015503876
2,603230.SH,内蒙新华,0.04160475482912324,27.251461988304083,1.4438647702541414,0.5559460487719275,0.7778206229222732,1.1676011639683104,353523000.0,8.88,8.9,8.58,8.61,2294800.0,19892799.0,8.83,-2.491506228765583,10.0,9.71,False,False,True,92.83527131782947
3,603511.SH,爱慕股份,0.013541666666666747,29.285714285714292,1.330027033353336,0.4366932340476525,1.072871971683753,0.9758710283167429,401887312.0,11.36,11.36,11.03,11.2,1712668.0,19107879.0,11.33,-1.1473962930273696,10.0,12.46,False,False,True,91.86046511627907
4,605259.SH,绿田机械,0.04442771084337348,30.764563106796118,1.3053430170818074,0.7446823399814427,0.7456593751088509,0.7173464984143526,172480000.0,17.1,17.1,16.56,16.7,921380.0,15403388.0,17.07,-2.1675454012888173,10.0,18.78,False,False,True,91.6782945736434
5,600029.SH,南方航空,0.031339031339031174,16.56565656565656,1.5838390070602935,0.8126411683140315,1.005946804082492,0.6309557081454251,13476972212.0,5.03,5.1,5.01,5.08,69101905.0,349681098.0,5.06,0.39525691699606735,10.0,5.57,False,False,True,91.40503875968993
6,600798.SH,宁波海运,0.040697674418604564,28.666666666666664,1.2941909563374998,1.2719532846462545,0.5421098300628346,0.6800800862661561,1206534201.0,3.05,3.1,3.04,3.07,10436884.0,32075395.0,3.07,0.0,10.0,3.38,False,False,True,91.00968992248062
7,600307.SH,酒钢宏兴,0.03478260869565202,34.558823529411754,1.3772254224649965,0.8711761968256423,0.7528260322728192,0.8721387433114256,6263357424.0,1.4,1.42,1.38,1.42,47588145.0,66891691.0,1.4,1.4285714285714235,10.0,1.54,False,False,True,90.92441860465115
8,000877.SZ,天山股份,0.02349869451697136,37.46478873239436,1.3507930023914538,0.19457715463378703,0.9337239656269677,0.9389333780592155,7110490194.0,3.64,3.65,3.58,3.62,12990509.0,46919650.0,3.64,-0.5494505494505475,10.0,4.0,False,False,True,90.88565891472868
9,002059.SZ,云南旅游,0.0515970515970518,24.626865671641806,1.4347595374236095,0.8288666447898165,0.8020059190959072,0.7918005188624232,990393246.0,4.21,4.26,4.19,4.25,6491800.0,27395202.0,4.23,0.47281323877068626,10.0,4.65,False,False,True,90.84883720930232
10,600221.SH,海航控股,0.06349206349206356,26.923076923076916,1.2103573541748331,0.6528492327316094,0.7855541127453447,0.8022245321354533,42845514933.0,1.33,1.34,1.32,1.33,224395531.0,298494731.0,1.34,-0.7462686567164201,10.0,1.47,False,False,True,90.26550387596899
11,002282.SZ,博深股份,0.05118110236220466,24.500907441016338,1.4895066498161995,0.9221703322608971,0.8060774526656561,1.0516704560200945,483311104.0,5.61,5.66,5.47,5.51,4732862.0,26254744.0,5.64,-2.3049645390070927,10.0,6.2,False,False,True,90.17635658914729
12,600897.SH,厦门空港,0.10036719706242352,16.131386861313878,0.8283399228779347,0.40352309957930443,0.6529834815953302,1.057239995839339,416934000.0,14.55,14.55,14.25,14.32,1778727.0,25530695.0,14.52,-1.377410468319551,10.0,15.97,False,False,True,90.13372093023256
13,000631.SZ,顺发恒能,0.04999999999999994,33.823529411764696,1.6893310849516283,0.5497010188153919,0.5374651655907231,1.254381601053518,2300000085.0,2.8,2.88,2.78,2.86,15859302.0,44982164.0,2.81,1.7793594306049654,10.0,3.09,False,False,True,89.90891472868216
14,002206.SZ,海 利 得,0.062499999999999875,19.132149901380657,1.417346720188074,1.1073062860583986,0.7040572320003696,0.6807675176136743,1056970986.0,5.2,5.2,5.12,5.13,7967396.0,41023382.0,5.21,-1.5355086372360827,10.0,5.73,False,False,True,89.54651162790697
15,002302.SZ,西部建设,0.04622871046228699,38.20754716981132,1.4400179217552396,0.547073153560534,0.7309702479508546,1.0382236378025693,1262354304.0,4.39,4.44,4.36,4.41,7169974.0,31482411.0,4.43,-0.4514672686230181,10.0,4.87,False,False,True,89.3953488372093
16,002333.SZ,罗普斯金,0.07172995780590714,28.41409691629957,1.4212116970420763,0.7402181547609995,0.6011835688777036,4.572578735112114,666502712.9999999,4.66,5.18,4.65,4.98,22559199.0,111890393.0,4.71,5.732484076433142,10.0,5.18,True,False,True,89.16279069767441
17,603227.SH,雪峰科技,0.06284153005464468,33.478260869565226,1.3079770480698336,0.751568395741846,0.562607790911302,2.0185601631524515,1071692689.0,7.13,7.16,6.78,7.02,16258500.0,112594339.0,7.13,-1.5427769985974837,10.0,7.84,False,False,True,89.12015503875969
18,603788.SH,宁波高发,0.025540275049115727,37.704918032786885,1.5284765169215806,0.8120275470473874,0.8941863932199106,0.885479988459435,223065068.0,13.01,13.01,12.71,12.75,1603914.0,20564573.0,12.94,-1.4683153013910322,10.0,14.23,False,False,True,88.99612403100775
19,600551.SH,时代出版,0.06332453825857526,27.357032457496146,1.057771746054359,0.6379933744601545,0.9286118308214429,1.0782516431371394,678055239.0,6.74,6.77,6.55,6.73,4664460.0,31007717.0,6.71,0.29806259314457684,10.0,7.38,False,False,True,88.95155038759688
20,300160.SZ,秀强股份,0.04280155642023358,29.850746268656714,1.6447826802234207,1.0187469664952926,0.8334854822953383,1.0068560418281618,762964451.0,4.12,4.14,4.02,4.05,7825967.0,31838705.0,4.13,-1.937046004842613,20.0,4.96,False,False,True,88.72480620155038
21,301215.SZ,中汽股份,0.03663003663003651,31.919191919191924,1.5341407146426955,0.844331847398664,0.9820119846428761,0.9025312100543496,1322400000.0,5.05,5.07,4.97,5.02,10077162.0,50473751.0,5.05,-0.5940594059405946,20.0,6.06,False,False,True,88.51550387596899
22,600742.SH,富维股份,0.03899082568807338,38.96848137535815,1.5947970618720464,0.7865546288264866,0.7577282515314696,0.9836592980632071,743057880.0,7.15,7.21,7.09,7.16,5749052.0,41157280.0,7.15,0.13986013986013734,10.0,7.87,False,False,True,88.42054263565892
23,688425.SH,铁建重工,0.07125890736342047,23.89610389610388,1.25287013256429,0.390119573518083,0.9848387276330619,1.3820464378703612,5333497000.0,4.12,4.14,4.04,4.08,28756262.0,119529535.0,4.15,-1.6867469879518149,20.0,4.98,False,False,True,88.28100775193799
24,603111.SH,康尼机电,0.07377049180327856,26.022304832713772,1.1869526608546543,0.6790827564631585,0.8866281837754334,1.5623890867231152,837595196.0,5.58,5.6,5.38,5.4,8957306.0,49933615.0,5.56,-2.877697841726601,10.0,6.12,False,False,True,88.27906976744185
25,002641.SZ,公元股份,0.054945054945054986,19.41489361702129,1.5642782016303514,1.027562649507495,0.9297485033896252,0.7776584957490018,1133957528.0,3.85,3.85,3.75,3.78,9061445.0,34341749.0,3.86,-2.0725388601036343,10.0,4.25,False,False,True,88.13372093023256
26,603018.SH,XD华设集,0.04566210045662124,24.901185770751,1.2768419470701011,0.988467935157737,1.0720415168288857,1.3012953622917127,819147727.0,5.16,5.16,5.01,5.05,10238285.0,52299821.0,5.16,-2.131782945736438,10.0,5.68,False,False,True,88.07558139534885
27,000428.SZ,华天酒店,0.03731343283582075,32.5503355704698,1.768977105281305,1.1341154509748461,0.7682951038976801,0.9262044681781021,1018926000.0,3.03,3.04,2.99,3.02,10703031.0,32277807.0,3.03,-0.3300330033003229,10.0,3.33,False,False,True,88.0406976744186
28,688459.SH,哈铁科技,0.10773480662983416,20.23346303501945,1.0280412589297478,0.273049968749996,0.8446455316220104,1.0982635695076721,480000000.0,8.02,8.07,7.91,7.94,1439428.0,11451993.0,8.1,-1.975308641975304,20.0,9.72,False,False,True,88.00193798449612
29,688569.SH,铁科轨道,0.04853387259858447,33.848133848133855,1.9215470787373707,0.41576765573296043,0.7998133521685711,1.1312388398463724,210666700.0,16.04,16.14,15.69,15.97,990834.0,15844381.0,16.02,-0.3121098626716501,20.0,19.22,False,False,True,87.77519379844962
30,600528.SH,中铁工业,0.09923664122137411,22.10200927357033,1.2205981123248164,0.5485724106443706,0.8244283289062582,1.3017697128203043,2221551588.0,6.96,7.01,6.85,6.99,15864432.0,111291549.0,6.99,0.0,10.0,7.69,False,False,True,87.68604651162791
31,002401.SZ,中远海科,0.025402201524132,39.59074733096084,1.577880226475017,0.9281544210490699,0.8753146775369413,1.077881376739677,371398485.0,11.52,11.55,11.3,11.34,3715520.0,42364307.0,11.54,-1.7331022530329254,10.0,12.69,False,False,True,87.66860465116278
32,600261.SH,阳光照明,0.057851239669421704,38.46153846153846,1.3710711665367443,0.7883942785832465,0.6138290201301928,0.8163587808222963,1335052966.0,2.94,2.94,2.88,2.91,8592569.0,24970244.0,2.93,-0.6825938566552892,10.0,3.22,False,False,True,87.65503875968993
33,000789.SZ,万年青,0.06439393939393936,32.171581769437,1.56624164860088,0.5749743565254299,0.8301029807010762,0.9768827406248264,797420215.0,3.9,3.93,3.83,3.86,4478970.0,17331739.0,3.9,-1.025641025641022,10.0,4.29,False,False,True,87.50387596899225
34,000958.SZ,电投产融,0.11304347826086948,27.692307692307683,1.258329815077722,0.4289639160360089,0.637430427195606,0.8370046998251574,5383418520.0,5.42,5.45,5.35,5.4,19328885.0,104301363.0,5.46,-1.098901098901095,10.0,6.01,False,False,True,87.2829457364341
35,600117.SH,西宁特钢,0.05660377358490572,33.00000000000001,1.6169334971064573,0.5031727779060624,0.9179392673916429,0.5438965491344865,3255114857.0,2.17,2.2,2.15,2.18,8908401.0,19323832.0,2.18,0.0,10.0,2.4,False,False,True,87.18507751937985
36,603408.SH,建霖家居,0.09477756286266929,23.397435897435905,1.481488880635598,0.4176244098727981,0.8501269386455633,1.2040076951633343,447573000.0,9.78,9.79,9.62,9.74,2250500.0,21804840.0,9.85,-1.116751269035532,10.0,10.84,False,False,True,87.08139534883722
37,600168.SH,武汉控股,0.09964412811387893,29.77099236641221,1.1885448450267184,0.5345381210611715,0.7260016638969232,1.2377307369649022,993397569.0,4.2,4.23,4.11,4.18,6572460.0,27315429.0,4.21,-0.7125890736342066,10.0,4.63,False,False,True,87.07751937984496
38,600569.SH,安阳钢铁,0.06451612903225794,36.645962732919266,1.5702710292219342,0.5933541239133444,0.6912104306254383,0.6426354314206203,2872421386.0,1.69,1.71,1.67,1.69,10952841.0,18502458.0,1.69,0.0,10.0,1.86,False,False,True,87.06395348837209
39,600935.SH,华塑股份,0.05468749999999988,30.555555555555536,1.9878893052837436,0.6764523519610868,0.7586424289332951,0.3743925091353903,3507401812.0,2.22,2.23,2.2,2.21,8882800.0,19639446.0,2.23,-0.8968609865470878,10.0,2.45,False,False,True,87.00968992248062
40,000881.SZ,中广核技,0.03794037940379396,37.66666666666667,1.5122574536228872,1.1347121562939806,0.8377879313330311,0.5449634886428774,903730851.0,6.1,6.16,6.06,6.13,5588463.0,34156072.0,6.14,-0.16286644951140072,10.0,6.75,False,False,True,86.99612403100774
41,600558.SH,大西洋,0.04132231404958663,32.79816513761467,1.524580720913534,1.4327769532693122,0.8107918132734783,1.102877013420248,897604831.0,4.47,4.52,4.38,4.49,14183743.0,64810024.0,4.46,0.672645739910327,10.0,4.91,False,False,True,86.88953488372093
42,300741.SZ,华宝股份,0.02156640181611799,39.50617283950617,1.7996387400078313,0.43217016793743407,1.0309970562994593,0.914578150863137,615877150.0,12.29,12.42,12.17,12.27,2434275.0,30014145.0,12.34,-0.5672609400324213,20.0,14.81,False,False,True,86.70155038759691
43,601111.SH,中国国航,0.048387096774193485,28.795811518324598,1.7706150677360804,0.818339258302799,0.9907104606931932,1.0001428849394043,11638109474.0,5.86,6.0,5.86,5.98,95252827.0,566577492.0,5.91,1.1844331641285955,10.0,6.5,False,False,True,86.68798449612403
44,601992.SH,金隅集团,0.09708737864077681,30.708661417322823,1.2666325559116802,0.647939813949273,0.6989079326045122,0.9768368904333845,8334158264.0,1.38,1.4,1.37,1.38,52749514.0,72830943.0,1.37,0.7299270072992581,10.0,1.51,False,False,True,86.66085271317829
45,601669.SH,中国电建,0.0862619808306708,32.67108167770418,1.0971452668055959,0.9337986861725047,0.5813102316174471,1.0827886906031496,13071525850.0,4.78,4.84,4.75,4.82,132167068.0,633901686.0,4.8,0.4166666666666874,10.0,5.28,False,False,True,86.59108527131782
46,002732.SZ,燕塘乳业,0.023166023166023127,35.57929334428924,1.835416889839502,1.0657078707975154,0.9509775552562746,1.2422891214066962,157062585.0,12.26,12.41,12.06,12.12,2078100.0,25320101.0,12.35,-1.8623481781376516,10.0,13.59,False,False,True,86.33720930232559
47,300729.SZ,乐歌股份,0.04615384615384626,37.28813559322035,1.413369681407719,0.8961592305606422,0.949039765464011,0.9699313592785497,328084465.0,9.71,9.83,9.58,9.67,2853319.0,27652408.0,9.74,-0.7186858316221789,20.0,11.69,False,False,True,86.29069767441861
48,000965.SZ,天保基建,0.06598984771573597,31.141868512110715,1.561766224798661,1.1717152143255072,0.6736089304070877,1.3552439358071278,1109830895.0,3.04,3.1,2.99,3.06,17623670.0,53623045.0,3.02,1.324503311258285,10.0,3.32,False,False,True,86.24806201550388
49,001213.SZ,中铁特货,0.14388489208633073,20.241691842900302,1.1425309643645252,0.22806049277280102,0.8336768102883524,1.284734793242702,4444444444.0,3.49,3.51,3.44,3.5,13022100.0,45377022.0,3.51,-0.2849002849002802,10.0,3.86,False,False,True,86.0562015503876
50,301048.SZ,金鹰重工,0.048717948717948815,36.585365853658544,1.7267404956891075,0.7418995978875451,0.9139062765255933,1.0344972469976894,533333400.0,8.58,8.62,8.38,8.44,4093297.0,34639433.0,8.58,-1.631701631701643,20.0,10.3,False,False,True,85.97868217054264
51,600567.SH,山鹰国际,0.060240963855421735,19.685039370078748,1.3545294788272217,1.3368336991062573,0.9933397281812085,0.6511562492402655,6307453306.0,1.32,1.33,1.3,1.31,54905600.0,72076589.0,1.32,-0.7575757575757569,10.0,1.45,False,False,True,85.95348837209302
52,603888.SH,新华网,0.05799256505576216,27.77777777777779,1.6158097884488942,1.2852880215307405,0.8588645808992373,1.06175251875971,674738168.0,15.61,15.71,15.3,15.47,9207867.0,158363022.0,15.72,-1.590330788804073,10.0,17.29,False,False,True,85.77906976744187
53,002540.SZ,亚太科技,0.04093567251461979,37.08609271523178,1.4314735194273518,1.3037721488771252,0.896521343381048,1.3233060593191353,858201358.0,4.69,4.7,4.52,4.58,14806458.0,67919670.0,4.67,-1.9271948608136968,10.0,5.14,False,False,True,85.76744186046511
54,600824.SH,益民集团,0.07870370370370368,29.46708463949843,1.4800640957205662,0.830232052303265,0.8797917463636797,1.0018430623348493,1054027073.0,3.35,3.39,3.31,3.35,8766999.0,29547892.0,3.36,-0.29761904761904656,10.0,3.7,False,False,True,85.70930232558139
55,000655.SZ,金岭矿业,0.059649122807017514,38.29787234042552,1.4976504936681139,0.972009803537042,0.705993760357923,1.0578776875938325,595340230.0,6.49,6.57,6.39,6.43,6121690.0,39584547.0,6.45,-0.31007751937984773,10.0,7.1,False,False,True,85.64922480620156
56,002116.SZ,中国海诚,0.11475409836065563,29.663608562691145,1.4705570047958596,0.5576249275093161,0.688180565635857,0.9244762085399311,552152964.0,6.86,6.91,6.73,6.82,2846259.0,19349306.0,6.89,-1.01596516690855,10.0,7.58,False,False,True,85.56395348837209
57,603199.SH,九华旅游,0.09877384196185282,26.266666666666683,1.11421474426508,1.2289775027105119,0.6407576135855101,1.1362029853283149,110680000.0,31.36,31.45,31.0,31.41,1545500.0,48238183.0,31.45,-0.12718600953894876,10.0,34.6,False,False,True,85.50581395348837
58,600805.SH,悦达投资,0.06425702811244968,35.368956743002556,1.7185163070848408,0.9461654956468125,0.6695874186669954,0.7665867850802438,850275368.0,4.1,4.1,3.98,4.04,6167200.0,25035632.0,4.09,-1.2224938875305624,10.0,4.5,False,False,True,85.48255813953487
59,601568.SH,北元化工,0.1824324324324324,19.760479041916177,1.1852161497661255,0.42496127603357847,0.6396796771211166,1.2684475529136037,3972222224.000001,3.6,3.61,3.52,3.59,21411910.0,76285518.0,3.61,-0.5540166204986208,10.0,3.97,False,False,True,85.47093023255813
60,601065.SH,江盐集团,0.10622710622710625,30.829420970266042,1.126363954941867,0.6253559025179535,0.8282408044631775,2.171565368390187,642776079.0,6.68,6.68,6.47,6.56,8728907.0,57168114.0,6.68,-1.7964071856287456,10.0,7.35,False,False,True,85.43410852713177
61,300847.SZ,中船汉光,0.08941176470588233,31.599999999999984,1.5083036254573936,0.8574836660923577,0.7166629443960534,0.8614048473164883,296010000.0,13.22,13.3,13.08,13.3,2186450.0,28874825.0,13.26,0.3016591251885359,20.0,15.91,False,False,True,85.31395348837209
62,301116.SZ,益客食品,0.018433179723502186,39.1990291262136,1.9398688552994323,0.8656355071351509,0.9857557858987601,0.9569386374238896,448977343.0,8.28,8.44,8.13,8.2,3719149.0,30702286.0,8.36,-1.9138755980861233,20.0,10.03,False,False,True,85.2015503875969
63,600283.SH,钱江水利,0.05574912891986069,21.094793057409888,1.656390859654112,0.921115301482205,1.1681332729726814,0.4554880137252307,560824898.0,7.6,7.63,7.56,7.61,2352980.0,17863433.0,7.65,-0.5228758169934622,10.0,8.42,False,False,True,85.10852713178295
64,603182.SH,嘉华股份,0.022970903522205256,39.925719591457764,1.913074365584108,1.1944027347310795,0.8365674335454487,0.9815870104539574,164550000.0,10.96,11.0,10.6,10.68,1929201.0,21066577.0,10.92,-2.197802197802201,10.0,12.01,False,False,True,85.08914728682171
65,600894.SH,广日股份,0.0993788819875777,31.78717598908596,1.4572867916470345,0.6048709601591404,0.7992107929289328,0.9428843997823579,843144445.0,7.66,7.67,7.48,7.56,4808650.0,36232168.0,7.65,-1.176470588235301,10.0,8.42,False,False,True,85.02325581395348
66,600939.SH,重庆建工,0.0748031496062992,37.88546255506606,1.55020175479832,0.578935632489459,0.792524904500727,0.7272343731486098,1902474944.0,2.45,2.51,2.42,2.47,8009836.0,19719785.0,2.46,0.40650406504065817,10.0,2.71,False,False,True,84.99418604651162
67,300230.SZ,永利股份,0.08275862068965495,24.874371859296485,1.4771411131823013,1.4111732613731165,0.7029934154430828,0.894951439918783,629822499.0,4.09,4.1,4.02,4.05,7954227.0,32248980.0,4.1,-1.2195121951219523,20.0,4.92,False,False,True,84.95348837209303
68,600814.SH,杭州解百,0.08593750000000008,30.574324324324344,1.7959115457003005,0.7596578672257791,0.7385180130138074,0.8081900797165886,735078598.0,6.37,6.39,6.25,6.33,4513000.0,28441596.0,6.36,-0.4716981132075526,10.0,7.0,False,False,True,84.89341085271317
69,600425.SH,青松建化,0.12154696132596671,28.6624203821656,1.2108114964422856,0.8755530593411861,0.7017319428617707,1.0912594052096278,1604703707.0,3.36,3.37,3.3,3.36,15332230.0,51172845.0,3.36,0.0,10.0,3.7,False,False,True,84.87790697674419
70,000885.SZ,城发环境,0.16239316239316248,17.4457429048414,1.2319414969113924,0.6617464953707195,0.7917688142513268,1.3977299015974691,642078255.0,12.54,12.58,12.36,12.57,5938857.0,73984057.0,12.55,0.1593625498008011,10.0,13.81,False,False,True,84.87403100775194
71,000156.SZ,华数传媒,0.10958904109589053,23.491027732463298,1.6309817767124575,0.6053097105042285,0.8579803447342824,1.093331159599257,1699875877.0,6.5,6.53,6.34,6.42,11249846.0,73796645.0,6.53,-1.6845329249617236,10.0,7.18,False,False,True,84.86046511627906
72,000544.SZ,中原环保,0.1681034482758619,19.82633863965266,1.0043957762401852,0.441700478770721,0.8524434716294619,1.0851563546249063,974684488.0,7.29,7.3,7.17,7.24,4671800.0,33770008.0,7.3,-0.8219178082191747,10.0,8.03,False,False,True,84.70348837209302
73,600917.SH,重庆燃气,0.17085427135678383,29.147982062780265,1.2105408114828735,0.24725510835162204,0.582346788953314,1.5465367314993972,1561039760.0,4.8,4.81,4.72,4.8,5969246.0,28447634.0,4.8,0.0,10.0,5.28,False,False,True,84.60852713178295
74,603231.SH,索宝蛋白,0.014925373134328259,29.688631426502532,1.6635604139601654,2.0554764176554587,0.959002568436766,0.8695802656830041,106265982.0,14.05,14.29,13.7,13.81,1899400.0,26312387.0,13.93,-0.8614501076812608,10.0,15.32,False,False,True,84.50581395348837
75,002010.SZ,传化智联,0.08333333333333338,33.10344827586209,1.531448187472787,0.7789109500280724,0.8622312660133696,1.2426813300359656,2757765331.0,4.58,4.58,4.48,4.53,26692673.0,120667148.0,4.59,-1.3071895424836555,10.0,5.05,False,False,True,84.50387596899225
76,600054.SH,黄山旅游,0.14593301435406686,16.316793893129766,1.092931344747347,1.167515867913497,0.6949047544698078,0.8225451393278662,513300000.0,11.04,11.08,10.95,11.04,4929397.0,54263688.0,11.09,-0.45085662759243306,10.0,12.2,False,False,True,84.43023255813952
77,600000.SH,浦发银行,0.15162454873646206,14.426633785450061,1.1598517583793995,0.22648372582772797,0.9906723163164369,1.0514211328572247,33305838300.0,8.93,9.01,8.78,9.01,79311118.0,705276460.0,8.95,0.6703910614525244,10.0,9.85,False,False,True,84.3953488372093
78,000898.SZ,鞍钢股份,0.12173913043478252,29.120879120879128,1.468666770517841,0.47286520128189036,0.8438004980044358,1.076068443129051,7957508008.0,1.96,1.99,1.93,1.98,40490576.0,79550373.0,1.96,1.0204081632652962,10.0,2.16,False,False,True,84.24031007751938
79,603107.SH,上海汽配,0.07570422535211266,32.11009174311927,1.38675254351238,0.8815833085664001,0.9665011180623603,1.0789693205296254,218173998.0,11.33,11.35,11.06,11.13,2075274.0,23152200.0,11.33,-1.7652250661959301,10.0,12.46,False,False,True,84.2093023255814
80,600628.SH,新世界,0.07211538461538455,30.270270270270274,1.6008803263715383,1.2099959271289835,0.8475503233849795,0.7597387294389497,646875384.0,5.85,5.88,5.73,5.78,5946601.0,34658161.0,5.85,-1.1965811965811812,10.0,6.44,False,False,True,84.20542635658914
81,601686.SH,友发集团,0.1604938271604937,27.17622080679407,1.025015257015089,0.393016520076852,0.8344889979238655,0.8017444441220012,1479347326.0,5.1,5.11,5.04,5.09,4656600.0,23611274.0,5.1,-0.19607843137254832,10.0,5.61,False,False,True,84.14728682170542
82,603128.SH,华贸物流,0.1807909604519776,16.84210526315788,0.947054753018574,0.676538349905236,0.8356964828132211,1.1848409208799002,1309046494.0,5.07,5.09,5.0,5.08,10493190.0,55108660.0,5.07,0.19723865877712132,10.0,5.58,False,False,True,84.1375968992248
83,601921.SH,浙版传媒,0.20425531914893638,23.348694316436248,1.2139731839914398,0.27788864615273395,0.7371179887108911,1.3701675298294056,2222222223.0,7.0,7.0,6.78,6.92,8461200.0,58863345.0,6.99,-1.0014306151645225,10.0,7.69,False,False,True,84.10465116279069
84,603310.SH,巍华新材,0.03714710252600297,24.541607898448525,1.7359654611321023,1.452333539508268,1.1648718057902268,0.7603439193407978,194010000.0,14.43,14.43,14.01,14.08,2142400.0,30388904.0,14.43,-2.425502425502424,10.0,15.87,False,False,True,84.05813953488372
85,000548.SZ,湖南投资,0.0483091787439614,35.51637279596977,1.695715881967717,1.418206223440301,0.8474858735590013,1.0390528003485693,499215811.00000006,4.02,4.1,4.0,4.02,7356400.0,29626072.0,4.07,-1.2285012285012442,10.0,4.48,False,False,True,84.05038759689923
86,600515.SH,海南机场,0.03692307692307682,37.5,1.4812400071289655,1.1520454779005136,1.1054163266589332,0.8913483063045982,9176012508.0,2.75,2.8,2.73,2.79,94226067.0,261229353.0,2.76,1.0869565217391353,10.0,3.04,False,False,True,84.03294573643412
87,601188.SH,龙江交通,0.13157894736842096,27.715355805243448,1.3567686541743549,0.878797344785991,0.7305414477882138,0.9705873294143194,1305469915.0,2.82,2.84,2.77,2.81,11135000.0,31175764.0,2.82,-0.35460992907800915,10.0,3.1,False,False,True,84.02519379844962
88,301223.SZ,中荣股份,0.11398963730569953,30.86014445173999,1.4039724157942186,0.6911746826812224,0.8340980410535196,0.7809124149491687,193127560.0,15.8,16.13,15.62,15.77,1042400.0,16481346.0,15.89,-0.7551919446192601,20.0,19.07,False,False,True,83.96511627906978
89,603970.SH,中农立华,0.07185628742514959,37.61854583772393,1.4697035135595489,0.806583135855127,0.8887830773071563,1.0715113217628616,268800134.0,9.85,9.92,9.68,9.76,2323140.0,22666951.0,9.85,-0.9137055837563413,10.0,10.84,False,False,True,83.96511627906978
90,000726.SZ,鲁  泰Ａ,0.16935483870967735,22.659176029962545,1.1868847250510668,0.8533523585250209,0.6802581802241519,1.2342498632303396,589288850.0,5.76,5.79,5.67,5.77,6206685.0,35537381.0,5.76,0.17361111111111605,10.0,6.34,False,False,True,83.96511627906976
91,601163.SH,三角轮胎,0.14096916299559487,22.428330522765606,1.3706683705681155,0.49429175000000003,0.9216869969200447,1.5173376856886647,800000000.0,12.48,12.49,12.23,12.46,6000060.0,74768188.0,12.5,-0.31999999999999806,10.0,13.75,False,False,True,83.91085271317829
92,688526.SH,科前生物,0.1419437340153452,23.605150214592264,1.5641262054736023,0.350951466864714,0.8654310733618922,0.7569641659941196,466128056.0,12.72,12.73,12.45,12.58,1238305.0,15593565.0,12.76,-1.4106583072100332,20.0,15.31,False,False,True,83.83527131782945
93,600649.SH,城投控股,0.11764705882352934,33.33333333333335,1.4531623536722076,0.7493439586759134,0.6704121337813934,1.0095287846346905,2504500768.0,3.6,3.63,3.55,3.61,18946155.0,68018083.0,3.61,0.0,10.0,3.97,False,False,True,83.7936046511628
94,601022.SH,宁波远洋,0.1670886075949367,27.27272727272727,1.503858561312858,0.45795057288369,0.6318496394740003,0.9162017778773105,1308633334.0,7.92,7.94,7.83,7.93,5490700.0,43681407.0,7.92,0.12626262626262985,10.0,8.71,False,False,True,83.78294573643412
95,601186.SH,中国铁建,0.2056451612903229,16.48936170212767,1.0036782177701586,0.4280192863831295,0.8801666681876542,1.6368919304515397,11503245500.0,6.14,6.24,6.06,6.23,80594190.0,521341888.0,6.15,1.300813008130075,10.0,6.77,False,False,True,83.76937984496124
96,300470.SZ,中密控股,0.10904872389791184,23.868613138686136,1.7251263641135655,1.0750858261989227,0.6978504815566152,0.910694214699143,197334685.0,28.57,28.75,28.16,28.72,1931700.0,54935717.0,28.81,-0.31239153071850323,20.0,34.57,False,False,True,83.65697674418604
97,600278.SH,东方创业,0.07038123167155429,34.79020979020979,1.7218711088322611,0.7170925522420106,0.9408306968605283,0.7347608588385346,860518657.0,5.93,6.02,5.87,5.91,4534000.0,27178899.0,5.96,-0.8389261744966459,10.0,6.56,False,False,True,83.60852713178295
98,002543.SZ,万和电气,0.04849279161205768,35.867768595041326,1.6710267998408816,0.8301332669235124,1.1192871734593723,0.8958316709787688,661176201.0,6.41,6.43,6.24,6.33,4917401.0,31121722.0,6.42,-1.4018691588784993,10.0,7.06,False,False,True,83.60077519379846
99,600681.SH,百川能源,0.09236947791164657,31.410256410256387,1.4527829401781127,1.245828867434818,0.7033491488374068,1.4250057908186953,1339808772.0,3.37,3.39,3.29,3.36,23785804.0,79522365.0,3.35,0.29850746268655914,10.0,3.69,False,False,True,83.59302325581396
100,002758.SZ,浙农股份,0.12094395280235994,30.958904109589056,1.4530500461555698,0.9438183328068894,0.6019678523160656,1.6196088369119979,518247801.00000006,7.72,7.72,7.44,7.47,7921885.0,59615683.0,7.71,-3.11284046692607,10.0,8.48,False,False,True,83.5813953488372
101,601390.SH,中国中铁,0.15652173913043493,27.901234567901234,1.295466410936968,0.618140266574153,0.7814507858546514,1.2769218805069926,20323920329.0,4.42,4.5,4.36,4.49,160420124.0,726337619.0,4.41,1.8140589569161092,10.0,4.85,False,False,True,83.55813953488372
102,603855.SH,华荣股份,0.12012012012012023,24.59123610202747,1.500830622844792,0.704179610022869,0.9229977377730954,0.6596351893044018,335532500.0,16.09,16.16,15.75,16.11,1558554.0,24793493.0,16.09,0.12430080795524656,10.0,17.7,False,False,True,83.51356589147287
103,000768.SZ,中航西飞,0.09497206703910624,33.38541666666668,1.487731253950924,0.8947472790251241,0.8141869482481784,0.7697068106995149,2776414009.0,20.39,20.57,20.17,20.47,19120971.0,390285968.0,20.39,0.3923491907797949,10.0,22.43,False,False,True,83.50193798449612
104,300425.SZ,中建环能,0.04522613065326626,38.524590163934434,1.6136967535158693,1.2035951811566745,0.967573252775194,1.2206263741696322,680738380.9999999,3.72,3.78,3.68,3.72,10001000.0,37136422.0,3.75,-0.7999999999999896,20.0,4.5,False,False,True,83.49612403100775
105,002011.SZ,盾安环境,0.05357142857142838,33.673469387755084,1.7383498364511827,1.278719915001445,0.9280012822853051,0.8979803787035437,1061515502.0,10.05,10.1,9.89,10.0,12170885.0,122347969.0,10.1,-0.990099009900991,10.0,11.11,False,False,True,83.43604651162791
106,600861.SH,北京人力,0.12349726775956273,29.948805460750847,1.5762186927289863,0.47169732290762,0.8543954822200057,1.119801790146617,536815544.0,12.81,12.92,12.6,12.92,2835500.0,36147317.0,12.85,0.5447470817120603,10.0,14.14,False,False,True,83.39147286821706
107,002381.SZ,双箭股份,0.04545454545454522,36.86354378818737,1.5648238214879073,1.5854587730999268,0.8769666843622186,1.051161943432594,322026500.0,4.98,5.06,4.89,4.92,5361352.0,26544160.0,5.02,-1.9920318725099584,10.0,5.52,False,False,True,83.38953488372093
108,603053.SH,成都燃气,0.21690140845070408,26.80151706700378,1.285858306911987,0.25029207213490545,0.6879651617366008,1.2577190472654611,888890000.0,8.69,8.7,8.5,8.66,2798200.0,24044555.0,8.68,-0.23041474654377225,10.0,9.55,False,False,True,83.25968992248062
109,600834.SH,申通地铁,0.13993174061433453,31.43297380585515,1.4358135729995842,0.45236508283655497,0.8265883002744054,0.9340016426418775,477381905.0,6.92,6.92,6.75,6.8,2016985.0,13743708.0,6.9,-1.449275362318847,10.0,7.59,False,False,True,83.1608527131783
110,600794.SH,保税科技,0.09852216748768483,29.078014184397173,1.4306271409179454,0.9473462455310949,0.9244126701880153,0.7883305338789335,1200152157.0,3.02,3.04,2.98,3.0,8963000.0,26890759.0,3.02,-0.6622516556291425,10.0,3.32,False,False,True,83.13178294573643
111,600125.SH,铁龙物流,0.20289855072463805,21.912350597609564,1.284113591998286,0.8201567329694502,0.6507600797966715,1.163128919714223,1305521874.0,5.44,5.48,5.34,5.46,12454000.0,67307629.0,5.44,0.3676470588235281,10.0,5.98,False,False,True,83.12790697674417
112,301332.SZ,德尔玛,0.08294930875576044,35.06139154160983,1.68466721211168,0.8402865629482846,0.8516880259982162,0.8617230132986988,264840240.0,7.7,7.75,7.56,7.57,1917693.0,14633741.0,7.69,-1.5604681404421394,20.0,9.23,False,False,True,83.12403100775194
113,301339.SZ,通行宝,0.07107843137254903,34.51059535822401,1.6571364824876453,0.7445613987363949,0.999464483940761,1.4580620341843087,569800000.0,10.39,10.44,10.1,10.26,6185844.0,63516090.0,10.49,-2.192564346997139,20.0,12.59,False,False,True,83.11821705426357
114,601599.SH,浙文影业,0.055363321799308016,37.81818181818182,1.4764322505458534,1.4869307887352177,0.8289023942704669,0.8240159040006753,1160542453.0,2.89,2.9,2.82,2.84,14219600.0,40522250.0,2.91,-2.4054982817869552,10.0,3.2,False,False,True,83.11627906976744
115,601618.SH,中国中冶,0.13684210526315801,24.583333333333357,1.3934175621154918,0.6518491684153199,0.9326615537208501,0.8535648635986012,17852619170.0,2.65,2.69,2.62,2.68,99331178.0,264376461.0,2.66,0.7518796992481258,10.0,2.93,False,False,True,83.1046511627907
116,601008.SH,连云港,0.15384615384615394,26.030927835051543,1.4470400845767308,0.6769696244498196,0.8077465306179368,0.9687549116356104,1240638006.0,4.27,4.3,4.21,4.27,8136323.0,34901563.0,4.28,-0.23364485981309802,10.0,4.71,False,False,True,83.09302325581396
117,688370.SH,丛麟科技,0.08488278092158427,32.040816326530596,2.0198792690604543,0.561233574330176,0.8109820476284826,0.81240896226222,137107879.0,20.5,20.99,20.02,20.19,625145.0,12766809.0,20.65,-2.2276029055689928,20.0,24.78,False,False,True,83.09302325581396
118,600820.SH,隧道股份,0.19607843137254918,20.399999999999995,0.9488884494111121,0.5930499956913794,0.8861796099425354,1.173958248851128,3144096094.0,5.39,5.42,5.29,5.38,21889698.0,120692098.0,5.4,-0.37037037037037646,10.0,5.94,False,False,True,83.05813953488374
119,600987.SH,航民股份,0.19215686274509813,20.603015075376895,1.3613367302000607,0.65371501022395,0.7994798361324479,1.4529198697929053,1020818873.0,6.47,6.51,6.33,6.45,9695692.0,62214770.0,6.46,-0.1547987616099089,10.0,7.11,False,False,True,83.05813953488374
120,002204.SZ,大连重工,0.06940063091482668,37.62575452716299,1.442426181638774,1.1521843526253854,0.858404410264966,1.4733583130102164,1931370032.0,5.15,5.2,5.06,5.11,32786559.0,167219914.0,5.19,-1.5414258188824692,10.0,5.71,False,False,True,83.04069767441861
121,002110.SZ,三钢闽光,0.0867768595041324,30.434782608695677,1.736444841880925,0.9207144284484363,0.8933943298114035,0.812176102029151,2429076227.0,2.96,3.01,2.93,2.98,18164201.0,53993648.0,2.97,0.33670033670032407,10.0,3.27,False,False,True,82.99418604651163
122,000652.SZ,泰达股份,0.11309523809523808,38.27160493827162,1.2157424691620835,0.7484384670056491,0.7107294549548202,1.1191414938928463,1458222470.0,3.42,3.45,3.37,3.44,12214196.0,41536945.0,3.43,0.2915451895043608,10.0,3.77,False,False,True,82.96124031007753
123,603568.SH,伟明环保,0.04297693920335432,25.10578279266571,2.056880546501279,0.5312056552595565,1.469617860274957,1.1279550227242345,2048457418.0,14.5,14.51,14.19,14.33,12273867.0,176063863.0,14.59,-1.7820424948594926,10.0,16.05,False,False,True,82.91279069767441
124,600133.SH,东湖高新,0.046511627906976584,38.525730180806676,1.5897484583526433,1.7040184367518565,0.776768071257236,1.0137133574511255,1066239875.0,7.4,7.42,7.18,7.24,18418081.0,133469942.0,7.39,-2.0297699594045926,10.0,8.13,False,False,True,82.87403100775194
125,000409.SZ,云鼎科技,0.0683890577507599,38.46153846153848,1.6734366700219336,0.998730475286474,0.8266595723192047,0.7999641664347017,590473934.0,8.2,8.3,8.09,8.14,4717600.0,38550247.0,8.25,-1.3333333333333308,10.0,9.08,False,False,True,82.84302325581396
126,603299.SH,苏盐井神,0.17312661498708004,30.34883720930235,1.2212132064913799,0.677436656927237,0.7032379735351838,1.0579042579246838,780506184.0000001,9.26,9.31,9.13,9.21,5593600.0,51521216.0,9.27,-0.6472491909384925,10.0,10.2,False,False,True,82.79651162790698
127,603569.SH,长久物流,0.11184210526315803,25.68627450980394,1.515891623420401,0.7606964029666599,0.9919886389909623,1.158206169284763,603507251.0,5.63,5.65,5.4,5.46,5317160.0,29091078.0,5.61,-2.673796791443861,10.0,6.17,False,False,True,82.71317829457365
128,601956.SH,东贝集团,0.017467248908296963,37.155963302752305,1.9761062659328186,1.2660573376910627,1.073732971421321,0.8385109498639359,621616590.0,4.44,4.46,4.33,4.37,6599100.0,28904502.0,4.44,-1.5765765765765827,10.0,4.88,False,False,True,82.70348837209303
129,600662.SH,外服控股,0.09722222222222214,34.48275862068966,1.3604307554673463,0.6191394383893769,0.9750271848716535,1.203011837336237,2276762040.0,4.03,4.07,3.98,4.05,16957112.0,70665127.0,4.05,0.0,10.0,4.46,False,False,True,82.70348837209302
130,000825.SZ,太钢不锈,0.09716599190283409,39.9390243902439,1.2105623738771971,0.5819649467019035,0.8603108657459674,1.0844535015737002,5696247796.0,3.52,3.56,3.46,3.56,35949813.0,126324050.0,3.52,1.1363636363636465,10.0,3.87,False,False,True,82.68217054263567
131,301058.SZ,中粮科工,0.10272536687631012,34.35013262599471,1.514693374843702,0.9043500420365603,0.7911118114372228,0.9309578138792591,512274245.0,8.04,8.05,7.88,7.93,4312897.0,34247232.0,8.03,-1.245330012453294,20.0,9.64,False,False,True,82.6531007751938
132,600271.SH,航天信息,0.03403141361256553,39.370078740157474,2.092463873470064,0.9286383133152144,0.9652316145979403,1.0744777352585877,1852884638.0,6.61,6.73,6.51,6.65,18488105.0,122554424.0,6.61,0.605143721633894,10.0,7.27,False,False,True,82.61046511627907
133,000913.SZ,钱江摩托,0.10288582183186953,33.433433433433436,1.425139517426431,0.8986695848084181,0.8622682022306601,1.159327069974718,520102675.0,10.81,10.81,10.51,10.72,5418700.0,57779358.0,10.81,-0.8325624421831601,10.0,11.89,False,False,True,82.60465116279069
134,603797.SH,联泰环保,0.0559006211180126,37.46556473829201,1.8206875023575588,1.01088491763315,0.9298594876916132,1.1602186921392887,576605190.0,3.7,3.75,3.63,3.64,6762700.0,24847155.0,3.72,-2.1505376344086002,10.0,4.09,False,False,True,82.57751937984496
135,603209.SH,兴通股份,0.14107142857142838,23.673469387755098,1.3705708423749274,1.1045675635497205,0.8196904115669612,0.8368693584077619,321491597.0,12.98,13.18,12.9,13.04,2971800.0,38700679.0,13.04,0.0,10.0,14.34,False,False,True,82.46899224806202
136,600653.SH,申华控股,0.09259259259259267,28.767123287671236,1.6498505346619357,1.0253408532593533,0.9154295754185657,0.811870901117511,1946380317.0,1.55,1.58,1.54,1.56,16202534.0,25251125.0,1.56,0.0,10.0,1.72,False,False,True,82.44186046511628
137,601456.SH,国联民生,0.13267813267813247,13.898704358068304,1.2167098111603596,0.6902304451693505,1.1546601301589008,0.5877874731585588,4376981617.0,8.99,9.03,8.86,8.95,17757800.0,159510218.0,9.03,-0.8859357696566983,10.0,9.93,False,False,True,82.4108527131783
138,603167.SH,渤海轮渡,0.21559633027522968,11.360799001248445,0.9715002140072428,0.9500299100808121,0.8447288185866327,0.8120460763285618,469144503.0,8.49,8.5,8.4,8.49,3619300.0,30558026.0,8.48,0.1179245283018826,10.0,9.33,False,False,True,82.36046511627907
139,601200.SH,上海环境,0.17692307692307693,26.56249999999998,1.1832041283110821,0.673772483812647,0.8593201165859811,1.3055693885108575,1346230251.0,6.83,6.85,6.72,6.82,11842205.0,81777353.0,6.86,-0.5830903790087438,10.0,7.55,False,False,True,82.33139534883722
140,002060.SZ,广东建工,0.17482517482517482,27.181208053691286,1.080845585390821,1.0922716996174606,0.5905323426473635,1.3897357595132753,1562823660.0,3.22,3.24,3.16,3.21,23723157.0,75886162.0,3.23,-0.6191950464396245,10.0,3.55,False,False,True,82.31976744186046
141,002960.SZ,青鸟智控,0.06493506493506469,33.07888040712468,1.4555590716618707,1.4417726397577828,0.9458057141262314,1.7945854558760161,968448955.0,8.03,8.07,7.52,7.55,25055964.0,193788323.0,8.11,-6.905055487053014,10.0,8.92,False,False,True,82.31589147286822
142,600755.SH,厦门国贸,0.15686274509803932,16.44859813084114,1.5386951129462576,0.8426659162321415,0.9024034797357577,1.1875933791484523,2132158487.0,5.83,5.83,5.7,5.77,21337458.0,122999951.0,5.83,-1.0291595197255643,10.0,6.41,False,False,True,82.31007751937985
143,601005.SH,重庆钢铁,0.12499999999999975,26.785714285714256,1.102724347385126,1.0244594488057268,0.9409222464410157,0.6998968561467344,8313636567.000001,1.19,1.2,1.18,1.19,59610100.0,70817729.0,1.19,0.0,10.0,1.31,False,False,True,82.28294573643412
144,688533.SH,上声电子,0.045296167247386915,39.699248120300766,2.2758947308343496,0.6933597717606479,0.830133116890185,0.8431745275804979,164987108.99999997,20.5,20.66,19.98,20.02,964553.0,19519350.0,20.6,-2.8155339805825297,20.0,24.72,False,False,True,82.27713178294573
145,600874.SH,创业环保,0.27152317880794713,21.626984126984116,1.1507080940308745,0.6508129226660341,0.6785431318513128,1.107019240270879,1230418085.0,5.45,5.48,5.37,5.47,8864700.0,48149105.0,5.45,0.3669724770642091,10.0,6.0,False,False,True,82.25193798449612
146,600765.SH,中航重机,0.06820566631689405,35.039999999999985,1.7950703055074677,1.1995353453675737,0.8618914861012037,0.8325394596978256,1552494153.0,13.11,13.18,12.93,13.1,15504146.0,202266455.0,13.15,-0.38022813688213253,10.0,14.47,False,False,True,82.17635658914728
147,000713.SZ,国投丰乐,0.16064257028112464,28.62669245647971,1.4560441989755917,0.9000734314332159,0.6857368026250786,0.9477102653090135,614014980.0,5.54,5.59,5.51,5.58,5237602.0,29114972.0,5.57,0.17953321364452268,10.0,6.13,False,False,True,82.16860465116278
148,000927.SZ,中国铁物,0.16964285714285707,30.666666666666664,1.402739465008429,0.777713309667793,0.6944878225225634,1.102425301762678,6050350581.0,2.44,2.45,2.4,2.44,51873941.0,125799761.0,2.44,0.0,10.0,2.68,False,False,True,82.08720930232559
149,688075.SH,安旭生物,0.02452483139178409,36.58181818181818,1.9418664009686228,0.6723381263106326,1.511466824460106,0.7894081893443922,127082805.0,27.81,28.08,27.27,27.35,674491.0,18594665.0,27.9,-1.9713261648745428,20.0,33.48,False,False,True,82.08527131782947
150,600308.SH,华泰股份,0.11695906432748548,39.04109589041096,1.468363192486685,0.6789126329292352,0.6744605128729407,0.7615876845551974,1516870176.0,3.1,3.13,3.07,3.11,7843000.0,24287726.0,3.12,-0.3205128205128305,10.0,3.43,False,False,True,82.05426356589146
151,000581.SZ,威孚高科,0.14962325080731956,25.59029993618378,1.3086615691135683,1.150991228124758,0.7812914187220351,1.0503449319705533,793891049.0,16.95,17.06,16.73,16.9,9597684.0,161436916.0,17.06,-0.9378663540445475,10.0,18.77,False,False,True,82.0
152,600981.SH,苏豪汇鸿,0.03589743589743604,35.68075117370893,2.081896354688475,1.1313507372486253,1.0394917604212957,0.5327676325606306,2242433192.0,2.18,2.22,2.17,2.18,13516200.0,29575843.0,2.2,-0.909090909090915,10.0,2.42,False,False,True,81.96705426356588
153,603102.SH,百合股份,0.03284150404569242,38.368983957219235,2.0375736073427912,1.0037545312500002,1.0645503355704697,1.2145041686455649,64000000.0,30.65,30.83,30.14,30.18,780201.0,24156715.0,30.61,-1.4047696831100964,10.0,33.67,False,False,True,81.92248062015504
154,601366.SH,利群股份,0.09937888198757773,30.491803278688522,1.584588037721479,1.0434758774369546,0.8957455278987723,0.7443782204640453,959741113.0,3.35,3.39,3.3,3.35,7454700.0,24894248.0,3.37,-0.5934718100890191,10.0,3.71,False,False,True,81.9205426356589
155,002609.SZ,捷顺科技,0.07129094412331392,25.787965616045838,1.733588019500963,1.6647833957866385,0.8716139355414592,0.6732077722710118,459573516.0,7.32,7.34,7.17,7.2,5148500.0,37268266.0,7.35,-2.0408163265306034,10.0,8.09,False,False,True,81.8875968992248
156,601866.SH,中远海发,0.20754716981132093,26.26728110599079,1.282538942833083,0.7172295629781026,0.7921106096177418,1.5326577220401594,9710427720.0,2.4,2.44,2.38,2.43,106874101.0,258918713.0,2.39,1.673640167364021,10.0,2.63,False,False,True,81.8672480620155
157,002561.SZ,徐家汇,0.05896226415094338,35.4785478547855,1.7475779105157803,1.1038269302119943,1.0123791896753909,0.692410886228265,414439567.0,6.28,6.37,6.22,6.28,3167569.0,19872657.0,6.31,-0.47543581616480424,10.0,6.94,False,False,True,81.84108527131784
158,601579.SH,会稽山,0.027966742252456614,39.651416122004356,2.287656558756616,1.201585645923603,0.8294785368621189,1.1946361182077196,479463409.0,14.18,14.26,13.85,14.25,6882494.0,96811667.0,14.14,0.7779349363507659,10.0,15.55,False,False,True,81.8062015503876
159,603611.SH,诺力股份,0.059282371294851914,32.19354838709676,2.041490864229949,1.1689124626950336,0.9047452037918964,0.8312201300658865,257600791.0,16.13,16.18,15.84,15.94,2502910.0,39967273.0,16.26,-1.9680196801968197,10.0,17.89,False,False,True,81.79263565891473
160,603656.SH,泰禾智能,0.07074569789674955,29.618033813400114,1.5369466535640213,1.4635268581124596,0.9870253995170775,0.8500237977904721,182945358.0,16.64,17.0,16.51,16.75,2275900.0,38259724.0,16.71,0.2393776181927043,10.0,18.38,False,False,True,81.78682170542636
161,000755.SZ,山西高速,0.20197044334975375,25.238095238095237,1.7169179788054627,0.37313679581354897,0.7474445422442076,1.08077748899935,1467310196.0,4.58,4.63,4.49,4.59,5917337.0,26980828.0,4.61,-0.4338394793926392,10.0,5.07,False,False,True,81.74418604651163
162,600019.SH,宝钢股份,0.22421524663677125,19.691119691119695,1.402186616038904,0.4333940848486815,0.9079547866274182,1.3158251284428761,21414095749.0,5.66,5.73,5.59,5.73,122118341.0,707231802.0,5.68,0.8802816901408494,10.0,6.25,False,False,True,81.72286821705426
163,000897.SZ,津滨发展,0.04901960784313709,36.02484472049687,1.562332210260828,1.8198843394482676,0.9094659512710154,0.7921330512527853,1617241634.0,1.66,1.69,1.65,1.68,23314000.0,38965265.0,1.66,1.2048192771084265,10.0,1.83,False,False,True,81.71899224806201
164,600639.SH,浦东金桥,0.2459677419354836,27.912341407151086,1.3678010375408534,0.5234542021411606,0.6683301715815352,1.3752719507073177,850236703.0,9.3,9.32,9.08,9.27,6120785.0,56187985.0,9.28,-0.10775862068965747,10.0,10.21,False,False,True,81.69379844961242
165,600512.SH,腾达建设,0.08333333333333313,33.33333333333333,1.6245476559543603,1.4363369278017095,0.7707333555613047,0.8218465408142792,1587405163.0,1.92,1.94,1.9,1.92,18738501.0,35896563.0,1.93,-0.5181347150259086,10.0,2.12,False,False,True,81.68217054263567
166,300791.SZ,仙乐健康,0.11059907834101393,31.6883116883117,1.74433107983577,0.6806745093785707,0.9037447840103159,0.8413876965658814,257407184.00000003,16.4,16.76,16.27,16.34,1474225.0,24268515.0,16.6,-1.5662650602409678,20.0,19.92,False,False,True,81.67248062015503
167,601228.SH,广州港,0.2783505154639175,18.772563176895307,0.9971597587931296,0.3255722994211415,0.892494172131669,1.1965097759083392,7544531351.0,3.04,3.06,3.0,3.05,29389755.0,88997275.0,3.04,0.3289473684210398,10.0,3.34,False,False,True,81.67054263565892
168,000401.SZ,金隅冀东,0.1340206185567011,38.787878787878796,1.5986204224547973,0.340219328501254,0.6407239682502875,0.8863137442068809,2631354687.9999995,3.55,3.58,3.51,3.57,7934615.0,28167320.0,3.56,0.2808988764044784,10.0,3.92,False,False,True,81.63565891472868
169,300218.SZ,安利股份,0.021825396825396828,38.07380738073809,2.162852760121937,1.6359606263825488,0.8351106141427492,0.572268926883982,216276394.0,11.46,11.55,11.22,11.38,2024800.0,23014223.0,11.44,-0.5244755244755095,20.0,13.73,False,False,True,81.62403100775194
170,600905.SH,三峡能源,0.29702970297029724,21.32963988919667,1.1262107735394704,0.43650090049433143,0.7992389218533231,1.1226806645427192,28587650142.0,3.89,3.93,3.86,3.93,140094100.0,545461851.0,3.91,0.5115089514066584,10.0,4.3,False,False,True,81.60658914728683
171,600035.SH,楚天高速,0.20652173913043473,13.213213213213205,1.0890883955277775,0.6365947379088646,1.0218521801027245,1.3434748046790759,1610115901.0,3.52,3.52,3.45,3.49,13770500.0,47919648.0,3.52,-0.8522727272727182,10.0,3.87,False,False,True,81.59883720930233
172,600020.SH,中原高速,0.20833333333333337,13.920454545454541,1.2527806512084527,0.6068528516646415,0.9978803318307102,1.3709263021807567,2247371832.0,3.75,3.76,3.69,3.74,18697022.0,69691001.0,3.77,-0.7957559681697535,10.0,4.15,False,False,True,81.56782945736435
173,600022.SH,山东钢铁,0.19354838709677433,24.79338842975207,1.0896533968301496,0.879786416519971,0.8559990574527749,1.0134840009938868,10698849554.0,1.33,1.35,1.31,1.34,95396234.0,126947953.0,1.33,0.7518796992481258,10.0,1.46,False,False,True,81.54457364341084
174,000797.SZ,中国武夷,0.03985507246376823,38.38862559241707,1.823686267360484,1.6184585566725356,0.9154469830809653,0.659941210557197,1570574028.9999998,2.21,2.25,2.19,2.24,16774980.0,37388347.0,2.22,0.9009009009008917,10.0,2.44,False,False,True,81.54069767441861
175,000419.SZ,通程控股,0.06250000000000004,34.80278422273781,1.7222422384601095,1.343332873636296,0.9455263975022576,0.9113649048300944,543582655.0,4.47,4.53,4.39,4.43,6654900.0,30341427.0,4.47,-0.8948545861297563,10.0,4.92,False,False,True,81.51162790697674
176,600033.SH,福建高速,0.20588235294117654,14.920634920634935,1.4647299821131075,0.8519750018218869,0.8727213897774189,1.2284839191696189,2744400000.0,3.48,3.51,3.44,3.49,28723922.0,101826570.0,3.5,-0.28571428571427804,10.0,3.85,False,False,True,81.50193798449612
177,000498.SZ,山东路桥,0.2774566473988441,24.168514412416854,1.269715463498761,0.5841925658623079,0.7170388778702366,1.7666262764362954,1449347778.9999998,4.99,5.0,4.86,4.95,14957992.0,73470710.0,4.99,-0.8016032064128265,10.0,5.49,False,False,True,81.48643410852713
178,001318.SZ,阳光乳业,0.023399014778325063,39.585492227979266,1.8351946671411732,1.0773000778320196,1.264811281177961,0.9835813408074701,282660000.0,9.85,9.94,9.63,9.72,2995100.0,29166888.0,9.84,-1.2195121951219412,10.0,10.82,False,False,True,81.43023255813954
179,300193.SZ,佳士科技,0.15325670498084304,21.178120617110817,1.403408543686523,1.3576150179495672,0.7561274455002795,0.6696952210853174,418156172.0,7.49,7.53,7.35,7.37,3804800.0,28300203.0,7.53,-2.1248339973439556,20.0,9.04,False,False,True,81.37403100775194
180,000421.SZ,南京公用,0.09937888198757773,31.622176591375762,1.6404026106956404,1.2321252924079702,0.8205210755162873,1.1596375108770784,574208022.0,5.19,5.26,5.08,5.14,8204600.0,42266883.0,5.19,-0.9633911368015502,10.0,5.71,False,False,True,81.33720930232559
181,688009.SH,中国通号,0.29299363057324834,13.695652173913064,1.1726420976736047,0.42065341819260305,0.9108498272028946,1.1587697094270724,8621018000.0,5.03,5.05,4.92,4.97,42022328.0,215236354.0,5.06,-1.7786561264822143,20.0,6.07,False,False,True,81.32558139534883
182,002959.SZ,小熊电器,0.11675542810323641,37.67827529021559,1.44345199612583,0.746958328381258,0.8387230137575252,1.1784563769571865,139794390.0,32.97,33.21,32.33,32.58,1248329.0,40698256.0,33.0,-1.272727272727281,10.0,36.3,False,False,True,81.31395348837209
183,601006.SH,大秦铁路,0.191588785046729,22.779043280182233,1.3030488671024316,0.6049255286877575,0.957850881095642,0.9172914693750114,19862892778.0,4.78,4.84,4.73,4.83,110217807.0,526213102.0,4.8,0.6250000000000089,10.0,5.28,False,False,True,81.27713178294573
184,603210.SH,泰鸿万立,0.059223300970873735,32.280978689818475,1.5033649719627311,1.3337879253473108,1.152481190721994,0.9476821797237915,232677500.0,13.26,13.28,12.96,13.12,2941060.0,38440433.0,13.28,-1.2048192771084376,10.0,14.61,False,False,True,81.26744186046511
185,603708.SH,家家悦,0.16578483245149903,31.151515151515152,1.5764141129086895,0.5900033943580145,0.8115908601154176,1.1663291509655231,638338675.0,9.11,9.32,9.05,9.14,4392652.0,40207428.0,9.19,-0.5440696409140244,10.0,10.11,False,False,True,81.22868217054264
186,600059.SH,古越龙山,0.14814814814814806,24.687933425797514,1.3548384099058899,0.8974576370040996,0.9637503329540318,1.3135708197347735,911542413.0,7.78,7.81,7.65,7.78,10745938.0,83052763.0,7.81,-0.3841229193341733,10.0,8.59,False,False,True,81.22286821705427
187,600167.SH,联美控股,0.1387283236994219,35.61643835616437,1.5674686297732496,0.438388441969446,0.8383290135298443,1.467894901397511,2262840463.0,5.83,5.84,5.62,5.73,14561563.0,82994716.0,5.83,-1.715265866209259,10.0,6.41,False,False,True,81.21511627906976
188,601818.SH,光大银行,0.20512820512820495,12.455516014234869,1.1588492942648614,0.48480378804330465,1.0869055710384221,0.9578055543974691,46406815561.0,3.04,3.08,3.02,3.08,215489009.0,672863154.0,3.05,0.9836065573770592,10.0,3.36,False,False,True,81.19961240310077
189,600679.SH,上海凤凰,0.08779761904761901,35.39192399049882,1.5232230361562775,0.9425173636229776,0.9846552892828265,0.6181742202025479,343694257.0,8.96,9.05,8.83,8.92,2002500.0,17849611.0,9.01,-0.9988901220865709,10.0,9.91,False,False,True,81.18798449612403
190,600548.SH,深高速,0.2928571428571431,18.087855297157617,1.371261832631869,0.184126592883066,0.8647819953453147,1.4036430888111933,1714425983.0000002,8.51,8.59,8.4,8.58,4430900.0,37608381.0,8.56,0.2336448598130758,10.0,9.42,False,False,True,81.1705426356589
191,600760.SH,中航沈飞,0.11761347416500136,33.31578947368421,1.4892858795731736,0.6176659000786995,0.9873394174283509,1.0269529809807407,2829552651.0,41.92,42.95,41.6,42.74,17948244.0,762323090.0,42.12,1.4719848053181606,10.0,46.33,False,False,True,81.12403100775194
192,600038.SH,中直股份,0.09410363311494947,39.03040262941661,1.381359089931832,0.9891820152791686,0.8592456153974211,1.0265825069111139,668935221.0,25.9,25.97,25.37,25.94,6792883.0,174466278.0,25.92,0.07716049382715529,10.0,28.51,False,False,True,81.12015503875969
193,002061.SZ,浙江交科,0.3153153153153153,17.17791411042946,1.1874653097882482,0.6316402046232281,0.805488122580287,1.46623809622298,2599137900.0,3.6,3.6,3.49,3.55,24071524.0,85120104.0,3.61,-1.6620498614958512,10.0,3.97,False,False,True,81.0562015503876
194,601811.SH,新华文轩,0.26617375231053597,25.30345471521942,1.6161920201874775,0.2810578846751415,0.7039037144799887,1.3183668021913113,791903900.0,12.09,12.22,11.84,12.22,2934300.0,35346341.0,12.15,0.576131687242798,10.0,13.37,False,False,True,80.9263565891473
195,601222.SH,林洋能源,0.171270718232044,34.47619047619046,0.9401146754780253,1.0097100741150964,0.6275600482611889,1.2775491455576913,2041220156.0,5.53,5.55,5.4,5.5,26330806.0,144303356.0,5.56,-1.0791366906474753,10.0,6.12,False,False,True,80.91666666666667
196,600115.SH,中国东航,0.0364238410596026,35.838150289017356,2.070782404235601,1.3354542624841532,1.0530157692479698,0.6827240990272223,17024964893.0,3.54,3.6,3.52,3.59,155224574.0,554124527.0,3.57,0.5602240896358524,10.0,3.93,False,False,True,80.83914728682171
197,600626.SH,申达股份,0.05797101449275368,39.6103896103896,1.897755091384213,1.0831289077747668,0.9181635730412022,0.8563777176988236,1107978710.0,3.22,3.27,3.18,3.21,10277250.0,33098016.0,3.24,-0.92592592592593,10.0,3.56,False,False,True,80.83914728682171
198,600009.SH,上海机场,0.11566858080393769,23.757409940720486,1.3906128214313545,0.6879539621448005,1.2439013980863083,1.480472792643503,2046279515.0,23.24,24.01,23.12,23.99,20841298.0,499245352.0,23.34,2.7849185946872357,10.0,25.67,False,False,True,80.80038759689921
199,600795.SH,国电电力,0.3566878980891717,17.078651685393243,1.1852905775117017,0.745241883889203,0.7033422244174781,1.2342300695167356,17835619082.0,4.83,4.9,4.81,4.9,164052014.0,796999761.0,4.85,1.030927835051565,10.0,5.34,False,False,True,80.7093023255814
200,601952.SH,苏垦农发,0.14835164835164835,38.367346938775526,1.4366587006521918,0.7225671698113165,0.6810135095368628,1.1837198837767564,1378000000.0,7.87,8.0,7.78,7.98,11786270.0,92894855.0,7.89,1.1406844106463865,10.0,8.68,False,False,True,80.68992248062015
201,600704.SH,物产中大,0.2710843373493977,13.716814159292046,1.2291681137405526,0.8635393701223515,0.8749115369043026,1.1205252658934592,5171179890.0,4.95,4.97,4.88,4.97,50037251.0,246068069.0,4.97,0.0,10.0,5.47,False,False,True,80.65697674418604
202,601880.SH,辽港股份,0.22807017543859637,24.060150375939827,1.460468149971118,0.5710176737034041,0.8893785231269064,0.8768648000219688,18413051214.0,1.46,1.47,1.44,1.46,92195123.0,134036430.0,1.46,0.0,10.0,1.61,False,False,True,80.64728682170544
203,002573.SZ,清新环境,0.17985611510791372,32.40418118466897,1.2616832687376267,0.6435845894367666,0.8663054097733064,0.7165846541978619,1412690868.0,3.1,3.15,3.08,3.12,6515400.0,20239701.0,3.12,0.0,10.0,3.43,False,False,True,80.64341085271317
204,600526.SH,菲达环保,0.13043478260869568,37.531486146095716,1.2600320373163356,0.9305148867396384,0.8168624088862504,1.037464152904081,873007140.0000001,4.23,4.24,4.13,4.16,8427800.0,35559623.0,4.24,-1.8867924528301883,10.0,4.66,False,False,True,80.64147286821705
205,002749.SZ,国光股份,0.08286252354048954,36.582109479305736,1.2512810541768826,0.59921657168739,1.2668069422632247,1.2585265398421088,544316897.0,7.87,7.94,7.75,7.87,4104860.0,33070094.0,7.93,-0.7566204287515754,10.0,8.72,False,False,True,80.60271317829458
206,600170.SH,上海建工,0.11242603550295856,29.107981220657276,1.4872492070950365,1.4006612253255395,0.8632060712651524,0.8959205009805711,8885939744.0,2.32,2.33,2.28,2.32,111507979.0,257188602.0,2.32,0.0,10.0,2.55,False,False,True,80.59883720930233
207,300962.SZ,中金辐照,0.08933002481389586,39.09324208725409,1.6691396579824687,0.9836284244578695,0.8328033005568544,0.9134712342051134,264001897.0,12.4,12.6,12.14,12.35,2372100.0,29491081.0,12.41,-0.483481063658342,20.0,14.89,False,False,True,80.5968992248062
208,600655.SH,豫园股份,0.14644351464435165,24.37810945273633,1.4519099190178184,0.42059004782680304,1.1497067055423293,1.0575583172302832,3889846273.0,4.38,4.42,4.31,4.41,17301978.0,75637041.0,4.37,0.9153318077803174,10.0,4.81,False,False,True,80.50775193798451
209,600675.SH,中华企业,0.11111111111111123,33.00000000000001,1.7039569254928506,0.5171903652184345,1.0243452402518098,1.126585381464336,6046135331.0,2.14,2.16,2.11,2.15,35228358.0,75608109.0,2.14,0.4672897196261516,10.0,2.35,False,False,True,80.48546511627907
210,002697.SZ,红旗连锁,0.1566265060240965,26.172839506172863,1.3372122797844876,1.3372745508968686,0.794465920160242,1.1807546895150127,1148092375.0,4.57,4.57,4.45,4.52,18120479.0,81555603.0,4.57,-1.0940919037199293,10.0,5.03,False,False,True,80.46511627906978
211,688739.SH,成大生物,0.09073724007561446,32.152300370174494,1.7959407863465606,0.508515235922676,1.1269873039677165,1.019166112176648,416450000.0,19.88,20.08,19.62,19.7,2158300.0,42746187.0,19.87,-0.8555611474584834,20.0,23.84,False,False,True,80.46511627906978
212,600738.SH,丽尚国潮,0.0695652173913044,33.99433427762042,1.7265564253889587,1.3414715092715868,0.9930517656678491,0.8822220569077375,760666196.0,3.66,3.73,3.59,3.62,9002300.0,32821328.0,3.69,-1.8970189701897011,10.0,4.06,False,False,True,80.36627906976743
213,601800.SH,中国交建,0.14769975786924927,30.379746835443022,1.2144853189714961,0.36921736086638196,1.1132016212207982,1.2418352191727637,11722873078.999998,6.14,6.21,6.03,6.2,53750208.0,333677693.0,6.14,0.9771986970684043,10.0,6.75,False,False,True,80.35852713178295
214,600495.SH,晋西车轴,0.12211221122112213,33.23353293413174,1.4939237405873995,0.9813660603958521,0.9090442686957924,1.084435158352035,1208190886.0,3.71,3.77,3.66,3.74,12857904.0,47635203.0,3.71,0.8086253369272267,10.0,4.08,False,False,True,80.33817829457364
215,603035.SH,常熟汽饰,0.07305936073059367,36.956521739130444,1.478299609769106,1.1636842990532315,1.0481325378443442,0.9503595304048724,366347080.0,10.75,10.75,10.5,10.62,4051500.0,42891758.0,10.76,-1.3011152416356975,10.0,11.84,False,False,True,80.31201550387595
216,603689.SH,皖天然气,0.22799999999999976,23.167155425219942,1.3485497538920224,0.8178757749110706,0.8922993440866713,0.9398680603438219,523447965.0,7.39,7.43,7.27,7.37,4023720.0,29520664.0,7.39,-0.27063599458727605,10.0,8.13,False,False,True,80.30426356589147
217,603043.SH,广州酒家,0.17405582922824311,26.530612244897966,1.7193473349453654,0.559896111736532,0.9093071661218974,1.340480258960123,562452370.0,13.27,13.3,12.95,13.2,4221372.0,55368434.0,13.31,-0.8264462809917439,10.0,14.64,False,False,True,80.26744186046513
218,601658.SH,邮储银行,0.25333333333333324,11.777301927194861,0.9739555535812745,0.21462688293523696,1.121196943797874,0.924449964116563,72527800605.0,5.03,5.11,5.0,5.11,143903725.0,727671028.0,5.05,1.1881188118811892,10.0,5.56,False,False,True,80.24418604651163
219,002304.SZ,洋河股份,0.08922558922558922,31.167430574278775,1.615135055369955,0.5483528173409367,1.3007263759525225,1.2337185070765684,1506409974.0,40.04,40.83,39.54,40.83,10191059.0,409260164.0,40.27,1.3906133598212023,10.0,44.3,False,False,True,80.16666666666667
220,002267.SZ,陕天然气,0.2787456445993032,24.143302180685367,1.1539093376433744,0.6850033452541465,0.8601559034932175,1.239433565326473,1112075445.0,7.2,7.22,7.06,7.18,9441700.0,67376086.0,7.22,-0.5540166204986208,10.0,7.94,False,False,True,80.16666666666666
221,002091.SZ,江苏国泰,0.19505494505494506,36.402266288951864,1.299437927113023,0.791755338207205,0.6009039872332114,1.358070209376163,1602372071.0,7.57,7.63,7.37,7.5,17221934.0,128700296.0,7.59,-1.1857707509881354,10.0,8.35,False,False,True,80.15891472868216
222,603719.SH,良品铺子,0.024347826086956622,34.73557692307694,1.957483178737925,1.4464502429212978,1.3055208228494177,1.1603815440159637,397983400.0,8.38,8.53,8.3,8.35,6705599.0,56181020.0,8.46,-1.3002364066194039,10.0,9.31,False,False,True,80.14728682170542
223,600618.SH,氯碱化工,0.05924170616113744,38.585209003215425,2.0611746834257554,1.3266557156723207,0.7786122133025055,0.9032575651514487,749839976.0,9.8,9.94,9.72,9.91,8985421.0,90574941.0,9.83,0.8138351983723258,10.0,10.81,False,False,True,80.12596899224806
224,002673.SZ,西部证券,0.15606936416184977,18.181818181818187,1.2438040447235896,0.7692421465645805,1.1936545070752742,0.8572826004957186,4469581705.0,6.68,6.69,6.57,6.63,29475010.0,194884329.0,6.7,-1.0447761194029903,10.0,7.37,False,False,True,80.11046511627907
225,600827.SH,百联股份,0.14675767918088728,18.646408839778992,1.5394340793534207,0.7751802343572015,1.1294122104658282,1.429363895743417,1604449920.0,7.68,7.69,7.47,7.61,17777540.0,134301187.0,7.67,-0.782268578878742,10.0,8.44,False,False,True,80.09496124031008
226,601021.SH,春秋航空,0.14227166276346603,14.382442213401836,1.3341632227407545,0.9307689266177653,1.2060358455019886,0.6073050437438471,978333423.0,44.25,44.91,44.22,44.66,5530134.0,250827435.0,44.72,-0.13416815742397503,10.0,49.19,False,False,True,80.07945736434108
227,600933.SH,爱柯迪,0.03153988868274581,35.98774885145484,2.251712446769843,1.3533321961551121,1.0238093435068825,1.0728625320902963,981013046.0,13.4,13.4,12.93,13.2,14243715.0,186470785.0,13.4,-1.4925373134328401,10.0,14.74,False,False,True,80.07945736434108
228,600098.SH,广州发展,0.1637931034482762,35.384615384615394,1.5067756195736735,0.7297300192291645,0.793195435333108,1.4176068471910628,3505864981.0000005,6.23,6.34,6.17,6.32,36267131.0,226853451.0,6.23,1.4446227929374,10.0,6.85,False,False,True,80.06395348837209
229,600356.SH,恒丰纸业,0.05590062111801234,36.26373626373627,1.8240227001271094,1.718276879504765,0.8838473307521756,1.2322151417635758,298731378.0,7.47,7.5,7.29,7.33,6325000.0,46480927.0,7.46,-1.7426273458445052,10.0,8.21,False,False,True,80.03682170542636
230,002945.SZ,华林证券,0.13434579439252342,29.832935560859198,2.062685198450674,0.428258975925921,0.8466228125570874,1.0621459072400061,2700000000.0,13.26,13.56,13.19,13.43,12281585.0,164712574.0,13.72,-2.1137026239067103,10.0,15.09,False,False,True,79.99612403100775
231,600958.SH,东方证券,0.16272189349112398,15.75262543757292,1.418028512432357,0.8809785315547335,1.1083028819495164,0.9190958646076222,7469482864.0,9.05,9.08,8.92,8.99,60480681.0,543236210.0,9.12,-1.425438596491213,10.0,10.03,False,False,True,79.92635658914728
232,000828.SZ,东莞控股,0.26736111111111105,14.754098360655732,1.1055693987567952,0.5657555283136675,1.0409579955550037,1.3828298509935562,1039516992.0,9.93,9.95,9.77,9.91,8132595.0,80037760.0,9.92,-0.10080645161290036,10.0,10.91,False,False,True,79.9205426356589
233,600017.SH,日照港,0.2823529411764704,20.242914979757074,1.148440820330491,0.9982789975098749,0.8190908665890401,1.4737014870839213,3075653888.0,2.7,2.72,2.66,2.72,45247951.0,121536779.0,2.71,0.3690036900369176,10.0,2.98,False,False,True,79.80232558139535
234,301508.SZ,中机认检,0.04240282685512377,36.88299817184644,1.711151200134133,2.303078706379038,0.8757127674665312,0.8461689123179787,58836400.0,22.49,22.49,21.92,22.11,1146600.0,25350251.0,22.48,-1.6459074733096157,20.0,26.98,False,False,True,79.76356589147287
235,002069.SZ,獐子岛,0.055319148936170154,36.45833333333335,1.9206620915881722,1.5517018681215777,0.9257060496098245,1.0100778254461296,710216194.0,2.98,3.06,2.94,2.98,11131500.0,33197129.0,3.01,-0.9966777408637828,10.0,3.31,False,False,True,79.75968992248062
236,600469.SH,风神股份,0.0862619808306708,39.797979797979785,1.771222129200996,1.1350338287552695,0.7936137328154094,0.5500200757552905,729450871.0,5.2,5.2,5.08,5.13,4553899.0,23319287.0,5.22,-1.724137931034475,10.0,5.74,False,False,True,79.75968992248062
237,600015.SH,华夏银行,0.30588235294117616,14.214876033057866,1.1076476777577227,0.4544330385861205,1.0093540660544575,1.0465045939213735,15387223983.0,6.55,6.64,6.47,6.64,73176446.0,502754875.0,6.55,1.3740458015267132,10.0,7.21,False,False,True,79.75193798449612
238,600210.SH,紫江企业,0.21860465116279063,21.291448516579404,1.0145309492953147,1.1104391103993134,0.9149365237626971,2.126531077178494,1516736158.0,6.16,6.16,5.98,6.06,35815954.0,216300181.0,6.2,-2.2580645161290436,10.0,6.82,False,False,True,79.72286821705427
239,605337.SH,李子园,0.09312977099236659,34.99377334993774,1.9300153750879425,0.8513594218514016,0.9277295027942847,0.8008799655158252,390102653.0,8.63,8.73,8.45,8.56,2659863.0,22773137.0,8.64,-0.92592592592593,10.0,9.5,False,False,True,79.703488372093
240,002736.SZ,国信证券,0.1395730706075536,15.767195767195762,1.6759251361677303,0.44524811180830703,1.2974906130169237,0.6881392250118515,9612429377.0,10.25,10.25,10.11,10.19,29451781.0,299383166.0,10.3,-1.0679611650485588,10.0,11.33,False,False,True,79.66279069767442
241,300770.SZ,新媒股份,0.1423432682425488,27.07930367504836,1.6391838279296753,0.9822528704103453,0.9578859534383636,0.9892870313386204,227838591.0,33.44,33.66,33.03,33.37,2213976.0,73736872.0,33.79,-1.2429712932820358,20.0,40.55,False,False,True,79.58720930232559
242,002352.SZ,顺丰控股,0.20376522702104102,23.997303673744508,1.1717800202789594,0.5088983159763755,1.1093147306045823,0.8759534680011517,4799115259.0,33.48,33.64,33.11,33.64,21367373.0,725392269.0,33.35,0.8695652173912993,10.0,36.69,False,False,True,79.58527131782945
243,000550.SZ,江铃汽车,0.23816568047337278,28.237650200267026,1.3783635963891343,0.7039790541723305,0.8817717735202143,1.383757548432417,518463160.0,16.5,16.61,16.08,16.3,5050538.0,82022190.0,16.59,-1.748040988547317,10.0,18.25,False,False,True,79.57364341085271
244,600822.SH,上海物贸,0.08794788273615636,35.9731543624161,1.7623062576880273,0.8815827824591169,1.028203623295931,0.7730276709516963,396147908.0,8.02,8.06,7.82,7.89,2699700.0,21362038.0,7.99,-1.251564455569465,10.0,8.79,False,False,True,79.54457364341084
245,000778.SZ,新兴铸管,0.1488095238095238,31.161473087818692,1.2851391266502614,1.282956319264735,0.8495645872592679,1.0913947022333308,3893451290.0,3.76,3.8,3.72,3.77,54516730.0,204814899.0,3.78,-0.2645502645502562,10.0,4.16,False,False,True,79.54263565891472
246,000900.SZ,现代投资,0.31313131313131326,20.29411764705882,1.1881944143218481,0.7882501895343664,0.8677366416562832,1.1921239317246999,1517752584.0,3.72,3.72,3.65,3.69,14262171.0,52560212.0,3.71,-0.5390835579514808,10.0,4.08,False,False,True,79.52325581395348
247,603899.SH,晨光股份,0.2145998240985047,22.166246851385374,1.3284406339399846,0.5073680231080645,1.0790320683499954,0.9652180053304747,915795377.0,22.37,22.56,21.92,22.48,4484840.0,99796706.0,22.29,0.8524001794526725,10.0,24.52,False,False,True,79.51744186046513
248,603987.SH,康德莱,0.14024390243902438,28.57142857142858,1.738761063204193,1.0024183655116554,0.9048005675368664,0.95789010412765,436790880.00000006,7.18,7.3,7.12,7.17,4194095.0,30167188.0,7.18,-0.139275766016711,10.0,7.9,False,False,True,79.4748062015504
249,601169.SH,北京银行,0.24277456647398846,13.232104121475041,1.0193288207810476,0.648092304223415,1.1280434929886842,1.108197132024322,21142984272.0,5.03,5.08,4.98,5.08,151851880.0,763502832.0,5.03,0.994035785288272,10.0,5.53,False,False,True,79.4437984496124
250,600273.SH,嘉化能源,0.0669077757685353,38.07266982622433,1.5572766920561454,1.523070400786851,0.9658813390589988,0.8768535318894458,1311309122.0,6.71,6.73,6.57,6.66,17512660.0,116516274.0,6.7,-0.5970149253731294,10.0,7.37,False,False,True,79.41279069767442
251,002065.SZ,东华软件,0.05535714285714279,34.68468468468468,1.8469828081966413,1.4778419795204816,1.0718067998767835,1.2728384860164224,2945739379.0,6.97,7.09,6.88,7.02,55275188.0,386897719.0,6.97,0.7173601147776099,10.0,7.67,False,False,True,79.38372093023256
252,603551.SH,奥普科技,0.1465116279069769,38.660399529964764,1.6821658971402162,0.60085591996391,0.7800534490713052,1.0588142209509754,379883650.0,9.12,9.12,8.87,9.05,2416800.0,21706594.0,9.14,-0.9846827133479175,10.0,10.05,False,False,True,79.34883720930233
253,000501.SZ,武商集团,0.07765451664025345,30.46874999999998,1.7445393896240973,1.1271877139446194,1.1814581809038687,0.7085943292326552,768293891.0,6.87,6.94,6.78,6.85,6136400.0,41997575.0,6.89,-0.5805515239477477,10.0,7.58,False,False,True,79.33333333333333
254,600315.SH,上海家化,0.1288160833953836,35.696361355081564,1.6288682826141365,0.8272402756584871,0.9174112465497624,1.0060667884863488,672225980.0,17.67,17.74,17.27,17.48,5594661.0,98854166.0,17.67,-1.0752688172043112,10.0,19.44,False,False,True,79.29069767441861
255,002978.SZ,安宁股份,0.08523344191096635,39.64037597057624,1.8580410478693612,0.9755993046330433,0.8730429021454404,0.9961515410379048,369279558.00000006,26.01,26.24,25.61,26.1,3588824.0,92841237.0,26.04,0.23041474654379446,10.0,28.64,False,False,True,79.28294573643412
256,002939.SZ,长城证券,0.10264900662251657,28.756476683937816,1.555849620048851,0.8169264866642588,1.2782874283354122,1.1522038313186986,3602659631.0,8.17,8.26,8.06,8.22,33910604.0,276092274.0,8.34,-1.4388489208633004,10.0,9.17,False,False,True,79.22093023255815
257,601326.SH,秦港股份,0.36893203883495157,15.384615384615374,1.2287589179670995,0.47994398703200103,0.9328696967530412,1.4018217134648745,4757559000.0,3.37,3.4,3.32,3.38,32008662.0,107568869.0,3.37,0.29673590504450953,10.0,3.71,False,False,True,79.21124031007751
258,600373.SH,中文传媒,0.1450381679389313,27.981651376146765,1.1615102139609506,0.8538218581120061,1.160343947286854,1.3405226027814177,1347358719.0,7.26,7.29,7.11,7.25,15421430.0,111190138.0,7.3,-0.6849315068493178,10.0,8.03,False,False,True,79.20348837209302
259,601098.SH,中南传媒,0.26126126126126153,21.420882669537143,0.9326198698487607,0.5316816007795054,1.0686832328395595,1.5400630027125715,1796000000.0,10.22,10.27,9.98,10.23,14706064.0,149019744.0,10.16,0.6889763779527547,10.0,11.18,False,False,True,79.18992248062017
260,601166.SH,兴业银行,0.24006622516556284,13.564476885644773,1.1795451073776346,0.5038929100620754,1.1846229806918098,0.9758020231267434,21162859513.0,17.89,18.18,17.73,18.18,104057721.0,1871500450.0,17.89,1.6210173281162588,10.0,19.68,False,False,True,79.18798449612402
261,600858.SH,银座股份,0.05897435897435886,36.915887850467286,1.9019372078723655,1.5343356181538028,0.9353487420198355,0.81404886931448,517548029.0,4.51,4.56,4.43,4.47,6464300.0,28932405.0,4.51,-0.8869179600886956,10.0,4.96,False,False,True,79.18023255813954
262,002661.SZ,克明食品,0.09113300492610839,36.036036036036045,1.6892028698142494,1.0914084498402001,0.9872080637017405,0.9773673585703962,317708801.0,7.01,7.08,6.88,6.99,3389022.0,23583387.0,7.03,-0.5689900426742556,10.0,7.73,False,False,True,79.13759689922482
263,600282.SH,南钢股份,0.3117647058823527,22.602739726027398,1.3714950841883984,0.5886273874181375,0.8949841947900794,1.0970020027176437,6165091011.0,4.61,4.65,4.54,4.61,39809560.0,186593087.0,4.6,0.21739130434783593,10.0,5.06,False,False,True,79.13178294573642
264,600016.SH,民生银行,0.18994413407821245,17.704918032786885,1.1912434245154306,0.7789310264669576,1.1916129324296119,1.0724863384240648,35462123213.0,3.39,3.43,3.34,3.43,296248054.0,1038078043.0,3.39,1.179941002949847,10.0,3.73,False,False,True,79.10077519379846
265,601136.SH,首创证券,0.10281195079086117,28.83156297420335,1.6357950093134115,0.5067332720211425,1.3865522257599456,0.7420981064669904,2733333800.0,14.33,14.34,13.98,14.11,10278587.0,145763425.0,14.35,-1.672473867595825,10.0,15.79,False,False,True,79.08720930232559
266,605368.SH,蓝天燃气,0.17079207920792086,31.534569983136596,1.4889707947859354,0.6696747951717443,0.9767025657608949,1.5202550010796667,714635915.0,6.65,6.71,6.56,6.67,7275540.0,48219161.0,6.62,0.7552870090634434,10.0,7.28,False,False,True,79.04263565891473
267,601018.SH,宁波港,0.2631578947368419,22.549019607843146,1.2126515919238676,0.31554474440920754,1.0678297149479852,1.0515823279776542,19454388399.0,3.35,3.39,3.3,3.38,64553800.0,218267593.0,3.36,0.5952380952380931,10.0,3.7,False,False,True,79.02325581395348
268,601555.SH,东吴证券,0.234375,20.396600566572243,1.451433758908902,0.9349536030624914,0.9332976917454413,0.8927325993133554,4968702837.0,7.8,7.81,7.66,7.76,41471952.0,328760627.0,7.81,-0.6402048655569814,10.0,8.59,False,False,True,79.02131782945736
269,002753.SZ,永东股份,0.08536585365853666,35.379061371841146,1.6240500120806807,1.8273902284159795,0.7764439721725349,0.529921504568099,295788903.0,5.81,5.88,5.69,5.72,2824700.0,16250114.0,5.82,-1.718213058419249,10.0,6.4,False,False,True,79.00775193798451
270,603587.SH,地素时尚,0.2920353982300885,28.444881889763796,1.3795999153931597,0.377714908628195,0.8901041921123081,1.196660440291063,472702787.0,11.15,11.21,10.83,10.96,2136600.0,24192153.0,11.15,-1.704035874439458,10.0,12.27,False,False,True,79.0077519379845
271,600848.SH,上海临港,0.14605067064083452,32.48945147679325,1.8582401428032813,0.42133105768992807,0.9405055735862012,0.9901902639996909,2393912273.0,8.15,8.25,8.06,8.24,9987352.0,81603357.0,8.09,1.8541409147095234,10.0,8.9,False,False,True,78.99418604651163
272,600643.SH,爱建集团,0.09540636042402827,38.964577656675736,1.8172500459235397,0.9489216755119297,0.8773391405999608,0.973866269405363,1590351716.0,3.92,3.92,3.79,3.82,14696803.0,56478676.0,3.94,-3.0456852791878153,10.0,4.33,False,False,True,78.9825581395349
273,600050.SH,中国联通,0.251366120218579,28.498727735368945,1.0138507036312876,0.5414757497293924,0.9964755966432627,1.12814079547165,30990409152.0,4.38,4.41,4.33,4.4,189308287.0,827176907.0,4.39,0.2277904328018332,10.0,4.83,False,False,True,78.98255813953487
274,600609.SH,金杯汽车,0.05106382978723409,38.61386138613862,1.7264453216104247,1.4096348597944597,1.1533541843642605,0.9188167046649558,1304558558.0,3.14,3.16,3.08,3.13,16896591.0,52558280.0,3.15,-0.6349206349206327,10.0,3.47,False,False,True,78.84302325581396
275,600372.SH,中航机载,0.13803680981595076,32.46628131021194,1.7528864948185863,0.7953928249134715,0.9552996596989268,0.5706387701846543,4838896630.0,11.21,11.31,11.15,11.23,21962880.0,246582183.0,11.28,-0.44326241134751143,10.0,12.41,False,False,True,78.82170542635659
276,600648.SH,外高桥,0.237837837837838,34.73684210526318,1.3881553878200896,0.21211176989265101,0.8855402407201753,0.9525366145763917,1137770691.0,8.5,8.5,8.28,8.47,2298800.0,19243253.0,8.48,-0.1179245283018826,10.0,9.33,False,False,True,78.81201550387598
277,000030.SZ,富奥股份,0.17857142857142855,36.745406824146976,1.5745188916273096,0.6692223757459375,0.805022245600035,1.2032253606270331,1670808645.0,4.21,4.23,4.08,4.15,13453898.0,55454860.0,4.21,-1.4251781472684022,10.0,4.63,False,False,True,78.8062015503876
278,603877.SH,太平鸟,0.18597063621533455,26.347826086956516,1.736422332779669,0.41199494651408053,1.0164163766102043,1.0018368171090724,469323560.0,12.63,12.64,12.22,12.33,1937141.0,23971248.0,12.64,-2.452531645569622,10.0,13.9,False,False,True,78.80426356589147
279,002419.SZ,天虹股份,0.1327014218009476,37.226277372262764,1.761112024785709,1.047396036207104,0.6927389556310448,0.997827599791517,1141239697.0,4.38,4.4,4.27,4.32,11927332.0,51557711.0,4.39,-1.5945330296127436,10.0,4.83,False,False,True,78.79651162790698
280,002818.SZ,富森美,0.20098039215686272,19.6078431372549,1.1423180742845531,1.2030450939129138,1.005729591128368,1.107372660780776,298357191.0,10.61,10.61,10.43,10.5,3974700.0,41716977.0,10.61,-1.0367577756833168,10.0,11.67,False,False,True,78.75387596899225
281,603515.SH,欧普照明,0.27572016460905374,30.527638190954786,1.1785260630376364,0.21454207995183602,0.9568379587857355,1.204672381729309,737750549.0,17.15,17.24,16.5,16.86,1903495.0,31895120.0,17.26,-2.3174971031286296,10.0,18.99,False,False,True,78.71511627906976
282,603566.SH,普莱柯,0.13837638376383765,27.71966527196652,1.9437209635975123,0.9254796173635439,0.9112755538490057,1.0024554632324028,346062273.0,10.32,10.39,10.11,10.18,3210600.0,32862060.0,10.31,-1.2609117361784716,10.0,11.34,False,False,True,78.69767441860465
283,600361.SH,创新新材,0.1309523809523808,37.61194029850748,1.4011186714727961,1.3510543645493067,0.753930696980866,0.9061552933056609,3732662913.0,3.55,3.59,3.52,3.56,45697688.0,162379911.0,3.57,-0.2801120448179262,10.0,3.93,False,False,True,78.68023255813954
284,601827.SH,三峰环境,0.375609756097561,18.24611032531824,1.3463186431131327,0.41335822726898963,0.9293975205617422,1.0601246867011846,1671933299.9999998,7.84,7.91,7.71,7.88,7326600.0,57124412.0,7.84,0.5102040816326481,10.0,8.62,False,False,True,78.66279069767442
285,301102.SZ,兆讯传媒,0.1168831168831167,34.08820023837902,2.2578164039205704,0.5439058004926058,0.7709190566559421,0.6944615676735715,406000000.0,9.02,9.17,8.81,8.88,1533550.0,13707650.0,9.11,-2.524698133918757,20.0,10.93,False,False,True,78.62403100775194
286,601928.SH,凤凰传媒,0.32608695652173864,15.936739659367372,0.972110926919763,0.33992129553223605,1.0819654867968338,1.639339175976234,2544900000.0,9.09,9.25,8.97,9.19,14181361.0,134942212.0,9.12,0.7675438596491224,10.0,10.03,False,False,True,78.62209302325581
287,600585.SH,海螺水泥,0.14300306435137883,30.142063001852982,1.4198098359633664,0.8749869397907191,1.1054120182422174,0.9260017992269057,3977460044.0,17.59,17.89,17.32,17.85,32342929.0,570796861.0,17.59,1.4781125639568016,10.0,19.35,False,False,True,78.60852713178295
288,600916.SH,中国黄金,0.07152145643693118,33.23353293413174,1.7408204345866873,1.7492775714285664,0.9549531136407781,1.4785942994317465,1680000000.0,7.24,7.38,7.24,7.35,43452727.0,321999281.0,7.23,1.6597510373443924,10.0,7.95,False,False,True,78.56298449612403
289,002186.SZ,全 聚 德,0.08077994428969361,38.47102342786683,1.7971579230326413,1.2346994761969694,0.9312208884201195,0.8978960726675715,306801588.0,8.65,8.76,8.57,8.71,3401300.0,29436419.0,8.69,0.23014959723821615,10.0,9.56,False,False,True,78.56007751937985
290,603195.SH,公牛集团,0.2036036036036034,18.36846427593759,1.2843874985099824,0.2831129441075015,1.331625875975574,0.6872251558247316,1800163354.9999998,38.9,39.0,38.09,38.68,3502991.0,134862647.0,38.79,-0.2835782418148969,10.0,42.67,False,False,True,78.5484496124031
291,300908.SZ,仲景食品,0.10158311345646433,30.37634408602148,1.8422679326003728,1.0401270007312813,1.0453765900721448,1.0146360337016818,122992524.0,15.66,15.73,15.26,15.43,1299145.0,29073667.0,15.65,-1.4057507987220497,20.0,18.78,False,False,True,78.50968992248062
292,600925.SH,苏能股份,0.3161764705882352,25.063938618925818,1.4449762268836983,0.6384830689051096,0.867487810937056,0.9354022039606358,1606048586.0,4.36,4.39,4.3,4.37,9591940.0,41599445.0,4.34,0.691244239631339,10.0,4.77,False,False,True,78.49806201550388
293,002321.SZ,华英农业,0.09333333333333332,34.78260869565215,1.6564794443637758,1.393014973366999,0.949470751615604,0.6472179266346052,2125250009.0,1.81,1.86,1.8,1.83,19158600.0,35138926.0,1.82,0.5494505494505475,10.0,2.0,False,False,True,78.44186046511628
294,601528.SH,瑞丰银行,0.2903225806451615,17.633410672853845,1.1041347705756666,0.872232548004893,1.0050203103483482,1.7477444528840707,1855770886.0,4.66,4.7,4.56,4.64,28215381.0,132973903.0,4.67,-0.6423982869379063,10.0,5.14,False,False,True,78.43023255813954
295,600269.SH,赣粤高速,0.15432098765432098,16.266666666666673,1.6385510638601404,0.8664252517312985,1.209252342944197,1.9683538301094727,2335407014.0,4.01,4.02,3.92,3.97,39828766.0,157539123.0,4.0,-0.7499999999999951,10.0,4.4,False,False,True,78.33333333333334
296,003000.SZ,劲仔食品,0.12430939226519364,17.4331550802139,1.4129132081808549,1.5432257181990896,1.1153625816744284,1.0165065661587303,308060295.0,9.85,9.89,9.66,9.89,4832539.0,47726065.0,9.8,0.9183673469387754,10.0,10.78,False,False,True,78.30038759689923
297,600028.SH,中国石化,0.19714285714285726,21.444695259593693,1.6868642449413103,0.3116264196068715,1.1383166830656863,1.0561403907272195,94752475375.0,5.15,5.18,5.07,5.18,311850530.0,1601484827.0,5.12,1.171875,10.0,5.63,False,False,True,78.27713178294573
298,600467.SH,好当家,0.1304347826086958,28.125,1.6155814436522764,1.747823884739795,0.7778783602037941,0.6282114127428197,1460994304.0000002,2.09,2.12,2.08,2.09,16041760.0,33632514.0,2.1,-0.4761904761904856,10.0,2.31,False,False,True,78.27713178294573
299,603508.SH,思维列控,0.14859154929577462,30.70904645476773,1.1735969148468897,1.0247184011528747,1.0894645379243229,1.1969550871749386,381274377.0,22.52,22.52,22.01,22.26,4676490.0,103889114.0,22.56,-1.3297872340425454,10.0,24.82,False,False,True,78.21317829457364
300,603885.SH,吉祥航空,0.09982788296041312,22.672064777327925,1.8439832289918734,1.1129555184840043,1.1995098883937003,0.6241548812277785,2169005268.0,10.36,10.61,10.32,10.59,15112788.0,158645844.0,10.46,1.242829827915859,10.0,11.51,False,False,True,78.18798449612403
301,000709.SZ,河钢股份,0.2249999999999997,30.48128342245988,1.4832273557956248,0.880740486636163,0.8856306607188211,1.0546183891974015,10335412398.0,2.04,2.06,2.01,2.06,95999973.0,199646311.0,2.05,0.4878048780487809,10.0,2.26,False,False,True,78.1841085271318
302,600131.SH,国网信通,0.13886210221793632,39.32253313696614,1.936367050847857,0.7989708931339286,0.5947648782659463,1.3075134725812156,1195905149.0,14.94,15.44,14.79,15.27,12493205.0,191185005.0,15.02,1.6644474034620549,10.0,16.52,False,False,True,78.14728682170544
303,002187.SZ,广百股份,0.04868913857677899,37.74834437086092,1.8248111050923317,1.771614885514463,1.055741262843758,0.7518711826522336,700894633.0,4.76,4.83,4.72,4.79,9336100.0,44552497.0,4.79,0.0,10.0,5.27,False,False,True,78.10658914728681
304,600305.SH,恒顺醋业,0.19658119658119658,20.192307692307686,1.2340220023157829,0.8104645042093356,1.2189916436105375,1.337516633598362,1102959908.0,6.71,6.73,6.56,6.7,11956193.0,79302788.0,6.7,0.0,10.0,7.37,False,False,True,78.09883720930233
305,002884.SZ,凌霄泵业,0.33234421364985145,21.97580645161288,1.1920672171745217,0.930157296963836,0.8849121010202947,0.9687583608379896,272657626.0,16.01,16.06,15.78,15.95,2457500.0,39084430.0,16.0,-0.31250000000000444,10.0,17.6,False,False,True,78.06976744186048
306,600690.SH,海尔智家,0.2865362485615648,15.909090909090917,1.2402961856044825,0.7886064880698919,1.0685561913088728,0.9952245545995237,6253028411.0,20.89,21.04,20.68,21.04,49076302.0,1067884013.0,20.97,0.3338102050548519,10.0,23.07,False,False,True,78.06395348837209
307,000541.SZ,佛山照明,0.10909090909090903,25.053995680345587,1.5951056469250025,1.025413862924426,1.3241134686924643,0.74736054785075,1221592075.0,4.93,4.93,4.79,4.81,9361664.0,45254409.0,4.93,-2.4340770791075106,10.0,5.42,False,False,True,78.0562015503876
308,601900.SH,南方传媒,0.24668874172185437,26.247504990019976,1.5887010479520263,0.7793104490456745,0.9242137315279215,1.5994680622225317,881970094.0,11.51,11.52,11.13,11.34,10993600.0,123983228.0,11.51,-1.476976542137276,10.0,12.66,False,False,True,78.04651162790698
309,002095.SZ,生 意 宝,0.08804448563484703,34.751203852327436,1.9506999342315736,1.2443515446235631,0.946365189672624,0.8806445936577723,251708415.0,13.17,13.4,13.01,13.2,2758300.0,36389569.0,13.41,-1.5659955257270708,10.0,14.75,False,False,True,78.03488372093022
310,000529.SZ,广弘控股,0.11059907834101351,32.1513002364066,1.9070019518200616,0.978747045034359,1.0041791238782658,0.6442809628618399,569884377.0,4.44,4.53,4.43,4.48,3593623.0,16065190.0,4.47,0.22371364653246406,10.0,4.92,False,False,True,78.01162790697674
311,600997.SH,开滦股份,0.22068965517241373,30.151843817787416,1.9762021297348542,0.6844732629969206,0.6964256176839264,1.2774086670595088,1587799851.0,5.23,5.34,5.17,5.29,13882961.0,72944186.0,5.25,0.7619047619047636,10.0,5.78,False,False,True,77.98643410852712
312,600064.SH,南京高科,0.31304347826086976,19.35007385524372,1.0365814431202238,0.9109735423711931,0.9693711994551869,1.4103077311480738,1730339644.0,7.45,7.51,7.33,7.49,22230591.0,164754724.0,7.49,0.0,10.0,8.24,False,False,True,77.98255813953489
313,600023.SH,浙能电力,0.24309392265193347,37.17948717948718,1.6669197096878936,0.39053610792492505,0.7014011241396422,1.0364312736619676,13408732749.0,5.02,5.11,5.01,5.11,54273701.0,289547939.0,5.05,1.1881188118811892,10.0,5.56,False,False,True,77.94379844961242
314,600697.SH,欧亚集团,0.024901703800786535,37.176724137931046,1.987651751650893,2.436347463281248,0.9682822867374344,1.1390042149258184,155376015.0,9.45,9.57,9.29,9.32,4311700.0,40385484.0,9.47,-1.5839493136219684,10.0,10.42,False,False,True,77.91279069767442
315,000008.SZ,神州高铁,0.07692307692307683,32.258064516129046,2.2825761373060245,1.3884684099884792,0.804105513137653,0.7918212994144326,2716296952.0,2.26,2.3,2.24,2.28,29863481.0,67938629.0,2.28,0.0,10.0,2.51,False,False,True,77.84883720930232
316,000998.SZ,隆平高科,0.1973333333333334,32.65306122448981,1.2374330426145548,1.298939236038835,0.8109789871541052,1.612845399575435,1315050546.0,8.04,8.25,7.92,8.24,27547100.0,223196936.0,8.09,1.8541409147095234,10.0,8.9,False,False,True,77.80620155038758
317,601288.SH,农业银行,0.24710424710424692,20.379965457685657,1.5148883543035903,0.1307715527507565,1.1762408754986822,0.9666284562295177,319244210777.0,6.4,6.53,6.32,6.52,403548639.0,2603602466.0,6.43,1.3996889580093264,10.0,7.07,False,False,True,77.75193798449612
318,601518.SH,吉林高速,0.3461538461538464,17.557251908396942,1.1782827812155052,0.9104721190732039,0.9501768178722646,0.8064121686918511,1890553169.0,2.73,2.75,2.71,2.74,13880740.0,37904996.0,2.74,0.0,10.0,3.01,False,False,True,77.73062015503876
319,600757.SH,长江传媒,0.22926829268292684,15.055248618784534,1.3985457693869132,0.811657701996174,1.1931494446695605,1.3017608600332282,1213497103.0,7.71,7.74,7.52,7.65,12821619.0,97548771.0,7.71,-0.7782101167315147,10.0,8.48,False,False,True,77.64728682170542
320,002936.SZ,郑州银行,0.20370370370370378,12.804878048780498,1.1373483642159383,1.252566501416826,1.1406111719173078,1.3105462097020668,7029435959.0,1.75,1.77,1.73,1.76,115391111.0,201560105.0,1.75,0.5714285714285783,10.0,1.93,False,False,True,77.60852713178295
321,600968.SH,海油发展,0.21212121212121202,31.498470948012237,2.0525902619703866,0.4711212975535525,0.7376787423138168,1.027388390055147,10165104199.0,3.79,3.87,3.77,3.87,49201600.0,188225181.0,3.76,2.92553191489362,10.0,4.14,False,False,True,77.6046511627907
322,002041.SZ,登海种业,0.1195876288659794,35.87096774193548,1.446101458731101,1.5032575681818132,0.8866358710051369,0.9953320616606968,880000000.0,8.3,8.41,8.22,8.39,13166916.0,109530600.0,8.33,0.7202881152461149,10.0,9.16,False,False,True,77.60465116279069
323,603071.SH,物产环能,0.2158273381294965,37.200736648250476,1.5362026717696673,0.5130044829000515,0.8735275196459906,1.6535821691919452,557954442.0,11.73,12.16,11.7,12.11,4733100.0,56635534.0,11.76,2.9761904761904656,10.0,12.94,False,False,True,77.57751937984497
324,002228.SZ,合兴包装,0.02209944751381217,38.65248226950355,2.1063877836756046,1.9849227770705575,1.0516332029910698,0.7819455175162446,1209321709.0,2.88,2.93,2.84,2.88,18769900.0,53962781.0,2.9,-0.6896551724137945,10.0,3.19,False,False,True,77.5717054263566
325,000157.SZ,中联重科,0.18885448916408648,23.273273273273286,1.8021826223496196,1.0358241113485631,0.9346453079449782,0.6780964068562438,7070417363.0,7.27,7.32,7.21,7.32,49660654.0,360958960.0,7.27,0.687757909215958,10.0,8.0,False,False,True,77.55813953488372
326,600027.SH,华电国际,0.25641025641025655,35.944700460829516,1.2732485819315893,0.9224607425320245,0.7494493637784845,1.1427213738814088,9215677327.0,4.72,4.8,4.69,4.79,97143893.0,461104127.0,4.74,1.0548523206751037,10.0,5.21,False,False,True,77.52906976744187
327,300011.SZ,鼎汉技术,0.04231625835189319,39.21933085501858,2.250276635477689,1.6232047034119952,0.9235706153294749,0.7029968932416227,509665579.0,5.54,5.56,5.35,5.37,5815834.0,31646253.0,5.57,-3.590664272890487,20.0,6.68,False,False,True,77.50387596899225
328,002533.SZ,金杯电工,0.1381475667189954,39.04382470119523,1.5608821149798104,1.3880600475934846,0.614707748519817,1.032756038916253,646143983.0,10.45,10.52,10.3,10.36,9233038.0,95797181.0,10.58,-2.0793950850661713,10.0,11.64,False,False,True,77.45736434108527
329,601216.SH,君正集团,0.2511627906976744,30.29556650246308,1.6532683330268239,0.8474743538067011,0.8427835697563479,0.8313114428158773,8438017389.999999,4.58,4.62,4.5,4.57,59447109.0,270909898.0,4.6,-0.6521739130434634,10.0,5.06,False,False,True,77.40503875968992
330,002675.SZ,东诚药业,0.08588957055214705,15.767634854771773,1.8373696784083002,1.6489587883163335,1.2235755046648076,0.9528967864070437,743383994.0,12.53,12.75,12.37,12.64,11680700.0,146479468.0,12.61,0.23790642347343294,10.0,13.87,False,False,True,77.4031007751938
331,601059.SH,信达证券,0.2942008486562945,20.316804407713484,1.5842190366930349,0.3400372232500726,1.065298302700577,0.711766863527842,3243000000.0,16.54,16.64,16.32,16.51,7848943.0,129348956.0,16.6,-0.5421686746987953,10.0,18.26,False,False,True,77.32558139534885
332,001914.SZ,招商积余,0.16962524654832356,33.62944162436548,1.6367190990648968,0.797452029177927,0.9828142932541115,1.2566253148837558,1053719483.0,8.74,8.78,8.56,8.71,10559300.0,94146294.0,8.74,-0.3432494279176135,10.0,9.61,False,False,True,77.32558139534885
333,601860.SH,紫金银行,0.2499999999999998,12.500000000000021,1.2299309884819967,1.201989297511451,1.0639811889997708,1.6035063531279465,3551606401.0,2.55,2.56,2.5,2.54,68453533.0,172903493.0,2.55,-0.39215686274508554,10.0,2.81,False,False,True,77.30038759689923
334,300172.SZ,中电环保,0.08812260536398452,36.842105263157876,1.3810485929983163,2.3709700641281937,0.6946088627122733,0.9119672601681319,523512387.0,4.19,4.23,4.14,4.16,11317076.0,47219871.0,4.22,-1.421800947867291,20.0,5.06,False,False,True,77.29069767441861
335,600406.SH,国电南瑞,0.30119375573921037,31.2793979303857,1.3880885746163831,0.8659646603313524,0.825457484184127,1.0648319070251733,8008176162.0,23.66,23.8,23.3,23.75,73843937.0,1737922531.0,23.8,-0.21008403361344463,10.0,26.18,False,False,True,77.26356589147287
336,000915.SZ,华特达因,0.13326446280991727,17.634768073547846,1.5170923087745585,1.414983023487947,1.194871433283243,0.7529175858294053,234122860.0,25.33,25.36,24.88,25.21,2494400.0,62685127.0,25.22,-0.03965107057889439,10.0,27.74,False,False,True,77.24612403100775
337,603368.SH,柳药集团,0.17565217391304344,14.225941422594147,1.706189559918344,1.054587802506295,1.1246734703767707,1.0492433352809212,397211355.0,15.35,15.44,15.15,15.33,4395220.0,67201743.0,15.35,-0.13029315960911836,10.0,16.89,False,False,True,77.21899224806202
338,002327.SZ,富安娜,0.284810126582278,26.779661016949152,1.4551167394763482,1.002402863466437,0.876352460745924,1.1999238829620997,490983369.0,6.34,6.35,6.18,6.31,5905583.0,36886349.0,6.35,-0.6299212598425252,10.0,6.99,False,False,True,77.19573643410853
339,600061.SH,国投资本,0.18431372549019592,11.99999999999999,1.4946283078610931,0.8108198471159691,1.3855774674778953,0.9185019429720894,6393997000.0,6.43,6.44,6.31,6.35,47618628.0,302404478.0,6.47,-1.8547140649149974,10.0,7.12,False,False,True,77.18604651162792
340,300627.SZ,华测导航,0.050119331742243464,34.14264036418817,2.157173964293821,1.7168229931402175,1.0365717425506724,0.820389823021249,655681456.0,27.2,27.23,26.6,26.66,9236543.0,246883692.0,27.41,-2.7362276541408215,20.0,32.89,False,False,True,77.14534883720931
341,002391.SZ,长青股份,0.11792452830188678,35.98326359832635,1.4299966772704864,1.6093111418254455,0.8961232644199223,0.9644693004851723,464098311.00000006,5.01,5.07,4.91,4.97,7172804.0,35637453.0,5.03,-1.1928429423459397,10.0,5.53,False,False,True,77.0658914728682
342,002807.SZ,江阴银行,0.25490196078431393,16.712328767123275,1.2362947359769594,1.2636423924097573,1.0174609960592873,1.5344179844676267,2703506366.0000005,3.9,3.92,3.83,3.91,52419850.0,203096630.0,3.91,0.0,10.0,4.3,False,False,True,77.04651162790697
343,603811.SH,诚意药业,0.052419354838709645,26.35431918008786,2.0123932087091534,1.6822022042710192,1.371001928522408,0.8450186112745302,458226048.0,7.03,7.25,6.99,7.05,6381860.0,45256056.0,7.09,-0.5641748942172065,10.0,7.8,False,False,True,76.9922480620155
344,600004.SH,白云机场,0.22756410256410262,25.43352601156068,1.288389228746756,0.5599316443865866,1.2516865317839199,1.2182452004280169,2366718283.0,7.57,7.68,7.49,7.64,16144191.0,126813758.0,7.63,0.1310615989515096,10.0,8.39,False,False,True,76.96511627906978
345,601236.SH,红塔证券,0.21511627906976755,18.641390205371234,1.4101579624566025,0.446630968989758,1.4364806203874074,0.9146143656016124,4693233706.0,7.0,7.07,6.91,6.99,19197494.0,134748808.0,7.07,-1.1315417256011373,10.0,7.78,False,False,True,76.95736434108527
346,600132.SH,重庆啤酒,0.18464961067853175,36.38166047087981,1.5142821816087622,0.8018141298565415,0.9475644814235288,1.2076588793373062,483971198.0,43.68,44.6,43.15,44.59,4686380.0,205427572.0,43.67,2.106709411495311,10.0,48.04,False,False,True,76.91666666666666
347,600008.SH,首创环保,0.3389830508474573,19.77611940298507,1.1427624639150495,1.0707497026945259,0.9459279012029623,1.2099197328187672,7340590677.0,2.88,2.9,2.84,2.88,95098908.0,272875143.0,2.88,0.0,10.0,3.17,False,False,True,76.90116279069768
348,002554.SZ,惠博普,0.028455284552845645,39.700374531835216,2.401585464795826,2.1020072048798433,0.7589299820631089,0.651401650495135,1333469849.9999998,2.75,2.81,2.73,2.77,18258552.0,50571482.0,2.74,1.0948905109488871,10.0,3.01,False,False,True,76.90116279069768
349,001227.SZ,兰州银行,0.2600000000000001,12.060301507537696,0.9906789313625468,1.369087298690467,1.0448287348050036,1.5692199737342551,4216829430.000001,2.11,2.12,2.07,2.11,90596300.0,189638681.0,2.12,-0.4716981132075526,10.0,2.33,False,False,True,76.81782945736434
350,002239.SZ,奥特佳,0.09230769230769237,29.487179487179493,1.7748449508226731,1.9559083331486302,0.9399456165897029,0.9331482364226882,3266152096.0,2.45,2.47,2.41,2.43,56099496.0,136693570.0,2.46,-1.2195121951219412,10.0,2.71,False,False,True,76.81782945736434
351,002332.SZ,仙琚制药,0.15160349854227395,12.132822477650063,1.3232634885429004,1.358891742470208,1.3210604728973272,1.3941576121997203,985714191.0,8.32,8.39,8.17,8.25,18671700.0,156267270.0,8.35,-1.19760479041916,10.0,9.19,False,False,True,76.81395348837209
352,688232.SH,新点软件,0.051595744680851194,39.514218009478675,2.236343837035453,0.9706629850941139,1.1557065361084353,1.171401110819287,321981975.0,17.87,17.95,17.22,17.55,3661050.0,64126816.0,17.85,-1.6806722689075682,20.0,21.42,False,False,True,76.79651162790698
353,601229.SH,上海银行,0.3956043956043953,13.008130081300816,1.1549565813420883,0.38368120472701656,1.1537614799781593,0.8901202224284092,14209038737.000002,9.09,9.16,9.0,9.15,48527046.0,440932464.0,9.1,0.5494505494505475,10.0,10.01,False,False,True,76.78488372093024
354,600582.SH,天地科技,0.317948717948718,30.094786729857837,1.6907124788348646,0.5945290083671306,0.8486648136505384,1.005033567923478,4138588892.0,4.85,4.86,4.75,4.84,24728963.0,118615446.0,4.84,0.0,10.0,5.32,False,False,True,76.74806201550388
355,600780.SH,通宝能源,0.2028985507246376,39.56442831215972,1.4942882819402379,1.0988176473467688,0.5604787672927748,1.2883419597680406,1146502523.0,5.97,6.06,5.94,6.03,16230496.0,100215372.0,6.0,0.5000000000000115,10.0,6.6,False,False,True,76.74031007751938
356,605008.SH,长鸿高科,0.20219780219780215,25.294117647058822,1.6832420023055854,0.4463849579334776,1.209513024328859,0.7225649862099744,645962414.0,11.9,12.0,11.67,11.97,2083501.0,24680659.0,12.04,-0.5813953488371992,10.0,13.24,False,False,True,76.7170542635659
357,002996.SZ,顺博合金,0.07317073170731715,31.533101045296164,1.9930560296533941,2.180545122260901,0.8336226784376224,0.7529506622335624,458377491.0,5.98,6.07,5.94,6.03,7377758.0,44388986.0,5.98,0.836120401337781,10.0,6.58,False,False,True,76.68410852713177
358,002441.SZ,众业达,0.08421052631578953,39.24581005586594,1.9100731374591071,1.6812282887377037,0.7597182903589879,1.0717415770054135,398964279.0,7.44,7.63,7.22,7.27,7186496.0,54196175.0,7.48,-2.807486631016054,10.0,8.23,False,False,True,76.68410852713177
359,002269.SZ,美邦服饰,0.025510204081632678,37.00787401574803,2.022413452661082,2.4977084584744462,1.0332593424845904,0.5867608477383236,2343729075.0,1.32,1.34,1.31,1.33,34348698.0,45356115.0,1.32,0.7575757575757569,10.0,1.45,False,False,True,76.65891472868218
360,002344.SZ,海宁皮城,0.15306122448979606,36.82634730538923,1.8017278898254308,0.8539197012132984,0.914181951065889,0.7217450784319623,1281450092.0,3.64,3.67,3.56,3.59,7897500.0,28439059.0,3.64,-1.3736263736263798,10.0,4.0,False,False,True,76.65503875968993
361,601801.SH,皖新传媒,0.27196652719665254,27.7056277056277,1.529714574747344,0.6042742143553574,1.0396151430402139,1.1782695989719991,1957931237.0,5.29,5.29,5.15,5.26,13940430.0,72699024.0,5.27,-0.1897533206831059,10.0,5.8,False,False,True,76.62015503875969
362,601668.SH,中国建筑,0.3821656050955413,17.866004962779147,1.0692213784842477,0.5900139965531195,1.1059414215705243,1.2776438611835381,41320390444.0,4.62,4.7,4.56,4.7,311484574.0,1445148160.0,4.63,1.5118790496760237,10.0,5.09,False,False,True,76.61627906976744
363,600729.SH,重百集团,0.12778603268945013,20.125071063104038,1.4052110004706253,1.8641022625372212,1.0864497972109906,1.2768622123095155,192482844.0,19.31,19.44,18.99,19.42,4581480.0,91420607.0,19.31,0.569653029518391,10.0,21.24,False,False,True,76.58527131782945
364,600787.SH,中储股份,0.22466960352422893,29.629629629629626,1.3500419376786943,1.0377683420828518,1.0085811809385206,1.1320463333355966,2170079582.0,4.55,4.56,4.47,4.53,25494135.0,115094438.0,4.56,-0.6578947368420907,10.0,5.02,False,False,True,76.58333333333334
365,000507.SZ,珠海港,0.23484848484848517,19.56043956043958,1.4503120921825539,1.4902926090169255,0.922975759991687,0.8056085782708882,902354455.0,4.87,4.87,4.79,4.84,10833600.0,52268197.0,4.86,-0.4115226337448652,10.0,5.35,False,False,True,76.55426356589146
366,002646.SZ,天佑德酒,0.08733624454148461,33.66013071895424,1.9146947675224566,1.325371664773388,1.0875052945018995,0.9613694759317104,475887499.0,6.48,6.56,6.42,6.56,6063500.0,39314529.0,6.52,0.6134969325153339,10.0,7.17,False,False,True,76.55038759689923
367,603605.SH,珀莱雅,0.09547599222869826,25.141030462579916,1.8549628340441147,1.286918265099407,1.2760825059545355,1.1080441503415275,395976049.0,56.5,58.49,56.06,58.49,5646469.0,323832427.0,56.62,3.302719886965755,10.0,62.28,False,False,True,76.55038759689921
368,601117.SH,中国化学,0.1524390243902439,21.702127659574465,1.8505858180701105,1.614351333149562,0.8851043332617902,0.8068135735326495,6049451162.0,7.5,7.64,7.43,7.6,78818035.0,605085950.0,7.55,0.6622516556291425,10.0,8.31,False,False,True,76.51356589147287
369,000011.SZ,深物业A,0.11233885819521185,39.64401294498383,2.05515425515327,0.8781201162083179,0.8513816780538113,1.4753066600413685,526475543.00000006,6.73,6.83,6.63,6.83,6820472.0,45852822.0,6.79,0.589101620029453,10.0,7.47,False,False,True,76.51356589147287
370,000869.SZ,张  裕Ａ,0.262295081967213,26.04712041884818,1.5620245146545113,0.2871864704228135,1.1458292827416072,1.2047342098608425,454935920.0,17.0,17.15,16.62,16.97,1574045.0,26479355.0,17.2,-1.3372093023255816,10.0,18.92,False,False,True,76.49031007751938
371,301206.SZ,三元生物,0.1573546180159634,27.328029948525966,1.6009716501831661,1.097832065324372,1.1330532169614582,0.8465060125223566,130283123.0,22.42,23.04,22.4,22.61,1210749.0,27412191.0,22.75,-0.6153846153846176,20.0,27.3,False,False,True,76.43992248062017
372,600073.SH,光明肉业,0.15988372093023248,30.83700440528636,1.705870294098882,1.0143333748179295,1.036133111532341,0.8217103708978297,937729472.0,5.1,5.16,5.02,5.1,7815865.0,39765869.0,5.09,0.19646365422396617,10.0,5.6,False,False,True,76.41279069767442
373,000800.SZ,一汽解放,0.34579439252336464,27.06093189964158,1.3122120676594247,0.32958910816817494,1.0632275268335032,1.1554571822615158,4920635033.0,6.3,6.31,6.15,6.3,18739201.0,116423237.0,6.32,-0.31645569620254443,10.0,6.95,False,False,True,76.40503875968992
374,002933.SZ,新兴装备,0.05175600739371533,39.54388984509467,2.2790579276187226,1.5968083022310418,0.892646806983975,0.6855018371015169,116894276.0,23.98,24.22,23.46,23.58,1279200.0,30380214.0,24.08,-2.0764119601328956,10.0,26.49,False,False,True,76.39534883720931
375,002688.SZ,金河生物,0.10479041916167654,30.786026200873362,2.0594473503323947,1.327089664017779,0.955838847303477,0.7864190318811766,747041116.9999999,4.9,4.99,4.83,4.87,7797200.0,38156178.0,4.93,-1.2170385395537497,10.0,5.42,False,False,True,76.39341085271319
376,000563.SZ,陕国投Ａ,0.2894736842105263,22.71062271062272,1.434928194664809,0.9559758001632075,1.0155877841092336,1.34368360942858,5113970358.0,3.05,3.06,2.96,3.01,65690433.0,197089971.0,3.06,-1.6339869281045805,10.0,3.37,False,False,True,76.34108527131782
377,601990.SH,南京证券,0.2045454545454545,17.759999999999998,1.350586689696557,0.7075221195591075,1.5430320505066264,0.7215665995722033,4231724800.0,6.76,6.77,6.66,6.75,21224932.0,144229258.0,6.79,-0.589101620029453,10.0,7.47,False,False,True,76.31007751937985
378,002481.SZ,双塔食品,0.1296928327645051,28.37837837837838,1.6907820610912143,1.127226033678209,1.2065234965554033,0.776253076458015,1118152600.0,4.09,4.1,4.0,4.05,9783723.0,39617560.0,4.08,-0.7352941176470673,10.0,4.49,False,False,True,76.29844961240309
379,603170.SH,宝立食品,0.2238010657193605,28.92018779342722,1.8527667873306168,0.7124292517687014,0.9713828935624399,0.8921550574854115,400010000.0,11.88,12.05,11.58,11.64,2542453.0,30257817.0,11.91,-2.267002518891681,10.0,13.1,False,False,True,76.28488372093022
380,600195.SH,中牧股份,0.2184615384615384,34.85113835376532,1.9195975917421635,0.8210849764362274,0.7547339182145908,0.8690647490938019,1021148260.0,6.44,6.52,6.31,6.42,7286669.0,46639088.0,6.42,0.0,10.0,7.06,False,False,True,76.27906976744185
381,688468.SH,科美诊断,0.07520891364902497,39.24050632911391,1.9950278597155315,0.957569121034728,1.1433746237446434,1.0760701107440995,401108000.0,5.75,5.85,5.62,5.62,4133063.0,23588777.0,5.8,-3.103448275862064,20.0,6.96,False,False,True,76.20348837209302
382,002275.SZ,桂林三金,0.27777777777777773,20.82283795130142,1.7637853369853467,0.4395378878598901,1.0939118101989245,1.148427444781328,564751305.0,13.2,13.32,12.94,13.15,2845130.0,37291696.0,13.26,-0.8295625942684737,10.0,14.59,False,False,True,76.19573643410854
383,600928.SH,西安银行,0.29133858267716517,19.936708860759488,1.6036694082427019,0.6260487988708925,1.1137798933371945,1.0713512808860062,4423354066.0,3.55,3.56,3.47,3.53,29668240.0,104120819.0,3.53,0.0,10.0,3.88,False,False,True,76.19573643410853
384,600782.SH,新钢股份,0.1913875598086124,28.63070539419086,1.4165259475718945,1.5205388401004616,0.9192319879351585,1.2105468881705952,3145652149.0,2.81,2.82,2.75,2.79,57901502.0,161056521.0,2.81,-0.7117437722419906,10.0,3.09,False,False,True,76.16279069767441
385,601139.SH,深圳燃气,0.3869565217391303,26.958105646630237,1.2666553943071541,0.7879708044365925,0.9431324617504595,1.3532076876310533,2876744454.9999995,6.36,6.43,6.27,6.41,30674385.0,194708777.0,6.38,0.4702194357366851,10.0,7.02,False,False,True,76.10465116279069
386,600616.SH,金枫酒业,0.09199999999999997,37.53424657534246,1.924168679570602,1.2127064007523356,1.0244029993690495,0.8407449324474545,669004950.0,3.88,3.91,3.82,3.88,6821019.0,26286638.0,3.88,0.0,10.0,4.27,False,False,True,76.0968992248062
387,600970.SH,中材国际,0.17206982543640886,39.11174785100287,1.446222432189965,0.8491985391555686,0.9649937488252839,0.9619959144593139,2621812924.0,7.63,7.7,7.51,7.68,21418259.0,163098073.0,7.67,0.1303780964797996,10.0,8.44,False,False,True,76.09108527131784
388,000090.SZ,天健集团,0.14893617021276587,34.576271186440664,1.7661534076722618,1.098052558930388,0.9560011902596557,0.7037189019577382,1868459934.0,3.25,3.25,3.19,3.24,14437927.0,46478451.0,3.23,0.3095975232198178,10.0,3.55,False,False,True,76.08333333333331
389,601766.SH,中国中车,0.2901023890784984,21.11553784860558,1.392481885767773,0.850244382544945,1.1155118135041737,1.108765344175963,24327798048.0,5.87,5.89,5.77,5.87,229343384.0,1368044136.0,5.87,0.0,10.0,6.46,False,False,True,76.04457364341084
390,603776.SH,永安行,0.20738636363636329,29.099944781888464,1.9009977916948497,1.1623715455316808,0.8320158291709991,0.5537767800701153,280760572.0,18.72,18.95,18.36,18.66,1807240.0,33947599.0,18.72,-0.32051282051280827,10.0,20.59,False,False,True,76.04263565891472
391,601298.SH,青岛港,0.3532338308457707,21.733505821474775,1.2316265888307454,0.27652890677521597,1.1936189422560823,0.8953019175181882,5392075000.0,8.39,8.48,8.33,8.43,13349530.0,114750096.0,8.44,-0.11848341232226778,10.0,9.28,False,False,True,76.03100775193799
392,000589.SZ,贵州轮胎,0.21666666666666645,26.49999999999999,1.3960906827365804,1.5472956367770847,0.9157903043461537,0.8647848112387091,1544110704.0,4.26,4.26,4.2,4.25,20661402.0,87541607.0,4.26,-0.23474178403755097,10.0,4.69,False,False,True,75.92635658914729
393,600377.SH,宁沪高速,0.3190184049079758,13.871260199456037,1.3108350794406427,0.32082120315596546,1.3679492400627309,1.0659509714509938,3802183001.0,12.06,12.14,11.8,12.14,13002693.0,155330767.0,12.06,0.6633499170812573,10.0,13.27,False,False,True,75.92054263565892
394,000099.SZ,中信海直,0.06915739268680453,37.528430629264605,2.1265774152545003,1.3717437475941363,1.0196276372005408,0.8936987246821333,775770137.0,13.92,13.97,13.71,13.9,9510365.0,131535710.0,14.06,-1.1379800853485111,10.0,15.47,False,False,True,75.9205426356589
395,002461.SZ,珠江啤酒,0.27728613569321514,39.622641509433954,1.5064664143173339,0.3927167805657081,0.8372360192927816,1.163744851963401,2213328480.0,8.35,8.4,8.2,8.36,10115401.0,83970084.0,8.36,0.0,10.0,9.2,False,False,True,75.91860465116281
396,601033.SH,永兴股份,0.286135693215339,17.642585551330804,1.225388636015872,1.7093582083333305,0.8532464500491311,1.8149523808850578,240000000.0,14.2,14.29,13.76,14.24,7445769.0,104078128.0,14.12,0.8498583569405138,10.0,15.53,False,False,True,75.91279069767441
397,002507.SZ,涪陵榨菜,0.37543859649122796,18.096135721017916,1.294669019349404,0.961839818177425,1.0049421452664058,1.5673548819677867,1153718438.0,11.62,11.7,11.34,11.56,17384180.0,199280754.0,11.68,-1.0273972602739656,10.0,12.85,False,False,True,75.9031007751938
398,600368.SH,五洲交通,0.3680000000000003,22.39263803680982,1.260744709567291,0.8330273110183115,1.0357138774402663,0.9776804043223298,1609653858.0,3.7,3.74,3.66,3.72,13109576.0,48536337.0,3.72,0.0,10.0,4.09,False,False,True,75.81589147286822
399,603049.SH,中策橡胶,0.32337736932797223,16.627634660421542,1.252855142906487,0.6253608878677269,1.265134252419989,0.5996360200934845,504980262.0,48.2,48.48,47.5,48.2,1893620.0,91030208.0,48.33,-0.2689840678667399,10.0,53.16,False,False,True,75.7751937984496
400,600039.SH,四川路桥,0.39575971731448756,32.14774281805746,1.5626314293433003,0.20990641401104548,0.8868218143871596,1.8053330203186093,8695590645.0,8.43,8.8,8.29,8.78,32952026.0,298667769.0,8.43,4.151838671411623,10.0,9.27,False,False,True,75.76162790697674
401,002376.SZ,新北洋,0.17834394904458592,32.48175182481749,1.3117223432964817,1.450065015547965,0.952023628921507,0.9420996463877911,787464555.0,6.0,6.11,5.94,6.02,10756776.0,64744231.0,6.04,-0.33112582781458233,10.0,6.64,False,False,True,75.73643410852713
402,001201.SZ,东瑞股份,0.1024390243902439,33.268292682926834,1.6354694396918945,1.677659352333382,1.0383587885063421,0.6873515796077238,212507395.0,11.09,11.23,10.99,11.13,2426240.0,26908213.0,11.09,0.36068530207395977,10.0,12.2,False,False,True,75.63953488372093
403,002511.SZ,中顺洁柔,0.23897058823529402,38.73456790123455,1.2644208093752332,1.0853160292545665,0.8205859591984861,1.215995043578563,1264988608.0,7.12,7.14,7.02,7.08,16695105.0,118177484.0,7.13,-0.7012622720897643,10.0,7.84,False,False,True,75.63178294573645
404,601019.SH,山东出版,0.32989690721649473,21.077654516640255,1.6444928360851137,0.45366644065359646,1.1115449840959462,1.7679780480407479,2086900000.0,7.22,7.36,7.12,7.33,16738447.0,121062105.0,7.27,0.8253094910591452,10.0,8.0,False,False,True,75.50193798449614
405,600007.SH,中国国贸,0.3971962616822427,24.840394660475916,1.4369458323604702,0.27257868148441045,1.078050375472961,0.9323536142763496,1007282534.0,19.01,19.18,18.82,19.17,2559905.0,48561406.0,18.93,1.267828843106189,10.0,20.82,False,False,True,75.4670542635659
406,002626.SZ,金达威,0.10874439461883395,32.63565891472868,2.285873659786607,0.8896943579240001,0.9908519705145742,0.9630225420987614,609861032.0,13.81,14.0,13.49,13.6,5225263.0,71567389.0,13.87,-1.9466474405191003,10.0,15.26,False,False,True,75.4515503875969
407,603055.SH,台华新材,0.22448979591836743,20.472440944881875,2.0222815377271632,0.8330595065192941,1.0192150402742821,1.0539138040707734,887050942.0000001,8.36,8.37,8.11,8.22,7788067.0,63781761.0,8.39,-2.026221692491059,10.0,9.23,False,False,True,75.42829457364341
408,600694.SH,大商股份,0.29166666666666663,23.592906707787197,1.4853877952840155,0.998866490913434,1.0390600039709903,1.1801022583410332,378793611.0,14.31,14.31,13.98,14.17,4465085.0,63036180.0,14.3,-0.909090909090915,10.0,15.73,False,False,True,75.40891472868216
409,002500.SZ,山西证券,0.29896907216494856,18.049792531120335,1.1949757418484634,0.8893649228648205,1.2366696186190498,0.8398324597602557,3589771547.0,5.38,5.39,5.26,5.33,26812633.0,142310528.0,5.4,-1.2962962962963065,10.0,5.94,False,False,True,75.39341085271317
410,601500.SH,通用股份,0.18934911242603542,36.07954545454546,1.4357605226947707,0.9588199685832688,1.0354502751990657,0.9489128571439066,1583000735.0,3.83,3.85,3.76,3.82,14402720.0,54813200.0,3.84,-0.520833333333337,10.0,4.22,False,False,True,75.36627906976744
411,001308.SZ,康冠科技,0.05597014925373126,36.88969258589512,1.9836816570043598,0.99184939456009,1.979738033550902,0.6248467621380963,527325325.0,17.03,17.03,16.47,16.6,3203995.0,54487790.0,17.04,-2.5821596244131273,10.0,18.74,False,False,True,75.36046511627907
412,600369.SH,西南证券,0.2962962962962962,14.516129032258052,1.3699635183157555,0.8035823280484571,1.3025848146184384,0.832488706429444,6645109124.0,4.1,4.12,4.05,4.09,44454000.0,181462212.0,4.12,-0.728155339805836,10.0,4.53,False,False,True,75.31201550387597
413,002797.SZ,第一创业,0.2539682539682538,31.95364238410596,1.4524709819612753,1.6623024819150907,0.5535059725853038,0.8141979627851768,4202400000.0,6.62,6.64,6.51,6.55,56877101.0,373540956.0,6.68,-1.9461077844311392,10.0,7.35,False,False,True,75.22868217054264
414,000717.SZ,中南股份,0.17692307692307688,30.72916666666665,2.0053924659002402,0.8789089268906998,0.9749021956270523,0.5554778706214843,2423697090.0,2.14,2.16,2.12,2.15,11832710.0,25340214.0,2.15,0.0,10.0,2.37,False,False,True,75.21317829457364
415,601878.SH,浙商证券,0.21311475409836048,13.522727272727275,1.4643752105467223,0.9176030300983333,1.5428062027215894,0.6364912732853513,4573796639.0,9.54,9.55,9.4,9.48,26713091.0,255349767.0,9.58,-1.0438413361169019,10.0,10.54,False,False,True,75.17829457364341
416,002926.SZ,,0.2905982905982905,16.216216216216207,1.3677742046096597,0.8463786476190425,1.2939344578698335,0.9920405094385426,2625000000.0,8.33,8.37,8.23,8.31,22040600.0,188335698.0,8.42,-1.306413301662701,10.0,9.26,False,False,True,75.16860465116278
417,600761.SH,安徽合力,0.1719342604298356,30.759493670886062,1.8943333130854856,1.4336635716746273,0.8489503515592798,0.9168068821974928,890692761.0,17.13,17.13,16.74,16.93,11707200.0,198298950.0,17.16,-1.3403263403263477,10.0,18.88,False,False,True,75.07751937984497
418,603809.SH,豪能股份,0.04540654699049628,38.25983313468413,2.3682330969245116,1.5185827963677434,1.0789651194498564,0.927207784994255,920288807.0,8.76,8.79,8.46,8.47,12958051.0,111021455.0,8.82,-3.9682539682539653,10.0,9.7,False,False,True,75.06782945736433
419,000708.SZ,中信特钢,0.32649572649572656,27.465362673186643,1.7390787628743023,0.31105976853881445,1.0449327455917552,0.8766205132053664,5047136128.0,13.6,13.74,13.4,13.72,13762600.0,189895373.0,13.58,1.0309278350515427,10.0,14.94,False,False,True,75.02519379844962
420,600927.SH,永安期货,0.21341463414634124,35.94276094276092,1.8404028788761224,0.461260997798827,1.0002123794406128,0.935613309515171,1450444656.0,12.92,12.92,12.55,12.74,6265348.0,79628790.0,12.93,-1.4694508894044778,10.0,14.22,False,False,True,75.0
421,600717.SH,天津港,0.2383720930232556,22.27979274611398,1.5269429083506787,0.9474398899645411,1.228547168065979,1.1009126444357342,2894001038.0,4.25,4.27,4.16,4.26,30185836.0,127417743.0,4.27,-0.23419203747072626,10.0,4.7,False,False,True,74.96511627906978
422,600496.SH,精工钢构,0.09523809523809534,37.04918032786886,1.5998739099771069,1.5829350914430507,1.1055339575604104,0.7939882477033513,1990125599.0,3.2,3.2,3.15,3.18,25012532.0,79431051.0,3.19,-0.31347962382444194,10.0,3.51,False,False,True,74.93410852713178
423,600908.SH,无锡银行,0.3809523809523814,16.869918699186993,1.3478986642855384,0.862397525501591,1.132185684114836,1.378803871734784,1999312665.0,5.39,5.48,5.3,5.39,23773368.0,127223962.0,5.4,-0.18518518518519933,10.0,5.94,False,False,True,74.8779069767442
424,002991.SZ,甘源食品,0.0975213327915481,35.64225053078556,1.5916869404410676,1.691427329667855,1.0861841424166723,0.9026662389257966,49933706.0,40.05,40.22,39.2,39.64,762385.0,30701453.0,40.08,-1.0978043912175606,10.0,44.09,False,False,True,74.85852713178294
425,002004.SZ,华邦健康,0.22282608695652184,34.30079155672823,1.7577613329663506,1.231620203158234,0.828344460853896,1.2052002950958884,1885347429.0,4.17,4.22,4.11,4.17,27980150.0,119054953.0,4.2,-0.7142857142857229,10.0,4.62,False,False,True,74.82751937984497
426,301185.SZ,鸥玛软件,0.15098241985522223,34.216177523264136,1.6637569108435735,1.742355639345461,0.8384871248690154,0.550041629063177,140470363.0,15.21,15.58,15.05,15.27,1342400.0,20470021.0,15.43,-1.0369410239792654,20.0,18.52,False,False,True,74.75193798449612
427,600127.SH,金健米业,0.16606498194945848,37.77335984095427,1.295677609911143,1.961643386256319,0.6681294127521271,0.6010327790630222,641783218.0,5.45,5.56,5.44,5.52,7566701.0,41590033.0,5.49,0.5464480874316724,10.0,6.04,False,False,True,74.68023255813954
428,603609.SH,禾丰股份,0.1917808219178082,27.697841726618712,2.1843723731493685,0.4610966556554861,1.048315939088837,0.8227472545496075,904016733.0,6.26,6.31,6.16,6.24,3443700.0,21449867.0,6.26,-0.31948881789136685,10.0,6.89,False,False,True,74.6705426356589
429,002516.SZ,旷达科技,0.12068965517241388,36.32734530938124,1.5064998662793119,1.3596128606123359,1.1621560224290932,0.9535436799538274,1460498682.0,5.24,5.26,5.02,5.05,18905700.0,96721330.0,5.25,-3.809523809523818,10.0,5.78,False,False,True,74.65697674418605
430,601128.SH,常熟银行,0.3629032258064517,17.013888888888907,1.0406659002055019,1.188213702610494,1.096855190654216,1.106587828543202,3648179244.0,6.2,6.25,6.13,6.24,47968552.0,296816932.0,6.21,0.48309178743961567,10.0,6.83,False,False,True,74.6375968992248
431,603967.SH,中创物流,0.19740259740259727,36.86770428015564,1.8441875649844686,0.8904892684965289,0.9153367232388908,1.0730249336591287,346666710.0,11.04,11.07,10.75,10.86,3312460.0,35992330.0,11.04,-1.6304347826086918,10.0,12.14,False,False,True,74.59883720930232
432,002063.SZ,远光软件,0.22344322344322354,37.090163934426236,1.4426266055019277,1.5997737824475389,0.642008214747874,1.5302093292229832,1769109143.0,5.42,5.43,5.29,5.32,43307837.0,231406011.0,5.49,-3.0965391621129323,10.0,6.04,False,False,True,74.57364341085272
433,600217.SH,中再资环,0.14062499999999997,38.98916967509025,1.9403948080589069,0.913155724054546,0.9713857184610917,0.7768865390495795,1657653673.0000002,3.02,3.08,3.01,3.06,11759700.0,35745985.0,3.04,0.6578947368421018,10.0,3.34,False,False,True,74.55038759689923
434,002597.SZ,金禾实业,0.13957934990439777,33.56756756756758,2.132530865919155,1.3560792471859155,0.8308870271068959,1.3626652052284944,565976294.0,19.89,19.98,18.78,18.96,10463424.0,200787326.0,19.96,-5.010020040080166,10.0,21.96,False,False,True,74.53875968992249
435,300185.SZ,通裕重工,0.11475409836065571,35.43307086614173,1.7591666934524866,2.3047984869067664,0.6875251835062615,0.884303586983339,3846458721.0,2.74,2.75,2.68,2.7,78396266.0,211656784.0,2.75,-1.8181818181818077,20.0,3.3,False,False,True,74.47093023255813
436,002299.SZ,圣农发展,0.23076923076923084,28.744939271255056,1.8125490234137644,0.9953862890282316,1.0264723007275236,1.1856216175383691,1218599736.0,15.8,16.33,15.69,16.21,14381554.0,230757150.0,15.96,1.5664160401002603,10.0,17.56,False,False,True,74.44767441860465
437,600600.SH,青岛啤酒,0.2766069546891464,26.474849927551226,1.2128085808203788,0.9685709242201511,1.2158847580507324,1.1697643393077535,709125943.0,53.21,53.95,52.52,53.84,8034395.0,426948856.0,53.56,0.522778192681117,10.0,58.92,False,False,True,74.41860465116278
438,600612.SH,老凤祥,0.18825422365245373,31.684800527530488,1.64932199229177,0.5900764035453554,1.3465623492151904,1.8142981914548346,317109630.0,35.09,35.09,34.15,34.75,3394895.0,117397508.0,35.01,-0.7426449585832606,10.0,38.51,False,False,True,74.36627906976744
439,600335.SH,国机汽车,0.1666666666666669,32.08791208791209,1.8356489065913952,0.8928617072151045,1.1490387620634646,1.1246875501894333,1487456892.0,5.0,5.01,4.83,4.91,14936900.0,73192108.0,4.98,-1.4056224899598457,10.0,5.48,False,False,True,74.36046511627907
440,301370.SZ,国科恒泰,0.10869565217391301,33.2065906210393,2.0151613001170494,1.0537311597788452,1.2112827038883807,0.8365766478837585,470600000.0,8.38,8.58,8.25,8.28,3359900.0,28196954.0,8.44,-1.8957345971563955,20.0,10.13,False,False,True,74.34302325581395
441,002101.SZ,广东鸿图,0.1340361445783132,27.40076824583866,1.6002422531810274,1.3777763251383377,1.3603885481258655,1.0167470847052165,662212199.0,8.63,8.7,8.37,8.5,9276600.0,78646010.0,8.7,-2.298850574712641,10.0,9.57,False,False,True,74.30426356589147
442,600153.SH,建发股份,0.3028391167192432,31.510416666666675,1.31070632243906,0.7871434919231691,1.117384430279824,0.9900057962114448,2899538551.0,8.61,8.66,8.42,8.63,22595426.0,192717121.0,8.64,-0.11574074074073293,10.0,9.5,False,False,True,74.30426356589147
443,002233.SZ,塔牌集团,0.17543859649122803,35.25073746312684,1.778381072796477,0.8563976970036994,1.0897534378856972,1.4409932659953597,1173623408.0,7.27,7.3,6.98,7.12,14482732.0,104654276.0,7.28,-2.197802197802201,10.0,8.01,False,False,True,74.19961240310077
444,601318.SH,中国平安,0.23456790123456792,26.085069444444443,1.5286727653452048,0.9717400474899098,1.2533542974827516,1.0370619183397394,10660065083.000002,51.53,53.04,51.1,53.01,107427296.0,5722414362.0,51.97,2.0011545122185836,10.0,57.17,False,False,True,74.12790697674419
445,603099.SH,长白山,0.12026480323648386,21.684914841849135,1.781096202865713,2.1009477269921724,1.0594503482248079,0.9206529280983311,272355860.0,35.85,36.66,35.85,36.5,5268026.0,191318683.0,36.15,0.9681881051175623,10.0,39.77,False,False,True,74.12596899224806
446,000166.SZ,申万宏源,0.2953020134228184,13.942307692307686,1.7102732712818995,0.5936462287006766,1.385836311137914,0.5280677901702583,22535507316.0,4.58,4.6,4.51,4.59,70645537.0,328198788.0,4.6,-0.21739130434782483,10.0,5.06,False,False,True,74.09883720930233
447,600333.SH,长春燃气,0.14540059347181014,27.935222672064764,1.7047875599132336,2.077540078424025,0.9221231497658519,0.5350778279391779,609030684.0,5.34,5.43,5.33,5.39,6770263.0,36383457.0,5.37,0.3724394785847185,10.0,5.91,False,False,True,74.06589147286822
448,000931.SZ,中 关 村,0.12765957446808524,29.923273657288995,1.989351882330053,1.4358462604370625,1.0618314504230806,0.764262165925963,751029532.0,4.16,4.23,4.08,4.09,8241520.0,34164417.0,4.15,-1.4457831325301318,10.0,4.57,False,False,True,74.05232558139535
449,002230.SZ,科大讯飞,0.09590973201692543,30.502821959979485,1.872737809346662,2.192716328579847,0.9772149651730412,0.8710758484096472,2189226475.0,41.36,41.44,40.68,40.83,41814959.0,1713857403.0,41.7,-2.0863309352518122,10.0,45.87,False,False,True,73.98449612403101
450,601333.SH,广深铁路,0.39436619718309834,16.117216117216103,1.2288103133723332,1.1220695036319195,1.1228675166689683,1.5792337569642494,5652237000.0,3.02,3.02,2.91,2.99,100158207.0,295893562.0,3.01,-0.6644518272425071,10.0,3.31,False,False,True,73.97480620155038
451,600926.SH,杭州银行,0.39261744966442946,20.641562064156215,1.2848622680046546,0.6202289198036519,1.280988986273428,0.920140003526925,7249002548.0,15.46,15.65,15.33,15.65,41369872.0,640756877.0,15.49,1.0329244673983329,10.0,17.04,False,False,True,73.97093023255815
452,600157.SH,永泰能源,0.24637681159420305,26.490066225165563,1.5046984581961786,2.1999646281811924,0.6253574875808489,1.0869646278896745,21817764145.0,1.57,1.61,1.57,1.59,521724645.0,830244091.0,1.58,0.6329113924050667,10.0,1.74,False,False,True,73.91279069767441
453,600597.SH,光明乳业,0.2305194805194805,25.0,1.6603249125010806,0.7672342125742027,1.399207857222332,1.3263594933695584,1378455363.0,6.69,6.73,6.56,6.7,14027553.0,93144125.0,6.71,-0.14903129657227732,10.0,7.38,False,False,True,73.81589147286822
454,600479.SH,千金药业,0.3761467889908259,20.561797752808996,1.3495657213168282,1.4545259931624963,0.9457531571741699,1.2066990742751609,418507117.0,9.72,9.79,9.54,9.63,7345533.0,70873834.0,9.72,-0.9259259259259189,10.0,10.69,False,False,True,73.72093023255813
455,300070.SZ,碧水源,0.19540229885057467,30.254777070063675,1.29774067256249,1.2640860000305296,1.2509796454342048,1.1237661612820964,3477748047.0,3.46,3.46,3.38,3.43,49315892.0,168624050.0,3.48,-1.4367816091953922,20.0,4.18,False,False,True,73.7170542635659
456,601881.SH,中国银河,0.18044077134986228,17.677642980935882,1.8077641749408841,0.9175803765470631,1.58904233882476,0.5639929768664996,7243417622.999999,12.78,12.81,12.61,12.7,37485330.0,476243708.0,12.85,-1.1673151750972832,10.0,14.14,False,False,True,73.71511627906976
457,002508.SZ,老板电器,0.18205128205128202,35.16014234875442,1.8087112149165794,0.7752191102646695,1.1500507700602518,0.9967215464129819,933596787.0,15.45,15.59,15.2,15.55,7213633.0,110991979.0,15.47,0.5171299288946329,10.0,17.02,False,False,True,73.69573643410853
458,603836.SH,海程邦达,0.05472636815920415,32.03125000000002,2.0396719863437194,1.692616662488541,1.6907940944740893,1.1219383037296407,278929332.0,7.89,7.96,7.59,7.67,5296900.0,40974258.0,7.9,-2.9113924050632956,10.0,8.69,False,False,True,73.68798449612403
459,002236.SZ,大华股份,0.14519056261342994,17.1188630490956,1.7811718662196483,1.8383166389684582,1.1586659017204963,0.9405328327039351,2391139515.0,16.08,16.56,15.93,16.3,41342689.0,686295320.0,16.2,0.6172839506172867,10.0,17.82,False,False,True,73.67441860465115
460,600300.SH,维维股份,0.3333333333333333,34.30656934306568,1.387447522728037,1.4307405332782752,0.7413695245269694,0.9835808071031382,1617142180.0,3.07,3.09,3.02,3.06,22757216.0,69427499.0,3.08,-0.6493506493506551,10.0,3.39,False,False,True,73.66666666666667
461,002311.SZ,海大集团,0.31804163454124895,23.88392857142858,1.6892300202998325,0.70636488953413,1.1869737414961619,0.7111451198716908,1652477744.0,48.51,48.62,47.34,48.33,8279779.0,398473681.0,48.57,-0.49413218035825324,10.0,53.43,False,False,True,73.64341085271319
462,000812.SZ,陕西金叶,0.08424908424908424,38.59060402684564,1.879677383659449,1.8496744154422582,1.0145975254480424,0.7745177247674438,756129681.0,3.2,3.24,3.16,3.18,10831152.0,34533247.0,3.21,-0.9345794392523255,10.0,3.53,False,False,True,73.62015503875969
463,300406.SZ,九强生物,0.17685589519650627,20.981713185755524,1.9862454771991338,1.2138619635624155,1.1682866292834664,1.146551023612213,424322411.0,11.19,11.36,10.97,11.05,5905527.0,66648864.0,11.2,-1.3392857142856984,20.0,13.44,False,False,True,73.45348837209302
464,600741.SH,华域汽车,0.31355932203389825,35.11821974965228,1.2667974755458948,0.6161635889657965,1.1443993016820622,0.8738189968157135,3152723984.0,16.38,16.38,15.99,16.19,16974753.0,290878408.0,16.23,-0.24645717806530687,10.0,17.85,False,False,True,73.45348837209302
465,601377.SH,兴业证券,0.243362831858407,13.357400722021673,1.4231486629821586,1.3786260122535976,1.3376303456994778,0.6306203669876617,8635987294.0,6.05,6.06,5.99,6.03,75080379.0,459167098.0,6.08,-0.8223684210526327,10.0,6.69,False,False,True,73.40503875968993
466,600037.SH,歌华有线,0.14364640883977908,34.918032786885256,1.8532763511324295,1.3284115779210026,1.0568858799717757,1.0836836532977345,1391777884.0,6.6,6.65,6.53,6.58,20035727.0,131971070.0,6.62,-0.6042296072507614,10.0,7.28,False,False,True,73.40116279069767
467,601916.SH,浙商银行,0.3157894736842103,14.230769230769225,1.7230581332086143,0.796423273483119,1.30613577889956,0.8266921636030434,21544435963.0,2.83,2.87,2.81,2.85,141847894.0,402674716.0,2.84,0.35211267605634866,10.0,3.12,False,False,True,73.39341085271319
468,300898.SZ,熊猫乳品,0.07180254300673154,37.91549295774648,1.9204097459929272,2.4138288368074474,0.9222445130335484,1.1293228465903966,114743548.0,18.6,18.87,18.18,18.29,3127900.0,57637137.0,18.71,-2.2447888829502993,20.0,22.45,False,False,True,73.38953488372094
469,600803.SH,新奥股份,0.2778429073856976,39.21971252566736,1.73011748311967,0.31994360460531207,0.9811325820742466,0.8805623874979501,3071726707.0,16.97,17.12,16.66,17.09,8653985.0,146421201.0,16.98,0.6478209658421719,10.0,18.68,False,False,True,73.35852713178295
470,002086.SZ,东方海洋,0.07017543859649117,33.757961783439484,2.1079954052735883,2.4157279787880794,0.9370053707270738,0.7255253374252081,1580971270.0,1.68,1.73,1.67,1.7,27710100.0,47151782.0,1.69,0.591715976331364,10.0,1.86,False,False,True,73.27713178294573
471,002690.SZ,美亚光电,0.1583333333333333,31.804733727810653,1.5386362435748455,1.510598968099503,1.1499023170675993,1.1779950760404312,427032322.0,14.8,14.94,14.52,14.61,7619973.0,111578474.0,14.85,-1.6161616161616155,10.0,16.34,False,False,True,73.26744186046511
472,300783.SZ,三只松鼠,0.11308203991130816,34.99344692005244,1.6182213667184224,2.241929086521303,0.9475683410341617,1.0156003374841225,280282400.0,16.72,16.9,16.51,16.62,6381761.0,106531755.0,16.79,-1.0125074449076732,20.0,20.15,False,False,True,73.24806201550388
473,002287.SZ,奇正藏药,0.1423180592991914,23.951434878587197,2.1284562176566375,0.6361185934539809,1.6033909015762935,1.1457351916883778,570989795.0,20.58,20.77,20.11,20.39,4161463.0,85933093.0,20.76,-1.7822736030828512,10.0,22.84,False,False,True,73.22480620155038
474,300021.SZ,大禹节水,0.04664723032069975,29.213483146067396,2.1103484706247344,2.4708388241011203,1.3376575830602522,0.41782177122004155,873233219.0,3.72,3.74,3.66,3.67,9015000.0,33292731.0,3.72,-1.3440860215053863,20.0,4.46,False,False,True,73.21899224806201
475,603866.SH,桃李面包,0.18483412322274884,35.93314763231199,1.7413171629493511,0.9087266039519235,1.1399481423064006,1.1989814827620515,1599719155.0,3.99,4.02,3.89,4.0,17429682.0,68787720.0,3.98,0.5025125628140614,10.0,4.38,False,False,True,73.18023255813954
476,000516.SZ,国际医学,0.15611814345991581,25.130890052356026,1.9872593234776073,1.4801865709823434,1.0788352311467182,0.8580534429692396,2204748361.0,4.18,4.25,4.13,4.15,28002200.0,116929320.0,4.19,-0.9546539379474916,10.0,4.61,False,False,True,73.17441860465117
477,601788.SH,光大证券,0.18569636135508155,16.77953348382242,1.7483879849990518,1.095393299140349,1.6140161410223577,0.5806714529097476,3906698839.0,14.68,14.75,14.54,14.61,24849090.0,367878674.0,14.77,-1.0832769126608022,10.0,16.25,False,False,True,73.12015503875969
478,603187.SH,海容冷链,0.1298482293423271,38.16029143897997,1.8195050054693023,1.3851213012229766,1.0350097615218203,0.775830901389984,382361891.00000006,11.75,11.83,11.55,11.77,4108937.0,48075416.0,11.75,0.17021276595743373,10.0,12.93,False,False,True,73.10465116279069
479,601633.SH,长城汽车,0.14765100671140938,39.84647592463364,1.9665824039758362,0.319859739710208,1.1817869885282763,0.9772335183909059,6220163678.0,16.06,16.14,15.75,16.08,19442842.0,309807464.0,16.09,-0.06215040397763438,10.0,17.7,False,False,True,73.07751937984496
480,301585.SZ,蓝宇股份,0.057165231010180145,32.49691484985604,1.8782917313734753,2.300526474377272,1.3602534191664306,0.5790694121285541,68111886.0,24.83,24.99,24.31,24.5,907350.0,22295936.0,25.04,-2.1565495207667706,20.0,30.05,False,False,True,73.07558139534883
481,300439.SZ,美康生物,0.12037037037037027,35.37675606641124,2.034599632940467,1.3214814409795888,1.0689279975207577,0.9639633189164658,292332051.0,8.3,8.53,8.2,8.25,3723900.0,31035655.0,8.35,-1.19760479041916,20.0,10.02,False,False,True,73.03100775193799
482,600523.SH,贵航股份,0.14182344428364696,36.86274509803924,1.5606078728178354,1.3654743379580145,1.176371944263798,0.9938508559602124,404044620.0,11.2,11.26,10.85,11.23,5483200.0,60858790.0,11.18,0.4472271914132353,10.0,12.3,False,False,True,73.00193798449614
483,000895.SZ,双汇发展,0.39880059970014986,29.462268413917748,1.1329324093822248,0.434258411060341,1.3067704820715096,1.23311535835932,3464212167.0,24.68,25.03,24.45,25.0,18550532.0,460036091.0,24.79,0.8471157724889045,10.0,27.27,False,False,True,72.9748062015504
484,000028.SZ,国药一致,0.3590664272890485,19.51871657754012,2.0616105399699216,0.7075602672545495,1.0112550764637576,1.0677330555556264,525859082.0,20.66,20.77,20.31,20.61,3972788.0,81553652.0,20.7,-0.43478260869564966,10.0,22.77,False,False,True,72.97286821705426
485,600390.SH,五矿资本,0.2557077625570775,20.495495495495476,1.8109336129482414,0.948188788908414,1.2968119277324717,1.0521674712702787,4498065459.0,4.98,4.99,4.86,4.93,44875103.0,221042845.0,5.0,-1.4000000000000012,10.0,5.5,False,False,True,72.80038759689921
486,600859.SH,王府井,0.09774436090225555,38.77777777777778,1.7417046025658949,1.6121383270599599,1.162673703204529,0.9286382601570585,1123828064.0,9.72,9.84,9.62,9.8,16824755.0,164134378.0,9.78,0.2044989775051187,10.0,10.76,False,False,True,72.59302325581396
487,000513.SZ,丽珠集团,0.22820694542877384,16.769063968196598,1.815787940383876,1.2514162713177641,1.2926688757313767,1.0787805190758664,567651788.0,30.78,31.08,30.36,30.9,7664403.0,235167819.0,30.89,0.03237293622531112,10.0,33.98,False,False,True,72.57170542635659
488,000503.SZ,国新健康,0.04806201550387605,36.94581280788179,2.3747814178704894,1.643446041341929,1.2798593341866413,1.1627018446404584,979235472.0,6.33,6.5,6.26,6.36,18711601.0,118831386.0,6.4,-0.6249999999999978,10.0,7.04,False,False,True,72.56201550387597
489,601997.SH,贵阳银行,0.3083333333333334,18.627450980392158,1.1357697614230653,1.351021771064458,1.3196559861365147,1.0694396262436627,3656198076.0,5.47,5.55,5.42,5.53,52826074.0,289368853.0,5.47,1.0968921389396868,10.0,6.02,False,False,True,72.46899224806202
490,603100.SH,川仪股份,0.12173913043478274,31.750924784217037,2.2738378488503965,1.1950358362198166,1.0921304701756793,0.7964157031999118,511539166.0,17.43,17.47,17.01,17.17,4868550.0,83569363.0,17.48,-1.7734553775743622,10.0,19.23,False,False,True,72.46705426356588
491,002389.SZ,航天彩虹,0.08339651250947698,39.34821967410984,2.197617361934765,1.911359310102435,0.8736547872758907,0.9264407272897283,984767026.0,17.42,17.56,17.12,17.15,17437853.0,300859404.0,17.67,-2.9428409734012617,10.0,19.44,False,False,True,72.41860465116278
492,002423.SZ,中粮资本,0.17211948790896173,27.21598002496879,1.9709232279285795,0.9003572872306375,1.4019478050198007,1.1427086774066912,2304105575.0,9.04,9.23,8.92,9.23,23705700.0,215801038.0,9.22,0.10845986984815426,10.0,10.14,False,False,True,72.40697674418605
493,603383.SH,顶点软件,0.06492374727668854,34.90865766481335,2.337405430944217,2.012555252281979,1.0083788651192203,1.1759390960185518,205376359.0,26.63,27.36,26.36,27.22,4860524.0,130460773.0,26.67,2.062242219722532,10.0,29.34,False,False,True,72.37790697674419
494,002563.SZ,森马服饰,0.3773584905660381,22.500000000000007,2.0211535768665962,0.831465752313443,0.9863304585962606,1.2678441286057285,2213491963.0,5.31,5.38,5.17,5.29,23321922.0,126101366.0,5.36,-1.3059701492537323,10.0,5.9,False,False,True,72.37596899224806
495,603648.SH,畅联股份,0.11640211640211628,24.686716791979933,2.175905192232807,1.2143650279460276,1.4420808034470893,0.754507886965966,362412800.0,8.35,8.44,8.15,8.19,3320600.0,28406087.0,8.42,-2.7315914489311255,10.0,9.26,False,False,True,72.29457364341086
496,600332.SH,白云山,0.3643617021276594,17.99053129931614,1.7288889933763614,0.8496869340041491,1.2622694328238062,1.164718263603377,1405890949.0,21.67,21.8,21.38,21.7,13913342.0,305253544.0,21.75,-0.22988505747126853,10.0,23.93,False,False,True,72.20542635658914
497,000750.SZ,国海证券,0.3265306122448979,17.10914454277286,1.478858277398714,1.1522357531759393,1.3420364079124323,0.8785032416679719,5796203977.0,3.85,3.85,3.79,3.82,58671660.0,223366408.0,3.87,-1.2919896640826933,10.0,4.26,False,False,True,72.10852713178295
498,600327.SH,大东方,0.11560693641618507,33.66336633663367,2.1390406291545543,1.494564587106543,1.06744593349282,0.9028827838945704,884779518.0,3.43,3.52,3.4,3.45,11939362.0,41354628.0,3.43,0.5830903790087438,10.0,3.77,False,False,True,72.10077519379844
499,002215.SZ,诺 普 信,0.0670498084291187,32.178217821782184,2.3625412408523085,2.184267785624065,1.0025777835083314,1.2636782612567872,808061974.0,8.37,8.56,8.26,8.55,22304955.0,187883268.0,8.43,1.4234875444840034,10.0,9.27,False,False,True,72.0562015503876
500,601319.SH,中国人保,0.25138121546961306,18.23899371069182,2.077642402280456,0.30405324741476053,1.5222808493633,1.0572876780978864,35497756583.0,7.24,7.49,7.17,7.41,114115260.0,855505600.0,7.27,1.925722145804687,10.0,8.0,False,False,True,72.00968992248063
501,603309.SH,维力医疗,0.1912878787878787,37.76744186046513,1.818650160885639,1.4388223858219589,0.9149262091503267,1.021043329494077,291871418.0,11.74,11.89,11.52,11.62,4287883.0,50075356.0,11.76,-1.1904761904761973,10.0,12.94,False,False,True,71.99806201550386
502,000597.SZ,东北制药,0.23694779116465856,24.44987775061125,2.103981889418967,1.0328558303783788,1.1115768574200289,0.9398419963891216,1409203737.0,4.64,4.77,4.61,4.66,13679391.0,64069956.0,4.68,-0.42735042735041473,10.0,5.15,False,False,True,71.82751937984497
503,603658.SH,安图生物,0.34883720930232565,19.58836053938966,1.8776197582282186,0.5412597638749835,1.3688953187948611,1.0315651626219708,571424768.0,32.53,32.98,32.14,32.73,3190520.0,103987711.0,32.68,0.15299877600978284,10.0,35.95,False,False,True,71.7093023255814
504,000987.SZ,越秀资本,0.1496062992125984,29.929078014184405,2.3381542316211625,1.0250253746775975,1.087799178675277,0.5369692927130449,5012547583.0,7.69,7.71,7.55,7.59,27590395.0,210056058.0,7.72,-1.6839378238341918,10.0,8.49,False,False,True,71.69573643410853
505,000025.SZ,特  力Ａ,0.13237063778580022,31.121642969984208,2.027555712374367,1.5633111572960507,1.1416490261810495,0.6737460925052237,392778320.0,13.7,13.74,13.35,13.53,4137035.0,56434618.0,13.76,-1.6715116279069853,10.0,15.14,False,False,True,71.68604651162791
506,600182.SH,S佳通,0.12176165803108781,22.093981863149214,2.1491214739093296,1.5143309705882304,1.3286686721197718,0.6105740385877646,170000000.0,12.62,12.75,12.55,12.69,1571839.0,19898956.0,12.6,0.7142857142857117,10.0,13.86,False,False,True,71.61821705426355
507,002157.SZ,正邦科技,0.16260162601625994,36.29629629629629,1.7964080114775853,1.8304815798504657,0.9239649831186125,0.6184418333283803,7787671445.000001,2.89,2.92,2.85,2.9,88160053.0,254806976.0,2.9,0.0,10.0,3.19,False,False,True,71.59883720930232
508,600419.SH,天润乳业,0.08053691275167774,32.88043478260869,2.025812410502085,1.9313231481096098,1.2773817636864797,0.8284921545354078,315514808.0,7.7,7.82,7.63,7.69,5048500.0,38875902.0,7.72,-0.38860103626942033,10.0,8.49,False,False,True,71.59689922480621
509,603323.SH,苏农银行,0.3750000000000003,17.58530183727036,1.32297174187686,1.4157505770139578,1.2017642083438362,1.4904899515991805,2220395581.0,4.2,4.22,4.13,4.19,46853944.0,195402755.0,4.2,-0.23809523809523725,10.0,4.62,False,False,True,71.58333333333333
510,600660.SH,福耀玻璃,0.29523809523809535,25.894962486602346,1.941536665877064,0.8273982770242845,1.200944846866741,0.962714261736778,2002986332.0,53.27,54.76,53.03,54.65,15954750.0,878989733.0,53.78,1.617701747861644,10.0,59.16,False,False,True,71.57364341085271
511,002191.SZ,劲嘉股份,0.12925170068027209,23.410404624277437,1.8683665206688702,1.6774353242780327,1.466626112047184,0.30512571377030373,1402715536.0000002,3.64,3.64,3.58,3.61,7179500.0,25986546.0,3.65,-1.0958904109588996,10.0,4.02,False,False,True,71.52131782945736
512,002644.SZ,佛慈制药,0.19653179190751452,28.054298642533947,2.1672653056992437,1.1496857283851936,1.0809674933716307,1.0423015563927454,510657000.0,7.65,7.83,7.54,7.58,6119301.0,46913808.0,7.65,-0.9150326797385699,10.0,8.42,False,False,True,71.48062015503876
513,300888.SZ,稳健医疗,0.2330736968244458,23.421667965705396,2.0058742265074274,0.8199327699036659,1.416012279315131,0.9740578538816846,580360952.0,29.53,29.71,29.06,29.68,4634093.0,138589390.0,29.55,0.4399323181049075,20.0,35.46,False,False,True,71.47674418604652
514,600862.SH,中航高科,0.19018932874354566,30.45317220543806,1.7400166673283208,1.6536140961755719,1.0907485401917545,0.738525341088175,1393049107.0,18.67,18.69,18.16,18.19,17012416.0,313255435.0,18.76,-3.038379530916846,10.0,20.64,False,False,True,71.42635658914729
515,600529.SH,山东药玻,0.2752442996742669,18.02600472813236,1.0731561644411158,1.6138368654615938,1.4117594051170375,1.2553409312417068,663614113.0000001,18.54,18.59,18.25,18.5,13444261.0,251416115.0,18.61,-0.591080064481464,10.0,20.47,False,False,True,71.33527131782947
516,600559.SH,老白干酒,0.13688212927756654,34.16898792943361,1.801588404169425,1.4908954640380445,1.2736932807515708,1.1383251054889887,914747444.0,11.79,11.93,11.6,11.91,15524396.0,182448971.0,11.85,0.5063291139240533,10.0,13.04,False,False,True,71.32945736434108
517,601099.SH,太平洋,0.16666666666666674,22.115384615384603,1.5402819851227378,2.03785698330196,1.2869115196362182,0.7427138879132236,6816316370.0,3.44,3.46,3.39,3.4,103167994.0,352160697.0,3.47,-2.017291066282434,10.0,3.82,False,False,True,71.11434108527132
518,300144.SZ,宋城演艺,0.12030075187969935,35.06261180679786,1.8484529312117317,1.5364745836195803,1.304118221289429,1.062326233529189,2581597994.0,6.04,6.1,5.95,6.1,42205201.0,253927779.0,6.07,0.49423393739702615,20.0,7.28,False,False,True,71.1143410852713
519,002462.SZ,嘉事堂,0.08849557522123881,34.86150907354344,2.3218917799436456,1.8501136645362244,1.0107226926194748,0.7528186122440896,291470419.0,11.34,11.39,11.0,11.14,4059600.0,45743007.0,11.27,-1.153504880212941,10.0,12.4,False,False,True,71.10658914728681
520,688016.SH,心脉医疗,0.23947712418300646,27.457098283931348,1.9098140013665155,1.6048972694505927,1.0093102106779015,0.8304144155911873,123262117.0,92.0,93.0,90.94,91.84,1642751.0,150987916.0,92.49,-0.7027786787760726,20.0,110.99,False,False,True,71.09883720930232
521,600713.SH,南京医药,0.1999999999999998,19.474835886214436,1.915858104442058,1.4338479679614333,1.3242427971258854,0.9609890256269886,1289813712.0,4.91,4.95,4.82,4.86,17772500.0,88268879.0,4.92,-1.2195121951219412,10.0,5.41,False,False,True,71.09689922480621
522,600502.SH,安徽建工,0.20903954802259897,38.8095238095238,1.4785794189712578,1.5490514671082445,1.011260983013588,1.2937287539794364,1716533938.0,4.57,4.58,4.44,4.54,34400240.0,154610598.0,4.57,-0.6564551422319487,10.0,5.03,False,False,True,71.02713178294574
523,688475.SH,萤石网络,0.27088607594936714,26.011787819253442,2.0793924706459426,0.7328765333333278,1.2512675381495064,1.4484125323640993,787500000.0,28.06,29.05,27.52,28.75,8359372.0,238209592.0,28.36,1.3751763046544463,20.0,34.03,False,False,True,71.00387596899226
524,601888.SH,中国中免,0.08599959241899324,33.734456478138796,2.176324420120585,1.9688958982422937,1.1351730534393027,1.4176374803666665,1952475544.0,53.8,55.96,53.28,55.7,54497119.0,3008316314.0,54.08,2.9955621301775315,10.0,59.49,False,False,True,70.90310077519379
525,301335.SZ,天元宠物,0.07222517259691977,39.33121019108281,2.203298302731215,1.9060471292094454,1.0807815608094422,0.9889307983531963,88390447.0,19.9,20.35,19.76,19.9,1659500.0,33146913.0,20.2,-1.4851485148514865,20.0,24.24,False,False,True,70.85465116279069
526,300206.SZ,理邦仪器,0.09568480300187647,37.78966131907309,2.200987395450915,2.1456527819580318,0.8729523249119302,0.7817688394007449,338379565.0,11.46,11.72,11.3,11.31,5675994.0,64974511.0,11.63,-2.751504729148757,20.0,13.96,False,False,True,70.76744186046513
527,301166.SZ,优宁维,0.069055944055944,32.17678645187938,2.4159854075615814,2.267209658735899,1.0387268479608667,0.8731276828425425,56420468.0,24.94,25.38,24.33,24.47,1116879.0,27579770.0,25.0,-2.1199999999999997,20.0,30.0,False,False,True,70.66666666666666
528,601368.SH,绿城水务,0.14374999999999974,25.742574257425744,2.2961751541960256,1.0895302813406111,1.3472563415272882,0.6205550150959812,882973077.0,4.25,4.29,4.2,4.29,5969900.0,25328879.0,4.27,0.4683840749414525,10.0,4.7,False,False,True,70.66279069767441
529,603858.SH,步长制药,0.29159802306425026,20.866425992779767,2.0345200173467552,0.7254873885179215,1.4116969972962694,1.05124417655156,1054568442.0,15.54,15.95,15.45,15.82,8042818.0,128137062.0,15.62,1.2804097311139628,10.0,17.18,False,False,True,70.58914728682171
530,603213.SH,镇洋发展,0.3869047619047618,15.870570107858239,1.5884381006234056,0.9938001584547567,1.5264593427100253,0.5463264554962725,444893635.0,13.47,13.64,13.4,13.62,2413187.0,32617772.0,13.43,1.4147431124348353,10.0,14.77,False,False,True,70.53100775193798
531,603676.SH,卫信康,0.14260249554367183,35.16624040920715,2.2587754309527885,0.6309796018259834,1.3894594539888165,1.1617826815932797,435161500.0,8.64,8.83,8.47,8.52,3190000.0,27562128.0,8.62,-1.1600928074245953,10.0,9.48,False,False,True,70.484496124031
532,000728.SZ,国元证券,0.25449101796407175,22.070015220700135,1.5262244780382694,1.2642246220592466,1.793579895177835,0.6113278854562861,4363777891.0,7.37,7.41,7.2,7.3,33725709.0,245658898.0,7.42,-1.6172506738544534,10.0,8.16,False,False,True,70.4748062015504
533,000686.SZ,东北证券,0.21264367816091959,22.070844686648506,1.6613696613908313,1.5788307110634558,1.4422365832193342,0.8131575625401243,2340452915.0,8.04,8.06,7.87,7.93,30047627.0,238478020.0,8.08,-1.856435643564358,10.0,8.89,False,False,True,70.47286821705427
534,301275.SZ,汉朔科技,0.118995633187773,27.961963505525578,2.158755258872474,2.061621256609394,1.071939482712093,1.1163385791575466,300859233.0,43.0,43.3,41.01,41.33,6924177.0,287594980.0,43.14,-4.1956420955030165,20.0,51.77,False,False,True,70.45542635658914
535,601901.SH,方正证券,0.26799999999999985,22.063492063492074,1.537183081684717,1.2775164767027205,1.664808225573058,0.4846272283236119,8232101395.000001,6.94,6.95,6.85,6.9,50966526.0,355352115.0,6.97,-1.0043041606886516,10.0,7.67,False,False,True,70.38178294573643
536,300760.SZ,迈瑞医疗,0.17890253069406176,33.76533209905115,1.7764539893299869,1.0435032815503964,1.52921998227748,0.8412526871353445,1211304108.0,149.81,152.18,148.69,151.07,10633566.0,1611500665.0,151.05,0.013240648791779108,20.0,181.26,False,False,True,70.35852713178295
537,002701.SZ,奥瑞金,0.22175732217573227,31.8840579710145,1.7326452066371552,1.3325483163642995,1.2691820779240708,1.0757334118128103,2557357434.0,4.67,4.68,4.56,4.63,36658885.0,169272980.0,4.67,-0.8565310492505307,10.0,5.14,False,False,True,70.34496124031007
538,600161.SH,天坛生物,0.12676056338028166,34.849863512283896,2.094188956425974,0.8785146329052375,1.7691673444750036,1.160793247674819,1977371446.0,12.39,12.44,12.15,12.41,20164717.0,251361607.0,12.34,0.5672609400324102,10.0,13.57,False,False,True,70.26550387596899
539,300138.SZ,晨光生物,0.2912912912912913,35.24684270952925,1.8541958520481745,1.5446939566355173,0.8661367902104231,1.0919652650936322,398313292.0,10.59,10.63,10.39,10.54,6718558.0,70550471.0,10.65,-1.0328638497652642,20.0,12.78,False,False,True,70.23449612403101
540,600570.SH,恒生电子,0.0726538849646822,38.87225548902195,2.329180047682505,1.67549417430201,1.14617790579333,1.098978911848415,1893647942.0,21.31,21.8,21.05,21.52,34868360.0,749130025.0,21.48,0.18621973929235924,10.0,23.63,False,False,True,70.20542635658916
541,600688.SH,上海石化,0.1171874999999999,37.77777777777778,1.9527419541291642,1.4284867243517616,1.3173192611580766,0.9566754414535255,7328813500.0,2.76,2.82,2.74,2.81,100155431.0,279388683.0,2.76,1.8115942028985588,10.0,3.04,False,False,True,70.09205426356588
542,000906.SZ,浙商中拓,0.2234042553191489,38.21138211382114,1.7388196462647763,1.261319441322126,1.1100339783216457,0.9301941047805491,703701505.0,5.31,5.33,5.2,5.29,8251668.0,43457015.0,5.34,-0.9363295880149725,10.0,5.87,False,False,True,70.01937984496124
543,605338.SH,巴比食品,0.1007556675062973,39.404978749241046,2.3240172846417737,1.1231323162986626,1.1947492587907178,0.7167690223323682,239566662.0,18.07,18.24,17.74,17.85,1928575.0,34588023.0,18.07,-1.217487548422791,10.0,19.88,False,False,True,69.93992248062015
544,600380.SH,健康元,0.26611226611226596,20.594713656387654,2.0213809119319266,1.034736148232198,1.407329997574904,1.026049397582374,1829453386.0,10.3,10.5,10.25,10.48,19423131.0,201872372.0,10.36,1.1583011583011782,10.0,11.4,False,False,True,69.92441860465115
545,603768.SH,常青股份,0.0777777777777777,38.089887640449426,2.341694461142463,1.4982918869696016,1.2424070182774902,1.488936626541365,237955857.0,9.16,10.15,9.06,9.83,5308466.0,50689046.0,9.25,6.270270270270273,10.0,10.18,False,False,True,69.89147286821705
546,605009.SH,豪悦护理,0.1378667908709828,36.54404646660214,2.0386229921686416,0.9761952959375123,1.5248713075257088,0.6103148001649874,215037960.0,23.6,23.71,23.18,23.49,1281167.0,29956894.0,23.62,-0.5503810330228731,10.0,25.98,False,False,True,69.86821705426357
547,000552.SZ,甘肃能化,0.3499999999999998,33.18385650224216,2.0070154865493826,1.5529236908976545,0.709406040384133,1.3186738955623485,3725813542.0,2.52,2.56,2.49,2.55,76297200.0,192749355.0,2.51,1.5936254980079667,10.0,2.76,False,False,True,69.86627906976744
548,001289.SZ,龙源电力,0.308988764044944,31.613324624428472,2.417893328826646,0.203059528684472,1.008031388394285,1.0455620657790679,5041934164.0,16.41,16.45,16.17,16.39,10704598.0,174627240.0,16.46,-0.42527339003645137,10.0,18.11,False,False,True,69.83720930232559
549,002223.SZ,鱼跃医疗,0.1688804554079696,34.25414364640884,1.576471562259553,1.5009625410487635,1.4451545823241534,1.031204176855126,942293319.0,27.09,27.5,26.59,27.44,14584809.0,401022647.0,27.09,1.2919896640826822,10.0,29.8,False,False,True,69.81782945736434
550,600621.SH,华鑫股份,0.22971114167812925,26.825127334465204,1.8610566540200186,1.5437297841084765,1.2257156270933487,0.9089965024921037,1060899292.0,13.32,13.39,13.03,13.16,14887016.0,197871236.0,13.45,-2.156133828996276,10.0,14.8,False,False,True,69.7248062015504
551,600189.SH,泉阳泉,0.12288135593220344,30.725462304409668,1.9526185735200747,1.9947633872235562,1.2567889709520752,0.9494499076336438,715197812.0,7.1,7.17,6.93,7.01,13545331.0,95177254.0,7.12,-1.54494382022472,10.0,7.83,False,False,True,69.67635658914729
552,600062.SH,华润双鹤,0.2644376899696051,18.862876254180595,2.0346821703849987,1.0219127823909426,1.511756267697819,1.1195202620056004,1038225388.0,16.67,16.83,16.48,16.77,11877839.0,202370436.0,16.69,0.47932893948470223,10.0,18.36,False,False,True,69.63372093023256
553,300119.SZ,瑞普生物,0.2398331595411888,32.13515456506111,2.077859652118776,1.3348851052177984,1.044254378040306,1.3384563509847829,338529850.0,15.92,16.21,15.61,15.92,6033823.0,95670518.0,16.21,-1.7890191239975373,20.0,19.45,False,False,True,69.62209302325581
554,002027.SZ,分众传媒,0.1728723404255318,39.68253968253968,1.513010403010774,1.3323818708418784,1.3457360549441444,0.7169908177575878,14442199726.0,5.02,5.12,4.98,5.11,137967138.0,704492111.0,5.06,0.9881422924901351,10.0,5.57,False,False,True,69.48837209302326
555,600155.SH,华创云信,0.19243986254295548,24.90347490347491,1.8220274210934888,1.6156418081693718,1.4402875322012012,1.0669105446058165,2213542477.0,5.69,5.69,5.56,5.64,38155834.0,214627921.0,5.74,-1.7421602787456525,10.0,6.31,False,False,True,69.43798449612405
556,688065.SH,凯赛生物,0.2518189167340341,31.475326003579653,2.117101523328929,1.1044599589392459,1.1170857414758666,0.827030225004611,583378039.0,44.95,45.53,43.7,44.37,5328702.0,238537276.0,45.34,-2.139391265990309,20.0,54.41,False,False,True,69.43604651162792
557,688363.SH,华熙生物,0.14315496872828343,33.26206475259621,2.4385038734883913,0.8433832890462964,1.2933245358435361,2.6196704514466322,481678242.0,36.66,39.44,36.06,38.8,10642133.0,406404350.0,36.86,5.263157894736836,20.0,44.23,False,False,True,69.38372093023256
558,002007.SZ,华兰生物,0.2710622710622709,23.549488054607504,2.0262988442083794,0.9471900125079076,1.4820984205838503,0.9858310266972646,1573543054.0000002,13.16,13.28,13.02,13.19,14693262.0,193122623.0,13.2,-0.07575757575757347,10.0,14.52,False,False,True,69.3624031007752
559,000919.SZ,金陵药业,0.10327455919395467,32.62786596119929,1.980222698178246,2.263480680406798,1.2132275515438364,1.0351056812252362,621717978.0,6.05,6.2,6.03,6.07,14566681.0,88910422.0,6.08,-0.1644736842105199,10.0,6.69,False,False,True,69.17441860465117
560,600109.SH,国金证券,0.37333333333333346,22.6790450928382,1.8310037826359777,1.1214444099110297,1.305813418134178,0.7571040104384295,3705364910.0,8.61,8.66,8.45,8.51,31460403.0,268149559.0,8.66,-1.7321016166281789,10.0,9.53,False,False,True,69.14147286821706
561,002120.SZ,韵达股份,0.23076923076923078,33.719008264462815,1.5419363077478478,1.4771805861593237,1.3404188714634708,0.8594466167942452,2815129913.0,6.65,6.71,6.58,6.68,35739703.0,237511989.0,6.68,0.0,10.0,7.35,False,False,True,69.12790697674419
562,600718.SH,东软集团,0.16903914590747335,33.90070921985815,2.2741233472017948,1.3356038859226167,1.072908445124817,1.0479219870420715,1196438852.0,8.0,8.12,7.87,8.06,16745462.0,133582359.0,8.0,0.7500000000000062,10.0,8.8,False,False,True,69.10658914728683
563,000972.SZ,中基健康,0.1556603773584906,31.147540983606568,2.2844605427354514,1.2868811576241215,1.2137278749692533,0.6666463116950027,771283579.0,3.38,3.4,3.28,3.33,6616800.0,22044246.0,3.38,-1.4792899408283988,10.0,3.72,False,False,True,69.09302325581396
564,000650.SZ,仁和药业,0.30331753554502394,19.279661016949156,1.5736855501386153,1.667220942505531,1.3985570798604199,0.9997822940591033,1331385834.0,5.37,5.41,5.24,5.32,22192311.0,118041111.0,5.36,-0.7462686567164201,10.0,5.9,False,False,True,68.84496124031007
565,601375.SH,中原证券,0.36440677966101703,15.44715447154472,1.535141804227947,1.638534030711989,1.3541701716273258,0.9416616309324487,3447519699.9999995,4.1,4.11,4.01,4.04,53193320.0,216089715.0,4.12,-1.9417475728155331,10.0,4.53,False,False,True,68.84302325581395
566,002399.SZ,海普瑞,0.21284403669724777,28.23529411764707,2.3422108147472867,0.5365655874697185,1.5114651774686487,0.7398567239841112,1247201704.0,9.67,9.85,9.49,9.63,4951162.0,47815651.0,9.66,-0.31055900621117516,10.0,10.63,False,False,True,68.84108527131782
567,300999.SZ,金龙鱼,0.2828546562228025,28.425720620842565,1.5446549469872508,2.0589803966093947,1.0796693706240186,1.14867081750449,542647097.0,25.78,26.26,25.47,26.16,12834096.0,333202374.0,25.8,1.3953488372093092,20.0,30.96,False,False,True,68.81976744186046
568,688563.SH,航材股份,0.1393391521197007,35.49289711579855,2.227856342253387,2.278542360780051,0.8245456191881191,0.6388576589860906,135542674.0,50.75,50.89,49.87,50.12,1726253.0,86579973.0,50.93,-1.5904182210877749,20.0,61.12,False,False,True,68.8062015503876
569,600587.SH,新华医疗,0.24127906976744193,25.398230088495577,1.9578148689255908,1.4035236390131924,1.3541884550912529,1.1664289213861367,606644549.0,12.91,13.01,12.68,12.81,9931442.0,127409409.0,12.96,-1.157407407407407,10.0,14.26,False,False,True,68.7984496124031
570,002393.SZ,力生制药,0.10401002506265662,39.267015706806305,2.1877398950410387,1.4808165262159394,1.2395190719921263,0.7372526929808799,300217443.0,14.25,14.45,13.96,14.1,3277581.0,46429237.0,14.2,-0.7042253521126751,10.0,15.62,False,False,True,68.76550387596899
571,002349.SZ,精华制药,0.2680851063829787,26.711185308848062,2.101212635502704,1.5779501980166755,1.0569408566569174,0.891184940449968,814180908.0,6.58,6.76,6.55,6.63,11449382.0,76111939.0,6.62,0.15105740181269312,10.0,7.28,False,False,True,68.62403100775194
572,000850.SZ,华茂股份,0.1501597444089456,37.98219584569733,2.0936621786367793,1.3927185677078273,1.1682944502877952,0.7165754452392162,943374379.0,3.84,3.94,3.81,3.89,9414764.0,36453773.0,3.84,1.3020833333333481,10.0,4.22,False,False,True,68.60271317829458
573,605266.SH,健之佳,0.2234042553191491,32.82442748091603,2.1191160690969157,1.2514620856672227,1.179590971038195,0.9232359837949059,154542928.0,15.9,16.05,15.48,15.66,1785581.0,28021881.0,15.88,-1.3853904282115859,10.0,17.47,False,False,True,68.47286821705426
574,000528.SZ,柳    工,0.19305019305019305,38.60845839017735,1.8177367266621356,1.7565352503803262,1.0514790200512747,0.8489040370495483,2035002777.0,8.3,8.41,8.21,8.39,30337107.0,252268792.0,8.33,0.7202881152461149,10.0,9.16,False,False,True,68.24418604651163
575,301109.SZ,军信股份,0.29143897996357004,34.68724614134848,1.6222437573448936,2.402689533953911,0.8318294081671334,1.063876084497219,230338122.0,13.85,13.91,13.5,13.74,5887820.0,80493928.0,13.91,-1.2221423436376666,20.0,16.69,False,False,True,68.1705426356589
576,688278.SH,特宝生物,0.24005648387855977,24.659999999999993,2.219360045229546,1.03424142631015,1.4948059864263528,1.0169362810836209,408189480.0,59.98,61.1,59.0,59.36,4293164.0,257929868.0,60.2,-1.3953488372093092,20.0,72.24,False,False,True,67.94379844961239
577,001322.SZ,箭牌家居,0.13868613138686134,38.39285714285716,2.3153049341992085,0.810083680305403,1.4714154026493789,0.6862384497676535,785611975.0,6.12,6.18,5.95,6.04,4367300.0,26406685.0,6.17,-2.1069692058346856,10.0,6.79,False,False,True,67.93023255813954
578,002551.SZ,尚荣医疗,0.06228373702422135,39.99999999999999,2.2922251009185044,2.4902409715168017,1.1485110840936843,0.9494972061614019,611186723.0,2.78,2.88,2.75,2.77,14451348.0,40420352.0,2.78,-0.3597122302158251,10.0,3.06,False,False,True,67.71027131782945
579,603871.SH,嘉友国际,0.2669826224328594,39.354187689202824,2.295654240553586,0.8857022562791365,0.9753285021778597,1.6640317231314194,1368008658.0,11.6,12.4,11.43,12.37,20162213.0,243736769.0,11.6,6.637931034482758,10.0,12.76,False,False,True,67.67635658914729
580,600272.SH,开开实业,0.07916181606519224,31.18609406952966,2.384341874771816,2.2538352500000003,1.3023717184390404,0.8608476373772218,160000000.0,10.38,10.71,10.24,10.3,3104334.0,32265838.0,10.46,-1.5296367112810683,10.0,11.51,False,False,True,67.61627906976744
581,000999.SZ,华润三九,0.35051546391752564,24.07407407407407,2.0797701316260913,0.9690248694172975,1.4002104335861825,1.2409422297292778,1662560811.0,24.91,25.26,24.74,25.16,19992608.0,499559124.0,25.0,0.6399999999999961,10.0,27.5,False,False,True,67.6143410852713
582,002901.SZ,大博医疗,0.19751693002257337,24.71852610030707,2.250602150456339,1.1246362380494965,1.8413284157978007,0.8929363192852321,288412223.0,44.0,44.98,43.26,43.84,2896382.0,127638118.0,44.33,-1.1053462666365754,10.0,48.76,False,False,True,67.24612403100775
583,001228.SZ,永泰运,0.23688524590163917,39.744118860916224,1.975499544620525,1.9078957113531927,0.8795813118617914,0.6867342841361131,79864609.0,25.45,25.98,25.05,25.17,1046400.0,26620823.0,25.49,-1.2553942722636213,10.0,28.04,False,False,True,67.1124031007752
584,000682.SZ,东方电子,0.3250950570342207,32.773851590106,1.875781459085869,1.9419665476843757,0.9513026843149868,0.8074300545583277,1340600019.0,11.71,11.71,11.33,11.5,21020634.0,242284654.0,11.81,-2.6248941574936513,10.0,12.99,False,False,True,67.08914728682171
585,002351.SZ,漫步者,0.22735042735042732,30.32694475760993,1.8294040744189015,1.9051528857826805,1.3160388142724475,1.2666225699609681,527441600.00000006,10.15,10.19,9.94,9.96,12700300.0,127421209.0,10.2,-2.3529411764705688,10.0,11.22,False,False,True,66.8468992248062
586,688271.SH,联影医疗,0.2746850278347495,36.34842622607968,1.952241790046417,1.0223050704690806,1.4093039655888928,0.8444445942558348,824157988.0,113.63,114.62,112.14,113.7,7114791.0,806369766.0,114.38,-0.5945095296380432,20.0,137.26,False,False,True,66.75581395348837
587,600739.SH,辽宁成大,0.3089430894308944,24.020618556701034,2.160742851464158,1.1682238077456368,1.425918682886413,0.9510159523723076,1522315928.0000002,10.8,10.87,10.63,10.77,16912922.0,184143482.0,10.84,-0.6457564575645836,10.0,11.92,False,False,True,66.734496124031
588,600056.SH,中国医药,0.2839506172839503,27.59036144578313,1.9658324449005034,1.3836470190722565,1.4907122506773554,1.0825487179223092,1495351478.0,9.55,9.58,9.28,9.43,22398351.0,211128976.0,9.45,-0.2116402116402072,10.0,10.4,False,False,True,66.7093023255814
589,601601.SH,中国太保,0.2299382716049382,36.34020618556701,2.021698858266222,0.9907569412959779,1.6183151737854302,1.2701272432201163,6845041455.0,31.31,32.8,31.08,32.75,86137138.0,2769761687.0,31.63,3.54094214353462,10.0,34.79,False,False,True,66.5077519379845
590,600918.SH,中泰证券,0.31854838709677413,23.51738241308794,1.8011201238048304,1.3740430582979457,2.0383871310960338,0.7290608346458628,4562824063.0,5.65,5.65,5.54,5.62,45708591.0,255785684.0,5.68,-1.0563380281690127,10.0,6.25,False,False,True,66.49612403100774
591,600211.SH,西藏药业,0.18591549295774654,25.185185185185176,2.0983406254011596,1.6562328946737586,1.7291948638115153,0.9880728180286122,322319196.0,37.51,38.08,37.11,37.46,5274685.0,204437725.0,37.71,-0.6629541235746439,10.0,41.48,False,False,True,66.27519379844962
592,600166.SH,福田汽车,0.2520325203252033,36.879432624113484,2.2272541687959206,1.7578840427231814,0.9090361336342324,1.0355440000707608,7917400367.000001,2.92,3.0,2.9,2.95,144125686.0,426052680.0,2.94,0.3401360544217802,10.0,3.23,False,False,True,66.12209302325581
593,001324.SZ,长青科技,0.15762273901808765,33.06845965770171,2.2698994757726836,2.3092261231884024,0.9930770291505236,0.560458165913259,138000000.0,17.34,17.54,16.98,17.23,1786030.0,30810691.0,17.58,-1.9908987485779184,10.0,19.34,False,False,True,66.11627906976744
594,600309.SH,万华化学,0.35069252077562324,35.74605121913819,1.717378710563534,1.4575830434311645,1.2311209688803586,1.1913308119492088,3130471626.0,70.26,73.92,70.25,73.22,54359500.0,3990272129.0,71.0,3.126760563380282,10.0,78.1,False,False,True,66.08527131782945
595,301267.SZ,华厦眼科,0.24154589371980684,29.65034965034963,2.368766616370785,0.9613475362620225,1.4754473374309012,0.9036536775353592,648444383.0,16.26,16.39,16.0,16.22,5633200.0,91370634.0,16.3,-0.4907975460122782,20.0,19.56,False,False,True,66.01744186046513
596,600993.SH,马应龙,0.2689655172413793,24.636275460717737,1.9395821294308913,1.5965364134336992,1.666721827734194,1.314015898845652,430307016.0,22.84,23.1,22.41,22.8,9027300.0,211015616.0,22.96,-0.6968641114982632,10.0,25.26,False,False,True,66.00193798449612
597,601688.SH,华泰证券,0.3760896637608967,22.805017103762836,2.1972765721646397,1.4280123871121293,1.1710485587394655,0.53340990452977,7306758106.0,19.98,20.32,19.93,20.19,55656742.0,1144187412.0,20.19,0.0,10.0,22.21,False,False,True,65.94961240310077
598,300298.SZ,三诺生物,0.2407932011331445,29.3193717277487,1.876313593365666,1.7302710238397463,1.5654579615335984,1.248840003437218,448001059.0,15.84,15.88,15.53,15.76,9679077.0,151861889.0,15.92,-1.005025125628145,20.0,19.1,False,False,True,65.80426356589147
599,603194.SH,中力股份,0.19212808539026033,19.243774976944362,2.342652703781292,1.6486935361446902,1.5239194177545554,0.7779937625209686,158026913.0,33.89,34.1,32.6,32.95,2026969.0,66746898.0,33.92,-2.859669811320753,10.0,37.31,False,False,True,65.65697674418605
600,300110.SZ,华仁药业,0.16417910447761178,32.780082987551864,2.053052264620674,2.302054367674121,1.1713590563806953,1.0544516252750065,1181425107.0,2.6,2.71,2.6,2.63,28677000.0,76120863.0,2.63,0.0,20.0,3.16,False,False,True,65.64922480620154
601,000680.SZ,山推股份,0.28923766816143515,35.6762513312034,2.1243972016931636,1.6618364294958201,1.0123886137876874,1.473638901285753,1314570547.0,10.41,10.86,10.35,10.8,32193650.0,342347035.0,10.46,3.2504780114722687,10.0,11.51,False,False,True,65.64728682170542
602,603889.SH,新澳股份,0.358695652173913,34.26294820717133,2.0057201566074605,1.354942086597398,1.1741846500475661,0.6864512138815567,942137356.0,5.3,5.35,5.23,5.3,8762835.0,46217075.0,5.34,-0.7490636704119868,10.0,5.87,False,False,True,65.60562015503876
603,000153.SZ,丰原药业,0.12416107382550341,30.101010101010097,2.296142025047442,2.2328742760780127,1.3089407111354365,0.8677928305890317,460855922.0,5.3,5.44,5.22,5.26,8924058.0,47347077.0,5.32,-1.1278195488721887,10.0,5.85,False,False,True,65.51550387596899
604,300294.SZ,博雅生物,0.12526690391459072,36.803519061583565,2.371082090443286,1.5482791649544938,1.394383844019749,1.0603952978836533,504248738.0,15.39,15.5,14.94,15.13,8278695.0,125669558.0,15.4,-1.753246753246751,20.0,18.48,False,False,True,65.47286821705427
605,300833.SZ,浩洋股份,0.19321148825065268,32.49999999999999,2.0283821967369615,1.937292786443428,1.308357488946599,0.881882476676918,81253477.0,32.47,32.99,31.3,31.57,1388200.0,44113141.0,32.9,-4.042553191489362,20.0,39.48,False,False,True,65.45542635658916
606,600420.SH,国药现代,0.27733333333333343,24.803149606299215,2.4123900778262164,1.010704828010317,1.524179061195994,0.8941505941092557,1341172692.0,8.62,8.75,8.54,8.71,12120477.0,105337704.0,8.66,0.5773672055427337,10.0,9.53,False,False,True,65.41860465116278
607,002390.SZ,信邦制药,0.27450980392156854,33.07086614173227,2.2089386275582745,1.5538617629458706,1.1233694127974447,0.9753881595576167,1927818234.0,2.96,3.01,2.91,2.93,29218300.0,86174974.0,2.96,-1.0135135135135087,10.0,3.26,False,False,True,65.38372093023256
608,000685.SZ,中山公用,0.3612167300380229,29.80671414038656,1.8708608239308333,1.7384311856788122,1.2188725337109063,1.0407444997891466,1246581940.0,10.84,10.84,10.65,10.73,22553942.0,241975611.0,10.92,-1.7399267399267337,10.0,12.01,False,False,True,65.29651162790698
609,688389.SH,普门科技,0.2688588007736945,37.60683760683763,2.3695234131439005,0.7637181756321226,1.3161844197521975,0.5540661394854957,428485730.0,10.65,10.82,10.61,10.74,1813139.0,19408397.0,10.75,-0.09302325581395099,20.0,12.9,False,False,True,64.8624031007752
610,002139.SZ,拓邦股份,0.14160401002506276,37.9232505643341,1.8689101502123733,2.3761435066613927,1.3288100535116014,1.0777099822769232,1071089847.0,9.79,9.98,9.55,9.59,27428400.0,265209958.0,9.99,-4.004004004004003,10.0,10.99,False,False,True,64.85658914728683
611,000902.SZ,新洋丰,0.2840616966580976,38.79003558718861,1.9409335060420065,1.532729988068031,1.18852380666746,1.109966736768496,1142783267.0,13.36,13.79,13.22,13.73,19441935.0,265411693.0,13.45,2.0817843866171026,10.0,14.8,False,False,True,64.8294573643411
612,002262.SZ,恩华药业,0.28717472118959114,23.440979955456577,2.116974628018533,1.6032952099573072,1.539819355630935,1.361354161043331,883776305.0,21.0,21.68,20.85,21.68,19290298.0,411724633.0,21.05,2.9928741092636546,10.0,23.16,False,False,True,64.81976744186046
613,603369.SH,今世缘,0.1666666666666666,32.37347294938917,2.3797224522700295,1.4056384047091535,1.5678833079005017,0.872280726322096,1246800037.0,26.25,26.91,25.75,26.86,15287156.0,403187268.0,26.39,1.7809776430466107,10.0,29.03,False,False,True,64.73643410852712
614,603883.SH,老百姓,0.20956719817767655,36.702649656526006,2.0674633095739363,1.5123096273437842,1.467899132320833,1.1191327253300996,758890236.0,12.01,12.09,11.84,12.03,12844029.0,157034653.0,12.03,0.0,10.0,13.23,False,False,True,64.58333333333333
615,600763.SH,通策医疗,0.1503301168105638,36.79680295112205,2.270774383676676,2.117987234641342,1.1291130870319874,0.9482351788242233,447289117.0,35.3,35.76,35.03,35.75,8983131.0,318486927.0,35.49,0.73260073260073,10.0,39.04,False,False,True,64.47674418604652
616,000860.SZ,顺鑫农业,0.174135723431498,37.40779768177027,1.9490286212644432,1.6652687209298225,1.7185883129612587,1.0700467434556808,741766989.0,10.81,11.0,10.68,11.0,13217660.0,143122544.0,10.85,1.382488479262678,10.0,11.94,False,False,True,64.4748062015504
617,688289.SH,圣湘生物,0.21329046087888534,39.92537313432835,2.0324306475182885,1.2348494835773283,1.5867159823842867,0.9438740817092874,579388006.0,15.4,15.47,14.9,15.03,6753013.0,102450531.0,15.39,-2.3391812865497186,20.0,18.47,False,False,True,64.44282945736434
618,300194.SZ,福安药业,0.20093457943925222,28.08641975308641,2.0492662108387965,2.093785293495556,1.5021056980686691,0.8372476420495282,968378683.0,3.66,3.77,3.64,3.7,16975841.0,62891326.0,3.67,0.8174386920980936,20.0,4.4,False,False,True,64.41279069767441
619,688505.SH,复旦张江,0.1702544031311155,25.37993920972643,2.489093880089822,1.379241388734509,2.1883575324189595,0.711890392989463,710572100.0000001,7.3,7.61,7.24,7.33,6976885.0,51676377.0,7.45,-1.6107382550335614,20.0,8.94,False,False,True,64.3875968992248
620,002111.SZ,威海广泰,0.3000000000000003,37.39445114595901,1.9504472651587978,1.8893203227732833,1.0813067991265313,1.0231740113454142,488751597.0,9.2,9.2,9.03,9.16,9448074.0,86116758.0,9.22,-0.6507592190889477,10.0,10.14,False,False,True,64.33527131782947
621,600085.SH,同仁堂,0.29296875,30.04672897196261,2.203309635005989,1.0758133011563564,2.069373683320651,1.0592260597550185,1371470262.0,25.67,26.05,25.41,25.99,15628308.0,402182373.0,25.9,0.34749034749035346,10.0,28.49,False,False,True,64.13565891472868
622,002557.SZ,洽洽食品,0.2976995940460085,30.459770114942543,2.3740290134116466,1.5457950068875306,1.1622670088236,1.0239817789602674,504268856.0,19.6,19.63,19.0,19.33,7983500.0,153488775.0,19.6,-1.3775510204081742,10.0,21.56,False,False,True,63.848837209302324
623,002162.SZ,悦心健康,0.16403785488958988,38.71951219512195,2.138024041217138,2.0864267731786663,1.1901423928964645,0.7951061909283849,918321621.0,3.75,3.83,3.75,3.81,15234660.0,57762073.0,3.8,0.263157894736854,10.0,4.18,False,False,True,63.80620155038761
624,000629.SZ,钒钛股份,0.217391304347826,36.05442176870748,2.1052727729388274,1.9056808157454264,1.2600975234543998,0.4804919096571356,9290444430.0,3.03,3.07,3.01,3.03,85069275.0,258195743.0,3.05,-0.6557377049180357,10.0,3.36,False,False,True,63.751937984496124
625,300009.SZ,安科生物,0.19020715630885116,29.25170068027212,2.091237335872383,2.1283384120815336,1.5899080499912053,0.8973682628636701,1230879578.0,8.27,8.45,8.18,8.26,23506879.0,195333843.0,8.36,-1.1961722488038284,20.0,10.03,False,False,True,63.6124031007752
626,002601.SZ,龙佰集团,0.3020730503455083,33.16251830161055,2.066267630371006,1.8165314108368844,1.2336458459047643,0.6462286317888546,1979780012.0,16.5,16.64,16.0,16.52,23271983.0,379384285.0,16.72,-1.1961722488038284,10.0,18.39,False,False,True,63.527131782945744
627,300441.SZ,鲍斯股份,0.26809651474530827,22.564102564102573,2.254976556390282,1.6210612946760632,1.753345134364099,0.869183410343964,629019147.0,6.75,6.78,6.61,6.63,8853800.0,59157362.0,6.85,-3.211678832116782,20.0,8.22,False,False,True,63.461240310077514
628,000049.SZ,德赛电池,0.21500559910414313,34.17040358744394,2.3367453584476747,2.3265699508930293,0.9988775837237331,0.8398979550884554,384534862.0,24.2,24.3,23.52,23.73,7514124.0,178862341.0,24.22,-2.023121387283233,10.0,26.64,False,False,True,63.28488372093023
629,601336.SH,新华保险,0.3124371438149514,22.09061853731904,2.258031043520144,1.6061079916138872,1.5525728515218367,0.9241083195860883,2085439340.0,61.9,63.71,61.14,63.17,30952461.0,2007519302.0,62.51,1.0558310670292892,10.0,68.76,False,False,True,63.234496124031004
630,603707.SH,健友股份,0.22448979591836735,39.43452380952381,2.39256422705827,1.0029742437819225,1.4266774652756897,0.8229225006713541,1615651020.0000002,7.93,8.01,7.77,7.87,13335100.0,105291552.0,7.93,-0.7566204287515754,10.0,8.72,False,False,True,63.213178294573645
631,002386.SZ,天原股份,0.3055555555555557,37.77777777777778,2.1801666503306474,2.313114345478144,0.843407313792945,0.494201266145411,1301385155.0,5.66,5.66,5.53,5.55,14876763.0,82772360.0,5.69,-2.4604569420035194,10.0,6.26,False,False,True,63.196705426356594
632,002567.SZ,唐人神,0.22842639593908642,36.4217252396166,2.0561532275263175,1.9198211291986373,1.3171986572310055,0.618061905876114,1431666421.0,3.58,3.63,3.55,3.62,16987700.0,61058375.0,3.58,1.1173184357541999,10.0,3.94,False,False,True,63.17829457364341
633,600812.SH,华北制药,0.2097264437689968,30.17031630170315,2.483979082021927,1.5571184328922214,1.5149015914744621,0.9756061545225344,1715730370.0,4.8,4.91,4.74,4.81,26064249.0,125851119.0,4.8,0.2083333333333215,10.0,5.28,False,False,True,62.83333333333333
634,002152.SZ,广电运通,0.22586520947176664,32.20153340635268,2.399490734800205,1.4772782918313414,1.527951129464416,1.3690144279779788,2482126213.0,10.11,10.53,10.01,10.24,50198917.0,515103355.0,10.37,-1.2536162005785778,10.0,11.41,False,False,True,62.77131782945736
635,300529.SZ,健帆生物,0.3033472803347279,33.401221995926676,2.075231449545792,1.576190919325831,1.5257583468545792,1.2443221008465055,512402075.0,17.58,17.69,17.3,17.55,10049934.0,175769181.0,17.63,-0.45377197958025306,20.0,21.16,False,False,True,62.6937984496124
636,600196.SH,复星医药,0.2323651452282158,24.20693020985847,2.2697030667881313,1.8079156258943165,2.0008113630211803,0.7713570404535681,2118488825.0,23.1,23.82,23.03,23.56,29543353.0,705400120.0,23.29,1.1592958351223759,10.0,25.62,False,False,True,62.643410852713174
637,000567.SZ,海德股份,0.16964285714285696,34.03041825095057,2.4992184077085615,1.5143332936207237,1.5983222909885795,1.1036642223700066,1948764564.0,5.54,5.59,5.32,5.36,32569367.0,176697164.0,5.6,-4.2857142857142705,10.0,6.16,False,False,True,62.61046511627908
638,600975.SH,新五丰,0.22727272727272713,36.27684964200475,2.3108697351244483,1.6379319614922319,1.4501204064297055,0.679723764619951,1249661740.0,4.81,4.95,4.76,4.91,13913000.0,67751565.0,4.84,1.446280991735538,10.0,5.32,False,False,True,61.71511627906977
639,600216.SH,浙江医药,0.21045576407506708,38.72778297474275,2.284617094426469,2.4196755645210337,1.0393997399258752,0.942149500919693,951389475.0,12.17,12.38,12.08,12.21,21688789.0,264993531.0,12.26,-0.4078303425774754,10.0,13.49,False,False,True,61.37790697674419
640,300832.SZ,新产业,0.2603972687771571,33.73333333333333,2.363639491192403,1.3847208433194818,1.8244386323619863,1.5364752876196661,683122288.0,45.8,49.6,45.22,48.43,14534037.0,699971862.0,45.89,5.534974940074089,20.0,55.07,False,False,True,61.26744186046511
641,002252.SZ,上海莱士,0.3189368770764119,36.363636363636374,2.2445954364611027,1.206728416597672,2.5505145712333066,1.0619580195564853,6588259885.0,5.12,5.2,5.09,5.18,84427619.0,434805613.0,5.14,0.7782101167315147,10.0,5.65,False,False,True,60.40891472868217
642,601058.SH,赛轮轮胎,0.3439393939393938,30.272727272727273,2.4641679797700675,1.612925413537394,1.4265681119127422,0.8754590377855687,3288100259.0,13.24,13.41,12.94,13.22,46429624.0,619442449.0,13.27,-0.37678975131875125,10.0,14.6,False,False,True,60.172480620155035
643,601696.SH,中银证券,0.16060225846925988,30.791505791505802,2.3763868692950663,2.407278590712738,1.763312443247027,0.7163311491912929,2778000000.0,11.49,11.82,11.39,11.68,47904072.0,559944836.0,11.64,0.3436426116838476,10.0,12.8,False,False,True,60.170542635658904
644,300026.SZ,红日药业,0.311377245508982,25.266903914590742,2.162704373492061,2.236461157823292,1.852988938267774,1.0985962722922014,3001325425.0,3.31,3.4,3.27,3.34,73741602.0,245703156.0,3.33,0.30030030030030463,20.0,4.0,False,False,True,59.79844961240309
645,002577.SZ,雷柏科技,0.19621749408983452,33.33333333333335,2.36753744081613,2.0454682139001568,1.774352984881578,0.64477449091869,280673000.0,16.34,16.48,15.93,16.1,3701700.0,59841897.0,16.37,-1.6493585827733637,10.0,18.01,False,False,True,59.79554263565892
646,002602.SZ,世纪华通,0.1625239005736137,39.792663476874026,2.397038096731733,2.3098435532810333,1.2512014138288596,1.1509082953149794,6796829127.0,13.42,13.47,12.67,12.71,180688127.0,2357692367.0,13.51,-5.921539600296066,10.0,14.86,False,False,True,59.78682170542635
647,603998.SH,方盛制药,0.202272727272727,29.127358490566024,2.4391631028269822,2.3831427733575334,1.5619679513971816,1.1484588920017924,439081360.0,9.33,9.54,9.11,9.17,12017400.0,113741282.0,9.37,-2.134471718249731,10.0,10.31,False,False,True,59.606589147286826
648,002737.SZ,葵花药业,0.3857615894039735,30.422794117647033,2.3501516401793032,1.4636032479226246,2.063796314595477,1.0537648054326156,583990700.0,13.21,13.42,13.07,13.21,9006868.0,119095361.0,13.21,0.0,10.0,14.53,False,False,True,59.178294573643406
649,301015.SZ,百洋医药,0.3574144486692017,38.85869565217392,2.367104395877321,1.9543121234690541,1.8387123448102152,0.9309968062652887,525556577.00000006,22.99,23.67,22.8,23.51,9562283.0,223052737.0,23.1,1.7748917748917847,20.0,27.72,False,False,True,54.7422480620155
