pool_rank,code,name,bottom_percentile,range_60d_pct,mean_abs_return_20d_pct,mean_turnover_20d_pct,recent_volume_ratio,event_volume_ratio,outstanding_share,event_open,event_high,event_low,event_close,event_volume,event_amount,previous_close,event_gain_pct,limit_up_rate_pct,limit_up_price,hit_limit_up,is_st,passes_dormant_filter,dormancy_score
1,688334.SH,西高院,0.006178287731685816,28.98983861326956,1.2329256394712063,0.607258195345446,0.6204648041986538,1.6210309057773542,312171069.0,16.9,17.64,16.76,17.59,3072963.0,54099377.0,16.8,4.702380952380958,20.0,20.16,False,False,True,95.66666666666666
2,603230.SH,内蒙新华,0.008915304606240525,26.19883040935671,1.359883931959801,0.5634745546965775,0.7974108922781313,0.7307184346240058,353523000.0,8.56,8.78,8.55,8.78,1455600.0,12642610.0,8.61,1.9744483159117365,10.0,9.47,False,False,True,94.72286821705426
3,603111.SH,康尼机电,0.008196721311475598,26.022304832713772,1.168721511985353,0.691908426136027,0.9022812522448589,0.9921844754555823,837595196.0,5.4,5.58,5.39,5.56,5788700.0,32686038.0,5.4,2.962962962962945,10.0,5.94,False,False,True,93.8294573643411
4,605259.SH,绿田机械,0.01656626506024088,30.64320388349515,1.3699566109974521,0.7261626275510155,0.7319929377193813,0.6982916286522485,172480000.0,16.58,17.2,16.58,17.14,874600.0,14838747.0,16.7,2.6347305389221587,10.0,18.37,False,False,True,92.86627906976744
5,002282.SZ,博深股份,0.015503875968992257,25.41133455210238,1.4586509806626582,0.9065709529413201,0.7988195606505124,1.1161979666449997,483311104.0,5.52,5.68,5.51,5.67,4923462.0,27648363.0,5.51,2.9038112522685955,10.0,6.06,False,False,True,92.53100775193798
6,002206.SZ,海 利 得,0.026785714285714118,19.132149901380657,1.4667997476782944,1.0633721338036286,0.6769227533120047,1.1074829700399305,1056970986.0,5.13,5.3,5.11,5.27,12447320.0,64863384.0,5.13,2.729044834307981,10.0,5.64,False,False,True,92.02519379844962
7,002641.SZ,公元股份,0.016393442622950713,19.733333333333334,1.4963365171845529,0.9927672899634166,0.9062074142043539,0.7287562665477026,1133957528.0,3.76,3.84,3.75,3.82,8204064.0,31173278.0,3.78,1.0582010582010692,10.0,4.16,False,False,True,91.4515503875969
8,600897.SH,厦门空港,0.0758873929008569,16.131386861313878,0.8176807090878263,0.4082150532218475,0.674694621113738,1.3120332533611367,416934000.0,14.35,14.72,14.28,14.7,2233064.0,32354826.0,14.32,2.6536312849162025,10.0,15.75,False,False,True,90.93798449612402
9,300160.SZ,秀强股份,0.011673151750972858,29.850746268656714,1.5519028376084079,1.020020072992885,0.8428342056550882,0.8136059170147918,762964451.0,4.05,4.19,4.02,4.17,6331799.0,26134698.0,4.05,2.9629629629629672,20.0,4.86,False,False,True,90.47286821705426
10,600221.SH,海航控股,0.04761904761904767,26.923076923076916,1.212705752045619,0.6336043276046806,0.7725665580003935,0.8728659115652664,42845514933.0,1.33,1.35,1.32,1.35,236957814.0,317449806.0,1.33,1.5037593984962516,10.0,1.46,False,False,True,90.23837209302324
11,688459.SH,哈铁科技,0.06353591160221006,19.325551232166017,1.083543403018624,0.27769631249999593,0.8597966392945363,0.5885438551991335,480000000.0,7.94,8.04,7.92,8.02,784495.0,6261642.0,7.94,1.0075566750629594,20.0,9.53,False,False,True,90.0562015503876
12,603511.SH,爱慕股份,0.017400204708290675,31.278331822302817,1.2711177782372627,0.44131477830780097,1.084226224317005,0.8518888912256458,401887312.0,11.3,11.4,11.16,11.37,1510900.0,17065387.0,11.2,1.5178571428571486,10.0,12.32,False,False,True,89.87790697674419
13,000877.SZ,天山股份,0.018276762402088847,37.46478873239436,1.31383254017326,0.19477582518412298,0.9456170585447543,0.9071142302269417,7110490194.0,3.63,3.69,3.59,3.68,12563093.0,45906462.0,3.62,1.6574585635359185,10.0,3.98,False,False,True,89.66085271317829
14,600798.SH,宁波海运,0.040697674418604564,28.666666666666664,1.1799052420517853,1.1818028646168428,0.5036874843114898,1.6070224989827813,1206534201.0,3.06,3.19,3.05,3.18,22914302.0,71586476.0,3.07,3.583061889250816,10.0,3.38,False,False,True,89.46899224806202
15,600029.SH,南方航空,0.037037037037037,16.56565656565656,1.5163925505845155,0.7941971844091625,0.9831154911687219,0.9083040335399385,13476972212.0,5.07,5.19,5.05,5.18,97219171.0,498782346.0,5.08,1.9685039370078705,10.0,5.59,False,False,True,89.19961240310077
16,603788.SH,宁波高发,0.007707129094412171,37.6081825334382,1.5324478375466877,0.822536386557839,0.9097336705928494,0.781674166929117,223065068.0,12.68,13.03,12.64,13.02,1434209.0,18379235.0,12.75,2.117647058823535,10.0,14.03,False,False,True,88.75968992248062
17,600261.SH,阳光照明,0.041322314049586986,36.363636363636374,1.2813618500815827,0.7797993723943335,0.615485785912495,0.9227254677939563,1335052966.0,2.91,2.99,2.9,2.98,9606250.0,28340110.0,2.91,2.405498281786933,10.0,3.2,False,False,True,88.55329457364341
18,603018.SH,XD华设集,0.019230769230769246,26.147704590818364,1.291180171847698,1.0060043601094848,1.0999060641107676,0.7601907539340205,819147727.0,5.06,5.12,5.01,5.1,6136460.0,31365517.0,5.05,0.990099009900991,10.0,5.56,False,False,True,88.44379844961239
19,002059.SZ,云南旅游,0.05651105651105661,24.626865671641806,1.3322534103713173,0.8254687412912122,0.8044548735644297,0.6464174287008848,990393246.0,4.22,4.3,4.2,4.3,5279800.0,22495826.0,4.25,1.17647058823529,10.0,4.68,False,False,True,88.40697674418604
20,600935.SH,华塑股份,0.03906249999999987,30.555555555555536,1.7893695227526902,0.6139023286790665,0.6972837260432216,0.8232807162266708,3507401812.0,2.21,2.27,2.21,2.26,17726898.0,39763678.0,2.21,2.262443438914019,10.0,2.43,False,False,True,88.3624031007752
21,002401.SZ,中远海科,0.008539709649871875,39.59074733096084,1.500600912897155,0.9182189331496764,0.8727979570996036,0.9500826706754785,371398485.0,11.33,11.48,11.25,11.48,3239960.0,36829162.0,11.34,1.2345679012345734,10.0,12.47,False,False,True,87.98837209302326
22,301215.SZ,中汽股份,0.025641025641025425,31.919191919191924,1.516939369742727,0.8319149236237093,0.9687945110782344,0.9908182238626047,1322400000.0,5.01,5.14,5.0,5.12,10900232.0,55310068.0,5.02,1.9920318725099806,20.0,6.02,False,False,True,87.9437984496124
23,000958.SZ,电投产融,0.08695652173913052,27.692307692307683,1.2786128249621194,0.41903935326952346,0.6402864088915022,0.75262216081565,5383418520.0,5.4,5.49,5.36,5.48,16978134.0,92569232.0,5.4,1.4814814814814836,10.0,5.94,False,False,True,87.8624031007752
24,002302.SZ,西部建设,0.041362530413625295,38.20754716981132,1.3555249040300736,0.5522803841923549,0.7419692454199059,1.0587860537216043,1262354304.0,4.4,4.49,4.37,4.49,7381576.0,32805088.0,4.41,1.8140589569161092,10.0,4.85,False,False,True,87.74418604651162
25,601065.SH,江盐集团,0.06227106227106226,29.107981220657276,1.0325684950142648,0.6550747044835129,0.8676013099745654,1.7620329907626198,642776079.0,6.54,6.77,6.51,6.77,7419328.0,49490130.0,6.56,3.2012195121951192,10.0,7.22,False,False,True,87.65213178294574
26,000428.SZ,华天酒店,0.029850746268656737,32.5503355704698,1.5920263744939405,1.1186877162816489,0.7706417056260374,0.9837044900250907,1018926000.0,3.02,3.12,3.0,3.1,11212854.0,34350340.0,3.02,2.6490066225165476,10.0,3.32,False,False,True,87.58139534883722
27,603408.SH,建霖家居,0.07350096711798855,23.397435897435905,1.4158492817938857,0.42134894196030104,0.8577086914995224,0.9074451064115002,447573000.0,9.65,9.83,9.64,9.82,1711300.0,16669749.0,9.74,0.8213552361396204,10.0,10.71,False,False,True,87.55232558139535
28,002758.SZ,浙农股份,0.05014749262536872,30.136986301369873,1.565105519066008,0.9835775316215736,0.6286099781917126,1.1651426654727668,518247801.00000006,7.46,7.81,7.46,7.79,5939082.0,45486479.0,7.47,4.283801874163329,10.0,8.22,False,False,True,87.19767441860465
29,000789.SZ,万年青,0.052631578947368376,32.171581769437,1.447207398179768,0.5774614454688676,0.8468820062271137,0.8311337598728352,797420215.0,3.86,3.93,3.82,3.92,3827200.0,14873615.0,3.86,1.5544041450777257,10.0,4.25,False,False,True,87.11434108527132
30,002116.SZ,中国海诚,0.09180327868852468,24.923547400611625,1.4249365303589183,0.5599614215968637,0.6934936695487514,0.9124796136616857,552152964.0,6.82,6.96,6.76,6.95,2821127.0,19423922.0,6.82,1.9061583577712593,10.0,7.5,False,False,True,86.94186046511629
31,688569.SH,铁科轨道,0.04347826086956537,33.14028314028317,1.7484733265879342,0.419418683636279,0.8152404177069666,1.2180860605573605,210666700.0,15.81,16.24,15.77,16.08,1076271.0,17270233.0,15.97,0.688791484032536,20.0,19.16,False,False,True,86.92441860465118
32,600168.SH,武汉控股,0.08896797153024895,29.77099236641221,1.062511481156466,0.5441863528458015,0.744817472369187,1.1450550450671428,993397569.0,4.15,4.26,4.15,4.25,6190092.0,26070865.0,4.18,1.674641148325362,10.0,4.6,False,False,True,86.92054263565892
33,300230.SZ,永利股份,0.04827586206896541,24.874371859296485,1.3917203265420022,1.3989679733559288,0.7042541361172013,0.9937760803166485,629822499.0,4.04,4.13,4.03,4.13,8756176.0,35751991.0,4.05,1.975308641975304,20.0,4.86,False,False,True,86.87403100775194
34,600528.SH,中铁工业,0.09923664122137411,22.10200927357033,1.1125289480596865,0.55982788188126,0.8413437427382832,0.7500476888661622,2221551588.0,6.94,7.04,6.94,7.04,9328242.0,66167369.0,6.99,0.7153075822603716,10.0,7.69,False,False,True,86.81395348837208
35,688425.SH,铁建重工,0.06969696969696969,23.376623376623385,1.2043572404159875,0.398039232983533,1.004831539787819,0.9084180625071571,5333497000.0,4.07,4.16,4.07,4.15,19285180.0,80990370.0,4.08,1.71568627450982,20.0,4.9,False,False,True,86.73643410852712
36,600307.SH,酒钢宏兴,0.052173913043478126,34.558823529411754,1.3144258059741043,0.863601648258733,0.7559819722258013,1.2671660510502296,6263357424.0,1.42,1.47,1.41,1.46,68541592.0,98812105.0,1.42,2.8169014084507005,10.0,1.56,False,False,True,86.69767441860465
37,600551.SH,时代出版,0.06860158311345664,27.357032457496146,0.9924999485978848,0.6506326544289065,0.9470085499440808,0.8708628393085144,678055239.0,6.68,6.82,6.67,6.79,3841941.0,26006270.0,6.73,0.8915304606240682,10.0,7.4,False,False,True,86.55620155038758
38,603227.SH,雪峰科技,0.06349206349206331,35.84070796460177,1.2229887903473085,0.7960951527961715,0.5954504506815211,0.9362267823133427,1071692689.0,7.0,7.16,6.98,7.15,7987600.0,56562500.0,7.02,1.85185185185186,10.0,7.72,False,False,True,86.48449612403101
39,600567.SH,山鹰国际,0.04819277108433739,18.11023622047243,1.2485233746196795,1.2973564349998177,0.9640059862033952,1.0142693082040841,6307453306.0,1.31,1.33,1.31,1.32,82997811.0,109550208.0,1.31,0.7633587786259444,10.0,1.44,False,False,True,86.35658914728683
40,603797.SH,联泰环保,0.006211180124223744,37.46556473829201,1.744390854666224,1.0211245063541605,0.9392783429502162,1.1153973528127017,576605190.0,3.63,3.79,3.62,3.77,6567300.0,24237067.0,3.64,3.5714285714285587,10.0,4.0,False,False,True,86.28682170542635
41,600805.SH,悦达投资,0.04417670682730919,35.368956743002556,1.6022574094436304,0.9292927264946897,0.6587651297684111,0.8234716412468664,850275368.0,4.04,4.17,4.01,4.16,6506700.0,27022707.0,4.04,2.970297029702973,10.0,4.44,False,False,True,86.23255813953489
42,301048.SZ,金鹰重工,0.030769230769230795,36.585365853658544,1.6215123904610027,0.7373979484502509,0.9233831653521898,0.9813390599555474,533333400.0,8.44,8.66,8.41,8.65,3859400.0,32996541.0,8.44,2.48815165876779,20.0,10.13,False,False,True,86.18992248062015
43,300741.SZ,华宝股份,0.013620885357548152,39.50617283950617,1.6953852995542555,0.434165478392322,1.0357571589406553,0.7736299479076774,615877150.0,12.25,12.46,12.18,12.46,2068629.0,25644527.0,12.27,1.548492257538725,20.0,14.72,False,False,True,86.14728682170542
44,603107.SH,上海汽配,0.040492957746478965,32.11009174311927,1.4133361652432292,0.883145685399225,0.9682139895982513,0.7703469117161835,218173998.0,11.13,11.34,11.07,11.32,1484300.0,16730959.0,11.13,1.7070979335130243,10.0,12.24,False,False,True,86.02713178294573
45,002540.SZ,亚太科技,0.017492711370262534,35.619469026548686,1.5074666636900322,1.3313137959288948,0.9154599954328569,1.088430294147506,858201358.0,4.59,4.75,4.57,4.74,12435700.0,58288507.0,4.58,3.493449781659397,10.0,5.04,False,False,True,86.01937984496125
46,002732.SZ,燕塘乳业,0.00761421319796938,36.815920398009936,1.7322380024500883,1.0780774627817034,0.962174060604958,0.9721747905753285,157062585.0,12.08,12.48,12.01,12.45,1645400.0,20118217.0,12.12,2.722772277227725,10.0,13.33,False,False,True,85.98449612403101
47,600569.SH,安阳钢铁,0.06451612903225794,36.645962732919266,1.3998164837673883,0.5784521251297995,0.6788826620550298,1.1526784536362824,2872421386.0,1.7,1.75,1.68,1.74,19152424.0,33001586.0,1.69,2.9585798816567976,10.0,1.86,False,False,True,85.94186046511628
48,600117.SH,西宁特钢,0.05660377358490572,33.00000000000001,1.479947195736594,0.48654494682243593,0.8943044659075576,0.8377849951395877,3255114857.0,2.17,2.24,2.16,2.23,13268501.0,29238405.0,2.18,2.2935779816513735,10.0,2.4,False,False,True,85.88081395348837
49,600894.SH,广日股份,0.07142857142857127,31.78717598908596,1.4726860034409333,0.5986361803047826,0.799344180099221,0.7811329061681003,843144445.0,7.57,7.69,7.53,7.63,3942665.0,30073515.0,7.56,0.92592592592593,10.0,8.32,False,False,True,85.83720930232558
50,600742.SH,富维股份,0.04128440366972471,38.96848137535815,1.5169336719982125,0.788803767211238,0.7662109961600352,1.0108825332700375,743057880.0,7.14,7.33,7.11,7.3,5925054.0,42990587.0,7.16,1.9553072625698276,10.0,7.88,False,False,True,85.83527131782947
51,000881.SZ,中广核技,0.03523035230352301,37.66666666666667,1.385871628116394,1.0945264325212891,0.8211335316523946,0.9794912654815957,903730851.0,6.1,6.26,6.07,6.26,9688712.0,59964804.0,6.13,2.1207177814029254,10.0,6.74,False,False,True,85.7906976744186
52,601568.SH,北元化工,0.16891891891891886,19.16167664670658,1.1030268709009465,0.4365224481962365,0.6617195569226626,0.7669377620415305,3972222224.000001,3.58,3.65,3.56,3.64,13298426.0,48115861.0,3.59,1.392757660167132,10.0,3.95,False,False,True,85.7015503875969
53,300729.SZ,乐歌股份,0.03538461538461545,37.28813559322035,1.3036729050276623,0.893308083795656,0.9511641407473106,0.6765269780224399,328084465.0,9.66,9.88,9.63,9.88,1983600.0,19353894.0,9.67,2.171664943123064,20.0,11.6,False,False,True,85.6220930232558
54,601992.SH,金隅集团,0.10679611650485427,30.708661417322823,1.1232727911687301,0.6374636594014115,0.6896907325502393,0.9973217453774564,8334158264.0,1.38,1.42,1.37,1.41,52984942.0,74208304.0,1.38,2.1739130434782705,10.0,1.52,False,False,True,85.515503875969
55,001213.SZ,中铁特货,0.14393939393939392,20.241691842900302,1.0573441604277216,0.2324791226482425,0.8498291443275184,0.7212550877975855,4444444444.0,3.48,3.54,3.47,3.52,7452300.0,26200465.0,3.5,0.5714285714285783,10.0,3.85,False,False,True,85.44379844961242
56,000156.SZ,华数传媒,0.07945205479452057,23.491027732463298,1.6395654577563075,0.6090784150824161,0.8691286759206266,0.5852899892216478,1699875877.0,6.4,6.51,6.36,6.48,6059845.0,39937491.0,6.42,0.9345794392523477,10.0,7.06,False,False,True,85.36821705426357
57,603888.SH,新华网,0.039405204460966625,27.77777777777779,1.6413371257295288,1.3037740218662066,0.873813316447209,0.8676646715742035,674738168.0,15.5,15.67,15.3,15.66,7632899.0,118295088.0,15.47,1.2281835811247532,10.0,17.02,False,False,True,85.34593023255815
58,000548.SZ,湖南投资,0.024154589371980378,35.51637279596977,1.600190270747039,1.422821471894441,0.8507698365643173,1.0257147039509888,499215811.00000006,4.0,4.14,3.99,4.12,7285600.0,29645867.0,4.02,2.4875621890547484,10.0,4.42,False,False,True,85.19186046511628
59,000655.SZ,金岭矿业,0.05614035087719287,36.006546644844526,1.3894280232033362,0.9699103989663146,0.71579531951737,1.3889489830985988,595340230.0,6.43,6.66,6.38,6.65,8020162.0,52536064.0,6.43,3.4214618973561484,10.0,7.07,False,False,True,85.12209302325581
60,600824.SH,益民集团,0.07407407407407415,29.46708463949843,1.3249733767134173,0.8306394754245494,0.8909079997859011,0.9038288878840599,1054027073.0,3.33,3.43,3.3,3.42,7913171.0,26870373.0,3.35,2.0895522388059584,10.0,3.69,False,False,True,85.0794573643411
61,000544.SZ,中原环保,0.14224137931034483,19.82633863965266,0.9658103917507456,0.452394513741348,0.875673640111692,1.242379509328343,974684488.0,7.25,7.38,7.23,7.38,5478172.0,40048332.0,7.24,1.9337016574585641,10.0,7.96,False,False,True,85.07945736434108
62,601669.SH,中国电建,0.09265175718849841,32.67108167770418,1.015309195621476,0.9343227600318696,0.5864571278164964,1.3652365908577577,13071525850.0,4.84,4.92,4.79,4.91,166736674.0,812555272.0,4.82,1.8672199170124415,10.0,5.3,False,False,True,85.00775193798451
63,603199.SH,九华旅游,0.0960490463215259,24.8,1.0195001344451229,1.247594235634256,0.6650610365337809,0.5658161175107306,110680000.0,31.38,31.65,31.12,31.63,781300.0,24525176.0,31.41,0.700413880929629,10.0,34.55,False,False,True,84.98837209302326
64,002381.SZ,双箭股份,0.012295081967213215,37.423312883435585,1.5184400136535507,1.591666471011264,0.8843545356602431,0.6833538237950717,322026500.0,4.9,5.07,4.9,5.06,3499900.0,17468284.0,4.92,2.8455284552845406,10.0,5.41,False,False,True,84.84108527131782
65,600283.SH,钱江水利,0.041811846689895515,21.094793057409888,1.5941508121199466,0.9170899809087946,1.1648869718972974,0.4245976675981527,560824898.0,7.6,7.7,7.57,7.69,2183820.0,16682108.0,7.61,1.0512483574244502,10.0,8.37,False,False,True,84.81201550387597
66,000631.SZ,顺发恒能,0.07777777777777763,33.823529411764696,1.7122924558218116,0.5566119620382485,0.5465034158502942,1.1786070846199346,2300000085.0,2.86,2.95,2.84,2.94,15088617.0,43905391.0,2.86,2.7972027972027913,10.0,3.15,False,False,True,84.73255813953487
67,600054.SH,黄山旅游,0.1339712918660284,15.362595419847324,1.0158364949675494,1.150100652639778,0.6861026499506239,0.867072061802873,513300000.0,11.02,11.11,10.95,11.07,5118731.0,56545200.0,11.04,0.27173913043478937,10.0,12.14,False,False,True,84.70736434108527
68,601921.SH,浙版传媒,0.17446808510638306,23.348694316436248,1.144326404890511,0.2796732966521095,0.7418518920382275,0.6282419596071072,2222222223.0,6.89,6.96,6.85,6.94,3904500.0,27334715.0,6.92,0.28901734104047616,10.0,7.61,False,False,True,84.63372093023256
69,600814.SH,杭州解百,0.08007812500000004,30.574324324324344,1.622824741829664,0.7559528212519065,0.7382339847516022,0.722981883576648,735078598.0,6.33,6.43,6.28,6.43,4017500.0,25601828.0,6.33,1.5797788309636518,10.0,6.96,False,False,True,84.62403100775194
70,688370.SH,丛麟科技,0.04769603880355699,32.040816326530596,2.0193525208742664,0.5542782847658174,0.8117765187444989,0.7771298774986868,137107879.0,20.1,20.73,20.04,20.73,590587.0,12051787.0,20.19,2.6745913818722045,20.0,24.23,False,False,True,84.59496124031007
71,600133.SH,东湖高新,0.013921113689095242,38.718662952646255,1.5399052371945436,1.6979245031517831,0.7755671860027201,0.8594667259347699,1066239875.0,7.2,7.48,7.2,7.48,15559741.0,115212869.0,7.24,3.314917127071837,10.0,7.96,False,False,True,84.55717054263566
72,300847.SZ,中船汉光,0.09411764705882361,31.599999999999984,1.3376722960025342,0.847276240667541,0.7191288869314688,1.2698451178107502,296010000.0,13.24,13.58,13.21,13.56,3184800.0,42876591.0,13.3,1.9548872180451093,20.0,15.96,False,False,True,84.44186046511628
73,600917.SH,重庆燃气,0.17085427135678383,29.147982062780265,1.0759652421246957,0.255421287283541,0.6061759136910773,1.212910368290089,1561039760.0,4.81,4.86,4.76,4.85,4836150.0,23380915.0,4.8,1.041666666666674,10.0,5.28,False,False,True,84.40697674418604
74,301223.SZ,中荣股份,0.09326424870466309,30.86014445173999,1.3653261450545213,0.6830972751895109,0.8258468809665405,0.5425055813947495,193127560.0,15.74,15.95,15.74,15.92,715700.0,11346579.0,15.77,0.9511731135066537,20.0,18.92,False,False,True,84.38372093023256
75,688533.SH,上声电子,0.004878048780487826,39.699248120300766,2.2771056345599754,0.6930271881384046,0.8325436438937868,0.5465716470041314,164987108.99999997,20.05,20.48,19.98,20.41,624953.0,12661423.0,20.02,1.9480519480519431,20.0,24.02,False,False,True,84.37984496124032
76,603568.SH,伟明环保,0.01572327044025161,25.10578279266571,1.9846923486636086,0.5388735154073825,1.466620665070938,1.3013293494928182,2048457418.0,14.3,15.15,14.25,15.02,14364847.0,212566097.0,14.33,4.815073272854153,10.0,15.76,False,False,True,84.37403100775194
77,002010.SZ,传化智联,0.0625000000000002,32.873563218390814,1.5652950595549537,0.7882409783004715,0.8725665398308509,0.9178029444738615,2757765331.0,4.5,4.62,4.49,4.61,19950626.0,91201653.0,4.53,1.7660044150110465,10.0,4.98,False,False,True,84.3546511627907
78,600425.SH,青松建化,0.12154696132596671,28.6624203821656,1.0961983159265258,0.8824503700108869,0.7089519039931256,1.0271321915989855,1604703707.0,3.37,3.44,3.33,3.43,14544925.0,49331680.0,3.36,2.083333333333348,10.0,3.7,False,False,True,84.28682170542635
79,601599.SH,浙文影业,0.03114186851211068,37.45454545454545,1.416379295782742,1.4842893515417088,0.8354620919280445,0.8368896227193243,1160542453.0,2.84,2.93,2.82,2.93,14416100.0,41523783.0,2.84,3.169014084507049,10.0,3.12,False,False,True,84.21705426356588
80,600628.SH,新世界,0.05528846153846163,30.270270270270274,1.526255604687992,1.2116794121199659,0.8511801542864347,0.5498645432591553,646875384.0,5.73,5.88,5.73,5.87,4309869.0,25276039.0,5.78,1.5570934256055269,10.0,6.36,False,False,True,84.21124031007753
81,688526.SH,科前生物,0.11892583120204603,23.347639484978533,1.5538836765691602,0.352312798781624,0.8718950962202879,0.50292992060546,466128056.0,12.49,12.69,12.44,12.65,825926.0,10384021.0,12.58,0.556438791732905,20.0,15.1,False,False,True,84.20348837209302
82,600000.SH,浦发银行,0.16245487364620942,14.426633785450061,0.9902110405716646,0.2222479064578845,0.9691075061574106,0.67708606019346,33305838300.0,8.92,9.06,8.91,9.05,50118945.0,451566860.0,9.01,0.4439511653718142,10.0,9.91,False,False,True,84.13953488372093
83,600834.SH,申通地铁,0.10580204778156985,31.43297380585515,1.380617766647442,0.4536940502593985,0.8312773752884336,0.7486656644750593,477381905.0,6.81,6.98,6.79,6.97,1621500.0,11172566.0,6.8,2.499999999999991,10.0,7.48,False,False,True,84.11821705426358
84,301332.SZ,德尔玛,0.055299539170506964,35.06139154160983,1.623633787211175,0.8356043628415337,0.849085360063399,0.601712612548862,264840240.0,7.56,7.74,7.55,7.71,1331600.0,10196382.0,7.57,1.8494055482166427,20.0,9.08,False,False,True,84.11821705426355
85,600558.SH,大西洋,0.05371900826446277,32.79816513761467,1.3374836413063638,1.387409600517174,0.790603557357307,1.11292386990162,897604831.0,4.46,4.6,4.45,4.6,13859748.0,64509046.0,4.49,2.4498886414253684,10.0,4.94,False,False,True,84.08527131782947
86,600278.SH,东方创业,0.05571847507331388,34.79020979020979,1.654952720823033,0.6718262472256854,0.8943396935691729,0.878089082763615,860518657.0,5.91,6.04,5.89,6.03,5076400.0,30745953.0,5.91,2.0304568527918843,10.0,6.5,False,False,True,84.04263565891473
87,000885.SZ,城发环境,0.16809116809116806,17.4457429048414,1.1930712169072866,0.6856742641128645,0.8203979966001272,1.1806979764650172,642078255.0,12.53,12.74,12.49,12.72,5198100.0,65801913.0,12.57,1.1933174224343812,10.0,13.83,False,False,True,84.01744186046511
88,601188.SH,龙江交通,0.12280701754385974,27.715355805243448,1.22038956158716,0.8794996589408142,0.7368662279117008,0.903018471692645,1305469915.0,2.8,2.87,2.79,2.86,10368100.0,29350709.0,2.81,1.7793594306049654,10.0,3.09,False,False,True,84.0
89,301339.SZ,通行宝,0.04289215686274506,34.51059535822401,1.6053297222590266,0.762288180063176,1.0232600881458278,1.552679400054525,569800000.0,10.15,10.55,10.15,10.55,6744091.0,70376889.0,10.26,2.826510721247577,20.0,12.31,False,False,True,83.92248062015503
90,600939.SH,重庆建工,0.07874015748031504,37.88546255506606,1.37289849955233,0.5682894765104399,0.781255818826913,0.7631498378185751,1902474944.0,2.45,2.54,2.45,2.52,8250844.0,20616729.0,2.47,2.0242914979756943,10.0,2.72,False,False,True,83.90116279069767
91,603970.SH,中农立华,0.053892215568862194,37.61854583772393,1.4092111865697603,0.8138751709104368,0.8990989889491704,0.8511295357075297,268800134.0,9.7,9.98,9.7,9.94,1862014.0,18379736.0,9.76,1.8442622950819665,10.0,10.74,False,False,True,83.89147286821705
92,601022.SH,宁波远洋,0.1696202531645569,27.27272727272727,1.3969641454561783,0.4226767503386806,0.58648314940379,0.6967273097661497,1308633334.0,7.89,8.02,7.87,8.0,3853800.0,30952143.0,7.93,0.8827238335435084,10.0,8.72,False,False,True,83.82945736434108
93,301058.SZ,中粮科工,0.0817610062893081,34.35013262599471,1.3784039187876664,0.8703875401739104,0.7704172250563113,0.6736578006065886,512274245.0,7.95,8.09,7.89,8.07,3003686.0,24043327.0,7.93,1.7654476670870167,20.0,9.52,False,False,True,83.82558139534883
94,601686.SH,友发集团,0.15637860082304525,27.17622080679407,0.9852160039805419,0.391172414351631,0.8569188297974821,1.3226461830455396,1479347326.0,5.1,5.17,5.07,5.13,7647676.0,39275545.0,5.09,0.7858546168958647,10.0,5.6,False,False,True,83.80426356589147
95,603569.SH,长久物流,0.0789473684210527,25.68627450980394,1.4416248626309305,0.7716959394080206,1.006332620560276,1.1759372252363278,603507251.0,5.47,5.59,5.44,5.58,5476623.0,30326312.0,5.46,2.19780219780219,10.0,6.01,False,False,True,83.78488372093024
96,300193.SZ,佳士科技,0.09195402298850582,21.178120617110817,1.4721033098866365,1.3224587545946376,0.7408161080766049,0.7030819526742286,418156172.0,7.36,7.45,7.26,7.44,3890261.0,28532636.0,7.37,0.9497964721845387,20.0,8.84,False,False,True,83.75387596899225
97,002609.SZ,捷顺科技,0.04238921001926778,25.787965616045838,1.7313263586436598,1.570933878734192,0.8398909423893924,0.6041309335162727,459573516.0,7.18,7.32,7.16,7.31,4360300.0,31635468.0,7.2,1.5277777777777724,10.0,7.92,False,False,True,83.74612403100775
98,603128.SH,华贸物流,0.18644067796610178,16.84210526315788,0.9169166859574303,0.6818386429290532,0.8465931340816062,0.8077990541986725,1309046494.0,5.1,5.15,5.07,5.14,7210079.0,38503984.0,5.08,1.1811023622047223,10.0,5.59,False,False,True,83.72868217054264
99,603310.SH,巍华新材,0.010144927536231925,26.052819414703787,1.8246247963667799,1.4458928921189576,1.1835779521552419,0.48588452606623583,194010000.0,14.05,14.33,14.05,14.31,1362992.0,19395132.0,14.08,1.6335227272727293,10.0,15.49,False,False,True,83.67441860465117
100,002204.SZ,大连重工,0.04416403785488976,37.42454728370221,1.4113893644747892,1.1746502521066298,0.8751420331560656,1.4646531504287599,1931370032.0,5.11,5.26,5.08,5.24,33228356.0,172431704.0,5.11,2.544031311154593,10.0,5.62,False,False,True,83.60077519379844
101,600649.SH,城投控股,0.11764705882352934,33.33333333333335,1.2715981078621517,0.745028545744884,0.6820128060573958,0.78014622204194,2504500768.0,3.61,3.65,3.58,3.62,14556940.0,52695626.0,3.61,0.27700831024930483,10.0,3.97,False,False,True,83.55135658914728
102,300425.SZ,中建环能,0.03030303030303034,38.524590163934434,1.4331085182217507,1.2144466333535504,0.9762967630250233,1.1734439587186447,680738380.9999999,3.72,3.86,3.7,3.85,9701101.0,36743375.0,3.72,3.4946236559139754,20.0,4.46,False,False,True,83.53875968992249
103,603855.SH,华荣股份,0.12312312312312317,24.59123610202747,1.3517661601369644,0.6843701131783009,0.8970325997405334,0.847804484475495,335532500.0,16.0,16.38,15.92,16.27,1946800.0,31532616.0,16.11,0.9931719428926122,10.0,17.72,False,False,True,83.52906976744185
104,000726.SZ,鲁  泰Ａ,0.1733870967741934,22.097378277153545,1.126361128357488,0.8666465944502383,0.6941584447148227,0.8058661242271532,589288850.0,5.78,5.86,5.72,5.86,4115600.0,23915588.0,5.77,1.559792027729645,10.0,6.35,False,False,True,83.50193798449614
105,601163.SH,三角轮胎,0.13215859030837038,22.428330522765606,1.2644286229340458,0.50984655625,0.9506914515973394,0.8531630638036696,800000000.0,12.42,12.63,12.36,12.63,3479858.0,43917217.0,12.46,1.3643659711075395,10.0,13.71,False,False,True,83.49999999999999
106,300791.SZ,仙乐健康,0.08663594470046079,27.402597402597408,1.6635928580068693,0.6597094086858285,0.9039029720872956,0.5817852135019013,257407184.00000003,16.21,16.46,16.05,16.36,987964.0,16066135.0,16.34,0.1223990208078396,20.0,19.61,False,False,True,83.48062015503875
107,603787.SH,新日股份,0.03435582822085882,39.318181818181806,1.6861194582632806,1.2806529561366788,0.7564220374204367,0.9982888827081814,230143790.0,9.09,9.49,9.01,9.46,2942300.0,27366202.0,9.08,4.185022026431717,10.0,9.99,False,False,True,83.45736434108528
108,601456.SH,国联民生,0.11302211302211279,13.898704358068304,1.1104689652345918,0.6569194176718365,1.1185465183621774,0.4715711685403797,4376981617.0,8.95,9.01,8.91,9.0,13559200.0,122500969.0,8.95,0.5586592178770999,10.0,9.85,False,False,True,83.42248062015503
109,600820.SH,隧道股份,0.18627450980392152,17.39999999999999,0.891505639656387,0.6019101892628039,0.8994191731162722,0.6140436078957878,3144096094.0,5.36,5.42,5.33,5.39,11620551.0,64593058.0,5.38,0.18587360594795044,10.0,5.92,False,False,True,83.36046511627907
110,002011.SZ,盾安环境,0.03571428571428559,33.673469387755084,1.710560100955894,1.274434695166645,0.9279804574625448,1.5908142406868044,1061515502.0,10.03,10.59,9.96,10.48,21490846.0,224437345.0,10.0,4.800000000000004,10.0,11.0,False,False,True,83.33720930232559
111,002960.SZ,青鸟智控,0.007159904534606263,39.095744680851084,1.7312062775690464,1.4655332369328302,0.9521296446901805,0.8123344774819478,968448955.0,7.48,7.71,7.44,7.67,11528918.0,87229458.0,7.55,1.5894039735099286,10.0,8.31,False,False,True,83.28875968992249
112,603053.SH,成都燃气,0.21126760563380279,26.80151706700378,1.1672015294462772,0.254618254227178,0.7079598698613876,1.0431338428778598,888890000.0,8.66,8.82,8.61,8.82,2360900.0,20678483.0,8.66,1.8475750577367167,10.0,9.53,False,False,True,83.27906976744185
113,300470.SZ,中密控股,0.10208816705336429,23.1021897810219,1.6562808859956317,1.08373019743244,0.7034845985449009,0.686814069478459,197334685.0,28.4,29.35,28.4,29.27,1468583.0,42584511.0,28.72,1.9150417827298094,20.0,34.46,False,False,True,83.23643410852713
114,600356.SH,恒丰纸业,0.015527950310558952,36.26373626373627,1.7502629783104233,1.7062761314614843,0.8743570051984387,0.9644544391605228,298731378.0,7.33,7.62,7.3,7.59,4916000.0,36665848.0,7.33,3.547066848567537,10.0,8.06,False,False,True,83.20542635658916
115,603611.SH,诺力股份,0.034321372854914156,32.19354838709676,1.9952159223138637,1.1470998355746453,0.8891104857954486,0.6343794155427782,257600791.0,15.94,16.33,15.82,16.3,1874552.0,30244330.0,15.94,2.258469259723972,10.0,17.53,False,False,True,83.17829457364341
116,002543.SZ,万和电气,0.03669724770642205,35.867768595041326,1.5598513756095802,0.8344181222317788,1.1258352598416697,0.7430816368048713,661176201.0,6.3,6.41,6.25,6.4,4099869.0,25985169.0,6.33,1.1058451816745807,10.0,6.96,False,False,True,83.12403100775194
117,000965.SZ,天保基建,0.08629441624365478,31.141868512110715,1.4566518264986468,1.195259837310615,0.698459285202688,0.9616223881759678,1109830895.0,3.04,3.11,3.03,3.1,12756270.0,39269096.0,3.06,1.3071895424836555,10.0,3.37,False,False,True,83.11821705426357
118,000913.SZ,钱江摩托,0.09159347553324973,31.731731731731738,1.3306514870854986,0.9035564371977081,0.8664192519945078,0.8238674158426148,520102675.0,10.7,10.83,10.68,10.73,3871700.0,41648460.0,10.72,0.0932835820895539,10.0,11.79,False,False,True,83.11821705426355
119,603299.SH,苏盐井神,0.15762273901808813,30.34883720930235,1.172930504747982,0.6826088645057999,0.7191686817537454,0.8704521885225366,780506184.0000001,9.21,9.42,9.18,9.4,4637599.0,43230369.0,9.21,2.062975027144409,10.0,10.13,False,False,True,82.97480620155038
120,600794.SH,保税科技,0.08866995073891634,29.078014184397173,1.3171599191391423,0.9362838982090794,0.9359492272618273,0.7918424405655851,1200152157.0,3.0,3.07,2.99,3.06,8897800.0,27008548.0,3.0,2.0000000000000018,10.0,3.3,False,False,True,82.96705426356588
121,000898.SZ,鞍钢股份,0.13913043478260861,29.120879120879128,1.3921361582729426,0.4702296454609219,0.841166414518569,1.2663239524933818,7957508008.0,1.98,2.03,1.97,2.02,47383991.0,95148773.0,1.98,2.020202020202011,10.0,2.18,False,False,True,82.90503875968992
122,603231.SH,索宝蛋白,0.013496932515337567,30.729927007299285,1.6271627206687314,2.072565611824859,0.9749442460804043,0.6792944636388807,106265982.0,13.75,14.07,13.74,14.07,1496100.0,20842839.0,13.81,1.8826937002172306,10.0,15.19,False,False,True,82.87984496124031
123,600981.SH,苏豪汇鸿,0.025641025641025775,35.2112676056338,1.9090969318890523,1.089549045972197,1.0116289188525474,0.8422828719416373,2242433192.0,2.18,2.26,2.17,2.26,20579000.0,45738466.0,2.18,3.66972477064218,10.0,2.4,False,False,True,82.76744186046513
124,000409.SZ,云鼎科技,0.05167173252279646,38.46153846153848,1.604202996937751,0.9978910232224943,0.8322580191810619,0.9948016001314122,590473934.0,8.15,8.33,8.1,8.32,5861673.0,48374494.0,8.14,2.211302211302213,10.0,8.95,False,False,True,82.75193798449612
125,601200.SH,上海环境,0.16153846153846152,26.56249999999998,1.0948843447651908,0.6735127622681786,0.8589888713166438,0.8410805804375324,1346230251.0,6.81,6.96,6.79,6.93,7626105.0,53418855.0,6.82,1.6129032258064502,10.0,7.5,False,False,True,82.74806201550388
126,000532.SZ,华金资本,0.010067114093959714,39.85872855701311,1.9623553742535855,1.515757735416863,0.7935481282811273,0.9336711115202739,343549746.0,9.96,10.13,9.96,10.1,4861982.0,49001265.0,10.0,1.0000000000000009,10.0,11.0,False,False,True,82.71511627906976
127,603277.SH,银都股份,0.03503184713375796,37.01030927835052,1.587810856353319,0.3259166142165465,1.2869882156141412,0.9825470561630575,609746025.0,9.98,10.19,9.98,10.15,1952580.0,19703199.0,10.03,1.1964107676969205,10.0,11.03,False,False,True,82.69186046511628
128,600987.SH,航民股份,0.18823529411764725,18.592964824120607,1.36121503306043,0.680525579389436,0.8322686035736256,1.046556721418474,1020818873.0,6.46,6.58,6.39,6.58,7270360.0,47246021.0,6.45,2.0155038759689825,10.0,7.1,False,False,True,82.63178294573643
129,601008.SH,连云港,0.14999999999999986,26.030927835051543,1.4235935219467772,0.678229298901547,0.815115537831238,0.6967961578159422,1240638006.0,4.24,4.33,4.23,4.32,5863101.0,25351223.0,4.27,1.1709601873536535,10.0,4.7,False,False,True,82.61821705426357
130,600125.SH,铁龙物流,0.21256038647343012,21.912350597609564,1.2017633442068614,0.8409700188600547,0.6761097598690722,0.7416105962670687,1305521874.0,5.45,5.51,5.42,5.5,8142178.0,44595518.0,5.46,0.73260073260073,10.0,6.01,False,False,True,82.56395348837209
131,002060.SZ,广东建工,0.1608391608391608,26.174496644295296,1.0177614505654669,1.1262692831278265,0.6127504687117501,0.8802215888381746,1562823660.0,3.21,3.27,3.2,3.25,15493300.0,50116754.0,3.21,1.2461059190031154,10.0,3.53,False,False,True,82.5251937984496
132,601618.SH,中国中冶,0.1473684210526317,24.583333333333357,1.2789202923250458,0.640164418238688,0.9173748126116587,0.7185053454041335,17852619170.0,2.68,2.71,2.66,2.7,82115185.0,220891918.0,2.68,0.746268656716409,10.0,2.95,False,False,True,82.49612403100775
133,688009.SH,中国通号,0.23566878980891723,13.695652173913064,1.137607961848955,0.4230580112464631,0.9116816254290828,0.8144527171464927,8621018000.0,4.98,5.02,4.94,5.01,29704644.0,152686752.0,4.97,0.8048289738430636,20.0,5.96,False,False,True,82.45348837209302
134,603210.SH,泰鸿万立,0.043689320388349454,32.280978689818475,1.4482213204335372,1.2353412556005587,1.067416741557178,0.7826434754032213,232677500.0,13.11,13.38,13.04,13.38,2249600.0,29788961.0,13.12,1.9817073170731891,10.0,14.43,False,False,True,82.4515503875969
135,000755.SZ,山西高速,0.19211822660098504,25.238095238095237,1.5320882136446605,0.36226348828560195,0.7306574231322496,0.8298020605324126,1467310196.0,4.57,4.62,4.53,4.6,4410837.0,20174517.0,4.59,0.2178649237472685,10.0,5.05,False,False,True,82.43023255813952
136,000419.SZ,通程控股,0.046875000000000035,34.80278422273781,1.5164630470985385,1.3090501388422655,0.9312001276188562,0.8991016361617672,543582655.0,4.41,4.58,4.39,4.56,6397800.0,29441820.0,4.43,2.934537246049662,10.0,4.87,False,False,True,82.37015503875968
137,600681.SH,百川能源,0.09638554216867459,31.410256410256387,1.3227807770805566,1.2825765892208936,0.7248932654713417,1.2983056552483994,1339808772.0,3.35,3.46,3.33,3.44,22310180.0,76117051.0,3.36,2.3809523809523725,10.0,3.7,False,False,True,82.35852713178295
138,601111.SH,中国国航,0.06720430107526884,28.795811518324598,1.7555793001999356,0.8161930231212342,0.9965268651002701,0.9612115236700862,11638109474.0,5.98,6.11,5.94,6.07,91304942.0,551545819.0,5.98,1.5050167224080147,10.0,6.58,False,False,True,82.31589147286822
139,600308.SH,华泰股份,0.11111111111111108,38.01369863013699,1.3446372807172946,0.6719162101846166,0.6830434201600714,0.7183988032452518,1516870176.0,3.1,3.2,3.09,3.18,7321990.0,23094191.0,3.11,2.2508038585209,10.0,3.42,False,False,True,82.2829457364341
140,600861.SH,北京人力,0.13114754098360648,29.948805460750847,1.5016549504950905,0.4769060394421024,0.8747456167146048,0.775042593455368,536815544.0,12.88,12.91,12.71,12.91,1984191.0,25464974.0,12.92,-0.07739938080495445,10.0,14.21,False,False,True,82.25968992248062
141,000768.SZ,中航西飞,0.10135674381484433,33.38541666666668,1.4217322751337491,0.8897347809052878,0.8130701172194532,0.8690400912958531,2776414009.0,20.47,20.8,20.34,20.79,21467655.0,442846557.0,20.47,1.5632633121641426,10.0,22.52,False,False,True,82.22093023255815
142,601956.SH,东贝集团,0.008676789587852504,38.106235565819865,1.8896458385633008,1.2575258729822463,1.06751177105044,0.9095445305993088,621616590.0,4.34,4.52,4.34,4.51,7109900.0,31571620.0,4.37,3.203661327231111,10.0,4.81,False,False,True,82.21511627906976
143,000652.SZ,泰达股份,0.1190476190476189,38.27160493827162,1.0336905151541553,0.7435304950416731,0.7097889842741205,1.5348750608581205,1458222470.0,3.44,3.59,3.42,3.55,16641620.0,58641947.0,3.44,3.197674418604657,10.0,3.78,False,False,True,82.15697674418604
144,601186.SH,中国铁建,0.24481327800829897,15.957446808510657,1.0104825952981271,0.443711426918598,0.9124355389867911,1.0290219826713665,11503245500.0,6.22,6.28,6.2,6.28,52522532.0,344213484.0,6.23,0.8025682182985605,10.0,6.85,False,False,True,82.12015503875969
145,600653.SH,申华控股,0.09259259259259267,28.767123287671236,1.4646653494767503,1.0152707401222605,0.9139113482819733,1.1767114455322782,1946380317.0,1.56,1.62,1.55,1.61,23253030.0,36933273.0,1.56,3.205128205128216,10.0,1.72,False,False,True,82.09302325581395
146,601390.SH,中国中铁,0.19130434782608713,26.913580246913572,1.2958759050581683,0.6263810944896714,0.793210800100738,0.7880763885183991,20323920329.0,4.47,4.52,4.45,4.52,100326218.0,459127477.0,4.49,0.6681514476614581,10.0,4.94,False,False,True,82.0562015503876
147,002110.SZ,三钢闽光,0.090909090909091,28.98550724637683,1.6505401326885436,0.9160718981422024,0.8942258175617895,0.9197957079500062,2429076227.0,2.97,3.07,2.96,3.06,20467372.0,61945753.0,2.98,2.684563758389258,10.0,3.28,False,False,True,82.03294573643412
148,600035.SH,楚天高速,0.17391304347826103,13.213213213213205,1.0339366687629215,0.6466522095417715,1.0379962804265297,1.098116467783744,1610115901.0,3.49,3.52,3.46,3.52,11433424.0,39949265.0,3.49,0.8595988538681931,10.0,3.84,False,False,True,82.0077519379845
149,600639.SH,浦东金桥,0.24193548387096755,25.720876585928497,1.2719096508781074,0.5389762384793164,0.6981414805677942,0.7180691776311382,850236703.0,9.26,9.27,9.13,9.21,3290605.0,30298662.0,9.27,-0.6472491909384925,10.0,10.2,False,False,True,81.9922480620155
150,000713.SZ,国投丰乐,0.16465863453815266,28.62669245647971,1.312143161816091,0.9029995571117784,0.7035531540187547,0.8198641746122507,614014980.0,5.56,5.7,5.53,5.68,4545780.0,25646055.0,5.58,1.7921146953404854,10.0,6.14,False,False,True,81.97286821705427
151,603167.SH,渤海轮渡,0.22018348623853234,11.360799001248445,0.924641458007331,0.9562039139996006,0.8643919456621224,0.8288939261651769,469144503.0,8.51,8.61,8.43,8.6,3718400.0,31698331.0,8.49,1.2956419316843215,10.0,9.34,False,False,True,81.94186046511628
152,603102.SH,百合股份,0.01237505949547825,38.368983957219235,1.9878360866992555,1.0207077343750002,1.082530367056094,0.7252933186141755,64000000.0,30.4,30.94,30.07,30.94,473800.0,14719495.0,30.18,2.5182239893969616,10.0,33.2,False,False,True,81.9108527131783
153,000581.SZ,威孚高科,0.13240043057050577,25.59029993618378,1.337813905148144,1.1665918877839463,0.7948464078614952,0.767915721602413,793891049.0,16.8,17.13,16.8,17.08,7112048.0,120964669.0,16.9,1.0650887573964374,10.0,18.59,False,False,True,81.90116279069768
154,601366.SH,利群股份,0.09316770186335413,30.491803278688522,1.4236457924488035,1.037619089680484,0.8971806369771284,0.7271307191465505,959741113.0,3.34,3.4,3.3,3.39,7241100.0,24282876.0,3.35,1.1940298507462588,10.0,3.69,False,False,True,81.87596899224805
155,600526.SH,菲达环保,0.09178743961352655,37.531486146095716,1.2173853585879821,0.9337628555935933,0.8246185749719793,1.079084656519006,873007140.0000001,4.15,4.27,4.13,4.26,8796500.0,37478612.0,4.16,2.4038461538461453,10.0,4.58,False,False,True,81.82170542635659
156,601222.SH,林洋能源,0.138121546961326,34.47619047619046,0.8457294506735746,1.0082040190279158,0.6364290504921775,1.3571751936771814,2041220156.0,5.48,5.66,5.47,5.64,27930209.0,156216168.0,5.5,2.5454545454545396,10.0,6.05,False,False,True,81.81782945736433
157,600755.SH,厦门国贸,0.13725490196078427,16.44859813084114,1.554629110246923,0.8713533732729466,0.9331246238567221,0.6825444424875372,2132158487.0,5.76,5.84,5.75,5.83,12680744.0,73498450.0,5.77,1.0398613518197708,10.0,6.35,False,False,True,81.81589147286822
158,600662.SH,外服控股,0.09722222222222214,34.48275862068966,1.2372780461077404,0.6284204505072766,0.9896494569597076,0.89288233480785,2276762040.0,4.06,4.11,4.01,4.11,12774411.0,53773106.0,4.05,1.4814814814814836,10.0,4.46,False,False,True,81.77906976744185
159,603209.SH,兴通股份,0.14107142857142838,23.102040816326543,1.3629835889606636,1.108295499244413,0.8224568816722914,0.8922625273678488,321491597.0,12.98,13.08,12.77,13.07,3179200.0,41157833.0,13.04,0.23006134969325576,10.0,14.34,False,False,True,81.74806201550388
160,600874.SH,创业环保,0.28476821192052965,21.626984126984116,1.0781476269749946,0.6620536831592446,0.6948185701176424,0.9053369045215378,1230418085.0,5.44,5.56,5.44,5.56,7374900.0,40654719.0,5.47,1.645338208409508,10.0,6.02,False,False,True,81.74612403100777
161,601005.SH,重庆钢铁,0.12499999999999975,26.785714285714256,1.0200797192859523,1.013165534374502,0.9427163503203284,0.8343315779361725,8313636567.000001,1.19,1.21,1.18,1.21,70276500.0,84257471.0,1.19,1.680672268907557,10.0,1.31,False,False,True,81.6937984496124
162,002061.SZ,浙江交科,0.2612612612612612,17.17791411042946,1.1855819671689907,0.6513620900991777,0.8306381120671685,0.721117837019559,2599137900.0,3.54,3.59,3.53,3.57,12208380.0,43487999.0,3.55,0.5633802816901401,10.0,3.91,False,False,True,81.6686046511628
163,600643.SH,爱建集团,0.05300353356890456,38.964577656675736,1.7183381376341273,0.9329579709146506,0.8701614295142183,0.7940815106206797,1590351716.0,3.81,3.9,3.81,3.89,11782036.0,45468636.0,3.82,1.832460732984309,10.0,4.2,False,False,True,81.60852713178295
164,600020.SH,中原高速,0.18644067796610184,13.920454545454541,1.1735208305693219,0.6233573968724504,1.025019630926868,0.9880735485001703,2247371832.0,3.74,3.8,3.71,3.79,13842079.0,51999969.0,3.74,1.3368983957219305,10.0,4.11,False,False,True,81.60658914728683
165,301508.SZ,中机认检,0.01625441696113077,36.88299817184644,1.604128120232455,2.2306575521275884,0.8535888995082123,0.7149286831399198,58836400.0,22.05,22.55,22.05,22.55,938300.0,20981803.0,22.11,1.9900497512437942,20.0,26.53,False,False,True,81.5968992248062
166,000927.SZ,中国铁物,0.16964285714285707,30.666666666666664,1.3610727983417623,0.7916791458402209,0.7069591317216295,0.8631007328744521,6050350581.0,2.43,2.48,2.42,2.47,41341976.0,101406802.0,2.44,1.2295081967213184,10.0,2.68,False,False,True,81.58914728682171
167,300218.SZ,安利股份,0.017857142857142946,38.07380738073809,1.9986003458695218,1.6073051643352205,0.8223170688867811,0.48995926367353476,216276394.0,11.3,11.58,11.25,11.53,1703207.0,19457500.0,11.38,1.3181019332161537,20.0,13.66,False,False,True,81.52906976744185
168,600033.SH,福建高速,0.2000000000000002,14.920634920634935,1.3474367490304004,0.8648079926395524,0.8858668759213126,0.9274931854490475,2744400000.0,3.5,3.57,3.49,3.55,22012929.0,77929882.0,3.49,1.7191977077363862,10.0,3.84,False,False,True,81.50193798449612
169,000498.SZ,山东路桥,0.2543352601156071,24.168514412416854,1.2266355406593203,0.6168500135913796,0.7571226920816445,0.79863077549867,1449347778.9999998,4.95,5.01,4.93,5.01,7140000.0,35566992.0,4.95,1.2121212121211977,10.0,5.45,False,False,True,81.46899224806202
170,600512.SH,腾达建设,0.07142857142857122,33.33333333333333,1.5254543917056558,1.4325522607614143,0.768702516507328,1.0619514573321067,1587405163.0,1.92,1.98,1.91,1.97,24149210.0,46902871.0,1.92,2.604166666666674,10.0,2.11,False,False,True,81.46511627906976
171,688075.SH,安旭生物,0.0048367593712213925,37.73377337733774,1.968115184826208,0.6704885448507336,1.5073088258186862,0.602596729527478,127082805.0,27.38,27.62,27.2,27.61,513458.0,14075045.0,27.35,0.9506398537477034,20.0,32.82,False,False,True,81.43992248062015
172,002959.SZ,小熊电器,0.09954936501433836,37.37976782752903,1.3594979983164106,0.7635009035582117,0.8640101273158571,0.9398713047979943,139794390.0,32.41,33.13,32.32,33.05,1014500.0,33204799.0,32.58,1.4426028238182953,10.0,35.84,False,False,True,81.42635658914729
173,600167.SH,联美控股,0.11946050096339114,35.61643835616437,1.4995248706424829,0.45007986053499804,0.8606864811418816,1.1820329483686982,2262840463.0,5.7,5.89,5.69,5.86,12038520.0,69888158.0,5.73,2.2687609075043635,10.0,6.3,False,False,True,81.38953488372093
174,600738.SH,丽尚国潮,0.042452830188679375,33.99433427762042,1.6679546884764491,1.3450243160273114,1.003188842102074,0.8373647083284018,760666196.0,3.61,3.72,3.59,3.7,8567200.0,31402639.0,3.62,2.20994475138121,10.0,3.98,False,False,True,81.34302325581396
175,603708.SH,家家悦,0.15696649029982374,30.787878787878785,1.4913841493876123,0.5979085083635225,0.823277433368709,0.7530102232142126,638338675.0,9.1,9.24,9.0,9.18,2874000.0,26237502.0,9.14,0.4376367614879584,10.0,10.05,False,False,True,81.30813953488372
176,001318.SZ,阳光乳业,0.01105651105651104,38.62928348909656,1.7327715840868119,1.0998908228967617,1.291334094826691,0.998246547051202,282660000.0,9.6,9.82,9.58,9.81,3103500.0,30073909.0,9.72,0.92592592592593,10.0,10.69,False,False,True,81.30232558139535
177,000401.SZ,金隅冀东,0.13917525773195874,38.18181818181819,1.4615664651761198,0.3395776438178095,0.6517204380559991,0.8380752610467543,2631354687.9999995,3.56,3.65,3.54,3.64,7488615.0,26983774.0,3.57,1.9607843137255054,10.0,3.93,False,False,True,81.27906976744187
178,000421.SZ,南京公用,0.08385093167701851,31.622176591375762,1.5677543236695466,1.257598739973541,0.8381115027809396,1.0789222676724193,574208022.0,5.14,5.33,5.1,5.32,7791299.0,40794745.0,5.14,3.5019455252918386,10.0,5.65,False,False,True,81.24612403100775
179,600679.SH,上海凤凰,0.0744047619047619,35.39192399049882,1.4396858959869685,0.926140889808345,0.9808768653410681,0.6991627216175789,343694257.0,8.86,9.15,8.86,9.14,2225500.0,20086998.0,8.92,2.4663677130045025,10.0,9.81,False,False,True,81.24612403100775
180,000825.SZ,太钢不锈,0.11336032388663977,38.71951219512195,1.2124355007503247,0.5831742629477376,0.864814020884111,1.1480134361815049,5696247796.0,3.55,3.63,3.5,3.61,38135917.0,136446917.0,3.56,1.4044943820224587,10.0,3.92,False,False,True,81.21996124031008
181,600022.SH,山东钢铁,0.20967741935483886,21.487603305785118,1.0497280019475945,0.896137025911856,0.8777542281534368,0.9063212982773452,10698849554.0,1.33,1.36,1.33,1.36,86894780.0,117123243.0,1.34,1.4925373134328401,10.0,1.47,False,False,True,81.14922480620156
182,600905.SH,三峡能源,0.31683168316831706,21.32963988919667,1.0507761200997021,0.43456499513921854,0.7989551557448737,0.9547281855611047,28587650142.0,3.93,3.96,3.9,3.94,118607716.0,466556311.0,3.93,0.2544529262086481,10.0,4.32,False,False,True,81.14147286821705
183,600958.SH,东方证券,0.12426035502958581,15.75262543757292,1.4106840900556605,0.871729462876503,1.0966672187587903,0.8641581544331277,7469482864.0,8.98,9.13,8.97,9.12,56268520.0,508940009.0,8.99,1.4460511679643906,10.0,9.89,False,False,True,81.13953488372093
184,600765.SH,中航重机,0.06295907660020982,34.31999999999999,1.7262339817512817,1.1969242373049975,0.8648396565611515,1.0196947948859474,1552494153.0,13.11,13.39,13.08,13.39,18948151.0,251308964.0,13.1,2.2137404580152786,10.0,14.41,False,False,True,81.12790697674419
185,601228.SH,广州港,0.28865979381443274,18.772563176895307,0.9625867190509169,0.331120522107558,0.9077035631705247,0.9359205356656926,7544531351.0,3.05,3.1,3.04,3.08,23380691.0,71767547.0,3.05,0.9836065573770592,10.0,3.36,False,False,True,81.12596899224808
186,002333.SZ,罗普斯金,0.1856540084388187,25.330396475770932,1.5646866166101547,0.8661528068551826,0.7034634642916896,3.2433915868269825,666502712.9999999,5.02,5.17,4.96,5.15,18723900.0,95636461.0,4.98,3.4136546184738936,10.0,5.48,False,False,True,81.0562015503876
187,002945.SZ,华林证券,0.10046728971962611,29.832935560859198,2.0204006118208206,0.42564320740740247,0.8439349598928886,0.827537123641705,2700000000.0,13.31,13.52,13.27,13.46,9510360.0,127281001.0,13.43,0.22338049143708627,10.0,14.77,False,False,True,80.98449612403101
188,002573.SZ,清新环境,0.17985611510791372,32.40418118466897,1.058558268737626,0.63175531808077,0.8523473660662166,0.7051144201422681,1412690868.0,3.1,3.18,3.09,3.18,6293200.0,19784497.0,3.12,1.9230769230769162,10.0,3.43,False,False,True,80.92248062015506
189,002561.SZ,徐家汇,0.05188679245283032,35.4785478547855,1.6242908777946083,1.0977133006221824,1.0223374605263085,0.7587283327269291,414439567.0,6.27,6.39,6.23,6.36,3451727.0,21834444.0,6.28,1.273885350318471,10.0,6.91,False,False,True,80.87790697674417
190,002753.SZ,永东股份,0.054878048780487715,35.379061371841146,1.5322172337806235,1.7339307857671686,0.753137441942801,0.5643361396533132,295788903.0,5.72,5.85,5.71,5.83,2894353.0,16796842.0,5.72,1.9230769230769384,10.0,6.29,False,False,True,80.8546511627907
191,600038.SH,中直股份,0.0952948183442526,37.30484798685292,1.2787937014722965,0.9856162215743102,0.8689144753424337,1.0093847553425674,668935221.0,25.89,26.45,25.8,26.39,6655009.0,174314808.0,25.94,1.7347725520431734,10.0,28.53,False,False,True,80.84108527131784
192,002673.SZ,西部证券,0.1358381502890173,18.181818181818187,1.1855862969382165,0.7527059626712825,1.1679948490310392,0.7491643384820911,4469581705.0,6.61,6.71,6.6,6.69,25203992.0,167902668.0,6.63,0.9049773755656076,10.0,7.29,False,False,True,80.83139534883722
193,002224.SZ,三 力 士,0.04040404040404043,39.747634069400625,1.6588025416493513,1.5344464381423903,0.8102548573808418,1.0075403353650492,806380369.0000001,3.25,3.38,3.24,3.37,12466775.0,41386072.0,3.25,3.692307692307706,10.0,3.58,False,False,True,80.79844961240309
194,603689.SH,皖天然气,0.21999999999999992,23.167155425219942,1.179313929600498,0.8131469381106451,0.8879585928183936,1.2019496940737096,523447965.0,7.37,7.51,7.35,7.5,5115980.0,38137774.0,7.37,1.7639077340569909,10.0,8.11,False,False,True,80.76937984496125
195,600019.SH,宝钢股份,0.2466367713004487,19.691119691119695,1.3547930223009739,0.43707866980266846,0.9156739426165356,1.0580617047870704,21414095749.0,5.68,5.86,5.68,5.84,99030814.0,587250976.0,5.73,1.9197207678882888,10.0,6.3,False,False,True,80.71511627906976
196,000030.SZ,富奥股份,0.15178571428571444,31.49606299212597,1.5370821468168168,0.6830423282283153,0.8302469707469876,0.7997669448728001,1670808645.0,4.15,4.23,4.13,4.21,9127266.0,38258490.0,4.15,1.4457831325301207,10.0,4.57,False,False,True,80.68313953488372
197,600059.SH,古越龙山,0.1407407407407408,24.687933425797514,1.2958176979847236,0.9213958374529251,0.9894567815947606,0.6138174640283993,911542413.0,7.73,7.85,7.71,7.83,5155400.0,40150209.0,7.78,0.6426735218509005,10.0,8.56,False,False,True,80.66666666666666
198,601811.SH,新华文轩,0.27911275415896486,25.30345471521942,1.5031241419528842,0.2839774308473475,0.7147533134157582,0.809629601120957,791903900.0,12.23,12.31,12.1,12.17,1820718.0,22169531.0,12.22,-0.40916530278233276,10.0,13.44,False,False,True,80.6608527131783
199,603877.SH,太平鸟,0.13539967373572598,26.347826086956516,1.6530992583075783,0.405945441988887,1.0014918841575422,0.5651051628450507,469323560.0,12.28,12.53,12.28,12.38,1076637.0,13357805.0,12.33,0.40551500405514584,10.0,13.56,False,False,True,80.65503875968992
200,601818.SH,光大银行,0.2307692307692308,12.455516014234869,1.0928980431863462,0.47524144359808607,1.0654672784631016,0.8134350841309564,46406815561.0,3.07,3.1,3.06,3.09,179398569.0,565789597.0,3.08,0.32467532467532756,10.0,3.39,False,False,True,80.6531007751938
201,603656.SH,泰禾智能,0.07456978967495215,29.618033813400114,1.4642623394982335,1.4202834542541338,0.9600776570100074,0.5563931300592707,182945358.0,16.62,17.06,16.62,17.03,1445700.0,24508928.0,16.75,1.6716417910447756,10.0,18.43,False,False,True,80.60852713178295
202,600626.SH,申达股份,0.047101449275362285,39.6103896103896,1.746311274686159,1.07010722254762,0.911693948590534,0.708361688240743,1107978710.0,3.2,3.27,3.19,3.26,8398733.0,27196153.0,3.21,1.5576323987538832,10.0,3.53,False,False,True,80.59883720930233
203,600515.SH,海南机场,0.046153846153846136,37.5,1.412348396596204,1.1498653876943852,1.107196127937189,0.8209235150151246,9176012508.0,2.78,2.84,2.76,2.83,86617111.0,243484730.0,2.79,1.4336917562723928,10.0,3.07,False,False,True,80.58042635658916
204,600517.SH,国网英大,0.11803278688524597,38.71681415929204,1.38007832903536,0.476209038959164,0.8726172310393778,1.2283080122198287,5718435744.0,4.88,5.01,4.86,5.0,33448925.0,167117154.0,4.88,2.4590163934426146,10.0,5.37,False,False,True,80.57751937984497
205,601006.SH,大秦铁路,0.20560747663551415,22.779043280182233,1.2504414247544244,0.6121407282360701,0.9720646195526629,0.8629917084547958,19862892778.0,4.83,4.9,4.8,4.89,104930175.0,510948038.0,4.83,1.2422360248447228,10.0,5.31,False,False,True,80.56589147286823
206,301102.SZ,兆讯传媒,0.07954545454545457,34.08820023837902,2.164386038649981,0.5268788423645269,0.7509467365261578,0.853721663513279,406000000.0,8.86,9.05,8.75,9.05,1826220.0,16306535.0,8.88,1.9144144144144226,20.0,10.66,False,False,True,80.53875968992249
207,601880.SH,辽港股份,0.22807017543859637,24.060150375939827,1.3924409390867645,0.570325572766308,0.8883005534989318,0.6139685125173734,18413051214.0,1.46,1.48,1.45,1.47,64475498.0,94580130.0,1.46,0.6849315068493178,10.0,1.61,False,False,True,80.49806201550388
208,600704.SH,物产中大,0.2710843373493977,13.716814159292046,1.1874144602958765,0.8626856597324774,0.875903764955489,0.8810245881952323,5171179890.0,4.94,4.99,4.92,4.97,39303412.0,194782490.0,4.97,0.0,10.0,5.47,False,False,True,80.4922480620155
209,600548.SH,深高速,0.30000000000000004,18.087855297157617,1.2855019318953604,0.192625058342919,0.9046964900560925,0.9392265636709002,1714425983.0000002,8.59,8.63,8.46,8.55,3101715.0,26471812.0,8.58,-0.34965034965034336,10.0,9.44,False,False,True,80.46124031007751
210,300962.SZ,中金辐照,0.08188585607940448,38.57998289136013,1.5615307654289519,0.9833362106485121,0.8345957162461126,1.0817302020732649,264001897.0,12.21,12.49,12.15,12.47,2808200.0,34802731.0,12.35,0.9716599190283448,20.0,14.82,False,False,True,80.42248062015503
211,002441.SZ,众业达,0.028947368421052475,39.24581005586594,1.9728818365516758,1.6279476340658394,0.7442799589683211,0.9811849763481056,398964279.0,7.3,7.57,7.28,7.56,6371280.0,48597587.0,7.27,3.988995873452539,10.0,8.0,False,False,True,80.40697674418604
212,002697.SZ,红旗连锁,0.14156626506024086,26.172839506172863,1.27828051133412,1.362749486762475,0.8178536457189471,0.8422853903385528,1148092375.0,4.5,4.55,4.45,4.53,13173739.0,59297610.0,4.52,0.22123893805310324,10.0,4.97,False,False,True,80.29651162790698
213,603043.SH,广州酒家,0.1559934318555007,26.530612244897966,1.6183475516166754,0.579977029877209,0.9419198640579342,0.6989806595274807,562452370.0,13.0,13.27,12.99,13.23,2280141.0,29931259.0,13.2,0.22727272727274261,10.0,14.52,False,False,True,80.28682170542636
214,002516.SZ,旷达科技,0.03448275862068968,36.32734530938124,1.6037557177724515,1.348201529705585,1.1525240349812447,0.6969283620759814,1460498682.0,5.06,5.14,5.01,5.13,13703322.0,69618893.0,5.05,1.5841584158415856,10.0,5.56,False,False,True,80.27906976744185
215,002091.SZ,江苏国泰,0.17032967032967036,36.402266288951864,1.2988860391305153,0.8155420355184745,0.6226171722625958,0.7733416099807108,1602372071.0,7.45,7.62,7.42,7.59,10102612.0,76204679.0,7.5,1.200000000000001,10.0,8.25,False,False,True,80.27906976744185
216,002419.SZ,天虹股份,0.09952606635071092,36.739659367396584,1.6592147446424144,1.0324456843705432,0.6848178450138932,0.7605188293325458,1141239697.0,4.31,4.4,4.27,4.4,8960950.0,38939630.0,4.32,1.85185185185186,10.0,4.75,False,False,True,80.24806201550388
217,601866.SH,中远海发,0.24528301886792472,26.26728110599079,1.3238480698453519,0.734936065021658,0.8114656524133413,0.9398526987268386,9710427720.0,2.42,2.46,2.4,2.45,67138464.0,164052494.0,2.43,0.8230452674897082,10.0,2.67,False,False,True,80.21027131782947
218,002267.SZ,陕天然气,0.26480836236933797,24.143302180685367,1.048866805836447,0.6990428603519736,0.8777852652726076,1.1025842423169678,1112075445.0,7.18,7.31,7.16,7.29,8571362.0,62302740.0,7.18,1.532033426183843,10.0,7.9,False,False,True,80.20155038759691
219,688739.SH,成大生物,0.07466918714555759,32.152300370174494,1.74535275035339,0.5143555528874975,1.1399307963265217,0.5978019860285111,416450000.0,19.7,19.84,19.57,19.78,1280512.0,25206601.0,19.7,0.4060913705583813,20.0,23.64,False,False,True,80.2015503875969
220,000828.SZ,东莞控股,0.2638888888888889,14.754098360655732,0.9102089197342332,0.5606406287584709,1.023969668615498,0.9610747482487253,1039516992.0,9.87,9.97,9.85,9.94,5601100.0,55601180.0,9.91,0.3027245206861595,10.0,10.9,False,False,True,80.19767441860465
221,600822.SH,上海物贸,0.07166123778501621,35.9731543624161,1.6059495692238979,0.8691177412452684,1.0164935553032275,0.5980267016323813,396147908.0,7.81,8.04,7.81,8.0,2059001.0,16366864.0,7.89,1.3941698352344822,10.0,8.68,False,False,True,80.18604651162791
222,600210.SH,紫江企业,0.1534883720930229,21.291448516579404,1.111305142843702,1.1852460070382216,0.9765730073152847,1.077221395234389,1516736158.0,6.03,6.21,6.03,6.19,19365268.0,118804770.0,6.06,2.1452145214521545,10.0,6.67,False,False,True,80.14341085271319
223,002749.SZ,国光股份,0.07156308851224102,36.582109479305736,1.1272191739955322,0.6026335374219725,1.2740304622666738,1.0143684850667616,544316897.0,7.85,8.11,7.81,8.11,3327370.0,27263814.0,7.87,3.0495552731893083,10.0,8.66,False,False,True,80.1375968992248
224,000541.SZ,佛山照明,0.06545454545454535,25.053995680345587,1.5784695799317616,1.0063314017048446,1.3040191075421117,0.5886866840287491,1221592075.0,4.81,4.9,4.8,4.9,7236847.0,35211822.0,4.81,1.8711018711018879,10.0,5.29,False,False,True,80.12209302325581
225,600655.SH,豫园股份,0.16317991631799184,23.8805970149254,1.2724512841816094,0.4156230700482445,1.1361291906016047,0.7934506615395459,3889846273.0,4.39,4.45,4.36,4.43,12827795.0,56591856.0,4.41,0.45351473922901064,10.0,4.85,False,False,True,80.09689922480621
226,603515.SH,欧普照明,0.19341563786008215,30.527638190954786,1.253560778170731,0.2167423547013645,0.9667598721061906,0.5133950305931195,737750549.0,16.72,17.07,16.7,16.96,819624.0,13886457.0,16.86,0.5931198102016699,10.0,18.55,False,False,True,80.08527131782947
227,002583.SZ,海能达,0.03801169590643285,39.73684210526316,1.7558356829276036,1.6129717469502487,0.802671408274741,0.9712335378226449,1283137692.0,7.87,8.02,7.75,8.01,20100131.0,159139150.0,7.86,1.9083969465648831,10.0,8.65,False,False,True,80.0813953488372
228,600675.SH,中华企业,0.119047619047619,33.00000000000001,1.4806846401737102,0.518091654174383,1.0261303296776876,0.7578314709221322,6046135331.0,2.14,2.18,2.12,2.17,23738709.0,51378053.0,2.15,0.9302325581395321,10.0,2.37,False,False,True,80.04360465116278
229,000550.SZ,江铃汽车,0.19526627218934922,28.237650200267026,1.3462199195762126,0.7259858443944169,0.8995467934263717,0.7311696484016083,518463160.0,16.15,16.54,16.15,16.52,2752100.0,45104997.0,16.3,1.3496932515337345,10.0,17.93,False,False,True,80.02906976744185
230,600271.SH,航天信息,0.03926701570680637,39.370078740157474,1.9873934242241238,0.9316879176371003,0.968401389591382,0.808480176821984,1852884638.0,6.62,6.74,6.57,6.74,13956876.0,92926422.0,6.65,1.3533834586466176,10.0,7.32,False,False,True,80.02810077519379
231,600495.SH,晋西车轴,0.1320132013201321,31.437125748502993,1.3461829644230079,0.9844248692668863,0.916122843492585,1.0662693996990371,1208190886.0,3.7,3.84,3.7,3.84,12681922.0,48130075.0,3.74,2.6737967914438387,10.0,4.11,False,False,True,80.02131782945736
232,601136.SH,首创证券,0.08172231985940244,28.83156297420335,1.5329780247271008,0.49506251852590494,1.3546180502703964,0.6209772664265006,2733333800.0,14.1,14.35,14.07,14.32,8402885.0,120258809.0,14.11,1.4883061658398367,10.0,15.52,False,False,True,80.00387596899226
233,002818.SZ,富森美,0.15000000000000036,19.6078431372549,1.0885221602518174,1.2040032931808649,1.0065347505371816,0.8555445201647879,298357191.0,10.51,10.68,10.44,10.67,3073270.0,32361535.0,10.5,1.6190476190476089,10.0,11.55,False,False,True,79.9767441860465
234,300627.SZ,华测导航,0.014319809069212442,27.57966616084979,2.2492786231095887,1.7150578767548625,1.0416486939795941,0.7199347234610681,655681456.0,26.68,27.36,26.51,27.26,8097004.0,218402244.0,26.66,2.2505626406601698,20.0,31.99,False,False,True,79.96899224806202
235,000900.SZ,现代投资,0.29292929292929304,20.29411764705882,1.1740527018084628,0.7792150685111884,0.8577909869634945,0.9162821297745539,1517752584.0,3.68,3.73,3.68,3.72,10836449.0,40141959.0,3.69,0.8130081300813163,10.0,4.06,False,False,True,79.96511627906978
236,600469.SH,风神股份,0.0575079872204472,39.595959595959584,1.85742902575272,1.115423467634733,0.7828951257756337,0.7314231822163779,729450871.0,5.1,5.21,5.08,5.19,5951200.0,30716106.0,5.13,1.1695906432748648,10.0,5.64,False,False,True,79.96511627906976
237,600170.SH,上海建工,0.11242603550295856,29.107981220657276,1.40066912051495,1.400946140041702,0.8667699559763459,1.0283476638869076,8885939744.0,2.32,2.37,2.31,2.36,128016152.0,300116847.0,2.32,1.724137931034475,10.0,2.55,False,False,True,79.96220930232558
238,601021.SH,春秋航空,0.13875878220140503,14.382442213401836,1.3286629735642286,0.9034836889140956,1.170681233006226,0.709641833996149,978333423.0,44.37,45.52,44.27,45.3,6272583.0,287816341.0,44.66,1.4330497089117822,10.0,49.13,False,False,True,79.94961240310077
239,600795.SH,国电电力,0.3885350318471339,17.078651685393243,1.1297705881079634,0.756509396335845,0.7198134803739898,1.832315835198025,17835619082.0,4.94,5.05,4.92,5.04,247230957.0,1238547124.0,4.9,2.857142857142847,10.0,5.39,False,False,True,79.93992248062014
240,002736.SZ,国信证券,0.1215106732348112,13.968253968253963,1.6759769286587614,0.43632845251747754,1.2714979722976683,0.6362289573066089,9612429377.0,10.15,10.32,10.15,10.31,26684565.0,273671441.0,10.19,1.1776251226693013,10.0,11.21,False,False,True,79.92248062015504
241,601952.SH,苏垦农发,0.17307692307692327,37.142857142857146,1.3276648241219313,0.7286625761973831,0.6867583790361409,1.1189273211972353,1378000000.0,8.01,8.14,7.94,8.1,11235116.0,90668264.0,7.98,1.5037593984962294,10.0,8.78,False,False,True,79.9108527131783
242,002933.SZ,新兴装备,0.020948860135551438,37.39242685025819,2.162392414514256,1.5595184485001907,0.8820087589827966,0.6515869676022576,116894276.0,23.6,24.23,23.54,24.21,1187600.0,28415772.0,23.58,2.6717557251908497,10.0,25.94,False,False,True,79.87984496124031
243,600827.SH,百联股份,0.12627986348122872,18.646408839778992,1.4893755337750647,0.8063472713439339,1.1748215624806466,0.706721291649228,1604449920.0,7.6,7.65,7.53,7.63,9143163.0,69552113.0,7.61,0.26281208935610145,10.0,8.37,False,False,True,79.87015503875969
244,002069.SZ,獐子岛,0.04255319148936173,36.45833333333335,1.736120978631361,1.5540898733717086,0.9299036134935211,0.9884858776882282,710216194.0,2.98,3.06,2.94,3.05,10910312.0,32762597.0,2.98,2.348993288590595,10.0,3.28,False,False,True,79.77906976744187
245,603035.SH,常熟汽饰,0.05707762557077626,36.956521739130444,1.4844251814610456,1.1683183881252666,1.0549013499340023,0.6415660399360268,366347080.0,10.62,10.81,10.55,10.78,2745967.0,29358791.0,10.62,1.5065913370998052,10.0,11.68,False,False,True,79.7751937984496
246,603587.SH,地素时尚,0.23598820058997066,28.444881889763796,1.3726964459572377,0.38534866941666246,0.9080935336081878,0.6890270993353532,472702787.0,10.95,11.11,10.86,11.1,1255100.0,14267706.0,10.96,1.2773722627737127,10.0,12.06,False,False,True,79.67441860465117
247,603551.SH,奥普科技,0.12558139534883742,38.660399529964764,1.622940162959455,0.6018680719741374,0.7813674623652239,0.8963442241737049,379883650.0,9.0,9.11,8.93,9.1,2049400.0,18459816.0,9.05,0.5524861878452914,10.0,9.96,False,False,True,79.6375968992248
248,002978.SZ,安宁股份,0.08849077090119449,35.26767470371885,1.7619151630733139,0.9655450789940494,0.8795984727736151,0.9908046437354059,369279558.00000006,26.03,26.93,25.91,26.71,3532774.0,93798229.0,26.1,2.337164750957843,10.0,28.71,False,False,True,79.63565891472868
249,002939.SZ,长城证券,0.08278145695364253,28.756476683937816,1.5228969611969112,0.8111398811740774,1.269232825293908,0.7832831750524343,3602659631.0,8.17,8.32,8.17,8.29,22889578.0,188867119.0,8.22,0.8515815085157863,10.0,9.04,False,False,True,79.62790697674419
250,605337.SH,李子园,0.08091603053435131,34.86924034869241,1.8638257321266458,0.8493133527425488,0.9278079530304053,0.6160059122408428,390102653.0,8.58,8.71,8.48,8.71,2040947.0,17559600.0,8.56,1.7523364485981352,10.0,9.42,False,False,True,79.55232558139534
251,688468.SH,科美诊断,0.025069637883008325,39.24050632911391,2.0432923787717927,0.9534373285997729,1.1384411035246065,0.744191624044201,401108000.0,5.6,5.74,5.59,5.72,2846022.0,16102772.0,5.62,1.7793594306049654,20.0,6.74,False,False,True,79.52906976744185
252,601800.SH,中国交建,0.16876574307304784,28.390596745027107,1.1633452538249158,0.37230462921400503,1.1225098295933762,0.7145540272236538,11722873078.999998,6.18,6.23,6.15,6.22,31186567.0,193105218.0,6.2,0.3225806451612856,10.0,6.82,False,False,True,79.51744186046513
253,601579.SH,会稽山,0.036281179138322024,37.69063180827887,2.2046020860619597,1.2242129617861992,0.8529926625217784,0.6718085150243629,479463409.0,14.22,14.43,14.01,14.39,3943283.0,56161959.0,14.25,0.9824561403508847,10.0,15.68,False,False,True,79.51744186046511
254,600648.SH,外高桥,0.23513513513513534,34.078947368421055,1.1821872074555226,0.20782136230998602,0.8696581675183837,0.8798025468522706,1137770691.0,8.45,8.55,8.35,8.55,2080320.0,17564333.0,8.47,0.9445100354191327,10.0,9.32,False,False,True,79.46511627906978
255,601658.SH,邮储银行,0.2933333333333336,11.777301927194861,0.9023131070785595,0.21104003219896794,1.1024594677260762,0.7231629425050544,72527800605.0,5.1,5.13,5.08,5.11,110689268.0,565102578.0,5.11,0.0,10.0,5.62,False,False,True,79.43604651162791
256,300770.SZ,新媒股份,0.12076053442959908,26.015473887814334,1.6707824944267706,1.0009994531611137,0.979042581551357,0.5702539005049431,227838591.0,33.21,33.58,32.98,33.5,1300557.0,43324680.0,33.37,0.38957147138147796,20.0,40.04,False,False,True,79.42441860465117
257,601555.SH,东吴证券,0.21875000000000006,20.396600566572243,1.382178179401941,0.9218897517658035,0.9301301583256205,0.7449357315924523,4968702837.0,7.76,7.86,7.73,7.85,34122498.0,273349249.0,7.76,1.1597938144329856,10.0,8.54,False,False,True,79.39147286821706
258,000797.SZ,中国武夷,0.04710144927536244,38.38862559241707,1.6788578946840098,1.568972472003996,0.8907827540694258,0.8460606532975202,1570574028.9999998,2.23,2.31,2.22,2.3,20848411.0,47359305.0,2.24,2.678571428571419,10.0,2.46,False,False,True,79.28488372093022
259,002597.SZ,金禾实业,0.043977055449330865,33.56756756756758,2.2068928355135813,1.370961593226069,0.8362265251058927,0.5946783795506337,565976294.0,18.9,19.25,18.65,19.12,4615829.0,87809228.0,18.96,0.8438818565400741,10.0,20.86,False,False,True,79.28100775193798
260,603719.SH,良品铺子,0.00866551126516446,35.06024096385543,1.957630134204031,1.4724731047260686,1.328521412377284,0.9223146406324907,397983400.0,8.35,8.52,8.28,8.47,5423762.0,45533862.0,8.35,1.4371257485030098,10.0,9.19,False,False,True,79.27713178294574
261,603899.SH,晨光股份,0.23131046613896214,22.166246851385374,1.212182138239721,0.49868558137523156,1.0605669057173255,0.6971294452225609,915795377.0,22.3,22.68,22.19,22.56,3183748.0,71590490.0,22.48,0.3558718861209842,10.0,24.73,False,False,True,79.26162790697674
262,600017.SH,日照港,0.29411764705882365,20.242914979757074,1.0170782707499395,1.0180971426001981,0.8353517131827393,0.877570508181814,3075653888.0,2.7,2.75,2.69,2.74,27479492.0,74726142.0,2.72,0.7352941176470562,10.0,2.99,False,False,True,79.21705426356588
263,000778.SZ,新兴铸管,0.14285714285714296,31.161473087818692,1.2099828014939362,1.304598226666295,0.8653718752668934,1.072008277636272,3893451290.0,3.76,3.85,3.73,3.83,54451607.0,207564478.0,3.77,1.5915119363395291,10.0,4.15,False,False,True,79.12209302325581
264,002661.SZ,克明食品,0.08128078817733991,36.036036036036045,1.535956544222525,1.09196433623505,0.9919551164106624,0.7337582108127285,317708801.0,6.97,7.09,6.91,7.09,2545603.0,17839156.0,6.99,1.4306151645207432,10.0,7.69,False,False,True,79.0562015503876
265,600315.SH,上海家化,0.11466865227103505,35.696361355081564,1.5617336233016401,0.8420973405401513,0.93777847871174,0.9116737287757585,672225980.0,17.49,17.53,17.23,17.34,5160800.0,90644385.0,17.48,-0.8009153318077833,10.0,19.23,False,False,True,79.0077519379845
266,300908.SZ,仲景食品,0.07255936675461727,30.37634408602148,1.8507125535506987,1.0493541791496075,1.0544545696880332,0.8217919931640445,122992524.0,15.38,15.53,15.24,15.52,1061364.0,23679844.0,15.43,0.5832793259883395,20.0,18.52,False,False,True,78.99224806201549
267,603529.SH,爱玛科技,0.14812744550027943,34.03083700440528,1.538795137028759,0.7523221524890286,0.9025366385655403,0.6139128748533504,847560485.0,20.77,20.95,20.41,20.85,3914545.0,82607868.0,20.81,0.1922152811148603,10.0,22.89,False,False,True,78.96124031007753
268,600760.SH,中航沈飞,0.13531258920924927,33.31578947368421,1.5250155864894601,0.627674971650487,1.0033389260517476,1.0482743913031929,2829552651.0,42.74,43.6,42.3,43.34,18617766.0,802060878.0,42.74,1.4038371548900308,10.0,47.01,False,False,True,78.95348837209303
269,600282.SH,南钢股份,0.31764705882352956,20.54794520547947,1.3501758082040731,0.594219626030428,0.9079700473476012,1.6556675421218474,6165091011.0,4.61,4.85,4.59,4.79,60654024.0,295463119.0,4.61,3.90455531453362,10.0,5.07,False,False,True,78.87984496124031
270,600858.SH,银座股份,0.0487179487179486,36.915887850467286,1.7467032739440278,1.5233173170871015,0.9372931366054525,0.8644834511605061,517548029.0,4.43,4.58,4.4,4.58,6815500.0,30721599.0,4.47,2.460850111856838,10.0,4.92,False,False,True,78.87403100775194
271,600015.SH,华夏银行,0.3588235294117643,14.214876033057866,1.046181514541562,0.4537562872103355,0.9990478813689011,0.9705426721311795,15387223983.0,6.61,6.68,6.6,6.66,67763771.0,471731792.0,6.64,0.3012048192771122,10.0,7.3,False,False,True,78.81976744186048
272,601018.SH,宁波港,0.28070175438596473,22.549019607843146,1.0895082979090138,0.31044739860906395,1.0505798719092447,0.6152711410752153,19454388399.0,3.37,3.4,3.36,3.39,37159696.0,126774778.0,3.38,0.2958579881656931,10.0,3.72,False,False,True,78.81589147286823
273,603195.SH,公牛集团,0.19369369369369355,18.36846427593759,1.1981341705803865,0.27765870945793997,1.3059559677366686,0.5260630039046327,1800163354.9999998,38.69,38.9,38.45,38.8,2629808.0,101849429.0,38.68,0.31023784901758056,10.0,42.55,False,False,True,78.77906976744187
274,002352.SZ,顺丰控股,0.21982281284606867,23.997303673744508,1.1537297837391987,0.5105340433320229,1.1210345115798084,0.6459596299906698,4799115259.0,33.45,33.48,33.19,33.38,15811656.0,535207694.0,33.64,-0.7728894173602785,10.0,37.0,False,False,True,78.74612403100777
275,601326.SH,秦港股份,0.37864077669902907,15.050167224080258,1.1197567039313987,0.4964042789590164,0.9547473712509247,1.0525817391597048,4757559000.0,3.38,3.43,3.36,3.41,24858535.0,84527072.0,3.38,0.887573964497057,10.0,3.72,False,False,True,78.7170542635659
276,600373.SH,中文传媒,0.13549618320610687,27.981651376146765,1.0412624072809442,0.8769068870366606,1.1917165027340704,1.083596766417538,1347358719.0,7.23,7.27,7.11,7.16,12802784.0,91867228.0,7.25,-1.2413793103448256,10.0,7.98,False,False,True,78.71511627906976
277,603987.SH,康德莱,0.13719512195121955,28.57142857142858,1.683911664691842,1.0136719773086784,0.9156881165594689,0.8336068527004902,436790880.00000006,7.12,7.24,7.09,7.23,3690900.0,26457869.0,7.17,0.8368200836820217,10.0,7.89,False,False,True,78.71317829457365
278,600050.SH,中国联通,0.25683060109289635,28.498727735368945,0.9070369155787074,0.5449245822206249,1.0028224689014216,0.674785364808991,30990409152.0,4.38,4.43,4.38,4.42,113953945.0,501780933.0,4.4,0.4545454545454408,10.0,4.84,False,False,True,78.69379844961242
279,600061.SH,国投资本,0.13725490196078413,11.99999999999999,1.4876707595731007,0.805282267101465,1.3587944828953735,0.8775130548378934,6393997000.0,6.35,6.49,6.33,6.48,45182905.0,290366132.0,6.35,2.0472440944881987,10.0,6.99,False,False,True,78.60852713178295
280,601169.SH,北京银行,0.2764705882352941,13.232104121475041,0.9756696141948389,0.6496407656221849,1.130738682846123,0.8077292206305631,21142984272.0,5.06,5.1,5.03,5.09,110944391.0,562690431.0,5.08,0.19685039370078705,10.0,5.59,False,False,True,78.54844961240312
281,600697.SH,欧亚集团,0.005242463958060409,37.176724137931046,1.8750946631613299,2.453930164189107,0.9752702135822995,1.17704279109611,155376015.0,9.29,9.65,9.25,9.61,4487851.0,42323370.0,9.32,3.11158798283262,10.0,10.25,False,False,True,78.52906976744185
282,002095.SZ,生 意 宝,0.06858202038924917,34.751203852327436,1.8669137344784634,1.2223371832840744,0.9404665643788752,0.7449982010907669,251708415.0,13.05,13.34,12.92,13.26,2292155.0,30089265.0,13.2,0.454545454545463,10.0,14.52,False,False,True,78.51550387596899
283,002321.SZ,华英农业,0.09777777777777777,34.16149068322982,1.4325553237916107,1.3618494600183866,0.9353523520913644,0.8815806528148428,2125250009.0,1.82,1.88,1.81,1.88,25513100.0,47047735.0,1.83,2.7322404371584508,10.0,2.01,False,False,True,78.47868217054264
284,002186.SZ,全 聚 德,0.08356545961002805,38.47102342786683,1.572401666630816,1.1923431276372614,0.9074415048714984,0.577973270014238,306801588.0,8.66,8.86,8.63,8.85,2114300.0,18450576.0,8.71,1.6073478760045834,10.0,9.58,False,False,True,78.44186046511629
285,603566.SH,普莱柯,0.11439114391143897,27.71966527196652,1.944146126514335,0.9420026551117239,0.9291082895130606,0.6591581291762199,346062273.0,10.1,10.3,10.08,10.26,2148800.0,21875263.0,10.18,0.7858546168958647,10.0,11.2,False,False,True,78.42635658914729
286,600467.SH,好当家,0.12318840579710141,28.125,1.4998560837408703,1.7173089882217594,0.7670491499561748,0.8335503373055805,1460994304.0000002,2.08,2.15,2.08,2.14,20913600.0,44292283.0,2.09,2.392344497607679,10.0,2.3,False,False,True,78.40891472868218
287,601518.SH,吉林高速,0.3461538461538464,17.557251908396942,0.9866451505534835,0.8745295700276555,0.9184742894696347,0.8951590946267616,1890553169.0,2.74,2.78,2.73,2.77,14800065.0,40830268.0,2.74,1.0948905109488871,10.0,3.01,False,False,True,78.32751937984496
288,603508.SH,思维列控,0.12746478873239453,30.70904645476773,1.1292766881274885,1.042721210714871,1.1086048427912345,0.8385221980482686,381274377.0,22.15,22.61,22.15,22.55,3333653.0,74857436.0,22.26,1.302785265049411,10.0,24.49,False,False,True,78.31201550387597
289,605368.SH,蓝天燃气,0.1831683168316832,31.534569983136596,1.3228076527919774,0.6938808274140511,1.0120064087133358,1.1586873519981442,714635915.0,6.66,6.8,6.63,6.8,5745608.0,38824531.0,6.67,1.9490254872563728,10.0,7.34,False,False,True,78.29457364341087
290,600372.SH,中航机载,0.1303680981595092,32.46628131021194,1.7338030525995272,0.7908678346782496,0.9545693243314939,0.7678989336537505,4838896630.0,11.21,11.33,11.17,11.32,29386937.0,330945224.0,11.23,0.8014247551202169,10.0,12.35,False,False,True,78.29263565891473
291,000501.SZ,武商集团,0.07131537242472255,30.46874999999998,1.673851866106385,1.1285302052977664,1.1968197667926068,0.714173183224573,768293891.0,6.84,6.94,6.81,6.92,6192099.0,42639363.0,6.85,1.0218978102189746,10.0,7.54,False,False,True,78.23449612403101
292,600925.SH,苏能股份,0.3382352941176472,25.063938618925818,1.3504304576446087,0.636204324020364,0.8643917485541621,0.836935581677515,1606048586.0,4.35,4.43,4.35,4.41,8551599.0,37651352.0,4.37,0.9153318077803174,10.0,4.81,False,False,True,78.20155038759691
293,601528.SH,瑞丰银行,0.2661290322580645,17.169373549883993,1.0061028411047748,0.91300985093695,1.0547916236076906,1.118968769555952,1855770886.0,4.63,4.73,4.62,4.7,18959103.0,90489309.0,4.64,1.2931034482758674,10.0,5.1,False,False,True,78.1046511627907
294,600016.SH,民生银行,0.2289156626506026,17.704918032786885,1.1448187879159355,0.7655687454734076,1.1711712420903608,1.0831629686567477,35462123213.0,3.41,3.44,3.4,3.42,294064591.0,1036492395.0,3.43,-0.291545189504383,10.0,3.77,False,False,True,78.09108527131784
295,601827.SH,三峰环境,0.3951219512195122,18.24611032531824,1.2788673598109663,0.41581885174485805,0.9419705778741277,1.1149398115824645,1671933299.9999998,7.87,8.03,7.84,8.0,7751300.0,61611338.0,7.88,1.522842639593902,10.0,8.67,False,False,True,78.0891472868217
296,300172.SZ,中电环保,0.06513409961685822,36.842105263157876,1.2715517329424708,2.3338542070732293,0.6863805280236456,1.3019138135826518,523512387.0,4.13,4.35,4.13,4.33,15904246.0,67689821.0,4.16,4.086538461538458,20.0,4.99,False,False,True,78.06395348837209
297,600361.SH,创新新材,0.12499999999999997,37.61194029850748,1.4151242737136926,1.3271324495301349,0.7529290664103958,1.0573227572190522,3732662913.0,3.55,3.66,3.53,3.64,52377000.0,189336431.0,3.56,2.2471910112359605,10.0,3.92,False,False,True,78.05232558139535
298,600098.SH,广州发展,0.20258620689655196,35.384615384615394,1.5086942592205428,0.7542645436521399,0.8198637541189102,1.268558301282132,3505864981.0000005,6.28,6.43,6.27,6.41,33545117.0,213658294.0,6.32,1.4240506329114,10.0,6.95,False,False,True,78.01356589147288
299,601098.SH,中南传媒,0.28228228228228264,21.420882669537143,0.8999199284158204,0.5565427923162535,1.118654378173125,1.0280131269559065,1796000000.0,10.23,10.27,10.11,10.17,10275514.0,104531688.0,10.23,-0.5865102639296182,10.0,11.25,False,False,True,77.98837209302324
300,600609.SH,金杯汽车,0.042553191489361736,38.61386138613862,1.5920282113624988,1.407744638014166,1.1518076170496612,1.0851897827454178,1304558558.0,3.11,3.22,3.1,3.22,19929351.0,63132834.0,3.13,2.8753993610223683,10.0,3.44,False,False,True,77.9593023255814
301,600273.SH,嘉化能源,0.059674502712477415,38.07266982622433,1.5576723573233293,1.5243486386728524,0.9749743543294084,0.8445082414458778,1311309122.0,6.61,6.9,6.61,6.9,16880810.0,114582617.0,6.66,3.603603603603611,10.0,7.33,False,False,True,77.92635658914728
302,002533.SZ,金杯电工,0.10361067503924648,39.04382470119523,1.61596298034423,1.3828143458582294,0.6165585113190253,2.2432618010939014,646143983.0,10.31,11.07,10.31,11.0,19993779.0,215988856.0,10.36,6.1776061776061875,10.0,11.4,False,False,True,77.92054263565892
303,600933.SH,爱柯迪,0.024747937671860638,37.35498839907194,2.2340519030809047,1.374451843936024,1.0397865683088217,1.0547527910653869,981013046.0,13.11,13.22,12.98,13.2,14221814.0,186333658.0,13.2,0.0,10.0,14.52,False,False,True,77.91666666666667
304,000897.SZ,津滨发展,0.06862745098039201,36.02484472049687,1.3991094869654108,1.8192521038625276,0.9176407263969786,0.9001839042255894,1617241634.0,1.67,1.73,1.66,1.72,26484941.0,45014881.0,1.68,2.3809523809523725,10.0,1.85,False,False,True,77.87596899224806
305,002884.SZ,凌霄泵业,0.31750741839762575,21.97580645161288,1.1562783354264499,0.945902570563582,0.8998454653768316,0.7900180393073419,272657626.0,15.91,16.19,15.86,16.15,2037900.0,32759657.0,15.95,1.2539184952978122,10.0,17.55,False,False,True,77.86046511627907
306,601900.SH,南方传媒,0.21854304635761598,24.051896207584832,1.58442487505889,0.825795585309263,0.9793422124810068,0.5829608049274461,881970094.0,11.33,11.46,11.26,11.42,4245861.0,48274337.0,11.34,0.7054673721340388,10.0,12.47,False,False,True,77.8391472868217
307,600115.SH,中国东航,0.043046357615893996,35.838150289017356,2.033519457281362,1.3155892955297102,1.0373520928149729,0.6840739662630213,17024964893.0,3.57,3.67,3.55,3.66,153217940.0,555734379.0,3.59,1.9498607242339983,10.0,3.95,False,False,True,77.8236434108527
308,601059.SH,信达证券,0.28147100424328175,20.316804407713484,1.5241543695562438,0.331957041319761,1.04440017819683,0.6860095993849016,3243000000.0,16.49,16.79,16.46,16.77,7385145.0,123372781.0,16.51,1.5748031496062964,10.0,18.16,False,False,True,77.74418604651163
309,002304.SZ,洋河股份,0.10493827160493813,31.032623348611477,1.5979088976401679,0.5595508909787515,1.3272889081835413,0.770141635197573,1506409974.0,40.33,40.69,39.8,40.25,6491624.0,260494555.0,40.83,-1.4205241244183209,10.0,44.91,False,False,True,77.73643410852713
310,600269.SH,赣粤高速,0.13580246913580257,16.266666666666673,1.5627009379155554,0.9271839649446176,1.2940520601277241,0.8619360067212353,2335407014.0,3.96,4.03,3.94,4.0,18663948.0,74424082.0,3.97,0.7556675062972307,10.0,4.37,False,False,True,77.73643410852712
311,600757.SH,长江传媒,0.20000000000000018,15.055248618784534,1.3323314394810448,0.8383498918002725,1.2323873787930824,0.7537721356560008,1213497103.0,7.64,7.77,7.61,7.71,7668389.0,59023964.0,7.65,0.7843137254901933,10.0,8.42,False,False,True,77.6531007751938
312,002191.SZ,劲嘉股份,0.10204081632653057,23.410404624277437,1.524703457669257,1.3434585392657934,1.1750105257362473,0.42861460091514997,1402715536.0000002,3.6,3.67,3.59,3.66,8077200.0,29366089.0,3.61,1.3850415512465464,10.0,3.97,False,False,True,77.62596899224806
313,002327.SZ,富安娜,0.25949367088607544,26.779661016949152,1.3538003024684748,1.013982104962089,0.8864756329236201,0.9410464049946133,490983369.0,6.25,6.34,6.21,6.33,4684984.0,29502418.0,6.31,0.31695721077655836,10.0,6.94,False,False,True,77.60852713178295
314,000529.SZ,广弘控股,0.1152073732718894,32.1513002364066,1.7529893962612224,0.9720056161497421,1.0001687589325639,0.5811749252476592,569884377.0,4.5,4.58,4.45,4.56,3219307.0,14528228.0,4.48,1.7857142857142572,10.0,4.93,False,False,True,77.60077519379846
315,600731.SH,湖南海利,0.06451612903225788,39.56262425447314,1.932814255664487,1.368459538944258,0.7799549369682579,1.921582747875908,541682665.0,5.27,5.53,5.2,5.52,14244132.0,77113771.0,5.27,4.743833017077792,10.0,5.8,False,False,True,77.5968992248062
316,600690.SH,海尔智家,0.294591484464902,15.909090909090917,1.1592582225344565,0.7983399397671422,1.081744949239787,0.608642175324505,6253028411.0,20.91,21.0,20.75,20.98,30383675.0,662269327.0,21.04,-0.2851711026615855,10.0,23.14,False,False,True,77.59496124031008
317,601236.SH,红塔证券,0.19186046511627913,18.641390205371234,1.3667350487366599,0.4356999978760534,1.384197193183,0.556918392836572,4693233706.0,6.99,7.05,6.95,7.04,11399733.0,80588018.0,6.99,0.7153075822603716,10.0,7.69,False,False,True,77.5406976744186
318,000931.SZ,中 关 村,0.09574468085106369,27.621483375959087,1.8503734333227555,1.3407501064818275,0.996324989949608,0.5343501470056011,751029532.0,4.08,4.17,4.06,4.16,5380601.0,22195885.0,4.09,1.7114914425427896,10.0,4.5,False,False,True,77.50968992248062
319,601166.SH,兴业银行,0.30960854092526674,13.564476885644773,1.1104543307239585,0.5011350643974409,1.1781394462095789,0.8295249152041008,21162859513.0,18.11,18.3,18.05,18.26,87974858.0,1599682364.0,18.18,0.44004400440045277,10.0,20.0,False,False,True,77.49806201550388
320,601216.SH,君正集团,0.23720930232558168,30.29556650246308,1.630810949383843,0.8386386099875007,0.8378452889039756,1.1691890570779255,8438017389.999999,4.57,4.76,4.56,4.74,82737046.0,387595039.0,4.57,3.7199124726476906,10.0,5.03,False,False,True,77.4437984496124
321,600064.SH,南京高科,0.31304347826086976,19.054652880354528,0.9251608303068531,0.9426506325829688,1.0030789390388322,0.5960991763035648,1730339644.0,7.44,7.52,7.41,7.5,9723008.0,72718960.0,7.49,0.1335113484646211,10.0,8.24,False,False,True,77.4186046511628
322,600305.SH,恒顺醋业,0.19658119658119658,20.192307692307686,1.2264691322251484,0.8283142327962064,1.2458388033258645,0.7150659657641972,1102959908.0,6.67,6.77,6.61,6.75,6532824.0,43791780.0,6.7,0.746268656716409,10.0,7.37,False,False,True,77.38178294573643
323,601928.SH,凤凰传媒,0.35144927536231846,15.936739659367372,0.9695524473875994,0.35945178199535793,1.1441307955644535,0.8080224945134773,2544900000.0,9.15,9.31,9.14,9.16,7391538.0,71109844.0,9.19,-0.32644178454841466,10.0,10.11,False,False,True,77.36627906976744
324,002344.SZ,海宁皮城,0.12755102040816327,36.82634730538923,1.7374304851024944,0.846205444314856,0.9076721903242742,0.7476232574482493,1281450092.0,3.59,3.68,3.56,3.68,8106811.0,29403796.0,3.59,2.506963788300842,10.0,3.95,False,False,True,77.33914728682171
325,002391.SZ,长青股份,0.08962264150943372,35.98326359832635,1.4225890159586652,1.626617903552375,0.9065190291831033,0.9759237584810176,464098311.00000006,5.01,5.14,4.91,5.14,7342190.0,37101104.0,4.97,3.420523138832987,10.0,5.47,False,False,True,77.31976744186046
326,600028.SH,中国石化,0.21428571428571427,21.444695259593693,1.67146222327112,0.31499356024079506,1.1443777847386363,0.7985752914879951,94752475375.0,5.18,5.23,5.16,5.19,238346132.0,1237160699.0,5.18,0.19305019305020377,10.0,5.7,False,False,True,77.29263565891473
327,002239.SZ,奥特佳,0.06923076923076944,27.77777777777779,1.754187907517546,1.9522097593964665,0.9493836984677311,0.9569379438787003,3266152096.0,2.43,2.49,2.42,2.48,57914528.0,142579056.0,2.43,2.0576131687242816,10.0,2.67,False,False,True,77.24515503875969
328,001308.SZ,康冠科技,0.015931372549019922,37.887067395264125,2.052808832082982,0.969308242740815,1.9299649939597459,0.4005891253363507,527325325.0,16.61,16.7,16.51,16.69,2014963.0,34136584.0,16.6,0.5421686746987842,10.0,18.26,False,False,True,77.18604651162791
329,000709.SZ,河钢股份,0.2375,30.48128342245988,1.4578663559169696,0.8871892239901655,0.9077735308873683,1.1619807100216897,10335412398.0,2.07,2.12,2.06,2.11,106547432.0,223346923.0,2.06,2.4271844660194164,10.0,2.27,False,False,True,77.17441860465115
330,601860.SH,紫金银行,0.2333333333333335,12.500000000000021,1.1154392147610142,1.2392287954680186,1.0871668533670917,1.111793438582624,3551687961.0,2.54,2.59,2.53,2.58,48932910.0,125572233.0,2.54,1.5748031496062964,10.0,2.79,False,False,True,77.17248062015504
331,601288.SH,农业银行,0.28185328185328157,19.68911917098446,1.4098347504536757,0.12961473379356653,1.1658357245742146,0.6654367142758627,319244210777.0,6.52,6.6,6.48,6.59,275349417.0,1804205732.0,6.52,1.0736196319018454,10.0,7.17,False,False,True,77.15116279069767
332,600848.SH,上海临港,0.1684053651266766,32.48945147679325,1.865308189856281,0.423709741346896,0.9499999297561743,0.603109686998912,2393912273.0,8.25,8.27,8.11,8.18,6117486.0,50045348.0,8.24,-0.728155339805836,10.0,9.06,False,False,True,77.10077519379844
333,000507.SZ,珠海港,0.21969696969696967,19.56043956043958,1.3440383295780434,1.468998238613446,0.9152990285335891,0.6440851146884389,902354455.0,4.84,4.9,4.82,4.9,8537716.0,41556102.0,4.84,1.2396694214876103,10.0,5.32,False,False,True,77.09883720930233
334,600997.SH,开滦股份,0.2344827586206896,30.151843817787416,1.9347745050070309,0.698992063956299,0.7111979476970721,0.925933511971261,1587799851.0,5.24,5.45,5.23,5.42,10276561.0,55324009.0,5.29,2.457466918714557,10.0,5.82,False,False,True,77.07751937984496
335,002332.SZ,仙琚制药,0.12244897959183672,12.132822477650063,1.2858201270906222,1.4052172312413658,1.366157326988843,0.7601643619344362,985714191.0,8.23,8.33,8.19,8.29,10528282.0,87936772.0,8.25,0.48484848484846577,10.0,9.08,False,False,True,77.04651162790698
336,600009.SH,上海机场,0.16899097621000814,23.757409940720486,1.4384632986467678,0.710831723788229,1.2852670726215991,0.7179675753511768,2046279515.0,23.91,24.1,23.69,23.91,10443272.0,252459869.0,23.99,-0.33347228011670893,10.0,26.39,False,False,True,77.04263565891472
337,002228.SZ,合兴包装,0.01657458563535913,38.65248226950355,1.9816348735064853,1.978078031012997,1.0602288748484316,0.8292968010735843,1209321709.0,2.88,2.97,2.85,2.96,19837880.0,58065298.0,2.88,2.77777777777779,10.0,3.17,False,False,True,77.00581395348836
338,600928.SH,西安银行,0.29133858267716517,18.354430379746844,1.415808136566401,0.61936074845517,1.0994089645038605,0.7380905621883417,4423354066.0,3.52,3.58,3.52,3.57,20221112.0,71802383.0,3.53,1.1331444759206777,10.0,3.88,False,False,True,76.9515503875969
339,000563.SZ,陕国投Ａ,0.2456140350877191,21.97802197802199,1.3819474063899033,0.9699793150424001,1.0304645191097128,0.6960250695952365,5113970358.0,3.0,3.04,2.99,3.03,34525944.0,104193770.0,3.01,0.6644518272425293,10.0,3.31,False,False,True,76.93992248062014
340,000915.SZ,华特达因,0.1322314049586778,14.834935227747593,1.4827042650600113,1.4079785213368343,1.188943906143745,0.5727853604248389,234122860.0,25.13,25.55,24.97,25.48,1888212.0,47675176.0,25.21,1.071003570011908,10.0,27.73,False,False,True,76.93217054263566
341,000157.SZ,中联重科,0.20433436532507743,23.273273273273286,1.7669326348020615,1.0191477110254972,0.9196024441850071,0.7961079808209328,7070417363.0,7.3,7.52,7.24,7.49,57364902.0,425403108.0,7.32,2.3224043715847076,10.0,8.05,False,False,True,76.9186046511628
342,002041.SZ,登海种业,0.13195876288659805,35.87096774193548,1.2626615347187928,1.4896807840909043,0.8786281522730428,1.2718291408816085,880000000.0,8.38,8.64,8.32,8.6,16672651.0,142012281.0,8.39,2.502979737783062,10.0,9.23,False,False,True,76.91472868217055
343,600406.SH,国电南瑞,0.29660238751147844,31.2793979303857,1.3523372696891258,0.8745110707268635,0.8385562404888461,1.7708064958990954,8008176162.0,23.75,24.5,23.43,24.37,124013806.0,2990209217.0,23.75,2.6105263157894854,10.0,26.13,False,False,True,76.89728682170542
344,600023.SH,浙能电力,0.276243093922652,37.17948717948718,1.6118218334880599,0.3925517816284685,0.707771094152459,0.8323030715847786,13408732749.0,5.07,5.19,5.05,5.17,43809287.0,237645547.0,5.11,1.1741682974559575,10.0,5.62,False,False,True,76.8798449612403
345,001914.SZ,招商积余,0.16370808678501006,33.62944162436548,1.5539990792739382,0.8204576512396801,1.0111675397339424,0.8308406787782587,1053719483.0,8.71,8.79,8.61,8.73,7182882.0,64463000.0,8.71,0.22962112514350874,10.0,9.58,False,False,True,76.86627906976744
346,603368.SH,柳药集团,0.1721739130434783,14.225941422594147,1.6268809502573505,1.0737906775097046,1.1451525277108017,0.6123848051395256,397211355.0,15.21,15.39,15.15,15.38,2611955.0,39967875.0,15.33,0.3261578604044413,10.0,16.86,False,False,True,76.82558139534883
347,603885.SH,吉祥航空,0.12220309810671243,21.356275303643724,1.8283793365198335,1.0676125879879075,1.1501924399008467,0.5881237348826949,2169005268.0,10.52,10.8,10.46,10.67,13654871.0,145344927.0,10.59,0.7554296506137925,10.0,11.65,False,False,True,76.80620155038758
348,600008.SH,首创环保,0.3389830508474573,19.77611940298507,1.0089831997010028,1.0720871754446086,0.9471094591228183,0.9859932042023237,7340590677.0,2.88,2.94,2.87,2.93,77595231.0,226015121.0,2.88,1.736111111111116,10.0,3.17,False,False,True,76.76162790697674
349,002807.SZ,江阴银行,0.25490196078431393,13.698630136986312,1.0970542296478452,1.303906748884436,1.049880675170354,1.0193528783113286,2703506366.0000005,3.89,3.97,3.88,3.96,35933442.0,141245794.0,3.91,1.2787723785166127,10.0,4.3,False,False,True,76.73255813953489
350,600585.SH,海螺水泥,0.16956077630234936,29.462631253860394,1.4431803868722644,0.8865792046896412,1.1197999485201309,0.9014652983970018,3977460044.0,17.7,18.16,17.61,18.15,31895748.0,572920605.0,17.85,1.680672268907557,10.0,19.64,False,False,True,76.7267441860465
351,600582.SH,天地科技,0.317948717948718,30.094786729857837,1.564926315312853,0.5990762382300381,0.866265275434527,0.6413875643953388,4138588892.0,4.83,4.92,4.81,4.89,15902116.0,77478437.0,4.84,1.0330578512396604,10.0,5.32,False,False,True,76.71899224806201
352,601990.SH,南京证券,0.18939393939393936,17.759999999999998,1.2544878563701125,0.6923931276152036,1.5209506639035013,0.5587972674012635,4231724800.0,6.76,6.8,6.72,6.8,16201840.0,110936674.0,6.75,0.7407407407407307,10.0,7.43,False,False,True,76.69767441860465
353,600618.SH,氯碱化工,0.06872037914691945,38.2636655948553,2.0971135916333448,1.325116127177508,0.7921933016147746,0.839733463038867,749839976.0,9.87,10.23,9.83,10.2,8343802.0,86051421.0,9.91,2.9263370332996974,10.0,10.9,False,False,True,76.69767441860465
354,300859.SZ,西域旅游,0.010498687664041979,34.1088491898629,2.4510776096087006,2.226922258064511,0.8870245152238004,0.7249273154226019,155000000.0,24.16,25.17,24.02,25.13,2502253.0,61434191.0,24.43,2.865329512893977,20.0,29.32,False,False,True,76.6937984496124
355,600195.SH,中牧股份,0.2184615384615384,33.62521891418564,1.7846769568215286,0.8298201575547849,0.7743251150689664,0.822515884778045,1021148260.0,6.34,6.5,6.34,6.47,6969748.0,44811505.0,6.42,0.7788161993769416,10.0,7.06,False,False,True,76.68604651162791
356,002187.SZ,广百股份,0.04868913857677899,37.74834437086092,1.6197329800923321,1.7556552826393186,1.0558178982818165,0.8196309886517824,700894633.0,4.79,4.91,4.72,4.89,10085800.0,48657425.0,4.79,2.0876826722338038,10.0,5.27,False,False,True,76.68604651162791
357,000869.SZ,张  裕Ａ,0.23087431693989058,26.04712041884818,1.5015907228140115,0.29640025874121056,1.1825858539085854,0.8050046058032713,454935920.0,16.94,16.97,16.7,16.86,1085518.0,18276770.0,16.97,-0.6482027106658794,10.0,18.67,False,False,True,76.54263565891472
358,601766.SH,中国中车,0.2901023890784984,21.11553784860558,1.2421059459181487,0.8409371754334242,1.0923344387474383,0.7255258204306504,24327798048.0,5.83,5.9,5.8,5.88,148429159.0,887879644.0,5.87,0.17035775127767216,10.0,6.46,False,False,True,76.5329457364341
359,603170.SH,宝立食品,0.17584369449378331,28.92018779342722,1.8655301571980842,0.7180006374840585,0.9911907613197128,0.6078881627838081,400010000.0,11.61,11.64,11.47,11.59,1745900.0,20413076.0,11.64,-0.4295532646048206,10.0,12.8,False,False,True,76.5329457364341
360,002936.SZ,郑州银行,0.22222222222222232,12.804878048780498,1.0509772640517352,1.2785153014753845,1.1642417355938923,0.7560115356178713,7029435959.0,1.76,1.78,1.75,1.77,67944449.0,120137115.0,1.76,0.5681818181818121,10.0,1.94,False,False,True,76.52906976744185
361,600717.SH,天津港,0.23255813953488363,22.27979274611398,1.2869362630846273,0.8946623276919455,1.1528669897337478,0.7665520962186368,2894001038.0,4.25,4.3,4.22,4.27,19847212.0,84679438.0,4.26,0.23474178403755097,10.0,4.69,False,False,True,76.52325581395348
362,301585.SZ,蓝宇股份,0.014878621769773006,32.49691484985604,1.894059368516532,2.197744699331904,1.306825369318467,0.49548770165721495,68111886.0,24.33,24.94,24.33,24.93,741700.0,18308198.0,24.5,1.7551020408163254,20.0,29.4,False,False,True,76.5077519379845
363,600027.SH,华电国际,0.2884615384615385,35.944700460829516,1.239411111385258,0.9294343780793228,0.755115064748913,1.0467923160551669,9215677327.0,4.77,4.88,4.75,4.86,89661607.0,432868650.0,4.79,1.4613778705636848,10.0,5.27,False,False,True,76.49806201550388
364,001227.SZ,兰州银行,0.24489795918367324,12.060301507537696,0.9194771071651047,1.409130250974501,1.065699729656467,1.0458883882093934,4216829430.000001,2.11,2.14,2.1,2.13,62148178.0,132026603.0,2.11,0.9478672985782088,10.0,2.32,False,False,True,76.49612403100775
365,000011.SZ,深物业A,0.11970534069981591,39.64401294498383,1.8468375970243074,0.875978240835391,0.8493050220069612,2.7765379901067937,526475543.00000006,6.83,7.51,6.81,7.51,12804869.0,95190065.0,6.83,9.956076134699842,10.0,7.51,True,False,True,76.47286821705427
366,600787.SH,中储股份,0.21145374449339222,29.629629629629626,1.2920275836117079,1.0512513383944588,1.0216849689334955,0.6201770831830855,2170079582.0,4.51,4.6,4.5,4.59,14148094.0,64451923.0,4.53,1.3245033112582627,10.0,4.98,False,False,True,76.4544573643411
367,002688.SZ,金河生物,0.08682634730538924,30.786026200873362,2.0311903664189925,1.323157765752484,0.9554182247665146,0.7079429604198435,747041116.9999999,4.85,4.94,4.84,4.93,6998162.0,34259412.0,4.87,1.2320328542094305,10.0,5.36,False,False,True,76.43798449612402
368,002500.SZ,山西证券,0.2628865979381443,18.049792531120335,1.156016971757619,0.8703355977098289,1.2045395997083095,0.647835878647692,3589771547.0,5.32,5.4,5.31,5.38,20240375.0,108561552.0,5.33,0.9380863039399667,10.0,5.86,False,False,True,76.41666666666667
369,600004.SH,白云机场,0.23076923076923075,25.43352601156068,1.2332984730778929,0.5708428226140461,1.27607767839998,0.815681203092044,2366718283.0,7.64,7.7,7.59,7.67,11020050.0,87534248.0,7.64,0.39267015706807573,10.0,8.4,False,False,True,76.41666666666667
370,301206.SZ,三元生物,0.14139110604332936,27.328029948525966,1.5319531951774494,1.1110167738303236,1.1482919416646604,0.6684434021948751,130283123.0,22.39,23.02,22.39,22.99,967550.0,22043775.0,22.61,1.680672268907557,20.0,27.13,False,False,True,76.40891472868216
371,000998.SZ,隆平高科,0.23733333333333348,32.51700680272109,1.1463631555236682,1.3386770320398451,0.8295378546222242,1.0340056990016544,1315050546.0,8.22,8.36,8.16,8.3,18201398.0,150753713.0,8.24,0.728155339805836,10.0,9.06,False,False,True,76.36240310077518
372,601801.SH,皖新传媒,0.2677824267782426,27.7056277056277,1.419917946546907,0.617807452652633,1.0628982140930276,0.8019348086787693,1957931237.0,5.25,5.33,5.2,5.32,9700400.0,51142439.0,5.26,1.1406844106463865,10.0,5.79,False,False,True,76.35077519379844
373,600131.SH,国网信通,0.16297010607521695,39.32253313696614,1.8839305062922773,0.8188028380167081,0.6212981533805074,1.3464181190943687,1195905149.0,15.17,15.67,15.15,15.61,13184268.0,206430946.0,15.27,2.226588081204972,10.0,16.8,False,False,True,76.34496124031007
374,000800.SZ,一汽解放,0.33644859813084105,25.985663082437284,1.2381655714238,0.335590340513454,1.0825851322175606,0.7971887262553339,4920635033.0,6.27,6.34,6.23,6.3,13164192.0,82856197.0,6.3,0.0,10.0,6.93,False,False,True,76.32558139534885
375,605008.SH,长鸿高科,0.19450549450549462,25.294117647058822,1.6287585595451588,0.44823109475839806,1.223920564066146,0.6527537224161157,645962414.0,11.82,11.91,11.75,11.82,1889986.0,22350456.0,11.97,-1.253132832080206,10.0,13.17,False,False,True,76.30813953488371
376,000008.SZ,神州高铁,0.07692307692307683,32.258064516129046,2.2435136373060245,1.4019736473201299,0.8184290371248875,0.8518413186203099,2716296952.0,2.28,2.35,2.27,2.34,32439623.0,75001792.0,2.28,2.6315789473684292,10.0,2.51,False,False,True,76.27713178294573
377,301185.SZ,鸥玛软件,0.1344364012409513,32.78453829634931,1.563901175664828,1.6615604904588532,0.8031345058718004,0.7270643055021524,140470363.0,15.12,15.62,14.95,15.57,1693600.0,25855738.0,15.27,1.9646365422396839,20.0,18.32,False,False,True,76.2751937984496
378,002797.SZ,第一创业,0.20238095238095227,31.95364238410596,1.4603575932394643,1.614639503616975,0.5376353693429764,0.7115419156656373,4202400000.0,6.55,6.61,6.52,6.59,48280688.0,317593848.0,6.55,0.6106870229007688,10.0,7.21,False,False,True,76.27325581395348
379,600073.SH,光明肉业,0.16279069767441848,30.83700440528636,1.5629439859750494,1.016011833314753,1.041769655600515,0.6802296700319069,937729472.0,5.1,5.12,5.05,5.1,6480849.0,33002215.0,5.1,0.0,10.0,5.61,False,False,True,76.25581395348837
380,688232.SH,新点软件,0.03563829787234051,39.514218009478675,2.1915656734040705,0.9866966466057558,1.1747967947165332,0.6238618632597723,321981975.0,17.59,17.59,17.2,17.37,1982000.0,34370417.0,17.55,-1.025641025641022,20.0,21.06,False,False,True,76.21124031007753
381,601949.SH,中国出版,0.14782608695652194,38.92617449664431,1.6895439000680184,0.6026413166909111,0.9586433524659331,0.683361506716761,1903968054.0,5.01,5.05,4.95,5.03,7840957.0,39235064.0,4.98,1.0040160642570184,10.0,5.48,False,False,True,76.1531007751938
382,603809.SH,豪能股份,0.008447729672650483,38.25983313468413,2.4590031688571243,1.5346974550348895,1.0904147122249614,0.4963821353559702,920288807.0,8.44,8.63,8.4,8.58,7010727.0,59861249.0,8.47,1.298701298701288,10.0,9.32,False,False,True,76.15116279069767
383,601117.SH,中国化学,0.16768292682926822,21.702127659574465,1.78766767101802,1.551909935846937,0.8651603595267557,0.8614144354361553,6049451162.0,7.59,7.71,7.52,7.71,80890543.0,627201913.0,7.6,1.4473684210526416,10.0,8.36,False,False,True,76.1453488372093
384,003000.SZ,劲仔食品,0.14917127071823225,17.4331550802139,1.404644383409566,1.5551493580177165,1.1239803629453236,0.6164699878686174,308060295.0,9.86,9.94,9.76,9.94,2953383.0,29412592.0,9.89,0.5055611729019027,10.0,10.88,False,False,True,76.13953488372093
385,600369.SH,西南证券,0.2740740740740738,14.516129032258052,1.261092834942851,0.7852641239785849,1.2728915104980698,0.7489958835238579,6645109124.0,4.09,4.15,4.08,4.14,39083847.0,161056374.0,4.09,1.2224938875305513,10.0,4.5,False,False,True,76.12596899224806
386,002481.SZ,双塔食品,0.11945392491467566,28.37837837837838,1.614196641028983,1.1269242952510563,1.206208429902049,0.6419751005371721,1118152600.0,4.05,4.12,4.02,4.11,8089200.0,33016360.0,4.05,1.4814814814814836,10.0,4.46,False,False,True,76.10077519379844
387,000090.SZ,天健集团,0.1542553191489362,34.576271186440664,1.6154701418392954,1.0797922280976064,0.9449353041388809,0.7098343226739889,1868459934.0,3.23,3.31,3.22,3.28,14321220.0,46813947.0,3.24,1.2345679012345512,10.0,3.56,False,False,True,76.04263565891472
388,002707.SZ,众信旅游,0.04677060133630288,39.565217391304365,1.6793185092780998,1.9553888168782243,0.9624013453924295,0.7881738028532791,865278032.0,4.75,4.9,4.73,4.89,13334900.0,64270773.0,4.81,1.6632016632016633,10.0,5.29,False,False,True,76.0406976744186
389,002507.SZ,涪陵榨菜,0.33333333333333354,18.096135721017916,1.192395335392074,0.9929457031942676,1.0375759080905842,0.6680698316817617,1153718438.0,11.48,11.55,11.38,11.53,7650460.0,87893973.0,11.56,-0.2595155709342656,10.0,12.72,False,False,True,75.99806201550388
390,000589.SZ,贵州轮胎,0.20833333333333331,26.49999999999999,1.314587678698365,1.5437739041798602,0.9148285810662785,0.8481566338318572,1544110704.0,4.24,4.34,4.23,4.33,20218000.0,86748699.0,4.25,1.8823529411764683,10.0,4.68,False,False,True,75.99612403100775
391,603776.SH,永安行,0.1988636363636362,29.099944781888464,1.8775619656824216,1.1318678144023686,0.8144142108917161,0.43229729213272966,280760572.0,18.66,19.1,18.5,18.7,1373771.0,25729231.0,18.66,0.2143622722400762,10.0,20.53,False,False,True,75.95542635658916
392,601878.SH,浙商证券,0.18579234972677588,13.522727272727275,1.3859507674257128,0.8924978376153754,1.5195408043396865,0.6123075842261632,4573796639.0,9.47,9.57,9.46,9.57,24995030.0,240529542.0,9.48,0.9493670886076,10.0,10.43,False,False,True,75.9515503875969
393,600780.SH,通宝能源,0.21376811594202902,39.56442831215972,1.4692048094861483,1.1054565162958603,0.5638650844799713,1.35302497157813,1146502523.0,5.99,6.15,5.94,6.12,17148356.0,107128057.0,6.03,1.4925373134328401,10.0,6.63,False,False,True,75.93798449612403
394,002675.SZ,东诚药业,0.09049079754601225,13.443983402489623,1.7943630387976583,1.65846430640259,1.2144123201290695,0.546953139205861,743383994.0,12.52,12.67,12.42,12.57,6743253.0,84533535.0,12.64,-0.5537974683544333,10.0,13.9,False,False,True,75.9031007751938
395,603055.SH,台华新材,0.17492711370262404,20.472440944881875,2.029474975292893,0.8389163685708535,1.0219266991318874,0.5295335365719075,887050942.0000001,8.25,8.44,8.17,8.39,3940585.0,32819527.0,8.22,2.0681265206812682,10.0,9.04,False,False,True,75.88953488372091
396,600616.SH,金枫酒业,0.09199999999999997,37.53424657534246,1.7290467283510904,1.203265581218788,1.0200956493364548,0.6754985458650619,669004950.0,3.88,3.93,3.83,3.92,5437700.0,21114639.0,3.88,1.0309278350515427,10.0,4.27,False,False,True,75.87209302325581
397,600782.SH,新钢股份,0.18181818181818177,27.385892116182564,1.4125874444843896,1.5437712213487293,0.9332769747754166,0.7897565702874905,3145652149.0,2.79,2.85,2.75,2.85,38351900.0,107805103.0,2.79,2.1505376344086002,10.0,3.07,False,False,True,75.86627906976743
398,601298.SH,青岛港,0.3482587064676614,21.733505821474775,1.1522888836855916,0.279195811445496,1.2051304618608842,0.7297436165301197,5392075000.0,8.36,8.53,8.36,8.43,10985887.0,94971197.0,8.43,0.0,10.0,9.27,False,False,True,75.85271317829458
399,002626.SZ,金达威,0.07847533632286988,32.63565891472868,2.2596184611910934,0.8963756488802815,1.0220703735556969,0.5762767939447182,609861032.0,13.56,13.8,13.41,13.68,3150301.0,42800372.0,13.6,0.588235294117645,10.0,14.96,False,False,True,75.83720930232558
400,002461.SZ,珠江啤酒,0.28658536585365846,39.622641509433954,1.3530921811884993,0.39156534505894564,0.8450080467881782,0.8122734203650362,2213328480.0,8.36,8.45,8.29,8.42,7039671.0,59152326.0,8.36,0.7177033492822948,10.0,9.2,False,False,True,75.78682170542636
401,002275.SZ,桂林三金,0.25514403292181076,20.82283795130142,1.7852794539090016,0.4462746579632236,1.1113343362495027,0.8930803011723564,564751305.0,13.05,13.2,12.94,13.2,2247768.0,29386527.0,13.15,0.3802281368821214,10.0,14.47,False,False,True,75.78682170542635
402,603609.SH,禾丰股份,0.1863013698630138,27.697841726618712,2.0080391217362443,0.45207880151618807,1.0283250853723487,0.6426691751107887,904016733.0,6.21,6.3,6.16,6.27,2636800.0,16442010.0,6.24,0.48076923076922906,10.0,6.86,False,False,True,75.72674418604652
403,002376.SZ,新北洋,0.17197452229299343,32.48175182481749,1.1964829180480014,1.4503871495496317,0.9559555324662107,0.9840607136722883,787464555.0,6.01,6.21,5.98,6.19,11238600.0,68846466.0,6.02,2.823920265780755,10.0,6.62,False,False,True,75.7267441860465
404,300206.SZ,理邦仪器,0.035647279549718816,37.78966131907309,2.1331854847836325,2.101097195393577,0.858348096531395,0.8820505098289502,338379565.0,11.3,11.41,11.07,11.4,6271100.0,70523169.0,11.31,0.7957559681697646,20.0,13.57,False,False,True,75.7093023255814
405,002926.SZ,,0.2592592592592593,16.216216216216207,1.3598347964327218,0.8377380761904711,1.271787496879539,0.8311833072316795,2625000000.0,8.28,8.36,8.24,8.36,18278240.0,156191242.0,8.31,0.6016847172081619,10.0,9.14,False,False,True,75.68992248062015
406,600970.SH,中材国际,0.17456359102244373,38.10888252148996,1.4081553497528092,0.8636522077041945,0.9848005487451335,1.0235044687655073,2621812924.0,7.68,7.86,7.66,7.85,23175565.0,180239880.0,7.68,2.213541666666674,10.0,8.45,False,False,True,75.67829457364341
407,600761.SH,安徽合力,0.14285714285714274,30.759493670886062,1.8160007928925004,1.4397972748315568,0.8675206282865812,1.0537261198679828,890692761.0,16.81,17.48,16.74,17.41,13513163.0,232914835.0,16.93,2.835203780271711,10.0,18.62,False,False,True,75.6046511627907
408,603648.SH,畅联股份,0.055555555555555323,24.686716791979933,2.1665812854425512,1.193153028811339,1.4168911643757065,0.539899350606027,362412800.0,8.2,8.43,8.16,8.38,2334600.0,20173373.0,8.19,2.319902319902334,10.0,9.01,False,False,True,75.56395348837208
409,002554.SZ,惠博普,0.040650406504065074,39.700374531835216,2.1371810541730576,2.0118961397532535,0.7459053900428171,1.3143945604582044,1333469849.9999998,2.76,2.9,2.76,2.9,35262619.0,100638537.0,2.77,4.693140794223827,10.0,3.05,False,False,True,75.56007751937985
410,301370.SZ,国科恒泰,0.07707509881422919,33.2065906210393,1.9682246739657994,1.0192389314568975,1.1934146766639553,0.6753589587738207,470600000.0,8.27,8.44,8.23,8.42,2672398.0,22313548.0,8.28,1.6908212560386549,20.0,9.94,False,False,True,75.54457364341086
411,300185.SZ,通裕重工,0.08743169398907111,35.43307086614173,1.6949033705684737,2.2382031319869093,0.6676596967102928,1.0725704200142094,3846458721.0,2.69,2.77,2.69,2.77,92339253.0,253046183.0,2.7,2.592592592592591,20.0,3.24,False,False,True,75.53682170542635
412,600927.SH,永安期货,0.17479674796747957,35.94276094276092,1.759391625305653,0.462242496127963,1.01770898199097,0.7507448026563585,1450444656.0,12.6,12.9,12.6,12.89,5037270.0,64345974.0,12.74,1.1773940345368938,10.0,14.01,False,False,True,75.53100775193798
413,002269.SZ,美邦服饰,0.03061224489795921,37.00787401574803,1.8505020307496611,2.4382832239259518,1.0128157691278357,0.8915957155735402,2343729075.0,1.32,1.36,1.31,1.35,50951800.0,68072279.0,1.33,1.5037593984962516,10.0,1.46,False,False,True,75.52906976744185
414,603049.SH,中策橡胶,0.3159103963239518,16.627634660421542,1.2493705011880607,0.6269634752575686,1.2788130219091787,0.950770769987939,504980262.0,47.95,49.17,47.51,49.11,3010180.0,146369810.0,48.2,1.8879668049792464,10.0,53.02,False,False,True,75.51550387596899
415,600496.SH,精工钢构,0.08843537414966011,37.04918032786886,1.3923336054540436,1.5339301620900765,1.0827953186718506,1.2524740795086073,1990125599.0,3.19,3.31,3.18,3.3,38234447.0,124141757.0,3.18,3.7735849056603765,10.0,3.5,False,False,True,75.51356589147288
416,601139.SH,深圳燃气,0.4,26.958105646630237,1.1807387566663778,0.8155031148941341,0.9657825781602495,1.2348134898296097,2876744454.9999995,6.38,6.53,6.38,6.5,28968651.0,187861551.0,6.41,1.4040561622464809,10.0,7.05,False,False,True,75.5
417,002065.SZ,东华软件,0.06428571428571418,34.68468468468468,1.8828508139355218,1.4992458935302793,1.0880440766366104,0.8966739500225007,2945739379.0,6.98,6.98,6.84,6.93,39529513.0,272885424.0,7.02,-1.2820512820512775,10.0,7.72,False,False,True,75.49806201550388
418,600694.SH,大商股份,0.2631578947368419,23.592906707787197,1.4249101373487305,1.0182258855469408,1.0591984036948336,0.8209110321856928,378793611.0,14.17,14.44,14.06,14.39,3166233.0,45140535.0,14.17,1.5525758645024812,10.0,15.59,False,False,True,75.48837209302326
419,000717.SZ,中南股份,0.17692307692307688,30.72916666666665,1.908774108412318,0.8611313617724822,0.9616927067974049,0.7643539638116161,2423697090.0,2.16,2.2,2.15,2.19,15952862.0,34832319.0,2.15,1.8604651162790642,10.0,2.37,False,False,True,75.43604651162791
420,600729.SH,重百集团,0.135958395245171,20.125071063104038,1.2655381080684573,1.8995851391306284,1.1071301884395806,0.7817315262067586,192482844.0,19.28,19.4,18.99,19.3,2858304.0,57101676.0,19.42,-0.6179196704428458,10.0,21.36,False,False,True,75.4186046511628
421,002511.SZ,中顺洁柔,0.2205882352941176,38.73456790123455,1.2197737780521845,1.1120780863445394,0.842515971206089,0.7202954323803336,1264988608.0,7.07,7.2,7.02,7.17,10133129.0,72116951.0,7.08,1.2711864406779627,10.0,7.79,False,False,True,75.39341085271317
422,002646.SZ,天佑德酒,0.09821428571428562,33.66013071895424,1.7536292011688719,1.31606738481294,1.0798763752665357,0.6426252718507521,475887499.0,6.51,6.53,6.41,6.51,4024700.0,26055710.0,6.56,-0.7621951219512146,10.0,7.22,False,False,True,75.34883720930232
423,300898.SZ,熊猫乳品,0.04038893044128639,36.8450704225352,1.8502403945382426,2.4405836308983537,0.9324666388410746,0.8974750056888946,114743548.0,18.29,18.39,17.96,18.38,2513300.0,45652687.0,18.29,0.49207217058502284,20.0,21.95,False,False,True,75.23643410852713
424,603811.SH,诚意药业,0.04435483870967738,26.35431918008786,2.014389633629712,1.6834666609786393,1.3630244942508947,0.6188916807818623,458226048.0,7.08,7.14,6.97,7.12,4733060.0,33372450.0,7.05,0.9929078014184523,10.0,7.76,False,False,True,75.22286821705427
425,601500.SH,通用股份,0.1775147928994082,36.07954545454546,1.3706563560281044,0.9631876229040359,1.0477860367278753,0.6795381689104857,1583000735.0,3.8,3.89,3.79,3.88,10361100.0,39810516.0,3.82,1.5706806282722585,10.0,4.2,False,False,True,75.21511627906976
426,002101.SZ,广东鸿图,0.10391566265060247,26.120358514724717,1.6187035106340257,1.3558173140812182,1.3387066636100504,0.5975303371981271,662212199.0,8.45,8.57,8.45,8.56,5364859.0,45736832.0,8.5,0.7058823529411784,10.0,9.35,False,False,True,75.2093023255814
427,600710.SH,苏美达,0.26617375231053597,34.51612903225805,1.660400372763665,0.9454266693028419,0.8004302560615902,0.6547730144432073,1306749434.0,10.61,10.9,10.61,10.83,8089300.0,87459897.0,10.67,1.4995313964386137,10.0,11.74,False,False,True,75.14534883720931
428,600377.SH,宁沪高速,0.3435582822085893,13.871260199456037,1.2702818467604473,0.327437598261983,1.3961608812142399,0.8608772075405979,3802183001.0,12.02,12.22,11.95,12.2,10717729.0,129795713.0,12.14,0.49423393739702615,10.0,13.35,False,False,True,75.1453488372093
429,600368.SH,五洲交通,0.3680000000000003,22.39263803680982,1.2607447095672908,0.8520354163000374,1.0593469062302383,1.0930362164152059,1609653858.0,3.72,3.83,3.7,3.8,14990796.0,56521044.0,3.72,2.1505376344086002,10.0,4.09,False,False,True,75.1143410852713
430,600333.SH,长春燃气,0.15133531157270022,27.935222672064764,1.4879022874656578,1.9694138596143336,0.8765505839579422,1.0173201186390106,609030684.0,5.36,5.55,5.36,5.55,12202078.0,66901565.0,5.39,2.9684601113172615,10.0,5.93,False,False,True,75.10658914728681
431,603071.SH,物产环能,0.2997601918465228,37.200736648250476,1.492861745865372,0.5289421640629159,0.8874357409189318,1.4336548811433287,557954442.0,12.06,12.25,11.98,12.09,4231083.0,51323144.0,12.11,-0.16515276630882925,10.0,13.32,False,False,True,75.10465116279069
432,002063.SZ,远光软件,0.1611721611721613,37.090163934426236,1.5119022328090952,1.6491424605587188,0.6725359118411314,0.9036678101152775,1769109143.0,5.3,5.38,5.28,5.37,26364735.0,140684580.0,5.32,0.9398496240601517,10.0,5.85,False,False,True,75.04263565891473
433,600132.SH,重庆啤酒,0.23581757508342618,36.38166047087981,1.4924698858605034,0.8120793068351105,0.955684824831762,0.6827104353016291,483971198.0,44.3,44.63,43.7,44.5,2683209.0,118770811.0,44.59,-0.2018389773491891,10.0,49.05,False,False,True,75.04263565891472
434,600217.SH,中再资环,0.15104166666666666,38.98916967509025,1.7034482750597415,0.886210698849634,0.9435071354380621,0.6957475393872375,1657653673.0000002,3.06,3.1,3.04,3.08,10220743.0,31429097.0,3.06,0.6535947712418277,10.0,3.37,False,False,True,75.00193798449614
435,600335.SH,国机汽车,0.13953488372093034,32.08791208791209,1.8180394060893874,0.8744469685108651,1.1253405248185968,0.7211643231132613,1487456892.0,4.91,5.04,4.88,5.02,9380200.0,46559383.0,4.91,2.240325865580428,10.0,5.4,False,False,True,74.99418604651163
436,600908.SH,无锡银行,0.37301587301587286,16.463414634146357,1.1608962413018076,0.8764042591607303,1.1447616947953967,0.9417249300979076,1999312665.0,5.35,5.46,5.35,5.42,16500962.0,89548222.0,5.39,0.5565862708719838,10.0,5.93,False,False,True,74.99224806201549
437,603836.SH,海程邦达,0.019464720194647223,33.59683794466404,2.0239512840162392,1.7328439305192833,1.7309780467714788,0.9618633635466471,278929332.0,7.79,8.02,7.7,8.01,4649080.0,36507991.0,7.67,4.432855280312897,10.0,8.44,False,False,True,74.94573643410853
438,001201.SZ,东瑞股份,0.10731707317073182,33.268292682926834,1.484089785381674,1.674874049693134,1.0448586765876402,0.60292607465543,212507395.0,11.12,11.27,10.99,11.27,2128658.0,23714111.0,11.13,1.2578616352201255,10.0,12.24,False,False,True,74.84108527131784
439,002233.SZ,塔牌集团,0.11929824561403501,35.25073746312684,1.860570351661656,0.8810979163965558,1.1211957890637139,1.2070568970562183,1173623408.0,7.07,7.15,6.9,7.11,12481578.0,89358884.0,7.12,-0.1404494382022392,10.0,7.83,False,False,True,74.79069767441861
440,002991.SZ,甘源食品,0.07964242177976436,35.64225053078556,1.5401678553743785,1.7075814480903895,1.0997187694470507,0.9035268155945633,49933706.0,39.63,39.63,38.79,39.38,770400.0,30728436.0,39.64,-0.6559031281533789,10.0,43.6,False,False,True,74.76550387596899
441,000166.SZ,申万宏源,0.2885906040268454,13.942307692307686,1.599730032967281,0.5728787820913106,1.3430486930956411,0.6730700526808711,22535507316.0,4.59,4.67,4.57,4.65,86894111.0,408540670.0,4.59,1.3071895424836777,10.0,5.05,False,False,True,74.6937984496124
442,600968.SH,海油发展,0.25974025974025977,31.498470948012237,2.185130593978804,0.4734940228623965,0.7492047507121398,1.0005306167475605,10165104199.0,3.88,3.92,3.85,3.88,48156700.0,186858971.0,3.87,0.2583979328165231,10.0,4.26,False,False,True,74.67635658914729
443,600153.SH,建发股份,0.29968454258675115,31.510416666666675,1.17966325685352,0.771535672194615,1.0952284511803962,0.6684677132467756,2899538551.0,8.63,8.73,8.54,8.65,14954274.0,129191543.0,8.63,0.2317497103128563,10.0,9.49,False,False,True,74.66279069767441
444,000708.SZ,中信特钢,0.35042735042735057,23.471882640586795,1.7526888875555593,0.31001163176486696,1.0419154146984724,0.9812098537181521,5047136128.0,13.69,14.17,13.6,14.12,15352705.0,217843168.0,13.72,2.915451895043719,10.0,15.09,False,False,True,74.65503875968992
445,600916.SH,中国黄金,0.0871261378413524,33.23353293413174,1.767707004686726,1.8130186994047572,0.9897502148110219,1.2241333240917527,1680000000.0,7.29,7.41,7.23,7.38,37285527.0,277036505.0,7.35,0.40816326530612734,10.0,8.09,False,False,True,74.65116279069767
446,000099.SZ,中信海直,0.05643879173290945,37.528430629264605,2.1455737031605873,1.3691919543430386,1.030920263690777,0.6686166030723487,775770137.0,13.83,14.07,13.78,14.03,7101900.0,99212686.0,13.9,0.9352517985611541,10.0,15.29,False,False,True,74.6453488372093
447,601128.SH,常熟银行,0.38709677419354865,17.013888888888907,0.9027459352825069,1.1578343802552276,1.0688116558815428,0.9858205007752953,3648179244.0,6.22,6.32,6.21,6.29,41640933.0,261425761.0,6.24,0.8012820512820484,10.0,6.86,False,False,True,74.63953488372093
448,603100.SH,川仪股份,0.09178743961352684,31.750924784217037,2.116747905864707,1.1633524948898977,1.0681680811972378,0.5233846563007905,511539166.0,17.09,17.6,17.09,17.56,3114664.0,54165021.0,17.17,2.2714036109493074,10.0,18.89,False,False,True,74.62596899224806
449,601598.SH,中国外运,0.39473684210526305,28.278688524590166,1.8023964991076853,0.2983407062526075,0.9009117798025239,0.8764345406463141,5157470227.0,5.89,6.03,5.89,5.99,13485552.0,80356710.0,5.93,1.0118043844856706,10.0,6.52,False,False,True,74.62403100775194
450,603967.SH,中创物流,0.15064935064935062,36.86770428015564,1.9081036703120866,0.9007752287492454,0.9283416430643747,0.7602937322089366,346666710.0,10.89,11.11,10.76,11.07,2374160.0,26003527.0,10.86,1.9337016574585641,10.0,11.95,False,False,True,74.6124031007752
451,002004.SZ,华邦健康,0.20652173913043473,32.18997361477571,1.7934756186806364,1.2615491683587092,0.850717179693527,0.9135011441878534,1885347429.0,4.16,4.25,4.12,4.22,21724285.0,93343298.0,4.17,1.1990407673860837,10.0,4.59,False,False,True,74.55813953488372
452,600127.SH,金健米业,0.17689530685920557,37.77335984095427,1.115418786845903,1.9136684639827977,0.651789308903482,0.9520915105622144,641783218.0,5.52,5.64,5.47,5.63,11693210.0,65102684.0,5.52,1.9927536231884035,10.0,6.07,False,False,True,74.45736434108528
453,601881.SH,中国银河,0.15977961432506885,17.677642980935882,1.7480196974752764,0.8913114832009418,1.543550538010385,0.5405557337007512,7243417622.999999,12.69,12.87,12.66,12.86,34899042.0,446168430.0,12.7,1.2598425196850505,10.0,13.97,False,False,True,74.43023255813955
454,601377.SH,兴业证券,0.22123893805309736,13.357400722021673,1.3662278683485154,1.3257033359641666,1.2862814104906806,0.6826812279584236,8635987294.0,6.03,6.13,6.02,6.12,78158516.0,482950289.0,6.03,1.4925373134328401,10.0,6.63,False,False,True,74.38953488372093
455,002035.SZ,华帝股份,0.1285140562248997,39.90719257540605,1.4733193059482952,1.24590292912323,1.0069037706845103,0.7234930466274598,782037666.9999999,4.6,4.72,4.59,4.7,7049304.0,32866737.0,4.63,1.5118790496760237,10.0,5.09,False,False,True,74.33720930232558
456,002996.SZ,顺博合金,0.08841463414634149,31.533101045296164,1.914862049720283,2.1545827636257453,0.8377054666850158,0.7686065752995705,458377491.0,6.02,6.19,5.99,6.19,7474110.0,45757069.0,6.03,2.6533996683250516,10.0,6.63,False,False,True,74.31589147286822
457,002230.SZ,科大讯飞,0.06523272214386464,30.502821959979485,1.9355359693951357,2.1922218148030543,0.9872789634575956,0.6869660178499913,2189226475.0,40.67,40.77,40.03,40.49,32969505.0,1327311763.0,40.83,-0.8327210384521111,10.0,44.91,False,False,True,74.17248062015504
458,601019.SH,山东出版,0.3505154639175258,21.077654516640255,1.596072211983362,0.48368147251904253,1.1850859276787478,0.7082691073527504,2086900000.0,7.27,7.37,7.22,7.28,7149232.0,52117933.0,7.33,-0.6821282401091366,10.0,8.06,False,False,True,74.09302325581396
459,600612.SH,老凤祥,0.17779565567176195,30.16815034619189,1.6096021037315384,0.6288192509322356,1.4349740519694631,0.7999723577144444,317109630.0,34.28,34.95,34.25,34.63,1595182.0,55273584.0,34.75,-0.3453237410071863,10.0,38.23,False,False,True,74.04651162790698
460,300070.SZ,碧水源,0.1666666666666667,30.254777070063675,1.2216507589394192,1.2869611186517114,1.2742458642494932,0.8095274280919111,3477748047.0,3.43,3.47,3.39,3.46,36186410.0,124118071.0,3.43,0.8746355685131046,20.0,4.12,False,False,True,74.015503875969
461,601033.SH,永兴股份,0.3215339233038349,17.642585551330804,1.1825937073810209,1.8105487708333305,0.9037569210613969,0.9169800394657048,240000000.0,14.12,14.44,14.06,14.3,3984569.0,56773547.0,14.24,0.4213483146067398,10.0,15.66,False,False,True,73.96317829457364
462,600600.SH,青岛啤酒,0.29135932560590094,26.474849927551226,1.1437187451176976,0.9759234192902689,1.2133712728489194,0.6591175152195617,709125943.0,53.58,54.04,53.05,53.85,4561440.0,244600907.0,53.84,0.01857355126300142,10.0,59.22,False,False,True,73.91085271317829
463,600300.SH,维维股份,0.3137254901960784,34.30656934306568,1.26991505519557,1.4387210158602084,0.7504244822564052,0.7903365455459431,1617142180.0,3.05,3.09,3.04,3.08,18388100.0,56431223.0,3.06,0.6535947712418277,10.0,3.37,False,False,True,73.90310077519379
464,002014.SZ,永新股份,0.36090225563909806,16.44120707596255,1.6095015390479936,0.570945031886857,1.2204398086060446,0.5710563728659622,610527693.0,10.56,10.68,10.53,10.61,1981280.0,21526413.0,10.57,0.37842951750235443,10.0,11.63,False,False,True,73.89728682170544
465,600479.SH,千金药业,0.33486238532110113,20.561797752808996,1.3743334923171069,1.467195252022436,0.9438132007144328,0.9332025398592847,418507117.0,9.56,9.66,9.51,9.64,5730159.0,54934570.0,9.63,0.10384215991692258,10.0,10.59,False,False,True,73.86821705426357
466,603187.SH,海容冷链,0.1332209106239459,34.97267759562841,1.7294125213349638,1.3626339268209078,1.0273434493011957,0.8556341633304418,382361891.00000006,11.75,11.93,11.67,11.9,4458019.0,52663029.0,11.77,1.1045029736618694,10.0,12.95,False,False,True,73.81782945736434
467,603099.SH,长白山,0.13313718278778955,21.684914841849135,1.5812407923180671,2.0556546314075943,1.0602447046667978,0.7753718216359262,272355860.0,36.33,37.06,36.18,36.85,4341071.0,159193856.0,36.5,0.9589041095890538,10.0,40.15,False,False,True,73.79457364341084
468,002311.SZ,海大集团,0.3087895142636853,23.88392857142858,1.5955934340514726,0.7060774679130589,1.1867418444685756,0.6267433931875249,1653945474.0,47.87,49.03,47.25,48.52,7295674.0,352796619.0,48.33,0.39313056072833863,10.0,53.16,False,False,True,73.7170542635659
469,601333.SH,广深铁路,0.3661971830985919,16.117216117216103,1.1592931787070615,1.1555541283919926,1.1563759556107942,0.7729719414591438,5652237000.0,2.98,3.0,2.96,2.99,50486398.0,150762479.0,2.99,0.0,10.0,3.29,False,False,True,73.71511627906976
470,601788.SH,光大证券,0.16562107904642406,16.77953348382242,1.6946624172807774,1.0645659254514095,1.568593297228878,0.5223868826825742,3906698839.0,14.63,14.75,14.56,14.75,21725749.0,322241904.0,14.61,0.958247775496246,10.0,16.07,False,False,True,73.68604651162792
471,603235.SH,天新药业,0.38733252131546886,23.065970574276218,1.8601970522443423,0.1328113435972365,1.0434700287150036,0.8073678045961493,437780000.0,24.3,24.3,23.96,24.05,469421.0,11318867.0,24.25,-0.8247422680412342,10.0,26.68,False,False,True,73.6531007751938
472,000812.SZ,陕西金叶,0.07326007326007332,38.59060402684564,1.7488915627226564,1.827881712138142,1.0063821794781236,0.7751259297888694,756129681.0,3.17,3.29,3.16,3.28,10712250.0,34633510.0,3.18,3.1446540880503138,10.0,3.5,False,False,True,73.60271317829458
473,002690.SZ,美亚光电,0.12976190476190472,31.804733727810653,1.5084873202220388,1.5351455360056416,1.1677641878904095,1.0293656148588735,427032322.0,14.6,15.05,14.55,15.0,6761979.0,100403793.0,14.61,2.6694045174538106,10.0,16.07,False,False,True,73.53682170542636
474,600157.SH,永泰能源,0.26086956521739146,26.490066225165563,1.4136446413133652,2.1812926890084814,0.6225462756269164,1.1400750428966933,21817764145.0,1.6,1.63,1.59,1.62,542572309.0,874657176.0,1.59,1.8867924528301883,10.0,1.75,False,False,True,73.52713178294573
475,301166.SZ,优宁维,0.022727272727272558,32.17678645187938,2.4458621249771033,2.2880335732060875,1.06336323869138,0.7405180455710146,56420468.0,24.23,24.8,24.15,24.8,955949.0,23356120.0,24.47,1.3485901103392095,20.0,29.36,False,False,True,73.52325581395348
476,601633.SH,长城汽车,0.1468120805369126,39.078855547801815,1.8118928944717478,0.31980462620874,1.173821207093142,0.6925803294883217,6220163678.0,16.09,16.26,15.86,16.21,13777065.0,221865895.0,16.08,0.8084577114428004,10.0,17.69,False,False,True,73.46511627906978
477,000028.SZ,国药一致,0.3429084380610413,18.449197860962574,1.9608006507968612,0.710236291706984,1.015079779553903,0.6546149456306231,525859082.0,20.46,20.76,20.38,20.6,2444883.0,50262042.0,20.61,-0.04852013585636694,10.0,22.67,False,False,True,73.45542635658916
478,600597.SH,光明乳业,0.22727272727272732,25.0,1.5677764773296945,0.797452644826767,1.4543173233381168,0.6224933457645039,1378455363.0,6.68,6.71,6.6,6.68,6842776.0,45573438.0,6.7,-0.29850746268657025,10.0,7.37,False,False,True,73.43217054263566
479,002508.SZ,老板电器,0.1923076923076923,33.38078291814946,1.7358835008349955,0.7840286392104054,1.16312209810174,1.3776137331187002,933596787.0,15.45,15.66,15.17,15.65,10083608.0,155024943.0,15.55,0.6430868167202508,10.0,17.11,False,False,True,73.39922480620156
480,600741.SH,华域汽车,0.3067796610169492,34.2837273991655,1.2503663408389367,0.620609791700682,1.1532251821162491,0.86087667766932,3152723984.0,16.15,16.31,16.08,16.19,16844011.0,289803340.0,16.19,0.0,10.0,17.81,False,False,True,73.34302325581395
481,000025.SZ,特  力Ａ,0.10469314079422375,31.121642969984208,1.9969905201489175,1.4603017294844542,1.0761616831185965,0.9536603469684847,392778320.0,13.54,14.06,13.47,13.94,5469956.0,76140241.0,13.53,3.0303030303030276,10.0,14.88,False,False,True,73.30232558139535
482,300439.SZ,美康生物,0.0972222222222222,35.37675606641124,1.9836280638266537,1.337321031555307,1.0817404225088076,0.862199948943807,292332051.0,8.24,8.39,8.18,8.37,3370700.0,27921868.0,8.25,1.4545454545454417,20.0,9.9,False,False,True,73.24031007751938
483,600037.SH,歌华有线,0.132596685082873,34.918032786885256,1.7487572925728117,1.3495451189393912,1.0736997511148556,0.8346558067980802,1391777884.0,6.6,6.71,6.51,6.7,15677065.0,103710451.0,6.58,1.823708206686936,10.0,7.24,False,False,True,73.23643410852712
484,300783.SZ,三只松鼠,0.10051736881005183,34.99344692005244,1.4683750408505987,2.2489750159125173,0.9676656774551184,0.8240552920508059,280282400.0,16.56,16.69,16.23,16.55,5194417.0,85320892.0,16.62,-0.4211793020457266,20.0,19.94,False,False,True,73.23062015503876
485,300406.SZ,九强生物,0.1441048034934498,20.981713185755524,2.022508008527453,1.2295643294127485,1.1833932444404927,0.8876994122063032,424283173.0,11.06,11.22,10.87,11.21,4631385.0,51771054.0,11.05,1.4479638009049722,20.0,13.26,False,False,True,73.20736434108527
486,601916.SH,浙商银行,0.3333333333333333,14.230769230769225,1.6216161479638131,0.791180178226692,1.291526566347916,0.806473013603331,21544435963.0,2.85,2.89,2.84,2.88,137467605.0,394874064.0,2.85,1.0526315789473717,10.0,3.14,False,False,True,73.16860465116278
487,600390.SH,五矿资本,0.22374429223744266,20.495495495495476,1.7569666707994809,0.9521897033379695,1.302283869201067,0.7809558788693596,4498065459.0,4.92,4.99,4.89,4.99,33448431.0,165322620.0,4.93,1.217038539553772,10.0,5.42,False,False,True,73.15697674418604
488,000516.SZ,国际医学,0.1392405063291141,25.130890052356026,1.9485722672885621,1.4676822735110748,1.0915435429359535,0.568146450908605,2204748361.0,4.14,4.17,4.1,4.16,18384548.0,76043572.0,4.15,0.24096385542167198,10.0,4.57,False,False,True,73.10077519379844
489,002389.SZ,航天彩虹,0.04397270659590585,39.34821967410984,2.342007621942198,1.9013257017638028,0.8725276648436829,1.2658592276549425,984767026.0,17.12,17.92,17.1,17.89,23701460.0,417405053.0,17.15,4.31486880466474,10.0,18.87,False,False,True,73.09108527131782
490,000750.SZ,国海证券,0.29251700680272086,17.10914454277286,1.399478703011226,1.1196579857700149,1.304092306779704,0.5990295733417706,5796203977.0,3.81,3.84,3.79,3.84,38875618.0,148447917.0,3.82,0.5235602094240788,10.0,4.2,False,False,True,73.07558139534882
491,601099.SH,太平洋,0.13333333333333328,22.115384615384603,1.4702063674966894,1.9468718263145945,1.2388499940213944,0.6463941437358517,6816316370.0,3.39,3.44,3.39,3.44,85779698.0,292796883.0,3.4,1.17647058823529,10.0,3.74,False,False,True,72.90891472868216
492,002236.SZ,大华股份,0.16333938294010897,17.1188630490956,1.6808780343199305,1.8171091055807325,1.1452994242343486,0.7943235712756372,2391139515.0,16.25,16.7,16.18,16.52,34513025.0,578849598.0,16.3,1.3496932515337345,10.0,17.93,False,False,True,72.88953488372093
493,601968.SH,宝钢包装,0.135135135135135,39.733333333333334,1.5798172163844248,1.04350904426694,1.1457158145218895,0.5829244662612878,1275779460.0,4.1,4.17,4.07,4.16,7760400.0,32524548.0,4.1,1.4634146341463428,10.0,4.51,False,False,True,72.87209302325581
494,002423.SZ,中粮资本,0.17354196301564734,27.21598002496879,1.781685487271933,0.9101359190105635,1.405524321484322,0.7481248729569058,2304105575.0,9.15,9.21,9.01,9.17,15688547.0,143132875.0,9.23,-0.650054171180936,10.0,10.15,False,False,True,72.8313953488372
495,300021.SZ,大禹节水,0.032069970845481015,29.213483146067396,2.058819262465175,2.459045834810363,1.3450560048898361,0.4618630499645346,873233219.0,3.67,3.77,3.66,3.76,9917680.0,36924927.0,3.67,2.452316076294281,20.0,4.4,False,False,True,72.8294573643411
496,601318.SH,中国平安,0.27598566308243727,26.085069444444443,1.5015091662388473,0.9708073754168427,1.252151333218861,0.714616565803825,10660065083.000002,52.86,53.64,52.52,53.35,73954738.0,3998147291.0,53.01,0.6413884172797646,10.0,58.31,False,False,True,72.73643410852713
497,600803.SH,新奥股份,0.29073856975381007,39.21971252566736,1.6736760441021343,0.32141413581816547,0.9856420833273434,1.0030321340637747,3071726707.0,17.1,17.74,17.1,17.67,9902900.0,172906079.0,17.09,3.393797542422483,10.0,18.8,False,False,True,72.70930232558139
498,002287.SZ,奇正藏药,0.1223719676549865,23.951434878587197,2.1691499181981397,0.651231005325289,1.6354523491385187,0.6686647035727938,570989795.0,20.3,20.48,20.1,20.35,2486385.0,51044950.0,20.39,-0.19617459538989745,10.0,22.43,False,False,True,72.63178294573643
499,000987.SZ,越秀资本,0.12401574803149606,29.929078014184405,2.3251457765188257,0.9927439207436692,1.0626500803643124,0.669224044863009,5012547583.0,7.59,7.78,7.56,7.77,33302663.0,256074545.0,7.59,2.371541501976271,10.0,8.35,False,False,True,72.61240310077518
500,600419.SH,天润乳业,0.07382550335570472,32.065217391304344,1.8219174002808163,1.8760046764413945,1.2407946594644497,0.8161929946461568,315514808.0,7.68,7.83,7.63,7.82,4831100.0,37325295.0,7.69,1.6905071521456483,10.0,8.46,False,False,True,72.5891472868217
501,603866.SH,桃李面包,0.19431279620853084,35.93314763231199,1.6272022847609402,0.92093146187275,1.155258473327254,0.6456210520042435,1599719155.0,3.99,4.04,3.93,4.03,9511494.0,37949082.0,4.0,0.7500000000000062,10.0,4.4,False,False,True,72.57558139534883
502,002563.SZ,森马服饰,0.33333333333333354,22.500000000000007,1.9616920075538506,0.8511455471612405,1.0098009855774135,0.6488565424460042,2213491963.0,5.28,5.34,5.24,5.32,12219699.0,66493819.0,5.29,0.5671077504725952,10.0,5.82,False,False,True,72.54263565891472
503,002299.SZ,圣农发展,0.28137651821862353,28.744939271255056,1.755308665267453,1.0271923832595269,1.0592633963752236,0.8279171348291605,1218599736.0,16.28,16.38,16.06,16.24,10363425.0,168644657.0,16.21,0.18507094386179812,10.0,17.83,False,False,True,72.4282945736434
504,002462.SZ,嘉事堂,0.0741150442477876,34.86150907354344,2.1942388386261076,1.771758371816108,0.9737754082349679,0.7111139098929039,291470419.0,11.05,11.39,10.99,11.37,3672300.0,41541975.0,11.14,2.064631956912022,10.0,12.25,False,False,True,72.41472868217053
505,603605.SH,珀莱雅,0.14737718567860125,25.141030462579916,1.8856996716812287,1.2904485417500537,1.2795830579299339,0.6878488024879472,395976049.0,57.8,58.5,57.14,58.28,3514816.0,203318276.0,58.49,-0.3590357326038629,10.0,64.34,False,False,True,72.37209302325583
506,603350.SH,安乃达,0.022657054582904106,37.94794417201055,2.1943664045398608,2.490507314530471,1.105793643007182,0.6857726909024365,44124500.0,26.65,26.76,26.0,26.56,753612.0,19892592.0,26.95,-1.4471243042671667,10.0,29.65,False,False,True,72.27906976744185
507,600941.SH,中国移动,0.39917506874427156,18.400093698758504,1.0879289917177355,1.2673633741551804,1.2002886332748122,0.8140314359600925,902767867.0,93.79,95.1,93.79,94.43,9313618.0,880427693.0,94.09,0.36135614836858565,10.0,103.5,False,False,True,72.14922480620156
508,600859.SH,王府井,0.10025062656641612,38.555555555555564,1.5706606692659246,1.6130948612794147,1.1633635554116928,0.7182536706088624,1123828064.0,9.77,9.83,9.64,9.81,13020799.0,127063308.0,9.8,0.10204081632652073,10.0,10.78,False,False,True,72.0251937984496
509,002644.SZ,佛慈制药,0.1830443159922929,28.054298642533947,2.0673215754477616,1.176325929146174,1.0671695535539805,0.7667732863312073,510657000.0,7.56,7.72,7.5,7.69,4606000.0,35056636.0,7.58,1.451187335092352,10.0,8.34,False,False,True,71.99612403100775
510,600523.SH,贵航股份,0.14905933429811882,35.88235294117648,1.5110267863453324,1.3861027527108212,1.1941435622981054,0.5810405034317098,404044620.0,11.22,11.47,11.14,11.47,3254102.0,36810577.0,11.23,2.1371326803205637,10.0,12.35,False,False,True,71.9670542635659
511,688708.SH,佳驰科技,0.06762150739610226,31.600094540297796,2.468887219601129,1.382418533259501,1.123807711102215,0.33439039723920017,142743950.0,44.5,45.74,44.3,45.35,659440.0,29767029.0,45.19,0.3540606328833906,20.0,54.23,False,False,True,71.94767441860465
512,603658.SH,安图生物,0.35271317829457344,19.58836053938966,1.716984907384695,0.549187316640775,1.3846195099815108,0.6550028713185793,571424768.0,32.63,32.85,32.11,32.18,2055525.0,66381374.0,32.73,-1.6804155209288019,10.0,36.0,False,False,True,71.92248062015504
513,000513.SZ,丽珠集团,0.23338150289017326,14.745211420310799,1.7936938500677697,1.2697848669699623,1.3076385256545315,0.7450558275482287,567651788.0,30.66,30.85,30.36,30.72,5370900.0,164200073.0,30.9,-0.5825242718446644,10.0,33.99,False,False,True,71.84689922480621
514,603309.SH,维力医疗,0.1647727272727271,37.76744186046513,1.8223799789931394,1.4454189550002405,0.9211115963039946,0.6487752054819458,291871418.0,11.52,11.81,11.52,11.81,2737030.0,31913017.0,11.62,1.6351118760757455,10.0,12.78,False,False,True,71.83720930232558
515,600713.SH,南京医药,0.16571428571428573,18.599562363238498,1.8553762243196128,1.447669665493519,1.3370079464373144,0.5878463918889311,1289813712.0,4.83,4.92,4.82,4.92,10976410.0,54468668.0,4.86,1.2345679012345512,10.0,5.35,False,False,True,71.70930232558139
516,600332.SH,白云山,0.3577127659574465,17.99053129931614,1.667779180422238,0.8733438293157354,1.29741340718929,0.7020355246781124,1405890949.0,21.6,21.84,21.43,21.57,8619776.0,188775832.0,21.7,-0.5990783410138256,10.0,23.87,False,False,True,71.66666666666667
517,000597.SZ,东北制药,0.2289156626506025,24.44987775061125,2.0585342660203407,1.038712215369575,1.1152777022197007,0.8509469733774473,1409203737.0,4.62,4.71,4.57,4.7,12455763.0,57853100.0,4.66,0.8583690987124415,10.0,5.13,False,False,True,71.62403100775194
518,600559.SH,老白干酒,0.1444866920152092,29.99071494893222,1.6665673071230125,1.514625997686849,1.2888325356154455,0.6358989784671711,914747444.0,11.84,11.89,11.65,11.74,8810382.0,103387900.0,11.91,-1.4273719563392073,10.0,13.1,False,False,True,71.62209302325581
519,002157.SZ,正邦科技,0.16260162601625994,36.29629629629629,1.6748802336998079,1.8141848336540805,0.9263143874787501,0.6862014158391169,7787671445.000001,2.89,2.94,2.87,2.93,96948426.0,282143294.0,2.9,1.0344827586207028,10.0,3.19,False,False,True,71.49031007751938
520,600189.SH,泉阳泉,0.07627118644067786,32.611832611832604,1.817783502320514,1.9982950045714012,1.2590140457458192,0.7538321647761259,715197812.0,7.01,7.21,6.93,7.19,10773590.0,76207268.0,7.01,2.567760342368053,10.0,7.71,False,False,True,71.48837209302324
521,000728.SZ,国元证券,0.21856287425149687,22.070015220700135,1.5524422029878229,1.187386783751403,1.6724209605610978,0.44871417585914164,4363777891.0,7.28,7.38,7.27,7.36,23250090.0,170499953.0,7.3,0.8219178082191858,10.0,8.03,False,False,True,71.47093023255815
522,600327.SH,大东方,0.12138728323699431,33.66336633663367,1.9917245598696973,1.5072694754672156,1.084799207387951,0.7770569125779705,884779518.0,3.49,3.52,3.42,3.51,10362840.0,36060602.0,3.45,1.7391304347825987,10.0,3.8,False,False,True,71.44573643410853
523,000503.SZ,国新健康,0.041860465116279146,36.94581280788179,2.232118374392228,1.6770011574907449,1.3059909062203123,0.801595126942981,979235472.0,6.32,6.47,6.26,6.43,13163627.0,84161395.0,6.36,1.1006289308175932,10.0,7.0,False,False,True,71.37015503875969
524,600862.SH,中航高科,0.1411359724612737,29.18429003021148,1.8810126509741085,1.6584528667301268,1.1147350242538527,0.5304033962752259,1393049107.0,18.15,18.48,18.05,18.45,12253943.0,224017238.0,18.19,1.4293567894447357,10.0,20.01,False,False,True,71.3391472868217
525,600529.SH,山东药玻,0.25732899022801287,18.02600472813236,1.012791911534398,1.646120988991076,1.440001054570045,0.6960104106492749,663614113.0000001,18.42,18.71,18.41,18.68,7603142.0,143501198.0,18.5,0.972972972972963,10.0,20.35,False,False,True,71.21511627906976
526,601997.SH,贵阳银行,0.37391304347826126,16.862745098039223,1.0902494048664002,1.3747250724716977,1.3086780570283043,0.7738253404203993,3656198076.0,5.5,5.59,5.49,5.57,38894529.0,216243788.0,5.53,0.723327305605781,10.0,6.08,False,False,True,71.20930232558139
527,601901.SH,方正证券,0.24000000000000013,22.063492063492074,1.5300094805369395,1.19900624171065,1.5899379564656682,0.4853065078338016,8232101395.000001,6.9,7.0,6.88,6.99,47901407.0,336455824.0,6.9,1.304347826086949,10.0,7.59,False,False,True,71.19186046511628
528,603856.SH,东宏股份,0.022499999999999964,29.60222016651248,2.4463967673381215,2.415804627633239,1.3597288154601348,0.3137254251619957,282056060.0,10.82,11.06,10.82,11.01,2137701.0,23354186.0,10.84,1.568265682656822,10.0,11.92,False,False,True,71.15697674418604
529,000686.SZ,东北证券,0.1695402298850574,22.070844686648506,1.7483571378514295,1.517382294785447,1.3861044385150163,0.7066222566793016,2340452915.0,7.89,8.1,7.88,8.08,25094713.0,201485468.0,7.93,1.8915510718789497,10.0,8.72,False,False,True,71.14922480620156
530,301275.SZ,汉朔科技,0.07947598253275111,27.961963505525578,2.2342057186355126,2.054504672622091,1.0570864263235284,0.6441670318889621,300859233.0,41.15,42.16,40.48,42.06,3981704.0,165386963.0,41.33,1.7662714735059426,20.0,49.6,False,False,True,71.1201550387597
531,603323.SH,苏农银行,0.36893203883495185,17.58530183727036,1.192019360924479,1.4535407576097101,1.2315425335692676,0.8225667160704428,2220395581.0,4.18,4.25,4.18,4.21,26547810.0,111834865.0,4.19,0.4773269689737347,10.0,4.61,False,False,True,71.11627906976744
532,600502.SH,安徽建工,0.19209039548022597,36.904761904761905,1.4568170232444273,1.595069141592465,1.032007834316549,1.1414614518094086,1716533938.0,4.51,4.67,4.5,4.64,31253104.0,143776150.0,4.54,2.2026431718061623,10.0,4.99,False,False,True,71.08720930232558
533,603676.SH,卫信康,0.1247771836007129,35.16624040920715,2.1377962376057735,0.6413608051263675,1.4098225949031393,0.7823844401950831,435161500.0,8.47,8.67,8.41,8.65,2183600.0,18621461.0,8.52,1.525821596244148,10.0,9.37,False,False,True,71.07558139534883
534,600057.SH,厦门象屿,0.2433862433862434,39.51310861423221,1.6615771360269018,0.9286906192537806,1.0426794807556472,0.674743668299056,2092510164.0,6.25,6.33,6.22,6.3,13112257.0,82434648.0,6.26,0.6389776357827559,10.0,6.89,False,False,True,71.03100775193799
535,301335.SZ,天元宠物,0.05629314922995213,39.33121019108281,2.0862472731124284,1.9115572688939886,1.0844269746649196,0.9398693975002005,88390447.0,19.9,20.48,19.71,20.4,1582491.0,32044323.0,19.9,2.5125628140703515,20.0,23.88,False,False,True,70.99612403100774
536,300888.SZ,稳健医疗,0.24086279209107245,23.421667965705396,1.9379295795639209,0.8290521211572934,1.4318235494322349,0.5911349658930215,580360952.0,29.51,29.56,29.07,29.31,2843735.0,84672201.0,29.68,-1.2466307277628097,20.0,35.62,False,False,True,70.93023255813952
537,002086.SZ,东方海洋,0.07602339181286545,33.757961783439484,2.109172113181065,2.4032580621420654,0.9321610186004747,0.9952691558640803,1580971270.0,1.69,1.75,1.69,1.75,37815941.0,65253978.0,1.7,2.941176470588247,10.0,1.87,False,False,True,70.91666666666667
538,002393.SZ,力生制药,0.09147869674185466,32.759910246821256,2.15770390989942,1.4712202290151821,1.2314865649503048,0.5690566595974272,300217443.0,14.1,14.23,13.9,14.21,2513443.0,35387385.0,14.1,0.7801418439716379,10.0,15.51,False,False,True,70.69186046511628
539,300138.SZ,晨光生物,0.2747747747747746,30.99885189437428,1.8218936090694915,1.5818965564423044,0.9033750049642651,1.101597282643995,398313292.0,10.51,10.54,10.21,10.33,6941059.0,71763348.0,10.54,-1.992409867172662,20.0,12.65,False,False,True,70.6841085271318
540,688016.SH,心脉医疗,0.22248366013071907,27.457098283931348,1.914547529899913,1.6060128595714398,1.0100117985747321,0.6187419821459877,123262117.0,91.84,92.18,90.34,91.37,1224865.0,111661943.0,91.84,-0.5117595818815324,20.0,110.21,False,False,True,70.5813953488372
541,000978.SZ,桂林旅游,0.1222222222222221,39.370078740157474,1.7337465175900473,2.2644597895273986,0.8329961404339667,1.1379831851477775,468121563.0,5.48,5.72,5.46,5.71,12063100.0,67704380.0,5.52,3.4420289855072506,10.0,6.07,False,False,True,70.57848837209302
542,300453.SZ,三鑫医疗,0.36217948717948734,21.28654970760231,1.5801739275347766,2.030784694431741,0.8833072270128339,0.7965927288923306,362126706.0,9.11,9.34,9.05,9.32,5859744.0,54430329.0,9.17,1.6357688113413316,20.0,11.0,False,False,True,70.45542635658916
543,605009.SH,豪悦护理,0.13181183046110842,36.54404646660214,1.8810394568438702,0.9503027472318739,1.4992490136701375,0.3655598310075424,214957453.0,23.25,23.6,23.16,23.56,747017.0,17494652.0,23.49,0.29799914857386867,10.0,25.84,False,False,True,70.4437984496124
544,600660.SH,福耀玻璃,0.33126293995859213,25.894962486602346,1.9096553555875482,0.835249518816982,1.204851725951536,0.6943116576726183,2002986332.0,54.12,55.48,53.98,55.36,11615788.0,652438835.0,54.65,1.2991765782250697,10.0,60.12,False,False,True,70.31976744186046
545,300760.SZ,迈瑞医疗,0.17906957320638098,33.76533209905115,1.682380702128268,1.0434454668646602,1.5179897139491607,0.6197281340284606,1211304108.0,149.32,150.31,147.84,149.61,7833006.0,1177755053.0,151.07,-0.9664393989541109,20.0,181.28,False,False,True,70.28682170542636
546,600621.SH,华鑫股份,0.18982118294360392,26.825127334465204,1.8422810669888197,1.5436698868114576,1.2137705153986809,0.5668204223431453,1060899292.0,13.12,13.27,13.04,13.24,9282695.0,123553409.0,13.16,0.6079027355623046,10.0,14.48,False,False,True,70.21511627906978
547,000906.SZ,浙商中拓,0.19680851063829793,38.21138211382114,1.6396507242056706,1.2777554416671622,1.124636760805079,0.6567743507397168,703701505.0,5.28,5.39,5.26,5.36,5902831.0,31405662.0,5.29,1.3232514177693888,10.0,5.82,False,False,True,70.21124031007751
548,600155.SH,华创云信,0.15807560137457044,24.90347490347491,1.8040566259239417,1.5896972619965624,1.412605200348689,0.7877149695265935,2213542477.0,5.65,5.71,5.62,5.67,27718606.0,157094407.0,5.64,0.5319148936170359,10.0,6.2,False,False,True,70.20930232558139
549,300144.SZ,宋城演艺,0.1278195488721804,35.06261180679786,1.7081481264314184,1.5611556436623635,1.3247373507075972,0.964796411428757,2581597994.0,6.05,6.07,5.96,6.03,38936469.0,234313935.0,6.1,-1.147540983606543,20.0,7.32,False,False,True,70.13565891472868
550,601319.SH,中国人保,0.29005524861878446,18.23899371069182,2.115788974686969,0.309910344313655,1.5516051421240662,0.6617556484839862,35497756583.0,7.4,7.47,7.33,7.44,72800546.0,549816716.0,7.41,0.4048582995951344,10.0,8.15,False,False,True,70.09883720930233
551,605338.SH,巴比食品,0.08690176322418151,38.79781420765027,2.2926006740064526,1.1126315856085136,1.189303496349984,0.5992509419500364,239566662.0,17.86,18.27,17.5,18.27,1597300.0,28770151.0,17.85,2.35294117647058,10.0,19.64,False,False,True,70.01162790697674
552,601375.SH,中原证券,0.29661016949152547,15.44715447154472,1.4876508696157118,1.6162821332101416,1.32716700687814,0.7350282109717222,3447519699.9999995,4.03,4.1,4.03,4.1,40956981.0,167351332.0,4.04,1.4851485148514865,10.0,4.44,False,False,True,69.98643410852713
553,601368.SH,绿城水务,0.15625000000000003,25.742574257425744,2.205699141542188,1.096574941208536,1.3579006218950127,0.6540588878148392,882973077.0,4.26,4.38,4.26,4.38,6332900.0,27381425.0,4.29,2.0979020979021046,10.0,4.72,False,False,True,69.96317829457364
554,002701.SZ,奥瑞金,0.20502092050209209,31.8840579710145,1.6759142369757878,1.3659641289220845,1.3010087468362663,0.7015543013965025,2557357434.0,4.61,4.69,4.58,4.69,24507114.0,113940929.0,4.63,1.2958963282937441,10.0,5.09,False,False,True,69.92635658914728
555,688065.SH,凯赛生物,0.2126111560226353,31.475326003579653,2.145822275217985,1.0819142439470506,1.094437695827771,0.5890727370961201,583378039.0,44.35,44.83,43.88,44.54,3718021.0,166941130.0,44.37,0.3831417624521105,20.0,53.24,False,False,True,69.88178294573645
556,001289.SZ,龙源电力,0.2958801498127342,31.613324624428472,2.344932074316311,0.207865833013677,1.0281952504460754,1.1122772019577065,5041934164.0,16.35,16.81,16.27,16.68,11657175.0,193896941.0,16.39,1.7693715680292765,10.0,18.03,False,False,True,69.84689922480621
557,603383.SH,顶点软件,0.08888888888888884,34.90865766481335,2.213926405642439,2.007529503432278,1.0058607434847016,1.4160057589259836,205376359.0,27.2,28.31,27.0,27.85,5838179.0,161841170.0,27.22,2.3144746509919267,10.0,29.94,False,False,True,69.65310077519379
558,600109.SH,国金证券,0.32333333333333336,22.6790450928382,1.8162575121160345,1.100520947071846,1.293991008929906,0.608605009372996,3705364910.0,8.5,8.66,8.47,8.62,24817888.0,213202958.0,8.51,1.2925969447708408,10.0,9.36,False,False,True,69.64147286821705
559,600161.SH,天坛生物,0.13333333333333333,34.39490445859872,2.0150251217071644,0.8954715582557211,1.802244398393463,0.6835229828018209,1977371446.0,12.36,12.44,12.21,12.27,12103004.0,150578940.0,12.41,-1.1281224818694646,10.0,13.65,False,False,True,69.35852713178295
560,000972.SZ,中基健康,0.13207547169811332,31.147540983606568,2.2536346206151956,1.303463255763151,1.2296825329552086,0.6717517765050594,771283579.0,3.32,3.37,3.29,3.36,6753388.0,22523633.0,3.33,0.9009009009008917,10.0,3.66,False,False,True,69.25
561,002223.SZ,鱼跃医疗,0.18548387096774197,32.55418614534638,1.5377066352488518,1.5088868075253212,1.4527841258819,0.7259159882315288,942293319.0,27.15,27.37,26.72,26.96,10321177.0,282435661.0,27.44,-1.7492711370262426,10.0,30.18,False,False,True,69.24418604651163
562,300119.SZ,瑞普生物,0.20959332638164754,32.13515456506111,2.047724312261768,1.380163362567931,1.0802611304146397,0.7817207950796822,338529850.0,15.81,16.35,15.65,16.08,3645545.0,58191458.0,15.92,1.0050251256281229,20.0,19.1,False,False,True,69.20542635658914
563,603858.SH,步长制药,0.3245469522240527,20.866425992779767,2.032402937764888,0.739581077849088,1.4391213457060728,0.6687270290088698,1054568442.0,15.77,15.9,15.47,15.62,5215662.0,82352484.0,15.82,-1.2642225031605614,10.0,17.4,False,False,True,69.13372093023256
564,600182.SH,S佳通,0.14507772020725357,22.093981863149214,2.173532067084051,1.520602705882348,1.3390478967953547,0.4208857432149775,170000000.0,12.67,12.89,12.67,12.89,1088000.0,13920750.0,12.69,1.5760441292356209,10.0,13.96,False,False,True,69.13372093023256
565,600570.SH,恒生电子,0.07467204843592333,38.87225548902195,2.190295158358463,1.6815425900322871,1.150315527147928,0.6231187905298877,1893647942.0,21.5,21.53,21.21,21.51,19841658.0,424110025.0,21.52,-0.04646840148697651,10.0,23.67,False,False,True,69.09883720930233
566,002007.SZ,华兰生物,0.26923076923076905,23.549488054607504,1.9644496573591923,0.9585068112155966,1.4998061764398496,0.8038536086948377,1573543054.0000002,13.08,13.14,12.9,13.1,12124136.0,157955513.0,13.19,-0.6823351023502622,10.0,14.51,False,False,True,69.04651162790698
567,002027.SZ,分众传媒,0.1861702127659575,39.68253968253968,1.4448961501139137,1.3160151694747402,1.3365036317254757,0.4680490138848671,14442199726.0,5.07,5.11,5.02,5.1,88958116.0,455191685.0,5.11,-0.1956947162426781,10.0,5.62,False,False,True,68.86046511627907
568,688475.SH,萤石网络,0.30379746835443044,26.011787819253442,2.1238249385732746,0.755789276190471,1.2903873216916408,1.2303788951469812,787500000.0,28.78,28.95,27.92,28.62,7323019.0,207599629.0,28.75,-0.4521739130434743,20.0,34.5,False,False,True,68.84302325581396
569,000919.SZ,金陵药业,0.1007556675062973,29.629629629629626,1.9399026930683845,2.285701419107004,1.2251337402526867,0.9193318689987552,621717978.0,6.03,6.21,6.0,6.2,13064400.0,79983958.0,6.07,2.1416803953871577,10.0,6.68,False,False,True,68.83042635658916
570,000552.SZ,甘肃能化,0.3999999999999999,33.18385650224216,1.9059738698835154,1.5852230116333608,0.7241610234116539,1.0935142622326994,3725813542.0,2.53,2.63,2.53,2.61,64585631.0,167310294.0,2.55,2.35294117647058,10.0,2.81,False,False,True,68.79263565891472
571,600062.SH,华润双鹤,0.276595744680851,18.193979933110384,2.0094178481284644,1.0417909083147907,1.5411627708488553,0.7594035160998367,1038225388.0,16.66,16.81,16.49,16.72,8213813.0,139896861.0,16.77,-0.29815146094216427,10.0,18.45,False,False,True,68.76356589147287
572,300869.SZ,康泰医学,0.05017301038062285,35.470941883767516,2.33760661525326,1.8229118566451756,1.4463014582371527,0.7049745176823657,263734916.0,10.5,10.62,10.38,10.62,3390092.0,35588943.0,10.56,0.5681818181818121,20.0,12.67,False,False,True,68.75581395348838
573,300022.SZ,吉峰科技,0.09281437125748494,39.08205841446453,2.0884122201778164,2.36620799747787,0.8928225872607949,0.5076098768831844,494225980.0,7.5,7.65,7.47,7.65,5936200.0,44948272.0,7.5,2.0000000000000018,20.0,9.0,False,False,True,68.7015503875969
574,000650.SZ,仁和药业,0.28436018957345993,19.279661016949156,1.5232796847288226,1.7016890274348468,1.4274708146739237,0.6899064184262703,1331385834.0,5.3,5.4,5.27,5.37,15630552.0,83623727.0,5.32,0.9398496240601517,10.0,5.85,False,False,True,68.69961240310077
575,001322.SZ,箭牌家居,0.10705596107055967,38.39285714285716,2.284598972722235,0.813138820853636,1.476964682272237,0.3599496342892774,785611975.0,5.99,6.12,5.97,6.11,2299400.0,13925953.0,6.04,1.1589403973510048,10.0,6.64,False,False,True,68.6375968992248
576,600380.SH,健康元,0.2910602910602911,20.594713656387654,2.0326638454946537,1.041745348410857,1.408097137649807,0.8802839671671666,1829453386.0,10.45,10.48,10.16,10.31,16776668.0,172759404.0,10.48,-1.6221374045801484,10.0,11.53,False,False,True,68.56976744186046
577,000850.SZ,华茂股份,0.1661341853035144,36.498516320474764,1.9690644482844764,1.392435132386668,1.175911967991909,0.5273660428332236,943374379.0,3.88,3.98,3.85,3.98,6927416.0,27253861.0,3.89,2.3136246786632286,10.0,4.28,False,False,True,68.48643410852713
578,605266.SH,健之佳,0.19083969465648853,32.82442748091603,2.0907785376107695,1.2655834371146342,1.1929013372546375,0.8378247283037311,154542928.0,15.5,15.91,15.46,15.9,1638676.0,25694671.0,15.66,1.5325670498084198,10.0,17.23,False,False,True,68.46317829457365
579,688563.SH,航材股份,0.11408977556109713,35.49289711579855,2.304354887803041,2.2566881616677925,0.8206580396576629,0.5422771585369662,135542674.0,50.26,50.99,49.89,50.83,1457826.0,73631316.0,50.12,1.416600159616932,20.0,60.14,False,False,True,68.41860465116278
580,002120.SZ,韵达股份,0.23076923076923078,33.719008264462815,1.5340123774784344,1.4981346297818212,1.3594329282201276,0.6042360812975991,2815129913.0,6.68,6.71,6.6,6.71,25483316.0,169897577.0,6.68,0.44910179640718084,10.0,7.35,False,False,True,68.35658914728681
581,600718.SH,东软集团,0.17971530249110332,33.90070921985815,2.1962387318171808,1.355941578032267,1.089245984906471,0.7814524896620846,1196438852.0,8.01,8.09,7.89,8.04,12677513.0,101490100.0,8.06,-0.24813895781639062,10.0,8.87,False,False,True,68.32751937984497
582,600272.SH,开开实业,0.06053550640279409,31.18609406952966,2.261548348017029,2.25080953125,1.3006233162308707,0.7400392955839986,160000000.0,10.22,10.5,10.19,10.5,2665100.0,27625456.0,10.3,1.9417475728155331,10.0,11.33,False,False,True,68.31589147286822
583,002399.SZ,海普瑞,0.21606118546845138,28.117647058823536,2.35235663373384,0.5325276239359544,1.4869826706585552,0.7222072093178162,1247201704.0,9.57,9.65,9.38,9.65,4796679.0,45743362.0,9.63,0.20768431983384517,10.0,10.59,False,False,True,68.27713178294574
584,600587.SH,新华医疗,0.2194767441860465,24.778761061946895,1.9826819389659285,1.4370988356148515,1.3865834517635949,0.7661423913580531,606644549.0,12.7,12.87,12.57,12.73,6679292.0,84710633.0,12.81,-0.6245120999219367,10.0,14.09,False,False,True,68.18798449612403
585,301109.SZ,军信股份,0.2604735883424407,34.68724614134848,1.6004571292366485,2.4236480924334316,0.8477140845784757,0.7466049557145161,230338122.0,13.72,13.85,13.5,13.81,4167986.0,57095809.0,13.74,0.5094614264919972,20.0,16.49,False,False,True,68.14341085271317
586,000682.SZ,东方电子,0.26615969581749055,32.773851590106,1.9030089503177972,1.8747175002734213,0.9255225855118671,1.1253339172687362,1340600019.0,11.41,12.12,11.4,12.07,28282410.0,336710287.0,11.5,4.956521739130437,10.0,12.65,False,False,True,68.06201550387597
587,002349.SZ,精华制药,0.2723404255319148,26.711185308848062,2.0628939459603113,1.5912038065132281,1.068032597915283,0.9911250377220786,814180908.0,6.62,6.76,6.58,6.74,12840300.0,85650977.0,6.63,1.6591251885369473,10.0,7.29,False,False,True,67.84883720930232
588,000528.SZ,柳    工,0.20463320463320475,38.60845839017735,1.7278065480415699,1.7495963678692927,1.0488052496516485,1.4152765356833856,2035002777.0,8.37,8.74,8.28,8.7,50378601.0,431418604.0,8.39,3.694874851013097,10.0,9.23,False,False,True,67.81976744186046
589,603194.SH,中力股份,0.1274182788525686,19.243774976944362,2.283118405622645,1.6482256728004252,1.523486962589572,0.555998493688274,158026913.0,32.99,33.8,32.78,33.64,1448176.0,48362025.0,32.95,2.0940819423368673,10.0,36.25,False,False,True,67.76356589147287
590,603589.SH,口子窖,0.13880855986119137,39.783722253841766,2.0298143036785286,1.083102031160753,1.3611540987726123,0.8209250650116359,598119472.0,19.75,19.81,19.44,19.56,5318153.0,104100852.0,19.97,-2.0530796194291434,10.0,21.97,False,False,True,67.68023255813954
591,688278.SH,特宝生物,0.22028712638267828,23.2,2.2541817449528034,1.0371046309179706,1.4964861305511068,0.5806736600216565,408189480.0,58.83,59.35,57.9,59.08,2458196.0,143928431.0,59.36,-0.4716981132075526,20.0,71.23,False,False,True,67.67829457364341
592,300999.SZ,金龙鱼,0.31418624891209745,28.425720620842565,1.4938666062567885,2.0850193638831844,1.0933234469107516,0.7010599920566872,542647097.0,26.15,26.26,25.84,26.07,7932001.0,206741238.0,26.16,-0.34403669724770714,20.0,31.39,False,False,True,67.64147286821705
593,002215.SZ,诺 普 信,0.09003831417624532,32.178217821782184,2.411664901428218,2.2283132631214793,1.0227857931371762,0.7342117458693787,808061974.0,8.46,8.69,8.38,8.66,13220649.0,113415393.0,8.55,1.2865497076023358,10.0,9.41,False,False,True,67.62403100775194
594,002551.SZ,尚荣医疗,0.05882352941176468,39.99999999999999,2.1047312603745008,2.466218607823213,1.1278162127367592,1.1299670017325403,611186723.0,2.76,2.87,2.73,2.86,17032202.0,47833450.0,2.77,3.2490974729241895,10.0,3.05,False,False,True,67.4108527131783
595,600688.SH,上海石化,0.1562500000000001,37.77777777777778,1.944637453747776,1.4193504849045442,1.3001565532900883,0.9470863109360927,7328813500.0,2.81,2.9,2.8,2.88,98517386.0,282224053.0,2.81,2.491103202846978,10.0,3.09,False,False,True,67.34786821705427
596,001324.SZ,长青科技,0.1124031007751939,33.06845965770171,2.3010233605700003,2.2737865942028943,0.9778363466526018,0.7347036984688919,138000000.0,17.2,18.16,17.03,17.82,2305372.0,40440251.0,17.23,3.4242600116076494,10.0,18.95,False,False,True,67.33139534883722
597,301103.SZ,何氏眼科,0.053997923156801624,38.22314049586777,2.446731628484991,1.933950767360229,1.2491058506611965,0.8276119773369792,121633616.0,14.99,15.18,14.76,15.14,1946820.0,29072947.0,15.04,0.6648936170212894,20.0,18.05,False,False,True,67.10077519379846
598,600739.SH,辽宁成大,0.28997289972899726,24.020618556701034,2.078744960056672,1.1761462631165434,1.4355887281746602,0.7771674258758274,1522315928.0000002,10.76,10.84,10.67,10.76,13914920.0,151797151.0,10.77,-0.09285051067781103,10.0,11.85,False,False,True,67.09883720930233
599,600918.SH,中泰证券,0.29435483870967755,23.51738241308794,1.7063355491985213,1.3596018615543926,1.9997993277701114,0.5510791515415628,4562824063.0,5.6,5.66,5.58,5.66,34186879.0,192563708.0,5.62,0.7117437722419906,10.0,6.18,False,False,True,67.06976744186046
600,000999.SZ,华润三九,0.36701030927835043,23.24074074074074,2.011056745138471,1.005230219401275,1.4488334680068655,0.6148933253020517,1662560811.0,24.91,25.28,24.87,25.13,10276548.0,257946371.0,25.16,-0.11923688394277487,10.0,27.68,False,False,True,66.9186046511628
601,601688.SH,华泰证券,0.3760896637608967,22.805017103762836,2.105886480774548,1.3693188278374842,1.1229166177169787,0.541613439840622,7306758106.0,20.19,20.45,19.98,20.4,54189949.0,1122121802.0,20.19,1.0401188707280795,10.0,22.21,False,False,True,66.86627906976744
602,002901.SZ,大博医疗,0.17908201655380004,24.71852610030707,2.2685380572371088,1.1427642365467894,1.8710000414399062,0.6996126904237192,288412223.0,43.85,44.27,42.71,43.58,2305874.0,100060813.0,43.84,-0.5930656934306722,10.0,48.22,False,False,True,66.80232558139535
603,002351.SZ,漫步者,0.18632478632478655,30.32694475760993,1.8143077704105717,1.9520226284389646,1.3491015456552935,0.7747300082995043,527441600.00000006,9.93,10.08,9.85,9.93,7963300.0,79021288.0,9.96,-0.3012048192771233,10.0,10.96,False,False,True,66.7422480620155
604,001228.SZ,永泰运,0.21065573770491813,39.207593891869564,2.026858075274406,1.9082275229069179,0.8859516068789213,0.694488895313509,79864609.0,25.17,26.35,25.17,26.32,1058400.0,27362266.0,25.17,4.568931267381804,10.0,27.69,False,False,True,66.68023255813954
605,301039.SZ,中集车辆,0.24155844155844175,39.212598425196866,1.9000567287655976,1.176306459353769,1.2137312326455185,1.0252275000189646,1446957375.0,7.22,7.59,7.22,7.56,17461448.0,129712989.0,7.28,3.8461538461538325,20.0,8.74,False,False,True,66.67635658914729
606,603889.SH,新澳股份,0.3442028985507246,31.673306772908383,1.9587138806686002,1.3235799292518402,1.1470063934181574,1.0586611478701509,942137356.0,5.3,5.58,5.29,5.5,13201442.0,72319876.0,5.3,3.7735849056603765,10.0,5.83,False,False,True,66.62403100775194
607,601888.SH,中国中免,0.11901365396372535,33.192940232651424,2.2027013376545024,2.0272355611128674,1.168808967504912,0.7966360399441923,1952475544.0,55.42,55.57,54.33,55.24,31531873.0,1731777277.0,55.7,-0.8258527827648132,10.0,61.27,False,False,True,66.6046511627907
608,301267.SZ,华厦眼科,0.23188405797101433,29.65034965034963,2.2500043129860408,0.9737880789076049,1.4813143202593817,0.6129251523891752,648444383.0,16.13,16.23,15.9,16.04,3870300.0,62143007.0,16.22,-1.1097410604192337,20.0,19.46,False,False,True,66.56395348837209
609,600166.SH,福田汽车,0.2601626016260165,36.524822695035475,2.0845165625713227,1.7628707780365256,0.9116148717526334,1.553490618360766,7917400367.000001,2.95,3.15,2.94,3.14,216826181.0,667265713.0,2.95,6.440677966101682,10.0,3.25,False,False,True,66.4748062015504
610,600056.SH,中国医药,0.2790123456790122,27.59036144578313,1.9107689412593185,1.4033282481565135,1.4977851544777496,0.7896938309266494,1495351478.0,9.38,9.51,9.29,9.44,16571480.0,155708589.0,9.43,0.10604453870626251,10.0,10.37,False,False,True,66.38372093023256
611,300294.SZ,博雅生物,0.10604982206405696,35.48387096774193,2.2978692672304626,1.559533481668322,1.388113095892152,0.6718594151912303,504248738.0,15.09,15.2,14.85,15.02,5283454.0,79198490.0,15.13,-0.7270323859881134,20.0,18.16,False,False,True,66.33333333333333
612,300482.SZ,万孚生物,0.06820461384152456,34.5,2.057445567697072,2.423324582956423,1.6037948448844912,0.5905198656291001,430066407.00000006,16.66,16.72,16.37,16.67,6154365.0,101757646.0,16.68,-0.05995203836929308,20.0,20.02,False,False,True,66.12015503875969
613,688271.SH,联影医疗,0.2647231174919427,36.34842622607968,1.9726744953261286,1.0156985701629766,1.4001965402723147,0.6190240358188748,824157988.0,113.54,114.46,112.05,113.71,5181826.0,588290209.0,113.7,0.008795074758127797,20.0,136.44,False,False,True,66.1124031007752
614,300833.SZ,浩洋股份,0.12375979112271544,32.49999999999999,2.159397340508648,1.9600233199229815,1.3122322090311385,0.6835976271869793,81253477.0,31.55,32.19,31.0,31.9,1088697.0,34415617.0,31.57,1.0452961672473782,20.0,37.88,False,False,True,65.98837209302326
615,002139.SZ,拓邦股份,0.09147869674185469,35.89164785553047,1.986890412077527,2.401744360853786,1.3431268118782436,0.5393797201459757,1071089847.0,9.56,9.67,9.44,9.65,13875457.0,132723374.0,9.59,0.6256517205422307,10.0,10.55,False,False,True,65.93604651162791
616,300110.SZ,华仁药业,0.16417910447761178,32.780082987551864,1.8857660192675136,2.319921402873836,1.1726767981580128,0.9121077709165295,1181425107.0,2.62,2.71,2.59,2.69,24998565.0,66216263.0,2.63,2.281368821292773,20.0,3.16,False,False,True,65.8953488372093
617,300636.SZ,同和药业,0.1299093655589123,32.40589198036006,2.4482994783028578,1.9412762850629366,1.0865836279192809,0.5941582866060596,367310277.0,6.53,6.61,6.44,6.55,4236650.0,27634618.0,6.54,0.1529051987767538,20.0,7.85,False,False,True,65.75581395348837
618,600993.SH,马应龙,0.25057471264367814,24.636275460717737,1.8788272914308828,1.6468275791326714,1.719226632290671,0.7005170067320677,430317966.0,22.7,23.15,22.59,23.02,4964162.0,117203434.0,22.8,0.9649122807017463,10.0,25.08,False,False,True,65.67635658914729
619,600211.SH,西藏药业,0.1741784037558686,25.185185185185176,2.089265504012471,1.690719593380962,1.753871509886603,0.6329825240556323,322319196.0,37.28,37.63,36.86,37.35,3449447.0,132384420.0,37.46,-0.2936465563267432,10.0,41.21,False,False,True,65.66279069767442
620,300298.SZ,三诺生物,0.22568460812086877,29.3193717277487,1.8095655378783193,1.7768184933680875,1.6076413303552999,0.9741006885479533,448001059.0,15.71,15.78,15.28,15.42,7753160.0,119632086.0,15.76,-2.1573604060913687,20.0,18.91,False,False,True,65.62790697674419
621,001390.SZ,古麒绒材,0.04316109422492406,32.45398773006134,2.428327212630369,2.4650811905278025,1.8756998308798094,0.4405252115437851,118779250.0,17.01,17.3,16.8,17.25,1289860.0,21979842.0,17.01,1.4109347442680775,10.0,18.71,False,False,True,65.56395348837209
622,603883.SH,老百姓,0.20956719817767655,33.562315996074574,1.9306583669437507,1.5449657333580409,1.499596258899005,0.8568748661414215,758890236.0,11.93,12.11,11.86,12.07,10046510.0,123172223.0,12.03,0.33250207813799726,10.0,13.23,False,False,True,65.54457364341086
623,000153.SZ,丰原药业,0.10402684563758378,30.101010101010097,2.269507172232749,2.2540752664008346,1.3148497738582263,0.8582260060031863,460855922.0,5.26,5.41,5.21,5.39,8910820.0,47391202.0,5.26,2.471482889733845,10.0,5.79,False,False,True,65.48255813953489
624,000685.SZ,中山公用,0.3250950570342207,29.80671414038656,1.845041276450636,1.7520200076057528,1.2284001134901248,1.3277888899750532,1246581940.0,10.7,11.17,10.67,11.13,28999394.0,317842140.0,10.73,3.727865796831309,10.0,11.8,False,False,True,65.29457364341084
625,600179.SH,安通控股,0.34383954154727786,20.14563106796117,2.3461426194816655,1.4130939475404103,1.1599599265066018,0.5902938941900964,3862278495.0,4.24,4.32,4.23,4.29,32216838.0,137887386.0,4.26,0.7042253521126751,10.0,4.69,False,False,True,65.2751937984496
626,002390.SZ,信邦制药,0.25490196078431376,33.07086614173227,2.152471446091094,1.5749734745085238,1.138632793735485,0.6577741503585401,1927818234.0,2.92,2.96,2.9,2.96,19971715.0,58484299.0,2.93,1.0238907849829282,10.0,3.22,False,False,True,65.23837209302326
627,688389.SH,普门科技,0.26692456479690535,37.60683760683763,2.2412211096477987,0.7617599073836091,1.3230408884066251,0.6336039852544361,428485730.0,10.74,10.76,10.47,10.57,2068104.0,21859574.0,10.74,-1.582867783985098,20.0,12.89,False,False,True,65.22674418604652
628,002601.SZ,龙佰集团,0.2823297137216189,33.16251830161055,1.9594095761445307,1.6985600311175457,1.1653625012220477,0.5693821126709628,1979780012.0,16.4,16.89,16.33,16.83,19166880.0,320615634.0,16.52,1.8765133171912751,10.0,18.17,False,False,True,65.1453488372093
629,688505.SH,复旦张江,0.1467710371819961,25.37993920972643,2.469363413162355,1.3620347674782003,2.161056844126628,0.667278000330029,710572100.0000001,7.25,7.38,7.12,7.34,6458076.0,46877817.0,7.33,0.13642564802183177,20.0,8.8,False,False,True,64.84108527131782
630,001328.SZ,登康口腔,0.2486997635933805,37.283950617283935,2.4093802976807277,1.035665969357557,1.1353785799894789,1.2635853462188096,161716900.0,29.57,29.97,28.58,29.31,2116312.0,61905694.0,29.56,-0.8457374830852515,10.0,32.52,False,False,True,64.81201550387597
631,600420.SH,国药现代,0.29066666666666696,24.540682414698157,2.3992920112448397,1.019283398889838,1.530324254183362,0.9305052498068338,1341172692.0,8.65,8.83,8.55,8.64,12720333.0,111282519.0,8.71,-0.8036739380023028,10.0,9.58,False,False,True,64.71317829457364
632,002557.SZ,洽洽食品,0.2611637347767252,30.34482758620691,2.3169481854616283,1.548163078065214,1.1639894064325562,0.6854535872512618,504268856.0,19.26,19.29,18.85,19.11,5352076.0,101878792.0,19.33,-1.1381272633212536,10.0,21.26,False,False,True,64.5
633,002111.SZ,威海广泰,0.2806451612903228,37.39445114595901,1.8683564051525459,1.9033660466995828,1.0893455295615417,0.8565283878785738,488751597.0,9.15,9.27,9.05,9.27,7968054.0,73135077.0,9.16,1.2008733624454093,10.0,10.08,False,False,True,64.44379844961242
634,300009.SZ,安科生物,0.1713747645951036,22.585034013605455,2.1006681145594253,2.146248615727451,1.6033180620463028,0.8284248845662879,1230879578.0,8.2,8.28,8.02,8.21,21883918.0,178743804.0,8.26,-0.6053268765133013,20.0,9.91,False,False,True,64.39147286821706
635,000623.SZ,吉林敖东,0.39431616341030185,17.40211311373525,2.052391079145684,1.494163868875913,1.5117154676118125,0.7580139320549806,1191023318.0,18.05,18.4,18.03,18.31,13489401.0,245887761.0,18.31,0.0,10.0,20.14,False,False,True,64.31201550387597
636,688289.SH,圣湘生物,0.17470525187566976,39.92537313432835,2.114103896743446,1.203451853989532,1.5463716964300072,0.5967376246614328,579388006.0,14.95,15.09,14.72,14.9,4160846.0,61877259.0,15.03,-0.8649367930804952,20.0,18.04,False,False,True,64.27906976744187
637,600085.SH,同仁堂,0.298828125,30.04672897196261,2.079991511687866,1.0971037737309635,2.11032683346668,0.6432792926864087,1371470262.0,25.99,26.0,25.48,25.82,9679071.0,248822837.0,25.99,-0.6540977298961081,10.0,28.59,False,False,True,64.19573643410853
638,000860.SZ,顺鑫农业,0.19334186939820738,36.35405690200211,1.826788962793819,1.6898367729869352,1.734383366669427,0.607380435834779,741766989.0,10.85,10.98,10.73,10.85,7613302.0,82514642.0,11.0,-1.3636363636363669,10.0,12.1,False,False,True,64.16666666666667
639,002523.SZ,天桥起重,0.13615023474178403,38.811188811188835,2.157179780733151,1.8975646377956488,1.2405307891483188,1.408910317750708,1411542683.0,3.16,3.34,3.16,3.34,37737571.0,123259137.0,3.15,6.0317460317460325,10.0,3.47,False,False,True,64.13178294573643
640,000049.SZ,德赛电池,0.16013437849944007,34.17040358744394,2.351476469970352,2.3238724971573523,1.0089053758723248,0.8418955790769528,384534862.0,23.73,24.35,23.55,24.29,7523263.0,181603169.0,23.73,2.359882005899694,10.0,26.1,False,False,True,64.01744186046511
641,601601.SH,中国太保,0.2875514403292181,36.34020618556701,2.071454723080427,1.0033371916225993,1.6311087467395387,0.7721058746317008,6845041455.0,32.75,32.9,32.23,32.81,53027341.0,1727502422.0,32.75,0.1832061068702373,10.0,36.03,False,False,True,63.99224806201551
642,600763.SH,通策医疗,0.1635347892331132,36.79680295112205,2.1456104946751493,2.1331302254778484,1.137185916202367,0.7568986163236407,447289117.0,35.4,35.85,34.93,35.58,7221766.0,255029009.0,35.75,-0.4755244755244803,10.0,39.33,False,False,True,63.95348837209303
643,603668.SH,天马科技,0.07820646506777894,38.1094527363184,2.211930733808245,2.409969979798124,1.3856459281192623,0.433622919646234,505796732.0,10.68,10.84,10.68,10.81,5285668.0,56851780.0,10.8,0.09259259259259967,10.0,11.88,False,False,True,63.90116279069766
644,300441.SZ,鲍斯股份,0.20911528150134054,22.393162393162402,2.3382807452913292,1.599677122637342,1.7306795128528991,0.690264606581046,629019147.0,6.55,6.62,6.46,6.57,6940378.0,45180040.0,6.63,-0.9049773755656076,20.0,7.96,False,False,True,63.786821705426355
645,002386.SZ,天原股份,0.24999999999999992,37.77777777777778,2.253438253649729,2.2332169429267275,0.8142745037960436,0.5940965323868252,1301385155.0,5.55,5.74,5.54,5.73,17266133.0,97637492.0,5.55,3.2432432432432545,10.0,6.11,False,False,True,63.731589147286826
646,300194.SZ,福安药业,0.2149532710280374,28.08641975308641,2.0068048121103677,2.1160572108545628,1.5180838282407587,0.8282089615931197,968378683.0,3.67,3.73,3.63,3.71,16971200.0,62423034.0,3.7,0.2702702702702675,20.0,4.44,False,False,True,63.45542635658914
647,000629.SZ,钒钛股份,0.2065217391304347,36.05442176870748,2.0917633618884324,1.8784452817613977,1.2539589427907216,0.783475231819552,9290444430.0,3.02,3.16,3.01,3.14,136728897.0,423686483.0,3.03,3.630363036303641,10.0,3.33,False,False,True,63.45542635658914
648,002162.SZ,悦心健康,0.1671924290220821,38.71951219512195,1.985436079600389,2.1118605327021873,1.2294784032514932,0.7734747543950385,918321621.0,3.76,3.83,3.73,3.83,15000769.0,56708411.0,3.81,0.5249343832020914,10.0,4.19,False,False,True,63.35368217054265
649,000902.SZ,新洋丰,0.3200514138817481,38.61209964412811,1.958602972286442,1.521704957309289,1.1799746780747193,0.7168911389065405,1142783267.0,13.63,13.73,13.3,13.57,12466586.0,170181884.0,13.73,-1.1653313911143437,10.0,15.1,False,False,True,63.2984496124031
650,002521.SZ,齐峰新材,0.0831099195710457,38.095238095238095,2.468493132187129,1.9247185038542096,1.5067236786422755,1.1338749600709868,419173590.0,6.39,6.85,6.33,6.83,9148003.0,61600668.0,6.4,6.718749999999996,10.0,7.04,False,False,True,63.17441860465116
651,603369.SH,今世缘,0.18924111431316032,32.37347294938917,2.450044742662061,1.3959966581232894,1.5479217836140617,0.5527842248690087,1246800037.0,26.5,26.84,26.11,26.59,9621368.0,254570720.0,26.86,-1.005212211466866,10.0,29.55,False,False,True,63.0
652,603707.SH,健友股份,0.21335807050092773,39.43452380952381,2.3886125186908354,1.0167057889766271,1.4332977199400798,0.5856743279101312,1615651020.0000002,7.83,7.9,7.7,7.87,9620531.0,75108120.0,7.87,0.0,10.0,8.66,False,False,True,62.77325581395349
653,603871.SH,嘉友国际,0.38862559241706157,39.354187689202824,2.495612666709024,0.9313967368180162,1.0099988121706494,1.7423386315740237,1368008658.0,12.31,13.02,12.15,12.76,22200161.0,279004817.0,12.37,3.1527890056588515,10.0,13.61,False,False,True,62.695736434108525
654,002567.SZ,唐人神,0.2487309644670052,36.4217252396166,1.931296257747763,1.9263825214770416,1.329909936331643,0.4517869419048441,1431666421.0,3.6,3.65,3.57,3.64,12460000.0,44994727.0,3.62,0.5524861878453136,10.0,3.98,False,False,True,62.63372093023256
655,600812.SH,华北制药,0.2127659574468083,29.68369829683697,2.4494519284638745,1.560035228612286,1.5026679262819114,0.771487125034627,1715730370.0,4.8,4.83,4.7,4.82,20649623.0,98556026.0,4.81,0.20790020790022457,10.0,5.29,False,False,True,62.509689922480625
656,002152.SZ,广电运通,0.20218579234972672,32.092004381161,2.3919609129334463,1.5425275258100553,1.5954383742879643,0.9465112581493053,2482126213.0,10.14,10.28,9.98,10.13,36239540.0,365988911.0,10.24,-1.074218749999989,10.0,11.26,False,False,True,62.21124031007751
657,601336.SH,新华保险,0.33456252095206185,22.09061853731904,2.273484395743165,1.5999748570965342,1.5466441479750688,0.6911589910565731,2085439340.0,62.89,63.92,62.38,63.55,23061560.0,1506509401.0,63.17,0.601551369320874,10.0,69.49,False,False,True,62.00775193798449
658,300529.SZ,健帆生物,0.294979079497908,33.401221995926676,2.0285194176099792,1.621965343507436,1.570059143998862,0.6543425225589211,512402075.0,17.54,17.56,17.18,17.3,5438333.0,94205426.0,17.55,-1.4245014245014231,20.0,21.06,False,False,True,61.951550387596896
659,601933.SH,永辉超市,0.09230769230769226,39.42652329749103,2.4640278384966274,2.0828587927790383,1.3795613432256062,0.6219432151086299,8925037165.0,3.08,3.13,3.03,3.13,115616707.0,356371116.0,3.09,1.2944983818770295,10.0,3.4,False,False,True,61.951550387596896
660,000680.SZ,山推股份,0.36547085201793733,35.6762513312034,2.231866047211722,1.7125313276359906,1.0432677935431616,1.3730005515618737,1314570547.0,10.7,10.96,10.42,10.88,30909957.0,331895874.0,10.8,0.7407407407407307,10.0,11.88,False,False,True,61.94961240310077
661,603768.SH,常青股份,0.2066666666666666,38.089887640449426,2.450129849655977,1.5347517165757292,1.2699847338862518,1.2613527221396441,237955857.0,9.97,10.18,9.71,10.09,4606500.0,45673547.0,9.83,2.64496439471007,10.0,10.81,False,False,True,61.50581395348838
662,600975.SH,新五丰,0.2517482517482517,36.27684964200475,2.150882899755473,1.6514784272742444,1.4641531636366991,0.4538330789618527,1249661740.0,4.9,4.91,4.83,4.9,9366159.0,45698097.0,4.91,-0.20366598778003286,10.0,5.4,False,False,True,61.496124031007746
663,600196.SH,复星医药,0.25477178423236513,24.20693020985847,2.2728232515972655,1.7987997576527175,1.9624769160671691,0.543689658829096,2118488825.0,23.24,23.43,23.07,23.31,20718584.0,489628169.0,23.56,-1.0611205432937143,10.0,25.92,False,False,True,61.4593023255814
664,002262.SZ,恩华药业,0.345724907063197,23.440979955456577,2.2561251540483473,1.6535526735393435,1.588076118724215,0.9611740028794086,883776305.0,21.48,21.95,21.41,21.78,14046605.0,304802994.0,21.68,0.46125461254613587,10.0,23.85,False,False,True,61.30426356589147
665,600613.SH,神奇制药,0.13268608414239488,36.48960739030023,2.4743713996142196,2.177639651815217,1.2805753242948401,0.9445612611525355,479319978.0,4.73,4.92,4.69,4.86,9859200.0,47374782.0,4.74,2.5316455696202445,10.0,5.21,False,False,True,61.18217054263566
666,600096.SH,XD云天化,0.31435406698564594,35.429447852760745,2.478824651526085,2.3159240956118676,0.8293639817558349,0.8656584088271593,1822990731.0,29.0,30.18,28.81,30.03,36547303.0,1094004069.0,29.39,2.177611432460025,10.0,32.33,False,False,True,61.141472868217065
667,300702.SZ,天宇股份,0.2161339421613394,25.639599555061167,2.4660109575825575,2.2473429384071286,1.2928887859002494,0.6664249521877655,211146066.0,20.62,20.92,20.09,20.38,3160527.0,64890668.0,20.82,-2.11335254562921,20.0,24.98,False,False,True,61.12015503875969
668,002594.SZ,比亚迪,0.3583011583011584,36.14021471995861,2.180015325907287,1.5993449535328699,1.223102468677325,0.6060959411362986,3487068722.0,90.43,92.52,89.68,92.31,33801437.0,3104427202.0,91.23,1.1838211114764796,10.0,100.35,False,False,True,60.97480620155038
669,300171.SZ,东富龙,0.12998976458546582,35.67984570877534,2.360007296837194,2.1871869962872945,1.534289090117598,0.8136001666898146,560697223.0,11.54,11.78,11.37,11.74,9977583.0,115993082.0,11.64,0.8591065292096189,20.0,13.97,False,False,True,60.96511627906976
670,002577.SZ,雷柏科技,0.16430260047281328,33.33333333333335,2.347481710648805,1.9732329080460125,1.6800388284721905,0.5102077665260949,280673000.0,16.1,16.7,16.0,16.4,2825700.0,46409651.0,16.1,1.8633540372670732,10.0,17.71,False,False,True,60.90794573643411
671,300146.SZ,汤臣倍健,0.3315789473684214,27.733934611048493,2.117355974885803,1.922994156260071,1.5413574037483642,0.9641014403359796,1120818659.0,10.04,10.1,9.92,10.03,20779254.0,207364071.0,10.13,-0.9871668311944859,20.0,12.16,False,False,True,60.90503875968992
672,600216.SH,浙江医药,0.20375335120643454,38.72778297474275,2.2877523561627635,2.4305527554842823,1.0440721636276713,0.7049810463128278,951389475.0,12.15,12.31,12.0,12.22,16301998.0,198464315.0,12.21,0.08190008190007703,10.0,13.43,False,False,True,60.61046511627908
673,601696.SH,中银证券,0.16562107904642415,30.791505791505802,2.302105585245113,2.332659224262054,1.7086543501300424,0.5908396869347008,2778000000.0,11.65,11.87,11.59,11.8,38287164.0,451243978.0,11.68,1.0273972602739878,10.0,12.85,False,False,True,60.230620155038764
674,600150.SH,中国船舶,0.2532027128862097,35.170025188916874,2.4987797659787456,1.717876726998408,1.2735033014831745,0.8492648538137761,7525621287.999999,33.27,33.87,32.68,33.76,106694876.0,3559901612.0,33.02,2.241066020593574,10.0,36.32,False,False,True,60.10658914728681
675,601058.SH,赛轮轮胎,0.33636363636363636,30.272727272727273,2.4054212604394536,1.6348421357549572,1.4315911899398606,0.6961777881093788,3288100259.0,13.07,13.6,13.06,13.56,37423210.0,507372565.0,13.22,2.571860816944027,10.0,14.54,False,False,True,59.8158914728682
676,002252.SZ,上海莱士,0.33222591362126236,36.363636363636374,2.207253218986131,1.2285739774080195,2.5966912235426736,0.6896011417126049,6588259885.0,5.18,5.21,5.09,5.12,55817151.0,286425933.0,5.18,-1.158301158301156,10.0,5.7,False,False,True,59.630813953488385
677,300026.SZ,红日药业,0.3173652694610777,25.266903914590742,2.047849258636947,2.2831177045721343,1.8732329456868781,0.8193226941833808,3001325425.0,3.31,3.38,3.27,3.35,56143098.0,186584464.0,3.34,0.29940119760478723,20.0,4.01,False,False,True,59.60077519379845
678,002737.SZ,葵花药业,0.3857615894039735,30.422794117647033,2.2556569811817684,1.4966153094586412,2.1006086163081914,0.6914778638989657,583990700.0,13.21,13.33,13.0,13.29,6043590.0,79623978.0,13.21,0.6056018168054456,10.0,14.53,False,False,True,59.14147286821706
679,600867.SH,通化东宝,0.33333333333333315,35.75418994413408,2.4566279526404053,2.020366415484697,1.1821027798028967,0.7606830325632997,1958542829.0,8.12,8.19,7.97,8.12,30100031.0,243007984.0,8.2,-0.9756097560975618,10.0,9.02,False,False,True,57.870155038759684
680,301015.SZ,百洋医药,0.38859315589353627,35.05434782608698,2.2934124363985595,1.9813541882475523,1.8145843135409805,0.6392234002293593,525556577.00000006,23.51,23.75,23.03,23.72,6656321.0,155905623.0,23.51,0.8932369204593726,20.0,28.21,False,False,True,55.484496124031004
