pool_rank,code,name,bottom_percentile,range_60d_pct,mean_abs_return_20d_pct,mean_turnover_20d_pct,recent_volume_ratio,event_volume_ratio,outstanding_share,event_open,event_high,event_low,event_close,event_volume,event_amount,previous_close,event_gain_pct,limit_up_rate_pct,limit_up_price,hit_limit_up,is_st,passes_dormant_filter,dormancy_score
1,000958.SZ,电投产融,0.016064257028112462,15.169660678642716,0.5615494497702472,0.20304083565844847,0.4406356955599068,1.1167102713366455,5383418520.0,5.08,5.13,5.05,5.13,12206244.0,62265225.0,5.05,1.5841584158415856,10.0,5.56,False,False,True,98.36853322999418
2,600905.SH,三峡能源,0.019801980198019816,9.695290858725759,0.3923093859208798,0.2300721300047265,0.5839283119282401,0.8632526437196681,28587650142.0,3.63,3.65,3.62,3.65,56778039.0,206640898.0,3.63,0.5509641873278293,10.0,3.99,False,False,True,98.32203061422206
3,601727.SH,上海电气,0.006147540983606427,14.3987341772152,0.7834521217513035,0.3753846488675915,0.4956808279611355,1.3271848372972666,12615639635.999998,6.36,6.5,6.36,6.5,62851724.0,404516645.0,6.35,2.3622047244094446,10.0,6.99,False,False,True,97.93450881612091
4,600029.SH,南方航空,0.016393442622950952,15.416666666666679,0.5701485160135794,0.3724756489203385,0.5633094248007597,0.974139265428127,13476973184.0,4.87,4.95,4.86,4.93,48900274.0,240633029.0,4.86,1.4403292181069727,10.0,5.35,False,False,True,97.31641154814957
5,688819.SH,天能股份,0.022588522588522647,14.370664023785928,0.7994158514446814,0.19071851661351197,0.6227693493197562,0.9669053196896377,972100000.0,20.58,20.8,20.57,20.7,1792618.0,37076518.0,20.55,0.7299270072992581,20.0,24.66,False,False,True,96.70800232513079
6,601669.SH,中国电建,0.05138339920948612,10.444444444444434,0.6064354571095958,0.5811832449537596,0.5175322262419728,1.054157391054979,13071525850.0,4.6,4.65,4.59,4.61,80083829.0,369419285.0,4.63,-0.4319654427645703,10.0,5.09,False,False,True,96.33404378996318
7,601021.SH,春秋航空,0.015960374243258076,15.922330097087368,0.8169096117473273,0.3968415837306995,0.6005946413669566,1.2336903048586392,978333423.0,41.58,42.05,41.48,41.58,4789721.0,201454045.0,41.49,0.2169197396963085,10.0,45.64,False,False,True,96.06277853129238
8,600779.SH,水井坊,0.0024850894632207107,17.054875641531787,0.905828193820215,0.3962630373436105,0.5909300223316711,1.0436052367895354,487374048.0,25.5,26.15,25.46,25.92,2015923.0,52056193.0,25.38,2.1276595744680993,10.0,27.92,False,False,True,95.71982173997287
9,688425.SH,铁建重工,0.045918367346938715,11.428571428571432,0.5925447360184016,0.24678449055094098,0.7497177659860388,0.6927323650617189,5333497000.0,3.95,3.97,3.93,3.96,9117912.0,36108670.0,3.94,0.50761421319796,20.0,4.73,False,False,True,95.10753729897307
10,601111.SH,中国国航,0.023872679045092802,14.436619718309874,0.8207272391796498,0.46383527814888287,0.6811482023138581,1.3420059779954014,11638109474.0,5.79,5.9,5.78,5.83,72443707.0,423653406.0,5.77,1.0398613518197708,10.0,6.35,False,False,True,95.09397403603951
11,600221.SH,海航控股,0.0,16.260162601626014,0.6191417549767891,0.4399621813269671,0.7381546108697609,0.9822242870383217,42845514933.0,1.23,1.25,1.23,1.24,185153268.0,229824134.0,1.23,0.8130081300812941,10.0,1.35,False,False,True,95.07653555512496
12,688334.SH,西高院,0.07590467784642538,11.715481171548126,0.8107461284870299,0.377750524344709,0.5786904199602259,0.6799389956741608,312171069.0,17.61,17.9,17.6,17.9,801803.0,14274622.0,17.59,1.7623649801023156,20.0,21.11,False,False,True,95.01259445843829
13,601456.SH,国联民生,0.03389830508474565,8.187134502923964,0.6563741613673918,0.3682007741911835,0.7972400375852582,0.7796986515368669,4376981617.0,8.62,8.67,8.61,8.66,12565686.0,108627184.0,8.59,0.8149010477299212,10.0,9.45,False,False,True,94.8130207324162
14,001289.SZ,龙源电力,0.011235955056179539,22.776280323450138,0.7085096323650786,0.08355395197500151,0.5079821086935393,0.9756703794761372,5041934164.0,14.92,15.09,14.83,15.04,4110241.0,61743376.0,14.87,1.143241425689312,10.0,16.36,False,False,True,94.68126332106182
15,600271.SH,航天信息,0.036649214659685896,13.070866141732296,0.9309625435005959,0.532549873728292,0.6433361013911072,0.8196697720285718,1852884638.0,6.65,6.75,6.64,6.69,8088120.0,54186108.0,6.63,0.9049773755656076,10.0,7.29,False,False,True,94.54563069172642
16,600406.SH,国电南瑞,0.06798029556650224,19.190968955785493,0.5517671091308607,0.368026400815825,0.4686968603259159,0.7732470282802922,8008176162.0,21.98,22.12,21.92,22.05,22789293.0,502686484.0,21.95,0.4555808656036442,10.0,24.15,False,False,True,94.36737066459989
17,002959.SZ,小熊电器,0.06612318840579715,16.35157545605306,0.9061663391544812,0.3637829100295034,0.5406589142341974,0.8909167097468264,139794390.0,31.57,31.95,31.36,31.7,453074.0,14417228.0,31.61,0.2847200253084381,10.0,34.77,False,False,True,94.18911063747336
18,002939.SZ,长城证券,0.017114914425427938,10.6958762886598,0.6894207040438982,0.5177233186145486,0.8238589285709159,0.6487014744789634,3602659631.0,7.81,7.88,7.81,7.85,12099456.0,94900358.0,7.79,0.7702182284980763,10.0,8.57,False,False,True,94.15035845766326
19,603885.SH,吉祥航空,0.03384094754653148,15.848670756646221,0.868736763962171,0.540245080216187,0.660411174133581,1.053011666274142,2169005268.0,9.99,10.12,9.99,10.1,12339132.0,124045926.0,9.98,1.2024048096192397,10.0,10.98,False,False,True,93.97984886649874
20,600009.SH,上海机场,0.04429860541427393,12.448700410396718,0.7639386884138566,0.31765559243957103,0.7898938640950701,0.7126437296611231,2480218840.0,22.52,22.78,22.5,22.68,5614602.0,127371088.0,22.47,0.9345794392523477,10.0,24.72,False,False,True,93.97791125750824
21,601881.SH,中国银河,0.0633693972179289,14.987298899237933,0.7951975617213092,0.338790853672138,0.6819308841565376,0.741221068441447,7243417622.999999,11.99,12.1,11.96,12.08,18189592.0,219189685.0,11.95,1.087866108786617,10.0,13.15,False,False,True,93.9333462507266
22,002978.SZ,安宁股份,0.03490870032223427,13.967861557478379,0.8720088581756137,0.6158776056593915,0.6851932130532298,0.8193025216745948,369279558.00000006,25.1,25.25,24.96,25.15,1863348.0,46795741.0,24.92,0.9229534510433179,10.0,27.41,False,False,True,93.91978298779307
23,601868.SH,中国能建,0.10559006211180146,13.333333333333353,0.6439499740013116,0.6046446848020215,0.47389240487112866,0.8307400464725933,32428727636.0,2.43,2.45,2.43,2.43,162890327.0,396914178.0,2.45,-0.8163265306122436,10.0,2.7,False,False,True,93.72117806626622
24,603508.SH,思维列控,0.03302611367127494,15.501222493887546,0.6474930934453378,0.6402241396882479,0.729374449834136,0.5957172000809828,381274377.0,20.94,21.08,20.94,21.02,1454152.0,30584127.0,20.88,0.6704980842911823,10.0,22.97,False,False,True,93.555512497578
25,000858.SZ,五 粮 液,0.02034107252927871,15.702964484884063,0.6640666121219557,0.5620936217968023,0.7842670793110618,0.8183918066084501,3881513391.0,69.11,70.09,68.98,70.0,17855459.0,1243433170.0,69.13,1.2584984811225386,10.0,76.04,False,False,True,93.42181747723309
26,601878.SH,浙商证券,0.06271777003484312,10.17897091722595,0.6986514019721728,0.44091023669510343,0.7999357925225461,0.7391441168947614,4535015039.0,9.0,9.1,9.0,9.08,14818651.0,134370717.0,8.98,1.1135857461024523,10.0,9.88,False,False,True,93.13892656461925
27,605259.SH,绿田机械,0.08924949290060842,14.320388349514568,0.9553503006729253,0.4430806180426671,0.5697052794012404,0.7876733233628899,172480000.0,17.44,17.55,17.25,17.33,601960.0,10489734.0,17.36,-0.1728110599078403,10.0,19.1,False,False,True,93.11180003875218
28,002736.SZ,国信证券,0.06276150627615076,8.633093525179847,0.8075461067030869,0.23803591840046495,0.8280354469264317,0.7565442749898901,10241743060.0,9.8,9.85,9.76,9.82,17606818.0,172721835.0,9.75,0.7179487179487243,10.0,10.73,False,False,True,93.0168571982174
29,002206.SZ,海 利 得,0.016666666666666684,13.441955193482702,0.8451724707776614,0.8323943482399369,0.7193256315114578,0.5401693483474839,1056970986.0,4.99,5.01,4.95,4.96,4752500.0,23648549.0,4.95,0.20202020202020332,10.0,5.45,False,False,True,92.98973067235033
30,300470.SZ,中密控股,0.01488095238095233,17.143919672740804,0.6098166121813242,0.7841325512542251,0.7181683375104427,1.7349398057537149,197334685.0,27.17,28.28,27.17,27.86,2684586.0,74527112.0,27.09,2.84237726098191,20.0,32.51,False,False,True,92.93741522960667
31,002304.SZ,洋河股份,0.026658400495970232,16.554327311943908,1.0059866332724412,0.296626258928363,0.7344675916147493,0.618955403922366,1506409974.0,37.96,38.28,37.93,38.06,2765745.0,105462384.0,37.95,0.28985507246377384,10.0,41.75,False,False,True,92.93354001162564
32,601096.SH,宏盛华源,0.0332326283987915,15.8690176322418,0.7337084581533644,0.9122080094264675,0.6115557941455287,0.8395374487344792,1642976541.0000002,4.09,4.14,4.08,4.11,12582453.0,51792545.0,4.08,0.7352941176470562,10.0,4.49,False,False,True,92.91028870373958
33,002236.SZ,大华股份,0.0386740331491711,12.83043197936815,0.5432797492412982,0.9886349793353609,0.6481556914957517,0.6381971953453872,2391139515.0,15.75,15.82,15.71,15.74,15086753.0,237714625.0,15.69,0.31867431485022024,10.0,17.26,False,False,True,92.83859717109088
34,601117.SH,中国化学,0.03353658536585375,10.704225352112683,0.7561988487650328,0.9289803437543601,0.6980914826316208,0.5366955071926647,6049451162.0,7.17,7.21,7.14,7.19,30161328.0,216666852.0,7.16,0.41899441340782495,10.0,7.88,False,False,True,92.77465607440418
35,601800.SH,中国交建,0.08459214501510556,15.55153707052439,0.7905708823339036,0.20654178405610452,0.7156596462646175,0.8424982742065638,11722873078.999998,5.81,5.86,5.8,5.84,20399100.0,119033305.0,5.81,0.5163511187607606,10.0,6.39,False,False,True,92.72234063166054
36,688009.SH,中国通号,0.037267080745341914,14.254385964912286,0.9267522928437893,0.3101819466100125,0.8287456555948977,0.8136051754646636,8621018000.0,4.62,4.68,4.61,4.67,21756487.0,101209136.0,4.62,1.0822510822510845,20.0,5.54,False,False,True,92.704902150746
37,603809.SH,豪能股份,0.03033707865168535,21.45454545454546,0.7752558287499811,0.6529669875687136,0.5417452702401178,1.0056546630530634,920288807.0,8.54,8.65,8.5,8.57,6043162.0,51758908.0,8.52,0.5868544600938996,10.0,9.37,False,False,True,92.68552606084093
38,601788.SH,光大证券,0.09215017064846433,12.289685442574982,0.826753292663161,0.4538080213149449,0.7034826670365898,0.6862464836887601,3906698839.0,13.88,13.98,13.86,13.94,12166404.0,169461767.0,13.83,0.7953723788864719,10.0,15.21,False,False,True,92.56345669443905
39,002230.SZ,科大讯飞,0.006509078451524659,18.820445609436433,0.7656443796060747,0.9855690218775575,0.5406604620673405,0.7705366321334439,2189966940.0,38.49,38.68,38.44,38.48,16630982.0,641030053.0,38.34,0.3651538862806225,10.0,42.17,False,False,True,92.56151908544855
40,000531.SZ,穗恒运Ａ,0.04666666666666656,18.032786885245898,0.8237685768312331,0.857350512080798,0.4877819395406016,0.8557041292163312,909745488.0,5.62,5.73,5.61,5.65,6674242.0,37869118.0,5.63,0.355239786856143,10.0,6.19,False,False,True,92.44913776399923
41,002340.SZ,格林美,0.017766497461929008,15.901639344262296,0.6721667757587341,1.2179802762739596,0.4820689511700575,0.6926021073425291,5075981882.0,6.18,6.23,6.18,6.23,42819750.0,265696756.0,6.17,0.9724473257698651,10.0,6.79,False,False,True,92.40069753923659
42,002705.SZ,新宝股份,0.09523809523809526,16.540642722117195,0.9490887277369768,0.5079779765807144,0.4798550330665561,3.1950634780283,808103400.0,11.5,11.95,11.43,11.68,13115695.0,154265691.0,11.4,2.4561403508771784,10.0,12.54,False,False,True,92.31156752567331
43,600958.SH,东方证券,0.05841924398625427,10.332950631458072,0.6487156130511285,0.6090124474244941,0.826579643556193,0.8088191903921103,7469482864.0,8.78,8.87,8.76,8.83,36793250.0,324513119.0,8.74,1.0297482837528626,10.0,9.61,False,False,True,92.29800426273977
44,600528.SH,中铁工业,0.10963455149501661,14.528593508500776,0.6232849158821601,0.378904505097628,0.6975604037079209,0.5424432395279721,2221551588.0,6.8,6.86,6.8,6.84,4566048.0,31207156.0,6.8,0.588235294117645,10.0,7.48,False,False,True,92.22825033908157
45,603299.SH,苏盐井神,0.012919896640827053,11.976744186046528,0.8856218059195206,0.5381485207814596,0.9074220450684732,0.8746386107099262,944420338.0,8.67,8.71,8.6,8.68,4368694.0,37811537.0,8.65,0.3468208092485492,10.0,9.52,False,False,True,92.22631273009107
46,300360.SZ,炬华科技,0.016753926701570696,18.040293040293044,0.6866432405736782,0.7978961904788177,0.7376038412833004,0.9622095171112742,500308887.00000006,11.08,11.22,11.07,11.07,3841088.0,42750986.0,11.08,-0.09025270758122872,20.0,13.3,False,False,True,91.95310986242976
47,000591.SZ,太阳能,0.05639097744360882,15.048543689320383,0.6867824844105147,1.008035810046189,0.584853849856238,1.4665587067541215,3903396026.0,4.27,4.37,4.27,4.29,57705609.0,249448084.0,4.27,0.4683840749414525,10.0,4.7,False,False,True,91.91242007362914
48,600131.SH,国网信通,0.06268081002892964,20.02945508100147,0.8787282220080094,0.525895900294342,0.6040812503139645,0.7745877838846419,1195905149.0,14.3,14.44,14.21,14.3,4871550.0,69838333.0,14.23,0.49191848208012257,10.0,15.65,False,False,True,91.68378221274946
49,600995.SH,南网储能,0.14180478821362788,17.719298245614024,0.7023347295439941,0.2875301723677515,0.4725013249680279,1.012372189463148,3196005805.0,12.1,12.34,12.09,12.25,9303175.0,114591577.0,12.1,1.2396694214876103,10.0,13.31,False,False,True,91.51521023057548
50,600208.SH,衢州发展,0.03225806451612898,18.61313868613137,0.9807385715060848,0.7656471094860731,0.6316611248868951,1.039339619494059,8507976337.0,2.81,2.87,2.8,2.86,67703700.0,192338749.0,2.81,1.7793594306049654,10.0,3.09,False,False,True,91.36213912032552
51,000625.SZ,长安汽车,0.08559201141226826,20.763358778625964,0.8006351985075554,0.49491319951980106,0.5684050314566064,0.8738842794467224,8267021316.0,7.15,7.15,7.1,7.12,35754608.0,254433068.0,7.15,-0.41958041958042314,10.0,7.87,False,False,True,91.24975779887617
52,000631.SZ,顺发恒能,0.10555555555555557,15.808823529411754,0.9435462320509389,0.43255035140574394,0.6434471720078905,0.8000274650096165,2300000085.0,2.91,2.95,2.9,2.91,7959200.0,23202586.0,2.91,0.0,10.0,3.2,False,False,True,91.191629529161
53,300015.SZ,爱尔眼科,0.045174537987679626,20.051746442432062,0.9637106566461199,0.610256556418507,0.6264189479195859,0.6437991966009683,7957892308.0,7.98,8.04,7.96,8.04,31264438.0,250695146.0,7.95,1.1320754716980908,20.0,9.54,False,False,True,91.17806626622749
54,600329.SH,达仁堂,0.10624999999999998,20.716034271725835,0.795777345941575,0.33837532475216653,0.5679581818025754,0.7404799997832081,567089356.0,34.05,34.51,34.04,34.51,1420900.0,48807840.0,34.04,1.380728554641597,10.0,37.44,False,False,True,90.9784925402054
55,601633.SH,长城汽车,0.015369836695485124,21.794871794871806,0.857469160967414,0.21505188060094846,0.821238304774549,1.4698500242570653,6213232899.0,14.18,14.25,14.03,14.05,19639657.0,276711124.0,14.2,-1.0563380281690016,10.0,15.62,False,False,True,90.92617709746172
56,603357.SH,设计总院,0.06229508196721297,11.504424778761058,0.8355106726166245,0.5408158931135996,0.8891744760731518,0.7163001767767648,560543253.0,5.86,5.92,5.83,5.84,2171469.0,12734440.0,5.84,0.0,10.0,6.42,False,False,True,90.8835496996706
57,600600.SH,青岛啤酒,0.1036866359447003,19.54046781204719,0.6010959840977115,0.4873391862353525,0.6451941524851378,0.9564794013256251,709125943.0,50.11,50.38,50.06,50.06,3305448.0,165762228.0,50.11,-0.09978048293752817,10.0,55.12,False,False,True,90.79248207711683
58,688459.SH,哈铁科技,0.14615384615384608,11.612903225806459,0.6614954875857582,0.1927246979166635,0.7386626311164557,0.5718498175100915,480000000.0,8.1,8.16,8.1,8.15,529006.0,4305590.0,8.09,0.7416563658838138,20.0,9.71,False,False,True,90.69560162759156
59,600332.SH,白云山,0.05186170212765918,17.99053129931614,0.7612714954014377,0.524924120554954,0.8393867606645931,0.6234605485168575,1405890949.0,19.41,19.55,19.4,19.52,4601052.0,89682880.0,19.4,0.6185567010309256,10.0,21.34,False,False,True,90.56965704320868
60,002675.SZ,东诚药业,0.13283208020050113,13.576158940397365,0.8488555172325041,0.716299172833678,0.5690498059994356,1.1072376189736979,743383994.0,12.62,12.66,12.4,12.47,5895878.0,73897353.0,12.58,-0.8744038155802825,10.0,13.84,False,False,True,90.51346638248401
61,600100.SH,同方股份,0.10362694300518145,15.615141955835977,1.022901294727958,0.586511745620496,0.6056499692449835,0.8575298560456034,3350297713.0,6.76,6.86,6.75,6.8,16850367.0,114845584.0,6.74,0.8902077151335286,10.0,7.41,False,False,True,90.43014919589227
62,600894.SH,广日股份,0.02730375426621162,15.74468085106384,0.9104002919981447,0.6138531577468865,0.9049083931428171,0.7144520143947387,843144445.0,7.12,7.21,7.11,7.2,3697767.0,26527935.0,7.13,0.9817671809256634,10.0,7.84,False,False,True,90.37783375314862
63,601390.SH,中国中铁,0.1000000000000002,14.814814814814836,0.9572929799444472,0.421323587250118,0.7527147637264678,0.8589868514683394,20323920329.0,4.28,4.31,4.26,4.3,73554589.0,315683399.0,4.28,0.4672897196261516,10.0,4.71,False,False,True,90.31583026545243
64,000541.SZ,佛山照明,0.13636363636363658,14.40501043841338,0.6394471172454596,0.4332806104689201,0.7275021606845576,0.6286233296937556,1221592075.0,4.91,4.93,4.89,4.91,3327254.0,16324587.0,4.9,0.20408163265306367,10.0,5.39,False,False,True,90.31389265646193
65,000885.SZ,城发环境,0.01785714285714293,14.952463267070005,0.9355233593769741,0.6497045753402699,0.9297187561915514,0.5460134138080633,642078255.0,11.67,11.76,11.65,11.74,2277756.0,26709102.0,11.64,0.8591065292096189,10.0,12.8,False,False,True,90.2770780856423
66,002892.SZ,科力尔,0.01417525773195869,18.963486454652532,0.9657079649009699,1.0014657551729156,0.6289260896789498,0.714359184061578,501123935.0,8.63,8.72,8.63,8.65,3585072.0,31059831.0,8.6,0.5813953488372103,10.0,9.46,False,False,True,90.26545243169929
67,001213.SZ,中铁特货,0.15306122448979584,9.667673716012072,0.6950208506624138,0.14894871413989097,0.7538600902168784,0.5919688566495707,4444444444.0,3.46,3.49,3.45,3.48,3918800.0,13660365.0,3.46,0.5780346820809301,10.0,3.81,False,False,True,90.25770199573725
68,000987.SZ,越秀资本,0.05511811023622053,17.083333333333318,1.096689872923815,0.5357671783721345,0.714996876033543,0.6668360851833621,5012547583.0,7.26,7.34,7.26,7.34,17908273.0,130940501.0,7.24,1.3812154696132506,10.0,7.96,False,False,True,90.22670025188917
69,603788.SH,宁波高发,0.15019011406844096,14.63607594936709,0.7901586118363262,0.475638233952431,0.6354027177232929,0.7880429724234442,223065068.0,13.4,13.6,13.4,13.57,836100.0,11332383.0,13.43,1.042442293373047,10.0,14.77,False,False,True,90.15307111024995
70,600010.SH,包钢股份,0.05109489051094879,13.725490196078427,1.0214962901156754,1.0606226750700265,0.6184979540631041,0.6359464486098492,31318211887.0,2.12,2.13,2.11,2.12,211241096.0,447863398.0,2.11,0.4739336492891155,10.0,2.32,False,False,True,90.10656849447781
71,603611.SH,诺力股份,0.02492522432701894,19.5483870967742,0.8637519210187818,0.7641060776090502,0.7735609726382848,0.6435574526049394,257600791.0,15.76,15.88,15.75,15.84,1266742.0,20035312.0,15.75,0.5714285714285783,10.0,17.33,False,False,True,90.08525479558224
72,000877.SZ,天山股份,0.036253776435045355,10.169491525423723,1.054837306242937,0.17489192039802198,1.024004870985661,0.9318755920794427,7110490194.0,3.66,3.68,3.64,3.68,11588500.0,42480287.0,3.66,0.5464480874316946,10.0,4.03,False,False,True,90.06975392365821
73,601163.SH,三角轮胎,0.09691629955947166,13.743676222596978,0.7399344826963007,0.4090208687500001,0.8931417880321286,0.5755207569711563,800000000.0,12.31,12.36,12.26,12.27,1883200.0,23385165.0,12.3,-0.24390243902440156,10.0,13.53,False,False,True,90.01743848091456
74,002010.SZ,传化智联,0.059027777777777735,16.09195402298851,0.9733009700082352,0.5928709149473265,0.803632092743239,0.6115083793132075,2757765331.0,4.52,4.56,4.52,4.54,9998155.0,45439779.0,4.52,0.4424778761062065,10.0,4.97,False,False,True,90.00193760899052
75,600956.SH,新天绿能,0.17073170731707307,17.004680187207487,0.6941765518260462,0.3090129461920615,0.5436484840565499,1.02555851804973,2348088677.0,7.21,7.27,7.12,7.21,7441348.0,53740020.0,7.18,0.41782729805013297,10.0,7.9,False,False,True,89.95155977523736
76,600983.SH,惠而浦,0.12499999999999996,19.43620178041543,0.9156298346890791,0.24056883848550947,0.6155257034695261,0.7172857079789094,766439000.0,7.39,7.48,7.34,7.36,1322541.0,9791072.0,7.38,-0.27100271002709064,10.0,8.12,False,False,True,89.93993412129431
77,000544.SZ,中原环保,0.15086206896551707,8.972503617945016,0.661733607772313,0.322722187407988,0.7760130466929209,0.8038087528271529,974684488.0,7.28,7.3,7.23,7.26,2528399.0,18371746.0,7.26,0.0,10.0,7.99,False,False,True,89.89924433249371
78,000682.SZ,东方电子,0.037113402061855615,27.212178877259753,0.7278173271101208,0.6625036382309596,0.3738438987989632,1.0566724928815425,1340600019.0,10.78,10.9,10.71,10.72,9384862.0,101235699.0,10.69,0.280636108512633,10.0,11.76,False,False,True,89.89343150552219
79,603210.SH,泰鸿万立,0.027472527472527472,12.056737588652489,0.8893279497208818,0.988554544380091,0.8364225393034891,0.7817336653705159,232677500.0,12.9,13.09,12.9,13.07,1798100.0,23427984.0,12.92,1.1609907120743168,10.0,14.21,False,False,True,89.85855454369307
80,600850.SH,电科数字,0.025751072961373387,21.625652498135707,0.9882072712993107,0.8485852166179786,0.6055169345933089,0.911953947049707,816238489.0,13.91,14.13,13.91,14.01,6316630.0,88596475.0,13.83,1.3015184381778733,10.0,15.21,False,False,True,89.71517147839566
81,601992.SH,金隅集团,0.09708737864077681,17.322834645669282,0.9289824241696738,0.4742776678568674,0.7403804185283934,1.3214708682754528,8334158264.0,1.37,1.4,1.36,1.4,52233847.0,72351419.0,1.37,2.1897810218977964,10.0,1.51,False,False,True,89.70354582445262
82,002480.SZ,新筑股份,0.1003460207612457,19.14460285132382,0.9685824886080068,0.669367682746181,0.5518414828023288,0.7820625143521037,767487470.9999999,5.26,5.3,5.22,5.23,4017700.0,21088985.0,5.2,0.5769230769230749,10.0,5.72,False,False,True,89.67060647161402
83,301109.SZ,军信股份,0.11111111111111101,16.084484159220125,0.7164998213715028,0.6211353704101595,0.7494211652493709,0.9304136242751011,624288808.0,12.92,13.0,12.83,12.96,3607845.0,46674097.0,12.92,0.3095975232198178,20.0,15.5,False,False,True,89.63572950978494
84,600011.SH,华能国际,0.15646258503401358,16.666666666666675,0.8147856601002863,0.5588106524234231,0.5084625352304926,0.7410216488274771,10997709919.0,6.77,6.86,6.75,6.8,45540504.0,310285084.0,6.77,0.4431314623338345,10.0,7.45,False,False,True,89.61247820189887
85,601618.SH,中国中冶,0.0578947368421052,14.999999999999991,1.0246694141918893,0.47914295339779656,0.8763270771230077,0.7632444081790957,17852619170.0,2.51,2.55,2.5,2.54,65287596.0,165308763.0,2.51,1.195219123505975,10.0,2.76,False,False,True,89.60085254795581
86,002101.SZ,广东鸿图,0.12801204819277118,15.281173594132035,0.945908192677733,0.5628944325744695,0.6639136730959209,0.708112039965279,662212199.0,8.66,8.73,8.65,8.68,2639527.0,22934714.0,8.66,0.2309468822170757,10.0,9.53,False,False,True,89.54078666925015
87,000027.SZ,深圳能源,0.141666666666667,15.110356536502568,0.7537040510359578,0.5220056015690205,0.6968934459299259,0.8875952071024403,4757389916.0,6.23,6.33,6.22,6.29,22042399.0,138648391.0,6.23,0.9630818619582593,10.0,6.85,False,False,True,89.50978492540206
88,601186.SH,中国铁建,0.17727272727272753,14.361702127659592,0.6247974882147245,0.261835140352342,0.6678349522647573,0.6704832368118251,11503245500.0,6.0,6.04,5.99,6.03,20194646.0,121583854.0,6.03,0.0,10.0,6.63,False,False,True,89.49234644448751
89,300627.SZ,华测导航,0.02056074766355146,16.71169432651485,1.1104144901641848,0.9796346488489155,0.6541812655139613,0.7512221356227532,657131856.0,26.42,26.65,26.3,26.41,4835986.0,128226150.0,26.35,0.2277039848197271,20.0,31.62,False,False,True,89.4594070916489
90,002641.SZ,公元股份,0.04761904761904754,13.008130081300816,0.9721762035113738,0.743516184849557,0.8800037731634662,0.7640943499129761,1133957528.0,3.78,3.81,3.77,3.78,6442200.0,24396977.0,3.78,0.0,10.0,4.16,False,False,True,89.44778143770587
91,000166.SZ,申万宏源,0.16153846153846152,9.557109557109555,0.7519056862720087,0.27991771503281054,0.7599393580920776,0.7910096094787737,22535507316.0,4.39,4.42,4.38,4.4,49897580.0,219726953.0,4.37,0.6864988558352492,10.0,4.81,False,False,True,89.37221468707614
92,000881.SZ,中广核技,0.11111111111111116,14.16666666666666,0.9027078665192455,0.7595808356441686,0.7113981473358736,0.6916824396343697,903730851.0,6.46,6.51,6.41,6.45,4748100.0,30619576.0,6.41,0.6240249609984483,10.0,7.05,False,False,True,89.29277271846541
93,601369.SH,陕鼓动力,0.09403669724770647,22.50922509225093,0.7058374618508367,0.4546464694244861,0.681248309992977,5.382736264058402,1706211292.0,8.38,9.24,8.31,9.02,41755120.0,367794729.0,8.4,7.380952380952377,10.0,9.24,True,False,True,89.20170509591165
94,688363.SH,华熙生物,0.059021922428330466,23.566878980891737,0.9782972634295548,0.4181897113799836,0.6656790569389843,1.0544827375132912,481678242.0,34.33,34.65,34.17,34.45,2124075.0,73186880.0,34.14,0.9080257762155819,20.0,40.97,False,False,True,89.13388878124393
95,603656.SH,泰禾智能,0.14053537284894846,14.58985597996243,0.9086962917884339,0.7328087275108619,0.6007536982500417,1.0929529865055823,182945358.0,17.48,17.67,17.3,17.32,1465256.0,25554632.0,17.44,-0.6880733944954143,10.0,19.18,False,False,True,89.04088354969966
96,600061.SH,国投资本,0.09693877551020429,9.31372549019609,0.8683562701884562,0.5263782185521435,0.9227488264246854,0.8073664207684064,6394097773.0,6.21,6.26,6.2,6.23,27173643.0,169283720.0,6.19,0.646203554119551,10.0,6.81,False,False,True,89.00406897888007
97,000875.SZ,电投绿能,0.03867403314917118,18.7633262260128,1.0241795659056663,0.9759617045639981,0.6660356271907903,0.908250291589605,3342439867.0,4.84,4.91,4.8,4.84,29627972.0,144438498.0,4.83,0.20703933747412417,10.0,5.31,False,False,True,88.79093198992443
98,601068.SH,中铝国际,0.09698996655518395,14.563106796116498,1.2135792355457444,0.3944358205459825,0.7072970195380356,0.8084356701141854,2559590667.0,4.43,4.47,4.39,4.4,8161920.0,36088509.0,4.41,-0.22675736961450532,10.0,4.85,False,False,True,88.71730284828523
99,600157.SH,永泰能源,0.016949152542372895,7.947019867549665,0.6723966107168311,1.7127759680894608,0.7087884737367791,0.5834968846250136,21817764145.0,1.52,1.53,1.51,1.52,218046613.0,332205808.0,1.52,0.0,10.0,1.67,False,False,True,88.65529936058904
100,300140.SZ,节能环境,0.15384615384615385,18.69747899159666,0.7968531740926494,0.31120582767581245,0.6593027315931681,0.8357930282295847,3095265928.0,5.3,5.36,5.27,5.3,8050900.0,43284407.0,5.3,0.0,20.0,6.36,False,False,True,88.65336175159852
101,603109.SH,神驰机电,0.08992805755395682,16.504854368932055,1.0535058578343588,0.7296659643389065,0.6989517068732904,2.120946096431553,208848360.0,16.93,17.34,16.86,17.2,3232100.0,55460411.0,16.95,1.4749262536873253,10.0,18.65,False,False,True,88.62817283472195
102,002091.SZ,江苏国泰,0.1763005780346822,14.022662889518433,0.7310587531614605,0.6044773355263966,0.6294911757447077,1.0866072763343622,1602372071.0,7.68,7.77,7.6,7.62,10524852.0,80746205.0,7.67,-0.6518904823989535,10.0,8.44,False,False,True,88.62623522573145
103,688533.SH,上声电子,0.027795733678086833,22.835900159320243,0.9789691597386693,0.4883975814134615,0.795145652144953,0.7579874261759889,164987108.99999997,19.32,19.7,19.27,19.42,610781.0,11924371.0,19.26,0.8307372793354029,20.0,23.11,False,False,True,88.62623522573145
104,601012.SH,隆基绿能,0.008668242710795858,24.448529411764696,1.1033693039347237,0.8408004414108171,0.5169506260498798,1.1756256932342701,7578061602.0,11.06,11.24,11.04,11.23,74906608.0,835348881.0,10.99,2.1838034576888044,10.0,12.09,False,False,True,88.47703933346251
105,000099.SZ,中信海直,0.007684918347742562,25.17591868647382,0.7620640945279706,0.794427370436402,0.7335703964157843,0.7076802410048351,775770137.0,12.92,13.05,12.9,12.95,4361384.0,56598098.0,12.87,0.6216006216006154,10.0,14.16,False,False,True,88.46153846153845
106,600755.SH,厦门国贸,0.05228758169934644,13.221601489757905,0.9557834559302718,0.7164882696639755,0.9795549541433911,1.0214342947465673,2132158487.0,5.53,5.64,5.52,5.6,15604110.0,87268934.0,5.51,1.6333938294010864,10.0,6.06,False,False,True,88.42278628172835
107,600167.SH,联美控股,0.09441233140655092,18.786692759295498,0.950798741726917,0.354377358064765,0.8235926917830265,1.0151384009285205,2262840463.0,5.61,5.74,5.59,5.71,8140389.0,46396928.0,5.6,1.9642857142857295,10.0,6.16,False,False,True,88.38597171090875
108,002967.SZ,广电计量,0.1077216396568159,23.503184713375802,0.8692059788715228,0.600567608097914,0.5264045128338687,0.6552243261807928,606418935.0,16.91,17.1,16.9,16.98,2383832.0,40925813.0,16.83,0.891265597147961,10.0,18.51,False,False,True,88.27746560744042
109,688016.SH,心脉医疗,0.055076923076923266,18.29771733851384,0.9525403741895667,1.0062080549857781,0.7020638391994161,0.6259829738339536,123262117.0,84.48,85.2,84.48,84.76,776390.0,65847115.0,84.15,0.7248960190136655,20.0,100.98,False,False,True,88.2697151714784
110,601377.SH,兴业证券,0.14159292035398205,9.075043630017454,0.7383106617801083,0.7144272009624795,0.7865940448808904,0.9086016124748661,8635987294.0,5.87,5.93,5.85,5.91,56058759.0,330833178.0,5.85,1.0256410256410442,10.0,6.44,False,False,True,88.26196473551636
111,600050.SH,中国联通,0.17647058823529416,15.521628498727736,0.5763051908182226,0.34501246797220303,0.7254490747907942,1.3408131244525126,30990409152.0,4.2,4.29,4.19,4.22,143360779.0,607909846.0,4.2,0.4761904761904745,10.0,4.62,False,False,True,88.24549505909707
112,600456.SH,宝钛股份,0.0,17.759999999999998,1.1735461814454118,1.0377230604806584,0.6763693781401658,0.7233012163333268,477777539.00000006,25.16,25.42,25.1,25.25,3586133.0,90700415.0,25.0,1.0000000000000009,10.0,27.5,False,False,True,88.21739972873475
113,601888.SH,中国中免,0.026288974933768066,19.334135579622934,1.061530500674075,1.0268996844346594,0.6704748769450743,0.7362906545094652,1952475544.0,51.2,52.0,51.16,52.0,14762602.0,762432379.0,51.15,1.6617790811339184,10.0,56.27,False,False,True,88.1670218949816
114,002276.SZ,万马股份,0.0683424980361352,20.087815587266732,0.7682977016859198,1.1096340916739569,0.6160611420132545,0.8101345550900494,1007318046.0,9.99,10.13,9.99,10.03,9055315.0,91058216.0,9.98,0.5010020040079999,10.0,10.98,False,False,True,88.08951753536137
115,603167.SH,渤海轮渡,0.05045871559633002,10.611735330836458,0.6826615489474361,0.873003738466477,1.0719770327038591,0.5228529041080803,469144503.0,8.12,8.13,8.03,8.08,2141422.0,17314104.0,8.12,-0.49261083743841194,10.0,8.93,False,False,True,88.08564231738036
116,000157.SZ,中联重科,0.010610079575596825,26.63398692810457,1.024093055474286,0.6023677876906641,0.6621546208381182,0.6008117886279075,7070417363.0,6.15,6.21,6.14,6.2,25588524.0,158349757.0,6.16,0.6493506493506551,10.0,6.78,False,False,True,88.07982949040884
117,600567.SH,山鹰国际,0.061538461538461604,11.627906976744185,0.6661991623310716,0.9897602667015686,0.9352964874514104,1.0791229870753667,6205458106.0,1.32,1.34,1.31,1.34,66278826.0,88283069.0,1.31,2.2900763358778553,10.0,1.44,False,False,True,88.07401666343732
118,002405.SZ,四维图新,0.0068493150684931555,19.694397283531416,1.0037842368894565,1.3219832457118783,0.6021651460616855,0.8257101482504732,2355762401.0,5.96,6.04,5.95,6.04,25714913.0,154419411.0,5.93,1.8549747048903997,10.0,6.52,False,False,True,88.0333268746367
119,603877.SH,太平鸟,0.044045676998368616,20.86956521739132,1.1262214561437134,0.320571973842518,0.8155683968017347,1.2111784770130642,469323560.0,11.79,11.93,11.75,11.75,1822242.0,21568668.0,11.77,-0.1699235344095107,10.0,12.95,False,False,True,87.99651230381708
120,002797.SZ,第一创业,0.11822660098522177,11.363636363636376,0.8574337218814027,1.177381786598129,0.6224903107605184,0.7607444664389609,4202400000.0,6.3,6.36,6.28,6.36,37640337.0,237957951.0,6.28,1.273885350318471,10.0,6.91,False,False,True,87.9364464251114
121,600284.SH,浦东建设,0.05749128919860614,17.057569296375252,0.8056127963290894,1.0863459540574816,0.7719526203218896,0.757718102518318,970256000.0,5.03,5.09,5.02,5.07,7986604.0,40435410.0,5.02,0.9960159362550014,10.0,5.52,False,False,True,87.92869598914939
122,601688.SH,华泰证券,0.11955168119551651,18.3977900552486,1.041911192401854,0.6674438067130345,0.6297851736507986,1.0313289400040233,7306758106.0,18.21,18.43,18.16,18.33,50296370.0,921827254.0,18.13,1.103143960286812,10.0,19.94,False,False,True,87.87250532842472
123,600478.SH,科力远,0.03685503685503672,19.64285714285714,0.9216582984541837,1.147655254709956,0.6835235805331272,0.8423782217556794,1693918916.0,4.65,4.69,4.62,4.62,16376127.0,76078939.0,4.63,-0.21598272138227959,10.0,5.09,False,False,True,87.8686301104437
124,600987.SH,航民股份,0.16470588235294115,14.74036850921272,0.7377286834021651,0.497199281306777,0.7529566896338916,0.7831527512705586,1020818873.0,6.41,6.41,6.34,6.34,3974895.0,25318443.0,6.39,-0.7824726134585291,10.0,7.03,False,False,True,87.86087967448171
125,000686.SZ,东北证券,0.09195402298850582,16.16294349540077,0.8784987312078864,0.7739901445528506,0.8343661989216911,0.6587588413321033,2340452915.0,7.69,7.76,7.68,7.73,11933334.0,92208081.0,7.66,0.9138381201044377,10.0,8.43,False,False,True,87.85119162952915
126,688128.SH,中国电研,0.08554572271386429,23.698562221120454,0.9610787146775461,0.43094058096414845,0.6804983280862574,0.6016654919286708,404500000.0,21.64,22.0,21.64,21.94,1048796.0,22978844.0,21.62,1.4801110083256352,20.0,25.94,False,False,True,87.84731641154815
127,600585.SH,海螺水泥,0.07660878447395301,15.318097591105628,1.0522741326566565,0.5993136382591364,0.8815900304622915,0.5897862316331893,3977460044.0,16.98,17.1,16.9,17.02,14059006.0,239055892.0,16.94,0.47225501770955525,10.0,18.63,False,False,True,87.83569075760512
128,301613.SZ,新铝时代,0.006723944714232338,25.870206489675528,1.0147210367048676,0.88007506014779,0.5887647003008434,0.9582337450083388,83901247.0,34.28,34.8,34.28,34.72,707554.0,24518854.0,34.08,1.8779342723004744,20.0,40.9,False,False,True,87.79500096880449
129,600173.SH,卧龙新能,0.0729927007299269,20.517560073937148,1.1827334734792605,0.6489555659134544,0.6044361673127173,0.7851108140286833,700416244.0,5.82,5.91,5.81,5.89,3568635.0,20917910.0,5.81,1.376936316695354,10.0,6.39,False,False,True,87.74656074404186
130,600452.SH,涪陵电力,0.038847117794486054,18.75,0.6369743437033092,1.4064858895130172,0.6781142856900799,1.6569353462249372,1536541654.0,8.96,9.14,8.94,9.11,35808430.0,325519076.0,8.95,1.787709497206702,10.0,9.85,False,False,True,87.73396628560357
131,000401.SZ,金隅冀东,0.09278350515463923,12.727272727272743,1.04248319894608,0.35357489024299404,0.9819508429815356,0.7391069257120265,2631354687.9999995,3.49,3.51,3.46,3.51,6876510.0,24011751.0,3.48,0.8620689655172376,10.0,3.83,False,False,True,87.72137182716529
132,600307.SH,酒钢宏兴,0.11304347826086951,16.91176470588236,1.0356035150893816,0.6453008843967201,0.7259920161806,0.7997352463716222,6263357424.0,1.49,1.5,1.47,1.48,32323300.0,48001664.0,1.49,-0.6711409395973145,10.0,1.64,False,False,True,87.6961829102887
133,002233.SZ,塔牌集团,0.06666666666666649,14.15929203539823,0.7652347313567609,0.8193607365404513,1.0123983353274317,0.8318944260926764,1173623408.0,6.97,7.01,6.94,7.0,7999671.0,56939205.0,6.97,0.43041606886657924,10.0,7.67,False,False,True,87.57217593489634
134,688232.SH,新点软件,0.03451882845188285,23.00724637681162,1.013188691429048,0.61256939926528,0.7912733043159584,0.7441429203411614,321981975.0,17.29,17.56,17.25,17.45,1467720.0,25647959.0,17.22,1.3356562137049943,20.0,20.66,False,False,True,87.57023832590585
135,002152.SZ,广电运通,0.013972055888223256,20.48192771084336,0.9947866353288258,0.7980569258022606,0.8749038043433852,0.6625473603431355,2482126213.0,9.24,9.35,9.24,9.28,13124255.0,121893115.0,9.2,0.8695652173912993,10.0,10.12,False,False,True,87.5295485371052
136,600845.SH,宝信软件,0.08231707317073178,28.70544090056284,0.7859207788071505,0.4539012112875789,0.5165368018762665,4.0038109130187,2134054153.0,16.9,18.1,16.87,17.97,38782905.0,685640695.0,16.8,6.964285714285712,10.0,18.48,False,False,True,87.5256733191242
137,600268.SH,国电南自,0.1128205128205129,20.059880239520965,0.8080395777235398,0.990086907824151,0.5277075131166654,0.9860326751149696,1015495450.0,10.28,10.5,10.28,10.38,9913856.0,103112062.0,10.22,1.5655577299412915,10.0,11.24,False,False,True,87.51404766518117
138,600168.SH,武汉控股,0.14234875444839853,15.521628498727736,0.72905542303494,0.4960548177061165,0.8398829467064765,0.6975978005585255,993397569.0,4.33,4.37,4.32,4.33,3437620.0,14910873.0,4.33,0.0,10.0,4.76,False,False,True,87.5092036427049
139,600006.SH,东风股份,0.09968847352024929,14.741035856573713,0.9848696743301465,0.6310476450000001,0.8795655483321714,1.1955159899218069,2000000000.0,5.33,5.35,5.25,5.27,15088551.0,79665791.0,5.34,-1.310861423220977,10.0,5.87,False,False,True,87.45979461344702
140,601200.SH,上海环境,0.17692307692307693,13.593749999999982,0.8027044148330331,0.464163837899074,0.7520352607430638,0.8854471496055029,1346230251.0,6.88,6.9,6.83,6.83,5532906.0,37977795.0,6.86,-0.4373177842565634,10.0,7.55,False,False,True,87.43848091455143
141,603309.SH,维力医疗,0.04181818181818188,19.848053181386515,1.0133683503702922,1.0414006691124458,0.6973100730769637,0.7098693428690404,291871418.0,10.79,10.91,10.74,10.82,2157684.0,23394772.0,10.76,0.5576208178438735,10.0,11.84,False,False,True,87.41329199767486
142,000049.SZ,德赛电池,0.06035379812695092,19.565217391304344,0.77358944004979,1.3177730163773766,0.6170992177047786,0.6965416165244638,384534862.0,22.27,22.45,22.19,22.29,3529583.0,78659767.0,22.2,0.40540540540541237,10.0,24.42,False,False,True,87.3861654718078
143,601686.SH,友发集团,0.1604938271604937,13.800424628450102,0.6801940576718473,0.31216604233750544,0.8878289331391577,0.7824840516065327,1479347326.0,5.1,5.12,5.07,5.08,3613527.0,18402706.0,5.1,-0.39215686274508554,10.0,5.61,False,False,True,87.38035264483626
144,300284.SZ,苏交科,0.04241071428571437,18.388429752066138,0.9136948063516048,0.8583851154594522,0.9014636038958507,0.9331238122846931,1198281717.0,5.04,5.11,5.03,5.1,9597992.0,48847001.0,5.03,1.391650099403563,20.0,6.04,False,False,True,87.37647742685525
145,002223.SZ,鱼跃医疗,0.12239089184060714,15.059499384489117,1.0165467684582308,0.7660757278986841,0.7313658016116872,0.7956393823376715,934463165.0,26.25,26.34,26.13,26.21,5737988.0,150479775.0,26.11,0.38299502106473593,10.0,28.72,False,False,True,87.32997481108313
146,000030.SZ,富奥股份,0.08743169398907114,16.010498687664043,0.9913704058528865,0.6027607458303471,0.9021523334607899,0.9910025973493648,1670808645.0,4.0,4.0,3.94,3.95,9980366.0,39602402.0,3.97,-0.5037783375314908,10.0,4.37,False,False,True,87.32803720209262
147,002533.SZ,金杯电工,0.13930348258706493,19.422310756972117,0.8213722462222135,0.8844392736533409,0.5214479465302333,0.6633751672634074,646143983.0,10.93,11.08,10.93,10.95,3791024.0,41632656.0,10.88,0.6433823529411686,10.0,11.97,False,False,True,87.29703545824452
148,601311.SH,骆驼股份,0.06203473945409429,14.305750350631152,1.1405353119106982,0.9523226330106583,0.7595419783754124,0.5852482461724419,1173146118.0,7.4,7.45,7.39,7.39,6538473.0,48530834.0,7.38,0.13550135501354532,10.0,8.12,False,False,True,87.17884130982368
149,688562.SH,航天软件,0.06163242642976131,24.572317262830488,0.867221028428345,0.6906010625000001,0.7265060828747968,0.9947371026525172,400000000.0,14.01,14.39,14.01,14.28,2747866.0,39218892.0,13.97,2.219040801717953,20.0,16.76,False,False,True,87.16334043789962
150,002884.SZ,凌霄泵业,0.1810089020771512,11.424731182795679,0.6380717664561975,0.6680408601518395,0.7463551117720924,0.7069037612512152,272657626.0,15.54,15.55,15.45,15.48,1287600.0,19950712.0,15.49,-0.06455777921239303,10.0,17.04,False,False,True,87.15946521991862
151,688075.SH,安旭生物,0.08623744831659778,14.471726190476186,1.276118847134141,0.345814840961366,0.8070266418880703,1.1642059820984856,127082805.0,28.34,29.32,28.34,28.99,511635.0,14784857.0,28.34,2.2935779816513735,20.0,34.01,False,False,True,87.13621391203255
152,601399.SH,国机重装,0.051771117166212514,24.161073825503365,0.9860138097494225,0.7420208981010569,0.6941269197202284,0.7352431754769498,7213555890.0,3.18,3.22,3.17,3.2,39354694.0,125726945.0,3.17,0.9463722397476504,10.0,3.49,False,False,True,87.11296260414649
153,600959.SH,江苏有线,0.16500000000000004,15.714285714285726,0.9455034789744797,0.5577810536693389,0.6921523485488925,0.9108880067561475,5000717686.0,3.14,3.16,3.11,3.12,25407450.0,79459811.0,3.13,-0.31948881789136685,10.0,3.44,False,False,True,87.07421042433637
154,600008.SH,首创环保,0.08474576271186413,12.31343283582087,0.709027657636429,0.965821323781731,0.9453370769115297,0.8087494117812694,7340590677.0,2.73,2.76,2.73,2.75,57337899.0,157665847.0,2.73,0.73260073260073,10.0,3.0,False,False,True,87.01220693664018
155,002358.SZ,森源电气,0.10064239828693783,18.36734693877551,0.7871123867743408,1.257546345222624,0.5751349398773885,1.0368617120768595,929755702.0,5.29,5.38,5.27,5.36,12123100.0,64720031.0,5.26,1.9011406844106515,10.0,5.79,False,False,True,87.00639410966866
156,000028.SZ,国药一致,0.19210053859964096,18.07486631016042,0.6994484041459658,0.38542493024775354,0.6751274446318696,0.8962513173527427,525859082.0,19.85,19.9,19.71,19.82,1816515.0,36027748.0,19.77,0.25290844714214167,10.0,21.75,False,False,True,86.96570432086806
157,603194.SH,中力股份,0.15343562374916636,17.802332719459812,0.8871752272672155,0.6337886888925,0.6908307157056283,0.5049499444215191,158026913.0,33.47,33.75,33.3,33.5,505736.0,16966685.0,33.34,0.47990401919615344,10.0,36.67,False,False,True,86.94245301298197
158,300982.SZ,苏文电能,0.050195567144719656,26.42642642642643,0.7755311704545227,1.0051509216128385,0.5093467222821931,0.9753001724330829,193897146.0,14.18,14.35,14.13,14.17,1900820.0,27056532.0,14.09,0.5677785663591228,20.0,16.91,False,False,True,86.92888975004844
159,002275.SZ,桂林三金,0.0607902735562308,16.708648194794296,0.9326980287704393,0.456335253621056,1.1792693420591733,0.5565453404451949,564751305.0,12.13,12.19,12.1,12.11,1434306.0,17411798.0,12.11,0.0,10.0,13.32,False,False,True,86.86882387134276
160,601908.SH,京运通,0.05490196078431378,21.42857142857144,0.9678555396795263,1.1915593621919376,0.5753107283752579,1.1155720782832441,2414602861.0,2.94,3.0,2.94,2.97,32096600.0,95541127.0,2.94,1.0204081632653184,10.0,3.23,False,False,True,86.81941484208487
161,600480.SH,凌云股份,0.0030395136778114855,25.49537648612945,1.0202627344737625,0.971979683213096,0.6415512673804847,1.3397128070762327,1213185142.0,7.62,7.78,7.59,7.71,15797777.0,121574713.0,7.59,1.5810276679841806,10.0,8.35,False,False,True,86.80294516566556
162,300217.SZ,东方电热,0.04743083003952573,21.739130434782595,0.9388565256559606,1.287761764327439,0.5331805249726864,0.6902592505290689,1241414188.0,4.04,4.08,4.03,4.05,11034800.0,44832433.0,4.03,0.4962779156327368,20.0,4.84,False,False,True,86.80003875217982
163,605099.SH,共创草坪,0.020400453343407732,22.289370778528262,1.452894859411532,0.4525916576625261,0.5846483843139283,0.632439651805827,402126336.0,28.67,29.06,28.11,28.7,1151034.0,33178990.0,28.67,0.10463899546564459,10.0,31.54,False,False,True,86.66925014532069
164,603325.SH,博隆技术,0.09064953604568156,19.179508538109104,1.1232218350187677,0.9335950115846339,0.5877710634786741,0.5751182149491755,34183200.0,52.04,52.49,52.04,52.24,183539.0,9589805.0,51.83,0.7910476557978052,10.0,57.01,False,False,True,86.62274752954853
165,600517.SH,国网英大,0.12786885245901655,15.70796460176993,0.9740950381463321,0.37669258280293244,0.9099273208752416,0.9187757054034912,5718435744.0,4.91,5.0,4.91,5.0,19791277.0,98353784.0,4.91,1.8329938900203624,10.0,5.4,False,False,True,86.58205774074793
166,603218.SH,日月股份,0.04806408544726293,17.35722284434491,1.1036148634575567,0.758123105750448,0.8966712399098548,1.391160494999276,1028936500.0,9.26,9.49,9.22,9.36,10851894.0,101905446.0,9.29,0.753498385360607,10.0,10.22,False,False,True,86.57430730478589
167,601966.SH,玲珑轮胎,0.07917383820998293,19.536757301107755,1.052652364924781,0.5548061677178304,0.8586191386465916,0.747616464482011,1463502683.0,10.4,10.44,10.38,10.42,6070349.0,63216203.0,10.39,0.2887391722810273,10.0,11.43,False,False,True,86.53749273396629
168,601877.SH,正泰电器,0.07636566332218511,14.89270386266095,0.9721342411730693,0.9320237087498967,0.8823792925973764,0.8341740538940771,2148968976.0,24.82,25.39,24.8,25.26,16707589.0,420781821.0,24.67,2.3915687069314906,10.0,27.14,False,False,True,86.52586708002325
169,600125.SH,铁龙物流,0.12077294685990336,13.147410358565747,0.8169619543749818,0.838866465442304,0.8893916296729242,0.7846973605245751,1305521874.0,5.27,5.31,5.25,5.28,8593680.0,45394657.0,5.27,0.189753320683117,10.0,5.8,False,False,True,86.45611315636503
170,603060.SH,国检集团,0.10596026490066203,23.45924453280317,1.002573878977766,0.583145393235269,0.6487157390605099,0.7626759698096915,803964054.9999999,5.34,5.44,5.34,5.38,3575638.0,19288484.0,5.35,0.5607476635514086,10.0,5.89,False,False,True,86.42898663049796
171,002096.SZ,易普力,0.13153456998313648,18.772563176895286,1.1200898806486588,0.39360783523296106,0.7154624266967657,0.9401798546163195,1239619861.0,9.09,9.23,9.07,9.16,4587364.0,42034872.0,9.09,0.7700770077007757,10.0,10.0,False,False,True,86.42123619453595
172,601990.SH,南京证券,0.15546218487394958,8.920187793427225,0.91993348565302,0.409644560298433,0.9247138339773778,0.8396747292705218,4231724800.0,6.61,6.67,6.61,6.64,14555787.0,96748740.0,6.62,0.302114803625364,10.0,7.28,False,False,True,86.39798488664987
173,000825.SZ,太钢不锈,0.05263157894736856,13.414634146341475,1.1927590528961693,0.5709322990273885,1.028428814572003,1.058876547375564,5696247796.0,3.41,3.46,3.39,3.39,34436485.0,117644731.0,3.41,-0.5865102639296182,10.0,3.75,False,False,True,86.35535748885874
174,000913.SZ,钱江摩托,0.10461956521739123,23.123123123123122,0.8363476338934539,0.6720708848497984,0.7222917407116585,0.9888407634288565,520102675.0,10.85,10.85,10.68,10.69,3456452.0,37071207.0,10.76,-0.6505576208178487,10.0,11.84,False,False,True,86.33404378996318
175,600269.SH,赣粤高速,0.0718562874251495,13.513513513513509,0.7616361728450521,0.8375077099087564,1.1563504043368904,0.8259338113068737,2335407014.0,3.82,3.84,3.8,3.81,16154616.0,61589133.0,3.82,-0.2617801047120394,10.0,4.2,False,False,True,86.27300910676225
176,600132.SH,重庆啤酒,0.005805515239477723,28.120021242697835,0.9330399159975402,0.6339511447538604,0.7858152394538989,0.8835637098093554,483971198.0,37.81,38.15,37.77,37.77,2710898.0,102752166.0,37.78,-0.026469031233455897,10.0,41.56,False,False,True,86.24878899438093
177,000652.SZ,泰达股份,0.0535714285714285,11.728395061728381,1.1714166201359237,0.8218996995705269,0.9366077269050965,0.8080510725706924,1458222470.0,3.34,3.37,3.33,3.35,9684594.0,32424622.0,3.33,0.6006006006006093,10.0,3.66,False,False,True,86.2022863786088
178,300296.SZ,利亚德,0.020876826722338312,23.689727463312394,0.8151530242501599,1.5797515983718813,0.4335893880261544,0.7457797409962947,2320996623.0,4.89,4.92,4.86,4.89,27344746.0,133724283.0,4.87,0.4106776180698102,20.0,5.84,False,False,True,86.15965898081768
179,600718.SH,东软集团,0.12277580071174383,23.68794326241137,0.8724403470670984,0.6303479185244596,0.6553764164326412,2.151630938026214,1196438852.0,7.78,8.09,7.74,7.91,16227014.0,129341551.0,7.74,2.1963824289405576,10.0,8.51,False,False,True,86.15384615384616
180,002085.SZ,万丰奥威,0.007121057985757914,28.218884120171662,0.8458574912420248,0.8969365984094356,0.7011114017381419,1.4449000225000403,2123297520.0,9.47,9.55,9.4,9.43,27517590.0,264530611.0,9.39,0.42598509052182987,10.0,10.33,False,False,True,86.14803332687464
181,002065.SZ,东华软件,0.017271157167530315,26.584234930448215,0.8654105013266218,0.9408746373689251,0.7194984917205746,0.7090402759846565,2945739379.0,6.6,6.67,6.6,6.66,19651558.0,130479551.0,6.57,1.3698630136986356,10.0,7.23,False,False,True,86.11896919201705
182,002521.SZ,齐峰新材,0.08238636363636366,24.630541871921174,0.7413525657610409,0.8443311755399429,0.7020006109159573,1.1062062860127702,419173590.0,6.4,6.44,6.35,6.4,3915100.0,25022458.0,6.38,0.31347962382446415,10.0,7.02,False,False,True,86.09378027514049
183,605050.SH,福然德,0.10984848484848488,26.262626262626256,1.0420419916896297,0.37361058780323597,0.556107943283853,0.9458186830554262,492829181.0,10.12,10.25,10.07,10.16,1741500.0,17698855.0,10.07,0.893743793445867,10.0,11.08,False,False,True,86.08602983917845
184,002777.SZ,久远银海,0.056059356966199486,18.610634648370493,1.0592376861742183,1.1322571303666578,0.7195533849027036,0.9469975198413347,404511491.0,12.45,12.63,12.38,12.43,4337353.0,54216771.0,12.34,0.7293354943273878,10.0,13.57,False,False,True,86.07634179422593
185,002352.SZ,顺丰控股,0.10179076343072557,17.69464105156724,1.0506470469223177,0.3899671051847045,0.9366606392139506,0.7336966276920489,4799115259.0,30.77,30.97,30.6,30.78,13731111.0,422948023.0,30.75,0.09756097560975618,10.0,33.83,False,False,True,86.07052896725442
186,600970.SH,中材国际,0.17456359102244373,17.191977077363884,0.9287784075908284,0.5546980876046625,0.7043259991680194,0.8337016540262163,2621812924.0,7.71,7.78,7.66,7.7,12124645.0,93648145.0,7.68,0.26041666666667407,10.0,8.45,False,False,True,86.0172447200155
187,600927.SH,永安期货,0.05894308943089414,14.85809682804673,1.1318384921521782,0.4787079721571905,1.1144962644103424,0.7008422480175474,1450444656.0,12.22,12.34,12.17,12.29,4866224.0,59675147.0,12.17,0.9860312243221037,10.0,13.39,False,False,True,86.01627591552025
188,600935.SH,华塑股份,0.09374999999999975,15.668202764976957,1.0515170850330708,0.5848739665302946,0.969035996515437,1.1103952001747344,3507401812.0,2.28,2.33,2.27,2.32,22778514.0,52335359.0,2.28,1.7543859649122862,10.0,2.51,False,False,True,85.99108699864367
189,688366.SH,昊海生科,0.054424594931450035,22.295321637426913,1.2240485804800565,0.2504757297991265,0.8040263116322194,0.9965542838144333,194051855.0,28.84,29.27,28.84,28.87,484378.0,14063978.0,28.67,0.6975933031042825,20.0,34.4,False,False,True,85.98527417167216
190,300247.SZ,融捷健康,0.055555555555555594,16.763005780346816,1.0149667290384108,1.2318722631013106,0.7714339922426281,0.9237083590684615,804040313.0,3.61,3.65,3.57,3.59,9149100.0,32994742.0,3.6,-0.2777777777777879,20.0,4.32,False,False,True,85.94264677388102
191,600930.SH,华电新能,0.010075566750629731,28.23834196891193,0.6211082153222663,0.9516892735413834,0.7380586375021322,2.0762789177775995,10743195436.0,3.9,3.99,3.9,3.97,212282574.0,841837429.0,3.9,1.7948717948718107,10.0,4.29,False,False,True,85.85932958728928
192,688271.SH,联影医疗,0.0743157224697645,25.169925755516065,1.203283936624544,0.4323540876728055,0.6163407637508792,0.8268464391979218,824157988.0,100.61,102.13,100.6,101.0,2946286.0,298447959.0,100.3,0.6979062811565351,20.0,120.36,False,False,True,85.83026545243172
193,688303.SH,大全能源,0.03858695652173918,29.109811565951915,1.2208397213677253,0.34089335740605947,0.5226331642785176,0.9455727707595111,2132442813.0,16.29,16.45,16.24,16.34,6873705.0,112366012.0,16.1,1.4906832298136496,20.0,19.32,False,False,True,85.81476458050766
194,002287.SZ,奇正藏药,0.11124401913875595,20.750551876379685,1.058228720262268,0.2797171269934825,0.8298972005011112,0.7208386781193136,570989795.0,19.13,19.33,19.06,19.15,1151292.0,22349735.0,19.05,0.5249343832020914,10.0,20.96,False,False,True,85.79151327262159
195,002608.SZ,江苏国信,0.1750000000000001,18.89400921658988,0.9702229018267765,0.4525287047782145,0.6738757991238693,0.7685606003146134,3778079704.0,7.28,7.43,7.26,7.36,13140000.0,96833185.0,7.28,1.098901098901095,10.0,8.01,False,False,True,85.78957566363108
196,600741.SH,华域汽车,0.13559322033898286,17.94158553546592,0.9256877626749578,0.49084904446236605,0.8738264231731052,1.3122114619686958,3152723984.0,15.18,15.23,14.88,14.88,20306624.0,304169119.0,15.18,-1.9762845849802257,10.0,16.7,False,False,True,85.75663631079249
197,600021.SH,上海电力,0.006715165081141634,24.20333839150228,1.150181692414995,0.992950999131581,0.6543777178896094,0.6229259877392608,2821875805.0,13.33,13.47,13.31,13.39,17454289.0,233545375.0,13.3,0.6766917293232977,10.0,14.63,False,False,True,85.75663631079247
198,600056.SH,中国医药,0.1506172839506172,18.554216867469876,0.935481911807317,0.7191981991005805,0.7176161329128522,0.5183732203761483,1495351478.0,8.91,8.98,8.91,8.94,5574866.0,49852105.0,8.91,0.33670033670032407,10.0,9.8,False,False,True,85.71207130401085
199,003012.SZ,东鹏控股,0.06303724928366755,16.509433962264165,1.1348487382257249,0.7100588526323779,0.936745427332658,0.9644712140718957,1134585953.0,4.46,4.54,4.45,4.53,7770000.0,35046006.0,4.46,1.5695067264574147,10.0,4.91,False,False,True,85.70819608602984
200,603018.SH,XD华设集,0.10050251256281414,11.405295315682263,0.9602713568904304,0.7968741882378384,1.0113514517661142,0.7266719558167435,819147727.0,5.13,5.18,5.11,5.13,4743407.0,24560688.0,5.11,0.3913894324853118,10.0,5.62,False,False,True,85.6578182522767
201,600861.SH,北京人力,0.12464589235127464,20.98976109215016,0.984756397811811,0.36996238265044107,0.8254967396411083,0.9529035012870725,566112718.0,12.66,12.73,12.58,12.7,1995765.0,25228850.0,12.6,0.7936507936507908,10.0,13.86,False,False,True,85.63069172640961
202,600062.SH,华润双鹤,0.19450800915331837,15.384615384615397,0.7952258227135449,0.542072503239532,0.7668535996313935,0.8008462287766381,1038225388.0,15.79,15.97,15.79,15.87,4507110.0,71601521.0,15.8,0.44303797468352446,10.0,17.38,False,False,True,85.60162759155203
203,600292.SH,电投水电,0.02890173410404615,18.268398268398258,0.9385955791503005,1.9202418611669305,0.5700049744383874,0.6990617917326011,439283583.0,11.77,11.92,11.75,11.8,5896801.0,69728299.0,11.75,0.42553191489362874,10.0,12.93,False,False,True,85.60162759155203
204,601236.SH,红塔证券,0.11513157894736833,10.151515151515156,0.9553803000470555,0.35975305743701996,1.272832109858252,0.515788042405165,4693233706.0,6.69,6.75,6.69,6.73,8708592.0,58546701.0,6.68,0.7485029940119903,10.0,7.35,False,False,True,85.59775237357101
205,600511.SH,国药股份,0.17953667953667948,14.01831939466347,0.6346212209344154,0.6551059594450306,0.8400647486182403,0.7361092482786371,553346424.0,26.07,26.2,26.0,26.06,2668400.0,69671422.0,26.04,0.07680491551458335,10.0,28.64,False,False,True,85.59387715559
206,300101.SZ,振芯科技,0.022084805653710248,29.336349924585203,0.9121334820454235,1.006278459915806,0.5240992539136944,0.9808357119351768,565589340.0,13.88,14.17,13.8,13.97,5582332.0,78178156.0,13.76,1.5261627906976827,20.0,16.51,False,False,True,85.57062584770392
207,001391.SZ,国货航,0.015037593984962419,14.030612244897945,0.9139909471502206,1.2867458434736583,1.039999335046431,1.1735625217647754,1519354020.0,3.98,4.04,3.96,4.02,22943411.0,91973196.0,3.96,1.5151515151515138,10.0,4.36,False,False,True,85.54543693082736
208,600668.SH,尖峰集团,0.06884057971014491,17.467248908296938,1.161988242527031,1.0262160945207983,0.7211665608326568,0.8177459621917492,412900594.0,7.14,7.24,7.12,7.19,3464996.0,24897619.0,7.11,1.1251758087201136,10.0,7.82,False,False,True,85.53768649486534
209,002191.SZ,劲嘉股份,0.13605442176870763,14.164305949008504,1.0682853862210995,0.746656687061882,0.7992963142094253,0.915875502132443,1402715536.0000002,3.64,3.65,3.6,3.63,9592394.0,34805300.0,3.66,-0.819672131147553,10.0,4.03,False,False,True,85.51831040496027
210,603202.SH,天有为,0.05313166569711075,15.090417792558707,1.0478340284241257,1.551462620504267,0.6965994667162634,0.978545778111862,50213572.00000001,50.83,51.94,50.8,51.75,762331.0,39296697.0,50.85,1.7699115044247815,10.0,55.94,False,False,True,85.44080604534007
211,600570.SH,恒生电子,0.015489467162329615,20.943204868154176,1.142262839751703,1.0513884713423618,0.7633914273468114,0.6793748551248239,1893647942.0,20.09,20.23,20.08,20.15,13526079.0,272642821.0,19.97,0.9013520280420684,10.0,21.97,False,False,True,85.42918039139701
212,601065.SH,江盐集团,0.10622710622710625,10.641627543036014,0.8578880312056286,0.7256458512358499,1.1576346718720723,0.5640512911542932,642776079.0,6.68,6.74,6.67,6.7,2630892.0,17663704.0,6.68,0.29940119760478723,10.0,7.35,False,False,True,85.4233675644255
213,600835.SH,上海机电,0.022867737948084117,28.456221198156694,1.2448333221394976,0.5207246570167026,0.5741394914224273,1.3071525258522,806504299.9999999,17.91,17.99,17.7,17.78,5489605.0,97787243.0,17.73,0.28200789622110367,10.0,19.5,False,False,True,85.3884906025964
214,601113.SH,华鼎股份,0.13157894736842105,14.285714285714302,0.9671477342335603,0.8450214635531549,0.8452413383882994,0.8076461830642031,1104152226.0,3.4,3.44,3.37,3.39,7535600.0,25610942.0,3.4,-0.2941176470588225,10.0,3.74,False,False,True,85.35167603177679
215,603515.SH,欧普照明,0.022151898734177024,24.204702627939145,0.9812687579005394,0.217724250043216,1.1208107108591365,0.7385838118486098,737750549.0,14.62,14.76,14.56,14.56,1186359.0,17400176.0,14.6,-0.2739726027397249,10.0,16.06,False,False,True,85.33617515985273
216,000791.SZ,甘肃能源,0.20675105485232076,16.477272727272705,0.7959037863263851,0.9594952530152169,0.4043570862614702,1.6486177891193756,1935632286.0,7.15,7.41,7.15,7.41,30618624.0,224574364.0,7.15,3.6363636363636376,10.0,7.87,False,False,True,85.31098624297617
217,600587.SH,新华医疗,0.13917525773195855,18.849557522123895,1.0198996182457343,0.699434101401606,0.7358328322230868,1.0833633223667292,606644549.0,12.15,12.35,12.14,12.18,4596796.0,56247331.0,12.11,0.5780346820809301,10.0,13.32,False,False,True,85.27417167215656
218,300415.SZ,伊之密,0.07902735562310041,26.30998345284059,0.9076000812556784,0.86791284267905,0.625145714929015,1.005104041385065,454427139.0,18.96,19.01,18.7,18.89,3964162.0,74705884.0,18.91,-0.10576414595452333,20.0,22.69,False,False,True,85.25092036427048
219,603195.SH,公牛集团,0.19613259668508307,17.711470024637286,0.6936447862199818,0.17961046651790702,0.8313130091203775,0.7287023358124863,1800163354.9999998,37.9,38.44,37.85,38.0,2356100.0,89733406.0,37.95,0.13175230566533358,10.0,41.75,False,False,True,85.23735710133695
220,002060.SZ,广东建工,0.06293706293706283,15.436241610738243,1.126545461082216,1.009412088757341,0.8627250311558884,1.2267826938996802,1562823660.0,3.07,3.1,3.05,3.05,19352903.0,59403527.0,3.07,-0.6514657980456029,10.0,3.38,False,False,True,85.08816120906802
221,601777.SH,千里科技,0.13069016152716603,27.234042553191507,0.9631144374541545,0.3930351888023875,0.5646458872040864,0.864096329656553,4521100071.0,7.98,8.05,7.8,7.8,15354572.0,120897041.0,7.94,-1.7632241813602123,10.0,8.73,False,False,True,85.08041077310598
222,600633.SH,浙数文化,0.0353403141361256,20.328542094455848,1.2155011924238224,1.131155867949682,0.6642657624549146,0.9535414457887836,1268074472.0,10.04,10.24,10.0,10.2,13677502.0,139771583.0,10.01,1.8981018981018893,10.0,11.01,False,False,True,85.02034489440031
223,000777.SZ,中核科技,0.06828334396936812,26.03896103896104,0.705455538534351,1.185916327814076,0.5734358378449889,0.7549152487800784,383410827.0,16.53,16.77,16.53,16.73,3432548.0,57300045.0,16.47,1.5786278081360239,10.0,18.12,False,False,True,85.0184072854098
224,300011.SZ,鼎汉技术,0.09292035398230088,19.999999999999996,1.0347192498507982,0.9307982715466002,0.7602176414505574,1.183463160216582,509665579.0,5.77,5.88,5.75,5.75,5614300.0,32594178.0,5.77,-0.34662045060658286,20.0,6.92,False,False,True,84.98256151908544
225,600023.SH,浙能电力,0.2486187845303864,11.538461538461542,0.7678927992283174,0.33452146291262597,0.7698144526880665,0.7381561328951505,13408732749.0,5.05,5.1,5.01,5.08,33110059.0,167770289.0,5.06,0.39525691699606735,10.0,5.57,False,False,True,84.97965510559969
226,300185.SZ,通裕重工,0.12021857923497253,12.260536398467448,0.6565758192184461,1.6656911525867755,0.6693868292100811,1.1209081580002287,3846459090.0,2.76,2.8,2.74,2.78,71816730.0,199663744.0,2.76,0.7246376811594235,20.0,3.31,False,False,True,84.96221662468514
227,002393.SZ,力生制药,0.021571648690292572,17.58076634109691,1.401235936395388,0.8056160647534342,0.7966372821710327,0.5647515208126916,300217443.0,13.46,13.66,13.41,13.59,1365908.0,18548121.0,13.45,1.0408921933085624,10.0,14.8,False,False,True,84.9486533617516
228,300349.SZ,金卡智能,0.044270833333333315,22.683706070287535,1.0245561922403585,1.2949378701554215,0.6188752982566669,0.846056919451211,369737928.0,9.95,10.05,9.94,10.03,4050816.0,40554249.0,9.9,1.3131313131313105,20.0,11.88,False,False,True,84.9467157527611
229,600369.SH,西南证券,0.19811320754716977,9.536082474226815,0.8091298814447612,0.5078353006742855,0.8857836842080327,0.7094467221932381,6645109124.0,3.94,3.98,3.94,3.96,23941138.0,94784992.0,3.93,0.7633587786259444,10.0,4.32,False,False,True,84.90505715946522
230,600761.SH,安徽合力,0.014234875444839973,21.727748691099478,0.940358545535555,1.148865192135535,0.8741438560073124,0.5504703959033307,890692761.0,15.4,15.51,15.4,15.46,5632886.0,86985514.0,15.4,0.3896103896103842,10.0,16.94,False,False,True,84.85564813020731
231,600839.SH,四川长虹,0.09418837675350696,21.88006482982172,0.8664606638678564,1.0978379006405379,0.7007287848293402,0.667829882037181,4614958631.0,6.68,6.74,6.66,6.7,33835444.0,226741943.0,6.64,0.9036144578313365,10.0,7.3,False,False,True,84.78976942453014
232,600170.SH,上海建工,0.048275862068965704,13.6150234741784,0.8578620207740402,1.337741019235067,0.9926112116382125,1.2406584581234408,8885939744.0,2.2,2.22,2.19,2.21,147478139.0,325279025.0,2.2,0.4545454545454408,10.0,2.42,False,False,True,84.7490796357295
233,603014.SH,威高血净,0.06959314775160604,23.35329341317365,0.876862301281075,0.9915922255297045,0.7642618589498954,0.9142891667648797,101484882.0,30.75,31.25,30.75,31.23,920064.0,28615412.0,30.8,1.3961038961038952,10.0,33.88,False,False,True,84.73357876380547
234,300003.SZ,乐普医疗,0.02621359223300967,22.615803814713907,1.2685158855331475,1.0051102947624926,0.626671666938017,0.7778323664112979,1578912054.0,11.31,11.51,11.29,11.45,12344050.0,141076990.0,11.28,1.507092198581561,20.0,13.54,False,False,True,84.71807789188142
235,603187.SH,海容冷链,0.028081123244929753,22.285714285714285,0.8192884664999699,1.1062564940604864,0.8996931401933704,0.6732967237489416,382361891.00000006,10.75,10.79,10.7,10.73,2847980.0,30612054.0,10.68,0.46816479400748623,10.0,11.75,False,False,True,84.66188723115674
236,600618.SH,氯碱化工,0.05094786729857817,16.613076098606648,1.3019181478796833,0.9366852895023515,0.7977494172036805,0.5341571605865519,749839976.0,9.77,9.88,9.76,9.82,3751728.0,36871002.0,9.76,0.6147540983606703,10.0,10.74,False,False,True,84.5068785119163
237,300080.SZ,易成新能,0.1098265895953758,18.37349397590362,1.143306602500524,0.794691651258639,0.7669605879225453,0.9851787140239553,1873127461.0,3.7,3.76,3.68,3.73,14664964.0,54649626.0,3.7,0.8108108108108025,20.0,4.44,False,False,True,84.49719046696377
238,601901.SH,方正证券,0.21951219512195133,12.801204819277112,0.9268824650499917,0.5203196577002265,0.7792529020243596,0.790836686099253,8232101395.000001,6.77,6.85,6.77,6.83,33874099.0,231001367.0,6.75,1.185185185185178,10.0,7.43,False,False,True,84.47200155008719
239,002801.SZ,微光股份,0.09711684370257949,27.44391025641024,0.9678174511368415,0.795041393680798,0.5641010025010447,0.8201552027774272,115802700.0,26.44,26.72,26.37,26.52,755100.0,20055641.0,26.24,1.0670731707317138,10.0,28.86,False,False,True,84.4429374152296
240,688739.SH,成大生物,0.10543130990415318,17.927022739291388,1.0654917065423886,0.4425457677992505,1.0345025722489005,0.7503910035793353,416450000.0,19.9,20.28,19.9,20.14,1382957.0,27863486.0,19.9,1.2060301507537785,20.0,23.88,False,False,True,84.43131176128658
241,688349.SH,三一重能,0.016561514195583663,25.21808088818398,1.1119454989802995,0.481778671673527,0.9530486546055073,1.2269155310695155,1566188095.0,12.84,13.16,12.7,13.14,9257765.0,120563349.0,12.82,2.496099843993771,20.0,15.38,False,False,True,84.41193567138151
242,002140.SZ,东华科技,0.0907759882869694,15.14792899408286,1.0816998514734788,0.8762552174776357,0.9521887583383228,0.7610905651573805,706908875.0,9.15,9.3,9.11,9.19,4714443.0,43299406.0,9.07,1.3230429988974501,10.0,9.98,False,False,True,84.40612284440999
243,600285.SH,羚锐制药,0.04631578947368472,25.13227513227514,0.6298884174904694,1.0691282907088342,0.8128358805682823,0.534937112834478,566490486.0,19.12,19.21,19.09,19.11,3239852.0,61970183.0,19.12,-0.05230125523013607,10.0,21.03,False,False,True,84.38093392753342
244,600085.SH,同仁堂,0.13294375456537616,26.728971962616832,0.947993212185791,0.33872210930957203,0.6715485467513912,0.6197917843888018,1371470262.0,23.2,23.44,23.19,23.22,2879226.0,67153454.0,23.22,0.0,10.0,25.54,False,False,True,84.3770587095524
245,600282.SH,南钢股份,0.10071942446043144,15.068493150684926,1.1891633527214007,0.5793245847672646,0.9754156815686577,1.014805038628201,6165091011.0,4.53,4.57,4.49,4.5,36244663.0,164091368.0,4.52,-0.4424778761061843,10.0,4.97,False,False,True,84.34799457469482
246,600115.SH,中国东航,0.0188087774294671,25.835866261398156,1.048707584335548,0.8946505499851255,0.8014417140236735,1.36091439962833,17024964893.0,3.35,3.43,3.35,3.41,207286237.0,704498110.0,3.35,1.7910447761193993,10.0,3.69,False,False,True,84.3053671769037
247,601158.SH,重庆水务,0.2346938775510204,12.598425196850393,0.5573094625528597,0.1394598072104255,0.9250955085600642,1.112275857618323,4800030119.0,4.04,4.06,4.01,4.01,7445700.0,30018865.0,4.04,-0.7425742574257432,10.0,4.44,False,False,True,84.16004650261577
248,600420.SH,国药现代,0.17492711370262404,20.603674540682416,0.8623027969478023,0.489692832934593,0.7772758105481307,1.1302092077692816,1341172692.0,8.26,8.34,8.11,8.13,7422792.0,60977058.0,8.22,-1.0948905109488982,10.0,9.04,False,False,True,84.11935671381516
249,301267.SZ,华厦眼科,0.07201309328968895,20.139860139860133,1.165990732523151,0.6080103094978865,0.9269917870909637,0.8117374163964077,648444383.0,14.78,15.04,14.71,14.88,3200363.0,47720566.0,14.74,0.9497964721845387,20.0,17.69,False,False,True,84.1019182329006
250,002609.SZ,捷顺科技,0.1254826254826254,15.616045845272208,0.9708583887872567,1.1174269015101341,0.7793579043984855,0.7223198528659346,459573516.0,7.65,7.74,7.59,7.63,3709400.0,28414539.0,7.63,0.0,10.0,8.39,False,False,True,84.0999806239101
251,600897.SH,厦门空港,0.12484700122399035,14.618181818181819,1.0220770499895737,0.5351775580787311,1.1148491858484015,1.3951992554061303,416934000.0,14.74,15.38,14.72,15.12,3113160.0,47081698.0,14.72,2.717391304347827,10.0,16.19,False,False,True,84.05735322611896
252,688032.SH,禾迈股份,0.010700132100396333,28.179104477611936,1.1251133774736097,0.7384343294132466,0.7572055265490474,0.6017670891555369,124073545.0,68.06,69.8,68.06,69.61,551340.0,38108073.0,67.81,2.65447574104114,20.0,81.37,False,False,True,84.03797713621391
253,600586.SH,金晶科技,0.075829383886256,25.86666666666666,1.133054569812184,0.9566473572247405,0.49611261252583644,0.8812646422712175,1417337700.0,4.1,4.11,4.05,4.06,11949000.0,48727092.0,4.07,-0.24570024570026439,10.0,4.48,False,False,True,84.02053865529938
254,601005.SH,重庆钢铁,0.14285714285714263,12.5,0.8239583985932459,0.7888329453841466,1.0398265579046404,0.5994873107812709,8313636567.000001,1.2,1.21,1.19,1.2,39314800.0,47244364.0,1.2,0.0,10.0,1.32,False,False,True,84.01278821933734
255,000543.SZ,皖能电力,0.22789115646258504,16.52542372881356,0.7615014217858046,0.8880367962509461,0.5986359345019581,0.7730839157867305,2266863331.0,7.34,7.45,7.29,7.35,15562628.0,114913567.0,7.33,0.27285129604364133,10.0,8.06,False,False,True,83.99728734741329
256,603035.SH,常熟汽饰,0.013483146067415644,16.232464929859702,1.1683479856949834,1.045124421354738,1.0394649316110556,0.9063632442143232,366347080.0,10.1,10.24,10.06,10.19,3470268.0,35330625.0,10.1,0.8910891089108919,10.0,11.11,False,False,True,83.97984886649876
257,002061.SZ,浙江交科,0.08108108108108134,15.030674846625768,1.0328882041912812,0.7880292230743074,1.1973402423989565,0.7272017664007278,2599137900.0,3.35,3.37,3.33,3.34,14894522.0,49872629.0,3.35,-0.29850746268657025,10.0,3.69,False,False,True,83.97984886649874
258,600098.SH,广州发展,0.18103448275862064,12.991452991453013,1.0619687814035752,0.6457756651410484,0.8086502234144006,0.6505817182720253,3505864981.0000005,6.25,6.31,6.24,6.28,14729185.0,92412009.0,6.27,0.15948963317384823,10.0,6.9,False,False,True,83.94884712265065
259,300059.SZ,东方财富,0.07844905320108214,21.59468438538208,0.9361649538993234,1.3419964121248547,0.672075975216652,0.8432945791975229,13392365708.000002,18.21,18.42,18.19,18.37,151561175.0,2778970439.0,18.09,1.5478164731896227,20.0,21.71,False,False,True,83.94109668668862
260,002311.SZ,海大集团,0.08303085299455527,19.698780779344972,1.1631573528345922,0.545331230907742,0.9492245597347417,0.6263947960543828,1655415480.0,42.2,42.62,41.92,41.98,5653366.0,238048538.0,42.15,-0.40332147093713466,10.0,46.37,False,False,True,83.91397016082155
261,605005.SH,合兴股份,0.2729805013927575,14.37543614794139,0.8829211247453672,0.31184340399002103,0.7108556101246265,1.1381919621160326,401000000.0,16.32,16.55,16.22,16.36,1423300.0,23307243.0,16.29,0.42971147943524635,10.0,17.92,False,False,True,83.90428211586902
262,600810.SH,神马股份,0.09756097560975606,27.62923351158644,1.1013719266788518,0.7006048736605636,0.5436148283194852,0.6122273801092106,1077799248.0,6.28,6.31,6.26,6.31,4634992.0,29147249.0,6.25,0.9599999999999831,10.0,6.88,False,False,True,83.88490602596396
263,600515.SH,海南机场,0.021538461538461492,14.39393939393938,1.2679805570194407,0.9616060693364471,1.0275251390227982,0.7343265813747364,9176012508.0,2.72,2.75,2.7,2.75,64794843.0,176853238.0,2.71,1.4760147601476037,10.0,2.98,False,False,True,83.84034101918232
264,688348.SH,昱能科技,0.01880733944954129,24.546722454672242,1.4862799718257709,0.7363454295240964,0.567894683465843,0.8587469777645592,156277435.0,29.56,30.29,29.56,30.16,988196.0,29665880.0,29.5,2.2372881355932295,20.0,35.4,False,False,True,83.78996318542919
265,688186.SH,广大特材,0.06822810590631362,28.267716535433074,1.0737609880926486,0.9458390285583543,0.47446489238919215,0.9024097374655755,280489356.0,14.1,14.31,14.08,14.12,2394073.0,33966456.0,14.04,0.5698005698005604,20.0,16.85,False,False,True,83.77639992249564
266,300882.SZ,万胜智能,0.04839809134287667,36.558287073750996,0.803852283623962,0.6483374406270315,0.5213706839364064,1.2084916883402617,266327030.0,13.32,13.59,13.3,13.45,2086700.0,28105124.0,13.32,0.9759759759759623,20.0,15.98,False,False,True,83.71052121681844
267,600372.SH,中航机载,0.15950920245398764,16.184971098265887,1.0082227274581967,0.6047012116065755,0.8996755990698134,0.6816991549418074,4838896630.0,11.43,11.53,11.38,11.41,19947108.0,228180033.0,11.42,-0.08756567425568518,10.0,12.56,False,False,True,83.68920751792288
268,603062.SH,麦加芯彩,0.12956555171088036,28.53227771010962,0.9415461964278109,0.7290720225716164,0.3937785547785547,1.1545468268109467,37073100.0,36.19,36.86,36.19,36.52,312062.0,11385846.0,36.21,0.8561170947252172,10.0,39.83,False,False,True,83.68920751792288
269,002074.SZ,国轩高科,0.06656101426307448,20.355812991311527,1.2362156061157314,1.1378598421430937,0.641575918766634,0.8939886126527271,1736657690.0,26.06,26.28,25.87,26.14,17665868.0,460052927.0,25.85,1.1218568665377182,10.0,28.44,False,False,True,83.68339469095137
270,002401.SZ,中远海科,0.14970059880239522,17.042380522993696,0.9249819042663487,0.8278031074897839,0.8689705443841003,0.9015601563883886,371398485.0,12.13,12.23,12.02,12.09,2771800.0,33596098.0,12.09,0.0,10.0,13.3,False,False,True,83.63495446618872
271,603310.SH,巍华新材,0.165909090909091,19.12919343326196,0.638543495101816,0.7921506623369882,0.8388840399581009,0.7440536707678003,194010000.0,14.79,14.88,14.75,14.83,1143500.0,16961470.0,14.74,0.6105834464043447,10.0,16.21,False,False,True,83.60395272234064
272,300070.SZ,碧水源,0.1702127659574467,16.560509554140125,0.7902464608509101,0.8021482299174685,0.8650973120319276,1.1752735119756699,3477748047.0,3.39,3.42,3.36,3.36,32786246.0,110767942.0,3.38,-0.591715976331364,20.0,4.06,False,False,True,83.58651424142609
273,000629.SZ,钒钛股份,0.057803468208092526,28.771929824561404,0.8465753081878313,0.8513195746007981,0.7501258376149231,0.732917036766033,9290444430.0,2.88,2.9,2.87,2.89,57967414.0,167598624.0,2.86,1.0489510489510634,10.0,3.15,False,False,True,83.58263902344507
274,603153.SH,上海建科,0.13709677419354854,18.4937238493724,0.9704380413612015,0.38714081820099894,1.0415416930406103,0.744125895516041,403780169.0,13.01,13.18,13.0,13.14,1163216.0,15253156.0,12.97,1.3107170393215073,10.0,14.27,False,False,True,83.57682619647356
275,603786.SH,科博达,0.017660965095258007,26.217645421653213,1.298611602370181,0.5140694706810566,0.7864702079666275,0.752567790438244,403856700.0,37.53,37.91,37.22,37.62,1562409.0,58767204.0,37.2,1.1290322580645107,10.0,40.92,False,False,True,83.57101336950203
276,600055.SH,万东医疗,0.02021403091557669,25.534079348931837,1.317097180783192,0.6283764688329476,0.7554820657517849,1.2607520558124132,703061058.0,10.1,10.28,10.03,10.21,5569839.0,56808186.0,10.0,2.100000000000013,10.0,11.0,False,False,True,83.56907576051154
277,002917.SZ,金奥博,0.12274368231046928,20.638297872340416,1.0283847126428847,1.1059713123017423,0.6538737162390688,0.8494321554543091,260546731.0,10.1,10.22,10.06,10.12,2447700.0,24830885.0,10.08,0.3968253968253954,10.0,11.09,False,False,True,83.54969967060647
278,002373.SZ,千方科技,0.06966618287373011,20.203488372093027,1.256249501083251,1.0319164826345903,0.6850592925089881,0.8460919946384192,1377594126.0,7.42,7.46,7.31,7.33,12027723.0,88656885.0,7.36,-0.40760869565217295,10.0,8.1,False,False,True,83.54001162565393
279,300993.SZ,玉马科技,0.0413844996237772,17.96875,1.23863083250412,0.9746944254057257,0.897144171470029,0.7682429785134383,242507317.0,9.56,9.66,9.5,9.6,1815900.0,17433138.0,9.51,0.9463722397476282,20.0,11.41,False,False,True,83.49544661887231
280,002027.SZ,分众传媒,0.07122507122507123,26.530612244897966,0.8663910028415407,0.8518649685235582,0.8012891337516156,0.7682996484765184,14442199726.0,4.66,4.68,4.63,4.66,94522400.0,440666785.0,4.66,0.0,10.0,5.13,False,False,True,83.48575857391978
281,300388.SZ,节能国祯,0.13033707865168537,17.377049180327873,0.8871399051631235,0.817261727195295,0.972488176738916,0.48551738511174525,681042231.0,6.67,6.75,6.67,6.72,2702340.0,18158704.0,6.68,0.5988023952095745,20.0,8.02,False,False,True,83.46638248401472
282,601106.SH,中国一重,0.054830287206266315,26.35379061371841,0.9843374911633695,0.7643257720163705,0.8493376952579892,0.9455038714536667,6857782927.0,2.99,3.05,2.98,3.04,49559344.0,149984141.0,2.98,2.0134228187919545,10.0,3.28,False,False,True,83.4566944390622
283,300856.SZ,科思股份,0.04903417533432393,22.18905472636814,1.1511947135571587,0.8759720584019177,0.8561275701967721,0.5242807106832426,459735623.0,10.43,10.55,10.36,10.38,2111360.0,22054396.0,10.38,0.0,20.0,12.46,False,False,True,83.40825421429955
284,688100.SH,威胜信息,0.015201314708299139,32.35294117647059,1.1232420982328286,0.5080814567980375,0.7159505378310163,0.7526804114962636,491685175.0,24.99,24.99,24.6,24.67,1880317.0,46691028.0,24.51,0.6527947776417742,20.0,29.41,False,False,True,83.40631660530904
285,600416.SH,湘电股份,0.029288702928870224,29.520295202952006,1.1361004332018028,0.8753922217843678,0.6118571727185412,0.8016845603430675,1475782384.0,8.45,8.64,8.44,8.52,10356870.0,88603480.0,8.41,1.3079667063020217,10.0,9.25,False,False,True,83.40437899631853
286,000400.SZ,许继电气,0.06296048225050221,25.141972121837885,1.153848180030203,1.1000013152844341,0.5565828159526721,0.8797731592243002,1015065609.0,20.38,20.61,20.36,20.37,9823314.0,200898279.0,20.31,0.2954209748892378,10.0,22.34,False,False,True,83.37531486146096
287,002255.SZ,海陆重工,0.012376237623762332,33.468286099865054,0.6763227922344516,1.263156713558806,0.4529718075109724,0.9533127874537546,637944743.0,7.56,7.7,7.56,7.68,7682025.0,58812299.0,7.51,2.26364846870839,10.0,8.26,False,False,True,83.37143964347995
288,601608.SH,中信重工,0.08557457212713929,27.020785219399546,0.9896360717510639,0.6275397545928835,0.7878842919382971,0.7642383888516675,4579553437.0,4.68,4.76,4.68,4.73,21963079.0,103784531.0,4.68,1.0683760683760868,10.0,5.15,False,False,True,83.34818833559387
289,300678.SZ,中科信息,0.020361990950226214,18.53281853281854,1.2925364885890844,1.3077239551899136,0.7400222150397289,0.8738175411543246,292736719.0,21.22,21.54,21.13,21.38,3345138.0,71601420.0,21.08,1.4231499051233332,20.0,25.3,False,False,True,83.32784344119356
290,002773.SZ,康弘药业,0.0348204570184984,29.591836734693857,1.2241449395876907,0.7575060749751988,0.5767406542852492,1.0918593776980403,686839429.0,19.24,19.66,19.24,19.55,5680781.0,110663437.0,19.26,1.5057113187954219,10.0,21.19,False,False,True,83.31815539624105
291,688161.SH,威高骨科,0.07728181212524982,17.59959657085226,1.3861304415189615,0.3289646750000001,0.9425587703014828,0.663122111819453,400000000.0,21.21,21.5,21.06,21.34,872575.0,18590743.0,20.99,1.6674606955693339,20.0,25.19,False,False,True,83.31137376477427
292,000819.SZ,岳阳兴长,0.12464319695528074,21.067683508102952,0.9583032648031289,0.9737987863431691,0.7556666475504432,0.7058669188377794,366020106.0,11.86,12.02,11.72,11.93,2515921.0,29975372.0,11.8,1.1016949152542255,10.0,12.98,False,False,True,83.30556093780275
293,600109.SH,国金证券,0.21575342465753414,12.5,0.9370828447480217,0.6584143447607925,0.8288035322441522,0.7501434842560178,3683262908.0,8.19,8.29,8.19,8.25,18219900.0,150130268.0,8.17,0.9791921664626724,10.0,8.99,False,False,True,83.27068397597364
294,600111.SH,北方稀土,0.01149425287356304,34.761120263591415,1.0111195271013034,0.9560290548091165,0.4258960805857948,1.05720417913563,3615065842.0,36.96,37.2,36.71,36.86,36538118.0,1350511886.0,36.73,0.35393411380344464,10.0,40.4,False,False,True,83.17186591745785
295,600558.SH,大西洋,0.1363636363636364,17.20183486238531,0.9421490416139854,1.1592156192394594,0.7607035157032914,0.9894107119040011,897604831.0,4.71,4.81,4.7,4.76,10294992.0,49002205.0,4.69,1.492537313432818,10.0,5.16,False,False,True,83.1544274365433
296,603227.SH,雪峰科技,0.1772486772486772,20.6489675516224,1.0635912295062566,0.6122992129509576,0.6847935694606779,0.7010417411647932,1071692689.0,7.4,7.51,7.37,7.47,4600212.0,34378005.0,7.45,0.26845637583892135,10.0,8.2,False,False,True,83.1505522185623
297,600143.SH,金发科技,0.0376749192680301,36.521739130434774,0.8017101424536754,0.8504240948693058,0.48404712055123295,0.954345093987086,2634826028.0,13.1,13.25,12.99,13.07,21384197.0,281365863.0,13.0,0.5384615384615321,10.0,14.3,False,False,True,83.1505522185623
298,002511.SZ,中顺洁柔,0.16544117647058804,16.2037037037037,1.0365676221686544,0.8063616115255134,0.8171229798387711,0.7433609593155383,1265003933.0,6.98,7.1,6.95,7.0,7582658.0,53312252.0,6.93,1.0101010101010166,10.0,7.62,False,False,True,83.04204611509397
299,603025.SH,大豪科技,0.14192139737991258,26.119402985074625,0.9262388849569658,0.6013687889744276,0.6998128196654234,1.0668576705493058,1109174773.0,13.44,13.58,13.38,13.57,7116187.0,96103827.0,13.36,1.5718562874251552,10.0,14.7,False,False,True,83.00910676225539
300,002302.SZ,西部建设,0.12956810631229226,25.235849056603765,0.9351872412817347,0.474168688698029,0.8270210427417739,0.6661555753937995,1262354304.0,4.63,4.67,4.62,4.66,3987400.0,18531301.0,4.63,0.6479481641468832,10.0,5.09,False,False,True,82.98585545436931
301,603298.SH,杭叉集团,0.10817307692307675,25.28735632183907,1.1552001613422687,0.349655998621824,0.7717312496519293,0.8566961038171581,1309812049.0,23.8,23.8,23.5,23.52,3923528.0,92496407.0,23.52,0.0,10.0,25.87,False,False,True,82.97616740941677
302,600884.SH,杉杉股份,0.013986013986013936,29.029304029304036,0.8491846619557691,1.6318935319958747,0.44365325161562796,0.8522005628453279,1835109746.0,11.07,11.19,11.05,11.18,25520882.0,284192433.0,11.02,1.4519056261343088,10.0,12.12,False,False,True,82.97229219143576
303,603858.SH,步长制药,0.17342342342342335,18.84476534296029,1.0161511174020725,0.45719663683999645,0.8669027006767807,1.0724372221978922,1054568442.0,14.66,14.75,14.51,14.53,5170704.0,75544667.0,14.62,-0.6155950752393946,10.0,16.08,False,False,True,82.95485371052122
304,300926.SZ,博俊科技,0.024963289280469887,24.905660377358487,1.256274791539439,1.00648711324392,0.6960550886777698,0.6910303152737188,297993117.0,16.47,16.56,16.31,16.41,2072581.0,34048461.0,16.41,0.0,20.0,19.69,False,False,True,82.90641348575858
305,600507.SH,方大特钢,0.06542056074766354,20.155038759689937,1.1973118101621671,0.9869740542347346,0.8255503320407565,0.6707182003381318,2313187890.0,4.09,4.12,4.08,4.1,15312875.0,62809860.0,4.08,0.4901960784313708,10.0,4.49,False,False,True,82.90060065878706
306,300206.SZ,理邦仪器,0.06678700361010817,18.515123739688356,0.9935091617474111,1.5732006304813302,0.770753953028423,0.9072791020390214,338379565.0,11.3,11.62,11.29,11.42,4829800.0,55497605.0,11.28,1.2411347517730542,20.0,13.54,False,False,True,82.84247238907189
307,301491.SZ,汉桑科技,0.01275264677574594,15.174337517433756,1.1830877785965799,1.5458338954124895,0.8885072247299741,1.380097513176388,38250840.0,36.49,37.16,36.49,36.93,816044.0,30071571.0,36.38,1.511819681143467,20.0,43.66,False,False,True,82.80759542724279
308,600273.SH,嘉化能源,0.0,12.5,1.320723960985683,1.255930571494944,0.9605589376976463,0.6603044350457774,1311309122.0,6.35,6.37,6.3,6.34,10874641.0,68872485.0,6.32,0.31645569620253333,10.0,6.95,False,False,True,82.80178260027128
309,301370.SZ,国科恒泰,0.10079051383399223,19.01140684410647,1.292202876349034,0.6086582447938754,0.8650410950630054,0.7496650980361762,470600000.0,8.45,8.56,8.41,8.43,2147300.0,18198288.0,8.4,0.3571428571428559,20.0,10.08,False,False,True,82.76109281147065
310,600690.SH,海尔智家,0.2554660529344072,20.074547390841314,0.7501177865933519,0.4892636105106539,0.6729354426728238,0.896068901853818,6178486925.0,20.66,21.06,20.65,20.68,27210901.0,566988481.0,20.7,-0.09661835748792091,10.0,22.77,False,False,True,82.75334237550862
311,002950.SZ,奥美医疗,0.015723270440251517,18.60744297719088,1.5203024729970582,1.284430346162955,0.5864553707831733,1.2284720311449462,429625255.00000006,8.44,8.54,8.4,8.43,6779000.0,57291068.0,8.43,0.0,10.0,9.27,False,False,True,82.72815345863205
312,603680.SH,今创集团,0.13963963963963968,23.015873015873,1.071178684944642,0.46915086824760993,0.8079465591403756,3.5359745589086495,783718766.9999999,10.1,10.86,10.08,10.57,13001154.0,137134045.0,10.06,5.069582504970183,10.0,11.07,False,False,True,82.71459019569852
313,603927.SH,中科软,0.11734693877551025,19.114027891714525,1.1001389597088382,0.9219938992106231,0.833239105353095,0.8976443533430962,831040000.0,13.41,13.73,13.36,13.59,6877875.0,93509083.0,13.34,1.8740629685157328,10.0,14.67,False,False,True,82.69715171478396
314,002500.SZ,山西证券,0.19892473118279583,9.92063492063493,0.8510132824674045,0.6616685905778561,0.995334771876833,0.7952686177595225,3589771547.0,5.21,5.26,5.2,5.21,18889531.0,98706934.0,5.19,0.3853564547205979,10.0,5.71,False,False,True,82.65064909901183
315,600339.SH,中油工程,0.10714285714285716,17.999999999999993,1.2255528589910163,0.9501839352364063,0.7779507262843272,0.6965632109416968,5583147471.0,3.25,3.31,3.23,3.3,36952797.0,121345219.0,3.27,0.917431192660545,10.0,3.6,False,False,True,82.63127300910676
316,000895.SZ,双汇发展,0.1784107946026988,21.418888386805257,0.7832922985820623,0.301268118027478,0.9190788909673304,0.7017133258803077,3464212167.0,23.35,23.48,23.27,23.29,7323478.0,170871388.0,23.32,-0.12864493996569415,10.0,25.65,False,False,True,82.60608409223019
317,688570.SH,天玛智控,0.15427769985974749,24.925373134328343,0.8698148140546891,0.3425266206163601,0.8370530998559323,0.6957874307495823,188200000.0,14.51,14.66,14.42,14.58,448529.0,6538405.0,14.5,0.5517241379310311,20.0,17.4,False,False,True,82.59833365626818
318,600519.SH,贵州茅台,0.30459105951568005,18.44814554174159,0.7403327708050018,0.203132519346626,0.67717228314103,0.980217063824806,1250081601.0,1262.99,1265.88,1256.1,1257.12,2489087.0,3135849108.0,1266.98,-0.7782285434655756,10.0,1393.68,False,False,True,82.58670800232514
319,000966.SZ,长源电力,0.162280701754386,22.8882833787466,0.8854905187010143,1.077859261039959,0.5324042441579485,1.1095318921949726,3481035016.0,4.03,4.12,4.01,4.06,41630367.0,169818866.0,4.04,0.4950495049504955,10.0,4.44,False,False,True,82.5770199573726
320,603833.SH,欧派家居,0.0027881040892193264,27.17622080679405,1.2163921567094058,0.5191109815874534,0.9285949020838333,0.7225412050061308,605727207.0,28.38,28.88,28.27,28.82,2271956.0,65081918.0,28.35,1.6578483245149878,10.0,31.19,False,False,True,82.56345669443907
321,600559.SH,老白干酒,0.03448275862068976,17.920148560817072,1.2211918273558717,1.1232930321257015,0.9350577792281249,0.6170586277027608,914747444.0,10.99,11.08,10.98,11.03,6340459.0,69949058.0,10.99,0.36396724294813776,10.0,12.09,False,False,True,82.544080604534
322,601928.SH,凤凰传媒,0.02030456852791836,17.51824817518248,1.3088247469833185,0.4987635722425195,1.5686484399262899,0.8273928735943722,2544900000.0,8.28,8.31,8.22,8.25,10502126.0,86658667.0,8.26,-0.1210653753026647,10.0,9.09,False,False,True,82.52082929664793
323,603568.SH,伟明环保,0.006724303554274764,25.093914350112676,1.3284118676934946,0.39522977528644354,0.9587569930340106,1.0246965838973863,2048457418.0,13.38,13.72,13.37,13.4,8296060.0,111952496.0,13.38,0.1494768310911887,10.0,14.72,False,False,True,82.52082929664793
324,603551.SH,奥普科技,0.17475728155339817,14.571092831962407,0.9043722514284696,0.6630673262069733,1.020279691630845,0.5602118004910962,381227343.0,9.27,9.34,9.2,9.23,1416100.0,13105566.0,9.23,0.0,10.0,10.15,False,False,True,82.51307886068592
325,301332.SZ,德尔玛,0.07920792079207929,16.098226466575703,0.8789006836010648,1.1201352181224378,1.1893969117693637,0.7744637508491292,264840240.0,7.57,7.65,7.55,7.6,2297500.0,17474162.0,7.57,0.39630118890354726,20.0,9.08,False,False,True,82.46657624491377
326,605268.SH,王力安防,0.10658307210031345,19.952774498229033,1.1281047061778677,0.7429418908182895,0.9162121572634261,0.6760346412903883,440550000.0,9.55,9.74,9.47,9.63,2212682.0,21326306.0,9.49,1.475237091675452,10.0,10.44,False,False,True,82.46270102693276
327,301215.SZ,中汽股份,0.14225941422594138,14.141414141414144,1.156066010802619,0.7272198691772486,0.9412211257396511,0.6486624275273379,1322400000.0,5.3,5.33,5.25,5.27,6238028.0,32991186.0,5.29,-0.3780718336483968,20.0,6.35,False,False,True,82.44913776399922
328,600862.SH,中航高科,0.11445783132530105,21.69096209912538,1.0429484319251947,0.9436430908246449,0.7959279584539222,0.5845430485244637,1393049107.0,17.93,18.06,17.88,17.98,7684059.0,138045857.0,17.88,0.5592841163311046,10.0,19.67,False,False,True,82.4433249370277
329,601668.SH,中国建筑,0.16666666666666627,18.114143920595517,0.8662528603753229,0.5045114236820305,1.0490906727726461,0.7417506028238211,41320390444.0,4.26,4.29,4.25,4.28,154629848.0,660535283.0,4.27,0.23419203747074846,10.0,4.7,False,False,True,82.41813602015114
330,300218.SZ,安利股份,0.15956151035322783,25.56255625562556,0.9683195295759679,0.8135196668758902,0.5636005451974099,0.9408616665084734,216276394.0,12.48,12.61,12.31,12.39,1655400.0,20608292.0,12.42,-0.24154589371979673,20.0,14.9,False,False,True,82.39875993024609
331,601865.SH,福莱特,0.016319129646418993,31.28491620111733,1.203384832333581,0.7005386234020621,0.6922061152923683,0.9581921844059851,1901026024.0,9.19,9.3,9.15,9.29,12760648.0,117963932.0,9.13,1.7524644030668002,10.0,10.04,False,False,True,82.39682232125556
332,300466.SZ,赛摩智能,0.13399999999999995,19.040247678018574,1.0150444313556484,1.0618099468992515,0.7779283183270034,0.8834232438021367,460540826.0,7.17,7.18,7.06,7.07,4320000.0,30715927.0,7.13,-0.8415147265077083,20.0,8.56,False,False,True,82.38519666731254
333,300641.SZ,正丹股份,0.04315352697095446,31.09756097560976,1.1416412360373247,0.8849059619891615,0.5607031308823595,0.6382935077186106,525541210.0,13.68,13.78,13.68,13.72,2968413.0,40768452.0,13.64,0.5865102639296182,20.0,16.37,False,False,True,82.379383840341
334,601956.SH,东贝集团,0.1084598698481562,19.168591224018485,1.2574178892123549,0.7947772114640591,0.808219337191916,0.9890605483246827,621616590.0,4.83,4.93,4.79,4.81,4886421.0,23716173.0,4.83,-0.41407867494824835,10.0,5.31,False,False,True,82.33481883355938
335,600635.SH,大众公用,0.09976247030878856,19.756097560975626,1.0431650113976196,1.225616063028655,0.7927115941577312,0.6815917462620878,2418791675.0,4.52,4.57,4.5,4.52,20205855.0,91694396.0,4.52,0.0,10.0,4.97,False,False,True,82.24375121100562
336,300376.SZ,易事特,0.020501138952164176,35.60975609756098,1.015014904107345,0.7325981851128931,0.6648843649415472,0.9801494034686445,2327402401.0,4.22,4.24,4.17,4.23,16712045.0,70324173.0,4.19,0.9546539379474916,20.0,5.03,False,False,True,82.1759348963379
337,600502.SH,安徽建工,0.03389830508474555,15.476190476190466,1.0829877282485767,1.594821998212069,0.945830669163968,0.895026868365079,1716533938.0,4.28,4.3,4.25,4.27,24501952.0,104675052.0,4.26,0.23474178403755097,10.0,4.69,False,False,True,82.16430924239488
338,000900.SZ,现代投资,0.17171717171717168,12.352941176470589,0.789451159099061,0.8354310138338015,1.0699810167834722,0.6971251021646613,1517752584.0,3.57,3.59,3.55,3.56,8839390.0,31501753.0,3.57,-0.2801120448179262,10.0,3.93,False,False,True,82.14687076148034
339,600218.SH,全柴动力,0.10108303249097465,15.107913669064743,1.1975863496742751,1.162299148636888,0.8372288707357003,0.7589353384314632,435599919.0,7.54,7.59,7.49,7.52,3842470.0,28936089.0,7.51,0.13315579227695107,10.0,8.26,False,False,True,82.1371827165278
340,600688.SH,上海石化,0.12500000000000008,14.925373134328357,1.0063979894070676,0.9546167909716852,1.046400978077573,0.5698626395625142,7328813500.0,2.77,2.81,2.76,2.8,39868778.0,111331751.0,2.77,1.0830324909747224,10.0,3.05,False,False,True,82.11877543111801
341,600820.SH,隧道股份,0.1470588235294117,14.19999999999999,1.0009205070233664,0.7116596926760419,1.1718502125514751,0.9342021367648988,3144096094.0,5.3,5.35,5.25,5.26,20903020.0,110284935.0,5.3,-0.7547169811320753,10.0,5.83,False,False,True,82.02480139507848
342,600529.SH,山东药玻,0.25943396226415055,15.202312138728313,0.7491625370711953,0.8933959938250999,0.6940763418171819,0.5141778169012006,663614113.0000001,18.02,18.15,18.02,18.13,3048407.0,56052275.0,18.02,0.6104328523862446,10.0,19.82,False,False,True,82.02092617709746
343,300541.SZ,先进数通,0.01091703056768555,22.004357298474943,1.1987304501432967,1.6452136663839698,0.674613389248054,0.8694030160806261,388045412.0,9.34,9.55,9.3,9.53,5550422.0,52587133.0,9.28,2.69396551724137,20.0,11.14,False,False,True,82.02092617709746
344,002139.SZ,拓邦股份,0.1131034482758621,20.20316027088038,1.118124570376629,1.218383512508447,0.6890186070126034,0.9689043941293989,1071089847.0,9.76,9.79,9.6,9.62,12644185.0,122211365.0,9.68,-0.6198347107438051,10.0,10.65,False,False,True,82.02092617709745
345,300529.SZ,健帆生物,0.03968253968253955,28.716904276985744,1.0002313088788632,0.8933614778979925,0.8200794567944275,0.8380587415541901,512402075.0,15.03,15.19,15.0,15.01,3836300.0,57941822.0,15.03,-0.13306719893545482,20.0,18.04,False,False,True,82.00736291416393
346,603579.SH,荣泰健康,0.05576559546313808,20.72864321608039,1.262385789642139,1.1250625483816696,0.7751887924190705,1.3235311768880935,201052364.00000003,17.2,17.38,17.02,17.02,2993781.0,51447292.0,17.1,-0.4678362573099504,10.0,18.81,False,False,True,82.0034876961829
347,601006.SH,大秦铁路,0.22222222222222235,15.261958997722092,0.5969413753206171,0.5491757752466844,1.0036654942427927,0.6931476005111646,19862892778.0,4.71,4.73,4.69,4.7,75610062.0,355960924.0,4.71,-0.2123142250530785,10.0,5.18,False,False,True,81.97829877930634
348,002555.SZ,三七互娱,0.03095975232198132,19.87179487179487,1.1648539417075303,1.7043460103051002,0.7170054629724643,0.6702773345967669,1633762624.0,17.46,17.59,17.4,17.59,18663851.0,326619519.0,17.41,1.0338885697874778,10.0,19.15,False,False,True,81.9627979073823
349,002625.SZ,光启技术,0.057485786481364515,24.95238095238095,1.304842454049347,0.8597948848930229,0.7080141916222924,1.5622527905289172,2154572262.0,28.81,29.05,27.6,27.6,28940580.0,811307601.0,28.07,-1.674385464909156,10.0,30.88,False,False,True,81.94342181747724
350,300160.SZ,秀强股份,0.17129629629629634,16.417910447761198,1.0220455636268717,0.8221147055775426,0.8703107825167578,0.9654930380833515,762964451.0,4.41,4.44,4.34,4.35,6056000.0,26538901.0,4.39,-0.9111617312072884,20.0,5.27,False,False,True,81.93179616353419
351,601336.SH,新华保险,0.1421387864565874,13.545886912101434,1.131593723900739,0.9372985094833725,0.9060257612189961,0.6385801872648477,2085439340.0,57.5,58.27,57.45,58.18,12482194.0,724012130.0,57.43,1.305937663242207,10.0,63.17,False,False,True,81.8639798488665
352,600469.SH,风神股份,0.031055900621117905,18.31275720164609,1.088731078598175,1.1448490381428655,1.189030595980007,0.6880550217927061,846239192.0,4.97,5.0,4.95,4.99,6665988.0,33162004.0,4.96,0.6048387096774244,10.0,5.46,False,False,True,81.83685332299942
353,603566.SH,普莱柯,0.12304250559284095,16.422594142259417,1.1714956279670292,0.8265028791508816,0.9470439051040511,0.7123241607059106,346062273.0,10.11,10.21,10.09,10.12,2037400.0,20693844.0,10.11,0.09891196834816984,10.0,11.12,False,False,True,81.81360201511335
354,603535.SH,嘉诚国际,0.06616541353383451,19.507908611599277,1.2829769206665957,0.7777361485978821,0.9724228819603725,0.8348041775907018,510918331.00000006,6.12,6.24,6.09,6.11,3317175.0,20435944.0,6.13,-0.32626427406198255,10.0,6.74,False,False,True,81.77678744429375
355,600032.SH,XD浙江新,0.09689922480620156,28.82165605095541,1.0955074470998345,0.9707194363009101,0.4957650932868095,1.0673743212304199,2404675324.0,7.01,7.17,6.97,7.06,24915346.0,177072942.0,7.03,0.426742532005675,10.0,7.73,False,False,True,81.77291222631274
356,601880.SH,辽港股份,0.25531914893616997,16.541353383458635,0.8175760830190969,0.4443930248115755,0.8578298464582641,1.01263769176017,18413051214.0,1.46,1.47,1.44,1.47,82860411.0,121128004.0,1.45,1.379310344827589,10.0,1.6,False,False,True,81.7283472195311
357,600816.SH,建元信托,0.04901960784313752,14.406779661016955,1.2269984310404296,1.2191640435389004,1.010550590014328,0.7091890890220777,5469137919.0,2.41,2.43,2.4,2.42,47287142.0,114052846.0,2.41,0.4149377593360981,10.0,2.65,False,False,True,81.72059678356908
358,603350.SH,安乃达,0.10597189695550342,27.097023579435643,1.1215131862387302,0.9770949245883749,0.5417133132046454,0.8554077491384724,44124500.0,27.68,28.07,27.65,27.68,368799.0,10293231.0,27.68,0.0,10.0,30.45,False,False,True,81.68959503972097
359,600358.SH,国旅联合,0.12711864406779658,21.308016877637126,1.080788069235822,0.9973828499598297,0.7664350005531985,0.7460063280659945,504936660.0,5.09,5.09,4.98,5.01,3757001.0,18858754.0,5.04,-0.5952380952381042,10.0,5.54,False,False,True,81.67990699476844
360,600361.SH,创新新材,0.0833333333333334,14.925373134328357,1.2947418698728046,1.1708684488435026,0.8378257730151822,0.6935102066042753,3732662913.0,3.52,3.55,3.5,3.5,30309567.0,106848322.0,3.49,0.2865329512893977,10.0,3.84,False,False,True,81.6770005812827
361,688526.SH,科前生物,0.11371841155234637,19.742489270386265,1.2098729355115907,0.3505634940798295,1.0651961461742043,0.5848000348576454,466128056.0,12.38,12.38,12.23,12.37,955607.0,11773834.0,12.28,0.7328990228012922,20.0,14.74,False,False,True,81.66634373183491
362,600720.SH,中交设计,0.16065573770491806,16.594827586206918,0.8025915856313448,0.8266757240064772,1.0587215258764286,0.6278437169407988,1009049771.0,5.12,5.19,5.12,5.18,5237202.0,27047124.0,5.13,0.974658869395717,10.0,5.64,False,False,True,81.66246851385392
363,000599.SZ,青岛双星,0.11136890951276092,23.54368932038835,1.121777095048277,1.0643256815438904,0.659635102364976,1.9180019759004927,816742112.0,4.6,4.61,4.51,4.51,16672800.0,75763383.0,4.6,-1.9565217391304346,10.0,5.06,False,False,True,81.66053090486339
364,600817.SH,宇通重工,0.2473118279569893,17.269544924154022,1.0332671181625257,0.39662793976245153,0.7762721124040893,1.177890652148842,529491846.0,9.5,9.81,9.48,9.74,2473703.0,23927043.0,9.49,2.6343519494204326,10.0,10.44,False,False,True,81.65859329587289
365,688579.SH,地纬智能,0.08227848101265815,18.926553672316395,1.521867282262993,0.7433563910902176,0.7450848515988128,0.760445964703076,400010000.0,7.67,7.8,7.61,7.71,2261186.0,17500113.0,7.6,1.4473684210526416,20.0,9.12,False,False,True,81.64115481495836
366,002063.SZ,远光软件,0.1611721611721613,25.0,0.8002388188311537,1.0370940776942166,0.6033986903320685,0.7659465954389219,1769109143.0,5.35,5.41,5.34,5.35,14053072.0,75459240.0,5.32,0.5639097744360777,10.0,5.85,False,False,True,81.63340437899632
367,002270.SZ,华明装备,0.04103566194430873,23.041207196749845,1.4368883370993089,1.1430225137184218,0.5734815959167268,0.6937490677827985,896225431.0,18.26,18.55,18.18,18.35,7106806.0,130522060.0,18.07,1.5495296070835662,10.0,19.88,False,False,True,81.5559000193761
368,603215.SH,比依股份,0.12244897959183682,18.27450980392158,1.4464213505765555,0.662920920428832,0.7504707008770676,1.9482311978131064,187228380.0,14.14,14.4,13.9,14.06,2418098.0,34210208.0,14.13,-0.4953998584571906,10.0,15.54,False,False,True,81.54814958341406
369,600022.SH,山东钢铁,0.16129032258064527,17.355371900826434,1.0048308389324045,0.7633496642586726,0.9583762555891501,0.8814667594899899,10698849554.0,1.31,1.33,1.3,1.31,71989066.0,94710706.0,1.31,0.0,10.0,1.44,False,False,True,81.52877349350901
370,002327.SZ,富安娜,0.12025316455696171,14.745762711864385,0.9951698502945956,1.124362320304983,1.0166444078251922,0.4773901752616462,490983369.0,6.09,6.14,6.08,6.11,2635400.0,16134718.0,6.09,0.3284072249589487,10.0,6.7,False,False,True,81.47645805076536
371,002960.SZ,青鸟智控,0.27659574468085085,20.60027285129604,0.9409694539155374,0.679344085822256,0.49088315085602924,1.9156283775987804,968448955.0,8.4,8.7,8.4,8.7,12603112.0,108531967.0,8.37,3.942652329749108,10.0,9.21,False,False,True,81.46095717884131
372,601619.SH,嘉泽新能,0.06918238993710697,28.42639593908629,0.9783226594973427,1.2009114142859612,0.6451807368490111,0.924131022530163,2533248859.0,4.17,4.2,4.1,4.11,28113983.0,116218822.0,4.16,-1.2019230769230727,10.0,4.58,False,False,True,81.43576826196474
373,000778.SZ,新兴铸管,0.04761904761904766,12.747875354107663,1.0930574828508128,1.432252279442279,1.1224033770055994,0.7058960860153601,3893451290.0,3.6,3.62,3.59,3.61,39363621.0,141915662.0,3.61,0.0,10.0,3.97,False,False,True,81.43576826196472
374,301327.SZ,华宝新能,0.005932010038786174,25.780051150895144,1.304365156942574,0.9186014940141846,0.8174785620900774,0.8448515595239583,142773075.0,39.62,40.58,39.53,40.5,1108036.0,44490894.0,39.36,2.8963414634146423,20.0,47.23,False,False,True,81.4241426080217
375,688223.SH,晶科能源,0.0033670033670033703,35.752688172043,1.2660807336926045,0.6536228232350979,0.5517129255719018,1.1324824008542256,10269412261.0,3.77,3.89,3.76,3.88,76015868.0,290884306.0,3.74,3.743315508021383,20.0,4.49,False,False,True,81.42220499903121
376,002996.SZ,顺博合金,0.05182926829268292,12.369337979094075,1.1923433033876578,1.6925258334729136,0.8745177540522276,0.6283894122308642,458377491.0,5.95,6.0,5.94,5.95,4875144.0,29086792.0,5.91,0.6768189509306355,10.0,6.5,False,False,True,81.39895369114514
377,300699.SZ,光威复材,0.03223105902051066,35.27321190581962,1.0098501480747748,1.0350953818485724,0.509437926898449,0.719083813986353,823380299.0,23.43,23.71,23.31,23.55,6128587.0,144356942.0,23.28,1.1597938144329856,20.0,27.94,False,False,True,81.3543886843635
378,600728.SH,佳都科技,0.11731843575418992,25.798525798525795,1.0596567699188875,0.9592348981874604,0.6819925755602249,0.7604442750921756,2132599261.0,4.52,4.57,4.5,4.51,15556132.0,70472035.0,4.49,0.44543429844097204,10.0,4.94,False,False,True,81.34470063941096
379,002926.SZ,,0.2473498233215545,10.546378653113075,0.8114489273038632,0.6125251599999949,0.9570104360407594,0.7645332440206173,2625000000.0,8.13,8.2,8.11,8.19,12292766.0,101353525.0,8.1,1.1111111111111072,10.0,8.91,False,False,True,81.33113737647744
380,600763.SH,通策医疗,0.026302729528536038,18.459619582164024,1.2203148130826724,1.4826439010132455,0.8681945087331864,0.817428444046841,444455953.0,32.62,33.02,32.62,32.72,5402237.0,177146457.0,32.6,0.36809815950920033,10.0,35.86,False,False,True,81.30982367758187
381,000910.SZ,大亚圣象,0.11299435028248594,17.400419287211744,1.2396045565358416,0.7781529009125605,0.9588015942627616,2.503814644534026,547235125.0,5.21,5.69,5.2,5.69,10662059.0,59706498.0,5.17,10.058027079303677,10.0,5.69,True,False,True,81.25363301685721
382,688306.SH,均普智能,0.12145110410094631,32.63288009888752,1.0939909505315566,0.5129523144018575,0.5162651497335712,1.7428080626647542,1228282800.0,8.92,9.13,8.9,9.04,10980571.0,99062863.0,8.86,2.0316027088036037,20.0,10.63,False,False,True,81.21488083704708
383,002282.SZ,博深股份,0.20155038759689933,14.808043875685573,1.1010274507873248,0.7855169307262547,0.8282860555682822,0.6602413378850633,483311104.0,6.05,6.08,5.99,6.0,2506600.0,15114524.0,5.99,0.16694490818029983,10.0,6.59,False,False,True,81.20519279209456
384,688092.SH,爱科科技,0.14497272018706156,22.390396659707722,1.0952885127108425,0.8365513101633151,0.7587227797999303,1.2141332354626286,82663740.0,21.02,21.47,21.02,21.33,839603.0,17869864.0,21.02,1.4747859181731604,20.0,25.22,False,False,True,81.19744235613253
385,000927.SZ,中国铁物,0.21428571428571447,14.666666666666671,1.0841292025944187,0.6960805574185239,0.8448882595210964,0.6221963813184482,6050350581.0,2.48,2.5,2.47,2.48,26203996.0,65052296.0,2.49,-0.40160642570281624,10.0,2.74,False,False,True,81.18775431118
386,300365.SZ,恒华科技,0.10903426791277247,18.75,1.0091125221924817,1.7477722690835438,0.6717752795063712,1.2458936620087953,511724617.0,4.53,4.61,4.47,4.49,11143000.0,50599369.0,4.51,-0.44345898004433115,20.0,5.41,False,False,True,81.15190854485564
387,000799.SZ,酒鬼酒,0.035802469135802366,27.69662921348315,0.9315167857709689,1.6817405783294148,0.6129064249111799,0.7386235440342833,324897530.0,36.91,37.35,36.77,37.26,4035790.0,149826982.0,36.76,1.3601741022850833,10.0,40.44,False,False,True,81.14318930439838
388,002901.SZ,大博医疗,0.00916546068499748,26.5974025974026,1.3736532680615015,0.557345691968119,0.8952843731698699,0.6996067256954495,288412223.0,38.88,39.05,38.53,38.84,1124585.0,43580950.0,38.69,0.38769707934869224,10.0,42.56,False,False,True,81.14125169540786
389,300048.SZ,合康新能,0.10176991150442476,29.58715596330275,1.1626775644706713,0.773120718363858,0.5779766119446182,0.8189897631176032,1129301795.0,4.84,4.89,4.81,4.86,7150490.0,34698201.0,4.82,0.8298755186721962,20.0,5.78,False,False,True,81.1121875605503
390,603053.SH,成都燃气,0.24188790560471982,18.710493046776232,0.625594284609992,0.269719678475397,0.9713645308361718,0.5894445750775935,888890000.0,8.7,8.79,8.7,8.72,1413200.0,12364658.0,8.73,-0.11454753722794919,10.0,9.6,False,False,True,81.10831234256928
391,600575.SH,淮河能源,0.16911764705882348,21.333333333333336,1.0099046565135477,1.0339502642239446,0.6750317348188442,0.8871603750211424,3886261065.0,3.24,3.27,3.22,3.24,35647884.0,115756442.0,3.23,0.3095975232198178,10.0,3.55,False,False,True,81.09281147064522
392,000883.SZ,湖北能源,0.26890756302521024,18.29268292682926,0.8958376392468919,0.4543172298218075,0.7834372714436649,1.1284573087868046,6479510729.0,4.41,4.49,4.39,4.44,33219000.0,147810852.0,4.42,0.452488687782826,10.0,4.86,False,False,True,81.08699864367371
393,600308.SH,华泰股份,0.17543859649122823,17.12328767123288,1.1000792162813673,0.5952920390202164,0.9459028308710092,0.6363415901871838,1516870176.0,3.23,3.24,3.21,3.22,5746042.0,18536280.0,3.22,0.0,10.0,3.54,False,False,True,81.07537298973068
394,300230.SZ,永利股份,0.22794117647058829,12.060301507537696,0.8186088876952807,1.179943835255077,0.7470644512135327,0.6469846623889822,629822499.0,4.31,4.35,4.28,4.3,4808100.0,20759463.0,4.29,0.2331002331002363,20.0,5.15,False,False,True,81.07149777174966
395,603511.SH,爱慕股份,0.15582450832072606,21.834862385321085,1.0942373602168582,0.3603063860846595,0.9320084522915705,0.9528836730205712,401887312.0,11.96,12.26,11.94,12.18,1379800.0,16773163.0,11.93,2.095557418273253,10.0,13.12,False,False,True,81.06956016275916
396,002044.SZ,美年健康,0.017353579175705007,24.705882352941178,1.2907685768220456,1.5196250057611762,0.5694795057515598,1.5064365259074677,3874227627.0,4.37,4.46,4.35,4.42,88689540.0,391248908.0,4.33,2.0785219399538146,10.0,4.76,False,False,True,81.04243363689207
397,000963.SZ,华东医药,0.029982363315696745,26.809015421115067,1.148922399510306,0.8254553412355567,0.9284964053693037,0.6892710072936952,1753013098.0,26.0,26.26,25.91,26.1,9973986.0,260373405.0,25.8,1.1627906976744207,10.0,28.38,False,False,True,80.99011819414841
398,600283.SH,钱江水利,0.2420091324200911,16.15487316421895,0.7618094856405927,0.6031996015269581,0.936151529596035,0.7404844293726003,560824898.0,8.02,8.1,7.98,8.02,2504980.0,20136220.0,8.02,0.0,10.0,8.82,False,False,True,80.94555318736681
399,300664.SZ,鹏鹞环保,0.2161016949152542,18.181818181818166,1.1012929940486353,0.878588840231562,0.6622626227726326,0.8214820045464308,725179886.0,4.61,4.7,4.58,4.64,5233949.0,24301183.0,4.58,1.3100436681222627,20.0,5.5,False,False,True,80.93005231544274
400,002507.SZ,涪陵榨菜,0.16725978647686854,16.116870876531575,0.8115054187121178,0.9048552321047281,1.062715616516113,0.5319482505149095,1153718438.0,11.08,11.13,11.04,11.09,5553264.0,61582363.0,11.08,0.09025270758122872,10.0,12.19,False,False,True,80.92230187948073
401,600981.SH,苏豪汇鸿,0.14871794871794872,20.187793427230048,1.1952096864266188,0.7282228968184071,0.8264543726909256,0.99812699847411,2242433192.0,2.42,2.44,2.38,2.39,16299326.0,39205021.0,2.42,-1.2396694214875992,10.0,2.66,False,False,True,80.90292578957566
402,000063.SZ,中兴通讯,0.018939393939393912,33.58490566037735,0.9297553251207967,1.447912134504306,0.43653836182768924,1.1197962059964743,4027621232.0,32.04,32.66,32.01,32.44,65302502.0,2114366193.0,31.87,1.788515845622829,10.0,35.06,False,False,True,80.89711296260415
403,600248.SH,陕建股份,0.1666666666666666,16.988416988416976,1.1025688032061665,0.47817925337988254,1.0732690711202133,0.8538657856636956,3705739286.0,2.83,2.88,2.82,2.85,15130567.0,43116211.0,2.82,1.0638297872340496,10.0,3.1,False,False,True,80.87386165471808
404,600380.SH,健康元,0.022346368715083817,17.84140969162995,1.35981629474258,0.9111851128629899,1.1483014638483442,0.6563943244856932,1829453386.0,9.2,9.28,9.18,9.19,10941901.0,100833715.0,9.16,0.3275109170305601,10.0,10.08,False,False,True,80.85642317380353
405,300482.SZ,万孚生物,0.03500473036896871,17.467532467532454,1.3956655165041443,1.269723319960672,0.8507841545359729,0.7074939602383603,429263727.0,15.83,16.13,15.8,15.86,3859772.0,61622918.0,15.77,0.5707038681039833,20.0,18.92,False,False,True,80.80217012206937
406,603049.SH,中策橡胶,0.1286616886846637,21.92037470725996,1.063241298622627,0.4930645586302104,1.0718089745344723,0.6626025597150575,504980262.0,45.1,45.28,44.87,45.11,1649800.0,74429270.0,44.94,0.3782821539831005,10.0,49.43,False,False,True,80.79829490408837
407,002195.SZ,岩山科技,0.050599201065246326,27.112676056338024,1.1166221319082208,1.4915548153213456,0.5471532456450903,1.0423743780938697,5615833437.0,6.1,6.17,6.08,6.16,87312649.0,535468359.0,6.06,1.650165016501659,10.0,6.67,False,False,True,80.79829490408835
408,600550.SH,保变电气,0.2301724137931035,25.0,0.6865040270909295,0.9165904401326401,0.41501956988723043,1.1803139755892345,1841528480.0,10.7,10.93,10.68,10.88,19922843.0,216162633.0,10.65,2.1596244131455444,10.0,11.72,False,False,True,80.78860685913583
409,301268.SZ,铭利达,0.024421593830334126,30.614035087719294,1.3211269367186458,0.7635034851930176,0.6749869811241846,0.8946503498998318,362535444.0,11.86,12.09,11.82,11.82,2476366.0,29590478.0,11.78,0.339558573853993,20.0,14.14,False,False,True,80.78860685913583
410,300384.SZ,三联虹普,0.09639953542392568,21.130676552363315,1.19881212644852,1.129530739651404,0.7801998421597659,0.8017577286835857,220381842.0,11.72,11.79,11.57,11.57,1995800.0,23290379.0,11.62,-0.43029259896728567,20.0,13.94,False,False,True,80.74016663437318
411,600004.SH,白云机场,0.21794871794871792,15.895953757225435,0.9073993371154669,0.4313168754948045,1.0832990532805036,0.5971286196053003,2366718283.0,7.6,7.66,7.59,7.63,6095522.0,46503953.0,7.6,0.39473684210526994,10.0,8.36,False,False,True,80.73435380740167
412,688606.SH,奥泰生物,0.15194681861348538,30.70351758793972,1.1397593264467463,0.29549885913371904,0.5457313351950943,1.3838527181455351,75654353.0,44.67,46.1,44.67,45.93,309371.0,14137063.0,44.6,2.982062780269046,20.0,53.52,False,False,True,80.73435380740167
413,603305.SH,旭升集团,0.04267782426778241,31.1219512195122,1.0798440767795174,1.2003978882025295,0.5912662097574153,1.6071657547424636,1155708556.0,10.93,11.24,10.9,11.12,22296373.0,247084306.0,10.76,3.3457249070631967,10.0,11.84,False,False,True,80.72854098043015
414,000800.SZ,一汽解放,0.19499999999999984,17.38351254480286,1.0842795040419735,0.29980431287962395,1.004659952941497,0.642721161661017,4920635033.0,5.97,5.97,5.91,5.91,9481600.0,56309924.0,5.97,-1.005025125628134,10.0,6.57,False,False,True,80.72466576244913
415,601368.SH,绿城水务,0.2687499999999999,17.574257425742566,0.9087919584181774,0.4914289476121764,0.8102675505345222,0.889014811144387,882973077.0,4.47,4.51,4.45,4.45,3857600.0,17287684.0,4.47,-0.4474272930648726,10.0,4.92,False,False,True,80.72272815345863
416,000516.SZ,国际医学,0.1518987341772151,16.753926701570677,1.2069058651331057,0.9042325737780594,0.8434863466932936,1.034492642810184,2204748361.0,4.18,4.26,4.17,4.24,20623700.0,87073049.0,4.18,1.435406698564612,10.0,4.6,False,False,True,80.70722728153457
417,300034.SZ,钢研高纳,0.08851224105461387,24.898785425101224,1.0350988240376906,1.2703302095513114,0.7336081336848588,0.6254201626211633,767055977.0,15.89,16.0,15.83,15.91,6094184.0,96932053.0,15.76,0.9517766497461944,20.0,18.91,False,False,True,80.69366401860104
418,300888.SZ,稳健医疗,0.16476932294787297,20.26500389711614,1.2152631828132614,0.4681988408482691,0.8555246057799887,0.7519385686209727,580360952.0,28.38,28.8,28.38,28.75,2043200.0,58611578.0,28.41,1.1967617036254818,20.0,34.09,False,False,True,80.68785119162952
419,601702.SH,华峰铝业,0.09635974304068531,25.275532696546676,1.3490652403359564,0.717571704863121,0.691329209193482,0.425014577980081,998530600.0,15.14,15.22,15.02,15.07,3045303.0,46009906.0,14.96,0.7352941176470562,10.0,16.46,False,False,True,80.66459988374346
420,002526.SZ,山东矿机,0.1204819277108435,15.573770491803284,1.1866903882212783,1.2035165358500055,0.861986933500325,0.6219420279616982,1771234438.0,2.66,2.67,2.63,2.64,13258000.0,35128459.0,2.64,0.0,10.0,2.9,False,False,True,80.6432861848479
421,600867.SH,通化东宝,0.21153846153846165,21.487603305785143,1.0963543199876442,0.8800590926469815,0.5570259980767205,0.5820620472128522,1958542829.0,7.81,7.92,7.81,7.85,10032616.0,79057193.0,7.82,0.38363171355497716,10.0,8.6,False,False,True,80.64134857585739
422,603229.SH,奥翔药业,0.12032085561497306,22.377622377622373,1.4313412943258892,0.726986126153663,0.6505427390974066,0.8734594606867507,830297145.0,7.61,7.77,7.56,7.58,5272328.0,40279288.0,7.6,-0.2631578947368318,10.0,8.36,False,False,True,80.63553574888589
423,600639.SH,浦东金桥,0.30241935483870963,14.18685121107266,0.7178034807953187,0.469515981363129,0.8939172716156771,3.0244485141422444,850236703.0,9.41,9.88,9.37,9.85,12073590.0,116732818.0,9.42,4.564755838641177,10.0,10.36,False,False,True,80.6064716140283
424,600713.SH,南京医药,0.22285714285714267,15.319148936170212,1.111297141765792,0.803425625713328,0.7735358315575623,0.9144659586243549,1289814116.0,4.96,5.05,4.96,5.03,9476332.0,47566834.0,4.96,1.4112903225806495,10.0,5.46,False,False,True,80.57159465219918
425,603043.SH,广州酒家,0.1362889983579639,17.387755102040824,1.133366792534769,0.6488265041891415,1.1285548329436794,0.49977556901007353,562452370.0,13.15,13.24,13.02,13.2,1823851.0,24039991.0,13.08,0.917431192660545,10.0,14.39,False,False,True,80.56771943421818
426,600662.SH,外服控股,0.14583333333333345,18.56763925729443,1.3030851262498309,0.5026040951561145,0.8972196311959847,0.7480344103456064,2276762040.0,4.2,4.25,4.17,4.21,8559832.0,36098597.0,4.19,0.4773269689737347,10.0,4.61,False,False,True,80.56771943421818
427,000404.SZ,长虹华意,0.1976744186046511,26.55786350148366,0.6597979635493967,0.9780202589100883,0.5014049478863231,0.6490675597270765,692984960.0,6.88,6.93,6.86,6.88,4399077.0,30295130.0,6.85,0.43795620437956373,10.0,7.54,False,False,True,80.55415617128463
428,002673.SZ,西部证券,0.22619047619047633,10.691823899371066,0.9171399257968238,0.6529177577703514,1.0584134710763884,0.8812241662696606,4469581705.0,6.74,6.78,6.7,6.75,25716494.0,173487325.0,6.73,0.2971768202080227,10.0,7.4,False,False,True,80.54834334431312
429,600305.SH,恒顺醋业,0.186602870813397,15.064102564102555,1.0549948831984068,0.6654152428176865,1.0230898379069273,0.9277604134480336,1102959908.0,6.63,6.72,6.61,6.64,6809078.0,45436980.0,6.63,0.15082956259426794,10.0,7.29,False,False,True,80.52315442743654
430,600117.SH,西宁特钢,0.1285714285714287,19.500000000000007,1.224560342124374,0.46857818909828597,1.0613807067948648,0.6877388881450344,3255114857.0,2.19,2.22,2.18,2.19,10489915.0,23018798.0,2.18,0.4587155963302614,10.0,2.4,False,False,True,80.51927920945553
431,600751.SH,海航科技,0.11718749999999994,24.723247232472325,1.0575490765508833,0.9972614480096065,0.7695739444743289,1.3679218342939556,2573189052.0,3.03,3.06,2.98,3.0,35102820.0,105829044.0,3.01,-0.33222591362125353,10.0,3.31,False,False,True,80.49990311955048
432,688750.SH,金天钛业,0.07244897959183681,28.333333333333343,1.0576389581768406,0.98516649136487,0.7659370576173514,0.8061309839790088,232918326.00000003,14.0,14.19,13.94,14.16,1849775.0,26083294.0,13.91,1.797268152408349,20.0,16.69,False,False,True,80.48246463863593
433,603706.SH,东方环宇,0.0425531914893618,21.23039806996383,1.274660445368355,0.8136185544368072,1.1139338523271403,0.43144027570704513,189382714.0,16.95,17.08,16.83,17.0,664786.0,11292155.0,16.88,0.7109004739336511,10.0,18.57,False,False,True,80.48246463863592
434,002701.SZ,奥瑞金,0.10041841004184107,21.739130434782616,1.1450407495235537,0.8950197944836789,0.9226418896376833,0.6780066032354327,2557357434.0,4.39,4.42,4.37,4.38,15518795.0,68137337.0,4.38,0.0,10.0,4.82,False,False,True,80.47471420267391
435,600548.SH,深高速,0.17199999999999988,14.470284237726094,1.0181399535132252,0.31491666910882954,1.8163206728343146,0.5424324578424813,1714425983.0000002,8.15,8.17,8.12,8.13,2928600.0,23833985.0,8.17,-0.4895960832313251,10.0,8.99,False,False,True,80.4747142026739
436,000755.SZ,山西高速,0.2660098522167488,18.333333333333314,0.8511699329524764,0.3158337011923775,0.8864323025804749,0.8806273087693115,1467310196.0,4.76,4.76,4.69,4.69,4081056.0,19237959.0,4.74,-1.0548523206751037,10.0,5.21,False,False,True,80.44758767680682
437,002557.SZ,洽洽食品,0.07442489851150212,21.264367816091976,1.028789565952387,1.3199340631101706,0.9196718371366884,0.7242322900526507,504268856.0,18.0,18.2,17.98,17.99,4820502.0,87028049.0,17.95,0.22284122562674646,10.0,19.75,False,False,True,80.39139701608215
438,300341.SZ,麦克奥迪,0.12348401323043007,23.226950354609933,1.3137347565655835,0.7283290738194536,0.7278900062001085,1.5131157727141171,515808861.00000006,12.44,13.03,12.41,12.98,5684452.0,73099798.0,12.4,4.677419354838719,20.0,14.88,False,False,True,80.38364658012013
439,603589.SH,口子窖,0.014723926380368223,25.54061952074811,1.2099141875817698,0.8735284244349054,1.023139078154429,0.7304473275970902,598119472.0,17.35,17.55,17.33,17.55,3816400.0,66673761.0,17.35,1.1527377521613813,10.0,19.09,False,False,True,80.29839178453787
440,600182.SH,S佳通,0.13563829787234039,22.093981863149214,0.7301774927992448,1.0459020882352894,0.940783380512712,0.8769823269082858,170000000.0,12.67,12.83,12.65,12.77,1559304.0,19885981.0,12.64,1.0284810126582222,10.0,13.9,False,False,True,80.27901569463282
441,301361.SZ,众智科技,0.05257432922407539,31.71626579698328,0.9558632371846671,1.4406549098267492,0.4824247927006865,2.172725518072255,56336000.0,26.1,27.7,26.1,26.89,1763400.0,47859218.0,25.98,3.502694380292537,20.0,31.18,False,False,True,80.26739004068979
442,000750.SZ,国海证券,0.1919999999999999,8.888888888888879,1.0188803674299656,0.8236644921304109,1.057804997767014,0.8909745884756086,5796203977.0,3.64,3.67,3.63,3.65,42536262.0,155245789.0,3.63,0.5509641873278293,10.0,3.99,False,False,True,80.26351482270877
443,300869.SZ,康泰医学,0.0738916256157635,20.841683366733466,1.2942867362493748,1.0644869069971707,0.8476679364166841,1.0618194371911058,263734916.0,10.6,10.8,10.56,10.7,2980977.0,31887756.0,10.58,1.1342155009451682,20.0,12.7,False,False,True,80.2344506878512
444,603239.SH,浙江仙通,0.09927536231884064,29.983792544570488,1.1999907677756756,0.8724831375590969,0.5460707302085207,0.8717408548952875,270720000.0,13.78,13.96,13.66,13.82,2059040.0,28407169.0,13.71,0.8023340627279385,10.0,15.08,False,False,True,80.21507459794614
445,600433.SH,冠豪高新,0.11111111111111101,16.22516556291389,1.3692575531066453,1.4457686506756333,0.6169229051413861,0.8249551680787272,1750279233.0,3.28,3.33,3.26,3.31,20875481.0,69006862.0,3.28,0.9146341463414753,10.0,3.61,False,False,True,80.18988568106957
446,600637.SH,东方明珠,0.12038140643623368,19.26729986431477,1.0988537541580228,1.1206006692851977,0.8976417524064476,1.2252050510178822,3361899817.0,8.36,8.77,8.35,8.62,46157728.0,396782499.0,8.38,2.8639618138424527,10.0,9.22,False,False,True,80.172447200155
447,002116.SZ,中国海诚,0.19016393442622953,15.596330275229352,1.0024778590592525,0.6424921319447935,1.102703481893328,0.8948174175996102,552152964.0,7.12,7.21,7.1,7.15,3174400.0,22763746.0,7.12,0.4213483146067398,10.0,7.83,False,False,True,80.1666343731835
448,300146.SZ,汤臣倍健,0.09736842105263183,27.733934611048493,0.9455778922822871,0.9663067850479059,0.8165740288961385,1.0056685273068047,1120818659.0,9.23,9.36,9.22,9.23,10891940.0,101116865.0,9.24,-0.10822510822510178,20.0,11.09,False,False,True,80.1666343731835
449,002984.SZ,森麒麟,0.02783109404990395,20.66772655007949,1.3070105609597082,1.2935276719005864,0.8742730915276952,0.7233239923890998,713920189.0,12.85,12.96,12.81,12.9,6679720.0,86112150.0,12.87,0.2331002331002363,10.0,14.16,False,False,True,80.16275915520248
450,600797.SH,浙大网新,0.07866868381240552,30.282861896838597,0.9958352742792085,1.328658246503196,0.5108373110930887,0.7471414085605717,1027526370.0,6.57,6.65,6.57,6.61,10200209.0,67409291.0,6.53,1.2251148545176171,10.0,7.18,False,False,True,80.14532067428793
451,600933.SH,爱柯迪,0.09020618556701036,28.77049180327871,1.2422282138596992,0.7901945657990634,0.6640100382118467,3.6681126475356147,981013104.0,13.34,14.35,13.28,14.03,28434887.0,398819991.0,13.25,5.886792452830192,10.0,14.58,False,False,True,80.1317574113544
452,603288.SH,海天味业,0.23154701718907977,19.88933292345527,0.9569899488459915,0.28100460069445,0.9226007649802029,0.6197049214496981,5559820644.0,33.9,34.18,33.81,33.85,9681868.0,328691618.0,33.89,-0.11802891708467822,10.0,37.28,False,False,True,80.12594458438289
453,002461.SZ,珠江啤酒,0.2993197278911568,24.93261455525606,0.9581822903330529,0.184950678897869,0.433515192855285,0.7118734532205728,2213328480.0,8.32,8.42,8.28,8.36,2914101.0,24359482.0,8.3,0.7228915662650381,10.0,9.13,False,False,True,80.11238132144935
454,603013.SH,亚普股份,0.011026878015161968,28.051391862955043,1.1011347955182043,0.7258980195418011,1.1812858629522895,0.43960301757387177,508219564.0,14.19,14.34,14.19,14.32,1621764.0,23185327.0,14.17,1.0585744530698715,10.0,15.59,False,False,True,80.0697539236582
455,688475.SH,萤石网络,0.2313104661389623,23.772102161100193,1.040642201486187,0.43434971428570907,0.7025638260671312,0.6353037447113057,787500000.0,27.99,28.16,27.88,28.01,2173059.0,60937995.0,27.78,0.8279337652987717,20.0,33.34,False,False,True,80.04844022476266
456,000557.SZ,西部创业,0.1633663366336634,15.178571428571441,1.260365486620465,0.5572227032763875,1.0029199384014296,0.9117840767926001,1457916197.9999998,3.71,3.74,3.65,3.67,7407188.0,27355632.0,3.69,-0.5420054200542035,10.0,4.06,False,False,True,80.04262739779114
457,600853.SH,龙建股份,0.16748768472906397,17.006802721088434,1.046009748204421,0.8980347358210291,0.960291143211641,0.8429944168257955,1013699085.0,3.27,3.3,3.25,3.26,7674090.0,25160916.0,3.28,-0.6097560975609762,10.0,3.61,False,False,True,80.0329393528386
458,600019.SH,宝钢股份,0.24215246636771298,18.53281853281854,0.7338098983414025,0.43464560629110455,1.0163785283590996,0.7544300874182512,21414095749.0,5.72,5.79,5.7,5.76,70218902.0,403831301.0,5.72,0.6993006993007089,10.0,6.29,False,False,True,80.00871924045727
459,605368.SH,蓝天燃气,0.1831683168316832,20.404721753794263,0.8864571736036158,0.6231406449814335,1.025560050204965,0.7506797070506934,714635915.0,6.69,6.74,6.64,6.65,3342917.0,22346142.0,6.67,-0.2998500749625155,10.0,7.34,False,False,True,79.98643673706646
460,300815.SZ,玉禾田,0.02230720203951559,36.10911701363963,0.8802083392350124,0.9374978835158903,0.7762256412746688,3.4547107010956295,392159808.0,14.4,15.47,14.35,15.32,12701209.0,193152001.0,14.28,7.282913165266103,20.0,17.14,False,False,True,79.91086998643674
461,603271.SH,永杰新材,0.06345609065155794,25.73839662447257,1.0988578286243416,1.7069556423175227,0.5833447036573177,0.6715082654828325,94575996.0,38.22,38.86,38.22,38.68,1084063.0,41804189.0,38.15,1.3892529488859884,10.0,41.97,False,False,True,79.85080410773105
462,601808.SH,中海油服,0.14232902033271724,25.92592592592593,1.1403273858803675,0.524156535385617,0.8099168513349156,0.5702366810501173,2960468000.0,12.05,12.19,11.99,12.15,8848640.0,107173643.0,12.07,0.6628003314001596,10.0,13.28,False,False,True,79.83433443131176
463,601188.SH,龙江交通,0.18421052631578944,12.734082397003732,0.7696870017758345,1.0938094004257417,1.0615569747213462,0.6762558665430817,1305469915.0,2.88,2.9,2.85,2.86,9656496.0,27742776.0,2.88,-0.694444444444442,10.0,3.17,False,False,True,79.8004262739779
464,000623.SZ,吉林敖东,0.21669626998223784,9.296920395119113,0.967838311092492,0.9454062510638388,0.952295480646872,0.7013176517116252,1191023318.0,17.4,17.59,17.36,17.56,7896843.0,138307831.0,17.31,1.444251877527436,10.0,19.04,False,False,True,79.79073822902538
465,000869.SZ,张  裕Ａ,0.10136157337367623,17.473821989528805,1.2763755908546048,0.43824680847359254,1.7131658441290059,0.7412402852595558,454935920.0,15.99,16.31,15.9,16.21,1477842.0,23910658.0,15.95,1.6300940438871647,10.0,17.55,False,False,True,79.78686301104436
466,300144.SZ,宋城演艺,0.03888888888888905,14.847942754919497,1.1561135847376898,1.4143335304280473,1.2874021177409438,0.674350793707828,2581597994.0,5.72,5.8,5.71,5.75,24622170.0,142004098.0,5.73,0.3490401396160525,20.0,6.88,False,False,True,79.77136213912034
467,600704.SH,物产中大,0.24475524475524502,11.86813186813187,0.7671868352649962,0.818706729423017,1.0091709506738733,0.6829451100845245,5171179890.0,4.87,4.92,4.85,4.9,28913709.0,141358911.0,4.87,0.6160164271047375,10.0,5.36,False,False,True,79.75004844022476
468,603368.SH,柳药集团,0.16347826086956513,19.31659693165968,0.8865329138727944,0.9255099467133768,1.016522177582419,0.5300625047841123,397211355.0,15.25,15.45,15.25,15.37,1948632.0,29981690.0,15.28,0.5890052356021025,10.0,16.81,False,False,True,79.72485952334819
469,688085.SH,三友医疗,0.10826210826210832,29.94604316546763,1.2292563844242674,0.654598605065379,0.651944222170524,0.9218976407229124,350615573.0,12.31,12.7,12.25,12.47,2115870.0,26513329.0,12.26,1.71288743882545,20.0,14.71,False,False,True,79.7122650649099
470,688219.SH,会通股份,0.07425742574257442,37.512742099898055,0.8113317324416919,0.7690919673450085,0.7009975484408092,0.8544206011673535,548633400.0,10.3,10.3,10.13,10.15,3607886.0,36696943.0,10.06,0.8946322067594492,20.0,12.07,False,False,True,79.70160821546213
471,688439.SH,振华风光,0.036240090600226524,36.25453530560983,0.9610825793804605,0.85187075,0.755944258400008,0.8815298564952488,200000000.0,37.4,37.94,37.18,37.69,1501899.0,56706407.0,37.11,1.5629210455402776,20.0,44.53,False,False,True,79.66479364464251
472,688236.SH,春立医疗,0.028696194635059315,22.65446224256291,1.6086366991591425,0.648188802751461,0.884021157216122,0.8418460406149475,288428000.0,13.52,13.97,13.52,13.82,1573880.0,21753893.0,13.57,1.8422991893883633,20.0,16.28,False,False,True,79.65123038170897
473,603352.SH,至信股份,0.03111111111111111,27.362120564343726,0.9950042646400373,1.927297802539733,0.6205857116779377,1.8526227888287894,45333334.00000001,25.14,25.85,25.14,25.7,1618652.0,41376837.0,25.14,2.2275258552108212,10.0,27.65,False,False,True,79.63960472776593
474,688631.SH,莱斯信息,0.015950520833333398,33.81858902575588,1.4077902741757462,0.7070139169266476,0.6021014187539544,0.7206635762498761,163470000.0,36.86,37.55,36.79,37.42,832911.0,31098480.0,36.7,1.961852861035429,20.0,44.04,False,False,True,79.62216624685139
475,002544.SZ,普天科技,0.04510731174972718,32.11578221915921,0.9377246161881321,1.2965745179965504,0.6859328848238626,1.4829627057920298,680468529.0,15.89,16.32,15.85,16.16,13083856.0,211162835.0,15.75,2.6031746031746072,10.0,17.33,False,False,True,79.55628754117419
476,603856.SH,东宏股份,0.1549999999999998,29.60222016651248,0.7293349953007378,0.9669947350182746,0.6462847952419598,0.5201162360427976,282056060.0,11.4,11.48,11.38,11.42,1418600.0,16215421.0,11.37,0.4397537379067895,10.0,12.51,False,False,True,79.55047471420266
477,603037.SH,凯众股份,0.11621856027753685,26.74418604651163,1.1954713863410953,1.0413217915394362,0.6136628435425634,1.0862385287998328,266150077.0,10.0,10.05,9.78,9.79,3010487.0,29749541.0,9.94,-1.5090543259557387,10.0,10.93,False,False,True,79.54466188723116
478,002032.SZ,苏 泊 尔,0.19178082191780832,23.19221667104918,0.8442514010498641,0.24542000217037696,1.0547344714758902,0.773110281741467,799580533.0,39.95,40.19,39.79,40.13,1517090.0,60766832.0,39.99,0.3500875218804822,10.0,43.99,False,False,True,79.54078666925015
479,603107.SH,上海汽配,0.23062730627306274,17.064220183486235,0.9976366310980177,0.7486163864494929,0.8864908740825573,1.824203141849656,218173998.0,12.08,12.23,12.01,12.09,2979446.0,36054860.0,12.15,-0.4938271604938316,10.0,13.37,False,False,True,79.50784731641154
480,603697.SH,有友食品,0.07258064516129019,22.14532871972319,1.4109605506681897,1.0735125856826055,0.7441652606174947,0.8050349697260826,427692098.0,9.05,9.16,9.02,9.05,3696180.0,33581890.0,9.03,0.22148394241419123,10.0,9.93,False,False,True,79.50009688044952
481,002110.SZ,三钢闽光,0.06756756756756771,19.92753623188408,1.275358712846848,0.9574864403792078,1.0582301079274727,0.88678583918089,2429076227.0,2.91,2.94,2.89,2.91,20624932.0,60198811.0,2.91,0.0,10.0,3.2,False,False,True,79.49815927145902
482,002019.SZ,亿帆医药,0.0380434782608694,21.83020948180816,1.4738600100742105,1.1157588439576938,0.7855765123091981,0.627071564753793,842518305.0,9.27,9.4,9.25,9.37,5894769.0,55155137.0,9.28,0.969827586206895,10.0,10.21,False,False,True,79.43034295679132
483,002372.SZ,伟星新材,0.12114989733059527,22.953020134228197,1.2243564890007774,0.6430908578846514,0.9388104312371094,0.6795357608150727,1470108109.0,8.06,8.14,8.03,8.08,6424420.0,51963111.0,8.04,0.4975124378109541,10.0,8.84,False,False,True,79.4245301298198
484,000035.SZ,中国天楹,0.11682242990654207,23.529411764705888,1.0991404487640826,1.236066622425119,0.7555076330570377,0.6627591681007803,2313124623.0,4.75,4.8,4.73,4.77,18949452.0,90311802.0,4.75,0.42105263157894424,10.0,5.23,False,False,True,79.40418523541949
485,002406.SZ,远东传动,0.17518248175182502,16.528925619834723,0.9327012650670152,1.8537840594288122,0.6177384630262821,0.9618150593485758,562171311.0,6.52,6.59,6.47,6.5,10023500.0,65333143.0,6.53,-0.45941807044410643,10.0,7.18,False,False,True,79.39643479945747
486,600702.SH,舍得酒业,0.013687380235422842,24.056603773584918,1.1899391337471965,1.6419666055095188,0.7974183604147962,0.9739160137560028,331950865.0,32.21,32.99,32.21,32.85,5308351.0,173901592.0,32.3,1.702786377708998,10.0,35.53,False,False,True,79.38577795000968
487,603100.SH,川仪股份,0.1690821256038647,19.48212083847103,1.2081184964853713,0.80223078167977,0.8391642496133124,0.556254669766891,511539166.0,18.01,18.15,17.94,18.0,2282716.0,41163914.0,17.97,0.16694490818029983,10.0,19.77,False,False,True,79.36446425111413
488,600976.SH,健民集团,0.09728363866077064,25.202593192868704,1.058016429377084,1.2022585985781955,0.7979761435715369,0.33528253451786544,153298600.0,26.28,26.59,26.23,26.44,617941.0,16335984.0,26.22,0.8390541571319687,10.0,28.84,False,False,True,79.35865142414261
489,003000.SZ,劲仔食品,0.007017543859648974,19.32314410480349,1.043574890303414,1.689128806175449,1.189594435698319,0.4263773391588631,297961315.0,9.19,9.3,9.19,9.3,2202132.0,20622840.0,9.18,1.3071895424836777,10.0,10.1,False,False,True,79.35283859717107
490,000498.SZ,山东路桥,0.24855491329479798,15.964523281596477,0.7368486554547888,0.6399905105177615,1.0568465787401375,1.9367713226023955,1449347778.9999998,4.96,5.1,4.96,5.05,17964887.0,90502711.0,4.94,2.2267206477732726,10.0,5.43,False,False,True,79.34702577019956
491,688317.SH,之江生物,0.11621233859397427,31.215846994535525,1.1629326720671092,0.8012336484444594,0.5869116936359032,1.3639000199659232,189843712.0,16.26,16.98,16.24,16.48,2074617.0,34494280.0,16.26,1.3530135301353052,20.0,19.51,False,False,True,79.31214880837047
492,600808.SH,马钢股份,0.09049773755656097,16.309012875536478,1.3854825407726852,0.9965777190832054,0.9670024995400812,1.0109785665902582,5967751186.0,2.53,2.58,2.52,2.57,60126210.0,154067597.0,2.53,1.5810276679841806,10.0,2.78,False,False,True,79.31021119937995
493,603787.SH,新日股份,0.16073619631901828,20.79545454545455,1.2736198995653667,1.0094740118775256,0.6559587068539564,0.8891455226301783,230143790.0,10.11,10.22,10.02,10.06,2065700.0,20883371.0,10.11,-0.4945598417408381,10.0,11.12,False,False,True,79.28502228250338
494,600874.SH,创业环保,0.33112582781456956,13.492063492063489,0.5695958919470379,0.6176969716760895,0.9138472120419855,0.7038683338957596,1230418085.0,5.52,5.6,5.52,5.54,5349579.0,29796452.0,5.54,0.0,10.0,6.09,False,False,True,79.22883162177871
495,002243.SZ,力合科创,0.1378151260504201,22.31139646869984,1.319244489299074,0.8686882004808345,0.7146235067056593,0.6787630181235659,1202160648.0,7.07,7.13,7.03,7.07,7088341.0,50222241.0,7.05,0.28368794326241176,10.0,7.76,False,False,True,79.22495640379772
496,605499.SH,东鹏饮料,0.0157555502506564,34.091337988299685,1.3360621011191975,0.6773777549052344,0.708247292967783,0.6497944471859542,676016900.0,108.09,109.68,108.08,108.65,2975531.0,332705091.0,107.96,0.6391256020748637,10.0,118.76,False,False,True,79.1881418329781
497,600477.SH,杭萧钢构,0.07661290322580643,19.819819819819816,1.052833787767158,1.421286037080315,1.0027928794465064,0.5897516229048773,2358968436.0,2.41,2.44,2.4,2.42,19773009.0,47920338.0,2.41,0.4149377593360981,10.0,2.65,False,False,True,79.1823290060066
498,300925.SZ,法本信息,0.03940217391304349,20.420420420420406,1.3411163401115014,1.7868108171931387,0.685646109044606,0.7574128849724342,349512146.99999994,13.96,14.13,13.9,13.98,4730135.0,66220750.0,13.9,0.575539568345329,20.0,16.68,False,False,True,79.16295291610155
499,600708.SH,光明地产,0.12244897959183662,28.57142857142858,1.3073482778963714,0.701258074536345,0.6080237566178117,0.9863089477232564,2225277771.0,2.97,3.07,2.97,3.04,15391292.0,46399394.0,2.98,2.0134228187919545,10.0,3.28,False,False,True,79.15617128463477
500,600739.SH,辽宁成大,0.16614420062695953,15.81108829568787,1.0566371148620175,0.90819163720922,1.0902136430768863,0.687040210516967,1522315928.0000002,10.26,10.39,10.26,10.35,9498706.0,98295362.0,10.23,1.1730205278592365,10.0,11.25,False,False,True,79.12226312730091
501,002334.SZ,英威腾,0.1492204899777283,26.02040816326532,0.8588449037801583,1.4709458168452896,0.5631315797944468,0.8261851625670511,735012094.0000001,6.56,6.61,6.54,6.56,8932408.0,58702522.0,6.55,0.15267175572519776,10.0,7.21,False,False,True,79.06413485758574
502,600993.SH,马应龙,0.20804597701149413,19.641125121241522,0.9472068311881404,0.8925112366793395,0.8715392009672484,0.7491300529844508,430317966.0,22.43,22.73,22.41,22.67,2877136.0,65019635.0,22.43,1.0699955416852536,10.0,24.67,False,False,True,79.02732028676614
503,002117.SZ,东港股份,0.042168674698795094,18.513513513513512,1.2570716580892847,1.4201972561872576,0.9939632663820932,0.8069655807836268,523554680.0,7.71,7.77,7.64,7.65,6000200.0,46192923.0,7.68,-0.3906249999999889,10.0,8.45,False,False,True,79.02150745979462
504,688285.SH,高铁电气,0.2077562326869806,17.647058823529417,1.3063329529976588,0.5855029523472716,0.7914155642996158,1.0081325086770263,376289913.0,7.4,7.55,7.39,7.47,2221106.0,16610927.0,7.38,1.2195121951219523,20.0,8.86,False,False,True,79.00794419686108
505,600038.SH,中直股份,0.18275154004106783,16.844700082169272,1.0442027232658906,0.9264795835888521,0.972721667377139,0.5372847238422065,668935221.0,27.3,27.3,26.93,27.05,3329848.0,90187815.0,27.01,0.14809329877822908,10.0,29.71,False,False,True,78.99438093392753
506,603070.SH,万控智造,0.168577981651376,35.858585858585855,0.908983159009806,0.43095569825436053,0.5470223041708048,0.8857579687111349,401000000.0,11.42,11.55,11.41,11.48,1530707.0,17575791.0,11.37,0.9674582233949014,10.0,12.51,False,False,True,78.984692888975
507,605116.SH,奥锐特,0.08662790697674429,21.012101210121003,1.7204977035994244,0.67194678941376,0.7326287646964085,1.0429726623538216,406183234.0,19.3,19.9,19.28,19.76,2846622.0,56055260.0,19.28,2.4896265560165887,10.0,21.21,False,False,True,78.94400310017438
508,001308.SZ,康冠科技,0.24349157733537513,30.58461538461539,0.721572284862364,0.2898213261424485,0.6164632832945565,1.130553285878684,527325325.0,17.86,18.17,17.86,18.09,1727826.0,31248175.0,17.84,1.4013452914798163,10.0,19.62,False,False,True,78.94206549118388
509,000898.SZ,鞍钢股份,0.20792079207920766,17.032967032967015,1.0949545957317377,0.5099336765882609,1.068679213078061,0.7400980153706713,7957508008.0,2.02,2.05,2.01,2.04,30031707.0,61100014.0,2.03,0.49261083743843415,10.0,2.23,False,False,True,78.91881418329781
510,300278.SZ,华昌达,0.03943661971830989,29.003021148036233,1.376556242535593,1.007521175814722,0.6634047819008092,1.4413453469687756,1409445180.0,3.46,3.57,3.45,3.52,20467765.0,71844736.0,3.45,2.0289855072463725,20.0,4.14,False,False,True,78.88781243944972
511,002351.SZ,漫步者,0.1789667896678968,20.518602029312284,0.9299478213963812,1.1804903139987393,0.807974980585376,1.0472385554599233,527441600.00000006,9.9,10.13,9.85,10.0,6520523.0,65206245.0,9.84,1.6260162601626105,10.0,10.82,False,False,True,78.87424917651616
512,600496.SH,精工钢构,0.14285714285714285,13.11475409836067,0.9014087152848177,1.5398251429657583,1.0192020943953264,1.1308345909575641,1990125599.0,3.27,3.36,3.25,3.34,34653809.0,115063082.0,3.26,2.4539877300613577,10.0,3.59,False,False,True,78.87037395853517
513,600089.SH,特变电工,0.1362842166569598,30.342120022434106,1.010668438163675,1.1176609371245796,0.47379532915457295,0.7849818726401946,5052792571.0,17.98,18.18,17.98,18.13,44330351.0,801811583.0,17.91,1.2283640424343822,10.0,19.7,False,False,True,78.83743460569657
514,601016.SH,节能风电,0.16040955631399323,25.312499999999982,0.7998845794181342,1.6583702292661033,0.41860494514730173,1.249978501885987,6038260256.000001,3.38,3.45,3.35,3.43,125168711.0,427297693.0,3.41,0.5865102639296182,10.0,3.75,False,False,True,78.79868242588644
515,301559.SZ,中集环科,0.12568306010928965,19.444444444444443,0.9846859014672515,1.7327447777777727,0.7912315465636837,0.8616643741147234,90000000.0,12.89,12.95,12.81,12.82,1343740.0,17323082.0,12.8,0.15624999999999112,20.0,15.36,False,False,True,78.75508622360007
516,000589.SZ,贵州轮胎,0.19166666666666698,12.749999999999995,0.7390916131111946,1.437359280167254,0.9314222359247533,0.7236594191463047,1544110704.0,4.24,4.26,4.23,4.24,16061200.0,68147011.0,4.23,0.23640661938533203,10.0,4.65,False,False,True,78.72892850222823
517,601211.SH,国泰海通,0.36986301369863017,19.463869463869464,0.9515064787169191,0.49566087041089696,0.6468611750371511,0.8746777244092114,13449124024.0,17.36,17.63,17.31,17.5,58307806.0,1022383945.0,17.32,1.0392609699769073,10.0,19.05,False,False,True,78.71924045727573
518,600651.SH,飞乐音响,0.045454545454545456,33.93574297188753,1.2103287531848352,0.645623142348487,0.799462248204903,0.7259838802016048,2507028015.0,5.18,5.23,5.15,5.2,11750741.0,60975061.0,5.19,0.19267822736031004,10.0,5.71,False,False,True,78.6843634954466
519,002605.SZ,姚记科技,0.0347826086956522,28.094059405940584,1.1222938183034596,1.4281151617250998,0.76178186303486,0.6292333877828138,338453459.0,16.71,16.71,16.59,16.66,3040900.0,50650455.0,16.64,0.12019230769231282,10.0,18.3,False,False,True,78.6785506684751
520,603169.SH,兰石重装,0.04733727810650882,33.1588132635253,1.334797649779903,0.7907912738804432,0.6369760684798933,0.8966651252240122,1306291798.0,6.16,6.25,6.14,6.2,9262588.0,57345512.0,6.13,1.1419249592169667,10.0,6.74,False,False,True,78.66886262352259
521,601228.SH,广州港,0.3402061855670103,15.162454873646203,0.7273441509271134,0.3033931199313755,0.9779911530160855,0.7613679722222885,7544531351.0,3.09,3.12,3.06,3.07,17427400.0,53731870.0,3.1,-0.967741935483879,10.0,3.41,False,False,True,78.66692501453207
522,002540.SZ,亚太科技,0.13702623906705555,21.017699115044252,1.0662290561114705,1.0938946568294712,0.9216544527259356,0.8654406495361839,858201358.0,5.01,5.04,4.95,4.97,8124600.0,40507392.0,4.99,-0.40080160320642433,10.0,5.49,False,False,True,78.63398566169346
523,301522.SZ,上大股份,0.07756324900133149,34.99515972894483,0.9488005955571961,1.093937645082536,0.6349778488943322,0.9224950825575314,276781667.0,23.13,23.52,23.13,23.36,2793148.0,65227913.0,22.99,1.6093953892996948,20.0,27.59,False,False,True,78.63204805270297
524,000685.SZ,中山公用,0.30199999999999994,15.705765407554662,0.7617595741400234,0.9847620766910784,0.7593964316206198,0.7097783454172871,1246581940.0,10.85,10.95,10.82,10.91,8713144.0,94807790.0,10.79,1.1121408711770142,10.0,11.87,False,False,True,78.62429761674095
525,300425.SZ,中建环能,0.17297297297297293,14.480874316939897,1.0926170987763668,1.1275225790449395,0.9567282248065083,0.7977352344898294,680738380.9999999,3.98,4.02,3.95,3.96,6123000.0,24366164.0,3.98,-0.5025125628140725,20.0,4.78,False,False,True,78.59329587289285
526,301318.SZ,维海德,0.17273431448489518,19.23705722070843,1.2694148887029848,0.9537239646257394,0.7554647133731971,0.6838949169491871,93180195.0,20.61,21.04,20.58,20.72,607765.0,12640837.0,20.58,0.6802721088435382,20.0,24.7,False,False,True,78.5409804301492
527,002097.SZ,山河智能,0.04376163873370583,18.484848484848506,1.12243444416347,1.743483028706193,1.0190232486617667,0.8618693562456259,1073000545.0,7.1,7.15,7.03,7.08,16123492.0,114390899.0,7.07,0.14144271570013522,10.0,7.78,False,False,True,78.53516760317767
528,688015.SH,交控科技,0.13333333333333333,20.23643949930458,1.3383349365744368,0.6957185116433295,0.9348149970695496,0.7436183275546638,188680742.0,16.05,16.27,16.04,16.09,976138.0,15739444.0,15.98,0.6883604505631968,20.0,19.18,False,False,True,78.52547955822516
529,688468.SH,科美诊断,0.21639344262295082,19.272727272727263,1.1692113937071138,0.6395574134646975,0.8571216954552251,1.1280341511149923,401108000.0,6.18,6.34,6.11,6.23,2893764.0,18155401.0,6.16,1.1363636363636465,20.0,7.39,False,False,True,78.50416585932959
530,002454.SZ,松芝股份,0.18263473053892226,20.814479638009043,1.1089335149393442,1.0372592022268161,0.7592489449966605,0.8304637447267071,877353836.0,5.03,5.05,4.95,4.97,7557580.0,37725094.0,5.03,-1.1928429423459397,10.0,5.53,False,False,True,78.50029064134857
531,603365.SH,水星家纺,0.062426383981154444,22.90322580645161,1.3024419654363868,0.7781943502504609,1.1365392875599274,0.5589215677735213,261133700.0,15.97,16.22,15.95,16.15,1135800.0,18312037.0,16.03,0.7485963817841279,10.0,17.63,False,False,True,78.49447781437705
532,603300.SH,海南华铁,0.05657237936772044,28.23529411764707,1.110835827296659,1.4985059733372719,0.6931747806817419,0.6818986176554706,1999188217.0,4.63,4.66,4.6,4.64,20428288.0,94560401.0,4.59,1.089324618736387,10.0,5.05,False,False,True,78.44797519860492
533,000708.SZ,中信特钢,0.2444444444444444,20.863895680521605,1.0615598010118665,0.2594857960904135,0.9132784733608962,0.8636321914923595,5047136556.0,13.04,13.13,12.97,13.0,11310647.0,147506473.0,13.1,-0.7633587786259555,10.0,14.41,False,False,True,78.43053671769037
534,300098.SZ,高新兴,0.05617977528089893,19.902912621359235,1.14327051197967,2.019703438670347,0.8024937622023034,0.8388419471267974,1541743627.0,4.36,4.4,4.33,4.33,26120405.0,114002481.0,4.32,0.23148148148146586,20.0,5.18,False,False,True,78.42666149970935
535,603529.SH,爱玛科技,0.19044585987261137,21.696035242290755,1.3093514187893711,0.611202573075322,0.7355122535086356,0.5351638084339724,850765921.0,21.22,21.26,21.0,21.05,2782800.0,59842952.0,21.15,-0.47281323877067516,10.0,23.27,False,False,True,78.41309823677582
536,600320.SH,振华重工,0.15882352941176445,13.436692506459934,1.1331265742512124,1.1847255592725225,0.9947281105361924,0.7183147080149556,3310205899.0,4.13,4.18,4.12,4.17,28170044.0,117034124.0,4.14,0.7246376811594235,10.0,4.55,False,False,True,78.40341019182328
537,600754.SH,锦江酒店,0.10395189003436434,18.680677174547576,0.9269131110501,1.5210238014660384,1.077149780543118,0.6218832666951275,906044063.0,18.34,18.68,18.29,18.49,8570264.0,158695324.0,18.34,0.8178844056706547,10.0,20.17,False,False,True,78.38403410191823
538,002594.SZ,比亚迪,0.2204316546762589,24.93855904798863,1.0537232508052488,0.7518121591525031,0.6799788011484122,1.1440430494165335,3487068722.0,84.0,84.67,83.27,84.3,29992469.0,2515193162.0,84.97,-0.7885135930328357,10.0,93.47,False,False,True,78.38015888393723
539,300172.SZ,中电环保,0.18390804597701135,19.548872180451117,0.8432105858634547,1.7099398834281978,0.6644731529896903,0.7044993485126496,523512387.0,4.47,4.53,4.46,4.47,6306500.0,28329292.0,4.47,0.0,20.0,5.36,False,False,True,78.36853322999418
540,603050.SH,科林电气,0.16949152542372872,32.62195121951221,0.9559600794545785,0.6761762017112795,0.6148168663472814,1.0039039313005482,403319193.0,18.15,18.33,18.01,18.09,2737795.0,49797536.0,18.07,0.11068068622024363,10.0,19.88,False,False,True,78.36659562100367
541,600977.SH,中国电影,0.11173184357541899,25.93537414965987,1.2153520315128468,1.2482624933047606,0.6374675056196765,0.7555870885253968,1867000000.0,12.72,12.99,12.64,12.93,17609003.0,226640619.0,12.76,1.3322884012539227,10.0,14.04,False,False,True,78.35496996706065
542,301048.SZ,金鹰重工,0.13435700575815757,19.14634146341463,1.188373552803495,0.8926624509171891,1.0649425046957426,0.4644742228673895,533333400.0,8.95,9.02,8.92,8.97,2211300.0,19831266.0,8.9,0.786516853932584,20.0,10.68,False,False,True,78.35109474907965
543,002462.SZ,嘉事堂,0.19469026548672563,20.725883476599805,1.2927758487004304,0.8788006717072675,0.659808866335231,1.1381248233418337,291470419.0,12.29,12.39,12.18,12.2,2915243.0,35781512.0,12.23,-0.24529844644318732,10.0,13.45,False,False,True,78.34915714008913
544,603111.SH,康尼机电,0.20901639344262282,15.61338289962826,1.0576527011597388,0.7286646973557815,1.0952428507184724,0.9283632904084628,837595196.0,5.93,6.05,5.93,6.01,5666043.0,34009457.0,5.89,2.037351443123936,10.0,6.48,False,False,True,78.34528192210813
545,002160.SZ,常铝股份,0.12871287128712872,22.873900293255133,1.1972251815019874,1.360999719102822,0.6701449079085071,0.6757159010443478,1030729489.0,3.94,3.99,3.9,3.91,9479095.0,37372958.0,3.93,-0.5089058524173073,10.0,4.32,False,False,True,78.33559387715559
546,000795.SZ,英洛华,0.043010752688172324,24.96863237139273,1.0627522165364285,1.3365725021142578,0.9962588269569701,0.45952292746336815,1116249027.0,8.15,8.2,8.13,8.17,6855842.0,56010144.0,8.13,0.49200492004919383,10.0,8.94,False,False,True,78.32784344119358
547,603076.SH,乐惠国际,0.12315586914688914,31.097214326321776,1.0208269950469773,1.241163188704837,0.48051376556994146,0.7548231155229791,120701344.0,19.61,19.76,19.51,19.58,1130801.0,22216501.0,19.51,0.35879036391592845,10.0,21.46,False,False,True,78.32396822321256
548,603348.SH,文灿股份,0.11267605633802827,21.214511041009466,1.3516636067540895,0.7318753183219668,0.9656759483399371,0.6479902434020406,314477192.0,14.12,14.24,13.82,13.82,1491402.0,20911262.0,13.96,-1.002865329512903,10.0,15.36,False,False,True,78.30652974229801
549,300228.SZ,富瑞特装,0.010989010989011033,26.067073170731714,1.2167373810751503,2.0360997801120857,0.6156246776182577,0.6540872032104594,560382333.0,6.68,6.74,6.65,6.72,7463098.0,50091824.0,6.63,1.3574660633484115,20.0,7.96,False,False,True,78.28909126138346
550,600020.SH,中原高速,0.2758620689655172,13.636363636363647,0.7243010963089458,0.651051443364353,1.1516622759100554,0.98615001178874,2247371832.0,3.84,3.87,3.82,3.82,14428900.0,55403802.0,3.84,-0.520833333333337,10.0,4.22,False,False,True,78.28134082542144
551,600197.SH,伊力特,0.0647249190938512,16.761041902604767,1.4622858706875874,1.1150461151963835,0.9934694007436545,0.4024752070002703,473174717.0,9.24,9.32,9.22,9.31,2123506.0,19714073.0,9.23,0.8667388949079147,10.0,10.15,False,False,True,78.25033908157334
552,603855.SH,华荣股份,0.2959830866807615,15.594541910331383,0.8842396370492999,0.5688421985947654,0.9719169212750789,0.42346412880367906,335532500.0,16.72,16.88,16.67,16.72,808245.0,13572700.0,16.69,0.17974835230676334,10.0,18.36,False,False,True,78.2387134276303
553,688566.SH,吉贝尔,0.2256894049346879,22.524101665205954,0.7051534556859347,0.7828066779669185,0.8997246365422397,0.8675930265770982,201101625.0,25.92,26.23,25.83,26.2,1365797.0,35633550.0,25.93,1.0412649440802113,20.0,31.12,False,False,True,78.2348382096493
554,600328.SH,中盐化工,0.007984031936127753,17.53130590339893,1.6491523718105507,1.250592827592286,0.9027209678101005,0.9807032225497305,1466309533.0,5.65,5.69,5.61,5.64,17983706.0,101546179.0,5.63,0.1776198934280604,10.0,6.19,False,False,True,78.20964929277272
555,000568.SZ,泸州老窖,0.0333830104321909,26.408298516063965,1.5628194028997244,0.636405624388144,0.8711273573623325,0.5823945455913377,1471060137.0,71.65,72.25,71.63,71.92,5452325.0,392360484.0,71.65,0.3768318213537958,10.0,78.82,False,False,True,78.1689595039721
556,002090.SZ,金智科技,0.17222222222222222,22.14022140221401,0.9903919230866164,1.3870655203280327,0.6865526062305798,1.5067159557975185,398188681.0,9.06,9.41,9.04,9.17,8321800.0,76722391.0,9.06,1.2141280353200834,10.0,9.97,False,False,True,78.16314667700058
557,300389.SZ,艾比森,0.12326227988878577,21.320249776984813,1.3000218668160355,1.395769060318067,0.6572433961558609,0.9750401022977561,274518071.0,12.62,12.81,12.56,12.73,3736001.0,47502240.0,12.54,1.515151515151536,20.0,15.05,False,False,True,78.15733385002906
558,688357.SH,建龙微纳,0.11199575371549889,36.111111111111114,1.0939474108910872,0.6713696674116315,0.629024703698415,1.1083840766427102,100059875.0,24.65,25.65,24.65,25.52,744581.0,18964234.0,24.79,2.944735780556673,20.0,29.75,False,False,True,78.15152102305755
559,600106.SH,重庆路桥,0.13190184049079748,21.999999999999996,1.2226456375109913,0.9637771262736301,0.874868415485126,0.6070488251217105,1329025062.0,4.42,4.48,4.42,4.44,7775591.0,34546585.0,4.43,0.22573363431153126,10.0,4.87,False,False,True,78.13505134663825
560,603987.SH,康德莱,0.2322097378277153,19.047619047619047,1.0049186571735427,0.8300715092769281,0.8790691243680976,0.8579590240072843,436790880.00000006,7.35,7.46,7.34,7.35,3110682.0,23023649.0,7.34,0.13623978201635634,10.0,8.07,False,False,True,78.1176128657237
561,600827.SH,百联股份,0.17391304347826073,14.364640883977886,1.1498223270755255,0.8588012706560461,1.161709493297361,0.8125785255388288,1604449920.0,7.67,7.8,7.62,7.79,11196549.0,86504741.0,7.64,1.963350785340312,10.0,8.4,False,False,True,78.08951753536137
562,688188.SH,柏楚电子,0.1639601885804087,26.632768361581903,1.3904887729894209,0.47496972579780894,0.6275134545147734,0.877248238646764,405557343.0,95.48,96.1,94.76,95.37,1689821.0,161455591.0,94.76,0.6437315322921133,20.0,113.71,False,False,True,78.04107731059872
563,600158.SH,中体产业,0.0987370838117107,22.491909385113274,1.0310004888350985,2.485674819892782,0.42493265947614695,0.7213988130760898,959513067.0,7.03,7.11,7.0,7.06,17205632.0,121448077.0,7.04,0.28409090909089496,10.0,7.74,False,False,True,78.02751404766518
564,600826.SH,兰生股份,0.04136690647482006,38.54748603351954,1.0721668989663025,0.6249060113995805,0.8108295319353267,1.6574129432596745,724183568.0,7.39,7.7,7.39,7.62,7500567.0,56844879.0,7.39,3.11231393775373,10.0,8.13,False,False,True,77.98101143189305
565,600742.SH,富维股份,0.1788990825688072,17.191977077363884,1.2099079747813335,0.766127882258643,1.0071058539891415,0.9121381535355632,743057880.0,7.75,7.89,7.72,7.73,5192596.0,40414154.0,7.76,-0.3865979381443174,10.0,8.54,False,False,True,77.94322805657818
566,600000.SH,浦发银行,0.1975051975051977,19.85203452527746,1.2420458434133486,0.223755591523419,0.9960086241378817,0.6945349736541108,33305838300.0,9.05,9.15,9.0,9.07,51759299.0,469969405.0,9.06,0.1103752759381793,10.0,9.97,False,False,True,77.93838403410192
567,603811.SH,诚意药业,0.05614035087719271,21.02874432677759,1.4392437685159762,1.109310682399264,0.9182086051102766,0.716551674006111,458226048.0,6.77,6.9,6.76,6.77,3642340.0,24820682.0,6.77,0.0,10.0,7.45,False,False,True,77.91900794419686
568,002572.SZ,索菲亚,0.015536723163841852,25.208913649025067,1.262021241488469,1.2948003417508671,0.9312784462867137,0.8239879070895568,729247004.0,7.3,7.37,7.29,7.3,7780335.0,56999720.0,7.29,0.137174211248281,10.0,8.02,False,False,True,77.91125750823485
569,300092.SZ,科新机电,0.11165048543689307,28.13425468904245,0.8675626479383525,1.51198199230724,0.7059170615586554,0.6560297981743991,209858756.0,11.28,11.41,11.26,11.34,2081600.0,23577214.0,11.28,0.5319148936170359,20.0,13.54,False,False,True,77.79112575082348
570,002416.SZ,爱施德,0.1014760147601474,24.94089834515365,1.2550277449204867,1.2816988924923804,0.7116427232780935,0.7650436578610029,1223281973.0,9.02,9.09,8.96,9.0,11994960.0,108143879.0,9.01,-0.11098779134295356,10.0,9.91,False,False,True,77.78337531486144
571,301508.SZ,中机认检,0.16893039049236014,16.40767824497258,0.9193802408832564,1.809995767925974,0.8014271146899459,0.7776755859634239,58836400.0,23.86,24.14,23.65,23.81,828175.0,19806652.0,23.87,-0.2513615416841364,20.0,28.64,False,False,True,77.74656074404186
572,001390.SZ,古麒绒材,0.013973268529769163,25.966850828729292,0.8985750977872335,1.513958767830005,1.177903850062602,1.5342522851020577,117759250.0,16.56,16.99,16.49,16.95,2751854.0,46230004.0,16.52,2.6029055690072633,10.0,18.17,False,False,True,77.74268552606085
573,002676.SZ,顺威股份,0.12580645161290313,21.651785714285698,1.1554502970166143,1.4647772033611381,0.760301275696875,1.167340306738038,719974584.9999999,5.28,5.39,5.24,5.35,12310800.0,65518054.0,5.26,1.7110266159695797,10.0,5.79,False,False,True,77.71943421817477
574,002530.SZ,金财互联,0.1311216429699842,23.61331220285261,0.9902519595334786,1.527984154859055,0.7622922350819256,0.61674378811853,706661559.0,7.15,7.25,7.14,7.15,6659400.0,47831726.0,7.14,0.1400560224089631,10.0,7.85,False,False,True,77.71555900019376
575,688298.SH,东方生物,0.08277591973244136,21.49148561362302,1.5794754828502575,0.6392417658730115,0.947213821687675,1.5972862504359007,201600000.0,18.06,18.5,17.89,17.89,2058441.0,37338967.0,18.02,-0.721420643729187,20.0,21.62,False,False,True,77.70199573726023
576,688101.SH,三达膜,0.05191594561186649,39.48497854077253,1.2565994040449215,0.656646511756589,0.575080561953339,0.7618660707370629,332012066.0,14.35,14.66,14.31,14.52,1660979.0,24123889.0,14.4,0.8333333333333304,20.0,17.28,False,False,True,77.70199573726022
577,000156.SZ,华数传媒,0.22465753424657545,17.781402936378466,1.2507248579108061,0.5260142061537074,0.9041806171240798,1.22849959793498,1699875877.0,7.0,7.12,6.93,7.03,10984738.0,77203875.0,6.95,1.151079136690658,10.0,7.65,False,False,True,77.6942453012982
578,601789.SH,宁波建工,0.06650246305418729,28.125,0.7620385771064164,2.339985907600408,0.5719668673987484,0.6354918814748912,1086798590.0,4.12,4.17,4.11,4.14,16161152.0,67041922.0,4.11,0.7299270072992581,10.0,4.52,False,False,True,77.65839953497384
579,601818.SH,光大银行,0.3380281690140842,14.234875444839856,0.8079625922815726,0.4121637676228345,1.064407207341326,0.7680530865896853,46406815561.0,3.05,3.05,3.02,3.02,146907111.0,445203125.0,3.05,-0.983606557377048,10.0,3.36,False,False,True,77.63611703158303
580,601089.SH,福元医药,0.012236573759347485,23.62565445026179,1.669318016580299,0.6733463124999965,0.9968270852930744,0.5826620359390968,480000000.0,15.48,15.98,15.48,15.76,1883200.0,29705339.0,15.46,1.9404915912031084,10.0,17.01,False,False,True,77.61674094167797
581,301195.SZ,北路智控,0.1708029197080292,27.80153977758768,0.8143146631491467,1.0490524054853843,0.7422639839332932,1.471879518943247,87689828.0,25.93,26.61,25.82,26.39,1354000.0,35608922.0,25.72,2.6049766718507117,20.0,30.86,False,False,True,77.60124006975393
582,600560.SH,金自天正,0.14886363636363642,23.40206185567011,1.2366895656340824,0.92793917159075,0.8034589132580964,1.0276624875644138,223645500.0,11.03,11.16,10.96,10.99,2132702.0,23548372.0,11.01,-0.1816530426884566,10.0,12.11,False,False,True,77.5934896337919
583,300682.SZ,朗新科技,0.008244023083264603,37.11691259931895,1.0502585108727103,1.2386989202615277,0.7051838148805872,1.1461330539952623,1033933617.0,9.0,9.08,8.88,8.88,14678898.0,131623521.0,8.91,-0.33670033670032407,20.0,10.69,False,False,True,77.5934896337919
584,002239.SZ,奥特佳,0.16129032258064527,12.765957446808507,1.0675476094952752,1.537456741879783,0.9342265037451393,1.1934187140558954,3266152096.0,2.54,2.55,2.48,2.49,59928327.0,150176962.0,2.54,-1.9685039370078705,10.0,2.79,False,False,True,77.58186397984886
585,000555.SZ,神州信息,0.07428987618353979,24.461206896551737,1.4227512725002212,1.4151141173124386,0.6128338130083457,0.7671728705610061,974916887.0,10.38,10.54,10.33,10.4,10584060.0,110381451.0,10.3,0.9708737864077666,10.0,11.33,False,False,True,77.56830071691533
586,600757.SH,长江传媒,0.03448275862068981,15.502793296089369,1.4799921938383758,1.0445216530525114,1.520838056490955,0.8593835698574543,1213497103.0,7.25,7.31,7.18,7.22,10892893.0,78820950.0,7.23,-0.13831258644537714,10.0,7.95,False,False,True,77.55086223600078
587,300919.SZ,中伟新材,0.06573705179282882,33.03294846522107,1.2231144160421716,1.0252779440669026,0.6509508130733695,0.608565131510346,914833973.0,37.8,38.2,37.61,38.03,5708092.0,216608785.0,37.49,1.4403841024273056,20.0,44.99,False,False,True,77.54892462701027
588,600848.SH,上海临港,0.19523099850968698,29.39521800281293,1.0958986541356015,0.29376287841939047,0.7488521888571426,0.8399576953931799,2393912273.0,8.42,8.58,8.36,8.51,5906940.0,50180095.0,8.42,1.0688836104512989,10.0,9.26,False,False,True,77.53923658205774
589,301386.SZ,未来电器,0.13499111900532854,21.210407239818995,0.9539282445828612,2.109629444444441,0.6634286662706593,0.9510885666334767,45000000.0,19.24,19.65,19.08,19.65,902900.0,17518604.0,19.2,2.34375,20.0,23.04,False,False,True,77.52179810114319
590,000002.SZ,万  科Ａ,0.033175355450237,16.040955631399314,1.4622938042505684,1.3750557027222827,1.0644422693697264,3.2998813698894818,9715113154.0,3.03,3.32,3.01,3.32,440825270.0,1419831684.0,3.02,9.93377483443707,10.0,3.32,True,False,True,77.51986049215269
591,603180.SH,金牌家居,0.17224880382775112,23.39312406576981,1.118401974464627,0.6466046239415509,0.9602657537358984,0.9579984155339432,154257140.0,15.19,15.4,15.11,15.11,955540.0,14600298.0,15.18,-0.46113306982872304,10.0,16.7,False,False,True,77.50242201123814
592,001239.SZ,永达股份,0.1371069182389937,28.33178005591799,1.0659081573070899,1.2312162719298203,0.6360559395623244,1.0770978106052669,114000000.0,11.84,11.95,11.78,11.8,1511800.0,17932232.0,11.82,-0.16920473773265332,10.0,13.0,False,False,True,77.48692113931409
593,300339.SZ,润和软件,0.023179888997714452,22.19570405727922,1.3367155233683743,2.1418727386783227,0.6543818797990881,0.835636586550366,777686517.0,34.53,34.93,34.41,34.77,13919245.0,483310143.0,34.23,1.5775635407537347,20.0,41.08,False,False,True,77.47335787638055
594,600925.SH,苏能股份,0.2018348623853209,15.345268542199486,1.0318650441768862,0.8306603745548162,1.263145749419677,0.4944752526705802,1606048586.0,4.12,4.15,4.1,4.1,6596700.0,27166616.0,4.13,-0.7263922518159882,10.0,4.54,False,False,True,77.463669831428
595,601515.SH,衢州东峰,0.1333333333333333,24.745762711864394,1.5517136502307975,0.689196460609501,0.6543879878109641,0.7841897057377987,1924470671.0,3.29,3.32,3.26,3.29,10401009.0,34174003.0,3.27,0.6116207951070374,10.0,3.6,False,False,True,77.45301298198022
596,300732.SZ,设研院,0.09250000000000001,19.020715630885142,1.2481179039984085,1.5173982363772103,0.8976281611496502,0.7813744363653544,370248562.0,5.68,5.76,5.65,5.68,4389875.0,25031721.0,5.68,0.0,20.0,6.82,False,False,True,77.4229800426274
597,600161.SH,天坛生物,0.12377450980392157,17.37943585077344,1.5536785791135015,0.5765154960167205,1.0369582891786548,0.646358258239966,1977371446.0,12.05,12.17,12.01,12.07,7368389.0,89816363.0,12.0,0.5833333333333357,10.0,13.2,False,False,True,77.40747917070335
598,002847.SZ,盐津铺子,0.0060522696011005754,28.803827751196188,1.2924637012096993,1.1455842149767272,0.8774773516996865,0.7736980221166775,243776418.0,42.02,42.91,42.0,42.45,2161485.0,92110196.0,42.02,1.0233222275107146,10.0,46.22,False,False,True,77.39391590776981
599,600765.SH,中航重机,0.0923399790136412,14.880000000000004,1.3676865645615606,1.206789607793127,1.10112578455633,0.6287936698617678,1552494153.0,13.38,13.52,13.38,13.44,11780662.0,158310525.0,13.38,0.4484304932735439,10.0,14.72,False,False,True,77.38035264483626
600,600643.SH,爱建集团,0.13122171945701358,16.621253405994562,1.3462476526861011,1.0109466911154597,0.9804493553211485,0.9817331005279731,1590351716.0,3.97,4.08,3.97,4.05,15783920.0,63711818.0,3.96,2.2727272727272707,10.0,4.36,False,False,True,77.37260220887424
601,300406.SZ,九强生物,0.19432314410480322,15.976900866217525,1.141175043999511,0.9951917183385407,0.9526608381747419,0.7708677773538514,424283173.0,11.27,11.59,11.27,11.4,3254936.0,37303536.0,11.28,1.0638297872340496,20.0,13.54,False,False,True,77.36872699089324
602,688088.SH,虹软科技,0.017341040462427786,32.64084507042255,1.3559601294114976,1.117659490829827,0.6515114479724831,0.7714841098261944,401170400.0,29.29,29.76,29.19,29.66,3459118.0,102217756.0,29.0,2.2758620689655285,20.0,34.8,False,False,True,77.36097655493123
603,002441.SZ,众业达,0.24473684210526303,16.62011173184357,0.9374884936439724,1.270686942877906,0.7921961850067861,1.049723182578778,398964279.0,8.14,8.23,8.11,8.11,5321663.0,43446963.0,8.09,0.24721878862792313,10.0,8.9,False,False,True,77.34935090098818
604,000899.SZ,赣能股份,0.08714918759231902,28.073993471164304,1.307461181480754,1.274274792324871,0.5972528340386414,0.8210461897981557,975677760.0,9.3,9.51,9.26,9.37,10207916.0,96022919.0,9.28,0.969827586206895,10.0,10.21,False,False,True,77.33578763805464
605,600133.SH,东湖高新,0.17169373549883993,24.09470752089138,1.083634457675225,1.210367123064118,0.7027313804457438,0.6811294100851558,1066239875.0,7.9,8.08,7.89,8.08,8790259.0,70478578.0,7.92,2.020202020202011,10.0,8.71,False,False,True,77.33385002906412
606,300595.SZ,欧普康视,0.02663115845539295,23.1083844580777,1.515238647729652,1.196961730859336,0.8518955801089385,0.8046602825354338,668494760.0,10.02,10.11,10.0,10.04,6438591.0,64732072.0,9.98,0.6012024048096087,20.0,11.98,False,False,True,77.31447393915909
607,603312.SH,西典新能,0.05676605504587158,23.439099283520992,1.3632460930572965,1.6165492591246915,0.7092969880641914,0.682933425079707,50919500.0,31.42,31.85,31.39,31.64,562149.0,17776342.0,31.29,1.118568232662187,10.0,34.42,False,False,True,77.26603371439644
608,002434.SZ,万里扬,0.08852459016393442,34.375,1.0512124667909422,0.9777478254036154,0.7323725339006814,1.897720228333908,1311341050.0,5.66,5.97,5.66,5.92,24331826.0,142377176.0,5.66,4.59363957597172,10.0,6.23,False,False,True,77.19046696376671
609,300451.SZ,创业慧康,0.06870229007633588,23.202614379084974,1.489164375594833,1.235129515898751,0.7407642330610873,0.7919594679334501,1531143411.0,3.36,3.41,3.33,3.36,14977224.0,50469313.0,3.33,0.9009009009008917,20.0,4.0,False,False,True,77.17884130982368
610,300755.SZ,华致酒行,0.07336757153338225,24.461839530332675,1.5476046300260848,1.009173128196703,0.7345392887307529,1.2812966628984503,416580900.0,11.28,11.58,11.15,11.27,5386600.0,60930538.0,11.22,0.4456327985739694,20.0,13.46,False,False,True,77.16140282890913
611,002583.SZ,海能达,0.12989690721649502,20.921052631578952,1.1749440569385632,1.4147668183376794,0.827463379422828,0.6970389353319327,1283137692.0,8.23,8.35,8.22,8.26,12653631.0,104769903.0,8.23,0.36452004860265674,10.0,9.05,False,False,True,77.14783956597559
612,000761.SZ,本钢板材,0.0869565217391305,18.66028708133971,1.6098348236241193,0.5081662333700135,1.2084676741491727,0.7638452233337345,3708390102.0,2.27,2.3,2.24,2.27,14394500.0,32642604.0,2.25,0.8888888888888946,10.0,2.48,False,False,True,77.10133695020345
613,002184.SZ,海得控制,0.1325714285714286,28.521126760563376,1.0068629028056435,1.464015758196797,0.6005658048411125,0.734569689068056,248289322.0,9.77,9.8,9.67,9.72,2670157.0,25977755.0,9.68,0.4132231404958775,10.0,10.65,False,False,True,77.08971129626042
614,600939.SH,重庆建工,0.13779527559055124,22.466960352422905,1.256527818164273,0.6420019006568264,1.0711808407075767,0.8494035901791539,1902474944.0,2.64,2.67,2.6,2.62,10374552.0,27343940.0,2.62,0.0,10.0,2.88,False,False,True,77.0819608602984
615,300168.SZ,万达信息,0.0736040609137056,29.19540229885058,1.2293231197631906,1.040369544053427,0.8054151697067317,1.0260491691808646,1439440508.0,4.67,4.75,4.66,4.72,15365600.0,72333818.0,4.64,1.724137931034475,20.0,5.57,False,False,True,77.06258477039333
616,003038.SZ,鑫铂股份,0.08216926869350863,24.20382165605095,1.0353344703679295,1.9436826199828876,0.7752527517702039,0.8096463198422075,162031348.0,10.43,10.6,10.42,10.52,2549880.0,26862667.0,10.42,0.9596928982725572,10.0,11.46,False,False,True,77.03739585351676
617,601166.SH,兴业银行,0.3082352941176468,16.180048661800495,0.939218736292226,0.4684433979212559,1.0526488731352135,0.626624067901085,21162859513.0,17.71,17.86,17.68,17.78,62121015.0,1103381158.0,17.75,0.16901408450704647,10.0,19.53,False,False,True,77.03352063553575
618,600120.SH,浙江东方,0.13905325443786976,24.52830188679245,1.1407257382310005,0.9783790955203714,0.8868429965171073,0.6424487745328864,3415381492.0,4.73,4.75,4.7,4.73,21467669.0,101477401.0,4.71,0.424628450106157,10.0,5.18,False,False,True,77.0325518310405
619,601588.SH,北辰实业,0.15584415584415573,19.7452229299363,1.2082018674019153,1.226973456766912,0.8391071422717832,1.2792038525984928,2660000000.0,1.68,1.73,1.67,1.72,41750008.0,70985845.0,1.69,1.775147928994092,10.0,1.86,False,False,True,77.01220693664018
620,300187.SZ,永清环保,0.13274336283185834,34.35294117647059,0.9496445154926526,1.1074519106927945,0.5614591013098622,0.8202807301332062,642378042.0,4.57,4.59,4.52,4.55,5835500.0,26581989.0,4.55,0.0,20.0,5.46,False,False,True,77.01026932764968
621,600210.SH,紫江企业,0.24186046511627893,11.518324607329822,0.788857544344026,1.1266341881459871,1.0929427856517677,0.5390882659228166,1516736158.0,6.25,6.28,6.22,6.23,9211977.0,57499895.0,6.25,-0.31999999999999806,10.0,6.88,False,False,True,76.98120519279209
622,600621.SH,华鑫股份,0.16224648985959447,11.872509960159338,1.336910608906112,0.9825429122823793,1.0232316530460452,4.081081711655226,1060899292.0,12.97,14.1,12.93,14.1,42540342.0,584159415.0,12.82,9.98439937597504,10.0,14.1,True,False,True,76.96957953884906
623,002690.SZ,美亚光电,0.24166666666666675,21.301775147928993,1.0200246553120411,0.9997938633787954,0.7578121097845598,1.5249258688419762,427032322.0,15.63,15.78,15.33,15.39,6510584.0,100656480.0,15.55,-1.028938906752408,10.0,17.11,False,False,True,76.93857779500098
624,600027.SH,华电国际,0.2820512820512822,14.28571428571428,1.159811520947231,0.8215068829308149,0.8375650398964911,0.720887390441383,9215677327.0,4.78,4.87,4.76,4.81,54576527.0,263161556.0,4.78,0.6276150627614996,10.0,5.26,False,False,True,76.92695214105794
625,000709.SZ,河钢股份,0.21249999999999997,19.25133689839571,1.11589240296392,0.7852834161286605,0.9793359528547206,0.6884881414102667,10335412398.0,2.05,2.07,2.04,2.06,55879267.0,115046874.0,2.04,0.9803921568627416,10.0,2.24,False,False,True,76.87269908932377
626,600196.SH,复星医药,0.12033582089552261,24.743777452415806,1.2354795496258781,0.9164975887942151,0.9226934634412653,0.7413610361281752,2118488825.0,21.85,22.16,21.81,22.03,14394191.0,317558245.0,21.78,1.1478420569329684,10.0,23.96,False,False,True,76.83394690951366
627,600030.SH,中信证券,0.38049450549450536,14.570552147239258,0.9341766874770177,0.8489934832181755,0.7699779441037113,0.8199010343331897,12176550974.0,26.28,26.62,26.28,26.54,84759831.0,2245282483.0,26.16,1.4525993883792054,10.0,28.78,False,False,True,76.82425886456113
628,600211.SH,西藏药业,0.128335451080051,20.2962962962963,1.0866529755089467,1.204350686578402,1.1190977258280037,0.4154551481071497,322319196.0,35.85,36.26,35.85,36.15,1612736.0,58236881.0,35.77,1.0623427453172907,10.0,39.35,False,False,True,76.777756248789
629,002414.SZ,高德红外,0.07636887608069182,25.147679324894522,1.0746880888989279,1.6159479850969753,0.8669924540531672,0.9305114645782699,3398612431.0,12.14,12.34,12.11,12.33,51103512.0,630931599.0,12.06,2.238805970149249,10.0,13.27,False,False,True,76.76806820383648
630,600072.SH,中船科技,0.14069591527987893,19.240506329113916,1.1392632535922762,1.712846236896352,0.7748481065698182,0.8661015029209749,1083337316.0,8.81,9.02,8.76,8.92,16071295.0,143204939.0,8.83,1.0192525481313774,10.0,9.71,False,False,True,76.7157527610928
631,603337.SH,杰克科技,0.08881578947368429,36.46043165467627,1.2515037688506143,0.5611074283695925,0.7152125682314411,0.5974133907612169,467029791.0,36.2,36.7,36.2,36.67,1565545.0,57169210.0,36.1,1.5789473684210575,10.0,39.71,False,False,True,76.71381515210231
632,603586.SH,金麒麟,0.20560747663551415,23.84615384615385,1.1320786540447536,0.8309971427081986,0.7851530638185389,0.6899563157956117,196052780.0,13.53,13.61,13.43,13.53,1124072.0,15193704.0,13.46,0.5200594353640398,10.0,14.81,False,False,True,76.7099399341213
633,601766.SH,中国中车,0.31740614334471,26.0956175298805,0.8268904212012596,0.47885600895793257,0.7014336555430969,1.2159626823450158,24327798048.0,5.95,6.08,5.95,6.0,141653722.0,854153994.0,5.95,0.8403361344537785,10.0,6.55,False,False,True,76.7099399341213
634,002616.SZ,长青集团,0.20158102766798444,16.93735498839908,0.9933882387072023,1.6046217828034302,0.7916622626347148,0.7514928377853934,587480268.0,4.82,4.9,4.81,4.86,7084200.0,34446185.0,4.82,0.8298755186721962,10.0,5.3,False,False,True,76.69831428017825
635,603528.SH,多伦科技,0.1777059773828757,22.862453531598526,0.8973670439957466,1.2159616048461264,0.8795187710687828,1.872065091712137,705930131.0,6.48,6.58,6.39,6.4,16069506.0,104032297.0,6.48,-1.2345679012345734,10.0,7.13,False,False,True,76.69250145320675
636,603275.SH,众辰科技,0.12514134941575575,30.0401358443964,1.0372642062310047,1.531439779906553,0.5159342234357023,0.8505159366220189,44921179.0,35.9,36.59,35.9,36.49,554152.0,20122365.0,35.71,2.1842621114533722,10.0,39.28,False,False,True,76.68668862623522
637,600438.SH,通威股份,0.04417670682730921,32.267441860465105,1.6042800012684544,0.7253985500024085,0.6280522248714868,0.8929534359112797,4501990940.0,11.19,11.38,11.14,11.35,29161517.0,328764809.0,11.09,2.3444544634806164,10.0,12.2,False,False,True,76.6789381902732
638,603767.SH,中马传动,0.04426737494466578,32.8767123287671,1.296663870190845,1.1210567294653926,0.6729707067396575,0.859564323506499,308631500.0,13.44,13.69,13.36,13.41,2974036.0,40103420.0,13.41,0.0,10.0,14.75,False,False,True,76.65956210036815
639,301004.SZ,嘉益股份,0.06709558823529405,27.281913102054546,1.6279297354505047,0.42158196791319597,0.8610144681796084,0.7091966832237097,136107375.0,31.94,33.03,31.61,32.45,406940.0,13542230.0,31.88,1.787954830614824,20.0,38.26,False,False,True,76.6459988374346
640,002356.SZ,鹏飞绿能,0.12800000000000009,22.916666666666675,1.3413599209599851,1.2898793117639384,0.6985861435171131,1.0159249052830066,1311247021.0,2.73,2.76,2.7,2.7,17182850.0,46854237.0,2.72,-0.7352941176470562,10.0,2.99,False,False,True,76.62274752954853
641,688567.SH,孚能科技,0.037453183520599245,25.882352941176467,1.748207738035744,0.8133618239827408,0.7641397064849113,0.6965621649611913,1222103885.0,9.06,9.16,9.01,9.08,6923916.0,62875423.0,9.0,0.8888888888888946,20.0,10.8,False,False,True,76.62080992055803
642,688538.SH,和辉光电-U,0.019230769230769246,34.97536945812809,0.9557375418137454,1.1979557548469513,0.9044323798899452,0.8279705292173818,5752235725.0,2.06,2.08,2.05,2.06,57054819.0,117862527.0,2.05,0.4878048780487809,20.0,2.46,False,False,True,76.61693470257703
643,001322.SZ,箭牌家居,0.12895377128953772,21.42857142857144,1.5662552315908203,0.4520506067896895,0.9464046834106201,0.7520491353786152,785611975.0,6.1,6.24,6.08,6.15,2670800.0,16400898.0,6.13,0.32626427406199365,10.0,6.74,False,False,True,76.61596589808178
644,000707.SZ,双环科技,0.12714776632302408,18.337408312958424,1.3122496127567962,1.3554365631708234,0.8719157730170978,0.8971338739000545,550703589.0,4.48,4.51,4.43,4.44,6696600.0,29907720.0,4.46,-0.4484304932735328,10.0,4.91,False,False,True,76.58787056771945
645,002006.SZ,精工科技,0.04211395540875308,26.486915146708956,1.4734367780204443,1.2083029589138814,0.7552372459951447,0.7328942582056177,519683458.0,13.23,13.41,13.2,13.32,4602100.0,61285946.0,13.12,1.5243902439024515,10.0,14.43,False,False,True,76.57236969579537
646,603868.SH,飞科电器,0.29217059197963086,16.45796064400715,1.2907380134414514,0.256836340679518,0.8572366321495029,2.2590822442071,435600000.0,32.55,32.99,31.67,31.67,2527414.0,81697124.0,32.54,-2.6736324523663146,10.0,35.79,False,False,True,76.5374927339663
647,300047.SZ,天源迪科,0.032766990291262094,21.247113163972276,1.3640269970346353,2.1068256892042494,0.7390322468187264,1.6127062419387364,580575819.0,9.04,9.16,9.03,9.08,19726172.0,179277414.0,8.93,1.6797312430011146,20.0,10.72,False,False,True,76.53749273396629
648,601018.SH,宁波港,0.3947368421052629,15.68627450980391,0.7999614460002065,0.2773649612792385,1.0056882665998887,1.6349579324650578,19454388399.0,3.5,3.51,3.41,3.42,88221769.0,304070195.0,3.51,-2.564102564102555,10.0,3.86,False,False,True,76.53555512497579
649,600859.SH,王府井,0.06892230576441111,17.555555555555546,1.3761331642079238,1.3631029105534025,1.0637230490259104,0.9223620178952345,1123828064.0,9.56,9.81,9.55,9.72,14129602.0,137338380.0,9.55,1.7801047120418856,10.0,10.51,False,False,True,76.52974229800427
650,300979.SZ,华利集团,0.11741140215716493,29.236234458259336,1.2160247777565432,0.20634027849185402,1.0629453362437897,0.7936491292191473,1167000000.0,32.01,32.75,32.01,32.37,1911100.0,61974572.0,31.96,1.2828535669586971,20.0,38.35,False,False,True,76.5161790350707
651,603806.SH,福斯特,0.16129032258064518,31.698113207547163,1.271667228628008,0.7584062403948273,0.4720291576068654,1.1210952790630095,2608745702.0,14.16,14.49,14.08,14.37,22180747.0,318334583.0,14.02,2.4964336661911446,10.0,15.42,False,False,True,76.46967641929858
652,600422.SH,昆药集团,0.11773255813953483,32.191780821917824,1.315172059646411,0.7201580102914655,0.6689638519324792,0.5356547779725456,756975757.0,8.16,8.22,8.13,8.14,2920080.0,23829247.0,8.11,0.36991368680643344,10.0,8.92,False,False,True,76.46580120131757
653,301283.SZ,聚胶股份,0.13305827746260968,16.5492957746479,1.2748372986165797,1.2796281949092514,0.9902881625413261,0.8846928581760228,91361202.0,25.55,26.0,25.39,25.64,1034280.0,26630089.0,25.3,1.3438735177865535,20.0,30.36,False,False,True,76.42511141251696
654,002164.SZ,宁波东力,0.040677966101694864,37.30729701952722,1.0442490287381674,1.4804905909850308,0.5690446257784129,1.4357395306396077,479775143.0,10.22,10.59,10.11,10.49,10198095.0,106060845.0,10.09,3.964321110009905,10.0,11.1,False,False,True,76.42511141251694
655,300507.SZ,苏奥传感,0.1283095723014258,32.235701906412494,1.12000279285047,0.9457850933115975,0.7011750780470744,1.0620661875943533,778347148.0,6.47,6.55,6.44,6.49,7818391.0,50745776.0,6.4,1.4062499999999867,20.0,7.68,False,False,True,76.40186010463087
656,000600.SZ,建投能源,0.07223113964687,33.79888268156424,0.9520725669508028,1.71796480901135,0.5714504079528219,0.884781806173338,1090050876.0,7.25,7.35,7.21,7.3,16569035.0,121085841.0,7.21,1.2482662968099856,10.0,7.93,False,False,True,76.34954466188724
657,600748.SH,上实发展,0.10000000000000006,28.48484848484849,1.3909621608978207,0.7391340278572571,0.8151635894578858,0.7690065977242428,1844562892.0,3.78,3.87,3.75,3.86,10484476.0,40040776.0,3.79,1.846965699208436,10.0,4.17,False,False,True,76.33985661693471
658,301296.SZ,新巨丰,0.1393442622950819,22.33856893542756,1.2559573606673573,0.7366318517563941,1.097277132986532,1.1064875073711986,427531764.0,6.24,6.35,6.21,6.24,3484700.0,21881994.0,6.24,0.0,20.0,7.49,False,False,True,76.32629335400115
659,300962.SZ,中金辐照,0.11166253101736977,20.18819503849445,1.2507311121067917,1.0571663430130531,1.1526900265979416,0.8181116951598228,264001897.0,12.65,13.03,12.52,12.82,2283300.0,29353432.0,12.59,1.8268467037331204,20.0,15.11,False,False,True,76.31273009106762
660,603057.SH,紫燕食品,0.09293680297397769,29.78378378378379,1.622054230080984,0.4825479611650435,0.6858820120057959,0.9237413696389956,412000000.0,18.71,18.86,18.46,18.52,1836488.0,34177220.0,18.62,-0.537056928034374,10.0,20.48,False,False,True,76.29141639217207
661,600960.SH,渤海汽车,0.17417417417417416,30.000000000000004,1.101828464477747,0.9156654715446676,0.6473899159851384,1.176118818011388,950515518.0,3.97,3.99,3.9,3.9,10236400.0,40258907.0,3.98,-2.010050251256279,10.0,4.38,False,False,True,76.27882193373378
662,601968.SH,宝钢包装,0.26254826254826247,25.6,0.8771106721195894,0.6085336214771735,0.8320643129790424,0.839456635217489,1275779460.0,4.43,4.53,4.41,4.47,6517161.0,29584968.0,4.43,0.9029345372460584,10.0,4.87,False,False,True,76.2662274752955
663,002683.SZ,广东宏大,0.09252912954078134,27.25806451612902,1.335202358160339,1.095969340275783,0.7629243196177562,0.8115887854994952,666725371.0,27.58,28.4,27.58,28.11,5930365.0,166296215.0,27.5,2.218181818181808,10.0,30.25,False,False,True,76.25460182135244
664,300193.SZ,佳士科技,0.2452107279693485,17.062937062937046,1.1836473080474934,1.0643677884060931,0.7804010384844712,0.5142763880249837,418156172.0,7.83,7.88,7.79,7.8,2288900.0,17942967.0,7.77,0.38610038610038533,20.0,9.32,False,False,True,76.22747529548538
665,600573.SH,惠泉啤酒,0.15249266862170102,21.71893147502906,1.222595115912517,1.8705591200000002,0.4937687899417421,0.8177020355282864,250000000.0,9.63,9.82,9.63,9.7,3823900.0,37220887.0,9.65,0.5181347150258864,10.0,10.62,False,False,True,76.19259833365626
666,002151.SZ,北斗星通,0.045889570552147256,29.78967495219884,1.0572487015268934,2.069183818165535,0.641449821022108,1.3996569600415127,442871741.0,28.29,29.0,28.1,28.81,12826219.0,368520634.0,28.02,2.8194147037830186,10.0,30.82,False,False,True,76.16740941677969
667,300896.SZ,爱美客,0.0635223281485198,35.649327028010205,1.1918186878032544,1.009723341101614,0.7077276367864668,0.7191018979636611,221012302.00000003,89.0,90.29,88.96,89.47,1604757.0,143864488.0,88.8,0.7545045045045162,20.0,106.56,False,False,True,76.15578376283666
668,600067.SH,冠城新材,0.09885931558935356,26.72064777327934,1.2007038654277529,1.2824058951574924,0.8143561928430977,1.7594261263685367,1391668739.0,2.74,2.77,2.67,2.67,31400200.0,85103371.0,2.73,-2.197802197802201,10.0,3.0,False,False,True,76.11121875605502
669,301275.SZ,汉朔科技,0.06397379912663755,21.622306717363738,1.5800204991823308,1.4352641289888513,0.7287804351561095,0.9324392708302202,300859233.0,40.88,41.49,40.78,41.44,4026389.0,165801990.0,40.62,2.0187099950763177,20.0,48.74,False,False,True,76.08409223018796
670,300702.SZ,天宇股份,0.28717948717948727,20.62176165803109,1.198945744401106,0.967509856423273,0.5788271495187087,2.1987616374894206,211146066.0,20.76,21.0,19.95,20.05,4491760.0,91499385.0,20.78,-3.5129932627526506,20.0,24.94,False,False,True,76.02790156946328
671,601139.SH,深圳燃气,0.3695652173913042,21.311475409836067,0.8302399161607653,0.5990522939932065,0.8009660024788147,0.5905542118977977,2876744454.9999995,6.34,6.39,6.33,6.34,10177141.0,64684131.0,6.34,0.0,10.0,6.97,False,False,True,75.9949622166247
672,603170.SH,宝立食品,0.2255772646536411,28.450704225352098,1.0229357711734421,0.551309767255814,0.7916623409258163,0.7214910373409588,400010000.0,11.92,12.06,11.87,11.88,1591100.0,19034195.0,11.92,-0.3355704697986517,10.0,13.11,False,False,True,75.97752373571014
673,600777.SH,新潮能源,0.18367346938775497,26.666666666666682,1.041605510834781,0.47051689168399746,1.044261169684731,0.8539953833304349,6366152391.0,4.0,4.07,3.99,4.07,25580426.0,103419449.0,4.01,1.4962593516209655,10.0,4.41,False,False,True,75.92520829296649
674,001233.SZ,海安集团,0.03129917817800313,26.078184110971,1.2295222512058988,2.4696993436794523,0.5748442308718966,3.486448396520145,37713127.0,41.78,45.58,41.78,45.58,3247281.0,147176213.0,41.44,9.990347490347485,10.0,45.58,True,False,True,75.88645611315637
675,300288.SZ,朗玛信息,0.11047180667433842,23.604651162790713,1.312230339453092,1.3689401142039213,0.7718225780705034,1.3106752236930928,257836666.0,9.6,9.76,9.49,9.49,4626198.0,44398291.0,9.56,-0.7322175732217606,20.0,11.47,False,False,True,75.88258089517534
676,603383.SH,顶点软件,0.08290743895513918,26.131850675139013,1.4087453339071947,1.4766616589984385,0.6257572288947184,0.5645402198252163,205376359.0,26.77,27.09,26.7,27.03,1712089.0,46164525.0,26.64,1.4639639639639768,10.0,29.3,False,False,True,75.84964154233676
677,003037.SZ,三和管桩,0.14999999999999994,28.515625,1.041520934351603,0.6957998147937019,1.0211689266159556,0.8635769387028785,599074678.0,5.72,5.81,5.67,5.7,3599700.0,20651522.0,5.72,-0.34965034965034336,10.0,6.29,False,False,True,75.78376283665956
678,600461.SH,洪城环境,0.3410404624277455,11.371629542790163,0.7080006667409949,0.8230044953669028,1.1149297426780964,0.6747214724442006,1315056298.0,8.94,9.02,8.9,8.95,7154465.0,64137001.0,8.91,0.44893378226711356,10.0,9.8,False,False,True,75.7333850029064
679,600775.SH,南京熊猫,0.1255195344970906,29.536921151439287,1.0682991023152069,1.6159257144955974,0.5799085722472134,1.0585818294627933,671838529.0,9.57,9.86,9.55,9.73,11492400.0,111974812.0,9.5,2.421052631578946,10.0,10.45,False,False,True,75.7275721759349
680,300978.SZ,东箭科技,0.1538461538461538,21.011673151750966,1.3021140221533323,1.0452451020112956,0.8978072314389576,2.137340016915568,287089219.0,8.8,8.87,8.61,8.63,6413700.0,55917941.0,8.77,-1.5963511972633793,20.0,10.52,False,False,True,75.71207130401085
681,300294.SZ,博雅生物,0.03872053872053865,20.087976539589427,1.7789297084262663,1.0677361477104939,0.9037216598022286,1.3192546895099457,504248738.0,14.09,14.61,14.09,14.4,7102928.0,102546543.0,14.1,2.1276595744680993,20.0,16.92,False,False,True,75.61325324549506
682,600729.SH,重百集团,0.07953529937444151,16.941444002274018,1.2362057428229403,1.800357802277688,1.0714178297154917,1.0504291318824814,192482844.0,18.49,18.66,18.39,18.39,3640136.0,67262879.0,18.48,-0.48701298701299134,10.0,20.33,False,False,True,75.60162759155205
683,600873.SH,梅花生物,0.12542955326460475,27.87610619469025,1.1717857945599477,0.9179498136332105,0.9164732716890402,0.5725098479962206,2804241650.0,7.5,7.56,7.46,7.53,14737280.0,110828357.0,7.51,0.26631158455392434,10.0,8.26,False,False,True,75.59968998256151
684,002034.SZ,旺能环境,0.08277189605389793,22.14765100671141,1.3615254567083424,1.51921488129524,0.8351880630776816,0.5191797362619082,514547415.0,14.33,14.45,14.3,14.38,4058470.0,58372893.0,14.27,0.7708479327260154,10.0,15.7,False,False,True,75.59775237357101
685,688429.SH,时创能源,0.0691333982473222,29.290617848970246,1.973060435835548,0.39293907662184147,0.5898887465441471,0.6252286251563495,400000800.0,9.6,9.74,9.49,9.58,982709.0,9438483.0,9.45,1.3756613756613856,20.0,11.34,False,False,True,75.5609378027514
686,600081.SH,东风科技,0.3223140495867766,23.522727272727263,0.784740769120279,0.4666312445937191,0.9028835603785361,0.6946310671473986,553026170.0,10.3,10.43,10.28,10.34,1792560.0,18527835.0,10.36,-0.19305019305019266,10.0,11.4,False,False,True,75.55512497577989
687,002672.SZ,东江环保,0.2339622641509434,27.868852459016402,1.1017617454986042,0.694427539042289,0.7131761050819233,1.537104117194305,905118302.0,3.67,3.69,3.57,3.57,9661300.0,35011298.0,3.67,-2.7247956403269824,10.0,4.04,False,False,True,75.55124975779889
688,000728.SZ,国元证券,0.2604790419161677,14.899713467048702,1.091507065503562,0.7880821551648445,1.130857545243881,0.513328191658317,4363777891.0,7.47,7.51,7.42,7.47,17653436.0,131859797.0,7.44,0.40322580645160144,10.0,8.18,False,False,True,75.55124975779887
689,603027.SH,千禾味业,0.13302752293577963,21.52466367713004,1.3207323926897039,1.0501305045171365,0.9465607320028642,0.6854365748290774,1330738612.0000002,7.28,7.33,7.25,7.28,9578628.0,69773742.0,7.27,0.13755158184320937,10.0,8.0,False,False,True,75.53768649486534
690,000507.SZ,珠海港,0.37121212121212127,13.973799126637543,0.5826601223788147,1.091845493243557,0.8681113562887898,0.8121846309554948,902354455.0,5.05,5.09,5.01,5.03,8001900.0,40395505.0,5.04,-0.1984126984126977,10.0,5.54,False,False,True,75.51831040496029
691,002337.SZ,赛象科技,0.15458937198067627,20.84367245657568,1.2681645989376034,1.1675777869081572,0.8895837448639681,0.9480233538227943,587817585.0,4.69,4.71,4.63,4.64,6506500.0,30345556.0,4.67,-0.6423982869379063,10.0,5.14,False,False,True,75.46987018019763
692,301656.SZ,联合动力,0.011728931364031261,35.853131749460054,1.0546588963385592,1.9416044991562025,0.5986846732997728,1.462952328682854,203559417.0,14.2,14.7,14.2,14.67,5783650.0,83872613.0,14.16,3.601694915254239,20.0,16.99,False,False,True,75.44274365433056
693,603639.SH,海利尔,0.15261044176706828,17.782426778242666,1.4826386202282278,0.6861893221696785,1.1120803935420236,0.5191177453940284,339878336.0,10.33,10.38,10.26,10.31,1210691.0,12499733.0,10.32,-0.09689922480620172,10.0,11.35,False,False,True,75.44177484983531
694,601628.SH,中国人寿,0.2781525687597301,23.131046613896224,1.0625622110885113,0.15022217918863448,0.9528414397727185,0.7998413621343453,20823530000.0,37.11,37.94,37.11,37.8,25020286.0,942562675.0,37.15,1.749663526244949,10.0,40.87,False,False,True,75.44080604534004
695,002363.SZ,隆基机械,0.19636363636363635,24.3432574430823,1.0535774998974183,1.1636504304676665,0.7893430719933876,0.8938249886827573,415758167.00000006,6.79,6.84,6.68,6.7,4324300.0,29152395.0,6.79,-1.3254786450662692,10.0,7.47,False,False,True,75.44080604534004
696,300463.SZ,迈克生物,0.17219589257503964,28.335451080050824,1.197215623124579,0.9467955563402735,0.6975019142412431,0.9088317428903161,491598938.0,8.97,9.25,8.97,9.08,4230100.0,38646962.0,8.96,1.3392857142856984,20.0,10.75,False,False,True,75.43886843634955
697,300793.SZ,佳禾智能,0.15925542916235774,23.124357656731753,1.3109202740214723,1.1697645413363438,0.7430907216037231,1.5275157893958111,372088326.0,11.34,11.77,11.34,11.7,6648600.0,77326773.0,11.27,3.815439219165917,20.0,13.52,False,False,True,75.41949234644449
698,300272.SZ,开能健康,0.14503816793893115,28.007889546351073,1.1142774396575261,1.4143028509478606,0.6533036731270296,0.7406560618258895,464472015.0,5.7,5.77,5.63,5.63,4865400.0,27681001.0,5.64,-0.17730496453900457,20.0,6.77,False,False,True,75.40786669250146
699,600620.SH,天宸股份,0.1519337016574585,21.578947368421055,1.502485499349479,0.7795871449118719,0.864702849414402,1.0787448326917133,686677113.0,4.4,4.4,4.26,4.26,5774787.0,24921212.0,4.35,-2.0689655172413723,10.0,4.79,False,False,True,75.39817864754892
700,002001.SZ,新 和 成,0.24181060154854073,24.031007751937985,1.2022967802120799,0.8176115270867621,0.7233124587487036,0.5628292624680202,3036852928.0,26.41,26.66,26.3,26.32,13974859.0,369310637.0,26.41,-0.34078000757289395,10.0,29.05,False,False,True,75.38849060259639
701,002145.SZ,钛能化学,0.23902439024390257,21.065375302663437,1.0995547616506358,1.0319810062406536,0.8206118480411803,2.2896773544619333,3806474258.000001,4.59,4.69,4.57,4.6,89943315.0,416317683.0,4.58,0.4366812227074135,10.0,5.04,False,False,True,75.38461538461539
702,002920.SZ,德赛西威,0.0994563055297706,27.336539711425957,1.4386959879111079,1.0380462316802281,0.742608184588411,0.770448759444224,596621794.0,85.15,85.28,84.0,84.73,4771551.0,403980028.0,84.43,0.35532393698922693,10.0,92.87,False,False,True,75.37492733966286
703,300374.SZ,中铁装配,0.1091417910447761,21.562499999999996,1.2825097210220933,1.3121600658217496,0.9589990265506454,0.8887874612832867,245883447.0,10.8,10.9,10.67,10.7,2867570.0,30886680.0,10.77,-0.6499535747446661,20.0,12.92,False,False,True,75.34392559581475
704,600071.SH,凤凰光学,0.20153714773697687,29.39068100358424,1.0555865202641175,0.861133114512613,0.7233972665023698,1.2472398943220802,281573889.0,16.39,16.88,16.38,16.44,3024215.0,50242129.0,16.31,0.7970570202330052,10.0,17.94,False,False,True,75.3206742879287
705,601019.SH,山东出版,0.14776632302405515,21.077654516640255,1.3915920003548476,0.5126353682495519,1.2421731285900677,1.0012674576885103,2086900000.0,6.77,6.78,6.68,6.73,10711747.0,72042419.0,6.74,-0.14836795252225476,10.0,7.41,False,False,True,75.28192210811858
706,000563.SZ,陕国投Ａ,0.2307692307692307,15.750915750915762,1.144000649226234,0.8651253723203495,1.1284358703163229,0.6877598108691344,5113970358.0,2.94,2.96,2.93,2.94,30428045.0,89593709.0,2.94,0.0,10.0,3.23,False,False,True,75.26448362720402
707,301162.SZ,国能日新,0.07645722937168797,34.147794994040524,1.271445707591306,1.2360394137615855,0.5904792431747483,0.7847301604815244,121218016.0,35.47,36.25,35.47,36.06,1175644.0,42159712.0,35.58,1.3490725126475756,20.0,42.7,False,False,True,75.26254601821353
708,601696.SH,中银证券,0.13728813559322037,21.19565217391306,1.207481309200913,1.2608818034557183,0.981105510874572,0.7583749148324935,2778000000.0,11.22,11.36,11.22,11.3,26563823.0,300216735.0,11.17,1.1638316920322467,10.0,12.29,False,False,True,75.23929471032746
709,301498.SZ,乖宝宠物,0.016195727084769084,25.075778451364016,1.5008771564446488,1.7649210207294659,0.7245641541787333,0.9886565069047999,189546952.0,37.21,37.74,37.09,37.18,3307406.0,123467999.0,37.23,-0.13430029546064315,20.0,44.68,False,False,True,75.21410579345087
710,002698.SZ,博实股份,0.07888040712468182,31.131221719457013,1.3922238322463738,1.1033114863017213,0.668600968743548,0.6175993319614931,844138325.0,11.4,11.48,11.34,11.41,5751996.0,65579104.0,11.36,0.4401408450704247,10.0,12.5,False,False,True,75.21023057546988
711,002007.SZ,华兰生物,0.22150537634408587,19.197952218430036,1.1551978712705009,0.7487741577867196,1.0999192397539814,0.6732447773548146,1573543054.0000002,12.78,12.99,12.77,12.93,7932361.0,102263900.0,12.75,1.4117647058823568,10.0,14.03,False,False,True,75.20829296647936
712,688098.SH,申联生物,0.14003944773175545,31.25810635538262,1.321899936754129,0.582772486630751,0.7637805107880571,1.5048821721348937,410644000.0,8.0,8.43,7.99,8.34,3601364.0,29604686.0,8.0,4.249999999999998,20.0,9.6,False,False,True,75.16179035070722
713,600809.SH,山西汾酒,0.15180824222035322,31.22465531224654,1.452403543039738,0.45109656502696543,0.661629563229272,0.736450919695748,1219964222.0,112.5,113.3,112.24,112.7,4052849.0,456620930.0,113.08,-0.33604527767951975,10.0,124.39,False,False,True,75.15985274171672
714,601866.SH,中远海发,0.2830188679245285,18.433179723502292,1.0181584437654523,0.7605181128931724,1.0167778097919742,0.8211777652440541,9710427720.0,2.46,2.5,2.45,2.47,60643618.0,150129263.0,2.47,0.0,10.0,2.72,False,False,True,75.1501646967642
715,688389.SH,普门科技,0.27466150870406186,23.290598290598297,1.2709883403864093,0.39461848589449605,0.7574041337575267,0.7743506221805058,428485730.0,10.77,10.97,10.7,10.78,1309337.0,14201551.0,10.78,0.0,20.0,12.94,False,False,True,75.14241426080217
716,601216.SH,君正集团,0.26511627906976754,21.182266009852224,1.0929127505108471,0.697647453532915,0.9267370413999603,0.787460630442799,8438017389.999999,4.64,4.65,4.58,4.62,46355928.0,213715459.0,4.63,-0.21598272138227959,10.0,5.09,False,False,True,75.13272621584963
717,601226.SH,华电科工,0.1408647140864715,33.45521023765996,1.0487261762603732,0.8913203112275133,0.7774906609841069,0.8198396161594906,1162223700.0,6.52,6.59,6.49,6.57,8492830.0,55602857.0,6.48,1.388888888888884,10.0,7.13,False,False,True,75.13078860685914
718,000680.SZ,山推股份,0.030973451327433746,26.454445664105375,1.4569511065887497,1.336860736771089,0.8507951136877273,0.9074022087487025,1314570547.0,9.25,9.4,9.23,9.38,15946666.0,148455587.0,9.25,1.4054054054054133,10.0,10.18,False,False,True,75.12497577988762
719,002053.SZ,云南能投,0.19831932773109243,30.641330166270777,0.959800447103542,0.8347952441745907,0.7619335200233077,0.6771619614734361,920720764.0,9.55,9.7,9.55,9.63,5204757.0,50078215.0,9.6,0.31250000000000444,10.0,10.56,False,False,True,75.1211005619066
720,300402.SZ,宝色股份,0.12768569674647023,26.24798711755234,1.3007998231460594,1.1292875064408538,0.7834687477885185,0.5868008261626283,243618497.0,14.62,14.7,14.47,14.63,1614379.0,23579952.0,14.5,0.8965517241379395,20.0,17.4,False,False,True,75.1172253439256
721,603776.SH,永安行,0.3562091503267975,22.30811706239646,1.1041844134625982,0.6675799905408316,0.6678614499420525,0.6057099461164571,280760572.0,19.58,19.7,19.5,19.61,1135283.0,22240925.0,19.44,0.8744855967078191,10.0,21.38,False,False,True,75.11335012594458
722,603069.SH,海汽集团,0.08245349421820013,22.412318220701465,1.3097930151032,1.2808168354430332,1.0410741062029647,2.2601278574896773,316000000.0,13.34,14.41,13.34,13.66,9147599.0,126199359.0,13.33,2.4756189047261845,10.0,14.66,False,False,True,75.09591164503004
723,002088.SZ,鲁阳节能,0.16691957511380875,26.68621700879765,1.1354179527941766,0.630598759656778,1.0405359078058294,0.9300356574816946,505964633.00000006,7.98,8.05,7.82,7.96,2967378.0,23549373.0,7.92,0.5050505050504972,10.0,8.71,False,False,True,75.03003293935284
724,600446.SH,金证股份,0.07526881720430119,28.144329896907227,1.3783473269650286,1.4088809021733937,0.6878205518202092,0.8437281525387588,941267479.0,10.44,10.63,10.4,10.48,11188964.0,117757707.0,10.4,0.7692307692307665,10.0,11.44,False,False,True,75.01646967641929
725,002444.SZ,巨星科技,0.05528455284552845,30.576631259484067,1.6934490723930558,0.7691700466166925,0.7089989828166811,1.5242057566666047,1147158478.0,27.25,28.05,26.88,27.97,13448981.0,371663853.0,27.04,3.4393491124260267,10.0,29.74,False,False,True,74.98740554156171
726,002035.SZ,华帝股份,0.08835341365461873,17.169373549883993,1.184146578067455,1.700764580946965,1.324802631035054,0.5817867290115314,782037666.9999999,4.55,4.57,4.51,4.52,7738124.0,35108396.0,4.53,-0.22075055187639192,10.0,4.98,False,False,True,74.96996706064715
727,603197.SH,保隆科技,0.147590361445783,23.273855702094636,0.9215629982788796,1.3755615637250913,1.0566133108370865,0.8397235006382278,211152127.0,28.91,29.05,28.39,28.6,2439000.0,70841057.0,28.72,-0.41782729805013297,10.0,31.59,False,False,True,74.9486533617516
728,000999.SZ,华润三九,0.26987951807228905,22.4537037037037,1.2716841841512068,0.507908483354714,0.7770262219940994,0.9104825115260762,1662560811.0,23.85,23.98,23.6,23.6,7688376.0,182562379.0,23.84,-1.0067114093959662,10.0,26.22,False,False,True,74.94090292578957
729,000155.SZ,川能动力,0.18211206896551715,24.144672531769285,1.0786997908779787,1.5611824742253064,0.6832895517120113,0.5844967357395308,1846168342.0,11.4,11.55,11.36,11.54,16846398.0,197668214.0,11.33,1.853486319505726,10.0,12.46,False,False,True,74.90602596396047
730,603071.SH,物产环能,0.342925659472422,21.54696132596685,0.6759936655204574,0.5538424497389289,0.9870422830779529,0.5284816682140642,557954442.0,12.23,12.42,12.23,12.32,1633108.0,20170365.0,12.29,0.24410089503661414,10.0,13.52,False,False,True,74.90602596396046
731,600015.SH,华夏银行,0.20869565217391256,16.528925619834723,1.2167238942223328,0.6930978223741056,1.4640729323299084,0.663169716250248,15387223983.0,6.26,6.29,6.23,6.23,70726065.0,441948568.0,6.27,-0.6379585326953596,10.0,6.9,False,False,True,74.89730672350319
732,002590.SZ,万安科技,0.17312661498708012,24.47058823529411,1.1445679121068935,1.187484680912443,0.8130833728193962,1.4692546938804227,494350592.00000006,9.83,9.86,9.62,9.64,8625021.0,83687219.0,9.84,-2.0325203252032464,10.0,10.82,False,False,True,74.89052509203643
733,300729.SZ,乐歌股份,0.2260162601626017,17.161016949152554,1.330070338223965,0.780299868815789,0.9554230363584657,2.7003604803224666,328084465.0,10.75,11.19,10.71,10.88,6913038.0,75571269.0,10.83,0.4616805170821747,20.0,13.0,False,False,True,74.88471226506492
734,600166.SH,福田汽车,0.13934426229508193,21.97802197802199,1.4460942191598938,1.2975982877941474,0.7250424048603392,0.8055108086322446,7917400367.000001,2.8,2.81,2.77,2.78,82755000.0,230314187.0,2.81,-1.067615658362997,10.0,3.09,False,False,True,74.88277465607439
735,688420.SH,美腾科技,0.23440285204991104,23.00268096514746,1.2169953846728327,0.7845088770779105,0.8190133936213542,0.9347794249498228,88430000.0,21.4,21.75,21.06,21.38,648495.0,13958541.0,21.28,0.46992481203007586,20.0,25.54,False,False,True,74.87889943809338
736,002368.SZ,太极股份,0.023809523809523846,24.024960998439937,1.698508664587474,1.3200334494071546,0.7979003461853725,1.6950761878390013,621573946.0,13.33,13.48,12.98,13.07,13908073.0,182960302.0,13.21,-1.0598031794095464,10.0,14.53,False,False,True,74.87502422011238
737,600724.SH,宁波富达,0.09582309582309574,39.73214285714284,1.2163916244881918,0.5290996688294836,0.738016547673859,0.7569991569270802,1444942664.0,4.86,4.98,4.86,4.96,5787400.0,28510313.0,4.87,1.848049281314168,10.0,5.36,False,False,True,74.85080410773107
738,300035.SZ,中科电气,0.03089036947304663,27.59493670886075,1.3014844839845034,2.210075600979886,0.6177611160506251,0.5972496084282403,586635518.0,12.48,12.59,12.39,12.55,7743394.0,96876156.0,12.36,1.5372168284789822,20.0,14.83,False,False,True,74.83433443131176
739,605338.SH,巴比食品,0.05604534005037786,25.318761384335176,1.6000001099378331,0.8805031269334076,0.9564256323410392,1.0387614307525919,239566662.0,17.41,17.72,17.26,17.41,2191155.0,38193375.0,17.36,0.2880184331797375,10.0,19.1,False,False,True,74.8130207324162
740,600787.SH,中储股份,0.2626262626262628,18.765432098765423,1.0826940900058324,0.8225484608057044,1.0032766590231972,0.7574553600305193,2170079582.0,4.57,4.6,4.55,4.56,13520545.0,61816811.0,4.57,-0.2188183807440014,10.0,5.03,False,False,True,74.80720790544468
741,300496.SZ,中科创达,0.06859592711682748,24.83143902908882,1.2101991806277081,2.494061565622789,0.629816782188191,0.9384716840838615,369530900.0,55.0,55.8,54.56,55.39,8649263.0,477546631.0,54.47,1.689003120984034,20.0,65.36,False,False,True,74.78201898856811
742,600526.SH,菲达环保,0.2657004830917872,20.403022670025184,0.8550083011876015,0.9515960824744356,1.0016548081221717,0.6908652339527726,880480640.0,4.52,4.54,4.5,4.51,5755920.0,26362430.0,4.52,-0.22123893805309214,10.0,4.97,False,False,True,74.75876768068204
743,688065.SH,凯赛生物,0.0033407572383074755,36.41289623408292,1.3547073685168418,0.8077309197441306,0.8960839771230799,1.142932801779783,583378039.0,37.25,38.25,37.11,37.99,5385642.0,203842486.0,37.0,2.6756756756756817,20.0,44.4,False,False,True,74.73357876380547
744,002662.SZ,峰璟股份,0.16891891891891891,35.570469798657726,1.1794081817195923,0.7207533314919715,0.5945679198041162,1.0360956747140195,1499981099.9999998,3.22,3.25,3.18,3.19,11201400.0,35898358.0,3.23,-1.2383900928792602,10.0,3.55,False,False,True,74.72776593683393
745,600979.SH,广安爱众,0.17083333333333336,20.05571030640667,0.9472165348041578,2.382881157882254,0.6855980128257814,1.1384661180863431,1241686456.0,3.98,4.09,3.98,4.03,33684836.0,136292007.0,4.0,0.7500000000000062,10.0,4.4,False,False,True,74.71807789188142
746,000537.SZ,绿发电力,0.09010339734121128,33.82570162481537,1.4623511796285897,0.9795954376714745,0.5387712502316256,0.8887336853882717,2055717899.0,7.4,7.57,7.37,7.53,17897069.0,134313533.0,7.38,2.0325203252032464,10.0,8.12,False,False,True,74.7180778918814
747,600523.SH,贵航股份,0.25909090909090915,22.450980392156872,0.7286252839896468,0.948761599647083,0.9826008487684681,0.6520266158142538,404044620.0,11.95,12.08,11.82,11.82,2499492.0,29841769.0,11.91,-0.7556675062972307,10.0,13.1,False,False,True,74.7064522379384
748,300770.SZ,新媒股份,0.18293936279547787,16.989039329464852,1.3118487690972918,0.9701807934723351,1.049647192677506,0.9983613037412694,227838591.0,34.58,34.97,34.46,34.55,2206824.0,76637753.0,34.58,-0.08675534991324785,20.0,41.5,False,False,True,74.70645223793838
749,002307.SZ,北新路桥,0.05504587155963308,23.381294964028786,1.3316486961299767,1.363088919354586,1.0743426499346158,0.7918016645618976,1629123037.0,2.98,3.0,2.96,2.99,17583061.0,52332934.0,2.96,1.013513513513531,10.0,3.26,False,False,True,74.69870180197637
750,600764.SH,中国海防,0.10596409959467293,19.96434937611411,1.3666905137971141,1.0338049051633165,1.3085993868223813,0.8258547996208464,710629386.0,18.7,19.04,18.51,18.66,6067160.0,113817587.0,18.66,0.0,10.0,20.53,False,False,True,74.69676419298585
751,002611.SZ,东方精工,0.08172531214528951,37.680060652009104,1.127979129487213,1.4168615129411164,0.4327254990132777,0.8915883156203124,1003962400.0,13.96,14.04,13.89,13.97,12682627.0,177118448.0,13.91,0.43134435657801173,10.0,15.3,False,False,True,74.68707614803333
752,603966.SH,法兰泰克,0.06459330143540659,26.88477951635846,1.4664699470199893,1.3016978395197942,0.7709959459058253,0.5527330925127948,519697056.0,7.33,7.42,7.3,7.32,3739176.0,27480489.0,7.3,0.273972602739736,10.0,8.03,False,False,True,74.65607440418523
753,300471.SZ,厚普股份,0.16478555304740394,26.233453670276763,1.1812988669423619,1.3943690453606372,0.6632244675022939,0.9336892482824437,374763985.0,9.88,10.1,9.84,9.94,4879080.0,48658273.0,9.77,1.7400204708290623,20.0,11.72,False,False,True,74.64638635923271
754,600655.SH,豫园股份,0.26291079812206586,19.1542288557214,1.16266984818941,0.4037915883469105,1.1693925515706354,0.6270281548514938,3889846273.0,4.56,4.6,4.54,4.57,9848651.0,45033381.0,4.58,-0.21834061135370675,10.0,5.04,False,False,True,74.63863592327068
755,603878.SH,武进不锈,0.06951219512195125,26.046511627906987,1.2576306754124444,1.8092978264816306,0.7698050783651998,0.691241283441453,561149986.0,4.87,4.96,4.87,4.87,7018086.0,34494046.0,4.87,0.0,10.0,5.36,False,False,True,74.63088548730866
756,688122.SH,西部超导,0.04995227489659562,36.82505399568037,1.2754643282265195,1.217517470405955,0.6348327080738452,0.8576994647290229,649664497.0,49.81,50.18,49.62,50.04,6784213.0,338773987.0,49.44,1.2135922330097193,20.0,59.33,False,False,True,74.62894787831814
757,300707.SZ,威唐工业,0.11968276856524875,25.8,1.2291480530011651,1.895292872664158,0.606363958343987,0.8729008065862156,143580522.0,11.71,11.81,11.56,11.64,2375400.0,27744705.0,11.66,-0.17152658662091813,20.0,13.99,False,False,True,74.6260414648324
758,002911.SZ,佛燃能源,0.22755227552275517,28.403001071811374,1.0620310478871677,0.42927257869986596,0.8997768526244673,0.5120581148898758,1267038001.0,11.18,11.27,11.16,11.21,2785108.0,31223725.0,11.18,0.26833631484795006,10.0,12.3,False,False,True,74.61538461538461
759,300423.SZ,昇辉科技,0.09610027855153198,27.572016460905346,1.0700409109203144,2.095971693180813,0.6885127496465205,0.9158470477467978,333368152.0,5.56,5.64,5.52,5.54,6399300.0,35674603.0,5.55,-0.18018018018017834,20.0,6.66,False,False,True,74.60375896144159
760,603569.SH,长久物流,0.18786127167630062,20.463320463320468,1.3809521482103038,0.6534331349732145,1.0123391007457418,0.7561829938907189,603507251.0,5.75,5.84,5.73,5.73,2982020.0,17236979.0,5.75,-0.3478260869565153,10.0,6.33,False,False,True,74.57081960860299
761,001238.SZ,浙江正特,0.06918238993710694,29.20353982300883,1.510112229768028,0.363633238583526,1.0768692764005954,3.0532821703067676,145422996.0,24.73,26.31,24.02,26.31,1614595.0,41566884.0,23.92,9.991638795986614,10.0,26.31,True,False,True,74.53788025576438
762,600278.SH,东方创业,0.21700879765395895,17.307692307692314,1.3139348682637269,0.692534729087223,1.1139953528931792,0.8739858474286436,860518657.0,6.45,6.62,6.45,6.54,5208423.0,34140665.0,6.46,1.238390092879249,10.0,7.11,False,False,True,74.50687851191628
763,688509.SH,正元地信,0.1843971631205672,27.0949720670391,1.1165445057296959,1.244478890164608,0.6917735327798268,0.7258061063750704,384792200.0,4.12,4.16,4.06,4.1,3475637.0,14300796.0,4.1,0.0,20.0,4.92,False,False,True,74.48944003100173
764,300310.SZ,宜通世纪,0.13764044943820217,23.62204724409449,1.152479761086343,2.098299711066256,0.6352726993943038,1.0709436191671062,806591852.0000001,4.31,4.44,4.28,4.29,18125415.0,78548476.0,4.3,-0.23255813953487747,20.0,5.16,False,False,True,74.47975198604922
765,002867.SZ,周大生,0.005970149253731744,28.03921568627452,1.2872028203686525,1.0498285172538788,1.553018774450254,0.39740118277661785,1079141804.0,10.28,10.34,10.23,10.33,4502213.0,46361846.0,10.22,1.0763209393346296,10.0,11.24,False,False,True,74.46812633210617
766,603081.SH,大丰实业,0.1979010494752624,26.913580246913572,1.1805143400529734,0.73617786150854,0.8565849545020731,0.8239059767385305,422499149.00000006,9.41,9.46,9.3,9.35,2562632.0,23991224.0,9.42,-0.7430997876857748,10.0,10.36,False,False,True,74.45456306917264
767,001914.SZ,招商积余,0.20286396181384259,17.893401015228427,1.2563049421002737,0.8265011220258476,1.163355834800329,0.8916565636640845,1053719483.0,8.73,8.92,8.68,8.91,7765440.0,68411071.0,8.73,2.0618556701030855,10.0,9.6,False,False,True,74.45262546018213
768,600619.SH,海立股份,0.06706948640483382,35.46218487394959,0.9530164820130118,1.7320339910296987,0.6812748372027221,0.7799090565956501,789174798.0,13.11,13.34,13.1,13.26,10660402.0,140989589.0,13.01,1.9215987701767911,10.0,14.31,False,False,True,74.44681263321061
769,000581.SZ,威孚高科,0.2680301399354144,22.654754307594118,0.837693016679012,0.9774967937697405,0.9043543321231589,0.5213875868365769,793891049.0,18.17,18.3,18.13,18.15,4046103.0,73616033.0,18.16,-0.05506607929516294,10.0,19.98,False,False,True,74.42356132532454
770,002791.SZ,坚朗五金,0.09794180269694824,27.450980392156854,1.3837621703436669,1.4608953610264284,0.6602565944562401,0.754529027848746,212331087.0,14.18,14.48,14.13,14.48,2340500.0,33500123.0,14.13,2.4769992922859085,10.0,15.54,False,False,True,74.3935283859717
771,301102.SZ,兆讯传媒,0.14772727272727273,21.573301549463643,1.6899114400987478,0.5066543965517195,0.9136551235556306,0.6738778051331956,406000000.0,9.3,9.38,9.16,9.2,1386178.0,12834207.0,9.3,-1.0752688172043112,20.0,11.16,False,False,True,74.38868436349544
772,603496.SH,恒为科技,0.08232711306256861,29.1743970315399,1.1594691874934617,2.2670887735742173,0.4535770446182856,1.554308867153414,320209243.0,23.0,23.74,22.8,23.59,11283393.0,263118015.0,22.75,3.6923076923076836,10.0,25.03,False,False,True,74.34411935671382
773,603689.SH,皖天然气,0.34800000000000003,17.741935483870954,0.7708484433586732,0.8147466577695035,1.039666606534278,0.7072213988884009,523447965.0,7.68,7.7,7.61,7.62,3016140.0,23081355.0,7.69,-0.9102730819245841,10.0,8.46,False,False,True,74.33055609378027
774,000036.SZ,华联控股,0.03398058252427188,34.688346883468824,1.114772277245986,1.5799306156220378,0.7704650493646013,0.9842586865636898,1402981231.0,3.83,3.92,3.79,3.9,21817206.0,84096296.0,3.83,1.8276762402088753,10.0,4.21,False,False,True,74.33055609378027
775,600805.SH,悦达投资,0.288659793814433,19.59287531806615,0.9463532559842008,0.9277927712472507,0.9699208944800725,0.7543267643439616,850275368.0,4.48,4.55,4.46,4.48,5950728.0,26799332.0,4.49,-0.22271714922048602,10.0,4.94,False,False,True,74.29374152296066
776,002120.SZ,韵达股份,0.3872549019607843,17.19008264462809,0.7029497110836953,0.9885295549413559,0.8798514618638142,1.852343803475064,2815129913.0,6.86,7.02,6.74,6.97,51547748.0,356788320.0,6.84,1.9005847953216248,10.0,7.52,False,False,True,74.25305173416004
777,002936.SZ,郑州银行,0.2173913043478262,14.634146341463406,0.897705762766291,1.3932974184735687,1.281609742625843,0.8825422687919157,7029435959.0,1.74,1.76,1.73,1.74,86437028.0,150781757.0,1.74,0.0,10.0,1.91,False,False,True,74.229800426274
778,600676.SH,久事动娱,0.2505307855626328,28.498293515358352,1.1731410948862901,0.7222961998269146,0.6540205884328638,0.710266199076187,1028492944.0,6.64,6.75,6.63,6.74,5276401.0,35395947.0,6.65,1.3533834586466176,10.0,7.32,False,False,True,74.17748498353033
779,300743.SZ,天地数码,0.10439024390243908,20.077519379844965,1.148123858773419,1.9649805303935655,0.9778271499822291,0.7210419015534955,127410896.0,13.99,14.18,13.99,14.06,1805200.0,25446752.0,13.97,0.6442376521116566,20.0,16.76,False,False,True,74.17748498353032
780,688560.SH,明冠新材,0.15127840909090914,29.746192893401012,1.1340238574524417,1.35019736871061,0.6565711694051245,0.988397898846096,201301918.0,12.05,12.36,12.02,12.32,2686439.0,32832297.0,11.98,2.838063439065097,20.0,14.38,False,False,True,74.15617128463477
781,301616.SZ,浙江华业,0.11624441132637858,20.159744408945677,1.1733415125482436,2.042280713916945,0.8870874402599886,0.8623479275634636,28401791.0,34.6,35.24,34.5,34.79,500200.0,17481946.0,34.42,1.0749564206856466,20.0,41.3,False,False,True,74.12129432280567
782,600780.SH,通宝能源,0.2572463768115943,17.604355716878416,1.1640134791071537,1.2599091419531008,0.8061597266548012,0.8116389199804296,1146502523.0,6.13,6.25,6.13,6.15,11724035.0,72650882.0,6.15,0.0,10.0,6.77,False,False,True,74.11935671381515
783,600051.SH,宁波联合,0.21376811594202896,18.51179673321235,1.1078920478226324,1.5171300662635046,0.8506160827254536,0.7008019234450492,310880000.0,6.1,6.17,6.05,6.07,3305300.0,20199352.0,6.1,-0.4918032786885185,10.0,6.71,False,False,True,74.10579345088162
784,301063.SZ,海锅股份,0.12520961430967031,28.133514986376017,1.244689222363982,1.4091971092043765,0.7187656839839839,1.1437269035376456,96647303.0,17.03,17.2,16.98,17.07,1557700.0,26593346.0,16.92,0.8865248226950229,20.0,20.3,False,False,True,74.09804301491958
785,688208.SH,道通科技,0.10446194225721778,29.307359307359306,1.5105671648490875,1.1136194762385254,0.6255949954589138,1.0112198764347222,670186410.9999999,25.25,25.38,24.87,24.88,7547064.0,188746502.0,25.09,-0.8369868473495412,20.0,30.11,False,False,True,74.07285409804302
786,688779.SH,五矿新能,0.1630971993410213,33.283358320839596,1.2125456079512902,0.9344186173431175,0.6177961363200932,0.543066070367474,1929219984.0,7.71,7.75,7.68,7.74,9789847.0,75581928.0,7.64,1.308900523560208,20.0,9.17,False,False,True,74.06897888006199
787,603196.SH,璞源材料,0.06928406466512697,37.992235163616186,1.4563859991909625,0.7910027382704049,0.6255627310090381,0.9135851915502523,236988282.0,19.56,19.63,19.23,19.33,1712592.0,33192315.0,19.23,0.5200208008320217,10.0,21.15,False,False,True,74.0612284441
788,000727.SZ,冠捷科技,0.11320754716981142,30.660377358490564,1.1567323667367868,1.5059079797512962,0.6834394765558051,0.692225468617425,4529566980.0,2.25,2.26,2.23,2.24,47217468.0,105937610.0,2.24,0.0,10.0,2.46,False,False,True,74.04960279015695
789,688692.SH,达梦数据,0.009573345394240781,30.639948287007112,1.6892393843392237,1.3590929259776718,0.5959918249501033,1.0333033621229577,74164708.0,203.88,205.55,202.2,203.3,1041536.0,211766585.0,202.38,0.45459037454294027,20.0,242.86,False,False,True,74.04185235419493
790,300409.SZ,道氏技术,0.05387523629489606,34.62025316455695,1.1545718128583036,1.8634923757421638,0.5704040471943465,0.7665341645039343,696206256.0,17.11,17.21,17.01,17.09,9944823.0,170085578.0,16.94,0.8854781582054327,20.0,20.33,False,False,True,74.02053865529936
791,600258.SH,首旅酒店,0.09700427960057058,20.07575757575757,1.257441630327048,1.6313203031459131,1.0858312155140908,0.9090472945833364,1116603126.0,11.24,11.55,11.21,11.35,16558636.0,188978049.0,11.24,0.9786476868327343,10.0,12.36,False,False,True,74.00891300135632
792,600606.SH,绿地控股,0.1621621621621623,19.166666666666664,1.4627177549361485,0.8204211111132395,1.075589579402363,3.1093586220736547,14054218314.0,1.33,1.45,1.31,1.45,358520784.0,502158648.0,1.32,9.84848484848484,10.0,1.45,True,False,True,73.97403603952722
793,002183.SZ,怡 亚 通,0.021680216802168042,37.97169811320753,1.3015829593928516,1.5593242314389175,0.45994023891836855,0.997313034935907,2596994091.0,4.33,4.37,4.28,4.3,40386748.0,174343781.0,4.32,-0.4629629629629761,10.0,4.75,False,False,True,73.9662856035652
794,300618.SZ,寒锐钴业,0.03311965811965811,39.65291421087098,1.0885416752748163,1.6505386278902512,0.5964277161045707,0.6662189378100528,272496658.0,31.72,32.06,31.72,31.99,2996428.0,95658198.0,31.47,1.6523673339688516,20.0,37.76,False,False,True,73.94109668668862
795,600052.SH,东望时代,0.15384615384615397,20.833333333333325,1.2936633196373313,1.445709053522753,0.8590871879961207,1.1592396499555848,844194741.0000001,3.7,3.78,3.68,3.69,14148056.0,52593055.0,3.72,-0.8064516129032362,10.0,4.09,False,False,True,73.91009494284053
796,002299.SZ,圣农发展,0.17611336032388644,17.273954116059365,1.3379423182143149,0.9656430944770821,1.147530074660051,0.7607427013866076,1218599736.0,15.69,16.05,15.61,15.97,8951906.0,142385549.0,15.69,1.7845761631612556,10.0,17.26,False,False,True,73.90621972485951
797,600425.SH,青松建化,0.25698324022346375,22.292993630573243,0.9897056620784305,0.9143545307457774,0.9631365660911123,0.7081161216954279,1604703707.0,3.61,3.62,3.56,3.57,10389962.0,37269914.0,3.6,-0.8333333333333415,10.0,3.96,False,False,True,73.89846928889752
798,000069.SZ,华侨城Ａ,0.14705882352941171,26.114649681528658,1.333046482082861,0.6921639676537179,1.0139682528896456,1.6807328821553023,6898601781.0,1.77,1.84,1.75,1.83,80254383.0,144713311.0,1.77,3.3898305084745894,10.0,1.95,False,False,True,73.89265646192598
799,300636.SZ,同和药业,0.25089605734767,18.65793780687397,1.1937865459171881,1.2996874165870351,0.7671570252555632,1.489520449218152,367310277.0,6.83,6.87,6.68,6.71,7110800.0,48092182.0,6.81,-1.468428781204112,20.0,8.17,False,False,True,73.89071885293548
800,600918.SH,中泰证券,0.2276785714285717,13.513513513513509,1.2392781940445097,0.927279403409243,1.264280907667881,0.6482308245925823,4562824063.0,5.42,5.49,5.41,5.45,27426729.0,149646435.0,5.4,0.92592592592593,10.0,5.94,False,False,True,73.8839372214687
801,601568.SH,北元化工,0.20945945945945943,19.46107784431139,1.2896328444845515,0.589516493022869,1.29547421701552,0.5142174818946986,3972222224.000001,3.66,3.67,3.63,3.64,12041382.0,43922956.0,3.65,-0.2739726027397249,10.0,4.02,False,False,True,73.85584189110638
802,002261.SZ,拓维信息,0.030737704918032856,38.16326530612246,0.8332910013917161,2.447825554897592,0.42612674951112745,2.397719208377512,1146105481.0,25.46,26.43,25.3,26.0,67267204.0,1743066797.0,25.1,3.585657370517925,10.0,27.61,False,False,True,73.85196667312536
803,001380.SZ,华纬科技,0.22068095838587642,25.70659488559892,0.9016357161854206,0.8218964732300935,1.0783353054886426,0.7091350143879261,232732365.0,18.37,18.52,18.37,18.5,1356447.0,25024928.0,18.36,0.7625272331154731,10.0,20.2,False,False,True,73.84421623716334
804,301258.SZ,富士莱,0.1792975970425139,25.20661157024793,1.3037936253978661,0.9150416959269612,0.8343078385273374,0.9927663201477721,91136000.0,24.72,25.29,24.67,24.72,827900.0,20670418.0,24.69,0.12150668286754485,20.0,29.63,False,False,True,73.82193373377254
805,601375.SH,中原证券,0.2680412371134022,9.536082474226815,1.0870924318880049,1.193135079112089,1.0611260850285822,0.8477486060174373,3447519699.9999995,3.96,4.0,3.95,3.98,34870924.0,138702543.0,3.95,0.75949367088608,10.0,4.35,False,False,True,73.816120906801
806,600054.SH,黄山旅游,0.04545454545454534,14.694656488549619,1.2660449522099309,2.138496415351642,1.5285006363935807,0.6737192272125667,513300000.0,10.62,10.85,10.6,10.79,7395350.0,79600316.0,10.67,1.1246485473289436,10.0,11.74,False,False,True,73.81321449331526
807,002054.SZ,德美化工,0.12633451957295372,19.309262166405006,1.1267976167924278,2.373280383155568,0.8295638682288099,0.7015766128639522,384375669.0,7.11,7.18,7.04,7.07,6400001.0,45421561.0,7.08,-0.14124293785310327,10.0,7.79,False,False,True,73.80740166634372
808,002991.SZ,甘源食品,0.00926998841251456,21.34615384615386,1.212724284941729,2.1557385506295037,1.2529858572925152,0.5829399804531632,49933706.0,36.94,37.16,36.7,37.16,627500.0,23577275.0,36.64,1.419213973799116,10.0,40.3,False,False,True,73.80352644836272
809,601500.SH,通用股份,0.23668639053254434,17.04545454545454,1.1943693656763865,0.9351199795873701,1.1074936084007563,0.6527885310259465,1583000735.0,3.92,3.95,3.88,3.89,9663200.0,37771660.0,3.92,-0.7653061224489721,10.0,4.31,False,False,True,73.78415035845767
810,601798.SH,蓝科高新,0.2295918367346939,23.664122137404586,0.9926693314796673,1.3713124167347563,0.7734721853982758,0.730922700694236,354528198.0,7.43,7.52,7.41,7.45,3553519.0,26556905.0,7.45,0.0,10.0,8.2,False,False,True,73.73958535167603
811,600871.SH,石化油服,0.07786885245901637,21.212121212121215,1.5802285617450245,1.0803257803865225,1.08986605795203,0.6305519154262322,13547012351.0,2.16,2.18,2.14,2.17,92282450.0,199821854.0,2.17,0.0,10.0,2.39,False,False,True,73.73183491571402
812,603676.SH,卫信康,0.2415584415584415,25.44757033248082,1.3380060483753637,0.3970146945444345,0.8171093243786507,0.9061415093788106,435161500.0,8.86,8.91,8.7,8.72,1565500.0,13747759.0,8.75,-0.34285714285713365,10.0,9.63,False,False,True,73.70858360782795
813,600231.SH,凌钢股份,0.16666666666666663,21.19205298013245,1.4845106830899109,0.5905814447443986,1.0956199347624531,1.1362278119353086,2836383381.0,1.7,1.71,1.67,1.69,19033127.0,32111120.0,1.7,-0.588235294117645,10.0,1.87,False,False,True,73.70277078085643
814,002928.SZ,华夏航空,0.07164634146341459,34.45945945945945,1.1283522662393464,1.5937101206747752,0.6935362846019784,1.2767698240481287,1278235175.0,6.46,6.49,6.39,6.46,26009542.0,167479571.0,6.39,1.0954616588419341,10.0,7.03,False,False,True,73.69889556287542
815,600033.SH,福建高速,0.2764705882352943,17.460317460317466,0.8779117753890242,1.0166605833697655,1.1890497217096714,1.7997640072039756,2744400000.0,3.69,3.75,3.66,3.67,50215635.0,185735844.0,3.62,1.3812154696132506,10.0,3.98,False,False,True,73.6911451269134
816,002554.SZ,惠博普,0.03658536585365848,19.10112359550562,1.5452958159384689,1.819408492812937,0.9604859481118754,0.6137840214811234,1333469849.9999998,2.77,2.79,2.74,2.77,14891176.0,41226051.0,2.76,0.36231884057971175,10.0,3.04,False,False,True,73.67370664599883
817,688586.SH,江航装备,0.17099056603773577,24.22360248447204,1.410333857890744,0.805597423262089,0.8864347561532226,0.5804941871561774,791339155.9999999,11.11,11.21,11.07,11.1,3700655.0,41213412.0,11.11,-0.09000900090009312,20.0,13.33,False,False,True,73.6620809920558
818,300150.SZ,世纪瑞尔,0.1406727828746177,24.51253481894151,1.4121006313648832,1.3113657349478989,0.734724251267272,1.2223697244919194,463663232.0,4.08,4.13,4.01,4.02,7432400.0,30307286.0,4.05,-0.7407407407407418,20.0,4.86,False,False,True,73.65433055609378
819,002576.SZ,通达动力,0.22584692597239656,28.304947283049465,1.1038733627915935,1.290511724081819,0.5093601515473175,0.9184189191619183,162027571.0,14.2,14.37,14.15,14.17,1920400.0,27381331.0,14.13,0.2830856334040899,10.0,15.54,False,False,True,73.60589033133115
820,002603.SZ,以岭药业,0.13473053892215553,25.175808720112514,1.3406626568595938,1.0661448627870131,0.9068162222211441,0.6072881989278945,1376272762.0,15.15,15.29,15.14,15.2,8910777.0,135478398.0,15.12,0.5291005291005346,10.0,16.63,False,False,True,73.60589033133114
821,000828.SZ,东莞控股,0.3653136531365316,13.442622950819683,0.894998828127027,0.7229262203344485,1.3581793674756226,0.6021278224556629,1039516992.0,10.12,10.18,10.07,10.1,4524955.0,45788263.0,10.14,-0.39447731755425375,10.0,11.15,False,False,True,73.57488858748304
822,600375.SH,汉马科技,0.039325842696629205,18.285714285714285,1.7819914155819494,1.401352587858647,0.9708510832291312,0.8957581771498923,1462685760.0,3.71,3.73,3.66,3.68,18360700.0,67583597.0,3.71,-0.8086253369272156,10.0,4.08,False,False,True,73.5681069560163
823,600373.SH,中文传媒,0.16412213740458023,20.336391437308876,1.2671267323311817,0.950783779356678,1.2921152030407677,0.9509963146819111,1347358719.0,7.42,7.49,7.34,7.38,12182708.0,90316148.0,7.4,-0.2702702702702786,10.0,8.14,False,False,True,73.52644836272039
824,603279.SH,景津装备,0.004844961240309974,25.409836065573764,1.2601838429395347,1.6410255338122997,1.2935159736795498,0.5585485182257716,576373000.0,11.04,11.18,11.03,11.14,5282991.0,58814728.0,11.03,0.9972801450589319,10.0,12.13,False,False,True,73.50125944584381
825,601717.SH,中创智领,0.050040355125100966,23.80239520958083,1.565776063702412,1.2365311638717273,0.9970625848227707,0.6509342787403531,1542165730.0,14.07,14.09,13.87,13.9,12412900.0,173098619.0,13.98,-0.5722460658083017,10.0,15.38,False,False,True,73.46250726603371
826,300289.SZ,利德曼,0.10344827586206898,23.121387283236984,1.605380453303626,1.089260294519868,0.8811557261685793,0.9811053719017868,543156487.0,5.8,5.9,5.7,5.78,5804600.0,33826721.0,5.73,0.8726003490401313,20.0,6.88,False,False,True,73.45281922108119
827,688036.SH,传音控股,0.05572461011791556,38.22953388170778,1.4820478355578133,0.8158048890414823,0.6755972394622944,0.7100519561483131,1151184545.0,52.8,53.28,52.39,52.77,6668396.0,352654910.0,52.31,0.8793729688396201,20.0,62.77,False,False,True,73.44313117612866
828,300320.SZ,海达股份,0.22883295194508013,32.133333333333326,1.040566640056838,0.9989589603411934,0.5805007802203249,1.769318062449433,486538621.0,8.53,8.56,8.29,8.34,8599454.0,72451378.0,8.5,-1.8823529411764683,20.0,10.2,False,False,True,73.43731834915715
829,600790.SH,轻纺城,0.2099447513812156,15.409836065573778,1.3097292384118429,1.0532884741663464,1.0617805458288185,3.234732928320668,1465790928.0000002,3.4,3.7,3.4,3.63,49941064.0,180211757.0,3.43,5.8309037900874605,10.0,3.77,False,False,True,73.43344313117613
830,300298.SZ,三诺生物,0.31805157593123207,25.953627524308164,1.0995520036699231,0.7512492732745925,0.6994502768255152,0.9424077640490578,448001059.0,15.6,15.87,15.6,15.63,3171772.0,49896042.0,15.59,0.25657472738935816,20.0,18.71,False,False,True,73.43344313117613
831,600066.SH,宇通客车,0.07428040854224674,30.270682424704543,1.6062559331474002,0.7358186047187582,0.8593396374838698,1.3498864039601497,2213939223.0,26.09,26.31,25.55,26.01,21990428.0,571165495.0,26.33,-1.2153437143942125,10.0,28.96,False,False,True,73.41212943228057
832,000089.SZ,深圳机场,0.381294964028777,15.630252100840325,0.8331895951039952,0.6934634334862195,1.2360253309229339,0.7480173813338424,2050769509.0,6.47,6.51,6.45,6.46,10637807.0,68879597.0,6.46,0.0,10.0,7.11,False,False,True,73.39856616934703
833,301236.SZ,软通动力,0.1454909819639277,29.519315836036576,1.042230752278418,1.79691645472648,0.6410134439220381,0.999672971342791,867957357.0,36.9,37.25,36.53,36.99,15302521.0,565446086.0,36.47,1.4258294488620926,20.0,43.76,False,False,True,73.36368920751792
834,000410.SZ,沈阳机床,0.15320910973084872,33.33333333333333,1.1578068919021518,0.8262294027074331,0.8103476141441301,4.171022428861956,1971018333.0,5.05,5.57,5.02,5.57,67925655.0,366852649.0,5.06,10.079051383399218,10.0,5.57,True,False,True,73.34431311761287
835,600527.SH,江南高纤,0.14965986394557834,17.67676767676769,1.4056404933331357,2.2120892298560477,0.6318396436319901,0.719107201578411,1731760902.0,2.21,2.23,2.19,2.2,27547628.0,60897690.0,2.2,0.0,10.0,2.42,False,False,True,73.31331137376478
836,603712.SH,七一二,0.04555314533622552,24.131455399061032,1.512013976611295,1.3323105310880778,1.0005802145693656,0.6752176691602602,772000000.0,11.3,11.49,11.28,11.34,6944909.0,78968442.0,11.28,0.5319148936170359,10.0,12.41,False,False,True,73.29587289285023
837,000528.SZ,柳    工,0.06370656370656372,21.41882673942701,1.366595893191384,1.6138466534692462,1.1144681536748284,0.7827347436600843,2037744739.0,7.67,7.69,7.62,7.65,25739195.0,196818276.0,7.66,-0.13054830287205776,10.0,8.43,False,False,True,73.28037202092618
838,300075.SZ,数字政通,0.04457831325301195,26.188068756319517,1.4180926184735836,1.7187949200821828,0.8283004645315264,0.7517602983629282,524678331.00000006,10.35,10.45,10.3,10.37,6779483.0,70405762.0,10.26,1.0721247563352687,20.0,12.31,False,False,True,73.26293354001163
839,002941.SZ,新疆交建,0.11871393239901082,25.80287929125138,1.3237648897951197,1.3169231539103248,0.871324925836269,0.5034125942131558,729751171.9999999,10.51,10.58,10.48,10.54,4837927.0,50963439.0,10.47,0.6685768863419206,10.0,11.52,False,False,True,73.25712071304011
840,002210.SZ,飞马国际,0.04379562043795625,20.197044334975377,1.4918835238811101,2.0955485302247103,0.8754317276448274,0.739666983038215,2656759025.0000005,2.15,2.17,2.14,2.16,41179979.0,88900271.0,2.15,0.46511627906977715,10.0,2.37,False,False,True,73.24549505909707
841,601066.SH,中信建投,0.2339405560882072,34.745030250648234,1.1197414391698208,0.2555064897925465,0.7283511923202696,0.8828001846770899,6495671035.0,23.36,23.78,23.32,23.62,14651712.0,345695030.0,23.19,1.8542475204829545,10.0,25.51,False,False,True,73.18349157140089
842,300251.SZ,光线传媒,0.01848917062863178,30.94339622641511,1.3934299753004837,1.5199593425635471,0.812255392827103,0.5451011780443574,2753141609.0,10.96,11.15,10.9,11.08,22810649.0,252260340.0,10.95,1.187214611872145,20.0,13.14,False,False,True,73.17574113543887
843,002386.SZ,天原股份,0.3441295546558706,19.444444444444443,1.0958700807884891,1.2236598280545106,0.6876194682529406,0.8087798599560947,1301385155.0,5.84,5.9,5.81,5.87,12879437.0,75481497.0,5.82,0.8591065292096189,10.0,6.4,False,False,True,73.11276884324744
844,301311.SZ,昆船智能,0.12893401015228423,19.012345679012356,1.3558475130923724,1.1936344791666638,1.351149201117624,0.8899639589904468,240000000.0,13.5,13.63,13.43,13.62,2549500.0,34574611.0,13.42,1.4903129657227954,20.0,16.1,False,False,True,73.06142220499903
845,605056.SH,咸亨国际,0.0635097493036212,38.61224489795918,1.367843858254818,1.0397451667504503,0.6417807188429632,1.6978274577218162,403393200.0,13.4,13.81,13.32,13.48,7121132.0,95928990.0,13.39,0.6721433905899854,10.0,14.73,False,False,True,73.01104437124587
846,002601.SZ,龙佰集团,0.13622902270483703,23.266986959505843,1.797862316417365,0.87409947545222,0.7430591120752683,1.0298228224622767,1979780012.0,15.15,15.45,14.99,15.29,17821338.0,272726106.0,15.04,1.66223404255319,10.0,16.54,False,False,True,72.99166828134084
847,000959.SZ,首钢股份,0.14760147601476026,31.92182410423452,1.4982068790015763,0.3861128115063486,0.7784423753159759,0.6940230112280974,7451607404.0,3.47,3.5,3.45,3.48,19968160.0,69413138.0,3.47,0.28818443804032867,10.0,3.82,False,False,True,72.98198023638828
848,000034.SZ,神州数码,0.07712082262210786,36.76207513416816,1.1147187027357603,1.9003285553899165,0.41958897356110325,1.1796454208203688,849147841.0,23.24,23.59,23.09,23.48,19035465.0,444757251.0,22.95,2.3093681917211395,10.0,25.25,False,False,True,72.9800426273978
849,002573.SZ,清新环境,0.15827338129496388,24.73867595818815,1.1427049901537776,0.9334090244858805,1.330349292022122,0.7236058562370817,1412690868.0,3.11,3.14,3.09,3.12,9541600.0,29766768.0,3.09,0.9708737864077666,10.0,3.4,False,False,True,72.96454175547375
850,600794.SH,保税科技,0.25316455696202544,19.8581560283688,1.0300900291233432,1.0008052878915032,1.1244639196008126,0.7545715977886863,1200152157.0,3.22,3.24,3.19,3.21,9063300.0,29130102.0,3.22,-0.31055900621118626,10.0,3.54,False,False,True,72.89478783181553
851,301019.SZ,宁波色母,0.15363385464581414,31.336742147552975,1.2175587188041606,0.9683688342310935,0.7966917190098056,2.034192187427742,145146658.0,15.0,15.75,15.0,15.55,2859169.0,44227710.0,14.94,4.082998661311921,20.0,17.93,False,False,True,72.87541174191048
852,603915.SH,国茂股份,0.11652794292508922,34.999999999999986,1.4332515657403084,0.7663063666908405,0.7167790972071661,0.6548148168757744,656632480.0000001,13.03,13.25,13.02,13.07,3294908.0,43190476.0,12.98,0.6933744221879756,10.0,14.28,False,False,True,72.8608796744817
853,600261.SH,阳光照明,0.2727272727272727,15.384615384615374,1.3255819946270846,0.8717926963505904,0.9627627903483291,7.6526629666731445,1335052966.0,3.18,3.51,3.18,3.51,89068535.0,305600528.0,3.19,10.03134796238243,10.0,3.51,True,False,True,72.85409804301491
854,300177.SZ,中海达,0.10172143974960868,22.92051756007394,1.3565850917334559,1.57589507960596,0.9300318011649947,0.9986181569576976,606303251.0,6.04,6.15,6.03,6.09,9541500.0,58182220.0,6.06,0.4950495049504955,20.0,7.27,False,False,True,72.83084673512886
855,000411.SZ,英特集团,0.28985507246376807,26.024096385542173,1.253488480155353,0.606177366347632,0.7291154957861701,0.8449802459713354,563735936.0,9.94,10.11,9.87,9.9,2887500.0,28831080.0,9.9,0.0,10.0,10.89,False,False,True,72.7824065103662
856,300022.SZ,吉峰科技,0.23652694610778452,20.833333333333325,0.9476349884157347,1.8474014255584,0.7742495484418063,0.7512317890363267,494225980.0,8.02,8.09,7.96,8.01,6859000.0,54911579.0,7.98,0.3759398496240518,20.0,9.58,False,False,True,72.77078085642317
857,603899.SH,晨光股份,0.25492610837438434,20.30226700251887,1.310199500315361,0.47911237162752757,1.0903592290057111,0.6884369048083957,915795377.0,21.98,22.08,21.73,21.74,3020647.0,65934391.0,21.92,-0.8211678832116931,10.0,24.11,False,False,True,72.7514047665181
858,603659.SH,璞泰来,0.07287933094384702,39.00573613766729,1.3667331980500934,1.0577299265815114,0.6010125350126908,0.6203289652568564,2144184175.0,22.3,22.57,22.09,22.27,14068861.0,313378849.0,22.14,0.5871725383920445,10.0,24.35,False,False,True,72.70877736872698
859,002410.SZ,广联达,0.06748466257668707,26.776649746192895,1.4313088851218196,1.5014320261578848,0.8548063900874363,0.7329149475876731,1588098783.9999998,8.47,8.54,8.39,8.4,17475788.0,147868733.0,8.43,-0.3558718861209842,10.0,9.27,False,False,True,72.704902150746
860,000420.SZ,吉林化纤,0.020576131687242906,28.779069767441847,1.448379296766009,2.0806133205534185,0.6740549684881975,0.8064212117856091,2458775343.0,3.51,3.61,3.49,3.54,41244353.0,146100147.0,3.49,1.4326647564469885,10.0,3.84,False,False,True,72.67196279790738
861,002075.SZ,沙钢股份,0.09627329192546585,29.721362229102176,1.264099248272803,1.2066102999827746,0.9254621759646385,0.7503983268407431,2193821920.0,3.55,3.57,3.53,3.56,19863705.0,70509571.0,3.54,0.5649717514124353,10.0,3.89,False,False,True,72.66421236194535
862,600495.SH,晋西车轴,0.3365853658536588,28.143712574850312,0.8985137818851534,0.7189803863493079,0.7570434654914757,0.743885261709757,1208190886.0,4.04,4.07,4.02,4.05,6461875.0,26162364.0,4.03,0.4962779156327368,10.0,4.43,False,False,True,72.65839953497384
863,002786.SZ,银宝山新,0.20238095238095233,18.61471861471864,1.359807410719214,1.4244087331539068,0.8055671529444717,2.726361341562983,491861250.0,7.57,8.1,7.53,7.89,19101200.0,151031688.0,7.51,5.059920106524629,10.0,8.26,False,False,True,72.64289866304979
864,600612.SH,老凤祥,0.05017215937038875,21.661721068249264,1.7424195934559858,0.8048586856223774,1.7511174994468333,0.4384225362972873,317109630.0,31.38,31.78,31.38,31.45,1118979.0,35280893.0,31.35,0.31897926634767426,10.0,34.49,False,False,True,72.61189691920171
865,300957.SZ,贝泰妮,0.10922205048943832,18.194207836456556,1.5381090298168767,1.5028901203965956,0.9742331649327987,1.0137647048964542,423600000.0,31.51,31.82,31.36,31.45,6453872.0,204419521.0,31.47,-0.06355258976803446,20.0,37.76,False,False,True,72.6118969192017
866,600917.SH,重庆燃气,0.2311557788944723,22.64573991031389,1.086171534476632,0.5933107238729101,1.7748039714852983,0.627663064317093,1561039760.0,4.9,4.95,4.87,4.88,5813300.0,28540254.0,4.92,-0.8130081300813052,10.0,5.41,False,False,True,72.60414648323969
867,603967.SH,中创物流,0.3636363636363636,16.245136186770438,1.069102533467414,0.8614184067457715,0.9947537808127915,0.6073960598454078,346666710.0,11.68,11.8,11.62,11.67,1813837.0,21267323.0,11.68,-0.08561643835616195,10.0,12.85,False,False,True,72.60027126525868
868,688616.SH,西力科技,0.21824104234527683,25.384615384615383,1.211906964398621,0.9845057315054261,0.844385543228642,0.6491539897778542,179378265.0,10.48,10.63,10.45,10.55,1146399.0,12083824.0,10.44,1.053639846743315,20.0,12.53,False,False,True,72.56345669443907
869,300002.SZ,神州泰岳,0.1345939933259176,32.65007320644217,0.9807193298181509,1.5874952180427122,0.7380489673220866,1.2695382624311615,1851049053.0,8.08,8.11,7.95,7.95,37305782.0,298512790.0,8.04,-1.1194029850746134,20.0,9.65,False,False,True,72.544080604534
870,000096.SZ,广聚能源,0.1918876755070202,26.745913818722112,1.0375043702490145,1.1839593675613824,0.9185748103917674,1.045162820494962,510848000.0,7.98,8.08,7.9,7.97,6321388.0,50639904.0,7.96,0.12562814070351536,10.0,8.76,False,False,True,72.52664212361945
871,301199.SZ,迈赫股份,0.12490869247625987,37.02337023370232,1.165424783524982,0.847364511234461,0.828554107371228,0.7055456333411625,179675875.0,18.06,18.22,18.06,18.16,1074200.0,19508020.0,17.97,1.057317751808573,20.0,21.56,False,False,True,72.52664212361945
872,000932.SZ,华菱钢铁,0.09281437125748493,24.534161490683214,1.45240750243526,1.238115802594522,1.0113232702441204,0.9441716856514699,6852609160.0,3.53,3.6,3.52,3.6,80106582.0,286112225.0,3.53,1.9830028328611915,10.0,3.88,False,False,True,72.50532842472388
873,301339.SZ,通行宝,0.17755443886097158,23.713420787083738,1.2731806911128947,0.8224792358490534,1.1444877624034828,0.6885523411640724,573237742.0,10.97,11.15,10.97,11.05,3246360.0,35899799.0,10.97,0.7292616226071136,20.0,13.16,False,False,True,72.49757798876186
874,688816.SH,易思维,0.03005507474429578,38.246650011355875,1.3369958606523054,1.6726102889080017,0.47298816109720704,1.856221571931792,20536018.0,46.46,48.65,46.06,48.19,637589.0,30311333.0,45.94,4.897692642577267,20.0,55.13,False,False,True,72.48401472582833
875,001219.SZ,青岛食品,0.2672413793103449,21.816562778272484,1.0983242803652984,1.192432786971433,0.837734537077788,0.6133659139056217,190197500.0,12.47,12.59,12.41,12.47,1391100.0,17399475.0,12.47,0.0,10.0,13.72,False,False,True,72.42976167409417
876,002382.SZ,蓝帆医疗,0.2225063938618926,25.4,1.339852277754258,1.1285330798633257,0.6465091301836199,0.902568749384542,997792227.0,5.88,5.98,5.83,5.85,10163299.0,59935678.0,5.87,-0.34071550255537764,10.0,6.46,False,False,True,72.40069753923659
877,002398.SZ,垒知集团,0.1690544412607451,20.833333333333325,1.2014203148959746,1.7544449399753814,0.8764637100855088,0.951833769394949,599740551.0,4.21,4.23,4.13,4.17,10015307.0,41851984.0,4.19,-0.4773269689737569,10.0,4.61,False,False,True,72.35031970548344
878,600299.SH,安迪苏,0.07479861910241661,19.656992084432723,1.65053249753581,1.1392307036374025,1.296316797535306,0.6417977027845766,3079779257.0,8.25,8.33,8.21,8.29,22517980.0,186546063.0,8.23,0.7290400972053357,10.0,9.05,False,False,True,72.32900600658787
879,300994.SZ,久祺股份,0.12848605577689234,22.22222222222221,1.4219515405825933,1.6950349524913615,0.8022523592894982,1.3324240737073256,118412160.0,10.92,11.35,10.88,10.9,2674345.0,29551693.0,10.92,-0.1831501831501825,20.0,13.1,False,False,True,72.30962991668281
880,605009.SH,豪悦护理,0.23670411985018733,23.85057471264369,1.1260142213399493,0.6962769278811609,1.1872807313279037,1.4053358686012485,214957453.0,23.94,24.99,23.83,24.71,2103365.0,51905570.0,23.82,3.736356003358532,10.0,26.2,False,False,True,72.30381708971129
881,600569.SH,安阳钢铁,0.1451612903225806,21.118012422360245,1.5014051940408975,0.8269706671791173,1.2306651588989725,0.7117587952450598,2872421386.0,1.79,1.81,1.77,1.78,16907177.0,30233626.0,1.79,-0.5586592178770999,10.0,1.97,False,False,True,72.29606665374926
882,601512.SH,中新集团,0.24064171122994643,21.30257801899591,1.3984095862149892,0.27411964853991455,1.131903194258874,0.644236498089931,1498890000.0,8.29,8.45,8.26,8.44,2647008.0,22125109.0,8.27,2.055622732769047,10.0,9.1,False,False,True,72.29025382677776
883,002752.SZ,昇兴股份,0.2357142857142858,19.999999999999996,1.2038780834228038,1.3283726954102288,0.8645727852323918,0.7545472450683625,975526819.0,6.24,6.33,6.22,6.26,9777900.0,61403655.0,6.23,0.48154093097911854,10.0,6.85,False,False,True,72.287347413292
884,002823.SZ,凯中精密,0.12512820512820502,38.495575221238944,0.9708079302023289,1.5384109645083641,0.5839967076794093,0.8249768001176475,223039713.0,12.64,12.78,12.57,12.75,2830716.0,35977249.0,12.52,1.8370607028753927,10.0,13.77,False,False,True,72.27475295485371
885,600276.SH,恒瑞医药,0.04337973454192283,38.4578658391024,1.2911877263134204,1.0274339243792476,0.846421406955066,0.868694552725083,6379002274.0,43.52,44.15,43.5,43.91,56934270.0,2498552733.0,43.23,1.5729817256534773,10.0,47.55,False,False,True,72.24568881999613
886,002642.SZ,荣联科技,0.23515439429928725,30.47138047138047,0.9244248380517105,1.4253967605592837,0.587550954701169,1.012444735270675,661580313.0,6.96,7.19,6.94,6.99,9547500.0,67248386.0,6.93,0.8658008658008809,10.0,7.62,False,False,True,72.22437512110056
887,300573.SZ,兴齐眼药,0.050699300699300544,25.171428571428578,1.6183683028329203,1.7835920376746182,0.7468864323650459,0.8779975297485555,271997626.0,36.27,36.44,35.82,35.83,4259454.0,155018312.0,35.98,-0.4168982768204543,20.0,43.18,False,False,True,72.22243751211006
888,688472.SH,阿特斯,0.0031347962382445587,38.49009900990099,1.6063457039721214,0.967850232656652,0.7120112447654836,1.4429707292101355,3643140112.0,8.17,8.61,8.17,8.6,50879350.0,428752364.0,8.13,5.781057810578094,20.0,9.76,False,False,True,72.21274946715752
889,000617.SZ,中油资本,0.05709023941068133,19.999999999999996,1.8626614031533724,0.9729345860074197,1.2098572261341096,0.463688793613893,12642079079.0,6.81,6.93,6.8,6.88,57033332.0,391113701.0,6.81,1.027900146842886,10.0,7.49,False,False,True,72.18271652780469
890,600736.SH,苏州高新,0.1923076923076923,21.525423728813543,1.1866840818325008,1.936732543423891,0.7287501469717927,0.7771426691906727,1151292907.0,6.41,6.57,6.38,6.54,17328311.0,112418542.0,6.38,2.5078369905956244,10.0,7.02,False,False,True,72.18174772330943
891,002178.SZ,延华智能,0.15789473684210523,30.000000000000004,1.085191346274843,1.4005316765294271,0.7938919861598308,1.3436893109614618,711830932.9999999,4.66,4.74,4.61,4.62,13395800.0,62559255.0,4.63,-0.21598272138227959,10.0,5.09,False,False,True,72.17109087386166
892,603126.SH,中材节能,0.17673378076062637,27.25598526703501,1.258520054502442,1.1838403276003227,0.7850948385548645,0.7173178887318126,610500000.0,6.25,6.3,6.21,6.24,5184304.0,32420175.0,6.22,0.3215434083601254,10.0,6.84,False,False,True,72.15268358845185
893,600872.SH,中炬高新,0.18330308529945577,27.660891089108897,1.2645793121889546,1.224976713319575,0.7244067152962859,0.9709721965699577,770987950.0,17.26,17.32,17.12,17.16,9170272.0,157634936.0,17.17,-0.058241118229473976,10.0,18.89,False,False,True,72.11974423561325
894,600841.SH,动力新科,0.08688524590163937,32.18390804597702,1.3807660003586868,1.225055940297558,0.7886448060497174,1.5556011334618505,1043024484.0,5.76,5.89,5.67,5.85,19876901.0,114755973.0,5.75,1.7391304347825987,10.0,6.33,False,False,True,72.10036814570819
895,301017.SZ,漱玉平民,0.13574297188755016,24.721030042918436,1.3764103906026381,1.920199802779406,0.6431221727658538,1.1336370752489582,258695100.0,12.18,12.72,12.18,12.43,5631300.0,70367390.0,12.18,2.052545155993424,20.0,14.62,False,False,True,72.06549118387909
896,600512.SH,腾达建设,0.25301204819277084,15.591397849462352,1.1346216736337815,1.4475469801656389,0.9622969179170381,0.9453611408835906,1587405163.0,2.07,2.09,2.05,2.06,21722920.0,44920742.0,2.07,-0.48309178743960457,10.0,2.28,False,False,True,72.06161596589808
897,300383.SZ,光环新网,0.06682577565632465,36.186046511627914,1.2139846795083074,2.003966592698727,0.41963312549041853,0.9075906637313975,1795110701.0,11.39,11.43,11.23,11.3,32649139.0,368827845.0,11.31,-0.08841732979664174,20.0,13.57,False,False,True,72.05774074791708
898,002108.SZ,沧州明珠,0.20703124999999992,19.693094629156004,1.355299590215655,1.6744820655466133,0.7026710833286035,0.6080382630251329,1647998206.0,4.37,4.42,4.35,4.38,16779080.0,73646129.0,4.34,0.9216589861751112,10.0,4.77,False,False,True,72.05192792094554
899,000513.SZ,丽珠集团,0.04025764895330113,23.34887334887337,1.6140518595110347,1.2308172805402966,1.2147440155427285,0.49412400429652886,567651788.0,26.25,26.46,26.2,26.23,3452324.0,90692363.0,26.24,-0.03810975609754852,10.0,28.86,False,False,True,72.01511335012594
900,001379.SZ,腾达科技,0.11990595611285274,21.505376344086024,1.2175901267746665,2.343984721782117,0.8364491028584927,0.9279528773003366,67298425.0,15.61,15.78,15.51,15.56,1463813.0,22928952.0,15.48,0.5167958656330685,10.0,17.03,False,False,True,71.98023638829683
901,002381.SZ,双箭股份,0.24691358024691373,17.99591002044989,1.2289192666688193,1.3867370076686192,0.870520363556617,0.6648225722212009,322026500.0,5.48,5.55,5.45,5.45,2968872.0,16307259.0,5.49,-0.7285974499089298,10.0,6.04,False,False,True,71.97054834334432
902,603080.SH,新疆火炬,0.200413223140496,22.4147891392259,1.0447409821118259,1.375088268551232,1.040841927891302,0.7147886786477543,141500000.0,19.25,19.61,19.24,19.48,1390800.0,27094607.0,19.25,1.194805194805193,10.0,21.18,False,False,True,71.97054834334432
903,002737.SZ,葵花药业,0.07375271149674618,28.860294117647058,1.4110131633825136,0.9571747632282446,1.1575434774212914,0.6345507243929295,583990700.0,11.23,11.38,11.22,11.25,3547019.0,40061012.0,11.22,0.2673796791443861,10.0,12.34,False,False,True,71.96473551637278
904,600990.SH,四创电子,0.11915077989601386,35.39473684210526,1.224716610402591,1.1189815554281446,0.7619224491045989,0.673232127626499,269012696.0,17.98,18.28,17.98,18.06,2026565.0,36732736.0,17.95,0.6128133704735417,10.0,19.75,False,False,True,71.95310986242977
905,600390.SH,五矿资本,0.20103092783505144,16.40449438202245,1.4197045524731822,0.8984105059908114,1.3250047723145295,0.49808007356613754,4498065459.0,4.85,4.89,4.83,4.88,20127960.0,97908498.0,4.83,1.0351966873705987,10.0,5.31,False,False,True,71.92404572757218
906,688213.SH,思特威-W,0.28183046268152667,24.375283961835525,1.2143519690529205,1.399073562222328,0.45196633920226237,2.2510205201432822,323509476.0,90.85,95.47,90.27,94.25,10188424.0,944864046.0,90.15,4.547975596228504,20.0,108.18,False,False,True,71.92210811858166
907,600463.SH,空港股份,0.16055846422338566,24.14285714285713,1.4235252272464198,1.0746051833333299,0.9097828559333991,0.962337935245706,300000000.0,7.92,8.01,7.89,7.93,3102400.0,24646435.0,7.92,0.12626262626262985,10.0,8.71,False,False,True,71.91629529161014
908,600628.SH,新世界,0.16826923076923078,19.81981981981984,1.2645000447281447,1.3325345983485397,1.12712256229839,1.3304821506918523,646875384.0,6.25,6.4,6.23,6.23,11468541.0,72377342.0,6.25,-0.31999999999999806,10.0,6.88,False,False,True,71.88723115675256
909,603759.SH,海天股份,0.07268951194184832,26.027397260273965,1.475725980931164,1.0425910213097664,1.2282119147009205,2.845493052391783,461760000.0,7.26,7.85,7.26,7.8,13698967.0,105525668.0,7.27,7.290233837689142,10.0,8.0,False,False,True,71.85622941290448
910,300513.SZ,恒实科技,0.20729366602687146,28.125,1.0446013975919815,1.5239547623803502,0.7032626378382166,1.0316425662690285,287155781.0,7.16,7.3,7.09,7.1,4514596.0,32463919.0,7.16,-0.8379888268156499,20.0,8.59,False,False,True,71.84751017244719
911,300918.SZ,南山智尚,0.09508408796895206,36.93495038588755,1.4094196532033283,1.0041573500788512,0.6892612520099383,1.1158018978113637,506134427.0,10.54,10.92,10.54,10.8,5670936.0,61298736.0,10.54,2.4667931688804767,20.0,12.65,False,False,True,71.76709939934122
912,002722.SZ,物产金轮,0.311808118081181,21.029281277728494,1.0188321125388355,1.2124452473974134,0.8618556918548224,0.6915911492653629,222357010.0,12.92,13.11,12.92,12.97,1864500.0,24259173.0,12.96,0.07716049382715529,10.0,14.26,False,False,True,71.74966091842667
913,300484.SZ,蓝海华腾,0.13162251655629137,35.779816513761475,1.1728989826743594,1.3603349016402402,0.6473728442603648,1.214144764553239,171775688.99999997,12.52,12.79,12.49,12.6,2837122.0,35775388.0,12.49,0.8807045636509248,20.0,14.99,False,False,True,71.72640961054059
914,603896.SH,寿仙谷,0.13333333333333341,26.70364500792395,1.5386543151034464,0.8624124234255207,0.9208514081965713,0.5638597881761933,198243938.00000003,14.06,14.25,14.05,14.11,964020.0,13625301.0,14.0,0.7857142857142785,10.0,15.4,False,False,True,71.72447200155008
915,000008.SZ,神州高铁,0.1608391608391608,31.79723502304148,0.9649346869311654,1.17001615293201,0.929847118797136,0.5801118400727129,2716296952.0,2.4,2.43,2.39,2.4,18436600.0,44440285.0,2.4,0.0,10.0,2.64,False,False,True,71.71672156558806
916,605333.SH,沪光股份,0.02921535893155263,26.370083816892343,1.7301599643758714,0.8031468923419521,1.3773997008983951,0.5263909042897309,464040406.0,16.29,16.75,16.29,16.38,1961820.0,32277813.0,16.21,1.048735348550256,10.0,17.83,False,False,True,71.67215655880642
917,002226.SZ,江南化工,0.2922535211267606,29.146919431279628,1.022064019957909,0.6485517961579594,0.847790758671672,0.8950325492030332,2648918190.0,5.06,5.15,5.04,5.1,15376307.0,78469828.0,5.05,0.990099009900991,10.0,5.56,False,False,True,71.61402828909127
918,301090.SZ,华润材料,0.20298507462686555,19.738988580750405,1.4333957493350464,0.7308358971296219,1.2646098964900785,0.5952908261563554,1470933296.0,6.83,7.02,6.81,6.89,6399441.0,44355146.0,6.81,1.1747430249632984,20.0,8.17,False,False,True,71.61402828909125
919,603602.SH,纵横通信,0.2561403508771931,32.60869565217392,0.9702767640144228,1.0717876564522884,0.626084440455574,0.8389858901408579,231057494.0,11.45,11.59,11.3,11.35,2077703.0,23739515.0,11.39,-0.351185250219499,10.0,12.53,False,False,True,71.61209068010075
920,600660.SH,福耀玻璃,0.2755364806866953,25.516947345981688,1.4147359619812734,0.45552607894679903,0.7873738090907895,1.2930634850677354,2002986332.0,53.01,53.41,52.6,52.68,11798073.0,636091507.0,53.07,-0.7348784624081395,10.0,58.38,False,False,True,71.54621197442356
921,002269.SZ,美邦服饰,0.09523809523809516,21.259842519685044,1.4733694807542126,1.9231014638498665,0.8860301671370657,1.1229691253205214,2343729075.0,1.41,1.44,1.4,1.42,50614788.0,72091478.0,1.41,0.7092198581560183,10.0,1.55,False,False,True,71.53264871149003
922,000570.SZ,苏常柴Ａ,0.2677824267782426,18.942731277533053,1.1139886288709682,1.6784189785736974,0.7870786456407122,0.9476727321131033,555692507.0,5.18,5.28,5.15,5.26,8838800.0,46226461.0,5.18,1.5444015444015413,10.0,5.7,False,False,True,71.53071110249951
923,301331.SZ,恩威医药,0.11764705882352945,26.444091149973502,1.46473287488732,1.3246827123531228,0.8443088108801747,0.8386834794089603,102590978.0,20.65,21.02,20.5,20.62,1139775.0,23610015.0,20.53,0.4383828543594648,20.0,24.64,False,False,True,71.52296066653749
924,600679.SH,上海凤凰,0.2321428571428572,23.871733966745843,1.2227063051257134,0.872501660683839,1.005427603895995,2.8324597603238506,343694257.0,9.97,10.95,9.92,10.28,8493805.0,88556864.0,9.98,3.006012024048088,10.0,10.98,False,False,True,71.51327262158497
925,002877.SZ,智能自控,0.20142602495543682,21.88976377952756,1.1359166659939095,1.9583510030815043,0.7601542088906544,1.4325814255603748,240514652.0,7.47,7.55,7.35,7.36,6747632.0,50122715.0,7.48,-1.6042780748663166,10.0,8.23,False,False,True,71.47258283278435
926,688522.SH,纳睿雷达,0.01633605600933495,34.20899007589024,1.2763464676328369,1.8727746761110589,0.7805640220563255,1.6489042788493287,172184486.0,17.47,18.36,17.47,18.1,5317102.0,96241048.0,17.41,3.9632395175186685,20.0,20.89,False,False,True,71.46677000581283
927,600201.SH,生物股份,0.2992277992277992,28.649635036496335,1.1927027559825232,0.9806751993198455,0.5337132211581161,0.8237701075268538,1099927826.0,11.79,11.87,11.64,11.73,8885777.0,104348821.0,11.68,0.42808219178083196,10.0,12.85,False,False,True,71.4222049990312
928,300375.SZ,鹏翎股份,0.18749999999999994,21.78770949720672,1.1642672371137224,1.7921618472531482,0.8548245198678588,0.6127350263735659,532628329.0,4.12,4.13,4.03,4.05,5848900.0,23818370.0,4.09,-0.9779951100244544,20.0,4.91,False,False,True,71.40670412710715
929,002404.SZ,嘉欣丝绸,0.1353383458646618,14.312267657992583,1.4430009110142454,1.9100475586961287,1.0137192897473548,1.252333184883559,455787096.0,5.73,5.99,5.71,5.82,10902500.0,63950599.0,5.74,1.3937282229965264,10.0,6.31,False,False,True,71.39895369114512
930,603816.SH,顾家家居,0.10792349726775968,28.957528957528964,1.6155944542088947,0.8035674816954059,0.9110731853331672,0.7254368213999524,815880346.0,22.46,22.82,22.33,22.5,4756072.0,106971229.0,22.3,0.8968609865470878,10.0,24.53,False,False,True,71.38345281922108
931,000830.SZ,鲁西化工,0.02470355731225296,20.72310405643738,1.7251312407862376,1.7592582082566346,0.9910106829869765,0.5472919709431553,1904178218.0,11.62,11.77,11.58,11.75,18333959.0,214556693.0,11.59,1.380500431406384,10.0,12.75,False,False,True,71.352451075373
932,301101.SZ,明月镜片,0.14051015996541288,21.266794625719765,1.7025826663388273,1.0174530249620894,0.9291158922420161,1.1416676916087698,194103143.0,29.3,30.25,29.0,29.79,2254689.0,67190447.0,29.3,1.6723549488054656,20.0,35.16,False,False,True,71.34857585739198
933,601965.SH,中国汽研,0.24035281146637277,39.70988213961923,0.9342826350441683,0.5785452390538964,0.6966565008617104,0.7784258822988452,998405727.0,13.29,13.29,12.99,13.16,4496366.0,59121789.0,13.21,-0.37850113550341735,10.0,14.53,False,False,True,71.33888781243945
934,300791.SZ,仙乐健康,0.16083254493850532,24.02597402597404,1.404837562037874,0.82113565218105,1.225959966402372,0.5406772096751753,257499743.00000003,17.14,17.53,17.11,17.3,1143100.0,19824890.0,17.1,1.1695906432748426,20.0,20.52,False,False,True,71.30594845960084
935,000561.SZ,烽火电子,0.15209125475285173,26.50602409638556,1.2581470423550616,1.2403578738097045,0.9603112464214282,1.5501276309927814,776247360.0,7.85,8.02,7.84,7.86,14925009.0,118163584.0,7.84,0.25510204081633514,10.0,8.62,False,False,True,71.30207324161984
936,000402.SZ,金 融 街,0.0877192982456141,19.57446808510639,1.5192113475175153,1.6991092961354284,1.0654359905414632,1.2332260519711893,2988667172.0,2.45,2.55,2.44,2.52,62624109.0,156373161.0,2.45,2.857142857142847,10.0,2.7,False,False,True,71.28269715171479
937,600968.SH,海油发展,0.29437229437229445,27.217125382262996,1.1339585006792345,0.44265358002356753,0.9335866316027541,0.6089354974641952,10165104199.0,3.95,3.97,3.9,3.95,27399782.0,107914272.0,3.95,0.0,10.0,4.35,False,False,True,71.28075954272428
938,603848.SH,好太太,0.0466439135381115,23.39901477832511,1.8299863410904162,0.7938444738534519,1.5254986312457992,0.8568525753245397,402406511.0,13.04,13.28,13.04,13.12,2737200.0,35992213.0,13.0,0.9230769230769154,10.0,14.3,False,False,True,71.20713040108505
939,600279.SH,重庆港,0.2967032967032967,28.851540616246485,0.8980156236768619,0.6924523105691726,0.9398271519524739,0.7893002881432011,1186866283.0,4.38,4.39,4.31,4.33,6486851.0,28166136.0,4.38,-1.1415525114155223,10.0,4.82,False,False,True,71.20325518310405
940,002256.SZ,兆新股份,0.10526315789473693,36.89655172413795,1.1325108036225113,1.8805065831048358,0.5002302945626591,0.618307033121742,2014346926.0,3.22,3.26,3.2,3.22,23421425.0,75671229.0,3.2,0.6250000000000089,10.0,3.52,False,False,True,71.20034876961829
941,600315.SH,上海家化,0.13477289650037233,22.396486825596007,1.2788010275475448,1.278932101077075,1.4181997109267828,0.6065189768546138,672225980.0,17.78,18.2,17.74,17.89,5214434.0,93828498.0,17.75,0.7887323943662095,10.0,19.53,False,False,True,71.16062778531293
942,600725.SH,云维股份,0.12977099236641218,24.232081911262803,1.4285818649150845,1.3534782712763755,0.9465065879980973,0.7899147673826479,1232470000.0,3.26,3.31,3.25,3.29,13176737.0,43212381.0,3.27,0.6116207951070374,10.0,3.6,False,False,True,71.16062778531293
943,300350.SZ,华鹏飞,0.14009661835748796,24.0,1.2431430221875424,2.2145394072548363,0.7484076029250238,1.309982754098602,461829061.0,4.34,4.42,4.3,4.33,13397700.0,58311100.0,4.33,0.0,20.0,5.2,False,False,True,71.08990505715946
944,002908.SZ,德生科技,0.14232209737827728,25.901639344262307,1.1783750528018893,1.5935990540833704,0.9526586544947527,0.8265860058212852,325248116.0,6.86,6.96,6.81,6.84,4284320.0,29456375.0,6.86,-0.291545189504383,10.0,7.55,False,False,True,71.05987211780663
945,300232.SZ,洲明科技,0.16949152542372883,28.693790149892926,1.1505617887305775,1.7011817893826802,0.7104924821461754,0.7038188258945143,888454758.0,5.42,5.46,5.38,5.39,10637680.0,57702113.0,5.37,0.3724394785847185,20.0,6.44,False,False,True,71.01918232900601
946,688211.SH,中科微至,0.24316334072431625,37.28560775540642,1.200956775085998,0.4261085168771365,0.661515819715521,1.9758418332616212,131092862.0,30.28,31.6,30.27,31.56,1103701.0,34284345.0,30.11,4.815675855197599,20.0,36.13,False,False,True,71.015307111025
947,000031.SZ,大悦城,0.05797101449275368,17.24137931034484,2.0146510913259204,1.0372306975663093,1.3562078946364975,1.2819390005096205,4286304701.0,2.15,2.24,2.13,2.23,56993557.0,125005049.0,2.15,3.7209302325581506,10.0,2.37,False,False,True,71.00368145708197
948,600681.SH,百川能源,0.13253012048192772,18.91025641025641,1.2285088015889567,1.869775002488187,1.2572169287557187,0.6796929729642558,1339808772.0,3.46,3.51,3.44,3.48,17027267.0,59265217.0,3.45,0.8695652173912993,10.0,3.8,False,False,True,70.97074210424336
949,002228.SZ,合兴包装,0.09944751381215478,18.085106382978733,1.5021197060000069,1.8010712400102915,1.0776381266600032,1.167336306280242,1209321709.0,3.18,3.25,3.16,3.17,25425455.0,81465475.0,3.18,-0.3144654088050425,10.0,3.5,False,False,True,70.96880449525285
950,601360.SH,三六零,0.06249999999999982,21.92448233861144,1.4342428505215388,1.6262202865913276,1.3696458760603543,0.7960579009336122,6999557879.0,8.66,8.83,8.64,8.72,90613862.0,796399219.0,8.6,1.3953488372093092,10.0,9.46,False,False,True,70.95136601433829
951,300213.SZ,佳讯飞鸿,0.1831501831501832,26.07879924953096,1.1000281348904761,1.6887971988708241,0.8211483824775072,0.9976169343639553,552590868.0,6.37,6.47,6.3,6.3,9309900.0,59287810.0,6.33,-0.4739336492891044,20.0,7.6,False,False,True,70.94167796938576
952,300771.SZ,智莱科技,0.14404761904761892,28.036437246963565,1.073716752725454,1.8968050168567805,0.8316468634925935,1.2772042326692146,189077273.0,11.17,11.34,11.09,11.32,4580600.0,51554876.0,11.09,2.073940486925152,20.0,13.31,False,False,True,70.90292578957566
953,002419.SZ,天虹股份,0.22748815165876762,21.411192214111917,1.1809565290735526,1.2368064208688285,1.034451698876894,0.8680385664229331,1141239697.0,4.59,4.7,4.58,4.63,12252300.0,56913659.0,4.59,0.8714596949891185,10.0,5.05,False,False,True,70.89323774462312
954,600597.SH,光明乳业,0.25783972125435556,22.166666666666668,1.1663677020475867,0.7427640803483841,1.3297618144668808,0.8466569290099194,1378455363.0,6.75,6.79,6.66,6.66,8668642.0,58261253.0,6.74,-1.1869436201780381,10.0,7.41,False,False,True,70.86029839178454
955,000738.SZ,航发控制,0.20293040293040293,25.47342700061086,1.2646216968499917,1.149647341246811,0.8842335891240045,0.6918889081180469,1315184001.0,19.3,19.4,19.08,19.16,10461345.0,201041010.0,19.14,0.10449320794148065,10.0,21.05,False,False,True,70.85254795582252
956,300422.SZ,博世科,0.05240174672489087,22.27979274611398,1.4772776428121124,2.139093821470191,0.9508117849773104,0.6999875099806617,516743384.0,4.03,4.04,3.98,4.01,7737400.0,31066343.0,3.98,0.7537688442210921,20.0,4.78,False,False,True,70.82929664793645
957,605266.SH,健之佳,0.12012480499219962,26.85634975711313,1.3871920799221056,1.142100627212131,1.0552016201351109,0.8170491730833214,154542928.0,15.2,15.44,15.18,15.26,1442121.0,22104848.0,15.18,0.5270092226614009,10.0,16.7,False,False,True,70.81379577601241
958,000633.SZ,合金投资,0.15,27.499999999999993,1.218633777826694,1.8124730566325846,0.7488020019549453,0.8872442733018439,385106373.0,5.15,5.21,5.11,5.14,6192920.0,31924361.0,5.15,-0.1941747572815622,10.0,5.67,False,False,True,70.80604534005037
959,000159.SZ,国际实业,0.15915915915915896,24.897959183673457,1.30915304171074,1.9103225681987808,0.7122990823126032,1.075469096928644,480668493.0,5.47,5.49,5.4,5.43,9875300.0,53731801.0,5.43,0.0,10.0,5.97,False,False,True,70.77310598721178
960,300712.SZ,永福股份,0.09645909645909637,28.52512155591571,1.9167812638831427,0.9077806893123704,0.7367555310239321,1.5455933472934225,186740010.0,20.25,20.92,20.12,20.87,2620074.0,54092064.0,20.09,3.882528621204595,20.0,24.11,False,False,True,70.7459794613447
961,600028.SH,中国石化,0.20285714285714285,27.539503386004526,1.4579188810389092,0.2578684275662225,1.0087503403378446,0.7463886978976296,94648218325.0,5.13,5.17,5.1,5.16,182346512.0,936663059.0,5.14,0.3891050583657574,10.0,5.65,False,False,True,70.7440418523542
962,300520.SZ,科大国创,0.03878437047756874,37.66296475132786,1.2316248925578126,2.1545554702947824,0.5706121528371295,1.3083076354202976,282219160.0,22.3,23.01,22.28,22.72,7955254.0,181056553.0,22.05,3.038548752834469,20.0,26.46,False,False,True,70.72854098043015
963,688314.SH,康拓医疗,0.08225108225108221,38.657573582196704,1.6407579303901343,0.904373364659729,0.5831955248211347,0.8551465418337935,81628272.0,30.33,30.76,30.16,30.21,631290.0,19202322.0,30.33,-0.39564787339266827,20.0,36.4,False,False,True,70.72272815345863
964,600860.SH,京城股份,0.1041445270988311,31.520223152022318,1.2164618254622772,1.4585651982943464,0.8963563223704042,1.485687050186205,444040788.0,8.16,8.3,8.06,8.07,9622237.0,78179162.0,8.15,-0.9815950920245453,10.0,8.97,False,False,True,70.71691532648711
965,000860.SZ,顺鑫农业,0.09924812030075189,19.599578503688075,1.6815450729811876,1.3184062643693577,1.1365982151013472,0.720261693886073,741766989.0,10.23,10.3,10.13,10.19,7043801.0,72024348.0,10.15,0.39408866995072067,10.0,11.17,False,False,True,70.68397597364853
966,002933.SZ,新兴装备,0.26075446724023826,22.848537005163514,1.1197766278862475,1.2535096671457144,0.9004369507773613,1.3599438824381165,116894276.0,27.21,27.77,27.12,27.43,1992700.0,54843026.0,27.18,0.919793966151583,10.0,29.9,False,False,True,70.66459988374346
967,300181.SZ,佐力药业,0.1358024691358023,22.775510204081616,1.2163680894833067,1.9642736025171155,0.957161406379069,0.5400318219681358,602498419.0,12.93,13.0,12.89,12.96,6391124.0,84988017.0,12.86,0.7776049766718529,20.0,15.43,False,False,True,70.65878705677194
968,601828.SH,美凯龙,0.08403361344537823,15.346534653465337,1.6808533574363653,1.4566016453518162,1.578182827883709,0.8200735377279678,3612402239.0,2.11,2.16,2.11,2.15,43150884.0,92266468.0,2.12,1.4150943396226356,10.0,2.33,False,False,True,70.65103662080992
969,600386.SH,北巴传媒,0.2583732057416268,23.666666666666657,1.2824912798295625,0.9625844618055494,0.8807829970330534,1.0299593504801057,806400000.0,3.56,3.58,3.48,3.48,7994834.0,28170970.0,3.54,-1.6949152542372947,10.0,3.89,False,False,True,70.64909901181943
970,300858.SZ,科拓生物,0.08940158615717377,27.265745007680508,1.758761174051001,1.6539843598363972,0.5609898164465168,0.641650230431614,195740152.00000003,14.27,14.53,14.26,14.35,2077350.0,29844639.0,14.26,0.6311360448807868,20.0,17.11,False,False,True,70.64328618484791
971,300783.SZ,三只松鼠,0.11483253588516755,22.018348623853214,1.357494234790016,1.990952642763151,0.9275400853525259,0.6967964217844348,280282400.0,16.52,16.76,16.46,16.65,3888326.0,64881670.0,16.46,1.154313487241776,20.0,19.75,False,False,True,70.59678356907577
972,000058.SZ,深 赛 格,0.16927899686520378,26.700680272108855,1.3931075358150502,0.7791489243519809,1.0856383287680904,0.5998040686545624,984739279.0,6.97,7.09,6.95,7.03,4602048.0,32338550.0,6.96,1.0057471264367956,10.0,7.66,False,False,True,70.56190660724666
973,300796.SZ,贝斯美,0.1725490196078431,22.613065326633187,1.5230901972984425,1.1850554701813905,0.8729467585022892,0.8049581168217796,360418057.0,6.86,6.95,6.76,6.8,3438100.0,23557427.0,6.85,-0.7299270072992692,20.0,8.22,False,False,True,70.55221856229413
974,688520.SH,神州细胞,0.05981035740335523,38.91547049441784,1.7246543834598167,0.520053395043897,0.7659532986744714,1.0099074540038822,445335714.0,33.01,33.96,33.01,33.71,2338929.0,78287905.0,32.99,2.182479539254323,20.0,39.59,False,False,True,70.53865529936058
975,688050.SH,爱博医疗,0.05886663409868108,27.618506954300326,1.7918762190071942,1.1478316006956912,0.8730954878874556,0.8813472192281229,193437735.0,37.68,38.26,37.66,37.68,1956890.0,74117671.0,37.64,0.10626992561104665,20.0,45.17,False,False,True,70.52509203642705
976,300036.SZ,超图软件,0.0023474178403755375,22.791164658634532,1.7345314232731852,2.0834604933812124,0.8837424911045527,0.733928799021778,445052653.0,10.07,10.19,10.05,10.12,6805352.0,68894934.0,9.99,1.301301301301283,20.0,11.99,False,False,True,70.51540399147451
977,301103.SZ,何氏眼科,0.1541401273885351,26.689655172413794,1.3823083394935476,1.3199249539699562,0.8415779949918566,1.1191067152849619,121633616.0,15.71,16.09,15.71,15.81,1796695.0,28635966.0,15.71,0.6365372374283806,20.0,18.85,False,False,True,70.50184072854098
978,002869.SZ,金溢科技,0.11490031479538296,34.60076045627376,1.2145150595776184,1.44472955678554,0.773179465260798,0.6712498993939173,158455279.0,15.56,15.65,15.36,15.49,1536659.0,23813268.0,15.34,0.9778357235984414,10.0,16.87,False,False,True,70.4708389846929
979,300203.SZ,聚光科技,0.16174734356552548,35.53943789664551,1.2310788586672994,1.2410728763799777,0.6386984570050335,2.2281562428389137,448368525.0,12.5,12.93,12.44,12.76,12398754.0,157753759.0,12.4,2.9032258064516148,20.0,14.88,False,False,True,70.46308854873087
980,688588.SH,凌志软件,0.04210526315789478,24.301336573511545,1.9572180979637288,1.0286884231530804,1.0431810540893107,0.6870359960595592,390010003.0,8.75,8.94,8.73,8.78,2756380.0,24367795.0,8.71,0.8036739380022695,20.0,10.45,False,False,True,70.45921333074986
981,300848.SZ,美瑞新材,0.018834080717488863,38.50467289719628,1.5247141799818436,1.2482694150886058,0.7336231929485449,0.8526796425516503,253122512.0,10.9,11.29,10.9,11.08,2694170.0,29969398.0,10.91,1.5582034830430747,20.0,13.09,False,False,True,70.4088354969967
982,301153.SZ,中科江南,0.12808273667462206,27.67336357744654,1.587998014102266,1.171706974625536,0.8065364643958455,0.7272440735349208,331752348.0,17.13,17.41,17.03,17.03,2826918.0,48581878.0,17.04,-0.05868544600937664,20.0,20.45,False,False,True,70.39333462507265
983,300768.SZ,迪普科技,0.10850202429149797,35.64885496183206,1.0921799750368124,1.3561592397088054,0.9095567944986377,1.2708151112895227,420667034.0,14.51,14.98,14.51,14.82,7249892.0,107461774.0,14.44,2.6315789473684292,20.0,17.33,False,False,True,70.37783375314861
984,600126.SH,杭钢股份,0.1049913941480207,36.36363636363635,1.4411866215353382,1.2761718796542676,0.6122382525776536,0.6420731712664975,3377189083.0,6.16,6.22,6.13,6.18,27672543.0,170872565.0,6.11,1.1456628477904962,10.0,6.72,False,False,True,70.37492733966286
985,002310.SZ,东方新能,0.14622641509433953,39.69849246231154,0.9855131682119851,1.6362974673144615,0.5137269931557099,1.1340944667038855,4399009452.0,2.3,2.33,2.27,2.3,81633118.0,187672630.0,2.3,0.0,10.0,2.53,False,False,True,70.37008331718658
986,600535.SH,天士力,0.31137724550898194,25.891472868217047,0.7542239375335746,0.8463398144303979,1.138504833621256,0.8263973304362722,1493950005.0,13.95,14.02,13.83,13.86,10448880.0,145321696.0,13.94,-0.5738880918220945,10.0,15.33,False,False,True,70.32939352838598
987,603817.SH,海峡环保,0.1495535714285714,20.599999999999994,1.3740617171451954,1.6858402608251184,0.9968940112959188,1.1913906951427218,570084039.0,5.67,5.83,5.66,5.74,11450106.0,66118006.0,5.67,1.2345679012345734,10.0,6.24,False,False,True,70.31195504747143
988,000822.SZ,山东海化,0.11956521739130423,24.54308093994777,1.5004045636890866,1.5509338813988975,0.8761048519924587,0.5279291236511554,895091926.0,4.27,4.31,4.24,4.26,7328862.0,31295950.0,4.27,-0.23419203747072626,10.0,4.7,False,False,True,70.3042046115094
989,301100.SZ,风光股份,0.13047138047138038,32.96460176991152,1.3985201157569134,1.2055942948595082,0.7334703449174347,0.8763305811747945,88727000.0,15.13,15.4,15.01,15.11,937400.0,14245706.0,15.11,0.0,20.0,18.13,False,False,True,70.29451656655688
990,600854.SH,春兰股份,0.2803347280334729,23.85786802030456,1.134202996404572,1.2698615899927652,0.8148872665303045,0.7122668168110886,519458538.0,4.61,4.67,4.57,4.61,4698400.0,21706222.0,4.61,0.0,10.0,5.07,False,False,True,70.26157721371828
991,000785.SZ,居然智家,0.15760869565217406,24.870466321243544,1.5066801459527475,0.8804589669493466,1.0720749030402328,1.212725946400014,6176865685.000001,2.22,2.29,2.2,2.23,65953819.0,148676350.0,2.22,0.45045045045044585,10.0,2.44,False,False,True,70.23057546987019
992,605555.SH,德昌股份,0.15454545454545449,35.412667946257194,1.3041864701390697,0.9290438921687658,0.7781196060206326,1.4017670073661275,484069040.0,12.13,12.54,12.01,12.49,6304046.0,77794175.0,11.95,4.51882845188285,10.0,13.15,False,False,True,70.23057546987017
993,000548.SZ,湖南投资,0.2946859903381642,20.151133501259434,1.2978473175159333,1.1493407006694294,0.8333839399065522,0.6728665479603684,499215811.00000006,4.6,4.63,4.54,4.57,3860700.0,17682082.0,4.58,-0.21834061135370675,10.0,5.04,False,False,True,70.22282503390815
994,300188.SZ,国投智能,0.12009237875288692,37.06140350877194,1.195938050264299,1.1142492911730968,0.8549097815551558,1.0292289165241297,855508590.0,10.2,10.52,10.17,10.28,9811123.0,101437416.0,10.16,1.1811023622047223,20.0,12.19,False,False,True,70.22088742491765
995,603968.SH,醋化股份,0.19209659714599342,30.555555555555536,1.330422062725352,1.1700453345070372,0.6837761166516385,0.9243853533322574,204480000.0,10.39,10.49,10.24,10.31,2211600.0,22853915.0,10.39,-0.7699711260827691,10.0,11.43,False,False,True,70.19376089905057
996,600031.SH,三一重工,0.20557029177718844,26.15012106537531,1.554602682736661,0.7893811366709403,0.8214145119259891,1.2283830870803232,8474390037.0,18.07,18.12,17.85,17.89,82172977.0,1474424216.0,18.07,-0.9961261759822926,10.0,19.88,False,False,True,70.14532067428793
997,002252.SZ,上海莱士,0.26470588235294135,27.751196172248815,1.2038085188693526,0.607089878900225,0.9764049830924123,0.9224779189655985,6588232260.0,4.9,4.99,4.89,4.93,36895973.0,182573100.0,4.9,0.6122448979591688,10.0,5.39,False,False,True,70.0678163146677
998,600658.SH,电子城,0.1574074074074075,24.64589235127481,1.5828050469397632,1.0597642265099245,0.9075705009755471,0.7262637532524255,1118585045.0,4.04,4.1,4.02,4.07,8609395.0,35011122.0,4.04,0.7425742574257432,10.0,4.44,False,False,True,70.05619066072467
999,002066.SZ,瑞泰科技,0.3954512105649302,25.080558539205143,1.1206472177557045,1.1769808225108167,0.5756077613583436,0.6799626765334754,231000000.0,20.07,20.11,19.89,20.0,1848700.0,36919478.0,19.99,0.05002501250626068,10.0,21.99,False,False,True,70.03681457081962
1000,600640.SH,国脉文化,0.2037572254335261,21.047120418848152,1.5304817200209468,0.8924624396441505,1.0470331928405756,3.38005200912804,791551340.0,11.0,12.06,10.93,12.06,23877696.0,282017303.0,10.96,10.036496350364965,10.0,12.06,True,False,True,70.02131369889557
1001,601601.SH,中国太保,0.24279835390946494,28.57142857142858,1.2917979836923414,0.6039746672359589,0.9335104649601619,0.7468464209553174,6845041455.0,31.85,32.49,31.72,32.08,30876361.0,992090642.0,31.88,0.6273525721455453,10.0,35.07,False,False,True,70.00871924045727
1002,600782.SH,新钢股份,0.15254237288135597,25.311203319502074,1.3898430622971574,1.2493767361560815,0.9856166533281758,0.9220798820898564,3145652149.0,2.68,2.7,2.67,2.68,36238704.0,97292923.0,2.68,0.0,10.0,2.95,False,False,True,70.00387521798102
1003,000605.SZ,渤海股份,0.2795275590551181,20.662768031189096,1.420477956139449,1.0955215469011625,0.7943585434772642,0.7888028188891592,352658600.0,5.85,5.88,5.77,5.78,3047501.0,17754069.0,5.84,-1.0273972602739656,10.0,6.42,False,False,True,69.99031195504747
1004,601022.SH,宁波远洋,0.26075949367088586,21.900826446280995,1.2382405254216011,0.7237686373958685,1.3623418915906134,1.3115771856358653,1308633334.0,8.22,8.49,8.16,8.47,12422574.0,104952896.0,8.29,2.1712907117008573,10.0,9.12,False,False,True,69.99031195504746
1005,002216.SZ,三全食品,0.30660377358490537,24.26404995539695,1.196808500703645,0.9806137229402259,0.8519380413752887,0.7586928816692786,630502389.0,11.41,11.75,11.41,11.66,4690841.0,54545290.0,11.44,1.9230769230769384,10.0,12.58,False,False,True,69.98449912807595
1006,301609.SZ,山大电力,0.07851239669421495,34.00069036934761,1.1788572362798717,2.0196603374336766,0.7716182472166891,0.811289485708481,98165660.0,31.65,32.2,31.49,31.97,1608473.0,51409999.0,31.44,1.6857506361322994,20.0,37.73,False,False,True,69.91086998643674
1007,600626.SH,申达股份,0.22463768115942034,22.077922077922075,1.6119269913283634,0.7811824009432046,0.9142924782446875,1.09641796374985,1320744667.0,3.72,3.75,3.65,3.68,11312210.0,41704940.0,3.7,-0.5405405405405461,10.0,4.07,False,False,True,69.87986824258864
1008,002732.SZ,燕塘乳业,0.20680958385876422,23.896752706078274,1.3939366207689545,1.0101585937860336,0.9650737226277372,0.763906694469845,157062585.0,13.71,13.85,13.64,13.66,1212000.0,16642362.0,13.65,0.073260073260073,10.0,15.02,False,False,True,69.8624297616741
1009,300750.SZ,宁德时代,0.03153635606331079,36.628762541806005,1.7240951852047395,0.7202773736365154,0.916967055342903,1.2406881161856207,4260601929.0,309.77,310.0,300.27,301.95,38071252.0,11537664648.0,304.3,-0.7722642129477597,20.0,365.16,False,False,True,69.8624297616741
1010,600138.SH,中青旅,0.1513002364066195,21.41732283464568,1.2154573414478502,1.6353120302829305,1.376321403900916,0.7637674633358167,723840000.0,7.01,7.22,6.94,7.05,9040748.0,64195176.0,6.99,0.8583690987124415,10.0,7.69,False,False,True,69.77911257508234
1011,000789.SZ,万年青,0.15315315315315328,21.715817694369967,1.4176772698191573,1.0196661806472966,1.9711358906387688,0.5598008147620517,797420215.0,4.07,4.09,4.05,4.05,4551754.0,18521482.0,4.07,-0.49140049140050657,10.0,4.48,False,False,True,69.77523735710133
1012,300242.SZ,佳云科技,0.06369426751592364,35.30997304582208,1.2629438971098277,2.1965015136169166,0.6327979577044847,0.8466561666005704,634554878.0,3.91,3.95,3.86,3.88,11800700.0,46013445.0,3.91,-0.7672634271099765,20.0,4.69,False,False,True,69.74423561325324
1013,002985.SZ,北摩高科,0.1691777873439519,26.547921967769295,1.221762370909813,1.4760166456760588,0.9263341743943513,0.6109877815808566,331021941.0,27.6,27.85,27.33,27.41,2985249.0,82271281.0,27.51,-0.36350418029807985,10.0,30.26,False,False,True,69.71710908738616
1014,688326.SH,经纬恒润-W,0.01595893607092861,32.390837508947754,1.6216799908067725,1.3260984214966614,0.9067620104463033,0.6200733632147943,111623521.0,58.07,58.75,57.64,58.44,917856.0,53382261.0,57.59,1.475950685882954,20.0,69.11,False,False,True,69.68804495252857
1015,601318.SH,中国平安,0.2895260852250101,25.78125,1.2114659019216663,0.69333466704501,0.9863975660846153,0.8275841242123813,10660065083.000002,53.32,53.8,53.03,53.37,61166682.0,3266258427.0,53.35,0.03748828491094702,10.0,58.69,False,False,True,69.68610734353807
1016,601136.SH,首创证券,0.08550573514077167,22.85927029039465,1.7432556063522582,0.8678015323265617,2.2166454237364164,0.5172691487910457,2733333800.0,14.06,14.25,14.04,14.21,12269579.0,173644812.0,14.0,1.5000000000000124,10.0,15.4,False,False,True,69.6647936446425
1017,688007.SH,光峰科技,0.03415409054805399,37.65306122448979,1.7545013961865876,0.9774956089124289,0.7341972027042939,1.8281475710502626,459615635.0,10.27,10.52,10.27,10.36,8213360.0,85390059.0,10.23,1.2707722385141729,20.0,12.28,False,False,True,69.64929277271847
1018,002005.SZ,德豪润达,0.2702702702702701,26.88679245283019,1.1550388405030858,0.7839775308072245,0.9939778122727223,4.6984059469192685,1751993158.0,2.45,2.66,2.41,2.66,64533699.0,168037975.0,2.42,9.917355371900838,10.0,2.66,True,False,True,69.64735516372795
1019,603085.SH,天成自控,0.19645732689210957,33.48676639815879,1.1360851017848035,1.2641353815159877,0.7285093172298984,0.8885380882290133,397100000.0,9.92,10.04,9.85,9.9,4460356.0,44349083.0,9.91,-0.10090817356205317,10.0,10.9,False,False,True,69.60666537492733
1020,601099.SH,太平洋,0.17073170731707307,11.890243902439025,1.2772657788108168,2.0052283833474656,1.3334088137862452,0.7639415371544225,6816316370.0,3.41,3.48,3.41,3.47,104417600.0,359951293.0,3.4,2.0588235294117796,10.0,3.74,False,False,True,69.58728928502228
1021,002783.SZ,凯龙股份,0.23851203501094087,24.474474474474462,0.978163230527389,1.72216661493065,0.8925670588949346,0.6383813047604077,461116586.0,7.8,7.87,7.69,7.76,5069511.0,39411256.0,7.75,0.1290322580645098,10.0,8.53,False,False,True,69.5582251501647
1022,603017.SH,中衡设计,0.19105691056910568,32.40152477763658,1.1909580800992288,1.6254501746735848,0.5787409245729671,0.7976458699144703,276190293.0,9.79,9.89,9.75,9.8,3580900.0,35227692.0,9.75,0.512820512820511,10.0,10.73,False,False,True,69.48265839953498
1023,603317.SH,天味食品,0.3106960950764008,21.920000000000005,1.4626115761712373,0.843005859970918,0.8038229154700838,0.6005194266298967,1062077113.0,12.79,12.89,12.65,12.8,5376674.0,68887694.0,12.66,1.1058451816745807,10.0,13.93,False,False,True,69.40709164890525
1024,002159.SZ,三特索道,0.12267250821467682,19.751037344398338,1.319001377863625,2.4572668879310493,0.9631945995287324,0.8275955860706756,138486813.0,13.17,13.44,13.11,13.2,2816300.0,37399936.0,13.17,0.227790432801811,10.0,14.49,False,False,True,69.38384034101918
1025,600037.SH,歌华有线,0.3536585365853658,20.32786885245903,0.9886321760278693,1.1519058920467755,1.040545483185996,0.7295939265161304,1391777884.0,6.97,7.04,6.93,6.96,11696829.0,81636697.0,6.97,-0.1434720229555153,10.0,7.67,False,False,True,69.38190273202868
1026,300775.SZ,三角防务,0.06485771012574457,24.920466595970314,1.5255743589287323,2.3790541509984777,0.7805796197007897,0.6556083702287755,531643401.0,20.99,21.34,20.89,21.06,8292190.0,175061278.0,20.82,1.1527377521613813,20.0,24.98,False,False,True,69.36640186010462
1027,300355.SZ,蒙草生态,0.07692307692307697,22.222222222222232,1.641704912950619,1.567898983321976,1.1144927536559537,0.5826360456074877,1572051300.0,2.77,2.8,2.76,2.78,14360916.0,39965934.0,2.77,0.3610108303248927,20.0,3.32,False,False,True,69.33927533423757
1028,300532.SZ,今天国际,0.2474226804123711,25.9567387687188,1.1220739425675956,1.2808237387213475,0.8978149074550029,0.524843053126227,604581510.0,6.97,7.06,6.97,7.01,4064187.0,28517489.0,6.97,0.5738880918221057,20.0,8.36,False,False,True,69.31408641736098
1029,002392.SZ,北京利尔,0.24536082474226814,38.33075734157649,0.9875343170842305,1.0067191530106894,0.6421984346615414,0.859640746624259,1157546046.0,7.67,7.81,7.66,7.79,10017598.0,77662487.0,7.62,2.2309711286089273,10.0,8.38,False,False,True,69.28695989149391
1030,600906.SH,财达证券,0.17592592592592587,30.161290322580637,1.1102602099928274,1.504946357275587,0.8650537301911554,1.2123307634102736,2124234950.0,6.33,6.49,6.32,6.46,38756513.0,249124695.0,6.29,2.7027027027026973,10.0,6.92,False,False,True,69.28114706452239
1031,603108.SH,润达医疗,0.04722452361226183,31.60919540229885,1.527913420536846,2.0286402538532347,0.6863706102052808,1.361844749745165,604603824.0,9.35,9.79,9.31,9.6,16703348.0,160143037.0,9.27,3.5598705501618033,10.0,10.2,False,False,True,69.2578957566363
1032,000546.SZ,金圆股份,0.1447368421052632,38.42105263157896,1.2491790024880394,1.5293404812020266,0.4317856542012795,0.7543129009988484,696705206.0,4.48,4.56,4.47,4.49,8037200.0,36187345.0,4.46,0.672645739910327,10.0,4.91,False,False,True,69.25305173416005
1033,300239.SZ,东宝生物,0.1880341880341882,22.42152466367713,1.5494852582117615,1.340130455914762,0.826055476008821,0.8447412272814123,589777015.0,4.9,4.98,4.9,4.91,6676650.0,32980371.0,4.9,0.20408163265306367,20.0,5.88,False,False,True,69.24820771168378
1034,600771.SH,广誉远,0.1371069182389937,28.75502008032129,1.3571050745338347,1.3234015097323237,0.9275211819359163,0.9178415186331461,489491141.0,13.55,13.92,13.51,13.72,5945716.0,81805297.0,13.54,1.3293943870014813,10.0,14.89,False,False,True,69.23658205774075
1035,002262.SZ,恩华药业,0.35037174721189596,30.17817371937639,1.1205167997586358,0.8221870238985369,0.7040709418205233,0.7630994456995623,883776305.0,21.63,21.85,21.47,21.49,5544905.0,119889779.0,21.73,-1.1044638748274327,10.0,23.9,False,False,True,69.22689401278821
1036,600104.SH,上汽集团,0.20496894409937874,29.098805646036908,1.271960107618646,0.5118096494802055,1.3210495737756054,0.7983203470507019,11495277504.0,11.16,11.22,11.04,11.1,46968331.0,522588496.0,11.19,-0.8042895442359255,10.0,12.31,False,False,True,69.19589226894013
1037,300001.SZ,特锐德,0.38070588235294117,32.35887096774193,0.9057598962999387,1.1121183818190026,0.4737698295456975,0.8002368146252895,1031173748.0,32.25,32.5,32.03,32.5,9177014.0,296491222.0,31.84,2.072864321608048,20.0,38.21,False,False,True,69.1823290060066
1038,600675.SH,中华企业,0.19008264462809915,21.999999999999996,1.6021095553663287,0.6456113171972885,1.3605011580082116,1.300827264007849,6046135331.0,2.23,2.33,2.21,2.31,50777186.0,115158008.0,2.23,3.587443946188351,10.0,2.45,False,False,True,69.15810889362525
1039,300143.SZ,盈康生命,0.18494623655913964,32.656249999999986,1.4889644057368052,0.8856678127279595,0.7040929902362516,0.8488996966303919,832252459.0,7.35,7.45,7.23,7.27,6257233.0,45830952.0,7.26,0.13774104683195176,20.0,8.71,False,False,True,69.13776399922496
1040,605500.SH,森林包装,0.21296296296296294,29.32203389830508,1.332416371881537,0.9815135617760564,0.8318923777822093,1.0783683461850568,414400000.0,7.27,7.42,7.24,7.37,4386147.0,32281522.0,7.28,1.2362637362637319,10.0,8.01,False,False,True,69.12226312730091
1041,301632.SZ,广东建科,0.012067156348373487,28.95357985837923,1.2713383139315293,1.9489316014960856,1.4273191875582203,0.8555128393836734,183812500.0,12.97,13.21,12.95,13.21,3064772.0,40177775.0,12.94,2.086553323029383,20.0,15.53,False,False,True,69.09319899244332
1042,688687.SH,凯因科技,0.154800783801437,31.279945242984255,1.2299774015481553,1.4089002272329152,0.8520068501958323,1.0970840063927785,170944422.0,16.95,17.8,16.95,17.22,2642257.0,46085428.0,16.98,1.4134275618374437,20.0,20.38,False,False,True,69.09126138345282
1043,688013.SH,天臣医疗,0.025634705447374888,28.706774040739003,1.8001124851322576,1.3953018645663335,0.9015161599531236,1.0956284790000685,81155600.0,22.03,22.81,22.03,22.43,1240652.0,28015197.0,22.15,1.2641083521444774,20.0,26.58,False,False,True,69.07963572950977
1044,600576.SH,祥源文旅,0.049411764705882356,23.091603053435115,1.462790522532521,2.091708961959075,1.17794241321041,0.6213224150477724,660390083.0,5.41,5.47,5.36,5.39,8582599.0,46450920.0,5.41,-0.3696857670979714,10.0,5.95,False,False,True,69.06219724859523
1045,603444.SH,吉比特,0.13288766712482825,23.78942140551279,1.492321626691393,2.03764743961922,0.7753087687988564,1.2064904534993561,72041101.0,352.05,358.05,345.15,347.71,1771060.0,617458520.0,352.06,-1.2355848434925876,10.0,387.27,False,False,True,69.02732028676613
1046,301170.SZ,锡南科技,0.2137531068765533,22.767165720185844,1.10371068206779,2.2811962511569535,0.7875108154030416,0.9683327978288682,38003725.0,21.96,22.5,21.96,22.4,839486.0,18667076.0,21.95,2.0501138952163878,20.0,26.34,False,False,True,68.99825615190855
1047,600505.SH,西昌电力,0.10884353741496611,24.82482482482482,1.3960013801111792,2.441777791492654,0.7733810765191681,1.2199046875040809,364567500.0,10.53,10.85,10.5,10.65,10859504.0,116221550.0,10.63,0.18814675446847673,10.0,11.69,False,False,True,68.99050571594653
1048,300253.SZ,卫宁健康,0.022869022869022933,27.51159196290571,1.7108654715322023,2.211441919388341,0.731430285504612,0.9378143265587219,1854621369.0,6.74,6.9,6.73,6.76,38463399.0,262008840.0,6.69,1.0463378176382543,20.0,8.03,False,False,True,68.89750048440224
1049,300275.SZ,梅安森,0.21973684210526315,29.84869325997248,1.0242331754510814,1.688902383499726,0.7565417979901322,1.0268241197205774,271461453.0,8.95,9.09,8.87,8.96,4707700.0,42317501.0,8.94,0.22371364653246406,20.0,10.73,False,False,True,68.85681069560162
1050,603658.SH,安图生物,0.3658088235294114,25.940383250532296,1.0397731130646934,0.4869462711143755,1.1631986114513462,0.6769482869484752,571424768.0,32.17,32.49,31.97,32.17,1883630.0,60711982.0,32.16,0.031094527363206836,10.0,35.38,False,False,True,68.85487308661112
1051,000425.SZ,徐工机械,0.061338289962825296,29.680998613037435,1.5094531409803236,1.359942914981788,1.0611248411776815,0.9684300864947474,8998084894.0,7.56,7.59,7.41,7.45,118505645.0,884547928.0,7.54,-1.1936339522546358,10.0,8.29,False,False,True,68.82774656074405
1052,603677.SH,奇精机械,0.19999999999999984,19.538334707337167,1.8625783287282558,0.8977579617827735,0.9093292663686564,1.601768352548069,192600865.0,14.01,14.45,13.95,14.16,2769601.0,39351761.0,13.95,1.505376344086029,10.0,15.35,False,False,True,68.816120906801
1053,600796.SH,钱江生化,0.2065217391304346,22.098214285714278,1.3150985370340003,1.772315337606512,0.8406367609393273,0.8630612902351624,311477889.0,5.04,5.1,5.0,5.01,4764418.0,24028827.0,5.05,-0.7920792079207928,10.0,5.56,False,False,True,68.79674481689595
1054,600579.SH,中化装备,0.19943820224719103,30.29366306027821,1.1079584118835142,1.1647234420075057,0.988046640140404,1.4050238875020737,493600759.00000006,7.08,7.21,7.03,7.17,8077600.0,57722145.0,7.08,1.2711864406779627,10.0,7.79,False,False,True,68.79480720790544
1055,301229.SZ,纽泰格,0.06187500000000001,26.190476190476186,1.3568803996087673,2.149526780270214,1.0316651000063854,1.025092823764035,129280641.0,11.52,11.66,11.38,11.42,2848653.0,32722837.0,11.49,-0.6092254134029584,20.0,13.79,False,False,True,68.76186785506685
1056,600486.SH,扬农化工,0.09532105525136882,23.145277949989662,1.7826653027250507,1.3666732854598271,0.9889939592806793,0.4308092399234683,404111938.0,52.51,52.95,52.25,52.4,2379312.0,125150934.0,52.22,0.3446955189582601,10.0,57.44,False,False,True,68.75799263708583
1057,002615.SZ,哈尔斯,0.021390374331550815,36.63366336633662,1.2602245060033401,2.3845327447989577,0.7218081606866653,1.2138757736927313,302216957.0,6.15,6.45,6.14,6.25,8747750.0,54962082.0,6.14,1.791530944625408,10.0,6.75,False,False,True,68.75217981011431
1058,301175.SZ,中科环保,0.296774193548387,22.033898305084755,0.8615707726490329,2.1545362690551184,0.7748426445978173,0.7431717935732407,621880000.0,5.64,5.71,5.63,5.65,9957484.0,56294587.0,5.64,0.17730496453902678,20.0,6.77,False,False,True,68.73861654718077
1059,002073.SZ,软控股份,0.18390804597701146,25.458248472505083,0.9532160736717958,1.8142864873255928,1.113330856978368,0.44604480100158617,1014137353.0,5.7,5.75,5.69,5.72,8206554.0,46905762.0,5.71,0.17513134851137035,10.0,6.28,False,False,True,68.69598914938966
1060,300525.SZ,博思软件,0.04740904079382577,37.361111111111114,1.3510338413264504,1.7940592175724395,0.7515094311111088,0.8070512222658361,615394865.0,7.67,7.81,7.66,7.72,8910288.0,69027280.0,7.63,1.1795543905635641,20.0,9.16,False,False,True,68.66304979655106
1061,300824.SZ,北鼎股份,0.11111111111111113,24.52554744525548,1.636711133024394,1.3117290039405805,1.056373287274356,1.003669277785821,318968151.0,7.56,7.77,7.56,7.63,4199350.0,32192336.0,7.55,1.059602649006619,20.0,9.06,False,False,True,68.63398566169347
1062,600153.SH,建发股份,0.22088353413654646,21.09375000000002,1.4931470821111101,0.8673022881977841,1.2440692666348703,0.7248980806015352,2899538551.0,8.23,8.39,8.2,8.37,18229566.0,151292599.0,8.23,1.7010935601457833,10.0,9.05,False,False,True,68.62623522573145
1063,000503.SZ,国新健康,0.09457364341085277,28.407224958949094,1.6839621151523194,1.2454756796228437,0.9170137026790051,0.7044844718549939,979235472.0,6.73,6.83,6.68,6.7,8591991.0,57942731.0,6.7,0.0,10.0,7.37,False,False,True,68.62042239875993
1064,603693.SH,江苏新能,0.16304347826086957,23.17518248175181,1.7913463496355717,1.2681084428218015,0.7829893511633765,1.4488520617674088,891475880.0,12.43,12.61,12.34,12.44,16379100.0,203909931.0,12.46,-0.16051364365972098,10.0,13.71,False,False,True,68.6107343538074
1065,600615.SH,鑫源智造,0.253731343283582,31.57216494845363,1.2869283758484173,0.9070859323897184,0.7408539362099408,0.6213795325451384,225266050.0,9.34,9.42,9.16,9.31,1269700.0,11875083.0,9.29,0.21528525296019563,10.0,10.22,False,False,True,68.5758573919783
1066,605108.SH,同庆楼,0.05366207396664238,25.456204379562042,1.6852698293999697,1.3570259423076885,1.2641081583254274,0.7975662389198982,260000000.0,11.76,12.02,11.65,11.89,2814027.0,33484980.0,11.7,1.6239316239316404,10.0,12.87,False,False,True,68.56616934702578
1067,002468.SZ,申通快递,0.372340425531915,31.150038080731136,1.1060909543909898,0.9170258271630399,0.6302518052001804,1.9183430421836465,1476289631.0,15.16,15.17,14.56,14.9,25970446.0,387116653.0,15.21,-2.0381328073635796,10.0,16.73,False,False,True,68.56423173803526
1068,300210.SZ,森远股份,0.05646630236794179,31.444759206798857,1.9286231675707857,1.4988640709731307,0.5994682689713053,0.9450110280680276,484219953.0,7.38,7.51,7.32,7.42,6858700.0,50857528.0,7.37,0.6784260515603879,20.0,8.84,False,False,True,68.55454369308273
1069,301009.SZ,可靠股份,0.12288135593220342,23.15521628498727,1.50463619549912,1.8107705783323276,0.9458347909013174,1.0460379717655635,151035028.0,8.77,8.96,8.7,8.75,2860807.0,25305402.0,8.73,0.22909507445589838,20.0,10.48,False,False,True,68.50029064134857
1070,002658.SZ,雪迪龙,0.13347022587268983,28.101644245142012,1.5902248396388619,1.7004034255509652,0.6767328700924448,0.6107268065911834,358657748.99999994,7.39,7.45,7.36,7.36,3724596.0,27539165.0,7.34,0.2724795640327127,10.0,8.07,False,False,True,68.4731641154815
1071,002799.SZ,环球印务,0.2281879194630873,25.92592592592593,1.1384711438668742,1.5001335475593616,0.908498583783833,0.9165716788068663,320035800.0,6.71,6.82,6.65,6.66,4400428.0,29659424.0,6.69,-0.4484304932735439,10.0,7.36,False,False,True,68.47025770199572
1072,300370.SZ,安控科技,0.17518248175182483,23.809523809523814,1.6430734231013555,1.2492365357092976,0.8553656787335828,1.152065484860543,1561476109.0,2.13,2.15,2.09,2.09,22472800.0,47572393.0,2.13,-1.8779342723004744,20.0,2.56,False,False,True,68.40341019182328
1073,000619.SZ,海螺新材,0.19733924611973386,27.764127764127757,1.3122993520471975,1.521296374999995,0.767030359484889,1.2131283608545886,360000000.0,4.99,5.04,4.94,4.98,6643900.0,33248048.0,4.96,0.40322580645162365,10.0,5.46,False,False,True,68.36659562100368
1074,000409.SZ,云鼎科技,0.14437689969604864,24.35897435897436,1.5465805922408917,1.169154005365455,1.1399353972452682,0.9164488300594752,590473934.0,8.8,8.97,8.79,8.89,6326750.0,56290325.0,8.75,1.6000000000000014,10.0,9.63,False,False,True,68.34140670412712
1075,000718.SZ,苏宁环球,0.23529411764705882,27.710843373493987,1.2299305498914097,1.094990627643629,0.9283766671591145,1.1879493575053415,2282093122.0,1.95,2.01,1.94,2.01,29685317.0,58781433.0,1.94,3.6082474226803996,10.0,2.13,False,False,True,68.3394690951366
1076,300479.SZ,神思电子,0.17862838915470497,27.755102040816325,1.031212504265114,1.9609120808980405,0.9160515856518644,0.7089013881088062,196928365.0,14.65,14.79,14.47,14.51,2737488.0,39983628.0,14.49,0.13802622498273465,20.0,17.39,False,False,True,68.22515016469677
1077,002749.SZ,国光股份,0.20449438202247197,23.230974632843804,1.5069438166933493,0.7249585162152283,1.4339215114842454,0.6318960195274708,544316897.0,8.38,8.45,8.34,8.36,2493507.0,20897951.0,8.4,-0.4761904761904856,10.0,9.24,False,False,True,68.21739972873472
1078,002671.SZ,龙泉股份,0.1964912280701755,22.287390029325515,1.4243801602683317,1.7494415216845354,0.8256535432969773,0.9559054182747855,551396073.0,3.98,4.01,3.91,3.92,9221000.0,36453465.0,3.97,-1.2594458438287215,10.0,4.37,False,False,True,68.1960860298392
1079,300510.SZ,金冠股份,0.16593886462882093,24.242424242424242,1.1640484299790694,2.1799011253552343,0.9417302355184445,1.4394203700344606,824690700.0000001,3.35,3.47,3.34,3.45,25877096.0,88105453.0,3.35,2.9850746268656803,20.0,4.02,False,False,True,68.18446037589614
1080,301036.SZ,双乐股份,0.15816068721576548,35.14111787493084,1.3215005028568148,1.2895131083777236,0.7330093824211558,1.1955147385420841,69679408.0,21.4,21.75,21.2,21.31,1074200.0,23121960.0,21.2,0.5188679245283101,20.0,25.44,False,False,True,68.17477233094361
1081,600866.SH,星湖科技,0.032432432432432344,21.57360406091371,1.826517592354573,1.6517496879406828,1.2891306346272473,0.7306318762342178,1661472616.0,4.08,4.14,4.05,4.09,20051000.0,82237116.0,4.06,0.7389162561576512,10.0,4.47,False,False,True,68.15927145901956
1082,301168.SZ,通灵股份,0.3492537313432837,35.84239929432522,1.1278412756972096,0.8645860952763164,0.44474767443617624,0.7725110802735,95313336.0,40.06,40.74,40.0,40.43,636600.0,25721742.0,39.86,1.4300050175614754,20.0,47.83,False,False,True,68.13408254214299
1083,000726.SZ,鲁  泰Ａ,0.29838709677419356,17.041198501872667,1.227310825795271,1.216679171852643,1.2688250348983066,2.078139298126894,589288850.0,6.09,6.29,6.08,6.2,14899749.0,92688521.0,6.08,1.9736842105263275,10.0,6.69,False,False,True,68.13214493315249
1084,603829.SH,洛凯股份,0.13580246913580252,39.17525773195878,1.2029800379597755,1.5076116429715984,0.6753656325156324,0.8479186607735294,186266159.0,15.5,15.72,15.48,15.57,2381100.0,37115516.0,15.47,0.6464124111182912,10.0,17.02,False,False,True,68.10308079829491
1085,300847.SZ,中船汉光,0.14028776978417265,37.440000000000005,0.9353576812729114,1.1972872200263442,1.1439729262304659,0.6256754378606479,296010000.0,13.68,13.87,13.68,13.78,2217450.0,30607737.0,13.67,0.8046817849304944,20.0,16.4,False,False,True,68.05270296454177
1086,002763.SZ,汇洁股份,0.3438395415472777,21.020092735703244,1.2312765395249912,1.5484071423519623,0.7396605498092579,0.9074325244608639,303656388.0,7.21,7.32,7.18,7.24,4266600.0,30975213.0,7.18,0.8356545961002881,10.0,7.9,False,False,True,68.03332687463671
1087,002997.SZ,瑞鹄模具,0.13942589338019934,26.965829559489496,1.1888104366366599,1.9391911215925994,1.0167971248107193,0.8214014663769157,209321325.0,26.87,26.88,26.51,26.66,3334184.0,88870014.0,26.67,-0.037495313085866844,10.0,29.34,False,False,True,68.01201317574115
1088,600963.SH,岳阳林纸,0.128,24.315068493150683,1.5032150698391522,1.6551877916856763,0.9997202172981448,0.896995684261783,1757567854.0,3.4,3.47,3.37,3.39,26094545.0,89097699.0,3.4,-0.2941176470588225,10.0,3.74,False,False,True,67.99844991280759
1089,002599.SZ,盛通股份,0.13701431492842533,32.644628099173566,1.3056938618164753,1.7806665606989216,0.72803243998841,0.8576695069030026,413371086.0,5.52,5.59,5.45,5.49,6313100.0,34796039.0,5.51,-0.3629764065335661,10.0,6.06,False,False,True,67.96163534198797
1090,000553.SZ,安道麦A,0.22433460076045622,23.799999999999997,1.6681973888021613,0.48002417408378356,1.1312048194727307,0.5470584643562071,2177071961.0,5.61,5.67,5.56,5.59,5717019.0,32137771.0,5.59,0.0,10.0,6.15,False,False,True,67.93644642511141
1091,603708.SH,家家悦,0.09171075837742497,24.484848484848488,1.588245917375299,1.27309109071293,1.7776579834493373,0.6420753992969881,638338675.0,8.76,9.12,8.76,9.0,5217911.0,46852863.0,8.77,2.6225769669327326,10.0,9.65,False,False,True,67.92482077116838
1092,002666.SZ,德联集团,0.1908396946564884,19.021739130434767,1.1626402325823584,2.2539605650010492,1.0898977855301735,0.8400682961380598,500793826.0,4.2,4.25,4.15,4.16,9482435.0,39801228.0,4.18,-0.4784688995215225,10.0,4.6,False,False,True,67.89963185429181
1093,300226.SZ,上海钢联,0.1522880720180046,22.16850828729282,1.3405713820154435,2.0848495585095628,0.9776391344558735,0.9648917129267304,367696869.0,16.84,16.99,16.52,16.6,7396789.0,123481594.0,16.51,0.5451241671714069,20.0,19.81,False,False,True,67.88025576438675
1094,600223.SH,福瑞达,0.17441860465116296,23.553719008264483,1.5475057036646722,0.949266934743294,1.3162687547932372,0.6990899565425266,1016568775.0,5.45,5.59,5.42,5.51,6746184.0,37229111.0,5.44,1.2867647058823373,10.0,5.98,False,False,True,67.85700445650068
1095,300569.SZ,天能重工,0.15044247787610615,19.318181818181813,1.5517376774823832,1.850606831167028,1.0001193830296475,1.4921307770627703,1019647941.0,5.01,5.11,4.98,5.06,28156022.0,141977265.0,5.08,-0.3937007874015852,20.0,6.1,False,False,True,67.82406510366208
1096,300428.SZ,立中集团,0.31078431372549037,26.780279975654288,1.1488777395188916,1.113988185964032,0.8595948399286091,0.6262797146442355,603229584.0,19.66,19.84,19.47,19.47,4208541.0,82505524.0,19.6,-0.6632653061224625,20.0,23.52,False,False,True,67.80662662274753
1097,300760.SZ,迈瑞医疗,0.2397846615479659,31.659338116176805,1.2708656633982152,0.7102919700194249,0.9641727002424044,0.5764608623370727,1210662145.0,156.85,157.99,156.3,156.87,4957123.0,778955151.0,156.8,0.04464285714285143,20.0,188.16,False,False,True,67.75237357101338
1098,300072.SZ,海新能科,0.1189024390243903,26.688102893890676,1.8258566322975085,1.2888576327533499,0.8276436315694627,1.046765703894707,2331363778.0,3.5,3.68,3.46,3.61,31453174.0,112532228.0,3.5,3.142857142857136,20.0,4.2,False,False,True,67.74656074404184
1099,301050.SZ,雷电微力,0.011398963730569965,36.92133985698156,1.688861685595714,1.6128835198646951,0.7261596184823697,0.8994517355096115,210489977.0,27.28,27.85,27.28,27.66,3053601.0,84456920.0,27.12,1.9911504424778625,20.0,32.54,False,False,True,67.74074791707034
1100,603091.SH,众鑫股份,0.23873045078196858,29.61331375428291,1.2127881659519983,1.2852393757346194,0.8113411923303073,1.11766869627944,44018266.99999999,46.24,47.5,46.24,46.9,632310.0,29545838.0,46.05,1.8458197611292082,10.0,50.66,False,False,True,67.73493509009882
1101,601611.SH,中国核建,0.15989628349178905,34.963579604578584,1.4624473480783429,0.937004870326286,0.8213420627610133,0.5967587200907899,3013834212.0,10.33,10.51,10.33,10.42,16852331.0,175438051.0,10.29,1.263362487852282,10.0,11.32,False,False,True,67.73299748110831
1102,300073.SZ,当升科技,0.05641285099924101,37.503452085059365,1.283054615510148,2.1536405894078587,0.7255898093185896,0.7323825490152163,505969362.0,38.75,38.99,38.52,38.91,7980598.0,309712420.0,38.44,1.2226847034339183,20.0,46.13,False,False,True,67.73105987211781
1103,688278.SH,特宝生物,0.026897938662644557,36.66121112929621,1.8088565047652807,0.8130536705649501,0.9816486718916956,0.9090434521723375,408189480.0,50.38,51.67,50.2,51.5,3016933.0,154259644.0,49.95,3.1031031031030887,20.0,59.94,False,False,True,67.70587095524122
1104,600623.SH,华谊集团,0.277777777777778,24.52830188679245,1.616942889367595,0.82048359389303,0.7906089818650613,0.7771353287548609,1876034733.0,8.46,8.59,8.41,8.41,11962100.0,101611689.0,8.46,-0.5910165484633634,10.0,9.31,False,False,True,67.68940127882193
1105,002588.SZ,史丹利,0.014184397163120477,18.635170603674524,1.731474163769541,2.294871076828227,1.4051002853969234,0.5852260717791802,858636570.0000001,7.71,7.71,7.62,7.68,11531647.0,88624929.0,7.68,0.0,10.0,8.45,False,False,True,67.68649486533617
1106,002887.SZ,绿茵生态,0.06460674157303382,27.1590909090909,1.637238813982431,2.085113290802997,0.8282028065343181,0.6068258020332843,217231314.0,8.99,9.11,8.92,9.09,2748629.0,24840402.0,8.99,1.1123470522803158,10.0,9.89,False,False,True,67.68455725634567
1107,603919.SH,金徽酒,0.19396551724137917,30.863309352517998,1.545046189527478,1.0986124931905437,0.7036616704626638,0.49307014433998486,507259997.0,16.16,16.4,16.16,16.22,2747792.0,44663938.0,16.15,0.43343653250773606,10.0,17.77,False,False,True,67.64968029451657
1108,605337.SH,李子园,0.11944869831546723,28.518057285180575,1.7517453493459905,0.8949713127285016,1.0381218679544872,0.6826835959188962,387616508.00000006,8.8,9.06,8.8,8.9,2368268.0,21157717.0,8.81,1.0215664018161208,10.0,9.69,False,False,True,67.628366595621
1109,600999.SH,招商证券,0.34788029925187053,32.138660399529954,1.056212586012163,0.7352051992721843,0.8393424353440847,0.7254936636470093,7422005272.0,17.3,17.65,17.3,17.59,39587990.0,693019234.0,17.26,1.9119351100810977,10.0,18.99,False,False,True,67.61867855066848
1110,002331.SZ,皖通科技,0.14166666666666658,30.333333333333346,1.1624570819143236,1.9927486515596515,0.8801661683308436,0.7225036923320929,402078596.00000006,6.72,6.77,6.63,6.67,5789000.0,38755173.0,6.68,-0.14970059880239361,10.0,7.35,False,False,True,67.61092811470645
1111,002467.SZ,二六三,0.13267813267813267,32.835820895522396,1.3344084270937961,2.144188336824541,0.5881550670605167,0.8492046742157366,1368201384.0,4.58,4.63,4.53,4.55,24912960.0,114005175.0,4.56,-0.21929824561403022,10.0,5.02,False,False,True,67.60124006975391
1112,300653.SZ,正海生物,0.1510416666666668,22.88706058339567,1.7405671871830624,1.125066611111106,1.0510862008338122,1.0795039839369511,180000000.0,14.83,15.43,14.81,15.14,2186125.0,33234647.0,14.82,2.1592442645074206,20.0,17.78,False,False,True,67.58573919782988
1113,600966.SH,博汇纸业,0.12719298245614039,23.28767123287672,1.7942861353428596,1.1108568053364736,1.1305616853884726,0.6970458069190373,1336844288.0,4.96,5.02,4.91,4.94,10351427.0,51277852.0,4.96,-0.40322580645160144,10.0,5.46,False,False,True,67.56636310792481
1114,300851.SZ,交大思诺,0.18101054969461397,24.274274274274266,1.38743075433857,1.9027148627723034,0.8230431314172297,0.8806790290381533,56663527.0,23.31,23.64,23.22,23.36,949500.0,22252903.0,23.24,0.5163511187607606,20.0,27.89,False,False,True,67.53923658205774
1115,600760.SH,中航沈飞,0.1712817584927205,30.394736842105253,1.535076638203962,0.6288124482755871,1.0900743756101103,0.7168707687029952,2829552651.0,44.05,44.37,43.74,43.9,12754980.0,561380792.0,44.0,-0.2272727272727315,10.0,48.4,False,False,True,67.52373571013369
1116,600179.SH,安通控股,0.3452768729641694,19.85472154963681,1.3412727770708899,0.9843906051627115,0.9873929747596466,0.7006333877992307,3862278495.0,4.52,4.6,4.49,4.55,26638016.0,121440444.0,4.54,0.22026431718060735,10.0,4.99,False,False,True,67.48304592133307
1117,600137.SH,浪莎股份,0.2656084656084654,27.804214819850447,1.4175944085070555,1.2959668367826571,0.6230689382325305,0.9120263333575944,97217588.0,17.29,17.48,17.15,17.21,1149069.0,19922065.0,17.22,-0.05807200929150991,10.0,18.94,False,False,True,67.45010656849448
1118,002508.SZ,老板电器,0.26410256410256394,22.84697508896798,1.2929874873917213,0.9546188952661183,1.2731223632790598,0.735148638372551,933605787.0,16.15,16.43,16.06,16.39,6551922.0,106396293.0,16.11,1.7380509000620714,10.0,17.72,False,False,True,67.44623135051347
1119,603238.SH,诺邦股份,0.13660618996798304,21.157495256166992,1.6704894315040104,1.5638240877927267,1.0453998022878124,1.2514011077734892,177509000.0,11.7,12.2,11.7,11.88,3473800.0,41695346.0,11.82,0.5076142131979822,10.0,13.0,False,False,True,67.44235613253244
1120,002878.SZ,元隆雅图,0.16610455311973024,25.140186915887863,1.6251772557475412,2.0911242764112465,0.5630344399195691,0.6080125207931871,235931322.0,12.66,12.82,12.54,12.6,2999701.0,37957075.0,12.67,-0.5524861878453025,10.0,13.94,False,False,True,67.43073047858942
1121,600716.SH,凤凰股份,0.3316582914572863,30.716723549488044,1.409763485619687,0.5803787017675816,0.7100217997895824,0.9605414534215727,936060590.0,3.59,3.64,3.56,3.56,5218330.0,18764204.0,3.59,-0.835654596100277,10.0,3.95,False,False,True,67.4268552606084
1122,600219.SH,南山铝业,0.25,32.90488431876606,1.1189762218573116,1.268750329773346,0.7536798656585096,0.9471302349974959,11483701558.999998,4.69,4.8,4.68,4.78,137996403.0,657443323.0,4.66,2.5751072961373467,10.0,5.13,False,False,True,67.41522960666538
1123,002037.SZ,保利联合,0.2032374100719424,35.387323943661976,1.2713711220377615,1.0317471393521096,0.7934494336102498,1.4177195813798897,483883566.0,6.85,7.05,6.75,6.75,7077901.0,48470808.0,6.81,-0.8810572687224627,10.0,7.49,False,False,True,67.39779112575081
1124,301185.SZ,鸥玛软件,0.2730093071354704,30.63707945597709,1.2083951507505657,1.2305220212180936,0.7269224598520055,0.7988921149973062,140470363.0,16.76,16.93,16.55,16.64,1380900.0,23102907.0,16.61,0.18061408789886713,20.0,19.93,False,False,True,67.37066459988375
1125,603909.SH,建发合诚,0.26440177252584923,28.73417721518987,1.4351141025725311,0.8613772596593523,0.8017573374296394,1.0386352790351687,260673140.0,9.69,9.84,9.59,9.61,2332130.0,22580793.0,9.69,-0.8255933952528438,10.0,10.66,False,False,True,67.35710133695021
1126,603486.SH,科沃斯,0.028431372549019642,32.47791333613799,2.158968041346779,0.9444513008154555,0.8862345595653309,0.6291007223852272,574610784.0,49.29,50.15,49.29,49.93,3412275.0,170014842.0,49.28,1.3189935064934932,10.0,54.21,False,False,True,67.35710133695021
1127,603719.SH,良品铺子,0.15982721382289386,26.4452644526445,1.7289547286932272,1.056057375759889,0.9002081135252694,0.9412688598501469,397983400.0,8.87,9.03,8.82,8.82,3956090.0,35253797.0,8.87,-0.5636978579481311,10.0,9.76,False,False,True,67.33385002906414
1128,000422.SZ,湖北宜化,0.0182926829268291,32.760103181427326,1.5245030528844492,2.2182731715847797,0.7950629935841542,0.36423034934605025,1067285912.0,11.84,11.88,11.76,11.84,8623269.0,101951802.0,11.78,0.5093378607809784,10.0,12.96,False,False,True,67.27184654136795
1129,000886.SZ,海南高速,0.16859122401847568,25.569620253164558,1.3180077561245735,1.5462724541204576,1.070810048531631,0.7618772342311182,977836898.0,4.67,4.71,4.64,4.68,11519601.0,53833892.0,4.68,0.0,10.0,5.15,False,False,True,67.26215849641541
1130,301278.SZ,快可电子,0.15447443181818177,29.39145446698317,1.3300826053811976,2.0910806543533367,0.7180929599106021,1.8463750154124903,54086008.0,27.58,29.28,27.58,28.53,2088217.0,59847256.0,27.52,3.670058139534893,20.0,33.02,False,False,True,67.23309436155783
1131,605086.SH,龙高股份,0.11944922547332183,36.52784746613147,1.4663229332877592,0.9161724330357104,0.9630569698960557,0.5290596005191923,179200000.0,23.4,23.89,23.4,23.74,868600.0,20591253.0,23.4,1.4529914529914478,10.0,25.74,False,False,True,67.20403022670025
1132,002624.SZ,完美世界,0.025811209439528124,35.953878406708604,1.454869580826254,2.49657325092915,0.6538306910335041,0.7393051013455763,1827733041.0,9.94,9.98,9.86,9.97,33735005.0,334979661.0,9.89,0.8088978766430666,10.0,10.88,False,False,True,67.1885293547762
1133,603577.SH,汇金通,0.3027295285359799,31.16564417177914,1.2197989177120858,1.0780248429036898,0.6998422198145496,1.2055944964498464,339139100.00000006,9.46,9.7,9.34,9.61,4407658.0,42110674.0,9.37,2.5613660618996725,10.0,10.31,False,False,True,67.1865917457857
1134,002148.SZ,北纬科技,0.13533834586466176,29.5825771324864,1.2859156341633822,2.1510725339441183,0.8005451836138706,0.9409601226389499,451026611.0,6.25,6.32,6.22,6.25,9129110.0,57259308.0,6.23,0.32102728731941976,10.0,6.85,False,False,True,67.16334043789963
1135,601616.SH,广电电气,0.19390581717451513,30.194805194805173,1.0381257049882624,1.991756487691071,0.8327733662528383,0.654018035399128,853675319.0,3.79,3.86,3.79,3.81,11120356.0,42530519.0,3.78,0.7936507936507908,10.0,4.16,False,False,True,67.118775431118
1136,002546.SZ,新联电子,0.29402985074626864,36.54135338345863,0.9133940155109244,1.4071192532937034,0.5639169610052988,0.9057011335395961,801227371.0,7.52,7.62,7.52,7.61,10211078.0,77485157.0,7.5,1.4666666666666606,10.0,8.25,False,False,True,67.11296260414649
1137,600516.SH,方大炭素,0.25316455696202517,37.8048780487805,0.9519130988928393,1.037967588687424,0.8072303630876247,3.2204286487583764,4025970368.0,5.42,5.71,5.41,5.6,134576134.0,745326093.0,5.51,1.6333938294010864,10.0,6.06,False,False,True,67.11102499515599
1138,600578.SH,京能电力,0.2344827586206896,36.328125,1.3333318545093593,1.0069192744288555,0.6238201417006353,0.7628108040051226,6694621015.0,5.31,5.42,5.29,5.37,51420641.0,275823044.0,5.3,1.3207547169811429,10.0,5.83,False,False,True,67.10133695020345
1139,600383.SH,金地集团,0.04743083003952574,20.68965517241381,1.7063984866471835,2.054634158846838,1.3554366029554126,1.5107430712938057,4514583572.0,2.15,2.28,2.14,2.25,140133772.0,310162110.0,2.15,4.651162790697683,10.0,2.37,False,False,True,67.0838984692889
1140,600694.SH,大商股份,0.292517006802721,16.9622205088666,1.1746794570638226,1.407097241141162,1.4870258809730796,0.6358757090263011,378793611.0,14.28,14.53,14.22,14.42,3389214.0,48923470.0,14.26,1.1220196353436185,10.0,15.69,False,False,True,67.06839759736485
1141,002715.SZ,登云股份,0.08783068783068784,35.92657342657344,1.2976434591518053,2.0995186956521685,0.7466483767176302,0.8319712199048519,138000000.0,13.13,13.22,12.95,13.11,2410500.0,31499248.0,13.1,0.07633587786259888,10.0,14.41,False,False,True,67.06839759736485
1142,600982.SH,宁波能源,0.28484848484848474,24.663677130044825,1.1183793153388584,2.3315639647140514,0.6051720751851682,1.3658148839806459,1117627485.0,5.1,5.28,5.06,5.2,35590677.0,185479829.0,5.1,1.9607843137255054,10.0,5.61,False,False,True,67.02964541755473
1143,002391.SZ,长青股份,0.2122641509433963,17.782426778242666,1.364967936353768,1.8167974974595373,1.1005121097457085,0.8827740083836922,464098311.00000006,5.21,5.27,5.15,5.16,7443309.0,38700479.0,5.23,-1.3384321223709472,10.0,5.75,False,False,True,67.01317574113544
1144,600571.SH,信雅达,0.13743589743589743,29.06077348066296,1.3714029468753335,1.6470770836214628,0.9360503021032605,0.7495969838093479,457751703.0,10.47,10.62,10.34,10.38,5651604.0,59082646.0,10.39,-0.09624639076034613,10.0,11.43,False,False,True,67.00639410966868
1145,300453.SZ,三鑫医疗,0.26066350710900515,19.930475086906128,1.1523111238296146,2.1227580575452825,0.9148082462579187,0.4166659845987137,364818406.00000006,8.91,8.99,8.89,8.91,3219880.0,29134495.0,8.88,0.33783783783782884,20.0,10.66,False,False,True,67.00251889168764
1146,000550.SZ,江铃汽车,0.34911242603550297,21.028037383177555,1.338033224876155,0.8501566726553873,1.0837428703216059,1.3347297679134031,518463160.0,17.35,17.46,16.61,16.69,5883154.0,98943574.0,17.34,-3.7485582468281375,10.0,19.07,False,False,True,67.00058128269715
1147,300543.SZ,朗科智能,0.13002364066193847,30.900621118012417,1.4318440487831494,1.8065362245850463,0.7777632260451349,0.91895407012862,250198808.0,7.6,7.66,7.44,7.48,4153610.0,31293597.0,7.54,-0.7957559681697535,20.0,9.05,False,False,True,66.99283084673513
1148,301187.SZ,欧圣电气,0.09523809523809515,28.503562945368177,1.9511306094697272,0.8917031606572683,1.0325244828521245,4.708449395123802,254933525.0,14.5,15.4,14.22,14.85,10703484.0,160150922.0,14.29,3.9188243526941946,20.0,17.15,False,False,True,66.99089323774461
1149,000573.SZ,粤宏远Ａ,0.24157303370786523,22.699386503067487,1.3073562874912497,2.1943111913025204,0.6994942318676884,0.7086909577926561,632559819.0,3.68,3.74,3.67,3.73,9836865.0,36434468.0,3.69,1.084010840108407,10.0,4.06,False,False,True,66.9812051927921
1150,002121.SZ,科陆电子,0.05238095238095225,26.126126126126103,1.6183615134658145,2.1188482456287216,0.974173642125586,0.5435800652671153,1411302549.0,4.78,4.85,4.77,4.8,16254870.0,78083358.0,4.77,0.6289308176100628,10.0,5.25,False,False,True,66.97248595233481
1151,002314.SZ,南山控股,0.18831168831168846,22.51308900523561,1.4508560263406505,1.7387296473791791,0.917857071153961,0.9482501135469495,1338333414.0,2.21,2.25,2.18,2.24,22065780.0,48843707.0,2.2,1.81818181818183,10.0,2.42,False,False,True,66.93276496802946
1152,002813.SZ,路畅科技,0.2608150470219434,30.195177956371964,1.1694388343132855,1.1341826100638344,0.885484876111093,0.7220206783398245,119892056.0,22.0,22.0,21.52,21.65,981800.0,21295449.0,21.58,0.32437442075996525,10.0,23.74,False,False,True,66.91145126913389
1153,603103.SH,横店影视,0.11228197674418602,30.471771075019348,1.9044104200885705,0.971821941028061,0.857384737139218,1.1438369063884215,634200000.0,16.0,16.86,15.77,16.42,7049804.0,115231759.0,16.02,2.4968789013732895,10.0,17.62,False,False,True,66.91145126913389
1154,002344.SZ,海宁皮城,0.3316326530612247,26.94610778443114,1.235096992729933,0.7686834361708361,0.9855912470107961,0.7822302086274658,1281450092.0,4.0,4.04,3.97,3.99,7705198.0,30889751.0,3.99,0.0,10.0,4.39,False,False,True,66.90079441968611
1155,300675.SZ,建科院,0.15574468085106383,29.962546816479406,1.489186056843338,1.432214401769449,0.8194503946511728,0.8990367239244598,146666700.0,12.6,12.8,12.52,12.56,1888500.0,23909134.0,12.51,0.399680255795376,20.0,15.01,False,False,True,66.8765743073048
1156,600980.SH,北矿科技,0.25984251968503946,34.18803418803418,1.147969016307924,1.1882151027874175,0.7296413224376622,0.6289815211971163,189263526.0,18.65,18.85,18.65,18.81,1414490.0,26619356.0,18.51,1.6207455429497308,10.0,20.36,False,False,True,66.86494865336175
1157,000158.SZ,常山北明,0.04962095106822885,22.231543624161088,1.5848612510640492,2.3028691382349145,1.2268569309145532,0.794798498962131,1590643645.0,12.73,12.9,12.7,12.8,29113820.0,372904003.0,12.64,1.2658227848101333,10.0,13.9,False,False,True,66.8145708196086
1158,601319.SH,中国人保,0.3674033149171271,24.809741248097406,1.2781896621369409,0.25677531194647346,1.300682052199561,1.0776886294129755,35497756583.0,7.69,7.95,7.63,7.82,98230753.0,768279122.0,7.69,1.6905071521456483,10.0,8.46,False,False,True,66.8068203836466
1159,603605.SH,珀莱雅,0.09398782343987822,21.26739375705151,1.8214689929221013,1.4856628062455584,1.2758732921016636,0.976193368769896,395976100.0,56.0,56.62,55.77,55.83,5742818.0,321722649.0,55.65,0.32345013477088624,10.0,61.22,False,False,True,66.7796938577795
1160,000950.SZ,重药控股,0.1472868217054263,31.3152400835073,1.550167038091238,1.4594646649427903,0.7447624470055526,0.49514775163877,1712778096.0,5.18,5.25,5.17,5.21,12377402.0,64607482.0,5.17,0.7736943907156624,10.0,5.69,False,False,True,66.76419298585546
1161,600592.SH,龙溪股份,0.12939208031232574,31.280388978930308,1.4753910724786194,1.6638890207791381,0.8035005747855424,0.7706710821452295,399553571.0,14.77,14.95,14.61,14.64,5123520.0,75668380.0,14.66,-0.13642564802182067,10.0,16.13,False,False,True,66.72544080604534
1162,000915.SZ,华特达因,0.0961357210179076,17.130434782608695,1.6396205033331799,2.025524611308775,1.773410949247681,0.3913568975551652,234122860.0,24.04,24.25,24.0,24.03,1855899.0,44701273.0,24.02,0.04163197335553814,10.0,26.42,False,False,True,66.68862623522573
1163,600686.SH,金龙汽车,0.06148590947907761,25.12413108242304,1.6969761577846523,2.219215608721726,0.9054294632932526,1.2572817194117638,717047417.0,10.75,10.95,10.66,10.82,20006908.0,215821521.0,10.79,0.2780352177942591,10.0,11.87,False,False,True,66.65956210036813
1164,600638.SH,新黄浦,0.1540785498489425,25.5868544600939,1.2685463349539532,1.8307029609137402,1.1355678486387901,1.5935600651494846,673396786.0,4.77,5.05,4.75,4.99,19645241.0,96492333.0,4.77,4.612159329140475,10.0,5.25,False,False,True,66.6459988374346
1165,688576.SH,西山科技,0.15303541315345712,31.122595463680746,1.4491317650781164,1.190540004658621,0.9614704735821521,0.6115575451099905,32318536.0,38.55,39.15,38.54,38.8,235306.0,9148144.0,38.46,0.884035361414437,20.0,46.15,False,False,True,66.6459988374346
1166,300493.SZ,润欣科技,0.0676532769556026,34.323144104803504,1.5803589915484584,1.885187300854084,0.7245000660366809,1.268330796904366,512112297.00000006,12.56,12.93,12.54,12.85,12154823.0,155483258.0,12.41,3.5455278001611523,20.0,14.89,False,False,True,66.63049796551056
1167,002389.SZ,航天彩虹,0.1576952236542834,21.726010863005428,1.3306502514319603,2.176614090854007,1.0681433755206369,0.6949613425673321,984767026.0,18.8,18.95,18.53,18.68,14896203.0,279066471.0,18.65,0.16085790884718953,10.0,20.52,False,False,True,66.61887231156753
1168,003027.SZ,同兴科技,0.1660597232337946,39.316860465116285,1.2781460333834687,1.5625359941723354,0.545662423681462,0.7268727087589686,102811782.0,16.06,16.3,16.0,16.06,1167700.0,18854203.0,16.04,0.12468827930174342,10.0,17.64,False,False,True,66.60337143964348
1169,688297.SH,中无人机,0.17735988200589975,19.473684210526308,1.476904160295382,1.5626034518518475,1.3400460268784877,0.5510436225174182,675000000.0,43.03,43.78,42.62,43.24,5812173.0,251358994.0,42.81,1.0044382153702403,20.0,51.37,False,False,True,66.59368339469096
1170,603863.SH,松炀资源,0.10592334494773517,35.08936970837251,1.4676395740203017,1.8825422184216893,0.671159383302121,1.0283384488745608,204650000.0,12.18,12.64,12.15,12.34,3961800.0,49059342.0,12.15,1.563786008230439,10.0,13.37,False,False,True,66.57430730478589
1171,002221.SZ,东华能源,0.09607843137254905,23.214285714285722,1.9298486778310129,1.4993149532397234,0.9887295527325922,0.6120491658101,1461003187.0,5.5,5.68,5.49,5.62,13406961.0,75048312.0,5.53,1.6274864376130127,10.0,6.08,False,False,True,66.55493121488082
1172,002633.SZ,申科股份,0.24946236559139787,38.034188034188034,1.2627130472202783,1.000772993175502,0.6222393473290376,0.7390448970443048,149564063.0,14.08,14.33,14.03,14.1,1106200.0,15704840.0,14.02,0.5706134094151327,10.0,15.42,False,False,True,66.54136795194731
1173,000501.SZ,武商集团,0.13195876288659789,21.875,1.4718509495535987,1.6227860843422954,1.8398112859515499,0.5305352068937352,768293891.0,7.05,7.22,7.05,7.13,6614589.0,47264742.0,7.04,1.2784090909090828,10.0,7.74,False,False,True,66.53167990699477
1174,301263.SZ,泰恩康,0.14719626168224303,29.908675799086758,2.00470867959142,0.9781284804622046,0.7148090798815577,0.8702643632936834,364303266.0,19.51,19.76,19.2,19.28,3101060.0,60145474.0,19.41,-0.6697578567748552,20.0,23.29,False,False,True,66.52586708002326
1175,000029.SZ,深深房Ａ,0.21204671173939757,33.475707421249325,1.6322864036775044,0.5072282989031651,0.8304881051713069,1.3376194849160252,891660000.0,21.29,22.35,21.15,22.27,6049721.0,132359444.0,21.13,5.395172740179843,10.0,23.24,False,False,True,66.46386359232707
1176,603860.SH,中公高科,0.27170138888888873,25.22727272727272,1.2203570693077883,1.583577609478101,0.8514874203693251,1.065696096865553,66680000.0,25.17,25.6,25.11,25.16,1125300.0,28544406.0,25.13,0.11937922801432688,10.0,27.64,False,False,True,66.42898663049796
1177,301507.SZ,民生健康,0.057742782152230915,21.491228070175428,1.756229740048782,2.348737455831422,1.0032265478464388,0.6171581576624628,356209330.0,11.93,12.13,11.9,11.94,2050071.0,24590513.0,11.84,0.8445945945945832,20.0,14.21,False,False,True,66.40961054059291
1178,001227.SZ,兰州银行,0.3095238095238097,14.572864321608026,1.0910844952111751,1.8360570859039897,1.3547827973508455,0.5991109492226345,4216829430.000001,2.11,2.13,2.1,2.11,46385204.0,98100454.0,2.12,-0.4716981132075526,10.0,2.33,False,False,True,66.39798488664988
1179,002438.SZ,江苏神通,0.20305164319248833,33.65217391304347,1.2744441073486006,1.3932251550904697,0.7590911422854169,0.670672863274469,468880667.00000006,13.4,13.54,13.3,13.46,4381213.0,58824374.0,13.23,1.7384731670446074,10.0,14.55,False,False,True,66.37085836078279
1180,300306.SZ,远方信息,0.26533523537803155,28.143712574850287,1.1372531158714376,1.5238623462884484,0.8397016078294302,0.8573142462558999,157651136.0,10.32,10.38,10.1,10.13,2059600.0,21065790.0,10.21,-0.7835455435847183,20.0,12.25,False,False,True,66.36117031583026
1181,000801.SZ,四川九洲,0.20454545454545467,28.301886792452823,1.3599279621487352,1.3553726220003695,0.9137168452823528,0.638033501244002,1015939973.0,12.25,12.35,12.14,12.15,8785576.0,107317879.0,12.22,-0.5728314238952592,10.0,13.44,False,False,True,66.31854291803914
1182,002482.SZ,广田集团,0.16981132075471708,22.807017543859654,1.5944287763777054,1.4651189906693247,1.0330454290372653,0.9720144255941338,3743709801.0,1.33,1.35,1.31,1.34,53314800.0,71426234.0,1.32,1.5151515151515138,10.0,1.45,False,False,True,66.29722921914357
1183,600807.SH,济高发展,0.22471910112359547,25.675675675675656,1.3455418872884173,1.709526095030518,0.8276019279693401,0.7909893834690549,787525589.0,2.63,2.66,2.58,2.59,10647186.0,27832794.0,2.62,-1.1450381679389388,10.0,2.88,False,False,True,66.28947878318155
1184,002563.SZ,森马服饰,0.3962264150943396,31.45833333333332,1.0519032036152682,0.702047864178303,0.894454036334589,0.8346313011308746,2213491963.0,5.4,5.49,5.36,5.43,12969981.0,70385484.0,5.39,0.7421150278293043,10.0,5.93,False,False,True,66.28366595621004
1185,300608.SZ,思特奇,0.1318777292576419,38.34771886559805,1.241034836194489,2.2850945488803416,0.4366837735963257,0.7021915665852227,304366058.0,9.71,9.8,9.63,9.68,4883779.0,47426306.0,9.62,0.6237006237006293,20.0,11.54,False,False,True,66.28172834721953
1186,603345.SH,安井食品,0.14385880077369445,27.187848383500544,1.1036049289678536,2.1691266502642943,1.18588503002495,2.0778054485676885,293294232.0,74.36,78.75,74.36,77.75,13218839.0,1047306148.0,72.81,6.784782310122228,10.0,80.09,False,False,True,66.275915520248
1187,001286.SZ,陕西能源,0.2224576271186439,17.494600431965445,1.3754598008157484,1.875022081481476,1.1081925604237477,0.483182378798336,1350000000.0,9.58,9.73,9.56,9.66,12230698.0,118091880.0,9.6,0.6250000000000089,10.0,10.56,False,False,True,66.2662274752955
1188,603810.SH,丰山集团,0.1967032967032968,28.672032193158948,1.533851720952344,1.163807486612338,0.8616198688001512,0.7673580459070938,165342252.0,11.73,11.89,11.56,11.59,1476600.0,17352109.0,11.73,-1.1935208866155178,10.0,12.9,False,False,True,66.25072660337143
1189,000403.SZ,派林生物,0.15893271461716946,37.82201405152226,1.7679506477142977,0.7472588844128556,0.664692733531556,0.7248238265246032,940682787.0,9.91,10.13,9.87,9.88,5095030.0,50818615.0,9.91,-0.3027245206861706,10.0,10.9,False,False,True,66.24878899438093
1190,600518.SH,康美药业,0.18000000000000013,28.44827586206897,1.5523162166558413,1.1525248158435895,0.9164196481541584,0.6367448125197911,13822352188.0,1.33,1.36,1.33,1.35,101437294.0,136685494.0,1.34,0.746268656716409,10.0,1.47,False,False,True,66.21391203255183
1191,000090.SZ,天健集团,0.2819148936170212,24.745762711864394,1.4808141189855175,0.9350915629534658,0.9454969759950378,1.1106910885117625,1868459934.0,3.47,3.55,3.45,3.54,19405785.0,68099340.0,3.48,1.724137931034475,10.0,3.83,False,False,True,66.12962604146483
1192,603199.SH,九华旅游,0.1737057220708445,19.966666666666665,1.1705614586485633,2.313812612938194,1.4954986615464394,0.6259903149163363,110680000.0,32.4,33.28,32.3,32.79,1603116.0,52700781.0,32.55,0.7373271889401067,10.0,35.81,False,False,True,66.12478201898857
1193,000717.SZ,中南股份,0.25961538461538464,23.958333333333325,1.4685594961665065,0.8627216757519753,1.182554031561547,0.7672973714143728,2423697090.0,2.2,2.22,2.17,2.19,16044004.0,35136947.0,2.19,0.0,10.0,2.41,False,False,True,66.12284440999807
1194,688466.SH,金科环境,0.22243902439024385,32.29259589652096,1.493274340751923,0.9121741928182625,0.807503144291738,0.848329963604052,122154152.0,13.57,13.78,13.46,13.46,945259.0,12906044.0,13.49,-0.2223869532987366,20.0,16.19,False,False,True,66.11896919201706
1195,600863.SH,华能蒙电,0.21932114882506523,29.975429975429968,1.3469150884743617,1.4593872824505292,0.7699594153541786,0.683285737941391,7063325057.0,4.68,4.75,4.67,4.73,70433960.0,333012168.0,4.68,1.0683760683760868,10.0,5.15,False,False,True,66.11896919201705
1196,300827.SZ,上能电气,0.05445729205520331,37.24444444444443,1.6917999775357653,2.001828479628823,0.5158914425614648,2.0814813148764553,436540275.0,24.2,26.1,24.19,25.66,18189623.0,456981641.0,23.96,7.095158597662765,20.0,28.75,False,False,True,66.11703158302655
1197,600429.SH,三元股份,0.1793313069908813,25.699745547073793,1.8992666049909661,0.8894019734238845,0.9169074540512988,0.674281263002508,1497557426.0,4.51,4.59,4.51,4.54,8980958.0,41214222.0,4.52,0.4424778761062065,10.0,4.97,False,False,True,66.1015307111025
1198,000776.SZ,广发证券,0.36627140974967076,24.83660130718952,1.4138339964834161,0.9435681964276141,0.8142139294742705,1.0505841062803878,5904049311.0,20.15,20.8,20.15,20.79,58526708.0,1202735406.0,20.02,3.8461538461538547,10.0,22.02,False,False,True,66.05696570432086
1199,000683.SZ,博源化工,0.10023866348448705,21.657250470809796,1.511206240985898,2.1962264168338677,1.2737762439122422,0.7379845473536119,3338565773.0,5.73,5.75,5.68,5.7,54110845.0,308628169.0,5.73,-0.5235602094240899,10.0,6.3,False,False,True,66.02015113350126
1200,605166.SH,聚合顺,0.14196242171189977,37.24966622162882,1.3808679537194686,1.4679093940591863,0.7344648838284045,0.6817304015991655,314733976.0,8.2,8.32,8.2,8.27,3149601.0,26063407.0,8.17,1.2239902080783294,10.0,8.99,False,False,True,66.02015113350126
1201,600057.SH,厦门象屿,0.1507936507936509,26.02996254681649,1.6873027704741468,1.042063937138414,1.2083591391145931,1.0023188038860544,2092510164.0,5.88,6.15,5.88,6.07,21855856.0,132264020.0,5.91,2.7072758037224975,10.0,6.5,False,False,True,66.01627591552025
1202,600195.SH,中牧股份,0.3015384615384616,26.444833625218898,1.3652224842146734,0.7836988431043256,1.0275658596132557,0.9647547521644216,1021148260.0,6.72,6.76,6.6,6.62,7720669.0,51426820.0,6.69,-1.0463378176382654,10.0,7.36,False,False,True,66.01240069753923
1203,600731.SH,湖南海利,0.254125412541254,24.254473161033797,1.3427991453733885,1.3824261018210682,0.9551430457715602,0.47383670012077606,541682665.0,5.79,5.83,5.77,5.77,3548261.0,20578428.0,5.8,-0.5172413793103514,10.0,6.38,False,False,True,65.98527417167216
1204,000423.SZ,东阿阿胶,0.28784489187173756,31.263485974586438,1.0935479397258305,0.921088555066619,1.046071512016407,0.877819331251208,638700293.0,45.65,45.85,45.21,45.26,5164207.0,234841464.0,45.57,-0.6802721088435382,10.0,50.13,False,False,True,65.9639604727766
1205,300597.SZ,吉大通信,0.2615384615384616,32.31999999999999,1.1406446277870725,1.4504290883435789,0.7440231688311688,0.7445665737161478,271552238.0,7.83,7.92,7.75,7.81,2932604.0,22931940.0,7.78,0.385604113110527,20.0,9.34,False,False,True,65.94845960085254
1206,000792.SZ,盐湖股份,0.26504424778761054,29.372663066057324,1.5602873143389602,1.0520048526731844,0.6693550736289019,0.9615305278611416,5291518096.0,25.14,25.32,24.74,24.74,53525546.0,1329628778.0,24.99,-1.00040016006403,10.0,27.49,False,False,True,65.92714590195699
1207,600266.SH,城建发展,0.09264305177111713,28.342245989304793,1.694279628951599,1.6188441412284724,0.9610031776001354,1.092518763954006,2075743507.0,4.07,4.21,4.06,4.18,36711965.0,151988890.0,4.08,2.450980392156854,10.0,4.49,False,False,True,65.83414067041271
1208,600650.SH,锦江在线,0.11072261072261085,28.66379310344829,1.4611531394633086,1.3778974975872758,1.4896315723914577,0.4143069310840297,390560075.0,10.2,10.42,10.2,10.31,2229600.0,23044309.0,10.23,0.782013685239491,10.0,11.25,False,False,True,65.81863979848866
1209,605066.SH,天正电气,0.3009404388714733,32.708688245315166,1.0789826730958503,1.360603134994329,0.7309609973014479,0.85554660725461,502433125.0,6.83,6.92,6.72,6.75,5848620.0,39817818.0,6.83,-1.171303074670571,10.0,7.51,False,False,True,65.81476458050766
1210,600241.SH,时代万恒,0.2906724511930585,31.686541737649065,1.4145447406149354,1.1608185350621705,0.5727120860330419,0.8411804127460785,294302115.0,7.23,7.3,7.14,7.15,2873736.0,20714658.0,7.21,-0.832177531206657,10.0,7.93,False,False,True,65.78570044565006
1211,688339.SH,亿华通-U,0.05916585838991274,38.605551969012254,1.729067285501086,1.3702947179073566,0.7366627525133436,0.9911238211766169,195787119.0,17.03,17.16,16.82,16.86,2659047.0,45269002.0,16.71,0.8976660682226134,20.0,20.05,False,False,True,65.77795000968806
1212,001279.SZ,强邦新材,0.19930069930069919,27.895667550839963,0.9583894376411728,2.140176625,1.0305797495753424,0.7731838487863122,40000000.0,26.11,26.37,25.95,26.35,661900.0,17364931.0,26.04,1.1904761904762085,10.0,28.64,False,False,True,65.73726022088744
1213,300940.SZ,南极光,0.07755991285403048,36.37160385626643,1.4722025513965575,2.1144786296147475,0.6976106235570174,1.0495251787559947,157481672.0,13.3,13.56,13.22,13.45,3494831.0,47054713.0,13.19,1.9711902956785377,20.0,15.83,False,False,True,65.72175934896339
1214,603808.SH,歌力思,0.34939759036144585,30.979827089337174,1.3968612787845927,0.8573839196046141,0.6701899600992244,0.8177877808731044,363733233.0,8.44,8.67,8.41,8.6,2550345.0,21870840.0,8.39,2.502979737783062,10.0,9.23,False,False,True,65.72175934896337
1215,000407.SZ,胜利股份,0.25153374233128845,25.2808988764045,1.0642289390966564,1.8605026143189078,1.0040518024259935,0.7789993991604597,875782212.0,4.2,4.23,4.15,4.21,12692978.0,53289940.0,4.16,1.2019230769230616,10.0,4.58,False,False,True,65.59193954659949
1216,600503.SH,华丽家族,0.1647058823529412,24.33862433862435,1.5359555091051642,1.8320402236798534,0.9237081871561987,1.2655807409083415,1602290000.0,2.16,2.24,2.13,2.21,37150613.0,81329275.0,2.17,1.8433179723502224,10.0,2.39,False,False,True,65.57450106568494
1217,301131.SZ,聚赛龙,0.176824034334764,26.810810810810803,1.3960442220214937,2.146188966447265,0.7753376092014048,0.79872655949665,39154877.0,31.92,32.3,31.82,31.98,671200.0,21528350.0,31.87,0.3451521807342317,20.0,38.24,False,False,True,65.57256345669444
1218,002697.SZ,红旗连锁,0.1536144578313252,22.469135802469143,1.3239433025995244,2.0330557765441086,1.394640842775316,0.9256241079045855,1148092375.0,4.57,4.73,4.55,4.68,21605324.0,100851253.0,4.56,2.6315789473684292,10.0,5.02,False,False,True,65.57062584770394
1219,300512.SZ,中亚股份,0.21783876500857624,26.15131578947367,1.446716794949731,1.2248819388478456,1.0228896832141718,0.8808617116411831,326330671.0,7.37,7.47,7.27,7.32,3520950.0,25927747.0,7.35,-0.40816326530611624,20.0,8.82,False,False,True,65.56675062972292
1220,002030.SZ,达安基因,0.138235294117647,24.374999999999993,1.8341115707054354,1.455478916484615,0.9294033187390496,1.0399448498722106,1403446032.0000002,5.28,5.5,5.27,5.37,21242809.0,114791918.0,5.27,1.8975332068311257,10.0,5.8,False,False,True,65.55318736678939
1221,301083.SZ,百胜智能,0.1548387096774194,34.417344173441734,1.344096213460175,1.7998297109158252,0.732484120111405,0.7785448305035437,86943917.0,13.68,13.74,13.5,13.5,1218300.0,16606861.0,13.47,0.22271714922048602,20.0,16.16,False,False,True,65.54737453981787
1222,002052.SZ,同洲电子,0.09667968749999992,34.093959731543634,1.61364994591104,1.6131217394282866,0.801211375480505,0.4615016326310411,689387154.0,8.49,8.55,8.37,8.39,5132200.0,43261952.0,8.44,-0.5924170616113611,10.0,9.28,False,False,True,65.53574888587482
1223,002204.SZ,大连重工,0.16719242902208206,18.51106639839035,1.4974912552662571,1.8005022405773723,1.590622928206995,1.667128103378763,1931370032.0,5.48,5.6,5.44,5.57,57973314.0,320844770.0,5.5,1.2727272727272698,10.0,6.05,False,False,True,65.52993605890332
1224,002016.SZ,世荣兆业,0.20481927710843378,29.61038961038962,1.4682008132857898,1.1869864599639761,0.8963513406622636,1.2709166514332015,809095632.0,4.54,4.63,4.5,4.54,12205700.0,55731521.0,4.53,0.22075055187638082,10.0,4.98,False,False,True,65.52993605890332
1225,601162.SH,天风证券,0.20312500000000003,21.987951807228924,1.285573097351505,1.8734152121955696,1.1911959638200553,0.8106213457411748,8597970474.0,3.57,3.65,3.57,3.63,130571390.0,471817688.0,3.56,1.96629213483146,10.0,3.92,False,False,True,65.5241232319318
1226,688113.SH,联测科技,0.2616867469879518,35.66967383761277,1.3402727031181094,0.9787843045417234,0.7018187000759368,0.7110687194873914,64397559.0,34.44,34.85,34.39,34.81,448196.0,15552985.0,34.25,1.6350364963503727,20.0,41.1,False,False,True,65.5221856229413
1227,600750.SH,华润江中,0.39375000000000004,23.954372623574137,1.424353137523156,0.7325159039524514,0.939146457964067,0.6677202000913868,628825289.0,22.49,22.51,22.22,22.24,3075683.0,68599786.0,22.36,-0.536672629695889,10.0,24.6,False,False,True,65.48537105212168
1228,000758.SZ,中色股份,0.11500000000000002,27.941176470588225,1.7298318823667553,1.6356981812186318,0.8829472153520961,0.6079646079010103,1982378132.0,5.99,6.01,5.93,5.98,19713692.0,117629721.0,5.9,1.3559322033898313,10.0,6.49,False,False,True,65.48537105212168
1229,603329.SH,上海雅仕,0.31297709923664135,23.2451093210587,1.1524329273829124,1.5681991098367907,0.9738298460676528,0.7719549394326681,206383053.0,10.0,10.04,9.84,9.87,2498430.0,24819225.0,9.92,-0.504032258064524,10.0,10.91,False,False,True,65.48149583414067
1230,300685.SZ,艾德生物,0.21177944862155376,31.43405889884765,1.304935334675294,1.7012655275288329,0.7262649890820393,2.219355522037349,389586863.0,17.31,18.34,17.22,18.21,14709682.0,265069199.0,17.31,5.19930675909881,20.0,20.77,False,False,True,65.47374539817865
1231,603969.SH,银龙股份,0.17573221757322174,26.466165413533837,1.5893182235552055,1.5720994199074634,0.8586519611639625,0.5261661088115533,851553800.0,7.51,7.63,7.5,7.62,7043929.0,53373821.0,7.49,1.735647530040052,10.0,8.24,False,False,True,65.44855648130208
1232,605378.SH,野马电池,0.14171122994652408,30.97418817651958,1.6112512262905128,0.948514002871281,1.16860708747368,2.4175023574904295,261346400.0,14.82,15.19,14.74,14.83,5992764.0,89279181.0,14.66,1.1596180081855367,10.0,16.13,False,False,True,65.35942646773881
1233,002376.SZ,新北洋,0.3939393939393938,29.379562043795616,0.8331268943339165,1.2382971700865915,0.8991939378430654,0.7537674038551734,787464555.0,6.54,6.63,6.52,6.56,7350100.0,48382336.0,6.52,0.6134969325153339,10.0,7.17,False,False,True,65.34586320480527
1234,300871.SZ,回盛生物,0.20830188679245296,27.41607324516786,1.507637823221768,2.0119966980393764,0.6052744778570759,0.7356190971066096,201784357.00000003,21.44,21.83,21.38,21.39,2986536.0,64278203.0,21.44,-0.23320895522388474,20.0,25.73,False,False,True,65.33036233288122
1235,300634.SZ,彩讯股份,0.1067089276281037,38.83439122908252,1.3969173255521687,1.9469888676145286,0.653149397730338,2.0181517374865745,434273500.0,19.66,20.67,19.46,20.44,17063991.0,341944497.0,19.35,5.633074935400506,20.0,23.22,False,False,True,65.32842472389072
1236,600475.SH,华光环能,0.1911987860394538,33.11475409836064,1.638961508442144,0.9968057857836079,0.7728123906662988,0.5608664864049057,942885729.0,14.8,14.97,14.7,14.87,5271438.0,78171529.0,14.72,1.0190217391304213,10.0,16.19,False,False,True,65.23735710133694
1237,300633.SZ,开立医疗,0.07533482142857152,24.476744186046528,2.004602883876016,1.7891769687725996,0.9311027665145286,0.9353377734982986,260116315.0,18.61,19.32,18.61,19.0,4353007.0,82889529.0,18.55,2.425876010781658,20.0,22.26,False,False,True,65.20829296647936
1238,300324.SZ,旋极信息,0.029748283752860386,32.398753894081,2.0299762164484467,1.7007523104838975,0.7601969268525571,0.8320513145096924,1709983348.0,3.37,3.42,3.35,3.38,24198200.0,81993311.0,3.34,1.1976047904191711,20.0,4.01,False,False,True,65.17147839565976
1239,002646.SZ,天佑德酒,0.17312661498708007,22.549019607843146,1.5895292737556193,1.4115452877729695,1.2586936098236567,1.017117764363162,476001249.0,6.82,6.93,6.78,6.8,6833987.0,46789079.0,6.79,0.14727540500736325,10.0,7.47,False,False,True,65.14435186979267
1240,600048.SH,保利发展,0.15451895043731784,22.39467849223946,1.5946270819633899,1.4999798786066947,1.4072806256922004,1.6470029593032287,11970443418.0,5.03,5.35,5.01,5.32,295726369.0,1541741309.0,5.04,5.555555555555558,10.0,5.54,False,False,True,65.14241426080217
1241,002523.SZ,天桥起重,0.2629107981220657,31.818181818181834,0.9172290057027739,1.3686605678079897,1.0401133198131147,0.6501985449408302,1411542683.0,3.43,3.45,3.39,3.41,12561334.0,42928704.0,3.42,-0.29239766081871066,10.0,3.76,False,False,True,65.12497577988762
1242,601155.SH,新城控股,0.13652694610778449,25.8,1.8530187381893843,0.9910082747450175,1.251764089599088,1.7840453656260304,2255622856.0,11.09,12.25,11.09,12.24,39879496.0,472947499.0,11.14,9.874326750448837,10.0,12.25,True,False,True,65.11431893043984
1243,688563.SH,航材股份,0.2755610972568577,24.343521308652605,1.1954498633885597,1.7244760495133762,0.9561660391838108,0.8914799149029181,135542674.0,55.3,55.9,54.88,55.4,2083746.0,115275951.0,55.3,0.1808318264014508,20.0,66.36,False,False,True,65.09009881805851
1244,603208.SH,江山欧派,0.18518518518518529,31.71521035598708,1.6916851726345588,0.9802798790241086,0.8215733365927322,0.8812837534684927,175879347.00000003,10.74,10.99,10.74,10.77,1519430.0,16501098.0,10.72,0.4664179104477473,10.0,11.79,False,False,True,65.0784731641155
1245,688269.SH,凯立新材,0.04475524475524479,37.66285037504935,1.6991426941078902,1.191381977598232,0.9932182114424742,1.795689642051912,130704000.0,26.8,27.69,26.55,26.91,2796219.0,75864546.0,26.61,1.1273957158962844,20.0,31.93,False,False,True,65.05909707421043
1246,603737.SH,三棵树,0.00628930817610062,36.929252383341705,1.8634004419721832,0.9917512197980701,1.1481379581505422,1.0807613593128047,885380968.0,20.15,20.83,20.05,20.61,9489924.0,193529479.0,20.11,2.4863252113376477,10.0,22.12,False,False,True,65.03778337531486
1247,600583.SH,海油工程,0.3616438356164384,34.453781512605055,1.143051681026014,0.7561648117450286,0.8350018069832221,0.7745467576125972,4421354800.0,6.03,6.15,5.98,6.06,25895212.0,157247416.0,6.08,-0.328947368421062,10.0,6.69,False,False,True,65.02906413485758
1248,603518.SH,锦泓集团,0.2061068702290075,25.811209439528014,1.075763831624272,2.020625802385565,1.2138222086702215,0.9943236250450327,344073984.0,7.61,7.79,7.58,7.63,6912983.0,53052567.0,7.59,0.5270092226614009,10.0,8.35,False,False,True,65.0145320674288
1249,605183.SH,确成股份,0.22290388548057258,24.46256486286138,1.6700617900030406,0.7243029410763782,1.4828291231779152,0.9951665729011402,412429445.0,15.58,16.2,15.58,16.08,2972800.0,47342601.0,15.67,2.616464582003819,10.0,17.24,False,False,True,65.01259445843829
1250,002889.SZ,东方嘉盛,0.2556818181818183,36.3819095477387,0.9720674281461978,1.02641352560014,1.0305907053713437,0.6360903136304478,251284554.0,11.83,11.91,11.75,11.9,1640616.0,19466049.0,11.75,1.276595744680864,10.0,12.93,False,False,True,64.911838790932
1251,605369.SH,拱东医疗,0.27107652399481186,29.266666666666662,1.6029915854750556,0.703236805712987,0.8783241030087743,1.3022484178732225,219803029.0,16.87,17.3,16.55,16.63,2012932.0,33853423.0,16.84,-1.2470308788598672,10.0,18.52,False,False,True,64.89827552799844
1252,601003.SH,柳钢股份,0.09615384615384613,28.527607361963202,2.0549640883604825,0.84896340237583,1.2692957888037415,0.5651451168273742,2634221770.9999995,3.53,3.57,3.5,3.56,12454429.0,44087554.0,3.51,1.4245014245014342,10.0,3.86,False,False,True,64.86339856616935
1253,002267.SZ,陕天然气,0.2775510204081632,20.40498442367602,1.4651663921733493,1.0241469228735594,1.581298255006497,0.43946853228895655,1112075445.0,7.08,7.22,7.08,7.12,5005233.0,35822493.0,7.1,0.28169014084507005,10.0,7.81,False,False,True,64.85564813020733
1254,600287.SH,苏豪时尚,0.36123348017621165,27.20588235294119,1.4334684111633038,0.814962785127958,0.8604163914713108,0.8288841489165969,436796074.0,4.9,4.96,4.82,4.86,2950600.0,14420707.0,4.9,-0.8163265306122436,10.0,5.39,False,False,True,64.82270877736873
1255,001979.SZ,招商蛇口,0.10309278350515465,27.39059967585089,1.7914624120509484,1.1621865217650278,1.4189686061509859,1.1624347505105077,8869713675.0,6.67,7.1,6.63,7.07,119826816.0,827103232.0,6.67,5.997001499250376,10.0,7.34,False,False,True,64.80720790544467
1256,301301.SZ,川宁生物,0.054216867469879436,23.40702210663199,1.7680506636202087,2.252596694353764,1.1248515858313268,0.7341035495246606,619153732.0,7.96,8.15,7.96,8.08,10238569.0,82679938.0,7.96,1.5075376884422065,20.0,9.55,False,False,True,64.79751986049216
1257,600178.SH,东安动力,0.2607204116638078,28.711656441717782,0.9827560177280648,1.4105305479908494,1.252947043197593,0.6739415456157312,466476161.0,9.67,9.73,9.56,9.61,4434393.0,42723524.0,9.67,-0.6204756980351611,10.0,10.64,False,False,True,64.77426855260609
1258,002891.SZ,中宠股份,0.058509142053445894,37.91866028708135,1.5558542226871812,1.8962970775197607,0.7735979834691513,0.5665914261712534,321897746.0,27.1,27.63,27.1,27.57,3458552.0,94916491.0,27.16,1.5095729013254733,10.0,29.88,False,False,True,64.68513853904282
1259,002895.SZ,川恒股份,0.33925850685627224,28.700361010830335,1.5956425335398376,0.915942606651223,0.6595050801578193,0.6000989181547494,599348683.0,30.86,30.93,30.51,30.79,3294357.0,101175350.0,30.61,0.5880431231623628,10.0,33.67,False,False,True,64.68513853904281
1260,301289.SZ,国缆检测,0.13618074899411944,32.67838676318511,1.291928860801031,1.338644970574531,1.4610935577843234,0.49793828573367366,77500900.0,43.28,43.85,43.28,43.63,516592.0,22533259.0,43.08,1.2766945218198877,20.0,51.7,False,False,True,64.67351288509978
1261,002765.SZ,蓝黛科技,0.0833333333333333,35.82089552238805,1.3000957317115047,1.9089841309332742,1.0250487798944117,0.8438268841761816,595908390.0,6.88,6.91,6.79,6.86,9599203.0,65711411.0,6.83,0.43923865300146137,10.0,7.51,False,False,True,64.66285603565201
1262,600128.SH,苏豪弘业,0.20490367775831875,23.77622377622377,1.5535336037448453,1.6043521736047042,0.9562041252551113,0.6118181148250145,246767500.0,8.31,8.42,8.25,8.27,2422200.0,20169975.0,8.32,-0.6009615384615419,10.0,9.15,False,False,True,64.65801201317574
1263,600382.SH,广东明珠,0.18049792531120337,37.61814744801513,1.3745626944209701,1.651926233262118,0.6089177443721736,0.7986050131567503,648317121.0,6.18,6.33,6.17,6.21,8803836.0,54888917.0,6.16,0.8116883116883189,10.0,6.78,False,False,True,64.57857004456501
1264,600309.SH,万华化学,0.31969525959367945,20.119430408819472,1.6521279285214998,1.0554975926173698,0.9496337570034731,0.8699011318838269,3130471626.0,70.33,71.15,69.93,71.15,28743319.0,2028028765.0,70.33,1.1659320346935953,10.0,77.36,False,False,True,64.52237938384033
1265,601969.SH,海南矿业,0.22595419847328238,31.948051948051948,1.5950010797507683,0.8787674849677364,0.8618422175611877,0.557686122076393,1972476616.0,9.24,9.33,9.19,9.27,9666643.0,89602412.0,9.18,0.9803921568627416,10.0,10.1,False,False,True,64.5088161209068
1266,000786.SZ,北新建材,0.023048327137546502,34.09090909090908,1.6663771376584713,1.4083682572217344,1.3535663337459536,0.5269131579259194,1689507842.0,15.79,15.97,15.74,15.93,12537631.0,198796851.0,15.71,1.4003819223424419,10.0,17.28,False,False,True,64.49428405347801
1267,600235.SH,民丰特纸,0.3515358361774742,27.42616033755274,1.2449029070963888,1.324334600056927,0.8064251146182714,0.9740805228936812,351300000.0,5.8,5.8,5.7,5.73,4531800.0,26052743.0,5.77,-0.6932409012131546,10.0,6.35,False,False,True,64.48944003100175
1268,300447.SZ,全信股份,0.19539316918189042,31.448157669237364,1.440199199597595,1.891320456355991,0.6576817868365884,0.915057414359024,201452815.0,14.27,14.43,14.13,14.18,3486477.0,49719674.0,14.13,0.35385704175512345,20.0,16.96,False,False,True,64.48362720403023
1269,000897.SZ,津滨发展,0.24509803921568632,21.739130434782595,1.3257443086785237,1.8252932078546729,1.0597613855081334,1.112445717353411,1617241634.0,1.86,1.9,1.84,1.89,32838732.0,61531195.0,1.86,1.6129032258064502,10.0,2.05,False,False,True,64.4555318736679
1270,000650.SZ,仁和药业,0.2893081761006289,20.550847457627142,1.3064427920387458,1.469376735159098,1.2175771786702667,0.5062710569863058,1331385834.0,5.19,5.24,5.18,5.18,9904218.0,51557327.0,5.18,0.0,10.0,5.7,False,False,True,64.45068785119163
1271,301501.SZ,恒鑫生活,0.08148431522570783,34.5300524405002,1.3486998562830919,2.2508450574712597,0.9059691942700399,0.5126044103384517,43500000.0,27.17,27.4,27.01,27.31,501900.0,13683235.0,26.92,1.4487369985141108,20.0,32.3,False,False,True,64.42356132532456
1272,002332.SZ,仙琚制药,0.3796791443850264,18.518518518518512,1.131755140108329,1.4559788812049228,1.369119312018948,0.465189345068789,985714191.0,8.55,8.62,8.53,8.55,6676300.0,57233894.0,8.54,0.11709601873537423,10.0,9.39,False,False,True,64.41774849835303
1273,603606.SH,东方电缆,0.09016393442622957,34.13155501667171,1.3879556675510774,1.8769949358232045,1.0082473625568469,0.8570088613276359,824808488.0000001,35.52,36.18,35.31,35.88,13267880.0,475075409.0,35.52,1.0135135135135087,10.0,39.07,False,False,True,64.40999806239101
1274,600233.SH,圆通速递,0.3659180977542932,30.33783783783783,1.2805647675164307,0.63971085263123,0.9749000567416918,2.268478381144959,3425113538.0,17.77,18.7,17.76,18.33,49693850.0,908836837.0,17.57,4.325554923164465,10.0,19.33,False,False,True,64.40031001743849
1275,300238.SZ,冠昊生物,0.11011523687580041,29.636898920510312,1.839013050848393,1.6389857227031215,0.815713501337463,1.0519479331509958,265134082.00000003,11.19,11.57,11.07,11.25,4571250.0,51732951.0,11.05,1.8099547511312153,20.0,13.26,False,False,True,64.35186979267584
1276,002488.SZ,金固股份,0.05727554179566565,34.203296703296694,1.6816823291869523,1.9183966484781743,0.8397482219793072,0.8157680424941999,920083999.0,7.68,7.73,7.51,7.65,14399008.0,109929715.0,7.65,0.0,10.0,8.42,False,False,True,64.31505522185623
1277,001217.SZ,华尔泰,0.2391304347826086,34.226552984165636,1.3556035816184164,1.0492395602202413,0.8715909998735938,0.5874848611120699,328578747.0,10.15,10.28,10.14,10.24,2025400.0,20697746.0,10.19,0.4906771344455496,10.0,11.21,False,False,True,64.22980042627398
1278,003016.SZ,欣贺股份,0.18740849194729142,27.181208053691286,1.6271255396137085,1.102764945828518,1.1182612042452778,1.81870738115293,410882842.0,7.27,7.63,7.22,7.43,8240694.0,61565474.0,7.24,2.6243093922651894,10.0,7.96,False,False,True,64.20848672737843
1279,688281.SH,华秦科技,0.21766233766233756,24.88773339636019,1.8738012773498895,0.8905860182606067,0.9941268425787642,0.5266924995899254,381598945.0,50.87,51.63,50.77,51.0,1789947.0,91424565.0,50.69,0.6115604655750673,20.0,60.83,False,False,True,64.20461150939741
1280,003035.SZ,南网能源,0.15732087227414324,25.048923679060643,1.5859408805286523,1.5063303832694634,1.2644749764437169,0.780187215584043,3787878787.0,5.62,5.76,5.52,5.68,44515898.0,252091255.0,5.55,2.3423423423423406,10.0,6.11,False,False,True,64.16198411160629
1281,600346.SH,恒力石化,0.1344398340248962,35.02710027100271,2.3013260185941764,0.46987545290638094,0.8220045293130277,0.7760125003167044,7039099786.0,16.39,16.72,16.23,16.42,25666615.0,422287809.0,16.38,0.24420024420026554,10.0,18.02,False,False,True,64.15423367564426
1282,600834.SH,申通地铁,0.38225255972696254,23.728813559322013,1.3878474707104842,0.631039879904953,1.3295355097621973,0.6877940236554041,477381905.0,7.6,7.73,7.57,7.57,2071959.0,15863900.0,7.61,-0.5256241787122251,10.0,8.37,False,False,True,64.13291997674868
1283,301221.SZ,光庭信息,0.07037037037037035,31.754530477759467,1.6715884939181151,1.969508196457076,0.8944100840669313,0.5690632103458205,89340795.99999999,25.8,26.26,25.7,25.86,1001309.0,26042112.0,25.8,0.23255813953488857,20.0,30.96,False,False,True,64.12904475876768
1284,000665.SZ,湖北广电,0.1630434782608696,26.062322946175655,1.5221678335439925,1.5554470567735568,1.1673187216453775,0.7946643105198418,1137119780.0,4.13,4.14,4.05,4.07,14055463.0,57510953.0,4.13,-1.4527845036319542,10.0,4.54,False,False,True,64.1019182329006
1285,301032.SZ,新柴股份,0.24006116207951078,26.634958382877528,1.3539162513704788,1.9765426903857797,0.7948986981036474,1.0991421834229913,163861801.0,10.01,10.13,9.85,9.95,3559900.0,35550836.0,9.98,-0.30060120240481547,20.0,11.98,False,False,True,64.07866692501453
1286,300625.SZ,三雄极光,0.28418803418803423,23.058252427184467,1.5118562175260126,1.2721531215602755,0.9609554622828494,1.2899116306918794,161971756.0,9.64,9.92,9.53,9.75,2657900.0,26018660.0,9.57,1.880877742946696,20.0,11.48,False,False,True,64.06316605309048
1287,301173.SZ,毓恬冠佳,0.19000786782061377,27.612761276127596,1.3089264810121048,2.014185080187881,0.9437869957389117,0.5931270218638086,30828659.0,32.11,32.69,32.07,32.18,368300.0,11928915.0,32.1,0.24922118380061864,20.0,38.52,False,False,True,64.06122844409998
1288,601279.SH,英利汽车,0.19484240687679075,29.61672473867596,1.4278808913500856,0.9903942996444081,1.4501338500515633,1.33854582722243,1585785985.0,3.5,3.57,3.45,3.48,21022577.0,73458088.0,3.55,-1.9718309859154903,10.0,3.91,False,False,True,64.05541561712846
1289,002395.SZ,双象股份,0.1380710659898478,25.31760435571688,1.5981100765253689,2.001034305336505,1.0003840896375669,0.5081094321265017,268209000.0,12.38,12.54,12.33,12.43,2727000.0,33959822.0,12.38,0.40387722132471104,10.0,13.62,False,False,True,63.98759930246075
1290,603908.SH,牧高笛,0.23884103367267037,30.28350515463918,1.3309133312861114,1.304646833418467,0.9500531335501422,1.1512468988129252,93126988.0,18.44,18.85,18.4,18.45,1398740.0,26081623.0,18.57,-0.646203554119551,10.0,20.43,False,False,True,63.95272234063166
1291,603612.SH,索通发展,0.08780036968576703,31.17241379310345,1.5109420864360188,2.2949854982125295,0.8889048719755536,0.7342312902002044,498104459.0,16.52,16.69,16.42,16.6,8393310.0,139029725.0,16.4,1.2195121951219745,10.0,18.04,False,False,True,63.94884712265064
1292,603392.SH,万泰生物,0.007950530035335678,31.781376518218618,2.490762527062852,0.6963721259837174,1.6075592013945152,0.6608500772080452,1264392804.0,25.16,26.1,25.05,25.42,5818705.0,148323720.0,24.97,1.802162595114143,10.0,27.47,False,False,True,63.94690951366013
1293,601567.SH,三星电气,0.06731707317073174,33.67108339828526,1.9879915428171024,1.256438478137132,0.9078699272442868,1.096494438623059,1405209400.0,14.29,14.47,14.12,14.27,19359258.0,277160759.0,14.21,0.4222378606614896,10.0,15.63,False,False,True,63.913970160821556
1294,603901.SH,永创智能,0.08192457737321206,38.61502347417842,1.4408689910108947,1.5518525465463506,0.9779451254810537,0.8542213951107914,568899147.0,9.2,9.42,9.2,9.28,7541473.0,70120546.0,9.15,1.4207650273224015,10.0,10.07,False,False,True,63.90234450687851
1295,600155.SH,华创云信,0.2678571428571428,22.857142857142865,1.4074415483071752,1.3699132340670184,1.1379938932352367,0.9093830463217528,2183188774.0,5.94,6.07,5.93,5.98,27369844.0,163855749.0,5.93,0.8431703204047292,10.0,6.52,False,False,True,63.87715559000194
1296,003028.SZ,振邦智能,0.2254768392370572,26.518218623481783,1.483062789407431,1.6473004044422903,0.87248990056401,0.9502749033156276,70693645.0,23.32,23.45,23.05,23.2,1106630.0,25724517.0,23.07,0.563502384048542,10.0,25.38,False,False,True,63.863592327068396
1297,001387.SZ,雪祺电气,0.15472779369627507,39.320388349514545,1.0270066679762653,2.2002148432146074,0.796852735655929,0.9805330189047579,116409541.0,11.45,11.6,11.38,11.5,2511400.0,28889156.0,11.38,1.0544815465729274,10.0,12.52,False,False,True,63.85971710908739
1298,603280.SH,南方路机,0.1254194630872484,29.5484436650592,1.336520421017657,1.7698901765884882,1.5343521275604637,0.5714541247247227,108406667.0,25.85,26.39,25.73,25.98,1096437.0,28587891.0,25.8,0.6976744186046435,10.0,28.38,False,False,True,63.85002906413486
1299,600202.SH,哈空调,0.328125,29.68369829683697,1.3183917941470595,1.4580412171865713,0.6774977119323945,0.8667150331930943,383340672.0,4.95,5.0,4.92,4.97,4844300.0,24058405.0,4.95,0.40404040404038444,10.0,5.45,False,False,True,63.82484014725828
1300,605155.SH,西大门,0.31340405014464806,35.96412556053812,1.2111273489937446,1.067196806255133,0.7565668516512446,0.7919590830972604,187428372.00000003,14.48,14.58,14.27,14.35,1584100.0,22874646.0,14.4,-0.3472222222222321,10.0,15.84,False,False,True,63.81902732028677
1301,600715.SH,文投控股,0.15671641791044771,27.97202797202798,1.6466667320954411,1.2358249931057739,1.2086705345997242,0.7715629627620303,2862372241.0,1.64,1.66,1.62,1.63,27293200.0,44609143.0,1.64,-0.6097560975609762,10.0,1.8,False,False,True,63.766711877543116
1302,002817.SZ,黄山胶囊,0.33003300330033003,25.678119349005414,1.4018217095857572,1.5812148943355266,0.7376554631522435,0.7233333789636684,290361795.0,6.53,6.63,6.45,6.47,3321000.0,21704224.0,6.53,-0.9188361408882129,10.0,7.18,False,False,True,63.74539817864755
1303,002042.SZ,华孚时尚,0.20224719101123598,29.75460122699389,1.4204727866529037,1.7491973003961077,0.8293304968304354,1.2029858937337583,1700681355.0,3.88,3.91,3.81,3.84,35786752.0,137954869.0,3.8,1.0526315789473717,10.0,4.18,False,False,True,63.73764774268553
1304,000419.SZ,通程控股,0.2617187500000003,24.361948955916503,1.4352485189281878,1.3733841636282482,1.0513943426917634,0.7736758346394453,543582655.0,4.97,5.06,4.94,4.98,5775860.0,28917355.0,4.98,0.0,10.0,5.48,False,False,True,63.716334043789956
1305,600997.SH,开滦股份,0.20689655172413784,29.28416485900216,1.6630955662749667,0.8624854191398915,1.0913247579461178,0.69473925167064,1587799851.0,5.17,5.23,5.13,5.16,9514136.0,49152592.0,5.21,-0.9596928982725461,10.0,5.73,False,False,True,63.69308273590389
1306,301011.SZ,华立科技,0.07855153203342619,21.633888048411485,2.2431666745733265,1.722493701910866,1.1171975450205935,3.9942375558574645,146696876.0,14.68,17.21,14.51,15.6,10092817.0,159630600.0,14.63,6.630211893369786,20.0,17.56,False,False,True,63.662080992055806
1307,603190.SH,亚通精工,0.23929098966026605,32.54985754985755,1.3176055402061468,1.068372023809519,1.0219845700039487,0.7517334172765082,168000000.0,15.74,15.83,15.61,15.73,1349260.0,21219569.0,15.66,0.446998722860803,10.0,17.23,False,False,True,63.59813989536911
1308,002043.SZ,兔 宝 宝,0.09212283044058737,31.999999999999986,1.7577327472485789,1.3697772517071694,1.0552069581528143,0.7449903269159838,806105572.0,10.8,11.09,10.74,11.02,8226072.0,89862088.0,10.79,2.131603336422616,10.0,11.87,False,False,True,63.5884518504166
1309,002593.SZ,日上集团,0.20689655172413787,25.97402597402596,1.2155715982325195,2.2779155912638758,1.0021863095039059,1.0904057941626741,560504329.0,4.64,4.69,4.56,4.59,13922100.0,64320627.0,4.63,-0.8639308855291628,10.0,5.09,False,False,True,63.561325324549514
1310,300713.SZ,英可瑞,0.21538461538461537,35.53398058252426,1.1180322728196812,2.3477328721511608,0.6391078685146908,0.899949610425273,89407331.0,12.89,13.0,12.67,12.79,1889035.0,24243288.0,12.82,-0.23400936037442088,20.0,15.38,False,False,True,63.561325324549514
1311,601801.SH,皖新传媒,0.27615062761506287,24.675324675324674,1.5759623424011082,0.7554783932383781,1.44463390938508,2.146839858329247,1957931237.0,5.31,5.57,5.26,5.34,31755513.0,172024834.0,5.28,1.1363636363636243,10.0,5.81,False,False,True,63.541949234644456
1312,002476.SZ,新叶股份,0.23366834170854284,32.91770573566086,1.2535172894895843,1.4525180473856159,0.8918525869553744,0.8459612751934523,612000000.0,4.96,4.98,4.84,4.86,7520097.0,36824155.0,4.94,-1.619433198380571,10.0,5.43,False,False,True,63.516760317767876
1313,003008.SZ,开普检测,0.393244873341375,28.58052196053469,1.0951527986830851,1.5317148661854008,0.7935947556230121,0.981870409636648,80220061.0,19.05,19.2,18.72,18.74,1206466.0,22837930.0,18.97,-1.2124406958355372,10.0,20.87,False,False,True,63.51094749079637
1314,688443.SH,智翔金泰-U,0.155094094743673,31.9047619047619,1.577446657328489,2.093323104819019,0.6695729075149544,0.8538510588962746,143390000.0,22.57,23.41,22.57,22.9,2562933.0,59075568.0,22.46,1.9590382902938464,20.0,26.95,False,False,True,63.50416585932959
1315,003017.SZ,大洋生物,0.24892703862660934,33.74070138150904,1.0178718759173393,1.8696535492998596,0.8413106286138112,0.7954064533473244,83481083.99999999,21.78,22.27,21.72,22.2,1241476.0,27416118.0,21.72,2.20994475138121,10.0,23.89,False,False,True,63.49350900988181
1316,603098.SH,森特股份,0.16701680672268907,32.73942093541202,1.7409371916952252,0.9831263022063401,0.9263157535787492,0.682927398380275,538799978.0,10.58,10.82,10.5,10.65,3617524.0,38661259.0,10.57,0.7568590350047311,10.0,11.63,False,False,True,63.48188335593877
1317,300329.SZ,海伦钢琴,0.23755186721991708,37.66909469302811,1.5720235801728408,0.902011645248591,0.6999249246014648,0.8336947391745385,252140431.0,11.95,12.08,11.85,11.99,1896102.0,22742139.0,11.9,0.7563025210084007,20.0,14.28,False,False,True,63.458632048052706
1318,601222.SH,林洋能源,0.3425414364640885,15.999999999999993,1.4607642628785933,1.4155060425534958,1.1959739579991762,0.5556552998849522,2041220156.0,5.87,5.97,5.87,5.94,16054879.0,95256015.0,5.87,1.192504258943794,10.0,6.46,False,False,True,63.429567913195115
1319,600682.SH,南京新百,0.1086474501108646,24.063116370808668,1.999597318501992,1.5645399332951166,1.123037112534379,1.0826839785753692,1164060275.0,5.56,5.72,5.53,5.57,19718044.0,111298567.0,5.56,0.17985611510793476,10.0,6.12,False,False,True,63.41794225925208
1320,300800.SZ,力合科技,0.33618843683083516,24.0,1.498542582412684,1.235343214421079,0.8846695501994529,1.1380362097059027,234279200.0,10.11,10.25,9.96,10.02,3293650.0,33242876.0,10.07,-0.49652432969216065,20.0,12.08,False,False,True,63.41503584576632
1321,600875.SH,东方电气,0.22732404968009032,28.936170212765955,1.7103963236316821,1.6057123172306902,0.6194110677560072,0.9019761745403939,2263366595.0,24.28,24.56,24.1,24.42,32780661.0,797943040.0,23.98,1.8348623853211121,10.0,26.38,False,False,True,63.38500290641349
1322,688590.SH,新致软件,0.03744628606507056,32.532347504621065,2.1392667531123903,2.060455215408799,0.6899691963142156,0.9352908882291988,281517184.0,11.51,11.68,11.42,11.6,5425188.0,62611537.0,11.43,1.4873140857392775,20.0,13.72,False,False,True,63.35012594458439
1323,600335.SH,国机汽车,0.2480620155038762,21.75824175824177,1.4994333395274588,1.2245017719814315,1.703191512888508,0.5212317645126238,1487456892.0,5.18,5.22,5.15,5.16,9493682.0,49127851.0,5.19,-0.5780346820809301,10.0,5.71,False,False,True,63.33656268165085
1324,301272.SZ,英华特,0.23601973684210523,27.211606510969567,1.4453172568353925,1.7801900453526323,0.8351134444391091,0.7565731820575028,39686323.0,34.17,34.56,33.8,34.01,532900.0,18236063.0,34.0,0.029411764705877808,20.0,40.8,False,False,True,63.28812245688821
1325,300973.SZ,立高食品,0.11945117029862796,26.055045871559624,1.6087028511735457,2.23553445890938,1.0058720852898824,0.6299334873601687,118563764.0,24.82,25.45,24.82,25.06,1669660.0,41963731.0,24.76,1.2116316639741331,20.0,29.71,False,False,True,63.28812245688818
1326,688569.SH,铁科轨道,0.35893854748603354,32.94723294723296,1.1241163048553473,0.5857937443364271,1.2802815520584456,0.591102296392914,210666700.0,18.06,18.39,17.98,18.29,729463.0,13419195.0,18.11,0.993926007730539,20.0,21.73,False,False,True,63.21061809726797
1327,688778.SH,厦钨新能,0.05957095709570956,36.38370951913643,2.0777324210358374,1.208622483230991,0.8610340720388963,0.6538798856666008,504691083.0,44.76,45.5,44.5,45.22,3988543.0,179866001.0,44.37,1.9157088122605304,20.0,53.24,False,False,True,63.16799069947685
1328,600426.SH,华鲁恒升,0.10838059231253953,26.94915254237289,1.888668925106268,1.4744566571217075,1.1247990307185587,0.5401766484800995,2749579013.0000005,19.41,19.7,19.3,19.47,21899491.0,426997218.0,19.42,0.2574665293511691,10.0,21.36,False,False,True,63.136988955628745
1329,600217.SH,中再资环,0.26404494382022486,25.992779783393516,1.5285934782053157,0.9463926485686318,1.2434170476772808,0.5733968748232118,1657653673.0000002,3.26,3.28,3.22,3.23,8995400.0,29198410.0,3.24,-0.30864197530865445,10.0,3.56,False,False,True,63.06917264096106
1330,002123.SZ,梦网科技,0.06701708278580812,35.035460992907794,1.5469280035926254,2.237167083498219,0.861892035036771,0.7436216074375306,720532059.0,7.66,7.75,7.62,7.63,11986813.0,92107604.0,7.56,0.92592592592593,10.0,8.32,False,False,True,63.06723503197055
1331,300972.SZ,万辰集团,0.06590441932168545,36.00952439098848,1.9523512678648838,1.0495428817955414,1.031790020455838,0.8878033365498172,180785975.0,168.91,171.09,167.84,169.38,1683978.0,285680078.0,168.92,0.27231825716316216,20.0,202.7,False,False,True,63.061422204999026
1332,300807.SZ,天迈科技,0.11548987411056373,36.86440677966103,1.5662861925906122,1.9641999099292455,0.7212620806673973,1.3248454955632492,51939171.0,35.06,36.86,34.82,35.98,1351593.0,48888028.0,34.9,3.0945558739254864,20.0,41.88,False,False,True,63.0517341600465
1333,603277.SH,银都股份,0.1825902335456476,36.410256410256416,1.4040040098266156,0.6205190103535271,1.9539274505171316,0.5686662666938014,609746025.0,11.5,11.53,11.2,11.27,2151600.0,24422033.0,11.42,-1.3134851138353776,10.0,12.56,False,False,True,63.02460763417942
1334,300719.SZ,安达维尔,0.16059757236227828,28.48722986247545,1.3890992197600742,2.235741202996105,0.9418345626605064,0.7804715788943154,179620132.0,11.97,12.07,11.76,11.89,3134250.0,37324582.0,11.9,-0.08403361344537785,20.0,14.28,False,False,True,63.01298198023639
1335,000756.SZ,新华制药,0.170767004341534,27.485380116959046,1.6264702729092915,1.5454177967983465,1.0131614437891174,2.050114007786908,498872911.0,12.82,14.0,12.77,13.34,15805704.0,211223116.0,12.76,4.545454545454541,10.0,14.04,False,False,True,62.98779306335982
1336,301586.SZ,佳力奇,0.04467713787085507,26.27210393359798,1.7810366169228693,2.146086348282122,1.3026991447402385,0.558511990901063,52911070.0,29.16,29.42,28.87,29.11,634200.0,18504884.0,28.99,0.4139358399448012,20.0,34.79,False,False,True,62.945165665568695
1337,301078.SZ,孩子王,0.09856630824372757,29.179810725552045,1.696001763949954,1.7913260433844926,1.091851248487309,0.631250234521318,1260986021.0,6.9,7.02,6.89,6.95,14259878.0,99369960.0,6.89,0.8708272859216271,20.0,8.27,False,False,True,62.93935283859716
1338,601615.SH,明阳智能,0.025374855824682883,36.95175438596492,2.028824313486487,2.04329550546778,0.6413733389839922,0.9840316045983757,2261496706.0,9.53,9.85,9.5,9.74,45471176.0,441263565.0,9.56,1.882845188284521,10.0,10.52,False,False,True,62.935477620616155
1339,002408.SZ,齐翔腾达,0.33460076045627396,27.212389380530986,1.4610296598103016,1.0767733244312545,0.8916511617664953,0.4142186843122582,2751751309.0,5.4,5.45,5.38,5.4,12273351.0,66379257.0,5.4,0.0,10.0,5.94,False,False,True,62.92772718465414
1340,600699.SH,均胜电子,0.09570041608876562,35.1123595505618,1.8506962907916846,1.7462487134222056,0.7199106602749515,3.0353534186330746,1395670563.0,20.68,20.98,20.01,20.14,73977267.0,1505005444.0,19.87,1.3588324106693417,10.0,21.86,False,False,True,62.92772718465414
1341,688489.SH,三未信安,0.20250148898153678,27.794117647058837,1.7290373179238787,0.8640326591120632,1.2836684487399017,1.0243064498968033,168277447.0,23.7,24.77,23.7,24.27,1489313.0,36392590.0,23.8,1.9747899159663795,20.0,28.56,False,False,True,62.900600658787056
1342,688162.SH,巨一科技,0.2617886178861788,36.7175170962651,1.4848467298223835,0.860245757181164,0.7926584219868286,0.9159035973775219,137100775.0,23.92,24.43,23.92,24.35,1080220.0,26143280.0,23.84,2.1392617449664586,20.0,28.61,False,False,True,62.857973260995934
1343,603059.SH,倍加洁,0.11540251279664963,27.412587412587406,1.9155302532723844,1.412809424113994,1.1153059107377223,1.4999132930890189,100448700.0,23.9,25.62,23.81,24.54,2128600.0,53110611.0,23.93,2.5491015461763356,10.0,26.32,False,False,True,62.809533036233276
1344,603711.SH,香飘飘,0.19073569482288832,28.19472616632861,1.6158701643761897,1.2031767795557968,1.1507347925831473,0.7326530149245151,412874100.00000006,11.27,11.75,11.2,11.64,3639531.0,42056316.0,11.26,3.374777975133214,10.0,12.39,False,False,True,62.80372020926177
1345,600743.SH,华远控股,0.17613636363636367,31.382978723404275,1.7229741783479242,1.4898719610638484,0.7652006288218617,1.1806179299750854,2346100874.0,2.08,2.14,2.06,2.12,41267200.0,86803223.0,2.08,1.9230769230769162,10.0,2.29,False,False,True,62.80372020926176
1346,002568.SZ,百润股份,0.2885648503453569,33.914728682170534,1.4298637099646423,1.2757597447757696,0.6721839392841916,0.7667725067214921,762108530.9999999,17.74,18.05,17.66,17.92,7455079.0,133445422.0,17.77,0.8441193021947235,10.0,19.55,False,False,True,62.77465607440419
1347,600149.SH,廊坊发展,0.23579545454545453,27.294685990338174,1.3469669732385692,2.3093819575967967,0.7589207007140263,0.7529831562803858,380160000.0,4.98,5.02,4.92,4.93,6610700.0,32809145.0,4.97,-0.8048289738430636,10.0,5.47,False,False,True,62.76884324743267
1348,300457.SZ,赢合科技,0.1769196228109565,29.83587338804221,1.6182621021395327,1.7574897292823817,0.8089549988758398,1.353989849179338,643652203.0,21.13,22.41,21.13,22.17,15192432.0,330003490.0,21.0,5.571428571428583,20.0,25.2,False,False,True,62.712652586708
1349,002835.SZ,同为股份,0.28449502133712656,24.07749077490775,1.3273527188330752,1.8522690965468918,0.94522275384369,0.9044859951126072,127453854.0,12.9,13.09,12.79,12.92,2135300.0,27707865.0,12.84,0.6230529595015577,10.0,14.12,False,False,True,62.70102693276496
1350,600444.SH,国机通用,0.23942208462332307,32.09982788296042,1.1265713798255366,1.6997114202809402,0.9939495586884459,0.7988748409191554,146421932.0,13.94,14.07,13.86,13.88,1988200.0,27771691.0,13.94,-0.43041606886655703,10.0,15.33,False,False,True,62.69715171478396
1351,603041.SH,美思德,0.34942084942084917,27.193932827735633,1.4619754916916428,1.1900566565698194,0.8267030666236795,0.9269663578629334,183147692.0,11.04,11.1,10.81,10.88,2020380.0,22184993.0,11.04,-1.4492753623188248,10.0,12.14,False,False,True,62.68746366983142
1352,600653.SH,申华控股,0.34177215189873417,21.91780821917808,1.482029279725603,1.1281961730812091,1.1271956013938755,1.213609420279188,1946380317.0,1.73,1.74,1.69,1.7,26649635.0,45494163.0,1.73,-1.7341040462427793,10.0,1.9,False,False,True,62.673900406897886
1353,603997.SH,继峰股份,0.2780082987551867,22.524977293369663,1.4890828616431457,1.3878431763403565,1.1265349401587526,1.1852805847521077,1272264864.0,12.41,12.6,12.22,12.57,20928548.0,260994491.0,12.35,1.7813765182186359,10.0,13.59,False,False,True,62.666149970935855
1354,002099.SZ,海翔药业,0.12559241706161145,22.176591375770016,2.3770472125977506,1.401291118230614,1.0644603254141027,0.7404041251249649,1616843253.0,5.36,5.46,5.29,5.36,16775100.0,90115368.0,5.4,-0.7407407407407418,10.0,5.94,False,False,True,62.64096105405928
1355,688789.SH,宏华数科,0.04402641584950976,38.66666666666667,1.8650517270088276,1.0992582903168935,1.0689302067644024,0.854860926695104,180256107.0,41.39,42.87,41.2,42.52,1693890.0,71445693.0,41.2,3.2038834951456208,20.0,49.44,False,False,True,62.63417942259253
1356,688070.SH,纵横股份,0.04466821585334367,35.975814578434665,1.805964863890494,1.6245685106960432,0.9476449586096429,1.5583093784712272,88420500.0,32.64,33.99,32.38,33.06,2238436.0,74639616.0,31.5,4.9523809523809526,20.0,37.8,False,False,True,62.62933540011626
1357,301600.SZ,慧翰股份,0.046943832599118905,30.391891891891888,2.0004116047077956,2.306911046700865,0.7747718005618899,0.7881668677618662,32258500.0,77.86,78.9,77.55,78.1,586534.0,45963850.0,77.41,0.8913577057227728,20.0,92.89,False,False,True,62.61189691920171
1358,300698.SZ,万马科技,0.12872793670115643,32.136279926335185,1.2864687852456596,2.36926087218979,1.0076159078660696,1.3339800537338893,120184965.0,26.1,27.76,25.98,27.13,3798502.0,103260354.0,25.95,4.547206165703277,20.0,31.14,False,False,True,62.6099593102112
1359,600557.SH,康缘药业,0.2347972972972974,28.811973807296543,1.636999201233003,1.0854532217591206,0.9658540725382004,0.5089254724151717,566158806.0,12.08,12.26,12.08,12.08,3127545.0,38033850.0,12.08,0.0,10.0,13.29,False,False,True,62.59833365626816
1360,002067.SZ,景兴纸业,0.1345029239766083,35.01400560224091,1.445000676011693,2.343007982498682,0.7304403638380272,0.8428392115312104,1337603853.0,4.05,4.1,4.03,4.09,26414720.0,107701225.0,4.03,1.4888337468982549,10.0,4.43,False,False,True,62.592520829296646
1361,600232.SH,金鹰股份,0.3078602620087337,35.70019723865876,1.185099828338615,1.4251223266563557,0.7315892267740143,0.6367449634408423,364718544.0,6.52,6.59,6.45,6.47,3309600.0,21631881.0,6.48,-0.15432098765433278,10.0,7.13,False,False,True,62.5750823483821
1362,002819.SZ,东方中科,0.20540156361051887,28.704720087815595,1.3179304425005252,1.5530636029380203,1.2719832855559807,0.46075804857178587,236198486.0,21.38,21.59,21.14,21.4,1696400.0,36335571.0,21.11,1.3737565135007124,10.0,23.22,False,False,True,62.52664212361946
1363,301298.SZ,东利机械,0.24965132496513237,30.2734375,1.3643705465281049,1.6795222327738426,0.8302777128007574,1.0398837628076751,108204492.0,12.06,12.22,11.96,12.06,1889800.0,22850136.0,12.03,0.24937655860350905,20.0,14.44,False,False,True,62.47820189885681
1364,002863.SZ,今飞凯达,0.2723880597014927,26.49999999999999,1.2150007665663032,1.8359126245521618,1.009678853886385,0.7328824472173425,599483554.0,4.73,4.8,4.67,4.69,8066100.0,38183245.0,4.73,-0.8456659619450302,10.0,5.2,False,False,True,62.47432668087579
1365,601600.SH,中国铝业,0.2315035799522674,33.15994798439532,1.6833327132976046,1.2772563697018557,0.6885034693721288,0.881021397849574,13203339905.0,9.31,9.38,9.21,9.35,148575889.0,1383737072.0,9.16,2.0742358078602585,10.0,10.08,False,False,True,62.37550862236
1366,688581.SH,安杰思,0.2452601855586929,18.285714285714285,1.495718083308113,1.7744244914758172,1.5811148642800261,0.9404176904597235,41178278.0,54.91,55.96,54.64,55.13,687142.0,38046523.0,55.08,0.09077705156137483,20.0,66.1,False,False,True,62.34160046502616
1367,002945.SZ,华林证券,0.1495327102803738,27.605409705648356,2.0594368303934893,0.7630504574074015,1.6643300603646307,0.7305354960908159,2700000000.0,13.89,14.4,13.86,14.25,15050757.0,212019672.0,13.85,2.8880866425992746,10.0,15.24,False,False,True,62.3386940515404
1368,300960.SZ,通业科技,0.17516902274124163,31.811377245508975,1.4664718574130944,1.3742506805776533,1.112492813247803,1.0722635628151007,131579400.0,16.37,16.45,16.0,16.21,1938900.0,31544520.0,16.21,0.0,20.0,19.45,False,False,True,62.31544274365434
1369,002489.SZ,浙江永强,0.3272727272727272,22.799999999999997,1.505327274240744,1.2864103945709953,1.0109311149489624,2.5856208927128774,1913042953.0,3.04,3.17,3.0,3.13,63631053.0,198547441.0,3.04,2.960526315789469,10.0,3.34,False,False,True,62.28831621778724
1370,603258.SH,电魂网络,0.19373454245671887,37.302325581395344,1.4694656242668418,1.1401507864276028,0.8947745061377124,1.0748849974050165,241341350.0,13.1,13.35,12.9,12.9,2957713.0,38846767.0,13.1,-1.5267175572518998,10.0,14.41,False,False,True,62.27862817283473
1371,600710.SH,苏美达,0.364140480591497,27.74193548387096,1.3747553186212969,0.9141017236514779,1.0511580606116393,0.960094153386494,1306749434.0,11.3,11.59,11.14,11.4,11468343.0,130580926.0,11.2,1.7857142857143016,10.0,12.32,False,False,True,62.26118969192018
1372,300701.SZ,森霸传感,0.28200972447325773,31.210986267166053,1.4038257942636398,1.3477040359830614,0.8214807721269267,0.7011917080964977,252153734.0,9.82,9.92,9.77,9.85,2382850.0,23491941.0,9.75,1.025641025641022,20.0,11.7,False,False,True,62.22049990311955
1373,002761.SZ,浙江建投,0.22981366459627336,27.073552425665092,1.448997526017281,1.3052569842427535,1.3276991788132724,0.5598734697013615,1081789109.0,7.13,7.27,7.13,7.25,7905485.0,57070541.0,7.13,1.6830294530154388,10.0,7.84,False,False,True,62.2011238132145
1374,003015.SZ,日久光电,0.3095768374164812,37.87721123829346,1.1714096903936777,1.6280910729737943,0.5877232566714983,1.2710829705724178,247042817.0,12.41,12.52,12.28,12.48,5112400.0,63379928.0,12.39,0.7263922518159882,10.0,13.63,False,False,True,62.148808370470846
1375,600858.SH,银座股份,0.17435897435897432,25.70093457943925,1.569463488311543,1.749483350848579,1.1763565804859035,0.9698719849051346,517548029.0,4.93,5.06,4.93,4.96,8781625.0,43923585.0,4.96,0.0,10.0,5.46,False,False,True,62.14008913001358
1376,600435.SH,北方导航,0.12268518518518516,26.806282722513064,1.7163393526156092,1.7377194660044628,1.2731603709772337,0.6628156542475258,1512357749.0,11.19,11.46,11.11,11.41,17419150.0,197684249.0,11.14,2.4236983842010673,10.0,12.25,False,False,True,62.13136988955629
1377,002930.SZ,宏川智慧,0.14610389610389618,38.74345549738221,1.4650016455021722,1.816454639296131,0.7428552294384169,0.7049678091141613,433418021.0,9.05,9.17,9.0,9.07,5550100.0,50529097.0,8.99,0.8898776418242438,10.0,9.89,False,False,True,62.08486727378415
1378,603982.SH,泉峰汽车,0.2589473684210527,30.392156862745125,1.3919575354483626,1.4779886941425757,0.8866022889191829,1.4165405374353124,339553548.0,6.28,6.35,6.18,6.21,7108998.0,44447819.0,6.33,-1.8957345971563955,10.0,6.96,False,False,True,62.07130401085061
1379,301039.SZ,中集车辆,0.27012987012987016,35.43307086614173,1.3966621932109224,0.8936965921335406,0.9399338832546852,0.9122101255982648,1446957375.0,7.39,7.42,7.29,7.35,11796162.0,86629332.0,7.39,-0.5412719891745632,20.0,8.87,False,False,True,62.04223987599302
1380,688639.SH,华恒生物,0.07526881720430113,28.30578512396693,2.0371582573429405,1.9214974447844781,0.9447482855432066,0.997974465761222,250115693.0,16.99,17.65,16.61,17.04,4796232.0,82455016.0,16.69,2.097064110245639,20.0,20.03,False,False,True,61.98217399728735
1381,603117.SH,万林物流,0.2587412587412588,30.061349693251536,1.473717115241595,1.395803707818375,0.8721511525446706,0.8657402269970448,599197742.0,4.0,4.03,3.91,3.92,7240726.0,28697764.0,4.0,-2.0000000000000018,10.0,4.4,False,False,True,61.9686107343538
1382,002873.SZ,新天药业,0.17637271214642256,27.272727272727295,1.588334380095627,2.3538522261628723,0.7945501680825937,0.7689352636998769,239690548.00000003,8.11,8.23,8.03,8.03,4338303.0,35217885.0,8.1,-0.8641975308641969,10.0,8.91,False,False,True,61.92404572757218
1383,603393.SH,新天然气,0.19319727891156452,31.474296799224042,1.417369102607919,1.9555326830725788,0.853163365223666,0.5209170833866059,423921327.0,24.67,25.18,24.5,25.08,4318361.0,107562793.0,24.88,0.8038585209003246,10.0,27.37,False,False,True,61.92404572757218
1384,002111.SZ,威海广泰,0.3999999999999999,22.557297949336565,1.0660899881177104,1.8251192128585476,1.1010635398498803,0.6922435887324991,488751597.0,9.56,9.6,9.48,9.49,6175020.0,58849228.0,9.53,-0.41972717733472775,10.0,10.48,False,False,True,61.88141832978105
1385,301022.SZ,海泰科,0.11172976985894588,34.81246698362388,1.597846005581149,2.123102033153467,0.8201800006228395,0.8245749926591942,66986286.0,22.25,22.3,21.94,22.19,1172700.0,26003130.0,21.94,1.1394712853236122,20.0,26.33,False,False,True,61.86785506684752
1386,600415.SH,小商品城,0.21686746987951788,38.90063424947145,1.775654018012166,0.9118104070606009,0.6585671498977341,0.743304639467005,5483559226.000001,11.63,12.05,11.62,11.82,37164982.0,441734472.0,11.62,1.7211703958692093,10.0,12.78,False,False,True,61.8291028870374
1387,600099.SH,林海股份,0.3781321184510249,29.838709677419352,1.210085692808257,1.4581412239868512,0.8256863105372022,0.7434557839813072,219120000.0,9.18,9.23,8.99,9.03,2375400.0,21567480.0,9.1,-0.7692307692307776,10.0,10.01,False,False,True,61.7632241813602
1388,605377.SH,华旺科技,0.28327645051194544,31.443298969072163,1.1298579019077708,1.4601689217574627,1.077350866355867,0.6481064905582499,556670268.0,8.1,8.19,8.07,8.1,5268021.0,42799842.0,8.1,0.0,10.0,8.91,False,False,True,61.70703352063555
1389,002166.SZ,莱茵生物,0.13563218390804613,23.762376237623762,1.8154360694961373,1.8115829727666768,1.2799506244576397,0.8154227748046946,738553925.0,6.66,6.74,6.58,6.61,10909963.0,72427044.0,6.65,-0.6015037593984918,10.0,7.32,False,False,True,61.6992830846735
1390,603609.SH,禾丰股份,0.3043478260869567,27.697841726618712,1.5544927961966946,0.5985497449857445,1.5701094958287993,0.6479108438911598,904016733.0,6.38,6.41,6.31,6.32,3505839.0,22270830.0,6.4,-1.2499999999999956,10.0,7.04,False,False,True,61.63534198798683
1391,301330.SZ,熵基科技,0.16098748261474277,28.708593374940005,1.5923342375885807,1.6388609059854835,1.154321978646533,0.7593686069606355,204668620.0,25.62,25.93,25.6,25.73,2547100.0,65584185.0,25.46,1.060487038491753,20.0,30.55,False,False,True,61.61402828909126
1392,300638.SZ,广和通,0.11180124223602488,37.995198079231685,1.6310984787040514,2.100460407858764,0.6987270570266046,2.363589825702856,530391685.0,18.9,19.85,18.8,19.79,26331968.0,514078782.0,18.82,5.154091392136029,20.0,22.58,False,False,True,61.61209068010076
1393,002154.SZ,报 喜 鸟,0.3287671232876711,26.0,1.10468707394092,2.1316178084578046,0.9444183394988255,0.789685907945453,1180127141.0,3.85,3.92,3.84,3.87,19865181.0,77174723.0,3.84,0.78125,10.0,4.22,False,False,True,61.585932958728925
1394,300908.SZ,仲景食品,0.2880523731587562,29.569892473118276,1.2599015639470283,1.276571012083481,1.1708917535813574,0.8292146681896692,178339160.0,16.71,16.98,16.71,16.8,1370770.0,23120609.0,16.64,0.9615384615384581,20.0,19.97,False,False,True,61.57333850029064
1395,603489.SH,八方股份,0.3396334478808706,30.074203404626807,1.6127909039399562,0.9888782436404796,0.7764831239165827,1.0637820496450099,234617979.0,28.85,29.29,28.75,28.94,2468066.0,71497719.0,28.84,0.34674063800277377,10.0,31.72,False,False,True,61.55977523735711
1396,002550.SZ,千红制药,0.20256410256410257,36.33156966490301,1.5478045115619419,1.4166380270918786,0.7641678571618482,0.652473375452431,953566881.0,6.36,6.5,6.36,6.43,8813996.0,56770426.0,6.37,0.9419152276294973,10.0,7.01,False,False,True,61.50939740360396
1397,000917.SZ,电广传媒,0.07542579075425791,29.54545454545454,1.801571247346248,2.187720700110112,0.9834305829115664,0.46085695200013516,1417459363.0,6.83,6.85,6.74,6.79,14291198.0,97201287.0,6.78,0.1474926253687281,10.0,7.46,False,False,True,61.50745979461344
1398,002136.SZ,安 纳 达,0.2137203166226912,31.26760563380282,1.3598534659207095,2.3656656272603693,0.7351919781527986,0.6543356283127558,214455760.0,11.84,11.98,11.82,11.86,3319645.0,39550322.0,11.79,0.593723494486853,10.0,12.97,False,False,True,61.503584576632434
1399,603165.SH,荣晟环保,0.36233766233766224,27.680140597539538,1.3027471660313095,1.7437580448807202,0.7672377400587357,0.7459624474594283,312728378.0,13.37,13.52,13.29,13.48,4067902.0,54565455.0,13.36,0.8982035928143839,10.0,14.7,False,False,True,61.49583414067041
1400,600399.SH,抚顺特钢,0.14823008849557523,30.74866310160427,1.6168553919851534,1.831045279144055,0.9601598099103927,0.730450315610873,1972100000.0,4.4,4.51,4.4,4.43,26376593.0,117475533.0,4.41,0.45351473922901064,10.0,4.85,False,False,True,61.46677000581283
1401,601811.SH,新华文轩,0.36973180076628354,21.19514472455648,1.7025346550039302,0.6059937386341905,1.8823140137017143,6.0603266208721,791903900.0,12.38,13.9,12.37,13.9,29082829.0,389949465.0,12.64,9.968354430379755,10.0,13.9,True,False,True,61.37957760124008
1402,002004.SZ,华邦健康,0.27173913043478265,26.05263157894737,1.2625742377472289,1.6409282010376829,1.311201643126014,0.9598992234514816,1885347429.0,4.32,4.38,4.27,4.28,29696592.0,131407155.0,4.29,-0.2331002331002252,10.0,4.72,False,False,True,61.369889556287546
1403,000100.SZ,TCL科技,0.3782608695652175,36.98030634573304,1.003572832328668,1.7352489565230076,0.6280966786921152,2.0561678338385487,20114980236.0,4.89,5.02,4.85,4.99,717695070.0,3548343434.0,4.83,3.31262939958592,10.0,5.31,False,False,True,61.327262158496424
1404,000705.SZ,浙江震元,0.24844720496894412,29.166666666666675,1.4200462331807298,1.821332960616031,0.8597642126974242,0.8960911971945076,281965270.0,6.96,7.09,6.9,6.91,4601900.0,32144204.0,6.96,-0.7183908045977017,10.0,7.66,False,False,True,61.317574113543884
1405,605339.SH,南侨食品,0.12111017661900753,39.48763250883391,1.7312472412542774,0.603758721828526,1.7227536441433111,0.4001652657954611,424290616.0,12.8,12.96,12.75,12.82,1025100.0,13165612.0,12.76,0.4702194357366851,10.0,14.04,False,False,True,61.26138345281923
1406,603617.SH,君禾股份,0.36393442622950833,31.08348134991119,1.3701621010805447,1.3851974865626966,0.7337867388309269,1.0305907859240477,386726337.0,6.75,6.83,6.67,6.68,5520796.0,37236946.0,6.74,-0.8902077151335397,10.0,7.41,False,False,True,61.21681844603759
1407,001255.SZ,博菲电气,0.15470618824752988,37.053352912383744,1.4678181808543107,1.5335579849318044,0.9534346390756471,0.7346099711418156,77213784.0,26.49,26.84,26.29,26.56,869865.0,23166454.0,26.38,0.6823351023502733,10.0,29.02,False,False,True,61.20519279209455
1408,301088.SZ,戎美股份,0.26724137931034486,30.967741935483883,1.4882209587040003,0.9232513563829741,1.1843420900003412,0.9940044507945742,188000000.0,12.91,13.18,12.9,12.91,1725306.0,22440091.0,13.02,-0.8448540706605168,20.0,15.62,False,False,True,61.1509397403604
1409,002205.SZ,国统股份,0.19241982507288632,32.71676300578035,1.4116647489570495,1.6609283174956417,0.9939151602578551,0.9907928888204669,185843228.00000003,10.68,10.79,10.35,10.35,3058303.0,32199563.0,10.63,-2.6340545625588074,10.0,11.69,False,False,True,61.1509397403604
1410,688681.SH,科汇股份,0.2294713160854892,34.86739469578781,1.2985523584408358,1.713444110060184,0.8656379104838529,1.1622454549426042,104670000.0,14.92,15.31,14.9,14.96,2084443.0,31527069.0,14.86,0.6729475100942128,20.0,17.83,False,False,True,61.1509397403604
1411,603707.SH,健友股份,0.18610421836228286,27.827380952380953,2.2297986256484115,0.746612873119092,1.1190035475077207,0.4947413540721558,1615651020.0000002,7.48,7.58,7.46,7.46,5967896.0,44801463.0,7.47,-0.1338688085676054,10.0,8.22,False,False,True,61.12962604146483
1412,603028.SH,赛福天,0.23938223938223924,35.623869801084986,1.4252088966133347,1.3404002901975365,0.8543285067478639,0.7188635625962994,285460000.0,6.81,6.89,6.72,6.75,2746100.0,18651105.0,6.77,-0.2954209748892156,10.0,7.45,False,False,True,61.07343538074016
1413,603332.SH,苏州龙杰,0.31918819188191855,26.776519052523163,1.3659668144541304,1.643143226675872,0.9178317560400228,0.7533830613969625,216347184.00000003,11.49,11.62,11.38,11.44,2678197.0,30838810.0,11.44,0.0,10.0,12.58,False,False,True,61.017244720015505
1414,603866.SH,桃李面包,0.28502415458937186,27.5766016713092,1.7109575277800566,0.792283677443365,1.1359021931224322,0.7307741612440358,1599719155.0,4.19,4.24,4.16,4.16,9262061.0,38838635.0,4.18,-0.4784688995215225,10.0,4.6,False,False,True,61.0172447200155
1415,603369.SH,今世缘,0.2665452337583484,37.478184991274,1.5547445831737323,0.86057584869962,0.8228261507651624,0.770079014619289,1246800037.0,27.23,27.76,27.15,27.75,8262686.0,227163215.0,27.31,1.6111314536799703,10.0,30.04,False,False,True,61.01143189304399
1416,000529.SZ,广弘控股,0.31481481481481477,25.76832151300237,1.4960264557182743,1.0457578572995285,1.2968079576116287,0.6975448975009801,569884377.0,4.94,4.95,4.84,4.86,4157096.0,20343679.0,4.91,-1.0183299389001976,10.0,5.4,False,False,True,60.96880449525286
1417,002597.SZ,金禾实业,0.2798861480075901,24.375678610206286,1.66828167308865,1.354004899364208,1.0004614669393974,0.6320382148961222,565976294.0,21.65,21.96,21.28,21.81,4843528.0,104984829.0,21.37,2.058961160505368,10.0,23.51,False,False,True,60.953303623328814
1418,002144.SZ,宏达高科,0.17031070195627163,28.19089900110989,1.550912638138841,2.4279353837016635,0.8670091398084463,0.8569907495234274,137659201.0,10.5,10.66,10.42,10.46,2864300.0,30128489.0,10.49,-0.2859866539561384,10.0,11.54,False,False,True,60.90873861654719
1419,001207.SZ,联科科技,0.39186507936507947,30.078403421240196,1.313594948683225,1.4180390727300196,0.772536867054819,1.0294588576018733,292622092.0,17.88,18.01,17.67,18.01,4271735.0,76104200.0,17.98,0.1668520578420596,10.0,19.78,False,False,True,60.89517535361364
1420,001202.SZ,炬申股份,0.19237147595356555,26.126878130217012,1.5406228264366018,1.8535473311102972,1.1684206749187918,0.9866041054180008,116823955.0,14.31,14.47,14.17,14.46,2136380.0,30606850.0,14.3,1.118881118881121,10.0,15.73,False,False,True,60.858360782794016
1421,603307.SH,扬州金泉,0.2787021630615641,29.431438127090303,1.396410781096559,1.0682958311888784,1.34799028734673,0.7691530196963066,97150000.0,24.35,24.97,24.18,24.46,798265.0,19661915.0,24.28,0.7413509060955503,10.0,26.71,False,False,True,60.85642317380352
1422,002238.SZ,天威视讯,0.2007952286282307,30.929791271347273,1.745452429869519,0.9347876111712391,1.233451753448531,0.662218198881729,802559160.0,6.28,6.33,6.2,6.25,4968109.0,31109490.0,6.28,-0.4777070063694322,10.0,6.91,False,False,True,60.80217012206936
1423,300494.SZ,盛天网络,0.05284015852047561,34.03973509933773,1.8094195347916024,2.1889094865648953,0.9182061738314549,0.621743594727421,398348068.0,7.96,8.03,7.94,7.99,5421280.0,43294347.0,7.95,0.5031446540880502,20.0,9.54,False,False,True,60.78279403216431
1424,688327.SH,云从科技-UW,0.017507723995880527,38.68921775898517,1.950721152682456,2.1818759366310148,0.7496803942635425,1.0262965561503494,834867849.0,9.75,10.04,9.7,9.99,18694793.0,185415396.0,9.63,3.738317757009346,20.0,11.56,False,False,True,60.76341794225926
1425,300514.SZ,友讯达,0.24032042723631508,31.776913099870296,1.4008552295385468,1.716458942148554,0.8854879607275069,0.9203973864247783,160258325.0,9.56,9.64,9.46,9.55,2531800.0,25426665.0,9.51,0.4206098843323014,20.0,11.41,False,False,True,60.70722728153459
1426,002268.SZ,电科网安,0.22489270386266086,31.6225165562914,1.330840359515949,1.4573870780275393,1.2208094374266854,1.6926354530101064,845109308.0,14.67,14.99,14.5,14.73,20847368.0,308028759.0,14.7,0.20408163265306367,10.0,16.17,False,False,True,60.70528967254407
1427,600893.SH,航发动力,0.2360892801005972,33.207784055241675,1.4885664236426754,1.2099989504506299,0.9991356734100979,0.6889629644293769,2665124758.0,39.51,39.82,38.97,39.19,22217665.0,874393032.0,39.37,-0.457200914401823,10.0,43.31,False,False,True,60.701414454563064
1428,002688.SZ,金河生物,0.23320158102766791,21.834061135371186,1.6581096095319239,1.6221755381035492,1.3642568409464617,0.610311795100186,750711617.0,5.19,5.24,5.11,5.14,7400000.0,38253121.0,5.17,-0.5802707930367523,10.0,5.69,False,False,True,60.621972485952334
1429,601100.SH,恒立液压,0.21504315659679407,36.76274944567628,2.040352200125432,0.5243644149330204,0.835839111280453,0.9748817420988569,1340820992.0,94.93,95.55,92.2,92.2,6854187.0,637638483.0,93.49,-1.3798267194352287,10.0,102.84,False,False,True,60.565781825227674
1430,300837.SZ,浙矿股份,0.06311274509803923,33.68869936034113,1.6505313130088648,2.33314209747824,1.0188738338002947,1.0918957133567937,75594262.0,22.0,22.55,21.98,22.5,1925800.0,43050735.0,21.85,2.9748283752860427,20.0,26.22,False,False,True,60.55415617128463
1431,600189.SH,泉阳泉,0.3644067796610172,20.845481049562675,1.619354156524476,1.470563769006604,0.9548652694882601,0.882486906343054,715197812.0,7.65,7.9,7.63,7.88,9281503.0,72365999.0,7.69,2.4707412223667014,10.0,8.46,False,False,True,60.53671769037008
1432,300183.SZ,东软载波,0.1911447084233261,30.854605993340734,1.6027114741475352,1.669996139619389,0.9475946180019315,1.3975429323469963,371087762.0,10.87,11.11,10.8,10.91,8660785.0,95091164.0,10.78,1.2059369202226389,20.0,12.94,False,False,True,60.52702964541755
1433,002022.SZ,科华生物,0.37459283387622155,35.34675615212528,1.239734429693683,1.1602752509050918,0.8281719334203892,0.8385316135090157,514324049.0,5.64,5.77,5.59,5.61,5004000.0,28431539.0,5.62,-0.1779359430604921,10.0,6.18,False,False,True,60.476651811664404
1434,300340.SZ,科恒股份,0.17597087378640783,34.09090909090908,1.2798760531715763,2.1759674379209417,0.9669471714425473,0.6587704685118935,273446176.0,8.6,8.64,8.41,8.43,3919750.0,33347121.0,8.49,-0.7067137809187329,20.0,10.19,False,False,True,60.46405735322612
1435,300988.SZ,津荣天宇,0.30122950819672145,32.7170418006431,1.37413605256497,1.8574352928134485,0.6594261855265497,1.0154065084265187,162101585.0,15.51,15.72,15.42,15.7,3057320.0,47797043.0,15.38,2.0806241872561637,20.0,18.46,False,False,True,60.46308854873087
1436,600336.SH,澳柯玛,0.23764705882352932,29.92565055762082,1.720176061502477,1.1664467891571024,0.968663825255392,0.530324506872551,798014769.0,6.39,6.48,6.36,6.42,4936482.0,31680804.0,6.39,0.46948356807512415,10.0,7.03,False,False,True,60.406897888006206
1437,002244.SZ,滨江集团,0.10054844606946982,34.57814661134162,1.924661151255106,1.2593939951043571,1.1480397118265318,1.3490676054776456,2757549340.0,7.8,8.25,7.77,8.23,46850974.0,378163421.0,7.78,5.784061696658105,10.0,8.56,False,False,True,60.36620809920558
1438,603231.SH,索宝蛋白,0.3595092024539876,25.182481751824803,0.8468322110197274,2.296835359786161,1.2010795793978153,0.5831139151983179,106265982.0,16.66,16.78,16.55,16.7,1423238.0,23737260.0,16.63,0.42092603728203226,10.0,18.29,False,False,True,60.36427049021506
1439,301010.SZ,晶雪节能,0.23013245033112592,39.77272727272727,1.281903248947883,1.4884080092592549,0.8317710079685398,2.906784601108573,108000000.0,17.46,18.86,17.28,18.38,4672600.0,84957279.0,17.37,5.81462291306849,20.0,20.84,False,False,True,60.356520054253046
1440,002510.SZ,天汽模,0.22413793103448282,21.86878727634194,1.5532027055561475,2.238609954923581,1.092715004604262,2.057217221161657,1015096290.0,5.92,5.97,5.81,5.82,46748300.0,274035828.0,5.94,-2.020202020202022,10.0,6.53,False,False,True,60.32358070141446
1441,600685.SH,中船防务,0.3145441892832289,23.352793994995814,1.3138064259979816,1.8513256677765755,1.172440463575102,0.93123679423145,821435181.0,28.28,29.23,28.03,28.78,14161728.0,407098248.0,28.5,0.9824561403508847,10.0,31.35,False,False,True,60.31776787444294
1442,301388.SZ,欣灵电气,0.20409015025041727,36.18657098923628,1.3117853671980664,1.812049649446707,0.9000465512432805,0.761991299795539,72662562.0,24.53,24.85,24.26,24.35,1003300.0,24636476.0,24.4,-0.2049180327868716,20.0,29.28,False,False,True,60.273202867661304
1443,000829.SZ,天音控股,0.33040421792618646,33.714285714285694,1.24331093441486,1.718670944001325,0.7482061630639123,0.5384480065543351,1024129669.0,8.85,9.02,8.85,8.88,9477449.0,84524120.0,8.88,0.0,10.0,9.77,False,False,True,60.271265258670795
1444,603160.SH,汇顶科技,0.1519425884682008,37.36853402017599,2.001089389164684,1.086950406566006,0.824416902218161,0.7151016708988306,465982755.00000006,53.28,53.73,52.78,53.25,3621991.0,193129227.0,52.73,0.986155888488538,10.0,58.0,False,False,True,60.191823290060064
1445,300443.SZ,金雷股份,0.15166461159062888,28.691746209994395,1.7711285410296902,2.3707114840283032,0.8090476447220369,2.02647633924908,242106770.0,20.02,20.58,19.86,20.22,11631271.0,236230455.0,20.27,-0.24666995559941007,20.0,24.32,False,False,True,60.18794807207905
1446,000151.SZ,中成股份,0.2492625368731563,33.33333333333333,1.173148896897387,2.141356741240213,0.88742194744748,1.458936255398456,307934695.0,10.27,10.45,10.07,10.14,9620197.0,98469759.0,10.24,-0.9765625,10.0,11.26,False,False,True,60.12013175741134
1447,600350.SH,山东高速,0.35834896810506567,36.81541582150103,1.259182773964937,0.306208316846816,1.4948458877257373,0.6976223383716,4834570825.0,10.05,10.07,9.98,10.0,10327502.0,103290490.0,10.07,-0.6951340615690249,10.0,11.08,False,False,True,60.11431893043982
1448,301167.SZ,建研设计,0.1926121372031661,31.461675579322623,1.3593258798899863,2.2787147730641157,0.9297981997887071,0.8160568364269224,105807244.0,12.76,12.92,12.67,12.75,1967550.0,25195079.0,12.68,0.5520504731861164,20.0,15.22,False,False,True,60.063941096686705
1449,600499.SH,科达制造,0.2638297872340426,28.28207051762941,1.7603605536390448,1.2962847096719825,0.8779425339128184,0.6122953218249324,1917856391.0,13.58,13.59,13.4,13.44,15222200.0,204520196.0,13.47,-0.22271714922049712,10.0,14.82,False,False,True,60.052315442743655
1450,300735.SZ,光弘科技,0.037938439513242495,38.45710995970062,2.0449807665780635,1.6947834036926555,0.8842835953702579,0.6105422034022662,760538820.0,18.08,18.22,17.95,18.08,7869575.0,142232923.0,17.9,1.0055865921787754,20.0,21.48,False,False,True,60.02906413485758
1451,000045.SZ,深纺织Ａ,0.31964056482670095,36.084905660377345,1.2528232062210747,1.3015005328552631,0.875421923292026,0.5961021305847147,457021849.0,11.03,11.14,10.98,11.08,3545700.0,39265551.0,10.97,1.0027347310847645,10.0,12.07,False,False,True,59.99224956403797
1452,002355.SZ,兴民智通,0.20638820638820635,38.520408163265294,1.2533992486284804,2.2739262139101113,0.7269079574130137,1.0058581866587235,618166650.0,4.77,4.79,4.65,4.67,14139000.0,66514788.0,4.76,-1.8907563025210017,10.0,5.24,False,False,True,59.98449912807595
1453,000768.SZ,中航西飞,0.24102154828411806,26.875000000000004,1.6948109779717488,1.166598433987366,1.3215039131724957,0.5355865691879974,2776414009.0,22.31,22.73,22.2,22.35,17347436.0,389118061.0,22.22,0.5850585058505997,10.0,24.44,False,False,True,59.98256151908545
1454,002968.SZ,新大正,0.22674418604651173,30.23255813953487,1.41013877862744,1.7363696820193155,1.0804309020666372,0.8953219972805827,213140277.0,9.31,9.33,9.16,9.22,3313500.0,30668444.0,9.3,-0.8602150537634468,10.0,10.23,False,False,True,59.87793063359814
1455,600096.SH,XD云天化,0.20740365111561868,27.83742331288346,1.6094126645609,2.030503475445259,0.9210064361537004,0.5921663618293399,1822990731.0,28.2,28.33,27.9,27.9,21919565.0,621039833.0,28.09,-0.6763972944108243,10.0,30.9,False,False,True,59.866304979655105
1456,605089.SH,味知香,0.2145569620253165,33.07873090481785,1.768521410442775,0.9917761594202854,1.008017661377337,0.7183540056337221,138000000.0,20.3,20.81,20.22,20.45,983176.0,20198217.0,20.41,0.19598236158744342,10.0,22.45,False,False,True,59.85661693470258
1457,300893.SZ,松原安全,0.03499079189686927,37.490377213240954,1.9148961604054686,1.4280418135178548,1.3228297215390952,0.6009509700101675,251881351.0,13.56,13.75,13.55,13.7,2156888.0,29428245.0,13.56,1.0324483775811188,20.0,16.27,False,False,True,59.77329974811082
1458,301320.SZ,豪江智能,0.35235732009925563,30.303030303030297,1.299818511177073,1.5874126137414057,0.8809084678627228,0.8163396559850921,114209175.0,13.8,13.91,13.6,13.86,1480000.0,20382701.0,13.73,0.9468317552804084,20.0,16.48,False,False,True,59.70935865142414
1459,601933.SH,永辉超市,0.06153846153846159,24.014336917562716,2.105090291649836,2.2929552506798947,1.511637634368683,0.6097452245309835,8925037165.0,2.98,3.08,2.98,3.05,124782597.0,379199506.0,2.99,2.006688963210679,10.0,3.29,False,False,True,59.70742104243364
1460,300215.SZ,电科院,0.16666666666666663,31.047619047619037,1.6159008720179675,1.9524906952722039,0.9714794227247299,0.6035828962411123,749094187.0,6.32,6.39,6.28,6.34,8828000.0,55972865.0,6.26,1.2779552715654896,20.0,7.51,False,False,True,59.6957953884906
1461,002103.SZ,广博股份,0.15768463073852293,29.255319148936177,1.545338682379784,2.0610864855814213,1.189724543975196,0.7620180836416474,388135588.0,6.43,6.57,6.43,6.49,6096000.0,39678768.0,6.43,0.9331259720062324,10.0,7.07,False,False,True,59.68998256151908
1462,002570.SZ,贝因美,0.17999999999999988,31.168831168831158,1.5848703550947891,1.915232729991801,0.9506069577267081,0.5499441485537903,1079995333.0,4.4,4.43,4.37,4.39,11375278.0,50039760.0,4.39,0.0,10.0,4.83,False,False,True,59.678356907576045
1463,688330.SH,宏力达,0.17838219710349687,31.878866818625863,1.6405073999295,1.3330092857142812,1.2283778180023037,0.7585141674610562,140000000.0,35.8,36.59,35.76,36.36,1415549.0,51423468.0,35.76,1.6778523489932917,20.0,42.91,False,False,True,59.658980817670994
1464,000006.SZ,深振业Ａ,0.13004032258064516,39.78494623655913,1.9971551674588064,1.3221164257516784,0.7434326855646133,0.8369933478326793,1349995045.9999998,6.82,7.08,6.82,7.06,14939081.0,104261561.0,6.87,2.7656477438136706,10.0,7.56,False,False,True,59.61441581088936
1465,300412.SZ,迦南科技,0.29007633587786263,34.453781512605055,1.210559542680366,1.9786373127922467,0.7938317732165275,0.8494229047779894,467861646.0,4.4,4.44,4.31,4.34,7863350.0,34358556.0,4.33,0.2309468822170757,20.0,5.2,False,False,True,59.60569657043209
1466,605122.SH,四方新材,0.37896494156928207,33.117583603020506,1.2709751589477771,1.3811592710351908,0.8316679768018727,0.7445883099576525,172354000.0,11.59,11.69,11.44,11.46,1772480.0,20482057.0,11.54,-0.6932409012131546,10.0,12.69,False,False,True,59.581476458050766
1467,300722.SZ,新余国科,0.13916786226685796,30.592632140950336,1.6907650545533124,1.6184477414946115,1.4398852376015623,0.49712457182252295,276756480.0,21.65,22.13,21.65,21.85,2226700.0,48780432.0,21.64,0.9704251386321694,20.0,25.97,False,False,True,59.565975586126726
1468,600819.SH,耀皮玻璃,0.1802973977695168,35.897435897435905,1.7228950537137604,1.115766348325813,1.0114142231734493,0.9138485138443713,789257071.0,5.66,5.74,5.57,5.57,8047592.0,45301544.0,5.65,-1.415929203539823,10.0,6.22,False,False,True,59.56403797713621
1469,000701.SZ,厦门信达,0.2162162162162162,29.216152019002383,1.5044102039168297,1.9481579907813815,0.97859415266953,0.8894852836216084,667746631.0,5.17,5.29,5.14,5.17,11571100.0,60203997.0,5.17,0.0,10.0,5.69,False,False,True,59.54659949622167
1470,300500.SZ,启迪设计,0.16183348924228255,34.886817576564596,1.400745071445921,2.1291088545799925,0.9801053072491434,0.7710792031785959,167597955.0,9.25,9.36,9.15,9.21,2751475.0,25463337.0,9.24,-0.32467532467531646,20.0,11.09,False,False,True,59.540786669250146
1471,300240.SZ,飞力达,0.3315068493150685,30.246913580246915,1.190278601209459,1.8434504398135525,0.9464112346293921,0.9179354879453876,363338504.00000006,6.07,6.14,5.97,6.02,6148300.0,37196549.0,6.07,-0.8237232289950658,20.0,7.28,False,False,True,59.51559775237358
1472,000042.SZ,中洲控股,0.2870370370370369,30.482758620689676,1.5850435590532999,0.9809675902447874,1.1281472657967406,0.5762739024592404,664142227.0,8.22,8.29,8.16,8.25,3754436.0,30889510.0,8.18,0.8557457212714059,10.0,9.0,False,False,True,59.48265839953497
1473,002157.SZ,正邦科技,0.2601626016260161,24.07407407407407,1.389032163412992,2.1719968059618227,1.1679444265818555,0.7439833159101779,7787895012.000001,3.0,3.04,2.98,3.03,125846767.0,378313764.0,3.02,0.3311258278145601,10.0,3.32,False,False,True,59.47490796357295
1474,001328.SZ,登康口腔,0.28396377197655825,36.04938271604938,1.5867552177662299,0.9057437719867205,0.9029372538636681,0.6171016953000045,161716900.0,29.98,30.44,29.5,29.98,903894.0,27169281.0,29.63,1.1812352345595745,10.0,32.59,False,False,True,59.434218174772326
1475,300371.SZ,汇中股份,0.17812499999999984,24.79908151549941,1.7139189965464183,2.130957993541252,1.1135335299428946,0.9311392487803775,139995662.0,9.94,10.05,9.71,9.84,2777820.0,27390084.0,9.85,-0.10152284263958977,20.0,11.82,False,False,True,59.40902925789576
1476,000655.SZ,金岭矿业,0.17017543859649117,28.641571194762673,1.770384968893896,1.4514416403541164,1.348158840619868,0.5286531120877452,595340230.0,7.11,7.2,7.09,7.12,4568100.0,32606481.0,7.08,0.5649717514124353,10.0,7.79,False,False,True,59.316024026351485
1477,688288.SH,鸿泉技术,0.17035265989240886,38.04713804713804,1.87185754172687,1.3755454361256798,0.7361962681943423,0.77375256362452,99813704.0,17.79,18.13,17.76,17.99,1062349.0,19073934.0,17.7,1.6384180790960379,20.0,21.24,False,False,True,59.27920945553187
1478,601007.SH,金陵饭店,0.30293159609120507,26.632302405498276,1.2514962555920346,1.9377076666666615,1.178281238549776,1.0001761399297628,390000000.0,6.75,6.88,6.73,6.76,7558391.0,51411113.0,6.75,0.1481481481481417,10.0,7.43,False,False,True,59.23658205774075
1479,002545.SZ,东方铁塔,0.18238283455674761,30.340760157273916,1.7916235220230632,1.7025010238605138,0.9168684473419424,0.6717443109013076,1130163708.0,15.9,16.09,15.81,15.93,12925065.0,205870763.0,15.83,0.6317119393556503,10.0,17.41,False,False,True,59.19395465994961
1480,301065.SZ,本立科技,0.29670329670329676,23.373493975903603,1.413887570359687,2.0356236418948233,1.1356143282925915,0.6306331310120831,86287500.0,19.14,19.4,18.97,19.11,1107700.0,21269214.0,19.03,0.4203888596952199,20.0,22.84,False,False,True,59.08932377446231
1481,603073.SH,彩蝶实业,0.28729963008631315,29.132690882134927,1.2758228261221003,2.4816124005250595,0.8258159801524393,1.3228755595342085,116000000.0,15.82,16.09,15.62,15.9,1829600.0,29167655.0,15.82,0.5056890012642201,10.0,17.4,False,False,True,59.0854485564813
1482,300030.SZ,阳普医疗,0.2802359882005898,27.450980392156854,1.4907261343727225,2.235578075340317,0.794787901289934,0.8408178613697217,272227587.0,6.59,6.72,6.51,6.56,5117100.0,33861660.0,6.56,0.0,20.0,7.87,False,False,True,59.05541561712847
1483,600215.SH,派斯林,0.2645631067961165,39.17322834645669,1.4768938764603532,1.4288769257451668,0.6948819586784192,0.7077335923616983,456882880.0,6.19,6.24,6.15,6.17,4620293.0,28576012.0,6.17,0.0,10.0,6.79,False,False,True,59.052509203642714
1484,301383.SZ,天键股份,0.172023540063377,39.46236559139784,1.3023399645146005,2.107749570163806,0.8843994154189058,1.184750202335631,70614110.0,22.55,23.13,22.41,22.47,1763345.0,39962723.0,22.4,0.31250000000000444,20.0,26.88,False,False,True,59.0176322418136
1485,002840.SZ,华统股份,0.15833333333333338,36.36363636363635,1.409312365070267,2.489940168084701,0.8475965202112238,0.6078882313958419,796478765.0,8.07,8.15,7.98,8.06,12055545.0,97345500.0,8.07,-0.12391573729862992,10.0,8.88,False,False,True,58.99147452044177
1486,001205.SZ,盛航股份,0.35439137134052373,27.242798353909457,1.1977248165500387,2.0389132240788816,1.000224238370397,1.0496710680397623,166484329.0,14.41,14.55,14.3,14.46,3563078.0,51329068.0,14.45,0.06920415224913601,10.0,15.9,False,False,True,58.92850222825034
1487,000850.SZ,华茂股份,0.24281150159744402,34.7181008902077,1.627007330465996,1.0460405719795305,1.0461728486811257,1.3103183839103432,943374379.0,4.16,4.32,4.12,4.16,12930325.0,54437306.0,4.13,0.7263922518159882,10.0,4.54,False,False,True,58.76768068203836
1488,600603.SH,广汇物流,0.17948717948717952,28.6783042394015,2.0752705890537064,1.322023821094783,1.0328920874465284,0.48735667413786504,1153799951.0,4.91,4.94,4.85,4.88,7433900.0,36343559.0,4.92,-0.8130081300813052,10.0,5.41,False,False,True,58.740554156171285
1489,000421.SZ,南京公用,0.24534161490683232,25.872689938398352,1.3656313183608595,2.045906683623445,1.5181907857327477,0.6876970412819879,574208022.0,5.66,5.72,5.6,5.64,8078900.0,45699419.0,5.66,-0.35335689045937757,10.0,6.23,False,False,True,58.73474132919977
1490,002739.SZ,儒意电影,0.1455696202531647,37.99019607843137,1.267014216880377,2.433943800784589,1.0068338264736718,0.784592301576855,2099912448.0,8.47,8.63,8.42,8.62,40101053.0,343931438.0,8.47,1.7709563164108433,10.0,9.32,False,False,True,58.70373958535167
1491,601599.SH,浙文影业,0.16955017301038072,26.181818181818194,1.563999077839261,2.2396247403799148,1.4441049115564912,0.7476782318069835,1160542453.0,3.25,3.28,3.21,3.23,19433500.0,63001182.0,3.24,-0.30864197530865445,10.0,3.56,False,False,True,58.684363495446625
1492,300614.SZ,百川畅银,0.21682847896440127,38.38509316770187,1.6004897343809297,1.5447918249286392,0.7618503727525036,1.267853290041932,160440728.0,10.17,10.25,9.9,9.94,3142343.0,31609150.0,10.06,-1.1928429423459397,20.0,12.07,False,False,True,58.641736097655496
1493,002021.SZ,中捷资源,0.30113636363636376,32.86384976525822,1.3867139284737207,1.985008186426972,0.7343068952351811,0.9115473793423724,1195437891.0,2.67,2.68,2.62,2.64,21630600.0,57314386.0,2.66,-0.7518796992481258,10.0,2.93,False,False,True,58.64173609765548
1494,603993.SH,洛阳钼业,0.3279802347127858,28.96509491733008,1.8581496729774951,1.1147043291962648,0.8089158322380745,0.6614457134701746,17460842176.0,17.57,17.66,17.35,17.51,128741653.0,2252392681.0,17.35,0.9221902017291006,10.0,19.09,False,False,True,58.62623522573145
1495,002423.SZ,中粮资本,0.20069808027923217,29.71285892634208,1.7196054513704495,1.1813968094756204,1.8409193529270838,0.4374142005292879,2304105575.0,9.2,9.24,9.13,9.2,11906690.0,109403819.0,9.16,0.4366812227074135,10.0,10.08,False,False,True,58.583607827940334
1496,301116.SZ,益客食品,0.13777777777777775,31.25,1.8896367015544935,1.341163689856834,1.5077008150169129,0.6287447867616042,448977343.0,8.9,9.01,8.86,8.96,3786000.0,33840741.0,8.93,0.33594624860022737,20.0,10.72,False,False,True,58.5467932571207
1497,300032.SZ,金龙机电,0.2507204610951009,31.699346405228756,1.6193564428916514,2.0583521942727643,0.7036640560988326,1.113041135513714,803169608.0,3.95,3.95,3.87,3.9,18400862.0,71748693.0,3.93,-0.7633587786259555,20.0,4.72,False,False,True,58.54291803913969
1498,300956.SZ,英力股份,0.2063773250664305,38.45278725824801,1.4659838431656051,1.8217121026348926,0.801170910782456,0.8499162099168672,210452395.0,11.22,11.35,11.1,11.2,3258440.0,36619337.0,11.12,0.7194244604316502,20.0,13.34,False,False,True,58.53129238519668
1499,300190.SZ,维尔利,0.24193548387096786,34.036144578313255,1.5290757274885787,1.8026877859301123,0.8104755539427048,0.6246839058576821,944241642.0,3.77,3.85,3.76,3.79,10633200.0,40322612.0,3.77,0.5305039787798504,20.0,4.52,False,False,True,58.51385390428212
1500,301066.SZ,万事利,0.07315480078380139,33.84321223709368,1.9030049254451893,2.0279721181156676,1.0693978431942721,1.4255998898201,233116669.0,11.63,12.58,11.57,12.07,6739582.0,81954985.0,11.58,4.231433506044913,20.0,13.9,False,False,True,58.46928889750049
1501,300266.SZ,兴源环境,0.16551724137931048,31.90184049079754,1.7610849881958273,1.5287327639196953,1.1364797614379931,0.8082591664103367,1553051914.0,1.87,1.88,1.85,1.86,19189700.0,35718933.0,1.87,-0.5347593582887722,20.0,2.24,False,False,True,58.415035845766326
1502,688099.SH,晶晨股份,0.20792914382117247,33.8471023427867,2.0486351213522154,1.8038334924387351,0.48822112552027824,1.1889578897116764,423319995.0,87.03,89.38,86.02,88.5,9078868.0,798978807.0,85.42,3.6057129477873984,20.0,102.5,False,False,True,58.41116062778531
1503,600075.SH,新疆天业,0.14184397163120568,34.87179487179486,1.7954447900313948,1.5733604639997338,1.0300769551949935,0.5746075999158045,1707797343.0,4.51,4.57,4.49,4.55,15439596.0,70084079.0,4.5,1.1111111111111072,10.0,4.95,False,False,True,58.38209649292773
1504,301208.SZ,中亦科技,0.21560920830993824,26.648458837300048,1.556075534388457,2.208698761777879,1.0703775516841951,0.6419271951685411,67420860.0,29.67,30.25,29.6,29.92,955909.0,28629773.0,29.47,1.526976586359008,20.0,35.36,False,False,True,58.362720403022664
1505,600312.SH,平高电气,0.39923224568138216,34.60337289194253,1.4260990762982069,1.278877300024767,0.7470734155481695,0.6354779068531436,1356921309.0,19.25,19.55,19.14,19.49,11027676.0,213543750.0,19.19,1.5633142261594513,10.0,21.11,False,False,True,58.35303235807013
1506,002135.SZ,东南网架,0.36281588447653423,34.26966292134832,1.5529199778319214,1.325103467230787,0.6952170609319824,0.6910369256785294,1043873863.0,6.15,6.17,6.02,6.1,9558700.0,58125537.0,6.12,-0.326797385620925,10.0,6.73,False,False,True,58.28521604340244
1507,002663.SZ,普邦股份,0.3109243697478991,33.08823529411764,1.7770138750322317,1.4842268116748734,0.5945908258497148,1.158305860539728,1707116179.9999998,1.74,1.76,1.71,1.72,29348547.0,50830320.0,1.73,-0.5780346820809301,10.0,1.9,False,False,True,58.13892656461926
1508,300610.SZ,晨化股份,0.3403441682600381,33.33333333333333,1.0297036599613967,2.138596465459688,0.9275886746833304,0.7729938343208077,165577628.0,10.2,10.28,10.08,10.08,2737200.0,27897263.0,10.12,-0.39525691699603405,20.0,12.14,False,False,True,58.08757992637085
1509,002727.SZ,一心堂,0.25793650793650774,37.22943722943721,1.373168597661822,1.558462317144519,0.9102425820756008,0.6552779092822358,397458083.0,10.54,10.71,10.54,10.64,4058945.0,43969586.0,10.54,0.9487666034155628,10.0,11.59,False,False,True,58.023638829684174
1510,300564.SZ,筑博设计,0.18508997429305904,31.9047619047619,1.619064342198035,2.3191330745732146,0.8458576459140964,0.7700658492667403,118075900.0,12.09,12.27,12.0,12.18,2108700.0,25636553.0,11.94,2.01005025125629,20.0,14.33,False,False,True,58.00523154427437
1511,002375.SZ,亚厦股份,0.341176470588235,27.187500000000007,1.651605243780222,1.2034165581451488,1.06742867881689,0.7457299740149353,1330996461.0000002,3.78,3.8,3.73,3.74,11944679.0,44874339.0,3.78,-1.058201058201047,10.0,4.16,False,False,True,57.9325712071304
1512,300639.SZ,凯普生物,0.19736842105263153,39.36842105263159,1.7743871251299204,1.6175457215913662,0.663909909100788,1.174518116897799,630202146.0,5.84,6.0,5.8,5.9,11972812.0,70926287.0,5.8,1.7241379310344973,20.0,6.96,False,False,True,57.92482077116837
1513,603367.SH,辰欣药业,0.1503267973856209,33.24958123953099,1.9856841492034487,1.695983682569569,0.8946122832976047,0.708875885465676,452754129.00000006,13.78,14.06,13.77,13.9,5443200.0,75856502.0,13.78,0.8708272859216271,10.0,15.16,False,False,True,57.89963185429181
1514,605599.SH,菜百股份,0.06498194945848378,32.361733931240664,2.479226811375729,1.2491227121679176,1.6092434108827594,0.4062849028698939,777777800.0,14.01,14.32,14.01,14.23,3947220.0,55839894.0,13.96,1.934097421203429,10.0,15.36,False,False,True,57.880255764386746
1515,601519.SH,大智慧,0.0658307210031347,29.41970310391362,2.234264928951133,2.0238427652878554,1.210124792265392,1.0369578670065853,1989160000.0,8.09,8.48,8.05,8.42,41745301.0,346010954.0,8.04,4.726368159203997,10.0,8.84,False,False,True,57.876380546405734
1516,301589.SZ,诺瓦星云,0.33542630535360196,24.370078740157464,1.4848441650939894,2.026167736738989,0.9871012929663592,1.4783653691248642,34464960.0,157.41,160.5,157.09,159.7,1032369.0,164192621.0,157.45,1.4290250873293164,20.0,188.94,False,False,True,57.84344119356714
1517,603585.SH,苏利股份,0.15392156862745102,32.17097862767153,1.6222611712338917,1.90232109807555,1.2609318330963513,0.6160003213877584,270796011.0,10.45,10.6,10.35,10.38,3173270.0,33177331.0,10.46,-0.7648183556405397,10.0,11.51,False,False,True,57.816314667700055
1518,300485.SZ,赛升药业,0.08193979933110371,34.739454094292796,1.9795440214966444,2.4452996327759666,0.8327082079530477,0.6796568444692652,273864432.0,8.27,8.56,8.27,8.41,4551530.0,38398105.0,8.26,1.8159806295399594,20.0,9.91,False,False,True,57.80856423173803
1519,603022.SH,新通联,0.33045356371490286,32.724719101123576,1.5513413532847604,1.5280711000000002,0.7729926017730452,0.933202650059935,200000000.0,8.69,8.81,8.57,8.6,2852000.0,24768673.0,8.65,-0.5780346820809301,10.0,9.52,False,False,True,57.73299748110831
1520,600824.SH,益民集团,0.18055555555555564,30.72100313479624,1.4564809419051021,1.8742703395437315,2.1701094434936676,0.7759661945790715,1054027073.0,3.58,3.7,3.56,3.64,15329458.0,55975946.0,3.58,1.6759776536312776,10.0,3.94,False,False,True,57.725247045146276
1521,301029.SZ,怡合达,0.21512605042016805,38.898601398601414,1.7062574577313676,1.713925191732625,0.6574699924902606,0.5750176073928568,452847808.0,24.56,24.75,24.43,24.62,4463088.0,109719083.0,24.32,1.2335526315789602,20.0,29.18,False,False,True,57.696182910288705
1522,300844.SZ,山水比德,0.11755485893416928,35.46359350445258,1.9828283816677885,1.5333447245820369,1.064864013315604,0.8670006828445228,90039880.0,24.06,24.2,23.46,23.55,1197000.0,28463101.0,23.59,-0.16956337431114354,20.0,28.31,False,False,True,57.57605115287735
1523,688212.SH,澳华内镜,0.10597439544807968,34.87344314985938,2.124708664868722,1.6385854554162964,0.9897529458492127,0.8264962848814096,134665250.0,27.96,28.52,27.42,27.6,1823751.0,50863302.0,27.87,-0.9687836383207693,20.0,33.44,False,False,True,57.552799844991284
1524,600768.SH,富邦新材,0.3768961493582262,36.294416243654815,1.18927391354585,2.1842083423054803,0.6362310424136605,0.7293626933737946,133747200.0,14.56,14.67,14.2,14.35,2130700.0,30806939.0,14.37,-0.13917884481559062,10.0,15.81,False,False,True,57.527610928114704
1525,002623.SZ,亚玛顿,0.20859488169966203,38.65814696485623,1.318991026387892,2.145845941948853,0.8702985259869502,4.198281202457934,192636138.0,16.88,18.52,16.88,18.52,17354329.0,313267974.0,16.84,9.976247030878849,10.0,18.52,True,False,True,57.51792288316218
1526,002668.SZ,TCL智家,0.2401315789473685,29.828571428571426,1.7225026838754591,1.4985919694594303,1.0477790571391932,0.6340554023305633,1084111428.0,9.11,9.17,9.03,9.05,10301122.0,93657262.0,9.1,-0.5494505494505364,10.0,10.01,False,False,True,57.50242201123814
1527,605136.SH,丽人丽妆,0.2187070151306741,33.1877729257642,1.4755476262620202,1.957563692617333,0.9921192431816744,0.6790974195399951,400458500.0,8.5,8.61,8.42,8.47,5323601.0,45402509.0,8.46,0.11820330969267712,10.0,9.31,False,False,True,57.49854679325712
1528,300492.SZ,华图山鼎,0.02498932080307564,37.70014556040757,2.391101297803693,1.3893496116489785,1.216346168217404,0.48123611571282676,275305961.0,22.15,22.23,21.49,21.61,1840710.0,40066321.0,21.78,-0.7805325987144229,20.0,26.14,False,False,True,57.48692113931407
1529,300267.SZ,尔康制药,0.17596566523605153,29.856115107913684,2.0541910600330175,2.2252372453056806,0.7289142586539302,0.8294883856863571,1422378091.0000002,3.2,3.28,3.19,3.22,26254375.0,84912792.0,3.19,0.9404388714733702,20.0,3.83,False,False,True,57.42104243363689
1530,600649.SH,城投控股,0.22268907563025203,25.525525525525516,1.9146718704718886,1.3621630623881367,1.5711396162921354,0.7440844696095227,2491800768.0,3.86,3.96,3.82,3.95,25256005.0,98314742.0,3.86,2.3316062176165886,10.0,4.25,False,False,True,57.419104824646396
1531,002475.SZ,立讯精密,0.20662715517241384,39.86274509803922,2.0384342482507543,1.3066679128996097,0.6025135924456025,1.3061512385398304,7327535288.0,52.99,54.7,52.56,54.1,125030631.0,6713114044.0,52.13,3.7790140034529074,10.0,57.34,False,False,True,57.3842278628173
1532,000902.SZ,新洋丰,0.3367609254498714,32.82918149466192,1.4775784298050811,1.1859498333789251,1.0155725365019055,0.425478770651758,1142783444.0,13.88,14.08,13.81,13.82,5766445.0,80223605.0,13.86,-0.28860028860028253,10.0,15.25,False,False,True,57.37260220887425
1533,301006.SZ,迈拓股份,0.24689826302729534,32.27272727272727,1.5512973370643783,1.951693574337933,0.8749240580192315,0.8315175266159135,86236250.0,13.04,13.2,13.01,13.04,1399500.0,18323441.0,12.99,0.38491147036181506,20.0,15.59,False,False,True,57.329974811083126
1534,301135.SZ,瑞德智能,0.3339483394833948,34.17910447761194,1.333906161411807,1.5852197372752883,0.9071214581795469,0.7645232181948701,100776666.0,17.08,17.44,17.03,17.19,1221350.0,21070776.0,17.02,0.9988249118684012,20.0,20.42,False,False,True,57.320286766130614
1535,000990.SZ,诚志股份,0.2822222222222223,25.218914185639242,1.6544502579468614,2.2574115285441434,0.8768769412102293,0.6519005556024361,1701332549.0,6.39,6.53,6.38,6.46,25036943.0,162019833.0,6.36,1.5723270440251458,10.0,7.0,False,False,True,57.30866111218755
1536,300645.SZ,正元智慧,0.2093457943925234,31.689497716894977,1.4821770032264578,2.427633556780794,0.9197481440187094,0.8563386824663317,139320444.0,13.2,13.49,13.02,13.08,2896300.0,38276108.0,13.19,-0.83396512509476,20.0,15.83,False,False,True,57.26797132338694
1537,300676.SZ,华大基因,0.1466872110939909,35.1707609346914,1.424921512275752,2.1706845646391817,1.3636747271126375,2.13060792215385,416035950.0,37.62,40.56,37.5,39.7,19241154.0,759225675.0,37.31,6.405789332618594,20.0,44.77,False,False,True,57.25634566944391
1538,300822.SZ,贝仕达克,0.09532710280373827,33.20079522862822,2.0143573466789078,1.597456142230733,1.4885941850697562,0.6006828365015537,288982037.0,11.17,11.42,11.1,11.42,2772969.0,31248670.0,11.08,3.068592057761732,20.0,13.3,False,False,True,57.20790544468126
1539,603066.SH,音飞储存,0.17705735660847857,33.293269230769226,1.385600109307361,2.14612880272781,1.347723310722503,0.6387260104101329,294180074.0,9.06,9.17,9.03,9.05,4032586.0,36634390.0,9.03,0.22148394241419123,10.0,9.93,False,False,True,57.184654136795196
1540,603755.SH,日辰股份,0.19761336515513125,30.406422478675353,1.7838587305133295,1.4832360329394807,1.2414476744186045,0.6816599177813862,98613681.0,24.1,24.42,23.74,23.82,997046.0,23974713.0,24.07,-1.0386373078520972,10.0,26.48,False,False,True,57.16334043789962
1541,300271.SZ,华宇软件,0.20833333333333337,30.38793103448276,1.704588407666937,1.6229098158374644,1.1900609349300726,1.1738788511148022,804241453.9999999,5.61,5.83,5.58,5.59,15321600.0,87104657.0,5.54,0.902527075812265,20.0,6.65,False,False,True,57.10521216818446
1542,600521.SH,华海药业,0.2787234042553193,36.41660597232337,1.49913588865677,1.5337015708741644,0.8409943297639307,0.8224749853848282,1497252196.0,16.35,16.56,16.13,16.14,18886806.0,307619172.0,16.35,-1.2844036697247763,10.0,17.99,False,False,True,57.087773687269916
1543,002064.SZ,华峰化学,0.27898550724637666,33.225458468176924,2.0336361498434976,0.828278437804744,0.9113707483713072,0.6759968397565277,4951990572.0,9.95,10.05,9.82,9.92,27726869.0,274834821.0,9.86,0.6085192697768749,10.0,10.85,False,False,True,57.037395853516756
1544,002092.SZ,中泰化学,0.1374764595103579,37.60217983651226,1.563104016023256,2.2877911888555125,0.949264136933631,0.5817085093709052,2575637892.0,4.4,4.46,4.38,4.42,34277300.0,151345439.0,4.4,0.4545454545454408,10.0,4.84,False,False,True,57.00058128269716
1545,688557.SH,兰剑智能,0.1804842259721204,39.325842696629195,1.8414504986593283,1.0244157583398208,1.024271622465172,0.7074563390766468,148322528.0,19.87,19.93,19.42,19.75,1074937.0,21262255.0,19.37,1.9617965926690628,20.0,23.24,False,False,True,56.95214105793451
1546,300220.SZ,金运激光,0.24732334047109208,38.95348837209303,1.4067831163208315,1.6083764644514247,0.9041185349239731,0.9423375970860611,151019348.0,11.0,11.27,10.95,10.95,2288900.0,25417040.0,10.91,0.36663611365719273,20.0,13.09,False,False,True,56.94826583995351
1547,002399.SZ,海普瑞,0.24623115577889454,36.11764705882354,1.9113330132800865,0.4864172234966685,1.2830431405160383,1.0276932700353156,1247201704.0,9.48,9.69,9.35,9.35,6234608.0,59027261.0,9.48,-1.3713080168776481,10.0,10.43,False,False,True,56.923076923076934
1548,601330.SH,绿色动力,0.363970588235294,27.245508982035926,1.4376399254897152,1.9147733367169155,0.9468283389576304,0.5960512925071545,989095351.0,8.37,8.47,8.29,8.37,11288576.0,94603047.0,8.36,0.11961722488038617,10.0,9.2,False,False,True,56.86688626235225
1549,002420.SZ,毅昌科技,0.30385487528344673,36.03411513859274,1.4024051307765943,1.8713928470749774,0.7711395054611495,1.071067054141612,403867700.0,6.05,6.08,5.96,6.02,8095100.0,48751349.0,6.03,-0.16583747927032544,10.0,6.63,False,False,True,56.85138539042821
1550,301515.SZ,港通医疗,0.2875816993464052,32.51978891820579,1.6609318518352012,1.8104577504660804,0.7555751658051061,0.672225815548006,67557550.0,18.85,19.1,18.55,18.77,822200.0,15505189.0,18.68,0.48179871520341866,20.0,22.42,False,False,True,56.73512885099786
1551,300095.SZ,华伍股份,0.325,35.35353535353538,1.0741937288672374,2.3799370962770814,0.878675247143523,1.816172147337698,317670228.0,9.0,9.23,8.92,9.18,13730900.0,124525691.0,9.01,1.8867924528301883,20.0,10.81,False,False,True,56.70800232513078
1552,002516.SZ,旷达科技,0.33189655172413807,25.75452716297788,1.6019670633667409,1.4342974086983757,1.3355441253933558,0.6767509656310451,1460498682.0,5.84,5.85,5.73,5.75,14176508.0,81848662.0,5.74,0.17421602787455193,10.0,6.31,False,False,True,56.69056384421624
1553,600326.SH,西藏天路,0.09933774834437087,38.18181818181819,1.523707451273837,2.238510139064374,1.3281694391385315,0.4266335240552126,1362464423.0,6.8,6.84,6.77,6.83,13011855.0,88659300.0,6.8,0.4411764705882337,10.0,7.48,False,False,True,56.62080992055804
1554,002826.SZ,易明医药,0.28365384615384637,33.6934503713707,1.4894876443684062,1.967850868019526,0.8260310284493728,0.6025807649755246,184729311.00000003,17.15,17.3,16.94,17.03,2190500.0,37453381.0,17.01,0.11757789535566943,10.0,18.71,False,False,True,56.44642511141252
1555,601366.SH,利群股份,0.17080745341614917,32.45901639344264,1.7045204800948972,1.6411234119966214,1.5311326116937805,0.7249784977160237,959741113.0,3.6,3.69,3.58,3.6,11418800.0,41482652.0,3.6,0.0,10.0,3.96,False,False,True,56.42898663049796
1556,002186.SZ,全 聚 德,0.22113502935420754,29.469790382244156,1.5533206795978756,1.866283136709182,1.4853738140043342,0.8488965087642198,306801588.0,9.26,9.49,9.18,9.29,4860600.0,45491250.0,9.24,0.5411255411255311,10.0,10.16,False,False,True,56.35341987986824
1557,002670.SZ,国盛证券,0.07297687861271675,27.809523809523817,2.0596743760905416,2.418377347305728,1.7515708146575117,0.4088180712047232,1623350634.0000002,11.55,11.72,11.52,11.69,16049684.0,186640525.0,11.51,1.563857515204159,10.0,12.66,False,False,True,56.31273009106763
1558,603099.SH,长白山,0.23207061419639557,28.262176788935655,1.5065657192184674,2.420651863337909,1.0766214388326847,1.5931120907406202,272355860.0,38.6,39.92,38.27,39.26,10503049.0,412062211.0,39.19,0.17861699413115328,10.0,43.11,False,False,True,56.31273009106762
1559,000630.SZ,铜陵有色,0.3787575150300601,23.022847100175746,1.5879216949135135,2.334425057509776,0.8636561674429235,0.5025087870881091,11143001680.999998,6.11,6.15,6.05,6.09,130715110.0,795741561.0,6.02,1.1627906976744207,10.0,6.62,False,False,True,56.217787250532844
1560,000957.SZ,中通客车,0.28287841191067015,23.66930917327292,1.537396504469134,2.452497852873079,1.1168673592939529,0.9393530052765511,592903936.0,9.9,10.01,9.82,9.86,13659091.0,135162610.0,9.97,-1.1033099297893756,10.0,10.97,False,False,True,56.16547180778919
1561,600556.SH,天下秀,0.11895910780669156,39.90147783251232,1.689962261948489,2.243853937772135,0.9048622428040741,0.807779207520023,1807747642.0,4.7,4.75,4.64,4.64,32766123.0,153251450.0,4.7,-1.276595744680864,10.0,5.17,False,False,True,56.10734353807402
1562,300509.SZ,新美星,0.1736401673640166,33.614627285513365,1.639206329204427,2.278617715215655,0.9797816725117259,0.6013366753072458,247103523.0,8.79,8.9,8.7,8.79,3385853.0,29734191.0,8.77,0.22805017103761926,20.0,10.52,False,False,True,56.082154621197446
1563,300879.SZ,大叶股份,0.07112485504445304,37.32950466618807,2.1369104924745446,1.8782672241492862,1.0316307114010197,3.9850903032745104,201028448.0,15.98,18.8,15.82,17.39,15047109.0,263924316.0,15.77,10.272669625871922,20.0,18.92,False,False,True,56.055028095330364
1564,600789.SH,鲁抗医药,0.2471395881006863,24.068322981366453,1.6101777134385564,2.3468188570864053,1.3357678847339167,0.8529959124277896,1010298197.0,7.53,7.72,7.5,7.58,20224421.0,154148020.0,7.52,0.7978723404255428,10.0,8.27,False,False,True,55.95814764580508
1565,001318.SZ,阳光乳业,0.2211055276381909,33.57894736842104,1.606535518165448,1.421030708271416,1.5345209833623044,0.7792743738406797,282660000.0,11.27,11.47,11.21,11.4,3130100.0,35584059.0,11.26,1.243339253996445,10.0,12.39,False,False,True,55.9290835109475
1566,600831.SH,广电网络,0.20270270270270258,32.2222222222222,1.732091923135616,1.954376016264229,0.9841641787344659,1.0274359907669017,710946992.0,3.29,3.31,3.22,3.24,14275789.0,46589384.0,3.3,-1.8181818181818077,10.0,3.63,False,False,True,55.89226894012788
1567,002961.SZ,瑞达期货,0.2002129925452608,20.151133501259455,2.1860566525654206,2.1055817920800477,1.3873000653782355,1.572603264880989,476931183.0,13.94,14.32,13.8,14.13,15792359.0,334138013.0,13.79,2.4655547498187103,10.0,15.17,False,False,True,55.876768068203845
1568,002481.SZ,双塔食品,0.180887372013652,31.081081081081074,1.8029020054849056,1.5496013960885082,1.6801101041795954,0.5610461388544429,1118152600.0,4.24,4.29,4.21,4.23,9721195.0,41220386.0,4.23,0.0,10.0,4.65,False,False,True,55.78763805464057
1569,300523.SZ,辰安科技,0.29181004817618733,31.4792899408284,1.678940525581637,1.2906634771499632,1.1194730958925356,1.062274567314624,232630438.0,21.2,21.6,20.93,21.31,3189454.0,67929904.0,21.14,0.8041627246925254,20.0,25.37,False,False,True,55.72563456694438
1570,600855.SH,航天长峰,0.12962962962962962,39.48863636363635,1.5014309342473129,2.371894032065638,1.0553225198454796,0.9121253213645956,467639728.00000006,13.09,13.6,13.09,13.28,10117220.0,135152318.0,13.08,1.5290519877675823,10.0,14.39,False,False,True,55.70432086804883
1571,600073.SH,光明肉业,0.31456953642384117,31.05726872246697,1.3884342333811879,1.4653509418545771,1.677348606806157,0.6228608382139453,937729472.0,5.5,5.58,5.46,5.54,8558748.0,47224529.0,5.49,0.9107468123861429,10.0,6.04,False,False,True,55.68494477814377
1572,002986.SZ,宇新股份,0.349685534591195,34.04452690166977,1.5263112452362686,1.7087589650325703,0.7820191483974266,0.9447616637525788,301837442.0,12.98,13.1,12.77,12.96,4872773.0,63654107.0,12.91,0.38729666924866013,10.0,14.2,False,False,True,55.62875411741911
1573,688410.SH,山外山,0.09090909090909079,32.375690607734796,1.838198879001452,2.372966063649926,1.4408168521625306,0.5944952823702487,447440870.0,9.41,9.65,9.41,9.53,6312125.0,60179574.0,9.41,1.2752391073326264,20.0,11.29,False,False,True,55.599689982561515
1574,600094.SH,大名城,0.2540322580645163,37.50000000000002,1.8449062125914204,1.0352980635984315,0.94063612963204,1.432467879225365,2126229950.0,4.07,4.11,4.02,4.04,31532654.0,128116856.0,4.07,-0.7371007371007376,10.0,4.48,False,False,True,55.5590001937609
1575,001236.SZ,弘业期货,0.23138832997987932,26.536731634182907,1.8726538445142964,1.7773666886196422,1.218677644015521,0.47234289181156536,758077778.0,7.88,7.94,7.82,7.84,6364264.0,50068201.0,7.82,0.2557544757033181,10.0,8.6,False,False,True,55.5570625847704
1576,603363.SH,傲农生物,0.08761329305135952,27.692307692307683,2.2650496227703485,2.4039846515277232,1.333119243906711,0.5392566321543679,2146589668.0,2.89,2.91,2.85,2.89,27827630.0,80274936.0,2.89,0.0,10.0,3.18,False,False,True,55.48537105212168
1577,600455.SH,博通股份,0.3415794481446242,31.11337061514996,1.4771633400647328,2.203247302187065,0.7943569140185297,0.956831612024729,62458000.0,23.3,23.65,23.23,23.27,1316700.0,30819508.0,23.26,0.04299226139294898,10.0,25.59,False,False,True,55.417554737453976
1578,688060.SH,云涌科技,0.29857204673301607,39.113747383112354,1.7094562650548522,0.7605676409163835,1.0400209007780996,1.2535736816260339,60190728.0,35.38,36.48,35.38,36.02,573875.0,20769681.0,35.56,1.2935883014623117,20.0,42.67,False,False,True,55.407866692501464
1579,002312.SZ,川发龙蟒,0.10406504065040646,34.478371501272264,1.9032365279403496,2.010113206115128,1.3436829147416987,0.6750416105596884,1884636265.0,8.5,8.55,8.46,8.52,25572819.0,217755704.0,8.5,0.23529411764704466,10.0,9.35,False,False,True,55.40205386552993
1580,300448.SZ,浩云科技,0.14057971014492748,36.66666666666667,2.011344581673018,2.3026563588837727,0.751721470190293,0.6110762172110905,639017081.0,5.49,5.57,5.45,5.49,8991600.0,49537649.0,5.47,0.365630712979903,20.0,6.56,False,False,True,55.3884906025964
1581,000905.SZ,厦门港务,0.17046688382193273,28.971962616822424,1.6802369758680762,2.3203438018013394,1.5248928721117727,1.7245492580501767,741808097.0,9.08,9.7,8.91,9.4,29683801.0,278703763.0,9.06,3.7527593818984517,10.0,9.97,False,False,True,55.32261189691919
1582,000039.SZ,中集集团,0.2794759825327512,35.644937586685145,1.9826686452386781,1.3655205022239005,0.7170343299654414,0.8143489863828164,2301407141.0,9.15,9.33,9.04,9.15,25591883.0,234815903.0,9.13,0.21905805038333614,10.0,10.04,False,False,True,55.30904863398567
1583,000797.SZ,中国武夷,0.15579710144927542,30.805687203791464,1.6815959842890718,2.3039867864770307,1.4649610118054728,2.301914848789891,1570574028.9999998,2.54,2.79,2.51,2.69,83296672.0,221152182.0,2.54,5.905511811023612,10.0,2.79,True,False,True,55.278046890137574
1584,002626.SZ,金达威,0.3789237668161436,33.72093023255813,1.724672362090298,0.8086332199037722,1.0543015870945867,0.5061705992018029,609861032.0,16.28,16.5,16.1,16.13,2496200.0,40656924.0,16.28,-0.9213759213759332,10.0,17.91,False,False,True,55.278046890137574
1585,300194.SZ,福安药业,0.331360946745562,29.629629629629626,1.5044258251974036,1.671969079269783,1.1279020861252687,0.7433007741900486,968378683.0,3.82,3.87,3.78,3.78,12034777.0,45954928.0,3.8,-0.5263157894736858,20.0,4.56,False,False,True,55.176322418136024
1586,603583.SH,捷昌驱动,0.2415706359368331,33.12649164677806,1.7918886841974282,1.4140010803433622,1.0830448145103126,0.7220067528177607,383293655.0,26.73,27.13,26.6,26.79,3905282.0,104715924.0,26.61,0.6764374295377573,10.0,29.27,False,False,True,55.171478395659754
1587,002923.SZ,润都股份,0.19517102615694176,34.589800443458984,1.8016154359578267,2.3866678688486793,0.7575538572424846,0.9023709028635859,258064083.0,11.0,11.18,10.92,10.92,5557822.0,61231592.0,10.96,-0.36496350364964014,10.0,12.06,False,False,True,55.16179035070722
1588,688393.SH,安必平,0.15337954939341417,34.90445859872613,2.0311549157559385,1.754113350591207,0.9912095922369264,0.9675976149154001,93567699.0,19.35,20.39,19.23,19.72,1588102.0,31660125.0,19.24,2.494802494802495,20.0,23.09,False,False,True,55.138539042821165
1589,002602.SZ,世纪华通,0.2446808510638299,38.22296730930426,1.664643715697845,1.573976184350819,0.8853260083204719,1.1822144259706913,6796829127.0,14.5,14.79,14.32,14.61,126473857.0,1854408125.0,14.46,1.0373443983402453,10.0,15.91,False,False,True,55.072660337143965
1590,000514.SZ,渝 开 发,0.18879056047197632,29.66101694915253,1.7619119687087845,1.8785524221018863,1.549764054877089,0.7879222266042986,843770965.0,4.18,4.25,4.12,4.2,12489103.0,52224484.0,4.18,0.4784688995215447,10.0,4.6,False,False,True,55.04747142026738
1591,603613.SH,国联股份,0.23847167325428206,24.281524926686227,2.287068599230243,1.6634948136996612,1.1056689369910047,1.7261102615605666,720537813.0,20.8,21.6,20.8,21.27,20689346.0,439757605.0,20.67,2.9027576197387495,10.0,22.74,False,False,True,55.03197054834333
1592,688695.SH,中创股份,0.16119402985074627,34.999999999999986,1.818080860091841,2.149904810291234,0.9514116996214499,1.0393056956782905,53395478.0,18.66,19.11,18.66,18.75,1193073.0,22546654.0,18.5,1.3513513513513598,20.0,22.2,False,False,True,54.967060647161404
1593,300515.SZ,三德科技,0.26787330316742086,38.141809290953546,1.2297106332315713,1.8527143818759837,1.193872351281111,0.6837211439121094,202077775.0,15.29,15.66,15.29,15.64,2559800.0,39849398.0,15.23,2.692055154300732,20.0,18.28,False,False,True,54.84983530323581
1594,600989.SH,宝丰能源,0.37934560327198374,32.74519979242345,1.840080692664826,0.9960560670688426,0.9009962597142476,0.6896345609474236,7333360000.0,23.03,23.7,22.96,23.59,50373927.0,1176979561.0,23.23,1.549720189410242,10.0,25.55,False,False,True,54.745204417748496
1595,300233.SZ,金城医药,0.17865707434052758,28.497409326424883,2.0622155922229726,2.354907451564573,0.9335060941600373,1.0659379280968202,372241463.0,13.2,13.46,13.08,13.23,9343950.0,124143859.0,13.07,1.224177505738333,20.0,15.68,False,False,True,54.71420267390042
1596,000597.SZ,东北制药,0.327683615819209,34.718826405867965,1.5842550740179073,1.1015280077986296,1.2374018097434516,0.6361461614671401,1409203737.0,4.65,4.78,4.65,4.66,9874753.0,46400116.0,4.67,-0.21413276231262435,10.0,5.14,False,False,True,54.65219918620423
1597,002802.SZ,洪汇新材,0.31293463143254513,31.95876288659796,1.687359561373637,1.907782085645476,0.8151319558524858,0.5294481038428464,149682457.0,11.96,12.09,11.88,11.96,1511900.0,18124430.0,11.95,0.08368200836821327,10.0,13.15,False,False,True,54.644448750242205
1598,002535.SZ,林州重机,0.1814159292035399,31.84079601990051,1.8832089279215647,2.088506475826647,1.005404823061404,1.0656336723703939,746337535.0000001,2.45,2.46,2.36,2.37,16610360.0,39781625.0,2.42,-2.066115702479332,10.0,2.66,False,False,True,54.61732222437512
1599,603385.SH,惠达卫浴,0.32686084142394817,39.73214285714284,1.570712325546046,1.0482280313222785,0.9581779898451169,0.7829109093748293,380664968.0,5.46,5.54,5.42,5.43,3124000.0,17126724.0,5.49,-1.0928961748634003,10.0,6.04,False,False,True,54.56210036814571
1600,000919.SZ,金陵药业,0.20151133501259438,29.629629629629626,1.8776753948153933,2.14288463924715,1.025106879597427,0.6442012964332479,621717978.0,6.43,6.58,6.42,6.46,8582500.0,55805092.0,6.47,-0.1545595054095794,10.0,7.12,False,False,True,54.560162759155205
1601,002529.SZ,海源复材,0.3,34.234234234234236,1.4423821041248437,1.8586624038461494,0.9978487759657588,0.9301147035587886,260000000.0,6.65,6.75,6.54,6.57,4494800.0,29745661.0,6.63,-0.9049773755656076,10.0,7.29,False,False,True,54.551443518697916
1602,000928.SZ,中钢国际,0.26829268292682934,25.210084033613445,1.7438589504075293,1.8853680093424043,1.5052559913270809,0.490245603132832,1434627071.0,5.41,5.44,5.38,5.41,13260163.0,71707247.0,5.42,-0.18450184501844769,10.0,5.96,False,False,True,54.539817864754895
1603,002330.SZ,得利斯,0.2943925233644857,28.57142857142856,1.6673178560087543,1.964589187753597,1.0356622532498796,0.7742896962874676,635054340.0,4.08,4.09,4.01,4.03,9660200.0,39160795.0,4.06,-0.7389162561576179,10.0,4.47,False,False,True,54.408060453400495
1604,688395.SH,正弦电气,0.3670634920634921,36.95893451720311,1.494720890932153,1.4496058325784964,0.8683765673849726,0.903646830750524,86597720.00000001,23.64,24.24,23.58,24.06,1134371.0,27222055.0,23.57,2.078913873568089,20.0,28.28,False,False,True,54.38287153652392
1605,603888.SH,新华网,0.23494423791821573,23.828647925033476,1.7242166241590327,2.325178910981874,1.874808188762323,2.692438780520403,742211985.0,18.0,18.87,17.92,18.47,46465453.0,852958590.0,18.1,2.0441988950276047,10.0,19.91,False,False,True,54.32474326680875
1606,000552.SZ,甘肃能化,0.31250000000000006,25.11210762331839,1.5820628871734157,2.353333882965413,1.1216934998286965,0.6095465163381062,3725813542.0,2.46,2.48,2.45,2.46,53445546.0,131675352.0,2.48,-0.8064516129032251,10.0,2.73,False,False,True,54.29567913195117
1607,002390.SZ,信邦制药,0.26143790849673193,29.527559055118104,1.8942271292164172,1.493593347763714,1.1529180177263894,0.6892012930202122,1927818234.0,2.94,2.99,2.93,2.94,19844700.0,58679422.0,2.94,0.0,10.0,3.23,False,False,True,54.27824065103661
1608,300110.SZ,华仁药业,0.2559999999999999,29.460580912863076,1.8385893009335283,1.918227699388137,0.978012232260832,1.0813097653833685,1181425107.0,2.74,2.8,2.72,2.74,24505100.0,67496813.0,2.73,0.366300366300365,20.0,3.28,False,False,True,54.2046115093974
1609,000524.SZ,岭南控股,0.09697601668404583,34.158415841584166,2.055798912072837,2.080734043575355,1.3819781602150918,0.5535720074099487,670008507.0,9.06,9.14,8.91,9.0,7717400.0,69701670.0,9.01,-0.11098779134295356,10.0,9.91,False,False,True,54.18329781050184
1610,601177.SH,杭齿前进,0.23886639676113355,34.24657534246576,1.4759917585879438,2.0834251950404568,1.1866727863576985,0.43649565766078297,402416500.0,13.53,13.69,13.46,13.59,3659600.0,49729705.0,13.45,1.0408921933085624,10.0,14.8,False,False,True,54.07285409804301
1611,000065.SZ,北方国际,0.15245478036175725,35.73964497041422,1.6212003417257346,2.4324588562832465,1.1926739110192954,0.6014770182693302,1065018573.0,9.65,9.83,9.61,9.78,15581947.0,151985218.0,9.63,1.5576323987538832,10.0,10.59,False,False,True,54.03603952722341
1612,000055.SZ,方大集团,0.38732394366197204,27.47603833865815,1.6366283926129117,1.681297904167462,1.0536234256557928,2.5623668260979957,675854429.0,3.71,3.81,3.66,3.75,29116498.0,108987096.0,3.68,1.9021739130434812,10.0,4.05,False,False,True,54.026351482270876
1613,300261.SZ,雅本化学,0.1093394077448748,35.36299765807964,2.16918697520466,1.7866814816167822,1.325418798753733,0.5665355886720914,942830489.0,4.81,4.84,4.75,4.76,9543506.0,45693397.0,4.75,0.21052631578946102,20.0,5.7,False,False,True,53.97791125750824
1614,601061.SH,中信金属,0.28571428571428586,34.114052953156815,2.491904805482181,0.41597753265305604,1.1061472226127287,0.913132519014432,4900000000.0,11.32,11.64,11.29,11.54,18612288.0,213904820.0,11.13,3.6837376460017834,10.0,12.24,False,False,True,53.85390428211586
1615,603739.SH,蔚蓝生物,0.20816864295125165,29.307116104868914,1.9055347499077182,1.8794444978463383,1.3158181243920561,0.7237752387632514,253028866.00000003,12.26,12.48,12.19,12.24,3441940.0,42333787.0,12.26,-0.16313213703099683,10.0,13.49,False,False,True,53.74152296066653
1616,603000.SH,人民网,0.19221411192214105,29.016277423920723,1.8169872993264982,2.184037025438319,1.37328173743637,1.448742873532617,1105691056.0,17.25,17.63,17.21,17.35,34985260.0,608890724.0,17.29,0.3470213996529914,10.0,19.02,False,False,True,53.72408447975198
1617,601008.SH,连云港,0.21153846153846143,29.381443298969057,1.654080519401348,2.0864523192754696,2.8173072546532336,0.7304609590027309,1240638006.0,4.44,4.52,4.36,4.44,18908216.0,84131864.0,4.43,0.22573363431153126,10.0,4.87,False,False,True,53.704708389846935
1618,000590.SZ,古汉医药,0.2707182320441988,29.718875502008025,1.8012749807629898,1.7372316309300762,1.0872791752739064,0.5239675723066292,239351027.0,8.98,9.07,8.85,8.88,2178700.0,19479826.0,8.94,-0.6711409395973034,10.0,9.83,False,False,True,53.68726990893238
1619,603477.SH,巨星农牧,0.23918269230769237,36.92065985860171,1.5849128492145559,2.364619302379094,0.8375354531716417,0.8858724550456197,510070813.0,14.57,14.64,14.43,14.5,10684714.0,154926323.0,14.64,-0.9562841530054711,10.0,16.1,False,False,True,53.58263902344507
1620,603225.SH,新凤鸣,0.24786324786324795,36.890243902439025,2.361705577279316,1.0523175937262879,0.8627793318393507,0.7675039976237015,1668545680.0,16.73,17.15,16.6,16.98,13476142.0,227844746.0,16.6,2.289156626506017,10.0,18.26,False,False,True,53.48575857391978
1621,603599.SH,广信股份,0.1977715877437326,28.60286028602861,1.9615954104130746,1.9807835668683265,1.3892249854175596,0.4002268249800493,910269345.0,10.55,10.56,10.43,10.47,7216276.0,75571704.0,10.51,-0.38058991436725753,10.0,11.56,False,False,True,53.36756442549891
1622,000882.SZ,华联股份,0.24509803921568626,29.133858267716526,1.951799182883816,2.0893823576663975,0.9599359449286874,2.1166329821126437,2735636141.0,1.52,1.63,1.5,1.58,120982294.0,188568365.0,1.52,3.9473684210526327,10.0,1.67,False,False,True,53.342375508622354
1623,600595.SH,中孚实业,0.19190140845070433,31.734317343173423,1.9068532099629347,2.1828793824084474,1.036490448420316,0.8862585313444806,4007905114.0,6.07,6.19,6.05,6.1,77536751.0,473675105.0,5.98,2.006688963210679,10.0,6.58,False,False,True,53.31137376477426
1624,688505.SH,复旦张江,0.35958904109589035,33.823529411764696,1.7025246324245547,0.979376350408349,1.3592128248337305,1.1504438219983861,710572100.0000001,7.7,7.97,7.62,7.73,8006140.0,62675350.0,7.63,1.3106159895150737,20.0,9.16,False,False,True,53.233869405154046
1625,688087.SH,英科再生,0.37119113573407203,38.935483870967744,1.7479994175772002,1.108585834234437,0.8200340947510651,0.6518278178485921,187568730.0,33.5,33.93,33.08,33.26,1348580.0,44970094.0,33.5,-0.7164179104477642,20.0,40.2,False,False,True,53.22999418717303
1626,600822.SH,上海物贸,0.3440285204991088,25.906040268456376,1.8870695063666063,1.3223169034127462,1.6360187321374307,5.878089313088907,396147908.0,10.25,10.25,9.29,9.4,30791376.0,299595628.0,9.38,0.2132196162046851,10.0,10.32,False,False,True,53.15055221856228
1627,688289.SH,圣湘生物,0.27053669222343907,32.87373004354137,1.984246113747752,1.054917287581016,1.349528386569876,0.9321766037011654,574937804.0,16.36,16.49,16.04,16.04,5672370.0,92264510.0,15.87,1.0712035286704502,20.0,19.04,False,False,True,53.0885487308661
1628,000790.SZ,华神科技,0.37410071942446044,27.647058823529402,1.799999161446871,2.253883217611886,0.7653889695317312,2.0873662558343202,622642739.0,3.94,4.28,3.93,4.03,29293347.0,119122919.0,3.92,2.8061224489795977,10.0,4.31,False,False,True,53.082735903894594
1629,600609.SH,金杯汽车,0.24774774774774785,19.8019801980198,2.1634171667484923,2.1828450225842557,1.7370742625773983,3.9865631551089025,1304558558.0,3.71,3.81,3.57,3.59,113523332.0,415237489.0,3.58,0.27932960893854997,10.0,3.94,False,False,True,53.074985467932564
1630,002987.SZ,京北方,0.1698717948717949,37.52711496746202,1.6884573107329757,1.843285441414249,1.5158089070046095,0.5683521963775878,1013925333.0,10.89,10.96,10.8,10.84,10622240.0,115468517.0,10.81,0.27752081406104967,10.0,11.89,False,False,True,53.06917264096106
1631,300621.SZ,维业股份,0.27293577981651385,34.39716312056738,1.6642811324253217,2.1262554121072967,0.8868411221651169,1.0333386968128742,202529013.0,6.83,6.94,6.8,6.81,4449850.0,30566447.0,6.83,-0.2928257686676483,20.0,8.2,False,False,True,53.01104437124587
1632,000926.SZ,福星股份,0.22115384615384612,28.10810810810811,1.9084822693507761,2.2519497876425016,1.1472272387408435,0.7860317919107777,1573209145.0000002,2.07,2.11,2.05,2.1,27847440.0,57962274.0,2.08,0.9615384615384581,10.0,2.29,False,False,True,52.950978492540216
1633,605128.SH,上海沿浦,0.2915309446254071,39.002624671915996,1.575832922165106,1.3746201698713076,1.050312194790763,0.7597893768185728,313986743.0,22.83,23.2,22.52,22.69,3279346.0,74657717.0,22.63,0.2651347768449108,10.0,24.89,False,False,True,52.93354001162566
1634,000952.SZ,广济药业,0.2564575645756457,38.000000000000014,1.772968873065114,1.7686135478867357,0.8403037405040952,0.8778136061125383,343994535.00000006,6.46,6.59,6.38,6.4,5340560.0,34523962.0,6.39,0.15649452269170805,10.0,7.03,False,False,True,52.92772718465413
1635,603291.SH,联合水务,0.24951267056530232,31.31578947368423,1.962883457832048,1.4452515052882389,1.2587673176654595,0.595473256340532,423220604.0,8.88,9.03,8.88,8.96,3642273.0,32654894.0,8.88,0.9009009009008917,10.0,9.77,False,False,True,52.89672544080604
1636,603182.SH,嘉华股份,0.3880597014925372,35.18867924528302,1.4919476682608803,1.4605567912488566,1.022983463511184,0.5966264868540371,164550000.0,13.14,13.35,13.06,13.11,1433900.0,18937702.0,13.2,-0.6818181818181834,10.0,14.52,False,False,True,52.892850222825025
1637,600533.SH,栖霞建设,0.3170731707317073,31.318681318681318,1.5804281476091702,1.827510352380949,1.1535569178636658,0.8431984024146262,1050000000.0,2.22,2.23,2.16,2.2,16180015.0,35382536.0,2.21,-0.4524886877827927,10.0,2.43,False,False,True,52.883162177872514
1638,300891.SZ,惠云钛业,0.3585585585585586,38.18827708703376,1.4145326132007612,1.8040121164935676,0.8928095866143223,1.4653840150861766,333474365.00000006,7.71,8.0,7.62,7.66,8815630.0,68490406.0,7.62,0.5249343832020914,20.0,9.14,False,False,True,52.77078085642317
1639,605138.SH,盛泰集团,0.24096385542168677,38.43058350100603,1.9633101670063327,1.013559006463391,1.1924499550002647,0.4881152825794309,555571680.0,5.94,6.09,5.93,5.95,2748600.0,16538736.0,5.97,-0.335008375209378,10.0,6.57,False,False,True,52.73009106762254
1640,688755.SH,汉邦科技,0.38505338078291823,34.44495203289173,1.4566076986515022,1.3628797037841252,1.3057388686125915,2.561371760395769,79867159.0,27.51,28.45,27.25,27.8,2788036.0,77978819.0,27.3,1.831501831501825,20.0,32.76,False,False,True,52.66808757992637
1641,300256.SZ,星星科技,0.15983606557377053,39.13043478260872,1.820389960103976,1.6137989050842232,1.5012956791550514,0.5355865679718073,2243393386.0,2.69,2.72,2.65,2.67,19390300.0,51977653.0,2.69,-0.743494423791824,20.0,3.23,False,False,True,52.53826777756249
1642,000637.SZ,茂化实华,0.3233082706766918,35.25835866261397,1.4863417567972566,2.29635075280115,0.8578321550531567,0.7057123866683735,364589305.0,4.15,4.2,4.1,4.11,5908400.0,24471167.0,4.15,-0.9638554216867434,10.0,4.57,False,False,True,52.53245495059096
1643,600352.SH,浙江龙盛,0.3067226890756302,27.1505376344086,2.1624945799845574,1.6714727129005464,0.9948897077442019,0.6232033645660934,3253331860.0,11.57,11.83,11.5,11.78,33888898.0,396179959.0,11.54,2.0797227036395194,10.0,12.69,False,False,True,52.46076341794227
1644,603101.SH,汇嘉时代,0.20769230769230765,36.66666666666665,1.8139914195830376,2.053906366921764,0.9523699992833747,0.6164727449654936,470400000.0,7.38,7.54,7.33,7.43,5956098.0,44419850.0,7.35,1.0884353741496655,10.0,8.09,False,False,True,52.44720015500871
1645,605016.SH,百龙创园,0.21587608906098743,36.476683937823836,2.05055812384493,1.3104981301500822,1.1601940663992905,0.4000794948837387,420012320.00000006,20.98,20.99,20.58,20.65,2202139.0,45628669.0,20.81,-0.7688611244593968,10.0,22.89,False,False,True,52.35613253245495
1646,300942.SZ,易瑞生物,0.12690355329949235,38.738738738738746,1.759312794353639,2.1833759035407194,1.5035751158276907,1.1873721090114793,405077895.0,6.41,6.76,6.41,6.42,10501562.0,69094602.0,6.3,1.904761904761898,20.0,7.56,False,False,True,52.23212555706258
1647,301097.SZ,天益医疗,0.25566180171112224,30.68259385665528,2.1094068247439446,1.9332383876877488,0.9163011245209742,0.7022428511467399,39590371.0,34.05,34.2,33.41,33.66,537480.0,18190535.0,33.86,-0.5906674542232815,20.0,40.63,False,False,True,52.160434024413874
1648,002449.SZ,国星光电,0.18253968253968264,36.89655172413795,1.7350855471981295,2.290539798406038,1.053891718380317,0.6204595547074243,618477169.0,6.52,6.56,6.51,6.56,8789719.0,57493169.0,6.49,1.0785824345146189,10.0,7.14,False,False,True,52.07033520635535
1649,002345.SZ,潮宏基,0.06725146198830421,39.88023952095809,2.2517234984095285,2.3514272672750915,1.0159834364661804,0.3596074721777934,867218265.0,8.7,8.77,8.69,8.74,7333118.0,65406178.0,8.64,1.157407407407396,10.0,9.5,False,False,True,52.011238132144925
1650,601898.SH,中煤能源,0.36204889406286384,38.167938931297705,2.2213172408941904,0.4946427111170095,0.977504031906701,0.6313423806454891,9152000400.0,13.91,14.01,13.82,13.86,28580682.0,396787223.0,14.01,-1.0706638115631772,10.0,15.41,False,False,True,51.953109862429756
1651,300904.SZ,威力传动,0.16262482168330952,37.87234042553192,2.156303042027233,1.571256309748639,1.1978940173028676,2.3138922073449293,72383232.0,43.16,45.32,42.5,43.8,2631650.0,115742219.0,43.16,1.4828544949026856,20.0,51.79,False,False,True,51.778725053284234
1652,301059.SZ,金三江,0.36826783114992706,39.54451345755694,1.363763045009851,1.5869869571107629,1.0660858245423457,0.5986725172552514,206544574.0,12.33,12.4,12.16,12.28,1962350.0,24150959.0,12.19,0.7383100902379036,20.0,14.63,False,False,True,51.629529161015306
1653,603883.SH,老百姓,0.3477011494252874,36.11383709519136,1.4314377255177257,1.5963555894267643,1.3851785526339786,0.6907946764704734,758890236.0,12.61,12.82,12.57,12.6,8368692.0,105914499.0,12.61,-0.07930214115781098,10.0,13.87,False,False,True,51.50358457663242
1654,600409.SH,三友化工,0.23486682808716697,39.33823529411764,2.175034203362684,1.5434476406535165,0.8173117413956177,0.4402929100881518,2064349448.0,6.27,6.36,6.26,6.31,14028680.0,88549078.0,6.3,0.15873015873015817,10.0,6.93,False,False,True,51.4900213136989
1655,002748.SZ,世龙实业,0.37149817295980503,37.908496732026144,1.3460266207434324,1.9565860624999951,0.9934640552605412,1.2952833416870633,240000000.0,12.04,12.37,12.0,12.32,6082400.0,74633154.0,12.02,2.4958402662229595,10.0,13.22,False,False,True,51.40476651811663
1656,688151.SH,华强科技,0.25048169556840094,32.748538011695906,2.209596683502121,1.1870333962264108,1.6287340014892013,0.8198191290526917,344500000.0,16.3,16.94,16.3,16.69,3352511.0,55787356.0,16.28,2.518427518427524,20.0,19.54,False,False,True,51.03080798294904
1657,600561.SH,江西长运,0.37304075235109724,37.93859649122808,1.606194305838434,1.6977302542773214,0.881652973125427,0.8017568648419501,284476800.0,5.76,5.84,5.69,5.71,3872204.0,22336465.0,5.75,-0.6956521739130417,10.0,6.33,False,False,True,51.02693276496804
1658,600300.SH,维维股份,0.3921568627450981,24.817518248175176,1.6288961303192728,2.262369085567969,1.3906443871743355,0.5478277152347515,1617142180.0,3.13,3.18,3.12,3.14,20042674.0,63233143.0,3.14,0.0,10.0,3.45,False,False,True,50.910676225537685
1659,603168.SH,莎普爱思,0.2629107981220657,35.164835164835175,1.7179885527900456,2.075888502500726,1.0422168439247346,0.7257394094387006,372514005.00000006,5.69,5.78,5.58,5.58,5612125.0,31834529.0,5.67,-1.5873015873015817,10.0,6.24,False,False,True,50.910676225537685
1660,002187.SZ,广百股份,0.18164794007490637,35.76158940397352,1.7590715610831604,2.223161316459955,1.472022290030183,0.6944607403828401,700894633.0,5.5,5.69,5.47,5.59,10821100.0,60660491.0,5.5,1.6363636363636358,10.0,6.05,False,False,True,50.78473164115482
1661,600740.SH,山西焦化,0.2863436123348017,32.698412698412696,1.7775398379951977,1.8288525613570534,1.1922497398043832,0.49407613170391407,2562121154.0,3.76,3.81,3.74,3.76,23151132.0,87219615.0,3.8,-1.0526315789473717,10.0,4.18,False,False,True,50.693664018601034
1662,603096.SH,新经典,0.34317862165963436,31.599378881987562,1.9740291936816121,1.3553502098205854,1.2419980274610691,0.8032359823696614,154234624.0,15.32,15.85,15.16,15.43,1679100.0,26041392.0,15.32,0.7180156657963455,10.0,16.85,False,False,True,50.12788219337339
1663,000060.SZ,中金岭南,0.27951807228915665,39.79591836734695,1.6242334971176497,2.446906798796822,0.8037215645350644,0.5579491032558934,4441101208.0,6.24,6.25,6.16,6.19,60632110.0,375199774.0,6.15,0.6504065040650486,10.0,6.77,False,False,True,50.03293935283859
1664,600216.SH,浙江医药,0.24798927613941016,35.92142188961647,1.7480079597525904,2.1571742003977867,1.1196948554617627,0.5934229822068597,951389475.0,12.55,12.7,12.51,12.55,12178896.0,153409294.0,12.54,0.07974481658692412,10.0,13.79,False,False,True,49.77136213912032
1665,002200.SZ,交投生态,0.38759689922480606,31.171171171171185,1.690626097098868,2.071823785060302,1.0340018315800559,0.9449484959324772,195725970.00000003,6.55,6.63,6.39,6.44,3831858.0,24925158.0,6.55,-1.6793893129770865,10.0,7.21,False,False,True,49.57178841309824
1666,600249.SH,两面针,0.3172205438066465,32.11009174311925,1.8657244433621325,1.8662162090909047,1.1055692130498924,0.9993843498100383,550000000.0,5.41,5.54,5.37,5.4,10257870.0,55935371.0,5.41,-0.1848428835489746,10.0,5.95,False,False,True,49.56985080410774
1667,600684.SH,珠江股份,0.1612021857923497,34.602076124567475,2.203265270721529,2.323732916529301,1.1877237371096823,0.6310260067520927,853460723.0,3.49,3.51,3.44,3.48,12514601.0,43459754.0,3.48,0.0,10.0,3.83,False,False,True,49.54078666925014
1668,002778.SZ,中晟高科,0.18561278863232694,39.570552147239255,1.793982158655929,2.3029725671505186,1.0981990142353966,0.7932175213808754,123742705.0,15.18,15.38,14.98,15.15,2260480.0,34267679.0,15.13,0.13218770654328527,10.0,16.64,False,False,True,49.496221662468514
1669,600493.SH,凤竹纺织,0.3419023136246787,34.836065573770504,1.746282910231982,2.1689812499999945,0.8864183973133523,1.6856992193915923,272000000.0,6.22,6.47,6.19,6.26,9945000.0,62818633.0,6.21,0.8051529790660261,10.0,6.83,False,False,True,49.436155783762835
1670,603266.SH,天龙股份,0.26897568165069996,29.515108924806732,1.9761963942657883,2.036941173808708,1.4188372850488566,2.968987679989917,198886750.0,17.39,17.55,16.98,17.13,12027981.0,206855491.0,17.88,-4.194630872483218,10.0,19.67,False,False,True,49.41096686688626
1671,000876.SZ,新 希 望,0.3262910798122065,36.16298811544991,1.7528457862573752,1.3200460333481683,1.7319845677673287,0.7562105017070877,4500008269.0,7.15,7.23,7.13,7.16,44920552.0,322497036.0,7.21,-0.6934812760055475,10.0,7.93,False,False,True,49.38190273202867
1672,002232.SZ,启明信息,0.26822157434402344,30.613830613830608,2.14200949417951,1.6611573650425322,1.5421074116506646,2.79670076445495,408548455.00000006,15.47,15.89,15.33,15.48,18980181.0,296129522.0,15.63,-0.9596928982725572,10.0,17.19,False,False,True,49.31796163534199
1673,002093.SZ,国脉科技,0.17726161369193158,37.5,1.8195755098843278,2.1898144019851067,1.7611523638764515,1.5555530203198702,1007500000.0,7.4,7.59,7.31,7.4,34319202.0,256126110.0,7.45,-0.6711409395973145,10.0,8.2,False,False,True,49.0854485564813
1674,600784.SH,鲁银投资,0.3823529411764705,37.84665579119086,1.6756391813846492,1.666355902771562,1.0356607519018315,0.6697880788344619,675652277.0,7.11,7.18,7.01,7.08,7540991.0,53384784.0,7.06,0.2832861189801861,10.0,7.77,False,False,True,48.537105212168186
1675,300643.SZ,万通智控,0.33028571428571407,39.57361758827449,1.5688453692126356,2.1350786159662225,0.9599697348403525,0.8017588757605715,231099303.0,18.09,18.25,17.84,17.95,3956000.0,71304476.0,17.9,0.27932960893854997,20.0,21.48,False,False,True,48.535167603177676
1676,600572.SH,康恩贝,0.3801652892561986,31.830238726790448,1.645052296182864,2.13022075520509,1.2059066737240587,0.5563707167644355,2531790178.0,4.25,4.3,4.24,4.26,30006586.0,128065704.0,4.23,0.7092198581560183,10.0,4.65,False,False,True,48.42666149970937
1677,601900.SH,南方传媒,0.3725165562913908,33.23353293413174,1.7052303927762513,1.5795012489391684,1.9780318817071014,0.9512085356712479,881970094.0,12.24,12.43,12.07,12.11,13251028.0,161800148.0,12.27,-1.3039934800326058,10.0,13.5,False,False,True,48.34528192210811
1678,600419.SH,天润乳业,0.37223974763406914,29.076086956521728,1.6823572454739213,2.3457393488777116,1.330901006551047,0.46952193596456676,315515296.0,8.55,8.61,8.48,8.56,3475010.0,29718772.0,8.54,0.23419203747074846,10.0,9.39,False,False,True,48.28327843441193
1679,002277.SZ,友阿股份,0.15508021390374332,38.367346938775505,2.2284430566624094,2.1363911812079484,1.293451384952326,0.6264209351324244,1394172800.0,5.45,5.59,5.45,5.54,18657938.0,103196627.0,5.48,1.0948905109488871,10.0,6.03,False,False,True,48.14183297810502
1680,601388.SH,怡球资源,0.2596153846153847,39.77695167286246,1.7853798707000892,2.098512756694295,1.0211748755225203,0.5748725994636574,2201222616.0,3.25,3.28,3.23,3.24,26555054.0,86353922.0,3.23,0.3095975232198178,10.0,3.55,False,False,True,47.95194729703546
1681,301503.SZ,智迪科技,0.19984326018808782,33.60611020185489,2.1774945622438113,2.2849856939723887,1.4548836164255305,0.7351111179580294,57668000.0,21.06,21.5,20.92,21.29,968660.0,20644648.0,20.88,1.9636015325670497,20.0,25.06,False,False,True,47.595427242782414
1682,002556.SZ,辉隆股份,0.2888086642599277,32.1917808219178,1.940374769400743,1.9702815444816149,1.5297108395068266,0.5486453130868957,934041003.0,5.16,5.22,5.13,5.17,10096850.0,52297768.0,5.18,-0.19305019305019266,10.0,5.7,False,False,True,47.543111800038744
1683,000953.SZ,中哲精化,0.28947368421052644,33.53535353535353,1.9815638353446154,2.16500092271106,1.0765671891128377,0.8972000412436741,366122195.0,5.92,6.1,5.87,5.88,7111700.0,42480592.0,5.94,-1.0101010101010166,10.0,6.53,False,False,True,47.455919395466
1684,000715.SZ,中兴商业,0.36821705426356593,32.80542986425339,1.530033198404818,2.445797944765164,1.3635720300899645,0.62478866714404,486231055.0,5.38,5.49,5.34,5.39,7430130.0,40252507.0,5.37,0.3724394785847185,10.0,5.91,False,False,True,47.39585351676032
1685,600212.SH,绿能慧充,0.2776523702031603,39.406779661016955,1.7587508183644753,2.0666382148961153,1.0922394963420605,0.5995702169720667,684680212.9999999,5.96,6.04,5.88,5.93,7575488.0,45115650.0,5.95,-0.3361344537815225,10.0,6.55,False,False,True,47.328037202092624
1686,600148.SH,长春一东,0.31695906432748533,36.46788990825689,1.7076127081021724,1.9444580824349351,1.5055914284424587,0.9161076073633077,141516450.0,15.81,15.83,15.49,15.62,2520879.0,39470737.0,15.79,-1.0766307789740304,10.0,17.37,False,False,True,46.97151714783957
1687,000983.SZ,山西焦煤,0.3711790393013099,34.03880070546737,2.029029896882373,1.5329299950378656,1.224512063093114,0.6344217704025051,5677071809.0,6.45,6.51,6.42,6.44,55210895.0,356231702.0,6.52,-1.2269938650306678,10.0,7.17,False,False,True,46.79228831621778
1688,603088.SH,宁波精达,0.3817292006525286,35.01896333754739,1.9826893234753942,2.261571547967091,0.7976344586535592,0.5189744123444789,437871840.0,10.32,10.4,10.22,10.29,5139292.0,52824751.0,10.25,0.39024390243902474,10.0,11.28,False,False,True,46.78550668475101
1689,688575.SH,亚辉龙,0.15081206496519728,36.690647482014406,2.38259435958834,2.2798896652241507,1.8215325973992835,0.7766182001308848,571388300.0,9.69,9.96,9.58,9.74,10117023.0,99050133.0,9.64,1.0373443983402453,20.0,11.57,False,False,True,46.52974229800426
1690,002567.SZ,唐人神,0.3615819209039548,31.76100628930818,1.7340358431827962,2.191998341211351,1.57016613200124,0.654862047140867,1431666421.0,3.79,3.79,3.72,3.74,20550949.0,76845022.0,3.77,-0.7957559681697535,10.0,4.15,False,False,True,46.465801201317575
1691,603970.SH,中农立华,0.3199195171026156,27.81875658587989,2.2948229354705534,1.8577008224259253,2.1791850501908394,0.5128464644944691,268800134.0,11.1,11.17,10.89,10.91,2560900.0,28206191.0,11.08,-1.534296028880866,10.0,12.19,False,False,True,46.425111412516955
1692,002644.SZ,佛慈制药,0.3784403669724769,36.04826546003017,1.8013779568164403,1.5849559880702646,1.7413449685641151,0.6586737144955921,510657000.0,8.29,8.42,8.16,8.19,5331100.0,44108254.0,8.28,-1.0869565217391242,10.0,9.11,False,False,True,45.894206549118394
1693,000863.SZ,三湘印象,0.3418803418803418,38.662790697674396,1.9345773150344932,2.0038010435498905,0.9927134042631558,0.9559914326721204,1164814068.0,4.65,4.72,4.57,4.68,22313372.0,104168232.0,4.64,0.8620689655172376,10.0,5.1,False,False,True,45.188916876574304
1694,300158.SZ,振东制药,0.2125748502994012,37.807606263982116,2.321640153786599,2.186622280096405,1.289284435116342,2.2511791184066987,991685242.0,5.54,5.8,5.3,5.35,48815492.0,270337199.0,5.18,3.2818532818532864,20.0,6.22,False,False,True,44.95834140670412
1695,300662.SZ,科锐国际,0.2921068986948415,39.62492437991529,1.8635198432887623,2.2808544224630767,1.0852270071631764,0.5095900793903567,196369135.0,21.31,21.39,21.09,21.26,2282400.0,48372243.0,21.23,0.14130946773434072,20.0,25.48,False,False,True,44.601821352451076
1696,600814.SH,杭州解百,0.16601562499999994,36.82432432432432,2.490792674885854,2.289183448652108,2.759364545670554,0.9724140137629704,735078598.0,6.77,7.08,6.7,6.93,16363100.0,113282406.0,6.77,2.363367799113747,10.0,7.45,False,False,True,44.499128075954275
1697,002836.SZ,新宏泽,0.30029732408325077,38.79641485275289,2.2306655355059233,1.6178510633680503,1.2621939520806822,3.3968960428032635,230400000.0,11.19,11.92,11.19,11.92,12662028.0,148224485.0,10.84,9.963099630996307,10.0,11.92,True,False,True,44.41387328037202
1698,600738.SH,丽尚国潮,0.33962264150943394,35.41076487252126,1.7996777194681783,2.185383646258412,1.6889076489137296,0.8701602585834846,760666196.0,4.24,4.33,4.18,4.24,14465087.0,61799467.0,4.25,-0.23529411764705577,10.0,4.68,False,False,True,44.409998062391004
1699,688613.SH,奥精医疗,0.23214285714285704,35.55383423702556,2.278757987131283,2.4649591298600626,1.3377233232142065,3.798306801338953,137008584.0,16.82,18.58,16.5,18.02,12827663.0,230758786.0,16.81,7.19809637120763,20.0,20.17,False,False,True,44.21623716334044
1700,603839.SH,安正时尚,0.2262931034482758,36.624775583482936,2.3499415067593468,2.1564620938348265,2.005892716798016,0.37473128959969737,387016200.0,6.63,6.74,6.6,6.6,3127454.0,20837513.0,6.62,-0.30211480362538623,10.0,7.28,False,False,True,43.65820577407479
1701,000839.SZ,国安股份,0.2113402061855671,39.2241379310345,2.193246720816569,2.481304216457795,1.38618347381372,1.436451759837506,3919826352.0,2.75,2.94,2.73,2.82,139713344.0,395707342.0,2.73,3.296703296703285,10.0,3.0,False,False,True,43.44313117612866
1702,002242.SZ,九阳股份,0.3895833333333335,31.901041666666675,2.429527346178419,1.678562904436646,1.5171983970045015,1.5168934082460834,761765625.0,9.35,9.64,9.26,9.43,19396084.0,183759629.0,9.55,-1.2565445026178068,10.0,10.51,False,False,True,43.11761286572371
1703,605001.SH,威奥股份,0.28370786516853935,36.99788583509513,2.088344655014777,2.2324618973442627,1.592543459800082,0.6746071819784226,392886000.0,5.74,5.8,5.62,5.67,5917000.0,33763534.0,5.74,-1.2195121951219523,10.0,6.31,False,False,True,42.77078085642317
1704,000607.SZ,华媒控股,0.39629629629629626,38.04713804713802,1.860653623770223,2.0502224483286193,1.3748680214857043,2.9434585987542836,885062168.0,3.95,4.21,3.95,4.12,53411244.0,218565096.0,4.04,1.980198019801982,10.0,4.44,False,False,True,42.26700251889169
1705,002098.SZ,浔兴股份,0.3144329896907216,36.46864686468647,2.24880371839301,1.9014487430167537,1.9334203874119518,0.5294279802676186,358000000.0,7.86,8.05,7.86,7.91,3603915.0,28663161.0,7.89,0.25348542458809575,10.0,8.68,False,False,True,42.24956403797714
1706,000989.SZ,九芝堂,0.3870967741935482,39.45945945945945,1.8213238294857805,2.481688944000946,1.0170874308974525,0.624399697651287,734250252.9999999,8.65,8.81,8.63,8.68,11377691.0,99293347.0,8.6,0.9302325581395321,10.0,9.46,False,False,True,42.21081185816702
1707,000868.SZ,安凯客车,0.31521739130434767,34.7962382445141,2.389609539748925,2.1067300025342317,1.8703518719986454,4.921683211301275,939513985.0,4.11,4.23,3.98,3.99,97414989.0,397032813.0,4.06,-1.724137931034464,10.0,4.47,False,False,True,41.36020151133501
1708,600622.SH,光大嘉宝,0.33561643835616456,37.89473684210527,1.9152185715697272,2.4922861921676516,1.6858891016747841,0.77776694386205,1499685402.0,2.38,2.43,2.33,2.4,29070169.0,69214925.0,2.39,0.4184100418409997,10.0,2.63,False,False,True,40.9494284053478
1709,600163.SH,中闽能源,0.3123486682808717,39.655172413793125,2.1868755731981175,2.3685556282286115,1.219641046586715,3.662536978680427,1902996143.0,6.04,6.52,5.86,6.18,165083442.0,1035184245.0,5.93,4.215851602023601,10.0,6.52,True,False,True,40.37977136213912
1710,605011.SH,杭州热电,0.3232908458864426,38.5175380542687,2.2355317165478916,2.257152061984499,1.4763911466544513,1.379772529884013,400100000.0,17.8,18.69,17.79,18.22,12460540.0,227478076.0,17.9,1.787709497206702,10.0,19.69,False,False,True,40.0019376089905
1711,603668.SH,天马科技,0.2969387755102041,39.02439024390243,2.319447029486628,2.3481954406933525,1.3713530164067436,0.6912378361046814,505796732.0,12.75,13.1,12.61,12.97,8209898.0,105792307.0,12.75,1.7254901960784386,10.0,14.03,False,False,True,39.87211780662662
1712,600395.SH,盘江股份,0.33163265306122425,39.455782312925166,2.3681643834356096,2.1351473458687975,1.3428440048979042,0.7557095152266603,2146624894.0,5.01,5.05,4.97,5.03,34636891.0,173605457.0,5.06,-0.5928853754940566,10.0,5.57,False,False,True,39.451656655686875
